given_name,family_name,member_house,post,start_date,end_date,tenure_length_days,parliament_start_date,parliament_length_days,party,prime_minister,person_id,mnis_id,post_category,post_is_senior,post_match_rule
James,Wilson,Commons,Parliamentary Secretary (Ministry of Works),1945-08-01,1947-03-01,577.0,1945-07-05,1674.0,Labour,Clement Attlee,https://id.parliament.uk/Ia6ERfYN,1016,non_senior,False,regex:\bparliamentary secretary\b
Herbert,Parker,Commons,Parliamentary Under-Secretary (Dominions Office),1945-08-01,1946-05-01,273.0,1945-07-05,1674.0,Labour,Clement Attlee,https://id.parliament.uk/8TZcsFL9,1174,non_senior,False,regex:\bparliamentary under-?secretary\b
Arthur,Bottomley,Commons,Parliamentary Under-Secretary (Dominions Office),1946-01-01,1947-01-01,365.0,1945-07-05,1674.0,Labour,Clement Attlee,https://id.parliament.uk/jIMjYzBB,2967,non_senior,False,regex:\bparliamentary under-?secretary\b
Leonard,Callaghan,Commons,Parliamentary Secretary (Ministry of Transport),1947-01-01,1950-01-01,1096.0,1945-07-05,1674.0,,Clement Attlee,https://id.parliament.uk/YSsLNF3h,3326,non_senior,False,regex:\bparliamentary secretary\b
Arthur,Bottomley,Commons,Parliamentary Under-Secretary (Board of Trade) (Overseas Trade),1947-01-01,1951-01-01,1461.0,1945-07-05,1674.0,Labour,Clement Attlee,https://id.parliament.uk/jIMjYzBB,2967,non_senior,False,regex:\bparliamentary under-?secretary\b
Douglas,Jay,Commons,Economic Secretary (HM Treasury),1947-01-01,1950-01-01,1096.0,1945-07-05,1674.0,Labour,Clement Attlee,https://id.parliament.uk/pHPAF60z,881,ambiguous,False,regex:\beconomic secretary\b
James,Wilson,Commons,Parliamentary Under-Secretary (Board of Trade) (Overseas Trade),1947-03-01,1947-10-01,214.0,1945-07-05,1674.0,Labour,Clement Attlee,https://id.parliament.uk/Ia6ERfYN,1016,non_senior,False,regex:\bparliamentary under-?secretary\b
James,Wilson,Commons,President of the Board of Trade,1947-10-01,1951-04-01,1278.0,1945-07-05,1674.0,Labour,Clement Attlee,https://id.parliament.uk/Ia6ERfYN,1016,ambiguous,False,default
Leonard,Callaghan,Commons,Parliamentary and Financial Secretary to the Admiralty,1950-01-01,1951-01-01,365.0,1945-07-05,1674.0,,Clement Attlee,https://id.parliament.uk/YSsLNF3h,3326,ambiguous,False,regex:\bfinancial secretary\b
Douglas,Jay,Commons,Financial Secretary (HM Treasury),1950-02-01,1951-10-01,607.0,1945-07-05,1674.0,Labour,Clement Attlee,https://id.parliament.uk/pHPAF60z,881,ambiguous,False,regex:\bfinancial secretary\b
Frederick,Willey,Commons,Parliamentary Secretary (Ministry of Food),1950-04-18,1951-10-26,556.0,1950-02-23,589.0,Labour,Clement Attlee,https://id.parliament.uk/HNb6OkWZ,1360,non_senior,False,regex:\bparliamentary secretary\b
Thomas,Galbraith,Commons,Lord Commissioner (HM Treasury) (Whip),1951-01-01,1954-01-01,1096.0,1950-02-23,589.0,Conservative,Clement Attlee,https://id.parliament.uk/fGsYCkze,1117,non_senior,False,regex:\bwhip\b
Donald,Kaberry,Commons,Assistant Whip (HM Treasury),1951-01-01,1955-04-01,1551.0,1950-02-23,589.0,Conservative,Clement Attlee,https://id.parliament.uk/6DP8w0X4,885,non_senior,False,regex:\bassistant whip\b
Edward,Heath,Commons,Lord Commissioner (HM Treasury) (Whip),1951-11-01,1952-05-01,182.0,1951-10-25,1289.0,Conservative,Winston Churchill,https://id.parliament.uk/xCFBQOk1,195,non_senior,False,regex:\bwhip\b
Edward,Heath,Commons,Deputy Chief Whip,1952-05-01,1955-05-01,1095.0,1951-10-25,1289.0,Conservative,Winston Churchill,https://id.parliament.uk/xCFBQOk1,195,non_senior,False,regex:\bwhip\b
Thomas,Galbraith,Commons,Comptroller (HM Household),1954-01-01,1955-01-01,365.0,1951-10-25,1289.0,Conservative,Winston Churchill,https://id.parliament.uk/fGsYCkze,1117,ambiguous,False,default
Thomas,Galbraith,Commons,Deputy Chief Whip and Treasurer,1955-01-01,1957-01-01,731.0,1951-10-25,1289.0,Conservative,Winston Churchill,https://id.parliament.uk/fGsYCkze,1117,non_senior,False,regex:\bwhip\b
Derek,Walker-Smith,Commons,Parliamentary Secretary (Board of Trade),1955-01-01,1956-01-01,365.0,1951-10-25,1289.0,Conservative,Winston Churchill,https://id.parliament.uk/QUUeviYP,1326,non_senior,False,regex:\bparliamentary secretary\b
Donald,Kaberry,Commons,Parliamentary Secretary (Board of Trade),1955-04-02,1955-10-01,182.0,1951-10-25,1289.0,Conservative,Winston Churchill,https://id.parliament.uk/6DP8w0X4,885,non_senior,False,regex:\bparliamentary secretary\b
Edward,Heath,Commons,Parliamentary Secretary to the Treasury (Chief Whip),1955-05-01,1959-10-01,1614.0,1951-10-25,1289.0,Conservative,Anthony Eden,https://id.parliament.uk/xCFBQOk1,195,non_senior,False,regex:\bparliamentary secretary\b
John,Powell,Commons,Parliamentary Secretary (Ministry of Housing and Local Government),1955-12-01,1957-01-13,409.0,1955-05-26,1576.0,Conservative,Anthony Eden,https://id.parliament.uk/iwSZQI9M,1023,non_senior,False,regex:\bparliamentary secretary\b
Paul,Bryan,Commons,Assistant Whip (HM Treasury),1956-01-01,1958-01-01,731.0,1955-05-26,1576.0,Conservative,Anthony Eden,https://id.parliament.uk/hCp2l8M5,1042,non_senior,False,regex:\bassistant whip\b
Derek,Walker-Smith,Commons,Economic Secretary (HM Treasury),1956-01-01,1957-01-01,366.0,1955-05-26,1576.0,Conservative,Anthony Eden,https://id.parliament.uk/QUUeviYP,1326,ambiguous,False,regex:\beconomic secretary\b
Thomas,Galbraith,Commons,Civil Lord of the Admiralty,1957-01-01,1959-01-01,730.0,1955-05-26,1576.0,Conservative,Anthony Eden,https://id.parliament.uk/fGsYCkze,1117,ambiguous,False,default
Derek,Walker-Smith,Commons,Minister of State (Board of Trade),1957-01-01,1957-12-31,364.0,1955-05-26,1576.0,Conservative,Anthony Eden,https://id.parliament.uk/QUUeviYP,1326,ambiguous,False,regex:\bminister of state\b
Julian,Amery,Commons,Parliamentary Under-Secretary (War Office),1957-01-01,1958-12-01,699.0,1955-05-26,1576.0,Conservative,Anthony Eden,https://id.parliament.uk/2yI884fp,2919,non_senior,False,regex:\bparliamentary under-?secretary\b
John,Powell,Commons,Financial Secretary (HM Treasury),1957-01-13,1958-01-16,368.0,1955-05-26,1576.0,Conservative,Harold Macmillan,https://id.parliament.uk/iwSZQI9M,1023,ambiguous,False,regex:\bfinancial secretary\b
Derek,Walker-Smith,Commons,Minister of State (Department of Health and Social Security),1957-12-31,1960-01-01,731.0,1955-05-26,1576.0,Conservative,Harold Macmillan,https://id.parliament.uk/QUUeviYP,1326,ambiguous,False,regex:\bminister of state\b
Julian,Amery,Commons,Parliamentary Under-Secretary (Colonial Office),1958-01-01,1960-01-01,730.0,1955-05-26,1576.0,Conservative,Harold Macmillan,https://id.parliament.uk/2yI884fp,2919,non_senior,False,regex:\bparliamentary under-?secretary\b
Paul,Bryan,Commons,Lord Commissioner (HM Treasury) (Whip),1958-01-01,1961-01-01,1096.0,1955-05-26,1576.0,Conservative,Harold Macmillan,https://id.parliament.uk/hCp2l8M5,1042,non_senior,False,regex:\bwhip\b
Hugh,Fraser,Commons,Parliamentary Under-Secretary and Financial Secretary (War Office),1958-01-01,1960-01-01,730.0,1955-05-26,1576.0,Conservative,Harold Macmillan,https://id.parliament.uk/PfvG6nP8,1007,non_senior,False,regex:\bparliamentary under-?secretary\b
Michael,Beach,Lords,"Captain of the Honourable Corps of Gentlemen-at-Arms (HM Household) (Chief Whip, House of Lords)",1958-06-01,1964-09-30,2313.0,1955-05-26,1576.0,Conservative,Harold Macmillan,https://id.parliament.uk/4IWBcpoh,3097,non_senior,False,regex:\bwhip\b
Thomas,Galbraith,Commons,Parliamentary Under-Secretary (Scottish Office),1959-01-01,1962-01-01,1096.0,1955-05-26,1576.0,Conservative,Harold Macmillan,https://id.parliament.uk/fGsYCkze,1117,non_senior,False,regex:\bparliamentary under-?secretary\b
William,Whitelaw,Commons,Assistant Whip (HM Treasury),1959-01-01,1961-01-01,731.0,1955-05-26,1576.0,Conservative,Harold Macmillan,https://id.parliament.uk/6LEjNWW7,1722,non_senior,False,regex:\bassistant whip\b
Peter,Thomas,Commons,Parliamentary Secretary (Ministry of Labour),1959-01-01,1961-01-01,731.0,1955-05-26,1576.0,Conservative,Harold Macmillan,https://id.parliament.uk/2UsdtrJr,1046,non_senior,False,regex:\bparliamentary secretary\b
Keith,Joseph,Commons,Parliamentary Secretary (Ministry of Housing and Local Government),1959-07-13,1961-10-16,826.0,1955-05-26,1576.0,Conservative,Harold Macmillan,https://id.parliament.uk/NGcXa023,2976,non_senior,False,regex:\bparliamentary secretary\b
Aubrey,Rippon,Commons,Parliamentary Secretary (Ministry of Aviation),1959-10-10,1961-10-01,722.0,1959-10-08,1814.0,Conservative,Harold Macmillan,https://id.parliament.uk/gpETTaOP,1327,non_senior,False,regex:\bparliamentary secretary\b
Edward,Heath,Commons,Minister of State (Ministry of Labour),1959-10-14,1960-07-27,287.0,1959-10-08,1814.0,Conservative,Harold Macmillan,https://id.parliament.uk/xCFBQOk1,195,ambiguous,False,regex:\bminister of state\b
Hugh,Fraser,Commons,Parliamentary-Under Secretary (Colonial Office) (The Colonies),1960-01-01,1962-01-01,731.0,1959-10-08,1814.0,Conservative,Harold Macmillan,https://id.parliament.uk/PfvG6nP8,1007,ambiguous,False,default
John,Powell,Commons,Minister (Department of Health),1960-07-27,1963-10-19,1179.0,1959-10-08,1814.0,Conservative,Harold Macmillan,https://id.parliament.uk/iwSZQI9M,1023,ambiguous,False,default
Edward,Heath,Commons,Lord Privy Seal,1960-07-27,1963-10-19,1179.0,1959-10-08,1814.0,Conservative,Harold Macmillan,https://id.parliament.uk/xCFBQOk1,195,senior,True,contains:lord privy seal
Bernard,Braine,Commons,Parliamentary Secretary (Ministry of Pensions and Insurance),1960-10-01,1961-02-01,123.0,1959-10-08,1814.0,Conservative,Harold Macmillan,https://id.parliament.uk/OWKh0Eit,3497,non_senior,False,regex:\bparliamentary secretary\b
Julian,Amery,Commons,Secretary of State for the Air Ministry,1960-10-28,1962-07-15,625.0,1959-10-08,1814.0,Conservative,Harold Macmillan,https://id.parliament.uk/2yI884fp,2919,senior,True,contains:secretary of state
William,Whitelaw,Commons,Lord Commissioner (HM Treasury) (Whip),1961-01-01,1962-01-01,365.0,1959-10-08,1814.0,Conservative,Harold Macmillan,https://id.parliament.uk/6LEjNWW7,1722,non_senior,False,regex:\bwhip\b
Peter,Thomas,Commons,Parliamentary Under-Secretary (Foreign Office),1961-01-01,1963-01-01,730.0,1959-10-08,1814.0,Conservative,Harold Macmillan,https://id.parliament.uk/2UsdtrJr,1046,non_senior,False,regex:\bparliamentary under-?secretary\b
Charles,Fletcher-Cooke,Commons,Parliamentary Under-Secretary (Home Office),1961-01-01,1963-01-01,730.0,1959-10-08,1814.0,Conservative,Harold Macmillan,https://id.parliament.uk/dDRroADI,829,non_senior,False,regex:\bparliamentary under-?secretary\b
Margaret,Thatcher,Commons,Parliamentary Secretary (Ministry of Pensions and Insurance),1961-01-01,1964-01-01,1095.0,1959-10-08,1814.0,Conservative,Harold Macmillan,https://id.parliament.uk/xUmb6Tyk,953,non_senior,False,regex:\bparliamentary secretary\b
Michael,Hamilton,Commons,Assistant Whip (HM Treasury),1961-01-01,1962-01-01,365.0,1959-10-08,1814.0,Conservative,Harold Macmillan,https://id.parliament.uk/TUC5GOWO,1034,non_senior,False,regex:\bassistant whip\b
Bernard,Braine,Commons,Parliamentary Under-Secretary (Commonwealth Relations Office),1961-02-01,1962-07-01,515.0,1959-10-08,1814.0,Conservative,Harold Macmillan,https://id.parliament.uk/OWKh0Eit,3497,non_senior,False,regex:\bparliamentary under-?secretary\b
Aubrey,Rippon,Commons,Parliamentary Secretary (Ministry of Housing and Local Government),1961-10-01,1962-07-16,288.0,1959-10-08,1814.0,Conservative,Harold Macmillan,https://id.parliament.uk/gpETTaOP,1327,non_senior,False,regex:\bparliamentary secretary\b
Keith,Joseph,Commons,Minister of State (Board of Trade),1961-10-17,1962-07-13,269.0,1959-10-08,1814.0,Conservative,Harold Macmillan,https://id.parliament.uk/NGcXa023,2976,ambiguous,False,regex:\bminister of state\b
Julian,Ridsdale,Commons,Parliamentary Under-Secretary (Air Ministry),1962-01-01,1964-01-01,730.0,1959-10-08,1814.0,Conservative,Harold Macmillan,https://id.parliament.uk/kDQqtfkB,1287,non_senior,False,regex:\bparliamentary under-?secretary\b
Francis,Pym,Commons,Assistant Whip (HM Treasury),1962-01-01,1964-10-14,1017.0,1959-10-08,1814.0,Conservative,Harold Macmillan,https://id.parliament.uk/gzClaQUx,3257,non_senior,False,regex:\bassistant whip\b
Michael,Hamilton,Commons,Lord Commissioner (HM Treasury) (Whip),1962-01-01,1964-01-01,730.0,1959-10-08,1814.0,Conservative,Harold Macmillan,https://id.parliament.uk/TUC5GOWO,1034,non_senior,False,regex:\bwhip\b
David,Price,Commons,Parliamentary Secretary (Board of Trade),1962-01-01,1964-01-01,730.0,1959-10-08,1814.0,Conservative,Harold Macmillan,https://id.parliament.uk/jbQOSByE,1283,non_senior,False,regex:\bparliamentary secretary\b
William,Whitelaw,Commons,Parliamentary Secretary (Ministry of Labour),1962-01-01,1964-01-01,730.0,1959-10-08,1814.0,Conservative,Harold Macmillan,https://id.parliament.uk/6LEjNWW7,1722,non_senior,False,regex:\bparliamentary secretary\b
Julian,Amery,Commons,Minister of State (Ministry of Aviation),1962-06-16,1964-10-16,853.0,1959-10-08,1814.0,Conservative,Harold Macmillan,https://id.parliament.uk/2yI884fp,2919,ambiguous,False,regex:\bminister of state\b
Bernard,Braine,Commons,Parliamentary Secretary (Department of Health),1962-07-01,1964-01-01,549.0,1959-10-08,1814.0,Conservative,Harold Macmillan,https://id.parliament.uk/OWKh0Eit,3497,non_senior,False,regex:\bparliamentary secretary\b
John,Peyton,Commons,Parliamentary Secretary (Ministry of Power),1962-07-01,1964-10-15,837.0,1959-10-08,1814.0,Conservative,Harold Macmillan,https://id.parliament.uk/aeLpjDqw,3162,non_senior,False,regex:\bparliamentary secretary\b
Edward,du Cann,Commons,Economic Secretary (HM Treasury),1962-07-01,1963-10-01,457.0,1959-10-08,1814.0,Conservative,Harold Macmillan,https://id.parliament.uk/zI6WNLVG,804,ambiguous,False,regex:\beconomic secretary\b
Nigel,Fisher,Commons,Parliamentary Under-Secretary (Commonwealth Relations Office),1962-07-01,1964-10-01,823.0,1959-10-08,1814.0,Conservative,Harold Macmillan,https://id.parliament.uk/nKOhten9,1040,non_senior,False,regex:\bparliamentary under-?secretary\b
Keith,Joseph,Commons,Minister (Ministry of Housing and Local Government) and for Welsh Affairs,1962-07-13,1964-10-16,826.0,1959-10-08,1814.0,Conservative,Harold Macmillan,https://id.parliament.uk/NGcXa023,2976,ambiguous,False,default
Aubrey,Rippon,Commons,Secretary of State for Public Building and Works,1962-07-16,1964-10-16,823.0,1959-10-08,1814.0,Conservative,Harold Macmillan,https://id.parliament.uk/gpETTaOP,1327,senior,True,contains:secretary of state
Hugh,Fraser,Commons,Secretary of State for the Air Ministry,1962-07-16,1964-04-01,625.0,1959-10-08,1814.0,Conservative,Harold Macmillan,https://id.parliament.uk/PfvG6nP8,1007,senior,True,contains:secretary of state
Harry,Marten,Commons,Parliamentary Secretary (Ministry of Aviation),1962-12-01,1964-10-15,684.0,1959-10-08,1814.0,Conservative,Harold Macmillan,https://id.parliament.uk/oEuNOvf1,1178,non_senior,False,regex:\bparliamentary secretary\b
Maurice,Macmillan,Commons,Economic Secretary (HM Treasury),1963-01-01,1964-01-01,365.0,1959-10-08,1814.0,Conservative,Harold Macmillan,https://id.parliament.uk/XyaxBFkV,910,ambiguous,False,regex:\beconomic secretary\b
Robert,Elliott,Commons,Assistant Whip (HM Treasury),1963-01-01,1964-12-31,730.0,1959-10-08,1814.0,Conservative,Harold Macmillan,https://id.parliament.uk/A2V6sA7X,816,non_senior,False,regex:\bassistant whip\b
Peter,Thomas,Commons,Minister of State (Foreign Office),1963-01-01,1964-01-01,365.0,1959-10-08,1814.0,Conservative,Harold Macmillan,https://id.parliament.uk/2UsdtrJr,1046,ambiguous,False,regex:\bminister of state\b
Thomas,Galbraith,Commons,Parliamentary Secretary (Ministry of Transport),1963-01-01,1964-01-01,365.0,1959-10-08,1814.0,Conservative,Harold Macmillan,https://id.parliament.uk/fGsYCkze,1117,non_senior,False,regex:\bparliamentary secretary\b
Raymond,Mawby,Commons,Assistant Postmaster General (Post Office),1963-03-01,1964-01-01,306.0,1959-10-08,1814.0,Conservative,Harold Macmillan,https://id.parliament.uk/Icigw1VU,1365,non_senior,False,regex:\bassistant\b(?!\s*secretary of state)
Edward,du Cann,Commons,Minister of State (Board of Trade),1963-10-01,1964-01-01,92.0,1959-10-08,1814.0,Conservative,Harold Macmillan,https://id.parliament.uk/zI6WNLVG,804,ambiguous,False,regex:\bminister of state\b
Edward,Heath,Commons,President of the Board of Trade,1963-10-20,1964-10-16,362.0,1959-10-08,1814.0,Conservative,Alec Douglas-Home,https://id.parliament.uk/xCFBQOk1,195,ambiguous,False,default
Ifor,Davies,Commons,Lord Commissioner (HM Treasury) (Whip),1964-01-01,1966-01-01,731.0,1959-10-08,1814.0,Labour,Alec Douglas-Home,https://id.parliament.uk/0GHlYR2O,1011,non_senior,False,regex:\bwhip\b
Roy,Mason,Commons,Minister of State (Board of Trade) (Shipping),1964-01-01,1967-01-01,1096.0,1959-10-08,1814.0,Labour,Alec Douglas-Home,https://id.parliament.uk/pWHpqFcZ,1062,ambiguous,False,regex:\bminister of state\b
Harry,Gourlay,Commons,Assistant Whip (HM Treasury),1964-01-01,1966-01-01,731.0,1959-10-08,1814.0,Labour,Alec Douglas-Home,https://id.parliament.uk/UKL6siLB,849,non_senior,False,regex:\bassistant whip\b
Hugh,Fraser,Commons,Minister of State (Ministry of Defence) (Air Services),1964-04-01,1964-10-18,200.0,1959-10-08,1814.0,Conservative,Alec Douglas-Home,https://id.parliament.uk/PfvG6nP8,1007,ambiguous,False,regex:\bminister of state\b
Malcolm,Shepherd,Lords,"Captain of the Honourable Corps of Gentlemen-at-Arms (HM Household) (Chief Whip, House of Lords)",1964-10-01,1967-06-30,1002.0,,,Labour,Alec Douglas-Home,https://id.parliament.uk/4PKNanHf,2117,non_senior,False,regex:\bwhip\b
Francis,Pakenham,Lords,Lord Privy Seal and Leader of the House of Lords,1964-10-01,1968-01-31,1217.0,,,Labour,Alec Douglas-Home,https://id.parliament.uk/erEzgsmT,1878,senior,True,contains:lord privy seal
Leonard,Callaghan,Commons,Chancellor of the Exchequer,1964-10-16,1967-11-29,1139.0,1964-10-15,511.0,,Alec Douglas-Home,https://id.parliament.uk/YSsLNF3h,3326,senior,True,contains:chancellor of the exchequer
Denis,Healey,Commons,Secretary of State for Defence,1964-10-16,1970-06-19,2072.0,1964-10-15,511.0,Labour,Alec Douglas-Home,https://id.parliament.uk/dXhbdj80,979,senior,True,contains:secretary of state
James,Wilson,Commons,"Prime Minister, First Lord of the Treasury and Minister for the Civil Service",1964-10-16,1970-06-18,2071.0,1964-10-15,511.0,Labour,Alec Douglas-Home,https://id.parliament.uk/Ia6ERfYN,1016,senior,True,contains:prime minister
Frederick,Willey,Commons,Secretary of State for Land and Natural Resources,1964-10-17,1967-02-17,853.0,1964-10-15,511.0,Labour,Harold Wilson,https://id.parliament.uk/HNb6OkWZ,1360,senior,True,contains:secretary of state
Arthur,Bottomley,Commons,Secretary of State for Commonwealth Relations,1964-10-18,1966-08-11,662.0,1964-10-15,511.0,Labour,Harold Wilson,https://id.parliament.uk/jIMjYzBB,2967,senior,True,contains:secretary of state
Douglas,Jay,Commons,President of the Board of Trade,1964-10-18,1967-08-28,1044.0,1964-10-15,511.0,Labour,Harold Wilson,https://id.parliament.uk/pHPAF60z,881,ambiguous,False,default
Roy,Jenkins,Commons,Minister of State (Ministry of Aviation),1964-10-18,1965-12-22,430.0,1964-10-15,511.0,Labour,Harold Wilson,https://id.parliament.uk/k6GCchmd,732,ambiguous,False,regex:\bminister of state\b
Anthony,Benn,Commons,Postmaster General (Post Office),1964-10-19,1966-07-04,623.0,1964-10-15,511.0,Labour,Harold Wilson,https://id.parliament.uk/cKwj1NnB,326,ambiguous,False,default
Frederick,Mulley,Commons,Minister of State (Ministry of Defence) (Army),1964-10-19,1965-12-23,430.0,1964-10-15,511.0,Labour,Harold Wilson,https://id.parliament.uk/XbTeIjjO,2977,ambiguous,False,regex:\bminister of state\b
Thomas,Thomas,Commons,Parliamentary Under-Secretary (Home Office),1964-10-20,1966-04-05,532.0,1964-10-15,511.0,Labour,Harold Wilson,https://id.parliament.uk/uqNcZnUB,2830,non_senior,False,regex:\bparliamentary under-?secretary\b
Bruce,Millan,Commons,Parliamentary Under-Secretary (Ministry of Defence) (Air Force),1964-10-20,1966-04-16,543.0,1964-10-15,511.0,Labour,Harold Wilson,https://id.parliament.uk/KoBAklrn,704,non_senior,False,regex:\bparliamentary under-?secretary\b
Denis,Howell,Commons,Parliamentary Under-Secretary (Department of Education and Science) (Sport),1964-10-20,1969-10-12,1818.0,1964-10-15,511.0,Labour,Harold Wilson,https://id.parliament.uk/MqBNoFVn,997,non_senior,False,regex:\bparliamentary under-?secretary\b
Judith,Hart,Commons,Parliamentary Under-Secretary (Scottish Office),1964-10-20,1966-04-06,533.0,1964-10-15,511.0,Labour,Harold Wilson,https://id.parliament.uk/aHWyhv9n,857,non_senior,False,regex:\bparliamentary under-?secretary\b
Reginald,Prentice,Commons,Minister of State (Department of Education and Science),1964-10-20,1966-04-06,533.0,1964-10-15,511.0,Labour,Harold Wilson,https://id.parliament.uk/bfKKouvx,3261,ambiguous,False,regex:\bminister of state\b
William,Whitlock,Commons,Vice-Chamberlain (HM Household),1964-10-21,1966-04-11,537.0,1964-10-15,511.0,Labour,Harold Wilson,https://id.parliament.uk/3B5GMTI6,961,ambiguous,False,default
William,Rodgers,Commons,Parliamentary Under-Secretary (Department of Economic Affairs),1964-10-21,1967-01-07,808.0,1964-10-15,511.0,Labour,Harold Wilson,https://id.parliament.uk/9dvXtuKV,940,non_senior,False,regex:\bparliamentary under-?secretary\b
Jesse,Mabon,Commons,Parliamentary Under-Secretary (Scottish Office),1964-10-21,1967-01-07,808.0,1964-10-15,511.0,Labour,Harold Wilson,https://id.parliament.uk/jlBLO7xs,909,non_senior,False,regex:\bparliamentary under-?secretary\b
Ernest,Fitch,Commons,Assistant Whip (HM Treasury),1964-10-22,1966-04-16,541.0,1964-10-15,511.0,Labour,Harold Wilson,https://id.parliament.uk/fNgAMzdX,827,non_senior,False,regex:\bassistant whip\b
John,Silkin,Commons,Assistant Whip (HM Treasury),1964-10-22,1966-01-11,446.0,1964-10-15,511.0,Labour,Harold Wilson,https://id.parliament.uk/ze3iKK7K,1335,non_senior,False,regex:\bassistant whip\b
John,Morris,Commons,Parliamentary Secretary (Ministry of Power),1964-10-25,1966-03-31,522.0,1964-10-15,511.0,Labour,Harold Wilson,https://id.parliament.uk/wC1Rw40g,565,non_senior,False,regex:\bparliamentary secretary\b
Robert,Mellish,Commons,Parliamentary Secretary (Ministry of Housing and Local Government),1964-11-01,1967-08-29,1031.0,1964-10-15,511.0,Labour,Harold Wilson,https://id.parliament.uk/jMMlrvhT,2828,non_senior,False,regex:\bparliamentary secretary\b
Roy,Jenkins,Commons,Home Secretary,1965-12-23,1967-11-29,706.0,1964-10-15,511.0,Labour,Harold Wilson,https://id.parliament.uk/k6GCchmd,732,ambiguous,False,default
Frederick,Mulley,Commons,Minister of State (Ministry of Aviation),1965-12-23,1967-01-06,379.0,1964-10-15,511.0,Labour,Harold Wilson,https://id.parliament.uk/XbTeIjjO,2977,ambiguous,False,regex:\bminister of state\b
Merlyn,Rees,Commons,Parliamentary Under-Secretary (Ministry of Defence) (Army),1965-12-24,1966-04-06,103.0,1964-10-15,511.0,Labour,Harold Wilson,https://id.parliament.uk/i35wOJro,936,non_senior,False,regex:\bparliamentary under-?secretary\b
Judith,Hart,Commons,Minister of State (Commonwealth Office),1966-01-01,1967-01-01,365.0,1964-10-15,511.0,Labour,Harold Wilson,https://id.parliament.uk/aHWyhv9n,857,ambiguous,False,regex:\bminister of state\b
Jeremy,Bray,Commons,Parliamentary Secretary (Ministry of Power),1966-01-01,1967-01-01,365.0,1964-10-15,511.0,Labour,Harold Wilson,https://id.parliament.uk/1Y9PgXoo,761,non_senior,False,regex:\bparliamentary secretary\b
Harry,Gourlay,Commons,Lord Commissioner (HM Treasury) (Whip),1966-01-01,1968-01-01,730.0,1964-10-15,511.0,Labour,Harold Wilson,https://id.parliament.uk/UKL6siLB,849,non_senior,False,regex:\bwhip\b
Ronald,Brown,Commons,Assistant Whip (HM Treasury),1966-01-01,1967-01-01,365.0,1964-10-15,511.0,Labour,Harold Wilson,https://id.parliament.uk/87nmI4Bj,1061,non_senior,False,regex:\bassistant whip\b
Walter,Harrison,Commons,Assistant Whip (HM Treasury),1966-01-01,1968-01-01,730.0,1964-10-15,511.0,Labour,Harold Wilson,https://id.parliament.uk/4OANvvH2,1072,non_senior,False,regex:\bassistant whip\b
John,Silkin,Commons,Lord Commissioner (Whip),1966-01-11,1966-04-11,90.0,1964-10-15,511.0,Labour,Harold Wilson,https://id.parliament.uk/ze3iKK7K,1335,non_senior,False,regex:\bwhip\b
Charles,Morris,Commons,Assistant Whip (HM Treasury),1966-01-25,1967-07-29,550.0,1964-10-15,511.0,Labour,Harold Wilson,https://id.parliament.uk/5H8Y14pX,1341,non_senior,False,regex:\bassistant whip\b
John,Morris,Commons,Parliamentary Secretary (Ministry of Transport),1966-04-01,1968-04-06,736.0,1966-03-31,1520.0,Labour,Harold Wilson,https://id.parliament.uk/wC1Rw40g,565,non_senior,False,regex:\bparliamentary secretary\b
John,Silkin,Commons,Parliamentary Secretary to the Treasury (Chief Whip),1966-04-01,1969-04-30,1125.0,1966-03-31,1520.0,Labour,Harold Wilson,https://id.parliament.uk/ze3iKK7K,1335,non_senior,False,regex:\bparliamentary secretary\b
Bruce,Millan,Commons,Parliamentary Under-Secretary (Scottish Office),1966-04-06,1970-06-19,1535.0,1966-03-31,1520.0,Labour,Harold Wilson,https://id.parliament.uk/KoBAklrn,704,non_senior,False,regex:\bparliamentary under-?secretary\b
Ifor,Davies,Commons,Parliamentary Under-Secretary (Welsh Office),1966-04-06,1969-10-13,1286.0,1966-03-31,1520.0,Labour,Harold Wilson,https://id.parliament.uk/0GHlYR2O,1011,non_senior,False,regex:\bparliamentary under-?secretary\b
Thomas,Thomas,Commons,Minister of State (Welsh Office),1966-04-06,1967-01-06,275.0,1966-03-31,1520.0,Labour,Harold Wilson,https://id.parliament.uk/uqNcZnUB,2830,ambiguous,False,regex:\bminister of state\b
Reginald,Prentice,Commons,Minister of State (Ministry of Public Building and Works),1966-04-06,1967-08-28,509.0,1966-03-31,1520.0,Labour,Harold Wilson,https://id.parliament.uk/bfKKouvx,3261,ambiguous,False,regex:\bminister of state\b
Shirley,Williams,Commons,Parliamentary Secretary (Ministry of Labour),1966-04-06,1967-01-07,276.0,1966-03-31,1520.0,Labour,Harold Wilson,https://id.parliament.uk/URDlhhkg,740,non_senior,False,regex:\bparliamentary secretary\b
Peter,Shore,Commons,Parliamentary Under-Secretary (Ministry of Technology),1966-04-06,1967-01-07,276.0,1966-03-31,1520.0,Labour,Harold Wilson,https://id.parliament.uk/zqMyUBMz,944,non_senior,False,regex:\bparliamentary under-?secretary\b
David,Ennals,Commons,Parliamentary Under-Secretary (Ministry of Defence) (Army),1966-04-06,1967-01-07,276.0,1966-03-31,1520.0,Labour,Harold Wilson,https://id.parliament.uk/GgEnqOnV,2959,non_senior,False,regex:\bparliamentary under-?secretary\b
William,Whitlock,Commons,Lord Commissioner (HM Treasury) (Whip),1966-04-11,1966-07-07,87.0,1966-03-31,1520.0,Labour,Harold Wilson,https://id.parliament.uk/3B5GMTI6,961,non_senior,False,regex:\bwhip\b
John,Silkin,Commons,Treasurer of Her Majesty's Household (HM Household),1966-04-11,1966-07-04,84.0,1966-03-31,1520.0,Labour,Harold Wilson,https://id.parliament.uk/ze3iKK7K,1335,ambiguous,False,default
Ernest,Fitch,Commons,Lord Commissioner (HM Treasury) (Whip),1966-04-16,1969-10-13,1276.0,1966-03-31,1520.0,Labour,Harold Wilson,https://id.parliament.uk/fNgAMzdX,827,non_senior,False,regex:\bwhip\b
Merlyn,Rees,Commons,Parliamentary Under-Secretary (Ministry of Defence) (Air Force),1966-04-16,1968-11-01,930.0,1966-03-31,1520.0,Labour,Harold Wilson,https://id.parliament.uk/i35wOJro,936,non_senior,False,regex:\bparliamentary under-?secretary\b
Anthony,Benn,Commons,Minister of State (Ministry of Technology),1966-07-04,1970-06-19,1446.0,1966-03-31,1520.0,Labour,Harold Wilson,https://id.parliament.uk/cKwj1NnB,326,ambiguous,False,regex:\bminister of state\b
William,Whitlock,Commons,Comptroller (HM Household),1966-07-07,1967-04-01,268.0,1966-03-31,1520.0,Labour,Harold Wilson,https://id.parliament.uk/3B5GMTI6,961,ambiguous,False,default
Ioan,Evans,Commons,Assistant Whip (HM Treasury),1966-07-07,1968-02-06,579.0,1966-03-31,1520.0,,Harold Wilson,https://id.parliament.uk/AKOEptfy,1012,non_senior,False,regex:\bassistant whip\b
Arthur,Bottomley,Commons,Minister of State (Ministry of Overseas Development),1966-08-11,1967-08-28,382.0,1966-03-31,1520.0,Labour,Harold Wilson,https://id.parliament.uk/jIMjYzBB,2967,ambiguous,False,regex:\bminister of state\b
Frederick,Mulley,Commons,Minister (Foreign and Commonwealth Office) (Disarmament),1967-01-01,1969-01-01,731.0,1966-03-31,1520.0,Labour,Harold Wilson,https://id.parliament.uk/XbTeIjjO,2977,ambiguous,False,default
Edward,Shackleton,Lords,Deputy Leader of the House of Lords,1967-01-01,1968-01-31,395.0,1966-03-31,1520.0,Labour,Harold Wilson,https://id.parliament.uk/t5S40ai0,3010,senior,True,contains:leader of the house of lords
Gwyneth,Dunwoody,Commons,Parliamentary Secretary (Board of Trade),1967-01-01,1970-01-01,1096.0,1966-03-31,1520.0,Labour,Harold Wilson,https://id.parliament.uk/AgBKua7B,426,non_senior,False,regex:\bparliamentary secretary\b
Jeremy,Bray,Commons,Joint Parliamentary Secretary (Ministry of Technology),1967-01-01,1969-01-01,731.0,1966-03-31,1520.0,Labour,Harold Wilson,https://id.parliament.uk/1Y9PgXoo,761,non_senior,False,regex:\bparliamentary secretary\b
David,Ennals,Commons,Parliamentary Under-Secretary (Home Office),1967-01-06,1968-11-01,665.0,1966-03-31,1520.0,Labour,Harold Wilson,https://id.parliament.uk/GgEnqOnV,2959,non_senior,False,regex:\bparliamentary under-?secretary\b
Shirley,Williams,Commons,Minister of State (Department of Education and Science),1967-01-07,1969-10-13,1010.0,1966-03-31,1520.0,Labour,Harold Wilson,https://id.parliament.uk/URDlhhkg,740,ambiguous,False,regex:\bminister of state\b
Peter,Shore,Commons,Parliamentary Under-Secretary (Department of Economic Affairs),1967-01-07,1967-08-29,234.0,1966-03-31,1520.0,Labour,Harold Wilson,https://id.parliament.uk/zqMyUBMz,944,non_senior,False,regex:\bparliamentary under-?secretary\b
Jesse,Mabon,Commons,Minister of State (Scottish Office),1967-01-07,1970-07-19,1289.0,1966-03-31,1520.0,Labour,Harold Wilson,https://id.parliament.uk/jlBLO7xs,909,ambiguous,False,regex:\bminister of state\b
Roy,Mason,Commons,Minister of State (Ministry of Defence) (Defence Equipment),1967-01-07,1968-04-05,454.0,1966-03-31,1520.0,Labour,Harold Wilson,https://id.parliament.uk/pWHpqFcZ,1062,ambiguous,False,regex:\bminister of state\b
Norman,Lever,Commons,Parliamentary Under-Secretary (Department of Economic Affairs),1967-01-07,1967-08-29,234.0,1966-03-31,1520.0,Labour,Harold Wilson,https://id.parliament.uk/tYoKt6oA,2954,non_senior,False,regex:\bparliamentary under-?secretary\b
William,Rodgers,Commons,Parliamentary Under-Secretary (Foreign Office),1967-01-07,1968-07-03,543.0,1966-03-31,1520.0,Labour,Harold Wilson,https://id.parliament.uk/9dvXtuKV,940,non_senior,False,regex:\bparliamentary under-?secretary\b
Norman,Buchan,Commons,Parliamentary Under-Secretary (Scottish Office),1967-01-07,1970-06-19,1259.0,1966-03-31,1520.0,Labour,Harold Wilson,https://id.parliament.uk/AlsvoQ3x,721,non_senior,False,regex:\bparliamentary under-?secretary\b
Ernest,Armstrong,Commons,Assistant Whip (HM Treasury),1967-01-20,1969-10-13,997.0,1966-03-31,1520.0,Labour,Harold Wilson,https://id.parliament.uk/52DBgtyM,968,non_senior,False,regex:\bassistant whip\b
Frederick,Willey,Commons,Minister of State (Ministry of Housing and Local Government),1967-02-17,1967-08-29,193.0,1966-03-31,1520.0,Labour,Harold Wilson,https://id.parliament.uk/HNb6OkWZ,1360,ambiguous,False,regex:\bminister of state\b
Roy,Hattersley,Commons,Parliamentary Secretary (Ministry of Labour),1967-03-01,1968-03-01,366.0,1966-03-31,1520.0,Labour,Harold Wilson,https://id.parliament.uk/CBMA1d1v,858,non_senior,False,regex:\bparliamentary secretary\b
William,Whitlock,Commons,Deputy Chief Whip and Lords Commissioner,1967-04-01,1967-07-28,118.0,1966-03-31,1520.0,Labour,Harold Wilson,https://id.parliament.uk/3B5GMTI6,961,non_senior,False,regex:\bwhip\b
Harold,Walker,Commons,Assistant Whip (HM Treasury),1967-04-01,1968-04-05,370.0,1966-03-31,1520.0,Labour,Harold Wilson,https://id.parliament.uk/nkq3A6Ey,1006,non_senior,False,regex:\bassistant whip\b
Frank,Beswick,Lords,"Captain of the Honourable Corps of Gentlemen-at-Arms (HM Household) (Chief Whip, House of Lords)",1967-07-01,1970-06-01,1066.0,1966-03-31,1520.0,Labour,Harold Wilson,https://id.parliament.uk/IObqmZND,2405,non_senior,False,regex:\bwhip\b
Reginald,Freeson,Commons,Parliamentary Under-Secretary (Ministry of Power),1967-07-01,1969-07-01,731.0,1966-03-31,1520.0,Labour,Harold Wilson,https://id.parliament.uk/JkpUSJ8i,837,non_senior,False,regex:\bparliamentary under-?secretary\b
William,Whitlock,Commons,Parliamentary Under-Secretary (Commonwealth Office),1967-07-26,1968-10-17,449.0,1966-03-31,1520.0,Labour,Harold Wilson,https://id.parliament.uk/3B5GMTI6,961,non_senior,False,regex:\bparliamentary under-?secretary\b
Judith,Hart,Commons,Minister of State (Ministry of Social Security),1967-07-26,1968-10-16,448.0,1966-03-31,1520.0,Labour,Harold Wilson,https://id.parliament.uk/aHWyhv9n,857,ambiguous,False,regex:\bminister of state\b
Eric,Varley,Commons,Assistant Whip (HM Treasury),1967-07-29,1968-11-30,490.0,1966-03-31,1520.0,Labour,Harold Wilson,https://id.parliament.uk/imDOYRae,1830,non_senior,False,regex:\bassistant whip\b
Charles,Morris,Commons,Vice-Chamberlain (HM Household),1967-07-29,1969-10-13,807.0,1966-03-31,1520.0,Labour,Harold Wilson,https://id.parliament.uk/5H8Y14pX,1341,ambiguous,False,default
Norman,Lever,Commons,Financial Secretary (HM Treasury),1967-08-29,1969-10-13,776.0,1966-03-31,1520.0,Labour,Harold Wilson,https://id.parliament.uk/tYoKt6oA,2954,ambiguous,False,regex:\bfinancial secretary\b
Alan,Williams,Commons,Parliamentary Under-Secretary (Department of Economic Affairs),1967-08-29,1969-10-06,769.0,1966-03-31,1520.0,Labour,Harold Wilson,https://id.parliament.uk/7gUJqpZZ,569,non_senior,False,regex:\bparliamentary under-?secretary\b
Robert,Mellish,Commons,Minister of State (Ministry of Public Building and Works),1967-08-29,1969-04-29,609.0,1966-03-31,1520.0,Labour,Harold Wilson,https://id.parliament.uk/jMMlrvhT,2828,ambiguous,False,regex:\bminister of state\b
Reginald,Prentice,Commons,Minister (Foreign and Commonwealth Office) (Overseas Development),1967-08-29,1969-10-05,768.0,1966-03-31,1520.0,Labour,Harold Wilson,https://id.parliament.uk/bfKKouvx,3261,ambiguous,False,default
Thomas,Thomas,Commons,Minister of State (Commonwealth Relations Office),1967-08-29,1968-04-06,221.0,1966-03-31,1520.0,Labour,Harold Wilson,https://id.parliament.uk/uqNcZnUB,2830,ambiguous,False,regex:\bminister of state\b
Neil,Carmichael,Commons,Parliamentary Secretary (Ministry of Transport),1967-08-29,1969-10-13,776.0,1966-03-31,1520.0,Labour,Harold Wilson,https://id.parliament.uk/8tyWH6Lk,1037,non_senior,False,regex:\bparliamentary secretary\b
Peter,Shore,Commons,Secretary of State for Economic Affairs,1967-08-29,1969-10-08,771.0,1966-03-31,1520.0,Labour,Harold Wilson,https://id.parliament.uk/zqMyUBMz,944,senior,True,contains:secretary of state
Leonard,Callaghan,Commons,Home Secretary,1967-11-30,1970-06-19,932.0,1966-03-31,1520.0,,Harold Wilson,https://id.parliament.uk/YSsLNF3h,3326,ambiguous,False,default
Roy,Jenkins,Commons,Chancellor of the Exchequer,1967-11-30,1970-06-19,932.0,1966-03-31,1520.0,Labour,Harold Wilson,https://id.parliament.uk/k6GCchmd,732,senior,True,contains:chancellor of the exchequer
Walter,Harrison,Commons,Lord Commissioner (HM Treasury) (Whip),1968-01-01,1970-01-01,731.0,1966-03-31,1520.0,Labour,Harold Wilson,https://id.parliament.uk/4OANvvH2,1072,non_senior,False,regex:\bwhip\b
Maurice,Miller,Commons,Assistant Whip (HM Treasury),1968-01-01,1969-01-01,366.0,1966-03-31,1520.0,Labour,Harold Wilson,https://id.parliament.uk/WmDM7nDp,1031,non_senior,False,regex:\bassistant whip\b
John,Concannon,Commons,Assistant Whip (HM Treasury),1968-01-01,1970-01-01,731.0,1966-03-31,1520.0,Labour,Harold Wilson,https://id.parliament.uk/kvOpJJ29,784,non_senior,False,regex:\bassistant whip\b
Edward,Shackleton,Lords,Lord Privy Seal and Leader of the House of Lords,1968-02-01,1970-06-19,869.0,1966-03-31,1520.0,Labour,Harold Wilson,https://id.parliament.uk/t5S40ai0,3010,senior,True,contains:lord privy seal
Malcolm,Shepherd,Lords,Deputy Leader of the House of Lords,1968-02-01,1970-06-18,868.0,1966-03-31,1520.0,Labour,Harold Wilson,https://id.parliament.uk/4PKNanHf,2117,senior,True,contains:leader of the house of lords
Ioan,Evans,Commons,Comptroller (HM Household),1968-02-06,1970-06-18,863.0,1966-03-31,1520.0,,Harold Wilson,https://id.parliament.uk/AKOEptfy,1012,ambiguous,False,default
Roy,Mason,Commons,Postmaster General (Post Office),1968-04-01,1968-06-01,61.0,1966-03-31,1520.0,Labour,Harold Wilson,https://id.parliament.uk/pWHpqFcZ,1062,ambiguous,False,default
Harold,Walker,Commons,Parliamentary Under-Secretary (Department of Employment and Productivity),1968-04-06,1970-06-19,804.0,1966-03-31,1520.0,Labour,Harold Wilson,https://id.parliament.uk/nkq3A6Ey,1006,non_senior,False,regex:\bparliamentary under-?secretary\b
Thomas,Urwin,Commons,Minister of State (Department of Economic Affairs),1968-04-06,1969-10-06,548.0,1966-03-31,1520.0,Labour,Harold Wilson,https://id.parliament.uk/I6dxrBda,1329,ambiguous,False,regex:\bminister of state\b
Roy,Hattersley,Commons,Parliamentary Under-Secretary (Department of Employment and Productivity),1968-04-06,1969-07-15,465.0,1966-03-31,1520.0,Labour,Harold Wilson,https://id.parliament.uk/CBMA1d1v,858,non_senior,False,regex:\bparliamentary under-?secretary\b
Thomas,Thomas,Commons,Secretary of State for Wales,1968-04-06,1970-06-18,803.0,1966-03-31,1520.0,Labour,Harold Wilson,https://id.parliament.uk/uqNcZnUB,2830,senior,True,contains:secretary of state
John,Morris,Commons,Minister of State (Ministry of Defence) (Defence Equipment),1968-04-06,1970-01-18,652.0,1966-03-31,1520.0,Labour,Harold Wilson,https://id.parliament.uk/wC1Rw40g,565,ambiguous,False,regex:\bminister of state\b
Robert,Brown,Commons,Parliamentary Secretary (Ministry of Transport),1968-04-06,1970-06-19,804.0,1966-03-31,1520.0,Labour,Harold Wilson,https://id.parliament.uk/r1dYOtaF,1055,non_senior,False,regex:\bparliamentary secretary\b
Roy,Mason,Commons,Minister (Ministry of Power),1968-06-02,1969-10-06,491.0,1966-03-31,1520.0,Labour,Harold Wilson,https://id.parliament.uk/pWHpqFcZ,1062,ambiguous,False,default
William,Rodgers,Commons,Minister of State (Board of Trade),1968-07-01,1969-10-13,469.0,1966-03-31,1520.0,Labour,Harold Wilson,https://id.parliament.uk/9dvXtuKV,940,ambiguous,False,regex:\bminister of state\b
John,Silkin,Commons,Deputy Leader of the House of Commons,1968-07-01,1969-04-30,303.0,1966-03-31,1520.0,Labour,Harold Wilson,https://id.parliament.uk/ze3iKK7K,1335,senior,True,contains:leader of the house of commons
David,Owen,Commons,Parliamentary Under-Secretary (Ministry of Defence) (Royal Navy),1968-07-03,1970-06-18,715.0,1966-03-31,1520.0,Labour,Harold Wilson,https://id.parliament.uk/zcZtiXy9,992,non_senior,False,regex:\bparliamentary under-?secretary\b
William,Whitlock,Commons,Parliamentary Under-Secretary (Foreign and Commonwealth Office),1968-10-17,1969-10-13,361.0,1966-03-31,1520.0,Labour,Harold Wilson,https://id.parliament.uk/3B5GMTI6,961,non_senior,False,regex:\bparliamentary under-?secretary\b
Merlyn,Rees,Commons,Parliamentary Under-Secretary (Home Office),1968-11-01,1970-06-19,595.0,1966-03-31,1520.0,Labour,Harold Wilson,https://id.parliament.uk/i35wOJro,936,non_senior,False,regex:\bparliamentary under-?secretary\b
Judith,Hart,Commons,Paymaster General (HM Treasury),1968-11-01,1969-10-05,338.0,1966-03-31,1520.0,Labour,Harold Wilson,https://id.parliament.uk/aHWyhv9n,857,ambiguous,False,regex:\bpaymaster general\b
David,Ennals,Commons,Minister of State (Department of Health and Social Security),1968-11-01,1970-06-19,595.0,1966-03-31,1520.0,Labour,Harold Wilson,https://id.parliament.uk/GgEnqOnV,2959,ambiguous,False,regex:\bminister of state\b
Alan,Williams,Commons,Parliamentary Secretary (Ministry of Technology),1969-01-01,1970-01-01,365.0,1966-03-31,1520.0,Labour,Harold Wilson,https://id.parliament.uk/7gUJqpZZ,569,non_senior,False,regex:\bparliamentary secretary\b
Eric,Varley,Commons,Minister of State (Ministry of Technology),1969-01-10,1970-01-01,356.0,1966-03-31,1520.0,Labour,Harold Wilson,https://id.parliament.uk/imDOYRae,1830,ambiguous,False,regex:\bminister of state\b
John,Silkin,Commons,Secretary of State for Public Building and Works,1969-04-30,1970-06-22,418.0,1966-03-31,1520.0,Labour,Harold Wilson,https://id.parliament.uk/ze3iKK7K,1335,senior,True,contains:secretary of state
Robert,Mellish,Commons,Parliamentary Secretary to the Treasury (Chief Whip),1969-04-30,1970-05-31,396.0,1966-03-31,1520.0,Labour,Harold Wilson,https://id.parliament.uk/jMMlrvhT,2828,non_senior,False,regex:\bparliamentary secretary\b
Reginald,Freeson,Commons,Minister of State (Ministry of Housing and Local Government),1969-07-01,1970-06-18,352.0,1966-03-31,1520.0,Labour,Harold Wilson,https://id.parliament.uk/JkpUSJ8i,837,ambiguous,False,regex:\bminister of state\b
Roy,Hattersley,Commons,Minister of State (Ministry of Defence) (Defence Administration),1969-07-15,1970-06-19,339.0,1966-03-31,1520.0,Labour,Harold Wilson,https://id.parliament.uk/CBMA1d1v,858,ambiguous,False,regex:\bminister of state\b
Peter,Shore,Commons,Minister without Portfolio and Deputy Leader of the House of Commons,1969-10-06,1970-06-19,256.0,1966-03-31,1520.0,Labour,Harold Wilson,https://id.parliament.uk/zqMyUBMz,944,senior,True,contains:minister without portfolio
Roy,Mason,Commons,President of the Board of Trade,1969-10-06,1970-06-20,257.0,1966-03-31,1520.0,Labour,Harold Wilson,https://id.parliament.uk/pWHpqFcZ,1062,ambiguous,False,default
Reginald,Prentice,Commons,Minister of State (Ministry of Technology),1969-10-06,1969-10-10,4.0,1966-03-31,1520.0,Labour,Harold Wilson,https://id.parliament.uk/bfKKouvx,3261,ambiguous,False,regex:\bminister of state\b
Judith,Hart,Commons,Minister of State (Ministry of Overseas Development),1969-10-06,1970-06-22,259.0,1966-03-31,1520.0,Labour,Harold Wilson,https://id.parliament.uk/aHWyhv9n,857,ambiguous,False,regex:\bminister of state\b
Norman,Lever,Commons,Paymaster General (HM Treasury),1969-10-06,1970-06-22,259.0,1966-03-31,1520.0,Labour,Harold Wilson,https://id.parliament.uk/tYoKt6oA,2954,ambiguous,False,regex:\bpaymaster general\b
Frederick,Mulley,Commons,Minister (Ministry of Transport),1969-10-06,1970-06-22,259.0,1966-03-31,1520.0,Labour,Harold Wilson,https://id.parliament.uk/XbTeIjjO,2977,ambiguous,False,default
Thomas,Urwin,Commons,Minister of State (Office of the Secretary of State for Local Government and Regional Planning),1969-10-06,1970-06-19,256.0,1966-03-31,1520.0,Labour,Harold Wilson,https://id.parliament.uk/I6dxrBda,1329,senior,True,contains:secretary of state
Shirley,Williams,Commons,Minister of State (Home Office),1969-10-13,1970-06-19,249.0,1966-03-31,1520.0,Labour,Harold Wilson,https://id.parliament.uk/URDlhhkg,740,ambiguous,False,regex:\bminister of state\b
Joan,Lestor,Commons,Parliamentary Under-Secretary (Department of Education and Science),1969-10-13,1970-06-19,249.0,1966-03-31,1520.0,Labour,Harold Wilson,https://id.parliament.uk/gWFxN8f7,2465,non_senior,False,regex:\bparliamentary under-?secretary\b
Charles,Morris,Commons,Deputy Chief Whip and Treasurer,1969-10-13,1970-06-18,248.0,1966-03-31,1520.0,Labour,Harold Wilson,https://id.parliament.uk/5H8Y14pX,1341,non_senior,False,regex:\bwhip\b
William,Rodgers,Commons,Minister of State (HM Treasury),1969-10-13,1970-06-19,249.0,1966-03-31,1520.0,Labour,Harold Wilson,https://id.parliament.uk/9dvXtuKV,940,ambiguous,False,regex:\bminister of state\b
Neil,Carmichael,Commons,Parliamentary Secretary (Ministry of Technology),1969-10-13,1970-06-19,249.0,1966-03-31,1520.0,Labour,Harold Wilson,https://id.parliament.uk/8tyWH6Lk,1037,non_senior,False,regex:\bparliamentary secretary\b
Edward,Rowlands,Commons,Parliamentary Under-Secretary (Welsh Office),1969-10-13,1970-06-19,249.0,1966-03-31,1520.0,Labour,Harold Wilson,https://id.parliament.uk/frmNh9nn,554,non_senior,False,regex:\bparliamentary under-?secretary\b
Ernest,Armstrong,Commons,Lord Commissioner (HM Treasury) (Whip),1969-10-13,1970-06-19,249.0,1966-03-31,1520.0,Labour,Harold Wilson,https://id.parliament.uk/52DBgtyM,968,non_senior,False,regex:\bwhip\b
James,Hamilton,Commons,Assistant Whip (HM Treasury),1969-10-13,1970-06-19,249.0,1966-03-31,1520.0,Labour,Harold Wilson,https://id.parliament.uk/7Gj3CnfA,978,non_senior,False,regex:\bassistant whip\b
Ernest,Fitch,Commons,Vice-Chamberlain (HM Household),1969-10-13,1970-06-18,248.0,1966-03-31,1520.0,Labour,Harold Wilson,https://id.parliament.uk/fNgAMzdX,827,ambiguous,False,default
Denis,Howell,Commons,Minister (Ministry of Housing and Local Government) (Sport),1969-10-13,1970-06-23,253.0,1966-03-31,1520.0,Labour,Harold Wilson,https://id.parliament.uk/MqBNoFVn,997,ambiguous,False,default
Charles,Jenkin,Commons,Financial Secretary (HM Treasury),1970-01-01,1972-01-01,730.0,1966-03-31,1520.0,Conservative,Harold Wilson,https://id.parliament.uk/Se3SjGlA,1097,ambiguous,False,regex:\bfinancial secretary\b
Robert,Mellish,Commons,Minister (Ministry of Housing and Local Government),1970-05-31,1970-06-19,19.0,,,Labour,Harold Wilson,https://id.parliament.uk/jMMlrvhT,2828,ambiguous,False,default
Morys,Bruce,Lords,Deputy Leader of the House of Lords,1970-06-19,1974-03-04,1354.0,1970-06-18,1331.0,Conservative,Harold Wilson,https://id.parliament.uk/eVYgq4yB,3468,senior,True,contains:leader of the house of lords
Michael,Beach,Lords,"Captain of the Honourable Corps of Gentlemen-at-Arms (HM Household) (Chief Whip, House of Lords)",1970-06-19,1974-02-28,1350.0,1970-06-18,1331.0,Conservative,Harold Wilson,https://id.parliament.uk/4IWBcpoh,3097,non_senior,False,regex:\bwhip\b
Edward,Heath,Commons,"Prime Minister, First Lord of the Treasury and Minister for the Civil Service",1970-06-19,1974-03-04,1354.0,1970-06-18,1331.0,Conservative,Harold Wilson,https://id.parliament.uk/xCFBQOk1,195,senior,True,contains:prime minister
Francis,Pym,Commons,Parliamentary Secretary to the Treasury (Chief Whip),1970-06-20,1973-12-02,1261.0,1970-06-18,1331.0,Conservative,Edward Heath,https://id.parliament.uk/gzClaQUx,3257,non_senior,False,regex:\bparliamentary secretary\b
Peter,Thomas,Commons,Secretary of State for Wales,1970-06-20,1974-03-04,1353.0,1970-06-18,1331.0,Conservative,Edward Heath,https://id.parliament.uk/2UsdtrJr,1046,senior,True,contains:secretary of state
Aubrey,Rippon,Commons,Secretary of State for Technology,1970-06-20,1970-07-27,37.0,1970-06-18,1331.0,Conservative,Edward Heath,https://id.parliament.uk/gpETTaOP,1327,senior,True,contains:secretary of state
William,Whitelaw,Commons,Lord President of the Council and Leader of the House Lords (Privy Council Office),1970-06-20,1972-04-06,656.0,1970-06-18,1331.0,Conservative,Edward Heath,https://id.parliament.uk/6LEjNWW7,1722,senior,True,contains:lord president of the council
Nicholas,Ridley,Commons,Parliamentary Secretary (Ministry of Technology),1970-06-20,1970-10-15,117.0,1970-06-18,1331.0,Conservative,Edward Heath,https://id.parliament.uk/pudylhrb,1304,non_senior,False,regex:\bparliamentary secretary\b
Margaret,Thatcher,Commons,Secretary of State for Education and Science,1970-06-20,1974-03-04,1353.0,1970-06-18,1331.0,Conservative,Edward Heath,https://id.parliament.uk/xUmb6Tyk,953,senior,True,contains:secretary of state
David,Howell,Commons,Parliamentary Secretary (Civil Service Department),1970-06-20,1972-03-26,645.0,1970-06-18,1331.0,Conservative,Edward Heath,https://id.parliament.uk/jAgDv8hd,993,non_senior,False,regex:\bparliamentary secretary\b
Rodney,Page,Commons,Minister of State (Ministry of Housing and Local Government),1970-06-20,1970-10-15,117.0,1970-06-18,1331.0,Conservative,Edward Heath,https://id.parliament.uk/7PW8FKEN,1115,ambiguous,False,regex:\bminister of state\b
David,Howell,Commons,Lord Commissioner (HM Treasury) (Whip),1970-06-20,1971-01-05,199.0,1970-06-18,1331.0,Conservative,Edward Heath,https://id.parliament.uk/jAgDv8hd,993,non_senior,False,regex:\bwhip\b
George,Jellicoe,Lords,Lord Privy Seal and Leader of the House of Lords,1970-06-20,1973-05-30,1075.0,1970-06-18,1331.0,Conservative,Edward Heath,https://id.parliament.uk/1Vl2yzNz,1989,senior,True,contains:lord privy seal
James,Prior,Commons,"Secretary of State for Agriculture, Fisheries and Food",1970-06-20,1972-11-04,868.0,1970-06-18,1331.0,Conservative,Edward Heath,https://id.parliament.uk/mraBVJfH,1104,senior,True,contains:secretary of state
Peter,Walker,Commons,Minister of State (Ministry of Housing and Local Government),1970-06-20,1970-10-15,117.0,1970-06-18,1331.0,Conservative,Edward Heath,https://id.parliament.uk/4eJ0v0w4,1045,ambiguous,False,regex:\bminister of state\b
Keith,Joseph,Commons,Secretary of State for Health and Social Security,1970-06-20,1974-03-04,1353.0,1970-06-18,1331.0,Conservative,Edward Heath,https://id.parliament.uk/NGcXa023,2976,senior,True,contains:secretary of state
Richard,Howe,Commons,Solicitor-General,1970-06-23,1972-11-04,865.0,1970-06-18,1331.0,Conservative,Edward Heath,https://id.parliament.uk/Ta7hlBXe,872,ambiguous,False,default
John,Peyton,Commons,Minister (Ministry of Transport),1970-06-23,1970-10-14,113.0,1970-06-18,1331.0,Conservative,Edward Heath,https://id.parliament.uk/aeLpjDqw,3162,ambiguous,False,default
Julian,Amery,Commons,Minister of State (Ministry of Public Building and Works),1970-06-23,1970-10-15,114.0,1970-06-18,1331.0,Conservative,Edward Heath,https://id.parliament.uk/2yI884fp,2919,ambiguous,False,regex:\bminister of state\b
Maurice,Macmillan,Commons,Chief Secretary to the Treasury,1970-06-23,1972-04-07,654.0,1970-06-18,1331.0,Conservative,Edward Heath,https://id.parliament.uk/XyaxBFkV,910,senior,True,contains:chief secretary to the treasury
David,Price,Commons,Parliamentary Secretary (Ministry of Technology),1970-06-23,1970-10-15,114.0,1970-06-18,1331.0,Conservative,Edward Heath,https://id.parliament.uk/jbQOSByE,1283,non_senior,False,regex:\bparliamentary secretary\b
Paul,Bryan,Commons,Minister of State (Department of Employment and Productivity),1970-06-23,1970-11-12,142.0,1970-06-18,1331.0,Conservative,Edward Heath,https://id.parliament.uk/hCp2l8M5,1042,ambiguous,False,regex:\bminister of state\b
John,Eden,Commons,Minister of State (Ministry of Technology),1970-06-23,1970-10-15,114.0,1970-06-18,1331.0,Conservative,Edward Heath,https://id.parliament.uk/vbVfAjdI,813,ambiguous,False,regex:\bminister of state\b
Terence,Higgins,Commons,Minister of State (HM Treasury),1970-06-23,1972-04-07,654.0,1970-06-18,1331.0,Conservative,Edward Heath,https://id.parliament.uk/SDyqKxHO,1067,ambiguous,False,regex:\bminister of state\b
Dudley,Smith,Commons,Parliamentary Under-Secretary (Department of Employment and Productivity),1970-06-24,1970-11-12,141.0,1970-06-18,1331.0,Conservative,Edward Heath,https://id.parliament.uk/8JPFdofG,1267,non_senior,False,regex:\bparliamentary under-?secretary\b
Hector,Monro,Commons,Lord Commissioner (HM Treasury) (Whip),1970-06-24,1971-07-28,399.0,1970-06-18,1331.0,Conservative,Edward Heath,https://id.parliament.uk/uFWbfP6Y,1238,non_senior,False,regex:\bwhip\b
Walter,Clegg,Commons,Lord Commissioner (HM Treasury) (Whip),1970-06-24,1972-04-07,653.0,1970-06-18,1331.0,Conservative,Edward Heath,https://id.parliament.uk/yk28z0wq,780,non_senior,False,regex:\bwhip\b
Michael,Alison,Commons,Parliamentary Under-Secretary (Department of Health and Social Security),1970-06-24,1974-03-04,1349.0,1970-06-18,1331.0,Conservative,Edward Heath,https://id.parliament.uk/0BegVILq,736,non_senior,False,regex:\bparliamentary under-?secretary\b
John,Grant,Commons,Parliamentary Secretary (Board of Trade),1970-06-24,1970-10-15,113.0,1970-06-18,1331.0,Conservative,Edward Heath,https://id.parliament.uk/yfMhrwM8,1019,non_senior,False,regex:\bparliamentary secretary\b
Robert,Elliott,Commons,Comptroller (HM Household),1970-06-24,1970-12-31,190.0,1970-06-18,1331.0,Conservative,Edward Heath,https://id.parliament.uk/A2V6sA7X,816,ambiguous,False,default
Bruce,Weatherill,Commons,Lord Commissioner (HM Treasury) (Whip),1970-06-24,1971-10-17,480.0,1970-06-18,1331.0,Conservative,Edward Heath,https://id.parliament.uk/1eypqVv1,1736,non_senior,False,regex:\bwhip\b
Humphrey,Atkins,Commons,Treasurer of Her Majesty's Household and Deputy Chief Whip,1970-06-24,1973-12-02,1257.0,1970-06-18,1331.0,Conservative,Edward Heath,https://id.parliament.uk/HRGLoHkG,970,non_senior,False,regex:\bwhip\b
Alick,Buchanan-Smith,Commons,Parliamentary Under-Secretary (Scottish Office),1970-06-24,1974-03-04,1349.0,1970-06-18,1331.0,Conservative,Edward Heath,https://id.parliament.uk/Hstd6UgP,727,non_senior,False,regex:\bparliamentary under-?secretary\b
Arthur,Dean,Commons,Parliamentary Secretary (Department of Health and Social Security),1970-06-24,1974-03-04,1349.0,1970-06-18,1331.0,Conservative,Edward Heath,https://id.parliament.uk/dcnPpK4b,1096,non_senior,False,regex:\bparliamentary secretary\b
Eldon,Griffiths,Commons,Parliamentary Under-Secretary (Ministry of Housing and Local Government) (Sport),1970-06-24,1970-10-14,112.0,1970-06-18,1331.0,Conservative,Edward Heath,https://id.parliament.uk/gEeb572C,1098,non_senior,False,regex:\bparliamentary under-?secretary\b
Edward,Taylor,Commons,Parliamentary Under-Secretary (Scottish Office),1970-06-24,1971-07-28,399.0,1970-06-18,1331.0,Conservative,Edward Heath,https://id.parliament.uk/pbLqLyOD,42,non_senior,False,regex:\bparliamentary under-?secretary\b
Ian,Gilmour,Commons,Parliamentary Under-Secretary (Ministry of Defence) (Army),1970-06-24,1971-04-07,287.0,1970-06-18,1331.0,Conservative,Edward Heath,https://id.parliament.uk/uyfbyBz1,2606,non_senior,False,regex:\bparliamentary under-?secretary\b
Michael,Heseltine,Commons,Parliamentary Secretary (Ministry of Transport),1970-06-24,1970-10-15,113.0,1970-06-18,1331.0,Conservative,Edward Heath,https://id.parliament.uk/HDWaJnag,94,non_senior,False,regex:\bparliamentary secretary\b
George,Younger,Commons,Parliamentary Under-Secretary (Scottish Office),1970-06-24,1974-01-08,1294.0,1970-06-18,1331.0,Conservative,Edward Heath,https://id.parliament.uk/GAaGEDAS,969,non_senior,False,regex:\bparliamentary under-?secretary\b
Anthony,Royle,Commons,Parliamentary Under-Secretary (Foreign and Commonwealth Office),1970-06-24,1974-01-08,1294.0,1970-06-18,1331.0,Conservative,Edward Heath,https://id.parliament.uk/y70vgP4T,942,non_senior,False,regex:\bparliamentary under-?secretary\b
William,van Straubenzee,Commons,Parliamentary Under-Secretary (Department of Education and Science),1970-06-24,1972-11-05,865.0,1970-06-18,1331.0,Conservative,Edward Heath,https://id.parliament.uk/xeQti0vD,1371,non_senior,False,regex:\bparliamentary under-?secretary\b
Mark,Carlisle,Commons,Parliamentary Under-Secretary (Home Office),1970-06-24,1972-04-07,653.0,1970-06-18,1331.0,Conservative,Edward Heath,https://id.parliament.uk/P9Q6noF8,774,non_senior,False,regex:\bparliamentary under-?secretary\b
Reginald,Eyre,Commons,Lord Commissioner (HM Treasury) (Whip),1970-06-24,1970-09-23,91.0,1970-06-18,1331.0,Conservative,Edward Heath,https://id.parliament.uk/rh3YldoA,1049,non_senior,False,regex:\bwhip\b
John,Kershaw,Commons,Parliamentary Secretary (Ministry of Public Building and Works),1970-06-24,1970-10-15,113.0,1970-06-18,1331.0,Conservative,Edward Heath,https://id.parliament.uk/tze3GKeq,888,non_senior,False,regex:\bparliamentary secretary\b
Paul,Hawkins,Commons,Assistant Whip (HM Treasury),1970-06-29,1971-01-05,190.0,1970-06-18,1331.0,Conservative,Edward Heath,https://id.parliament.uk/alJJL8nL,1109,non_senior,False,regex:\bassistant whip\b
Victor,Goodhew,Commons,Assistant Whip (HM Treasury),1970-06-29,1970-10-21,114.0,1970-06-18,1331.0,Conservative,Edward Heath,https://id.parliament.uk/uVdCTos9,847,non_senior,False,regex:\bassistant whip\b
Herbert,Speed,Commons,Assistant Whip (HM Treasury),1970-06-29,1971-11-08,497.0,1970-06-18,1331.0,Conservative,Edward Heath,https://id.parliament.uk/nAO2W3n8,1234,non_senior,False,regex:\bassistant whip\b
Henry,Channon,Commons,Parliamentary Secretary (Ministry of Housing and Local Government),1970-07-01,1970-10-01,92.0,1970-06-18,1331.0,Conservative,Edward Heath,https://id.parliament.uk/MNbzKAyy,779,non_senior,False,regex:\bparliamentary secretary\b
Aubrey,Rippon,Commons,Chancellor of the Duchy of Lancaster,1970-07-28,1972-11-04,830.0,1970-06-18,1331.0,Conservative,Edward Heath,https://id.parliament.uk/gpETTaOP,1327,senior,True,contains:chancellor of the duchy of lancaster
Reginald,Eyre,Commons,Comptroller (HM Household),1970-09-23,1972-04-07,562.0,1970-06-18,1331.0,Conservative,Edward Heath,https://id.parliament.uk/rh3YldoA,1049,ambiguous,False,default
Henry,Channon,Commons,Parliamentary Under-Secretary (Department of Environment),1970-10-15,1972-03-26,528.0,1970-06-18,1331.0,Conservative,Edward Heath,https://id.parliament.uk/MNbzKAyy,779,non_senior,False,regex:\bparliamentary under-?secretary\b
John,Kershaw,Commons,Parliamentary Under-Secretary (Foreign and Commonwealth Office),1970-10-15,1973-06-05,964.0,1970-06-18,1331.0,Conservative,Edward Heath,https://id.parliament.uk/tze3GKeq,888,non_senior,False,regex:\bparliamentary under-?secretary\b
Eldon,Griffiths,Commons,Parliamentary Under-Secretary (Department of Environment) (Sport),1970-10-15,1974-03-06,1238.0,1970-06-18,1331.0,Conservative,Edward Heath,https://id.parliament.uk/gEeb572C,1098,non_senior,False,regex:\bparliamentary under-?secretary\b
David,Price,Commons,Parliamentary Secretary (Ministry of Aviation),1970-10-15,1971-05-01,198.0,1970-06-18,1331.0,Conservative,Edward Heath,https://id.parliament.uk/jbQOSByE,1283,non_senior,False,regex:\bparliamentary secretary\b
Rodney,Page,Commons,Minister of State (Department of Environment),1970-10-15,1974-03-05,1237.0,1970-06-18,1331.0,Conservative,Edward Heath,https://id.parliament.uk/7PW8FKEN,1115,ambiguous,False,regex:\bminister of state\b
Peter,Walker,Commons,Secretary of State for Environment,1970-10-15,1972-11-04,751.0,1970-06-18,1331.0,Conservative,Edward Heath,https://id.parliament.uk/4eJ0v0w4,1045,senior,True,contains:secretary of state
John,Grant,Commons,Parliamentary Under-Secretary (Department of Trade and Industry),1970-10-15,1972-04-07,540.0,1970-06-18,1331.0,Conservative,Edward Heath,https://id.parliament.uk/yfMhrwM8,1019,non_senior,False,regex:\bparliamentary under-?secretary\b
John,Peyton,Commons,Minister (Department of Environment) (Transport Industries),1970-10-15,1974-03-07,1239.0,1970-06-18,1331.0,Conservative,Edward Heath,https://id.parliament.uk/aeLpjDqw,3162,ambiguous,False,default
John,Eden,Commons,Minister of State (Department of Trade and Industry),1970-10-15,1972-04-06,539.0,1970-06-18,1331.0,Conservative,Edward Heath,https://id.parliament.uk/vbVfAjdI,813,ambiguous,False,regex:\bminister of state\b
Julian,Amery,Commons,Minister (Department of Environment) (Housing & Construction),1970-10-15,1972-11-04,751.0,1970-06-18,1331.0,Conservative,Edward Heath,https://id.parliament.uk/2yI884fp,2919,ambiguous,False,default
Nicholas,Ridley,Commons,Parliamentary Under-Secretary (Department of Industry),1970-10-15,1972-04-07,540.0,1970-06-18,1331.0,Conservative,Edward Heath,https://id.parliament.uk/pudylhrb,1304,non_senior,False,regex:\bparliamentary under-?secretary\b
Michael,Heseltine,Commons,Parliamentary Under-Secretary (Department of Environment),1970-10-15,1972-04-07,540.0,1970-06-18,1331.0,Conservative,Edward Heath,https://id.parliament.uk/HDWaJnag,94,non_senior,False,regex:\bparliamentary under-?secretary\b
Hugh,Rossi,Commons,Assistant Whip (HM Treasury),1970-10-21,1972-04-07,534.0,1970-06-18,1331.0,Conservative,Edward Heath,https://id.parliament.uk/5huB2VwH,941,non_senior,False,regex:\bassistant whip\b
Victor,Goodhew,Commons,Lord Commissioner (HM Treasury) (Whip),1970-10-21,1973-10-09,1084.0,1970-06-18,1331.0,Conservative,Edward Heath,https://id.parliament.uk/uVdCTos9,847,non_senior,False,regex:\bwhip\b
Dudley,Smith,Commons,Parliamentary Under-Secretary (Department of Employment),1970-11-12,1974-01-08,1153.0,1970-06-18,1331.0,Conservative,Edward Heath,https://id.parliament.uk/8JPFdofG,1267,non_senior,False,regex:\bparliamentary under-?secretary\b
Paul,Bryan,Commons,Minister of State (Department of Employment),1970-11-12,1972-04-07,512.0,1970-06-18,1331.0,Conservative,Edward Heath,https://id.parliament.uk/hCp2l8M5,1042,ambiguous,False,regex:\bminister of state\b
John,Stradling Thomas,Commons,Assistant Whip (HM Treasury),1971-01-01,1973-01-01,731.0,1970-06-18,1331.0,Conservative,Edward Heath,https://id.parliament.uk/vyBH37V3,724,non_senior,False,regex:\bassistant whip\b
David,Howell,Commons,Parliamentary Under-Secretary (Department of Employment),1971-01-05,1972-03-26,446.0,1970-06-18,1331.0,Conservative,Edward Heath,https://id.parliament.uk/jAgDv8hd,993,non_senior,False,regex:\bparliamentary under-?secretary\b
Paul,Hawkins,Commons,Lord Commissioner (HM Treasury) (Whip),1971-01-05,1973-12-02,1062.0,1970-06-18,1331.0,Conservative,Edward Heath,https://id.parliament.uk/alJJL8nL,1109,non_senior,False,regex:\bwhip\b
Ian,Gilmour,Commons,Minister of State (Ministry of Defence) (Procurement),1971-04-07,1972-11-05,578.0,1970-06-18,1331.0,Conservative,Edward Heath,https://id.parliament.uk/uyfbyBz1,2606,ambiguous,False,regex:\bminister of state\b
Geoffrey,Johnson Smith,Commons,Parliamentary Under-Secretary (Ministry of Defence),1971-04-07,1972-11-05,578.0,1970-06-18,1331.0,Conservative,Edward Heath,https://id.parliament.uk/3OAvHbOm,29,non_senior,False,regex:\bparliamentary under-?secretary\b
David,Price,Commons,Parliamentary Under-Secretary (Trade and Industry) (Aerospace),1971-05-01,1972-04-07,342.0,1970-06-18,1331.0,Conservative,Edward Heath,https://id.parliament.uk/jbQOSByE,1283,non_senior,False,regex:\bparliamentary under-?secretary\b
Hector,Monro,Commons,Parliamentary Under-Secretary (Scottish Office),1971-07-28,1974-03-04,950.0,1970-06-18,1331.0,Conservative,Edward Heath,https://id.parliament.uk/uFWbfP6Y,1238,non_senior,False,regex:\bparliamentary under-?secretary\b
Bruce,Weatherill,Commons,Vice-Chamberlain (HM Household),1971-10-17,1972-05-07,203.0,1970-06-18,1331.0,Conservative,Edward Heath,https://id.parliament.uk/1eypqVv1,1736,ambiguous,False,default
Thomas,Jopling,Commons,Assistant Whip (HM Treasury),1971-11-08,1973-10-30,722.0,1970-06-18,1331.0,Conservative,Edward Heath,https://id.parliament.uk/yyQe6SJm,883,non_senior,False,regex:\bassistant whip\b
Herbert,Speed,Commons,Lord Commissioner (HM Treasury) (Whip),1971-11-08,1972-04-07,151.0,1970-06-18,1331.0,Conservative,Edward Heath,https://id.parliament.uk/nAO2W3n8,1234,non_senior,False,regex:\bwhip\b
James,Gray,Commons,Assistant Whip (HM Treasury),1971-11-08,1973-10-30,722.0,1970-06-18,1331.0,Conservative,Edward Heath,https://id.parliament.uk/2qxhX3mD,1017,non_senior,False,regex:\bassistant whip\b
Peggy,Fenner,Commons,Parliamentary Under-Secretary (Department of Agriculture and Fisheries),1972-01-01,1974-01-01,731.0,1970-06-18,1331.0,,Edward Heath,https://id.parliament.uk/9yQd5381,733,non_senior,False,regex:\bparliamentary under-?secretary\b
John,Fox,Commons,Assistant Whip (HM Treasury),1972-01-01,1973-01-01,366.0,1970-06-18,1331.0,Conservative,Edward Heath,https://id.parliament.uk/79XX60jO,1025,non_senior,False,regex:\bassistant whip\b
Mark,Carlisle,Commons,Minister of State (Home Office),1972-01-01,1974-01-01,731.0,1970-06-18,1331.0,Conservative,Edward Heath,https://id.parliament.uk/P9Q6noF8,774,ambiguous,False,regex:\bminister of state\b
Kenneth,Clarke,Commons,Assistant Whip (HM Treasury),1972-01-01,1974-01-01,731.0,1970-06-18,1331.0,Conservative,Edward Heath,https://id.parliament.uk/TyNGhslR,366,non_senior,False,regex:\bassistant whip\b
Peter,Mills,Commons,"Parliamentary Secretary (Ministry of Agriculture, Fisheries and Food)",1972-02-01,1972-11-05,278.0,1970-06-18,1331.0,Conservative,Edward Heath,https://id.parliament.uk/ZWLL9RKm,1310,non_senior,False,regex:\bparliamentary secretary\b
David,Hennessy,Lords,Minister of State (Northern Ireland Office),1972-03-26,1972-11-05,224.0,1970-06-18,1331.0,Conservative,Edward Heath,https://id.parliament.uk/7vyor70E,1760,ambiguous,False,regex:\bminister of state\b
David,Howell,Commons,Parliamentary Under-Secretary (Northern Ireland Office),1972-03-26,1972-11-05,224.0,1970-06-18,1331.0,Conservative,Edward Heath,https://id.parliament.uk/jAgDv8hd,993,non_senior,False,regex:\bparliamentary under-?secretary\b
Henry,Channon,Commons,Minister of State (Northern Ireland Office),1972-03-26,1972-11-05,224.0,1970-06-18,1331.0,Conservative,Edward Heath,https://id.parliament.uk/MNbzKAyy,779,ambiguous,False,regex:\bminister of state\b
Herbert,Speed,Commons,Parliamentary Under-Secretary (Department of Environment),1972-04-07,1974-03-04,696.0,1970-06-18,1331.0,Conservative,Edward Heath,https://id.parliament.uk/nAO2W3n8,1234,non_senior,False,regex:\bparliamentary under-?secretary\b
Peter,Emery,Commons,Parliamentary Under-Secretary (Department of Industry),1972-04-07,1974-01-08,641.0,1970-06-18,1331.0,Conservative,Edward Heath,https://id.parliament.uk/Q07h5YS5,229,non_senior,False,regex:\bparliamentary under-?secretary\b
Terence,Higgins,Commons,Financial Secretary (HM Treasury),1972-04-07,1974-03-04,696.0,1970-06-18,1331.0,Conservative,Edward Heath,https://id.parliament.uk/SDyqKxHO,1067,ambiguous,False,regex:\bfinancial secretary\b
John,Eden,Commons,Minister of State (Ministry of Posts and Telecommunications),1972-04-07,1974-03-08,700.0,1970-06-18,1331.0,Conservative,Edward Heath,https://id.parliament.uk/vbVfAjdI,813,ambiguous,False,regex:\bminister of state\b
Michael,Heseltine,Commons,Minister (Aerospace & Shipping) (Trade and Industry),1972-04-07,1974-03-05,697.0,1970-06-18,1331.0,Conservative,Edward Heath,https://id.parliament.uk/HDWaJnag,94,ambiguous,False,default
John,Grant,Commons,Parliamentary Under-Secretary (Trade and Industry) (Industrial Development),1972-04-07,1974-03-04,696.0,1970-06-18,1331.0,Conservative,Edward Heath,https://id.parliament.uk/yfMhrwM8,1019,non_senior,False,regex:\bparliamentary under-?secretary\b
Kenneth,Baker,Commons,Parliamentary Secretary (Civil Service Department),1972-04-07,1974-03-04,696.0,1970-06-18,1331.0,Conservative,Edward Heath,https://id.parliament.uk/0G6VnY9o,1028,non_senior,False,regex:\bparliamentary secretary\b
Charles,Jenkin,Commons,Chief Secretary to the Treasury,1972-04-07,1974-01-07,640.0,1970-06-18,1331.0,Conservative,Edward Heath,https://id.parliament.uk/Se3SjGlA,1097,senior,True,contains:chief secretary to the treasury
Hugh,Rossi,Commons,Lord Commissioner (HM Treasury) (Whip),1972-04-07,1974-01-08,641.0,1970-06-18,1331.0,Conservative,Edward Heath,https://id.parliament.uk/5huB2VwH,941,non_senior,False,regex:\bwhip\b
Walter,Clegg,Commons,Vice-Chamberlain (HM Household),1972-04-07,1973-12-02,604.0,1970-06-18,1331.0,Conservative,Edward Heath,https://id.parliament.uk/yk28z0wq,780,ambiguous,False,default
Reginald,Eyre,Commons,Parliamentary Under-Secretary (Department of Environment),1972-04-07,1974-03-04,696.0,1970-06-18,1331.0,Conservative,Edward Heath,https://id.parliament.uk/rh3YldoA,1049,non_senior,False,regex:\bparliamentary under-?secretary\b
Maurice,Macmillan,Commons,Secretary of State for Employment,1972-04-07,1973-12-02,604.0,1970-06-18,1331.0,Conservative,Edward Heath,https://id.parliament.uk/XyaxBFkV,910,senior,True,contains:secretary of state
Cranley,Onslow,Commons,Parliamentary Under-Secretary (Trade and Industry) (Aerospace),1972-04-07,1972-11-05,212.0,1970-06-18,1331.0,Conservative,Edward Heath,https://id.parliament.uk/rTSX8vRD,3202,non_senior,False,regex:\bparliamentary under-?secretary\b
John,Nott,Commons,Minister of State (HM Treasury),1972-04-07,1974-03-04,696.0,1970-06-18,1331.0,Conservative,Edward Heath,https://id.parliament.uk/mM16LlhF,926,ambiguous,False,regex:\bminister of state\b
William,Whitelaw,Commons,Secretary of State for Northern Ireland,1972-04-24,1973-12-01,586.0,1970-06-18,1331.0,Conservative,Edward Heath,https://id.parliament.uk/6LEjNWW7,1722,senior,True,contains:secretary of state
Bruce,Weatherill,Commons,Comptroller (HM Household),1972-05-07,1973-12-02,574.0,1970-06-18,1331.0,Conservative,Edward Heath,https://id.parliament.uk/1eypqVv1,1736,ambiguous,False,default
Richard,Howe,Commons,Minister of State (Trade & Consumer Affairs),1972-11-01,1974-03-04,488.0,1970-06-18,1331.0,Conservative,Edward Heath,https://id.parliament.uk/Ta7hlBXe,872,ambiguous,False,regex:\bminister of state\b
Julian,Amery,Commons,Minister of State (Foreign and Commonwealth Office),1972-11-04,1974-03-04,485.0,1970-06-18,1331.0,Conservative,Edward Heath,https://id.parliament.uk/2yI884fp,2919,ambiguous,False,regex:\bminister of state\b
Aubrey,Rippon,Commons,Secretary of State for Environment,1972-11-05,1974-03-05,485.0,1970-06-18,1331.0,Conservative,Edward Heath,https://id.parliament.uk/gpETTaOP,1327,senior,True,contains:secretary of state
Peter,Walker,Commons,Secretary of State for Trade and Industry,1972-11-05,1974-03-04,484.0,1970-06-18,1331.0,Conservative,Edward Heath,https://id.parliament.uk/4eJ0v0w4,1045,senior,True,contains:secretary of state
James,Prior,Commons,Lord President of the Council and Leader of the House Lords (Privy Council Office),1972-11-05,1974-03-04,484.0,1970-06-18,1331.0,Conservative,Edward Heath,https://id.parliament.uk/mraBVJfH,1104,senior,True,contains:lord president of the council
Geoffrey,Johnson Smith,Commons,Parliamentary Secretary (Civil Service Department),1972-11-05,1974-03-04,484.0,1970-06-18,1331.0,Conservative,Edward Heath,https://id.parliament.uk/3OAvHbOm,29,non_senior,False,regex:\bparliamentary secretary\b
Peter,Mills,Commons,Parliamentary Under-Secretary (Northern Ireland Office),1972-11-05,1974-03-04,484.0,1970-06-18,1331.0,Conservative,Edward Heath,https://id.parliament.uk/ZWLL9RKm,1310,non_senior,False,regex:\bparliamentary under-?secretary\b
Ian,Gilmour,Commons,Minister of State (Ministry of Defence),1972-11-05,1974-01-08,429.0,1970-06-18,1331.0,Conservative,Edward Heath,https://id.parliament.uk/uyfbyBz1,2606,ambiguous,False,regex:\bminister of state\b
William,van Straubenzee,Commons,Minister of State (Northern Ireland Office),1972-11-05,1974-03-04,484.0,1970-06-18,1331.0,Conservative,Edward Heath,https://id.parliament.uk/xeQti0vD,1371,ambiguous,False,regex:\bminister of state\b
Henry,Channon,Commons,Minister (Department of Environment) (Housing & Construction),1972-11-05,1974-03-06,486.0,1970-06-18,1331.0,Conservative,Edward Heath,https://id.parliament.uk/MNbzKAyy,779,ambiguous,False,default
Peter,Blaker,Commons,Parliamentary Under-Secretary (Ministry of Defence) (Army),1972-11-05,1974-01-08,429.0,1970-06-18,1331.0,Conservative,Edward Heath,https://id.parliament.uk/Dt1v38ti,750,non_senior,False,regex:\bparliamentary under-?secretary\b
David,Howell,Commons,Minister of State (Northern Ireland Office),1972-11-05,1974-01-08,429.0,1970-06-18,1331.0,Conservative,Edward Heath,https://id.parliament.uk/jAgDv8hd,993,ambiguous,False,regex:\bminister of state\b
Robert,Havers,Commons,Solicitor-General,1972-11-05,1974-03-07,487.0,1970-06-18,1331.0,Conservative,Edward Heath,https://id.parliament.uk/iF5GxHU3,859,ambiguous,False,default
Cranley,Onslow,Commons,Parliamentary Under-Secretary (Trade and Industry) (Aerospace & Shipping),1972-11-05,1974-03-04,484.0,1970-06-18,1331.0,Conservative,Edward Heath,https://id.parliament.uk/rTSX8vRD,3202,non_senior,False,regex:\bparliamentary under-?secretary\b
Norman,St John-Stevas,Commons,Parliamentary Under-Secretary (Department of Education and Science),1972-11-05,1973-12-02,392.0,1970-06-18,1331.0,Conservative,Edward Heath,https://id.parliament.uk/6v16nqWU,946,non_senior,False,regex:\bparliamentary under-?secretary\b
Philip,Buck,Commons,Parliamentary Under-Secretary (Ministry of Defence) (Royal Navy),1972-11-06,1974-03-04,483.0,1970-06-18,1331.0,Conservative,Edward Heath,https://id.parliament.uk/z6ciBHV9,1111,non_senior,False,regex:\bparliamentary under-?secretary\b
John,Stradling Thomas,Commons,Lord Commissioner (HM Treasury) (Whip),1973-01-01,1974-01-01,365.0,1970-06-18,1331.0,Conservative,Edward Heath,https://id.parliament.uk/vyBH37V3,724,non_senior,False,regex:\bwhip\b
John,Fox,Commons,Lord Commissioner (HM Treasury) (Whip),1973-01-10,1974-01-10,365.0,1970-06-18,1331.0,Conservative,Edward Heath,https://id.parliament.uk/79XX60jO,1025,non_senior,False,regex:\bwhip\b
David,Hennessy,Lords,Lord Privy Seal and Leader of the House of Lords,1973-06-01,1974-02-28,272.0,1970-06-18,1331.0,Conservative,Edward Heath,https://id.parliament.uk/7vyor70E,1760,senior,True,contains:lord privy seal
John,Kershaw,Commons,Parliamentary Under-Secretary (Ministry of Defence) (Air Force),1973-06-05,1974-01-08,217.0,1970-06-18,1331.0,Conservative,Edward Heath,https://id.parliament.uk/tze3GKeq,888,non_senior,False,regex:\bparliamentary under-?secretary\b
James,Gray,Commons,Lord Commissioner (HM Treasury) (Whip),1973-10-30,1974-03-04,125.0,1970-06-18,1331.0,Conservative,Edward Heath,https://id.parliament.uk/2qxhX3mD,1017,non_senior,False,regex:\bwhip\b
Thomas,Jopling,Commons,Lord Commissioner (HM Treasury) (Whip),1973-10-30,1974-03-04,125.0,1970-06-18,1331.0,Conservative,Edward Heath,https://id.parliament.uk/yyQe6SJm,883,non_senior,False,regex:\bwhip\b
Robert,Hicks,Commons,Assistant Whip (HM Treasury),1973-10-30,1974-03-04,125.0,1970-06-18,1331.0,Conservative,Edward Heath,https://id.parliament.uk/C5vDIjLC,1053,non_senior,False,regex:\bassistant whip\b
William,Whitelaw,Commons,Secretary of State for Employment,1973-12-02,1974-03-04,92.0,1970-06-18,1331.0,Conservative,Edward Heath,https://id.parliament.uk/6LEjNWW7,1722,senior,True,contains:secretary of state
Maurice,Macmillan,Commons,Paymaster General (HM Treasury),1973-12-02,1974-03-07,95.0,1970-06-18,1331.0,Conservative,Edward Heath,https://id.parliament.uk/XyaxBFkV,910,ambiguous,False,regex:\bpaymaster general\b
Bruce,Weatherill,Commons,Deputy Chief Whip and Treasurer,1973-12-02,1974-02-28,88.0,1970-06-18,1331.0,Conservative,Edward Heath,https://id.parliament.uk/1eypqVv1,1736,non_senior,False,regex:\bwhip\b
Walter,Clegg,Commons,Comptroller (HM Household),1973-12-02,1974-02-28,88.0,1970-06-18,1331.0,Conservative,Edward Heath,https://id.parliament.uk/yk28z0wq,780,ambiguous,False,default
Norman,St John-Stevas,Commons,Minister of State (Ministry for the Arts),1973-12-02,1974-03-07,95.0,1970-06-18,1331.0,Conservative,Edward Heath,https://id.parliament.uk/6v16nqWU,946,ambiguous,False,regex:\bminister of state\b
Francis,Pym,Commons,Secretary of State for Northern Ireland,1973-12-02,1974-03-04,92.0,1970-06-18,1331.0,Conservative,Edward Heath,https://id.parliament.uk/gzClaQUx,3257,senior,True,contains:secretary of state
Humphrey,Atkins,Commons,Parliamentary Secretary to the Treasury (Chief Whip),1973-12-02,1974-03-04,92.0,1970-06-18,1331.0,Conservative,Edward Heath,https://id.parliament.uk/HRGLoHkG,970,non_senior,False,regex:\bparliamentary secretary\b
Paul,Hawkins,Commons,Vice-Chamberlain (HM Household),1973-12-02,1974-02-28,88.0,1970-06-18,1331.0,Conservative,Edward Heath,https://id.parliament.uk/alJJL8nL,1109,ambiguous,False,default
Timothy,Raison,Commons,Parliamentary Under-Secretary (Department of Education and Science),1973-12-02,1974-03-04,92.0,1970-06-18,1331.0,Conservative,Edward Heath,https://id.parliament.uk/oSxegE0l,935,non_senior,False,regex:\bparliamentary under-?secretary\b
Charles,Jenkin,Commons,Minister of State (Department of Energy),1974-01-01,1974-02-28,58.0,1970-06-18,1331.0,Conservative,Edward Heath,https://id.parliament.uk/Se3SjGlA,1097,ambiguous,False,regex:\bminister of state\b
John,Concannon,Commons,Vice-Chamberlain (HM Household),1974-01-01,1974-07-31,211.0,1970-06-18,1331.0,Labour,Edward Heath,https://id.parliament.uk/kvOpJJ29,784,ambiguous,False,default
Bruce,Millan,Commons,Minister of State (Scottish Office),1974-01-01,1976-01-01,730.0,1970-06-18,1331.0,Labour,Edward Heath,https://id.parliament.uk/KoBAklrn,704,ambiguous,False,regex:\bminister of state\b
Roy,Hattersley,Commons,Minister of State (Foreign and Commonwealth Office),1974-01-01,1976-01-01,730.0,1970-06-18,1331.0,Labour,Edward Heath,https://id.parliament.uk/CBMA1d1v,858,ambiguous,False,regex:\bminister of state\b
Kenneth,Clarke,Commons,Lord Commissioner (HM Treasury) (Whip),1974-01-01,1974-03-01,59.0,1970-06-18,1331.0,Conservative,Edward Heath,https://id.parliament.uk/TyNGhslR,366,non_senior,False,regex:\bwhip\b
Eric,Heffer,Commons,Minister of State (Department of Industry),1974-01-01,1975-01-01,365.0,1970-06-18,1331.0,Labour,Edward Heath,https://id.parliament.uk/df3E533m,725,ambiguous,False,regex:\bminister of state\b
Cecil,Parkinson,Commons,Assistant Whip (HM Treasury),1974-01-08,1974-03-04,55.0,1970-06-18,1331.0,Conservative,Edward Heath,https://id.parliament.uk/j6FyF6ff,931,non_senior,False,regex:\bassistant whip\b
George,Younger,Commons,Minister of State (Ministry of Defence),1974-01-08,1974-03-04,55.0,1970-06-18,1331.0,Conservative,Edward Heath,https://id.parliament.uk/GAaGEDAS,969,ambiguous,False,regex:\bminister of state\b
Peter,Emery,Commons,Parliamentary Under-Secretary (Department of Energy),1974-01-08,1974-03-04,55.0,1970-06-18,1331.0,Conservative,Edward Heath,https://id.parliament.uk/Q07h5YS5,229,non_senior,False,regex:\bparliamentary under-?secretary\b
David,Howell,Commons,Minister of State (Department of Energy),1974-01-08,1974-03-04,55.0,1970-06-18,1331.0,Conservative,Edward Heath,https://id.parliament.uk/jAgDv8hd,993,ambiguous,False,regex:\bminister of state\b
Dudley,Smith,Commons,Parliamentary Under-Secretary (Ministry of Defence) (Army),1974-01-08,1974-03-04,55.0,1970-06-18,1331.0,Conservative,Edward Heath,https://id.parliament.uk/8JPFdofG,1267,non_senior,False,regex:\bparliamentary under-?secretary\b
Peter,Blaker,Commons,Parliamentary Under-Secretary (Foreign and Commonwealth Office),1974-01-08,1974-03-04,55.0,1970-06-18,1331.0,Conservative,Edward Heath,https://id.parliament.uk/Dt1v38ti,750,non_senior,False,regex:\bparliamentary under-?secretary\b
Nicholas,Scott,Commons,Parliamentary Under-Secretary (Department of Employment),1974-01-08,1974-04-04,86.0,1970-06-18,1331.0,Conservative,Edward Heath,https://id.parliament.uk/NyfMggUv,1229,non_senior,False,regex:\bparliamentary under-?secretary\b
Ian,Gilmour,Commons,Secretary of State for Defence,1974-01-08,1974-03-04,55.0,1970-06-18,1331.0,Conservative,Edward Heath,https://id.parliament.uk/uyfbyBz1,2606,senior,True,contains:secretary of state
Adam,Butler,Commons,Assistant Whip (HM Treasury),1974-01-08,1974-03-04,55.0,1970-06-18,1331.0,Conservative,Edward Heath,https://id.parliament.uk/pFjhV4YR,1093,non_senior,False,regex:\bassistant whip\b
Edward,Taylor,Commons,Parliamentary Under-Secretary (Scottish Office),1974-01-08,1974-03-04,55.0,1970-06-18,1331.0,Conservative,Edward Heath,https://id.parliament.uk/pbLqLyOD,42,non_senior,False,regex:\bparliamentary under-?secretary\b
Hugh,Rossi,Commons,Parliamentary Under-Secretary (Department of Environment),1974-01-08,1974-03-04,55.0,1970-06-18,1331.0,Conservative,Edward Heath,https://id.parliament.uk/5huB2VwH,941,non_senior,False,regex:\bparliamentary under-?secretary\b
Alan,Williams,Commons,Minister of State (Department of Prices and Consumer Protection),1974-02-01,1976-01-01,699.0,1970-06-18,1331.0,Labour,Edward Heath,https://id.parliament.uk/7gUJqpZZ,569,ambiguous,False,regex:\bminister of state\b
Walter,Harrison,Commons,Treasurer of HM Household (Deputy Chief Whip),1974-02-28,1979-05-03,1890.0,1974-02-28,204.0,Labour,Edward Heath,https://id.parliament.uk/4OANvvH2,1072,non_senior,False,regex:\bwhip\b
James,Wilson,Commons,"Prime Minister, First Lord of the Treasury and Minister for the Civil Service",1974-02-28,1976-04-05,767.0,1974-02-28,204.0,Labour,Edward Heath,https://id.parliament.uk/Ia6ERfYN,1016,senior,True,contains:prime minister
John,Grant,Commons,Parliamentary Secretary (Civil Service Department),1974-03-01,1974-10-01,214.0,1974-02-28,204.0,Labour,Edward Heath,https://id.parliament.uk/lTSwFvGM,664,non_senior,False,regex:\bparliamentary secretary\b
Annie,Llewelyn-Davies,Lords,"Captain of the Honourable Corps of Gentlemen-at-Arms (HM Household) (Chief Whip, House of Lords)",1974-03-01,1979-05-03,1889.0,1974-02-28,204.0,Labour,Edward Heath,https://id.parliament.uk/zn5TAf35,2825,non_senior,False,regex:\bwhip\b
Malcolm,Shepherd,Lords,Lord Privy Seal and Leader of the House of Lords,1974-03-01,1976-09-22,936.0,1974-02-28,204.0,Labour,Edward Heath,https://id.parliament.uk/4PKNanHf,2117,senior,True,contains:lord privy seal
Donald,Coleman,Commons,Lord Commissioner (HM Treasury) (Whip),1974-03-01,1978-06-12,1564.0,1974-02-28,204.0,Labour,Edward Heath,https://id.parliament.uk/kxgijBgk,723,non_senior,False,regex:\bwhip\b
Norman,Buchan,Commons,"Minister of State (Ministry of Agriculture, Fisheries and Food)",1974-03-01,1974-10-01,214.0,1974-02-28,204.0,Labour,Edward Heath,https://id.parliament.uk/AlsvoQ3x,721,ambiguous,False,regex:\bminister of state\b
Peter,Shore,Commons,Secretary of State for Trade,1974-03-04,1976-04-08,766.0,1974-02-28,204.0,Labour,Edward Heath,https://id.parliament.uk/zqMyUBMz,944,senior,True,contains:secretary of state
Frank,Beswick,Lords,Deputy Leader of the House of Lords,1974-03-04,1975-12-01,637.0,1974-02-28,204.0,Labour,Edward Heath,https://id.parliament.uk/IObqmZND,2405,senior,True,contains:leader of the house of lords
Reginald,Prentice,Commons,Secretary of State for Education and Science,1974-03-05,1975-06-09,461.0,1974-02-28,204.0,Labour,Harold Wilson,https://id.parliament.uk/bfKKouvx,3261,senior,True,contains:secretary of state
Leonard,Callaghan,Commons,Foreign Secretary,1974-03-05,1976-04-07,764.0,1974-02-28,204.0,Labour,Harold Wilson,https://id.parliament.uk/YSsLNF3h,3326,ambiguous,False,default
Robert,Mellish,Commons,Parliamentary Secretary to the Treasury (Chief Whip),1974-03-05,1976-04-08,765.0,1974-02-28,204.0,Labour,Harold Wilson,https://id.parliament.uk/jMMlrvhT,2828,non_senior,False,regex:\bparliamentary secretary\b
Eric,Varley,Commons,Secretary of State for Energy,1974-03-05,1975-06-09,461.0,1974-02-28,204.0,Labour,Harold Wilson,https://id.parliament.uk/imDOYRae,1830,senior,True,contains:secretary of state
Michael,Foot,Commons,Secretary of State for Employment,1974-03-05,1976-04-07,764.0,1974-02-28,204.0,Labour,Harold Wilson,https://id.parliament.uk/ZZJIyNt5,831,senior,True,contains:secretary of state
John,Morris,Commons,Secretary of State for Wales,1974-03-05,1979-05-04,1886.0,1974-02-28,204.0,Labour,Harold Wilson,https://id.parliament.uk/wC1Rw40g,565,senior,True,contains:secretary of state
Roy,Mason,Commons,Secretary of State for Defence,1974-03-05,1976-09-09,919.0,1974-02-28,204.0,Labour,Harold Wilson,https://id.parliament.uk/pWHpqFcZ,1062,senior,True,contains:secretary of state
Norman,Lever,Commons,Chancellor of the Duchy of Lancaster,1974-03-05,1979-05-04,1886.0,1974-02-28,204.0,Labour,Harold Wilson,https://id.parliament.uk/tYoKt6oA,2954,senior,True,contains:chancellor of the duchy of lancaster
Merlyn,Rees,Commons,Secretary of State for Northern Ireland,1974-03-05,1976-09-09,919.0,1974-02-28,204.0,Labour,Harold Wilson,https://id.parliament.uk/i35wOJro,936,senior,True,contains:secretary of state
Shirley,Williams,Commons,Secretary of State for Prices and Consumer Protection,1974-03-05,1976-09-09,919.0,1974-02-28,204.0,Labour,Harold Wilson,https://id.parliament.uk/URDlhhkg,740,senior,True,contains:secretary of state
Roy,Jenkins,Commons,Home Secretary,1974-03-05,1976-09-09,919.0,1974-02-28,204.0,Labour,Harold Wilson,https://id.parliament.uk/k6GCchmd,732,ambiguous,False,default
Robert,Maclennan,Commons,Parliamentary Under-Secretary (Department of Prices and Consumer Protection),1974-03-05,1979-05-04,1886.0,1974-02-28,204.0,Labour,Harold Wilson,https://id.parliament.uk/mybxoozQ,578,non_senior,False,regex:\bparliamentary under-?secretary\b
Stephen,Jones,Commons,Parliamentary Under-Secretary (Welsh Office),1974-03-07,1979-05-04,1884.0,1974-02-28,204.0,Labour,Harold Wilson,https://id.parliament.uk/NVkepfVn,530,non_senior,False,regex:\bparliamentary under-?secretary\b
James,Mackenzie,Commons,Parliamentary Under-Secretary (Department of Industry),1974-03-07,1975-06-10,460.0,1974-02-28,204.0,Labour,Harold Wilson,https://id.parliament.uk/XmFRdxYM,1350,non_senior,False,regex:\bparliamentary under-?secretary\b
Denis,Howell,Commons,Minister (Department of Environment) (Sport),1974-03-07,1979-05-06,1886.0,1974-02-28,204.0,Labour,Harold Wilson,https://id.parliament.uk/MqBNoFVn,997,ambiguous,False,default
Reginald,Freeson,Commons,Minister (Department of Environment) (Housing & Construction),1974-03-07,1979-05-06,1886.0,1974-02-28,204.0,Labour,Harold Wilson,https://id.parliament.uk/JkpUSJ8i,837,ambiguous,False,default
Joel,Barnett,Commons,Chief Secretary to the Treasury,1974-03-07,1979-05-04,1884.0,1974-02-28,204.0,Labour,Harold Wilson,https://id.parliament.uk/XmUF38l1,1018,senior,True,contains:chief secretary to the treasury
Ernest,Armstrong,Commons,Parliamentary Under-Secretary (Department of Education and Science),1974-03-07,1975-06-12,462.0,1974-02-28,204.0,Labour,Harold Wilson,https://id.parliament.uk/52DBgtyM,968,non_senior,False,regex:\bparliamentary under-?secretary\b
Michael,Meacher,Commons,Parliamentary Under-Secretary (Department of Industry),1974-03-07,1975-06-12,462.0,1974-02-28,204.0,Labour,Harold Wilson,https://id.parliament.uk/FdP6u6Vf,454,non_senior,False,regex:\bparliamentary under-?secretary\b
Edward,Rowlands,Commons,Parliamentary Under-Secretary (Welsh Office),1974-03-07,1975-06-12,462.0,1974-02-28,204.0,Labour,Harold Wilson,https://id.parliament.uk/frmNh9nn,554,non_senior,False,regex:\bparliamentary under-?secretary\b
Peter,Archer,Commons,Solicitor General (Law Officers),1974-03-07,1979-05-04,1884.0,1974-02-28,204.0,Labour,Harold Wilson,https://id.parliament.uk/yAkoBIyP,741,ambiguous,False,regex:\bsolicitor general\b
John,Silkin,Commons,Minister (Department of Environment) (Planning & Local Government),1974-03-07,1976-09-10,918.0,1974-02-28,204.0,Labour,Harold Wilson,https://id.parliament.uk/ze3iKK7K,1335,ambiguous,False,default
Stanley,Orme,Commons,Minister of State (Northern Ireland Office),1974-03-07,1976-04-08,763.0,1974-02-28,204.0,Labour,Harold Wilson,https://id.parliament.uk/PLEyy8lV,3206,ambiguous,False,regex:\bminister of state\b
Frederick,Mulley,Commons,Minister for Transport,1974-03-07,1975-06-12,462.0,1974-02-28,204.0,Labour,Harold Wilson,https://id.parliament.uk/XbTeIjjO,2977,ambiguous,False,regex:\bminister for\b
Charles,Morris,Commons,Minister of State (Department of Environment),1974-03-07,1974-10-18,225.0,1974-02-28,204.0,Labour,Harold Wilson,https://id.parliament.uk/5H8Y14pX,1341,ambiguous,False,regex:\bminister of state\b
Samuel,Silkin,Commons,Attorney General (Law Officers),1974-03-07,1979-05-04,1884.0,1974-02-28,204.0,Labour,Harold Wilson,https://id.parliament.uk/6hsxZ1TV,2420,ambiguous,False,regex:\battorney general\b
Gavin,Strang,Commons,Parliamentary Under-Secretary (Department of Energy),1974-03-07,1974-10-18,225.0,1974-02-28,204.0,Labour,Harold Wilson,https://id.parliament.uk/idMo7Oku,597,non_senior,False,regex:\bparliamentary under-?secretary\b
Judith,Hart,Commons,Minister of State (Ministry of Overseas Development),1974-03-07,1975-06-09,459.0,1974-02-28,204.0,Labour,Harold Wilson,https://id.parliament.uk/aHWyhv9n,857,ambiguous,False,regex:\bminister of state\b
Alexander,Eadie,Commons,Parliamentary Under-Secretary (Department of Energy),1974-03-07,1979-05-04,1884.0,1974-02-28,204.0,Labour,Harold Wilson,https://id.parliament.uk/AaNbWTaT,811,non_senior,False,regex:\bparliamentary under-?secretary\b
David,Ennals,Commons,Minister of State (Foreign and Commonwealth Office),1974-03-07,1976-04-08,763.0,1974-02-28,204.0,Labour,Harold Wilson,https://id.parliament.uk/GgEnqOnV,2959,ambiguous,False,regex:\bminister of state\b
Thomas,Pendry,Commons,Lord Commissioner (HM Treasury) (Whip),1974-03-08,1977-01-18,1047.0,1974-02-28,204.0,Labour,Harold Wilson,https://id.parliament.uk/q8YR787q,457,non_senior,False,regex:\bwhip\b
John,Golding,Commons,Lord Commissioner (HM Treasury) (Whip),1974-03-08,1974-10-18,224.0,1974-02-28,204.0,Labour,Harold Wilson,https://id.parliament.uk/LkNBZQMY,1106,non_senior,False,regex:\bwhip\b
Robert,Brown,Commons,Parliamentary Under-Secretary (Department of Health and Social Security),1974-03-08,1974-10-18,224.0,1974-02-28,204.0,Labour,Harold Wilson,https://id.parliament.uk/r1dYOtaF,1055,non_senior,False,regex:\bparliamentary under-?secretary\b
Alexander,Lyon,Commons,Minister of State (Home Office),1974-03-08,1976-04-14,768.0,1974-02-28,204.0,Labour,Harold Wilson,https://id.parliament.uk/VsTaLHhH,1372,ambiguous,False,regex:\bminister of state\b
Stanley,Clinton-Davis,Commons,Parliamentary Under-Secretary (Department of Trade),1974-03-08,1979-05-04,1883.0,1974-02-28,204.0,Labour,Harold Wilson,https://id.parliament.uk/h9Xn94S4,1116,non_senior,False,regex:\bparliamentary under-?secretary\b
James,Dunn,Commons,Lord Commissioner (HM Treasury) (Whip),1974-03-08,1976-04-14,768.0,1974-02-28,204.0,Labour,Harold Wilson,https://id.parliament.uk/5eF6TcGM,1015,non_senior,False,regex:\bwhip\b
Eric,Deakins,Commons,Parliamentary Under-Secretary (Department of Trade),1974-03-08,1976-04-14,768.0,1974-02-28,204.0,Labour,Harold Wilson,https://id.parliament.uk/Vqsqaf2B,796,non_senior,False,regex:\bparliamentary under-?secretary\b
Frank,Judd,Commons,Parliamentary Under-Secretary (Ministry of Defence) (Royal Navy),1974-03-08,1976-04-14,768.0,1974-02-28,204.0,Labour,Harold Wilson,https://id.parliament.uk/j3uLxcn4,1660,non_senior,False,regex:\bparliamentary under-?secretary\b
Michael,Cocks,Commons,Assistant Whip (HM Treasury),1974-03-08,1974-06-24,108.0,1974-02-28,204.0,Labour,Harold Wilson,https://id.parliament.uk/X0ZaLrXy,782,non_senior,False,regex:\bassistant whip\b
John,Fraser,Commons,Parliamentary Under-Secretary (Department of Employment),1974-03-08,1976-04-14,768.0,1974-02-28,204.0,Labour,Harold Wilson,https://id.parliament.uk/eYYvgn1m,1021,non_senior,False,regex:\bparliamentary under-?secretary\b
Neil,Carmichael,Commons,Parliamentary Under-Secretary (Department of Environment),1974-03-08,1975-12-04,636.0,1974-02-28,204.0,Labour,Harold Wilson,https://id.parliament.uk/8tyWH6Lk,1037,non_senior,False,regex:\bparliamentary under-?secretary\b
Joan,Lestor,Commons,Parliamentary Under-Secretary (Foreign and Commonwealth Office),1974-03-08,1975-06-12,461.0,1974-02-28,204.0,Labour,Harold Wilson,https://id.parliament.uk/gWFxN8f7,2465,non_senior,False,regex:\bparliamentary under-?secretary\b
Shirley,Summerskill,Commons,Parliamentary Under-Secretary (Home Office),1974-03-08,1979-05-04,1883.0,1974-02-28,204.0,Labour,Harold Wilson,https://id.parliament.uk/nn9U37aC,951,non_senior,False,regex:\bparliamentary under-?secretary\b
Brynmor,John,Commons,Parliamentary Under-Secretary (Ministry of Defence) (Air Force),1974-03-08,1976-04-14,768.0,1974-02-28,204.0,Labour,Harold Wilson,https://id.parliament.uk/9OMfuzJs,708,non_senior,False,regex:\bparliamentary under-?secretary\b
Albert,Booth,Commons,Minister of State (Department of Employment),1974-03-08,1976-04-08,762.0,1974-02-28,204.0,Labour,Harold Wilson,https://id.parliament.uk/CATMQaRP,982,ambiguous,False,regex:\bminister of state\b
William,Rodgers,Commons,Minister of State (Ministry of Defence),1974-03-08,1976-09-10,917.0,1974-02-28,204.0,Labour,Harold Wilson,https://id.parliament.uk/9dvXtuKV,940,ambiguous,False,regex:\bminister of state\b
David,Owen,Commons,Parliamentary Under-Secretary (Department of Health and Social Security),1974-03-08,1974-07-26,140.0,1974-02-28,204.0,Labour,Harold Wilson,https://id.parliament.uk/zcZtiXy9,992,non_senior,False,regex:\bparliamentary under-?secretary\b
Thomas,Cox,Commons,Assistant Whip (HM Treasury),1974-03-08,1977-01-19,1048.0,1974-02-28,204.0,Labour,Harold Wilson,https://id.parliament.uk/nZvlOLd9,205,non_senior,False,regex:\bassistant whip\b
Gordon,Oakes,Commons,Parliamentary Under-Secretary (Department of Environment),1974-03-08,1976-04-14,768.0,1974-02-28,204.0,Labour,Harold Wilson,https://id.parliament.uk/8HCUTlJC,1243,non_senior,False,regex:\bparliamentary under-?secretary\b
Gerald,Kaufman,Commons,Parliamentary Under-Secretary (Department of Environment),1974-03-08,1975-06-12,461.0,1974-02-28,204.0,Labour,Harold Wilson,https://id.parliament.uk/oQmi7yIx,451,non_senior,False,regex:\bparliamentary under-?secretary\b
James,Hamilton,Commons,Lord Commissioner (HM Treasury) (Whip),1974-03-08,1974-06-28,112.0,1974-02-28,204.0,Labour,Harold Wilson,https://id.parliament.uk/7Gj3CnfA,978,non_senior,False,regex:\bwhip\b
Anthony,Benn,Commons,Minister of State (Ministry of Posts and Telecommunications),1974-03-09,1974-05-10,62.0,1974-02-28,204.0,Labour,Harold Wilson,https://id.parliament.uk/cKwj1NnB,326,ambiguous,False,regex:\bminister of state\b
John,Donaldson,Lords,Parliamentary Under-Secretary (Northern Ireland Office),1974-03-11,1976-04-14,765.0,1974-02-28,204.0,Liberal Democrat,Harold Wilson,https://id.parliament.uk/aXEzw9i8,2863,non_senior,False,regex:\bparliamentary under-?secretary\b
Harold,Walker,Commons,Parliamentary Under-Secretary (Department of Employment),1974-03-11,1976-04-14,765.0,1974-02-28,204.0,Labour,Harold Wilson,https://id.parliament.uk/nkq3A6Ey,1006,non_senior,False,regex:\bparliamentary under-?secretary\b
Roland,Moyle,Commons,"Parliamentary Secretary (Ministry of Agriculture, Fisheries and Food)",1974-03-11,1974-06-28,109.0,1974-02-28,204.0,Labour,Harold Wilson,https://id.parliament.uk/hjoseQQO,1336,non_senior,False,regex:\bparliamentary secretary\b
Alfred,Morris,Commons,Parliamentary Under-Secretary (Department of Health and Social Security) (Disablement),1974-03-11,1979-05-04,1880.0,1974-02-28,204.0,Labour,Harold Wilson,https://id.parliament.uk/jThqOxT8,1906,non_senior,False,regex:\bparliamentary under-?secretary\b
Robert,Hughes,Commons,Parliamentary Under-Secretary (Scottish Office),1974-03-11,1975-07-22,498.0,1974-02-28,204.0,Labour,Harold Wilson,https://id.parliament.uk/3oj2yMIH,1051,non_senior,False,regex:\bparliamentary under-?secretary\b
John,Dormand,Commons,Assistant Whip (HM Treasury),1974-03-14,1974-10-18,218.0,1974-02-28,204.0,Labour,Harold Wilson,https://id.parliament.uk/nzrSPIOp,801,non_senior,False,regex:\bassistant whip\b
Laurence,Pavitt,Commons,Assistant Whip (HM Treasury),1974-03-14,1976-02-05,693.0,1974-02-28,204.0,Labour,Harold Wilson,https://id.parliament.uk/GbRckokx,1176,non_senior,False,regex:\bassistant whip\b
Denis,Healey,Commons,Chancellor of the Exchequer,1974-03-25,1979-05-05,1867.0,1974-02-28,204.0,Labour,Harold Wilson,https://id.parliament.uk/dXhbdj80,979,senior,True,contains:chancellor of the exchequer
Robert,Sheldon,Commons,Minister of State (Civil Service Department),1974-04-07,1974-10-18,194.0,1974-02-28,204.0,Labour,Harold Wilson,https://id.parliament.uk/c5IVLCZq,436,ambiguous,False,regex:\bminister of state\b
John,Gilbert,Commons,Financial Secretary (HM Treasury),1974-04-07,1975-06-12,431.0,1974-02-28,204.0,Labour,Harold Wilson,https://id.parliament.uk/nFDeQ5yu,843,ambiguous,False,regex:\bfinancial secretary\b
Anthony,Benn,Commons,Secretary of State for Industry,1974-05-10,1975-08-04,451.0,1974-02-28,204.0,Labour,Harold Wilson,https://id.parliament.uk/cKwj1NnB,326,senior,True,contains:secretary of state
Walter,Johnson,Commons,Assistant Whip (HM Treasury),1974-06-22,1975-01-23,215.0,1974-02-28,204.0,Labour,Harold Wilson,https://id.parliament.uk/gcQDhAHd,1073,non_senior,False,regex:\bassistant whip\b
John,Concannon,Commons,Parliamentary Under-Secretary (Northern Ireland Office),1974-06-27,1976-04-14,657.0,1974-02-28,204.0,Labour,Harold Wilson,https://id.parliament.uk/kvOpJJ29,784,non_senior,False,regex:\bparliamentary under-?secretary\b
Roland,Moyle,Commons,Minister of State (Northern Ireland Office),1974-06-28,1976-09-10,805.0,1974-02-28,204.0,Labour,Harold Wilson,https://id.parliament.uk/hjoseQQO,1336,ambiguous,False,regex:\bminister of state\b
Michael,Cocks,Commons,Lord Commissioner (HM Treasury) (Whip),1974-06-28,1976-04-08,650.0,1974-02-28,204.0,Labour,Harold Wilson,https://id.parliament.uk/X0ZaLrXy,782,non_senior,False,regex:\bwhip\b
James,Hamilton,Commons,Vice-Chamberlain (HM Household),1974-06-28,1978-07-05,1468.0,1974-02-28,204.0,Labour,Harold Wilson,https://id.parliament.uk/7Gj3CnfA,978,ambiguous,False,default
Hugh,Brown,Commons,Parliamentary Under-Secretary (Scottish Office),1974-06-28,1979-05-04,1771.0,1974-02-28,204.0,Labour,Harold Wilson,https://id.parliament.uk/4gCMzlJy,1008,non_senior,False,regex:\bparliamentary under-?secretary\b
Arthur,Davidson,Commons,Parliamentary Secretary (Law Officers),1974-07-26,1979-05-07,1746.0,1974-02-28,204.0,Labour,Harold Wilson,https://id.parliament.uk/CmDgRU47,1094,non_senior,False,regex:\bparliamentary secretary\b
David,Owen,Commons,Minister of State (Department of Health and Social Security),1974-07-26,1976-09-10,777.0,1974-02-28,204.0,Labour,Harold Wilson,https://id.parliament.uk/zcZtiXy9,992,ambiguous,False,regex:\bminister of state\b
John,Grant,Commons,Parliamentary Under-Secretary (Ministry of Overseas Development),1974-10-01,1976-03-01,517.0,,,Labour,Harold Wilson,https://id.parliament.uk/lTSwFvGM,664,non_senior,False,regex:\bparliamentary under-?secretary\b
Trevor,Jones,Commons,Parliamentary Under-Secretary (Department of Health and Social Security),1974-10-18,1975-07-12,267.0,1974-10-10,1640.0,Labour,Harold Wilson,https://id.parliament.uk/UbFfRzU2,1071,non_senior,False,regex:\bparliamentary under-?secretary\b
Charles,Morris,Commons,Minister of State (Civil Service Department),1974-10-18,1979-05-04,1659.0,1974-10-10,1640.0,Labour,Harold Wilson,https://id.parliament.uk/5H8Y14pX,1341,ambiguous,False,regex:\bminister of state\b
Gavin,Strang,Commons,"Parliamentary Secretary (Ministry of Agriculture, Fisheries and Food)",1974-10-18,1979-05-04,1659.0,1974-10-10,1640.0,Labour,Harold Wilson,https://id.parliament.uk/idMo7Oku,597,non_senior,False,regex:\bparliamentary secretary\b
John,Smith,Commons,Parliamentary Under-Secretary (Department of Energy),1974-10-18,1975-12-03,411.0,1974-10-10,1640.0,Labour,Harold Wilson,https://id.parliament.uk/uZiuEU7D,564,non_senior,False,regex:\bparliamentary under-?secretary\b
Robert,Brown,Commons,Parliamentary Under-Secretary (Ministry of Defence) (Army),1974-10-18,1979-05-04,1659.0,1974-10-10,1640.0,Labour,Harold Wilson,https://id.parliament.uk/r1dYOtaF,1055,non_senior,False,regex:\bparliamentary under-?secretary\b
Harry,Ewing,Commons,Parliamentary Under-Secretary (Scottish Office),1974-10-18,1979-05-04,1659.0,1974-10-10,1640.0,Labour,Harold Wilson,https://id.parliament.uk/GI4JfYA0,1103,non_senior,False,regex:\bparliamentary under-?secretary\b
Robert,Sheldon,Commons,Minister of State (HM Treasury),1974-10-18,1975-06-17,242.0,1974-10-10,1640.0,Labour,Harold Wilson,https://id.parliament.uk/c5IVLCZq,436,ambiguous,False,regex:\bminister of state\b
John,Dormand,Commons,Lord Commissioner (HM Treasury) (Whip),1974-10-19,1979-05-04,1658.0,1974-10-10,1640.0,Labour,Harold Wilson,https://id.parliament.uk/nzrSPIOp,801,non_senior,False,regex:\bwhip\b
Betty,Boothroyd,Commons,Assistant Whip (HM Treasury),1974-10-24,1975-11-04,376.0,1974-10-10,1640.0,Labour,Harold Wilson,https://id.parliament.uk/LRdo2mBP,679,non_senior,False,regex:\bassistant whip\b
Peter,Snape,Commons,Assistant Whip (HM Treasury),1975-01-01,1977-01-01,731.0,1974-10-10,1640.0,Labour,Harold Wilson,https://id.parliament.uk/mTJICl9K,319,non_senior,False,regex:\bassistant whip\b
Margaret,Beckett,Commons,Assistant Whip (HM Treasury),1975-01-01,1976-01-01,365.0,1974-10-10,1640.0,Labour,Harold Wilson,https://id.parliament.uk/1L8qop3w,328,non_senior,False,regex:\bassistant whip\b
David,Davies,Commons,Minister of State (HM Treasury),1975-01-01,1979-01-01,1461.0,1974-10-10,1640.0,Labour,Harold Wilson,https://id.parliament.uk/yXJRf10u,539,ambiguous,False,regex:\bminister of state\b
David,Stoddart,Commons,Assistant Whip (HM Treasury),1975-01-27,1976-04-14,443.0,1974-10-10,1640.0,Labour,Harold Wilson,https://id.parliament.uk/xuGOQYBC,950,non_senior,False,regex:\bassistant whip\b
Kenneth,Marks,Commons,Parliamentary Under-Secretary (Department of Environment),1975-04-14,1979-05-04,1481.0,1974-10-10,1640.0,Labour,Harold Wilson,https://id.parliament.uk/SMi03Hsk,1339,non_senior,False,regex:\bparliamentary under-?secretary\b
Reginald,Prentice,Commons,Secretary of State for Overseas Development,1975-06-10,1976-12-20,559.0,1974-10-10,1640.0,Labour,Harold Wilson,https://id.parliament.uk/bfKKouvx,3261,senior,True,contains:secretary of state
Frederick,Mulley,Commons,Secretary of State for Education and Science,1975-06-10,1976-09-09,457.0,1974-10-10,1640.0,Labour,Harold Wilson,https://id.parliament.uk/XbTeIjjO,2977,senior,True,contains:secretary of state
James,Mackenzie,Commons,Minister of State (Department of Industry),1975-06-10,1976-04-14,309.0,1974-10-10,1640.0,Labour,Harold Wilson,https://id.parliament.uk/XmFRdxYM,1350,ambiguous,False,regex:\bminister of state\b
Eric,Varley,Commons,Secretary of State for Industry,1975-06-10,1979-05-04,1424.0,1974-10-10,1640.0,Labour,Harold Wilson,https://id.parliament.uk/imDOYRae,1830,senior,True,contains:secretary of state
Trevor,Jones,Commons,Parliamentary Under-Secretary (Welsh Office),1975-06-12,1979-05-04,1422.0,1974-10-10,1640.0,Labour,Harold Wilson,https://id.parliament.uk/UbFfRzU2,1071,non_senior,False,regex:\bparliamentary under-?secretary\b
Michael,Meacher,Commons,Parliamentary Under-Secretary (Department of Health and Social Security),1975-06-12,1976-04-14,307.0,1974-10-10,1640.0,Labour,Harold Wilson,https://id.parliament.uk/FdP6u6Vf,454,non_senior,False,regex:\bparliamentary under-?secretary\b
Gerald,Kaufman,Commons,Parliamentary Under-Secretary (Department of Industry),1975-06-12,1975-12-04,175.0,1974-10-10,1640.0,Labour,Harold Wilson,https://id.parliament.uk/oQmi7yIx,451,non_senior,False,regex:\bparliamentary under-?secretary\b
Joan,Lestor,Commons,Parliamentary Under-Secretary (Department of Education and Science),1975-06-12,1976-02-21,254.0,1974-10-10,1640.0,Labour,Harold Wilson,https://id.parliament.uk/gWFxN8f7,2465,non_senior,False,regex:\bparliamentary under-?secretary\b
John,Gilbert,Commons,Minister for Transport,1975-06-12,1976-09-10,456.0,1974-10-10,1640.0,Labour,Harold Wilson,https://id.parliament.uk/nFDeQ5yu,843,ambiguous,False,regex:\bminister for\b
Edward,Rowlands,Commons,Parliamentary Under-Secretary (Foreign and Commonwealth Office),1975-06-12,1976-04-14,307.0,1974-10-10,1640.0,Labour,Harold Wilson,https://id.parliament.uk/frmNh9nn,554,non_senior,False,regex:\bparliamentary under-?secretary\b
Ernest,Armstrong,Commons,Parliamentary Under-Secretary (Department of Environment),1975-06-12,1979-05-04,1422.0,1974-10-10,1640.0,Labour,Harold Wilson,https://id.parliament.uk/52DBgtyM,968,non_senior,False,regex:\bparliamentary under-?secretary\b
Robert,Sheldon,Commons,Financial Secretary (HM Treasury),1975-06-17,1979-05-04,1417.0,1974-10-10,1640.0,Labour,Harold Wilson,https://id.parliament.uk/c5IVLCZq,436,ambiguous,False,regex:\bfinancial secretary\b
Anthony,Benn,Commons,Secretary of State for Energy,1975-08-04,1979-05-04,1369.0,1974-10-10,1640.0,Labour,Harold Wilson,https://id.parliament.uk/cKwj1NnB,326,senior,True,contains:secretary of state
Francis,McElhone,Commons,Parliamentary Under-Secretary (Scottish Office),1975-09-12,1979-05-04,1330.0,1974-10-10,1640.0,Labour,Harold Wilson,https://id.parliament.uk/5gUtjFx0,917,non_senior,False,regex:\bparliamentary under-?secretary\b
Gerald,Kaufman,Commons,Minister of State (Department of Industry),1975-12-04,1979-05-04,1247.0,1974-10-10,1640.0,Labour,Harold Wilson,https://id.parliament.uk/oQmi7yIx,451,ambiguous,False,regex:\bminister of state\b
John,Smith,Commons,Minister of State (Department of Energy),1975-12-04,1976-04-13,131.0,1974-10-10,1640.0,Labour,Harold Wilson,https://id.parliament.uk/uZiuEU7D,564,ambiguous,False,regex:\bminister of state\b
Neil,Carmichael,Commons,Parliamentary Under-Secretary (Department of Industry),1975-12-04,1976-04-14,132.0,1974-10-10,1640.0,Labour,Harold Wilson,https://id.parliament.uk/8tyWH6Lk,1037,non_senior,False,regex:\bparliamentary under-?secretary\b
Alan,Williams,Commons,Minister of State (Department of Industry),1976-01-01,1979-01-01,1096.0,1974-10-10,1640.0,Labour,Harold Wilson,https://id.parliament.uk/7gUJqpZZ,569,ambiguous,False,regex:\bminister of state\b
Margaret,Beckett,Commons,Parliamentary Under-Secretary (Department of Education and Science),1976-01-01,1979-01-01,1096.0,1974-10-10,1640.0,Labour,Harold Wilson,https://id.parliament.uk/1L8qop3w,328,non_senior,False,regex:\bparliamentary under-?secretary\b
John,Fraser,Commons,Minister of State (Department of Prices and Consumer Protection),1976-01-01,1979-01-01,1096.0,1974-10-10,1640.0,Labour,Harold Wilson,https://id.parliament.uk/eYYvgn1m,1021,ambiguous,False,regex:\bminister of state\b
Brynmor,John,Commons,Minister of State (Home Office),1976-01-01,1979-01-01,1096.0,1974-10-10,1640.0,Labour,Harold Wilson,https://id.parliament.uk/9OMfuzJs,708,ambiguous,False,regex:\bminister of state\b
John,Smith,Commons,Minister of State (Privy Council Office),1976-01-23,1978-04-08,806.0,1974-10-10,1640.0,Labour,Harold Wilson,https://id.parliament.uk/uZiuEU7D,564,ambiguous,False,regex:\bminister of state\b
Albert,Stallard,Commons,Assistant Whip (HM Treasury),1976-02-05,1978-07-05,881.0,1974-10-10,1640.0,Labour,Harold Wilson,https://id.parliament.uk/NGrdvayz,3136,non_senior,False,regex:\bassistant whip\b
John,Tomlinson,Commons,Parliamentary Under-Secretary (Foreign and Commonwealth Office),1976-03-17,1979-05-04,1143.0,1974-10-10,1640.0,Labour,Harold Wilson,https://id.parliament.uk/oLG9Do2q,1702,non_senior,False,regex:\bparliamentary under-?secretary\b
Leslie,Huckfield,Commons,Parliamentary Under-Secretary (Department of Industry),1976-04-04,1979-05-04,1125.0,1974-10-10,1640.0,Labour,Harold Wilson,https://id.parliament.uk/MgjGmI7P,874,non_senior,False,regex:\bparliamentary under-?secretary\b
David,Stoddart,Commons,Lord Commissioner (HM Treasury) (Whip),1976-04-04,1977-11-18,593.0,1974-10-10,1640.0,Labour,Harold Wilson,https://id.parliament.uk/xuGOQYBC,950,non_senior,False,regex:\bwhip\b
Leonard,Callaghan,Commons,"Prime Minister, First Lord of the Treasury and Minister for the Civil Service",1976-04-05,1979-05-03,1123.0,1974-10-10,1640.0,Labour,Harold Wilson,https://id.parliament.uk/YSsLNF3h,3326,senior,True,contains:prime minister
Peter,Shore,Commons,Secretary of State for Environment,1976-04-08,1979-05-04,1121.0,1974-10-10,1640.0,Labour,James Callaghan,https://id.parliament.uk/zqMyUBMz,944,senior,True,contains:secretary of state
David,Ennals,Commons,Secretary of State for Social Services,1976-04-08,1979-05-04,1121.0,1974-10-10,1640.0,Labour,James Callaghan,https://id.parliament.uk/GgEnqOnV,2959,senior,True,contains:secretary of state
Albert,Booth,Commons,Secretary of State for Employment,1976-04-08,1979-05-04,1121.0,1974-10-10,1640.0,Labour,James Callaghan,https://id.parliament.uk/CATMQaRP,982,senior,True,contains:secretary of state
Shirley,Williams,Commons,Paymaster General (HM Treasury),1976-04-08,1979-05-04,1121.0,1974-10-10,1640.0,Labour,James Callaghan,https://id.parliament.uk/URDlhhkg,740,ambiguous,False,regex:\bpaymaster general\b
Michael,Cocks,Commons,Parliamentary Secretary to the Treasury (Chief Whip),1976-04-08,1979-05-04,1121.0,1974-10-10,1640.0,Labour,James Callaghan,https://id.parliament.uk/X0ZaLrXy,782,non_senior,False,regex:\bparliamentary secretary\b
Bruce,Millan,Commons,Secretary of State for Scottish Office,1976-04-08,1979-05-04,1121.0,1974-10-10,1640.0,Labour,James Callaghan,https://id.parliament.uk/KoBAklrn,704,senior,True,contains:secretary of state
Stanley,Orme,Commons,Minister of State (Department of Health and Social Security),1976-04-08,1976-09-10,155.0,1974-10-10,1640.0,Labour,James Callaghan,https://id.parliament.uk/PLEyy8lV,3206,ambiguous,False,regex:\bminister of state\b
Michael,Foot,Commons,Lord President of the Council and Leader of the House of Commons (Privy Council Office),1976-04-08,1979-05-05,1122.0,1974-10-10,1640.0,Labour,James Callaghan,https://id.parliament.uk/ZZJIyNt5,831,senior,True,contains:lord president of the council
Thomas,Graham,Commons,Lord Commissioner (HM Treasury) (Whip),1976-04-14,1979-05-04,1115.0,1974-10-10,1640.0,Labour,James Callaghan,https://id.parliament.uk/wm5YEt2w,1068,non_senior,False,regex:\bwhip\b
John,Concannon,Commons,Minister of State (Northern Ireland Office),1976-04-14,1979-05-04,1115.0,1974-10-10,1640.0,Labour,James Callaghan,https://id.parliament.uk/kvOpJJ29,784,ambiguous,False,regex:\bminister of state\b
Eric,Deakins,Commons,Parliamentary Under-Secretary (Department of Health and Social Security),1976-04-14,1979-05-04,1115.0,1974-10-10,1640.0,Labour,James Callaghan,https://id.parliament.uk/Vqsqaf2B,796,non_senior,False,regex:\bparliamentary under-?secretary\b
John,Golding,Commons,Parliamentary Under-Secretary (Department of Employment),1976-04-14,1979-05-04,1115.0,1974-10-10,1640.0,Labour,James Callaghan,https://id.parliament.uk/LkNBZQMY,1106,non_senior,False,regex:\bparliamentary under-?secretary\b
James,Dunn,Commons,Parliamentary Under-Secretary (Northern Ireland Office),1976-04-14,1979-05-04,1115.0,1974-10-10,1640.0,Labour,James Callaghan,https://id.parliament.uk/5eF6TcGM,1015,non_senior,False,regex:\bparliamentary under-?secretary\b
John,Grant,Commons,Parliamentary Under-Secretary (Department of Employment),1976-04-14,1979-05-04,1115.0,1974-10-10,1640.0,Labour,James Callaghan,https://id.parliament.uk/lTSwFvGM,664,non_senior,False,regex:\bparliamentary under-?secretary\b
Frank,White,Commons,Assistant Whip (HM Treasury),1976-04-14,1978-10-31,930.0,1974-10-10,1640.0,Labour,James Callaghan,https://id.parliament.uk/tKg6eKVM,1299,non_senior,False,regex:\bassistant whip\b
Albert,Duffy,Commons,Parliamentary Under-Secretary (Ministry of Defence) (Royal Navy),1976-04-14,1979-05-04,1115.0,1974-10-10,1640.0,Labour,James Callaghan,https://id.parliament.uk/e4apEMKA,806,non_senior,False,regex:\bparliamentary under-?secretary\b
Jesse,Mabon,Commons,Minister of State (Department of Energy),1976-04-14,1979-05-04,1115.0,1974-10-10,1640.0,Labour,James Callaghan,https://id.parliament.uk/jlBLO7xs,909,ambiguous,False,regex:\bminister of state\b
James,Mackenzie,Commons,Minister of State (Scottish Office),1976-04-14,1979-05-04,1115.0,1974-10-10,1640.0,Labour,James Callaghan,https://id.parliament.uk/XmFRdxYM,1350,ambiguous,False,regex:\bminister of state\b
Alfred,Wellbeloved,Commons,Parliamentary Under-Secretary (Ministry of Defence) (Air Force),1976-04-14,1979-05-04,1115.0,1974-10-10,1640.0,Labour,James Callaghan,https://id.parliament.uk/zQWMz4JK,1182,non_senior,False,regex:\bparliamentary under-?secretary\b
Harold,Walker,Commons,Minister of State (Department of Employment),1976-04-14,1979-05-04,1115.0,1974-10-10,1640.0,Labour,James Callaghan,https://id.parliament.uk/nkq3A6Ey,1006,ambiguous,False,regex:\bminister of state\b
Michael,Meacher,Commons,Parliamentary Under-Secretary (Department of Trade),1976-04-14,1979-05-04,1115.0,1974-10-10,1640.0,Labour,James Callaghan,https://id.parliament.uk/FdP6u6Vf,454,non_senior,False,regex:\bparliamentary under-?secretary\b
Raymond,Carter,Commons,Parliamentary Under-Secretary (Northern Ireland Office),1976-04-14,1979-05-04,1115.0,1974-10-10,1640.0,Labour,James Callaghan,https://id.parliament.uk/ROF6XktV,1624,non_senior,False,regex:\bparliamentary under-?secretary\b
Gordon,Oakes,Commons,Parliamentary Under-Secretary (Department of Energy),1976-04-14,1976-09-10,149.0,1974-10-10,1640.0,Labour,James Callaghan,https://id.parliament.uk/8HCUTlJC,1243,non_senior,False,regex:\bparliamentary under-?secretary\b
Edward,Rowlands,Commons,Minister of State (Foreign and Commonwealth Office),1976-04-14,1979-06-04,1146.0,1974-10-10,1640.0,Labour,James Callaghan,https://id.parliament.uk/frmNh9nn,554,ambiguous,False,regex:\bminister of state\b
James,Tinn,Commons,Assistant Whip (HM Treasury),1976-06-16,1979-05-04,1052.0,1974-10-10,1640.0,Labour,James Callaghan,https://id.parliament.uk/jcYG3U9e,1361,non_senior,False,regex:\bassistant whip\b
Roy,Mason,Commons,Secretary of State for Northern Ireland,1976-09-09,1979-05-04,967.0,1974-10-10,1640.0,Labour,James Callaghan,https://id.parliament.uk/pWHpqFcZ,1062,senior,True,contains:secretary of state
George,Cryer,Commons,Parliamentary Under-Secretary (Department of Industry),1976-09-10,1978-11-20,801.0,1974-10-10,1640.0,Labour,James Callaghan,https://id.parliament.uk/nRyDBRTl,690,non_senior,False,regex:\bparliamentary under-?secretary\b
John,Cunningham,Commons,Parliamentary Under-Secretary (Department of Energy),1976-09-10,1979-05-04,966.0,1974-10-10,1640.0,Labour,James Callaghan,https://id.parliament.uk/U3EBKKjK,496,non_senior,False,regex:\bparliamentary under-?secretary\b
William,Rodgers,Commons,Secretary of State for Transport,1976-09-10,1979-05-04,966.0,1974-10-10,1640.0,Labour,James Callaghan,https://id.parliament.uk/9dvXtuKV,940,senior,True,contains:secretary of state
Peter,Mond,Lords,Minister of State (Northern Ireland Office),1976-09-10,1979-05-04,966.0,1974-10-10,1640.0,Other,James Callaghan,https://id.parliament.uk/XjZkxSYh,1889,ambiguous,False,regex:\bminister of state\b
Stanley,Orme,Commons,Minister (Department of Health and Social Security) (Social Security),1976-09-10,1979-05-04,966.0,1974-10-10,1640.0,Labour,James Callaghan,https://id.parliament.uk/PLEyy8lV,3206,ambiguous,False,default
David,Owen,Commons,Minister of State (Foreign and Commonwealth Office),1976-09-10,1977-02-21,164.0,1974-10-10,1640.0,Labour,James Callaghan,https://id.parliament.uk/zcZtiXy9,992,ambiguous,False,regex:\bminister of state\b
Frederick,Mulley,Commons,Secretary of State for Defence,1976-09-10,1979-05-04,966.0,1974-10-10,1640.0,Labour,James Callaghan,https://id.parliament.uk/XbTeIjjO,2977,senior,True,contains:secretary of state
Roland,Moyle,Commons,Minister of State (Department of Health and Social Security),1976-09-10,1979-05-04,966.0,1974-10-10,1640.0,Labour,James Callaghan,https://id.parliament.uk/hjoseQQO,1336,ambiguous,False,regex:\bminister of state\b
Merlyn,Rees,Commons,Home Secretary,1976-09-10,1979-05-04,966.0,1974-10-10,1640.0,Labour,James Callaghan,https://id.parliament.uk/i35wOJro,936,ambiguous,False,default
Roy,Hattersley,Commons,Secretary of State for Prices and Consumer Protection,1976-09-10,1979-05-05,967.0,1974-10-10,1640.0,Labour,James Callaghan,https://id.parliament.uk/CBMA1d1v,858,senior,True,contains:secretary of state
Gordon,Oakes,Commons,Minister of State (Department of Education and Science),1976-09-10,1979-05-04,966.0,1974-10-10,1640.0,Labour,James Callaghan,https://id.parliament.uk/8HCUTlJC,1243,ambiguous,False,regex:\bminister of state\b
John,Gilbert,Commons,Minister of State (Ministry of Defence),1976-09-10,1979-05-04,966.0,1974-10-10,1640.0,Labour,James Callaghan,https://id.parliament.uk/nFDeQ5yu,843,ambiguous,False,regex:\bminister of state\b
Shirley,Williams,Commons,Secretary of State for Education and Science,1976-09-10,1979-05-04,966.0,1974-10-10,1640.0,Labour,James Callaghan,https://id.parliament.uk/URDlhhkg,740,senior,True,contains:secretary of state
John,Silkin,Commons,"Secretary of State for Agriculture, Fisheries and Food",1976-09-10,1979-05-04,966.0,1974-10-10,1640.0,Labour,James Callaghan,https://id.parliament.uk/ze3iKK7K,1335,senior,True,contains:secretary of state
John,Horam,Commons,Parliamentary Under-Secretary (Department for Transport),1976-09-12,1979-05-03,963.0,1974-10-10,1640.0,Labour,James Callaghan,https://id.parliament.uk/wtsenmJj,196,non_senior,False,regex:\bparliamentary under-?secretary\b
Thomas,Peart,Lords,Lord Privy Seal and Leader of the House of Lords,1976-09-23,1979-05-04,953.0,1974-10-10,1640.0,,James Callaghan,https://id.parliament.uk/ccKzlSob,2348,senior,True,contains:lord privy seal
Joseph,Ashton,Commons,Assistant Whip (HM Treasury),1976-11-08,1977-11-09,366.0,1974-10-10,1640.0,Labour,James Callaghan,https://id.parliament.uk/gMPc200r,358,non_senior,False,regex:\bassistant whip\b
Nicolas,Barnett,Commons,Parliamentary Under-Secretary (Department of Environment),1976-12-05,1979-05-04,880.0,1974-10-10,1640.0,Labour,James Callaghan,https://id.parliament.uk/p0UfNd0f,1038,non_senior,False,regex:\bparliamentary under-?secretary\b
Frank,Judd,Commons,Minister (Foreign and Commonwealth Office) (Overseas Development),1976-12-21,1977-02-21,62.0,1974-10-10,1640.0,Labour,James Callaghan,https://id.parliament.uk/j3uLxcn4,1660,ambiguous,False,default
Peter,Snape,Commons,Lord Commissioner (HM Treasury) (Whip),1977-01-01,1979-01-01,730.0,1974-10-10,1640.0,Labour,James Callaghan,https://id.parliament.uk/mTJICl9K,319,non_senior,False,regex:\bwhip\b
John,Tomlinson,Commons,Parliamentary Under-Secretary (Ministry of Overseas Development),1977-01-03,1979-05-04,851.0,1974-10-10,1640.0,Labour,James Callaghan,https://id.parliament.uk/oLG9Do2q,1702,non_senior,False,regex:\bparliamentary under-?secretary\b
Winifred,Taylor,Commons,Assistant Whip (HM Treasury),1977-01-19,1979-05-04,835.0,1974-10-10,1640.0,Labour,James Callaghan,https://id.parliament.uk/rjOhPobl,407,non_senior,False,regex:\bassistant whip\b
Thomas,Cox,Commons,Lord Commissioner (HM Treasury) (Whip),1977-01-19,1979-05-04,835.0,1974-10-10,1640.0,Labour,James Callaghan,https://id.parliament.uk/nZvlOLd9,205,non_senior,False,regex:\bwhip\b
David,Owen,Commons,Foreign Secretary,1977-02-21,1979-05-04,802.0,1974-10-10,1640.0,Labour,James Callaghan,https://id.parliament.uk/zcZtiXy9,992,ambiguous,False,default
Judith,Hart,Commons,Minister of State (Ministry of Overseas Development),1977-02-21,1979-05-05,803.0,1974-10-10,1640.0,Labour,James Callaghan,https://id.parliament.uk/aHWyhv9n,857,ambiguous,False,regex:\bminister of state\b
Frank,Judd,Commons,Minister of State (Foreign and Commonwealth Office),1977-02-21,1979-05-04,802.0,1974-10-10,1640.0,Labour,James Callaghan,https://id.parliament.uk/j3uLxcn4,1660,ambiguous,False,regex:\bminister of state\b
James,Marshall,Commons,Assistant Whip (HM Treasury),1977-11-23,1979-05-04,527.0,1974-10-10,1640.0,Labour,James Callaghan,https://id.parliament.uk/JfHjjy1u,339,non_senior,False,regex:\bassistant whip\b
Donald,Coleman,Commons,Vice-Chamberlain (HM Household),1978-06-12,1979-05-03,325.0,1974-10-10,1640.0,Labour,James Callaghan,https://id.parliament.uk/kxgijBgk,723,ambiguous,False,default
Albert,Stallard,Commons,Lord Commissioner (HM Treasury) (Whip),1978-07-05,1979-01-17,196.0,1974-10-10,1640.0,Labour,James Callaghan,https://id.parliament.uk/NGrdvayz,3136,non_senior,False,regex:\bwhip\b
James,Hamilton,Commons,Comptroller (HM Household),1978-07-05,1979-05-03,302.0,1974-10-10,1640.0,Labour,James Callaghan,https://id.parliament.uk/7Gj3CnfA,978,ambiguous,False,default
Joseph,Dean,Commons,Assistant Whip (HM Treasury),1978-07-06,1979-05-04,302.0,1974-10-10,1640.0,Labour,James Callaghan,https://id.parliament.uk/nMEUzqxK,1107,non_senior,False,regex:\bassistant whip\b
John,Evans,Commons,Assistant Whip (HM Treasury),1978-10-31,1979-05-04,185.0,1974-10-10,1640.0,Labour,James Callaghan,https://id.parliament.uk/wL3nSoLY,1082,non_senior,False,regex:\bassistant whip\b
Thomas,Pendry,Commons,Parliamentary Under-Secretary (Northern Ireland Office),1978-11-11,1979-05-04,174.0,1974-10-10,1640.0,Labour,James Callaghan,https://id.parliament.uk/q8YR787q,457,non_senior,False,regex:\bparliamentary under-?secretary\b
John,Smith,Commons,Secretary of State for Trade,1978-11-11,1979-05-03,173.0,1974-10-10,1640.0,Labour,James Callaghan,https://id.parliament.uk/uZiuEU7D,564,senior,True,contains:secretary of state
Bryan,Davies,Commons,Assistant Whip (HM Treasury),1979-01-17,1979-05-04,107.0,1974-10-10,1640.0,Labour,James Callaghan,https://id.parliament.uk/mA0w6C2f,987,non_senior,False,regex:\bassistant whip\b
Bertram,Bowyer,Lords,"Captain of the Honourable Corps of Gentlemen-at-Arms (HM Household) (Chief Whip, House of Lords)",1979-05-04,1991-05-31,4410.0,1979-05-03,1471.0,Conservative,James Callaghan,https://id.parliament.uk/34xhXodA,2696,non_senior,False,regex:\bwhip\b
William,Whitelaw,Commons,"Deputy Prime Minister, Lord President of the Council (Cabinet Office) (with Special Responsibility for Political and Constitutional Reform)",1979-05-04,1988-01-10,3173.0,1979-05-03,1471.0,Conservative,James Callaghan,https://id.parliament.uk/6LEjNWW7,1722,senior,True,contains:prime minister
Margaret,Thatcher,Commons,"Prime Minister, First Lord of the Treasury and Minister for the Civil Service",1979-05-04,1990-11-28,4226.0,1979-05-03,1471.0,Conservative,James Callaghan,https://id.parliament.uk/xUmb6Tyk,953,senior,True,contains:prime minister
William,Whitelaw,Lords,"Deputy Prime Minister, Lord President of the Council (Cabinet Office) (with Special Responsibility for Political and Constitutional Reform)",1979-05-04,1988-01-10,3173.0,1979-05-03,1471.0,Conservative,James Callaghan,https://id.parliament.uk/6LEjNWW7,1722,senior,True,contains:prime minister
Roger,Edwards,Commons,Secretary of State for Wales,1979-05-05,1987-06-12,2960.0,1979-05-03,1471.0,Conservative,Margaret Thatcher,https://id.parliament.uk/4ELf0jdw,1058,senior,True,contains:secretary of state
Norman,St John-Stevas,Commons,"Leader of the House of Commons, Minister for the Arts and Chancellor of the Duchy of Lancaster",1979-05-05,1981-01-04,610.0,1979-05-03,1471.0,Conservative,Margaret Thatcher,https://id.parliament.uk/6v16nqWU,946,senior,True,contains:chancellor of the duchy of lancaster
Mark,Carlisle,Commons,Secretary of State for Education and Science,1979-05-05,1981-09-13,862.0,1979-05-03,1471.0,Conservative,Margaret Thatcher,https://id.parliament.uk/P9Q6noF8,774,senior,True,contains:secretary of state
Richard,Howe,Commons,Chancellor of the Exchequer,1979-05-05,1983-06-10,1497.0,1979-05-03,1471.0,Conservative,Margaret Thatcher,https://id.parliament.uk/Ta7hlBXe,872,senior,True,contains:chancellor of the exchequer
Arthur,Soames,Lords,Lord President of the Council and Leader of the House Lords (Privy Council Office),1979-05-05,1981-09-13,862.0,1979-05-03,1471.0,Conservative,Margaret Thatcher,https://id.parliament.uk/kAba1eod,2416,senior,True,contains:lord president of the council
Ian,Gilmour,Commons,Lord Privy Seal and Deputy Foreign Secretary,1979-05-05,1981-09-13,862.0,1979-05-03,1471.0,Conservative,Margaret Thatcher,https://id.parliament.uk/uyfbyBz1,2606,senior,True,contains:lord privy seal
William,Biffen,Commons,Chief Secretary to the Treasury,1979-05-05,1981-01-04,610.0,1979-05-03,1471.0,Conservative,Margaret Thatcher,https://id.parliament.uk/PPipv6bN,749,senior,True,contains:chief secretary to the treasury
Angus,Maude,Commons,Paymaster General (HM Treasury),1979-05-05,1981-01-04,610.0,1979-05-03,1471.0,Conservative,Margaret Thatcher,https://id.parliament.uk/6s12Bmip,3091,ambiguous,False,regex:\bpaymaster general\b
John,Nott,Commons,Secretary of State for Trade,1979-05-05,1981-01-04,610.0,1979-05-03,1471.0,Conservative,Margaret Thatcher,https://id.parliament.uk/mM16LlhF,926,senior,True,contains:secretary of state
David,Howell,Commons,Secretary of State for Energy,1979-05-05,1981-09-13,862.0,1979-05-03,1471.0,Conservative,Margaret Thatcher,https://id.parliament.uk/jAgDv8hd,993,senior,True,contains:secretary of state
Michael,Heseltine,Commons,Secretary of State for Environment,1979-05-05,1983-01-05,1341.0,1979-05-03,1471.0,Conservative,Margaret Thatcher,https://id.parliament.uk/HDWaJnag,94,senior,True,contains:secretary of state
Thomas,Jopling,Commons,Parliamentary Secretary to the Treasury (Chief Whip),1979-05-05,1983-06-10,1497.0,1979-05-03,1471.0,Conservative,Margaret Thatcher,https://id.parliament.uk/yyQe6SJm,883,non_senior,False,regex:\bparliamentary secretary\b
Humphrey,Atkins,Commons,Secretary of State for Northern Ireland,1979-05-05,1981-09-13,862.0,1979-05-03,1471.0,Conservative,Margaret Thatcher,https://id.parliament.uk/HRGLoHkG,970,senior,True,contains:secretary of state
Peter,Walker,Commons,"Secretary of State for Agriculture, Fisheries and Food",1979-05-05,1983-06-10,1497.0,1979-05-03,1471.0,Conservative,Margaret Thatcher,https://id.parliament.uk/4eJ0v0w4,1045,senior,True,contains:secretary of state
James,Prior,Commons,Secretary of State for Employment,1979-05-05,1981-09-13,862.0,1979-05-03,1471.0,Conservative,Margaret Thatcher,https://id.parliament.uk/mraBVJfH,1104,senior,True,contains:secretary of state
George,Younger,Commons,Secretary of State for Scottish Office,1979-05-05,1986-01-11,2443.0,1979-05-03,1471.0,Conservative,Margaret Thatcher,https://id.parliament.uk/GAaGEDAS,969,senior,True,contains:secretary of state
Francis,Pym,Commons,Secretary of State for Defence,1979-05-05,1981-01-04,610.0,1979-05-03,1471.0,Conservative,Margaret Thatcher,https://id.parliament.uk/gzClaQUx,3257,senior,True,contains:secretary of state
William,Whitelaw,Commons,Home Secretary,1979-05-05,1983-06-10,1497.0,1979-05-03,1471.0,Conservative,Margaret Thatcher,https://id.parliament.uk/6LEjNWW7,1722,ambiguous,False,default
Charles,Jenkin,Commons,Secretary of State for Health and Social Security,1979-05-05,1981-09-13,862.0,1979-05-03,1471.0,Conservative,Margaret Thatcher,https://id.parliament.uk/Se3SjGlA,1097,senior,True,contains:secretary of state
Leon,Brittan,Commons,Minister of State (Home Office),1979-05-06,1981-01-05,610.0,1979-05-03,1471.0,Conservative,Margaret Thatcher,https://id.parliament.uk/sEV4x8R1,709,ambiguous,False,regex:\bminister of state\b
Bernard,Hayhoe,Commons,Parliamentary Under-Secretary (Ministry of Defence) (Army),1979-05-06,1981-01-04,609.0,1979-05-03,1471.0,Conservative,Margaret Thatcher,https://id.parliament.uk/H5sMqJAB,861,non_senior,False,regex:\bparliamentary under-?secretary\b
Sally,Oppenheim-Barnes,Commons,Minister of State (Consumer Affairs),1979-05-06,1982-03-04,1033.0,1979-05-03,1471.0,Conservative,Margaret Thatcher,https://id.parliament.uk/kxgtanTt,3210,ambiguous,False,regex:\bminister of state\b
Thomas,King,Commons,Minister of State (Department of Environment) (Local Government),1979-05-06,1983-01-05,1340.0,1979-05-03,1471.0,Conservative,Margaret Thatcher,https://id.parliament.uk/YQNFoAVs,254,ambiguous,False,regex:\bminister of state\b
Herbert,Speed,Commons,Parliamentary Under-Secretary (Ministry of Defence) (Royal Navy),1979-05-06,1981-05-18,743.0,1979-05-03,1471.0,Conservative,Margaret Thatcher,https://id.parliament.uk/nAO2W3n8,1234,non_senior,False,regex:\bparliamentary under-?secretary\b
Peter,Blaker,Commons,Minister of State (Foreign and Commonwealth Office),1979-05-06,1981-05-29,754.0,1979-05-03,1471.0,Conservative,Margaret Thatcher,https://id.parliament.uk/Dt1v38ti,750,ambiguous,False,regex:\bminister of state\b
David,Mitchell,Commons,Parliamentary Under-Secretary (Department of Industry),1979-05-06,1981-01-05,610.0,1979-05-03,1471.0,Conservative,Margaret Thatcher,https://id.parliament.uk/MkMy9i7v,1184,non_senior,False,regex:\bparliamentary under-?secretary\b
Robert,Marshall,Commons,Parliamentary Under-Secretary (Department of Industry),1979-05-06,1981-09-15,863.0,1979-05-03,1471.0,Conservative,Margaret Thatcher,https://id.parliament.uk/ZciJL1OO,1231,non_senior,False,regex:\bparliamentary under-?secretary\b
Geoffrey,Pattie,Commons,Parliamentary Under-Secretary (Ministry of Defence) (Air),1979-05-06,1981-05-29,754.0,1979-05-03,1471.0,Conservative,Margaret Thatcher,https://id.parliament.uk/ysrpb4bD,1230,non_senior,False,regex:\bparliamentary under-?secretary\b
Nigel,Lawson,Commons,Financial Secretary (HM Treasury),1979-05-06,1981-09-29,877.0,1979-05-03,1471.0,Conservative,Margaret Thatcher,https://id.parliament.uk/7MAn0Q3l,1039,ambiguous,False,regex:\bfinancial secretary\b
Richard,Luce,Commons,Parliamentary Under-Secretary (Foreign and Commonwealth Office) (Overseas Development),1979-05-06,1981-09-13,861.0,1979-05-03,1471.0,Conservative,Margaret Thatcher,https://id.parliament.uk/53Ye2Prw,908,non_senior,False,regex:\bparliamentary under-?secretary\b
Adam,Butler,Commons,Minister of State (Department of Industry),1979-05-06,1981-01-05,610.0,1979-05-03,1471.0,Conservative,Margaret Thatcher,https://id.parliament.uk/pFjhV4YR,1093,ambiguous,False,regex:\bminister of state\b
Nicholas,Ridley,Commons,Minister of State (Foreign and Commonwealth Office),1979-05-06,1981-09-29,877.0,1979-05-03,1471.0,Conservative,Margaret Thatcher,https://id.parliament.uk/pudylhrb,1304,ambiguous,False,regex:\bminister of state\b
Douglas,Hurd,Commons,Minister of State (Foreign and Commonwealth Office),1979-05-06,1983-06-11,1497.0,1979-05-03,1471.0,Conservative,Margaret Thatcher,https://id.parliament.uk/7Ep6IlO4,875,ambiguous,False,regex:\bminister of state\b
Peter,Rees,Commons,Minister of State (HM Treasury),1979-05-06,1981-09-14,862.0,1979-05-03,1471.0,Conservative,Margaret Thatcher,https://id.parliament.uk/Qs6kU4Yv,3270,ambiguous,False,regex:\bminister of state\b
Timothy,Raison,Commons,Minister of State (Home Office),1979-05-06,1983-01-06,1341.0,1979-05-03,1471.0,Conservative,Margaret Thatcher,https://id.parliament.uk/oSxegE0l,935,ambiguous,False,regex:\bminister of state\b
Robert,Havers,Commons,Attorney General (Law Officers),1979-05-06,1987-06-12,2959.0,1979-05-03,1471.0,Conservative,Margaret Thatcher,https://id.parliament.uk/iF5GxHU3,859,ambiguous,False,regex:\battorney general\b
John,Stradling Thomas,Commons,Deputy Chief Whip and Treasurer,1979-05-06,1983-02-16,1382.0,1979-05-03,1471.0,Conservative,Margaret Thatcher,https://id.parliament.uk/vyBH37V3,724,non_senior,False,regex:\bwhip\b
Walter,Percival,Commons,Solicitor-General,1979-05-06,1983-06-10,1496.0,1979-05-03,1471.0,Conservative,Margaret Thatcher,https://id.parliament.uk/Is7toTll,1355,ambiguous,False,default
Rhodes,Boyson,Commons,Parliamentary Under-Secretary (Department of Education and Science),1979-05-07,1983-06-13,1498.0,1979-05-03,1471.0,Conservative,Margaret Thatcher,https://id.parliament.uk/ZMaZcVEU,756,non_senior,False,regex:\bparliamentary under-?secretary\b
Philip,Goodhart,Commons,Parliamentary Under-Secretary (Northern Ireland Office),1979-05-07,1981-01-05,609.0,1979-05-03,1471.0,Conservative,Margaret Thatcher,https://id.parliament.uk/6AKb5Pwr,846,non_senior,False,regex:\bparliamentary under-?secretary\b
Reginald,Eyre,Commons,Parliamentary Under-Secretary (Department of Trade),1979-05-07,1982-03-05,1033.0,1979-05-03,1471.0,Conservative,Margaret Thatcher,https://id.parliament.uk/rh3YldoA,1049,non_senior,False,regex:\bparliamentary under-?secretary\b
Nicholas,Fairbairn,Commons,Solicitor-General Scotland,1979-05-07,1982-01-27,996.0,1979-05-03,1471.0,Conservative,Margaret Thatcher,https://id.parliament.uk/cZeSEGD8,694,ambiguous,False,default
Hugh,Rossi,Commons,Minister of State (Northern Ireland Office),1979-05-07,1981-01-05,609.0,1979-05-03,1471.0,Conservative,Margaret Thatcher,https://id.parliament.uk/5huB2VwH,941,ambiguous,False,regex:\bminister of state\b
Thomas,Fairgrieve,Commons,Parliamentary Under-Secretary (Scottish Office),1979-05-07,1981-09-15,862.0,1979-05-03,1471.0,Conservative,Margaret Thatcher,https://id.parliament.uk/UKBXlhSZ,819,non_senior,False,regex:\bparliamentary under-?secretary\b
Peter,Morrison,Commons,Lord Commissioner (HM Treasury) (Whip),1979-05-07,1981-01-05,609.0,1979-05-03,1471.0,Conservative,Margaret Thatcher,https://id.parliament.uk/9z6TNW0u,1277,non_senior,False,regex:\bwhip\b
Gerard,Vaughan,Commons,Minister of State (Department of Health and Social Security),1979-05-07,1982-03-04,1032.0,1979-05-03,1471.0,Conservative,Margaret Thatcher,https://id.parliament.uk/Q9OwDeZe,1255,ambiguous,False,regex:\bminister of state\b
Geoffrey,Finsberg,Commons,Parliamentary Under-Secretary (Department of Environment),1979-05-07,1981-09-15,862.0,1979-05-03,1471.0,Conservative,Margaret Thatcher,https://id.parliament.uk/4YweEtIA,2933,non_senior,False,regex:\bparliamentary under-?secretary\b
John,Stanley,Commons,Minister (Department of Environment) (Housing & Construction),1979-05-07,1983-06-12,1497.0,1979-05-03,1471.0,Conservative,Margaret Thatcher,https://id.parliament.uk/wcZ0EzWM,91,ambiguous,False,default
Anthony,Berry,Commons,Vice-Chamberlain (HM Household),1979-05-07,1981-09-29,876.0,1979-05-03,1471.0,Conservative,Margaret Thatcher,https://id.parliament.uk/7oyw6nKb,1083,ambiguous,False,default
James,Douglas-Hamilton,Commons,Lord Commissioner (HM Treasury) (Whip),1979-05-07,1981-10-01,878.0,1979-05-03,1471.0,Conservative,Margaret Thatcher,https://id.parliament.uk/io57LQOv,802,non_senior,False,regex:\bwhip\b
Michael,Roberts,Commons,Parliamentary Under-Secretary (Welsh Office),1979-05-07,1983-01-06,1340.0,1979-05-03,1471.0,Conservative,Margaret Thatcher,https://id.parliament.uk/oiFHwxKf,1035,non_senior,False,regex:\bparliamentary under-?secretary\b
Alexander,Fletcher,Commons,Parliamentary Under-Secretary (Scottish Office),1979-05-07,1983-06-14,1499.0,1979-05-03,1471.0,Conservative,Margaret Thatcher,https://id.parliament.uk/WrXsygxt,983,non_senior,False,regex:\bparliamentary under-?secretary\b
Ieuan,Roberts,Commons,Parliamentary Under-Secretary (Welsh Office),1979-05-07,1987-06-13,2959.0,1979-05-03,1471.0,Conservative,Margaret Thatcher,https://id.parliament.uk/GTeoy1OM,1232,non_senior,False,regex:\bparliamentary under-?secretary\b
Malcolm,Rifkind,Commons,Parliamentary Under-Secretary (Scottish Office),1979-05-07,1982-04-06,1065.0,1979-05-03,1471.0,Conservative,Margaret Thatcher,https://id.parliament.uk/Os58GI3o,1191,non_senior,False,regex:\bparliamentary under-?secretary\b
Cecil,Parkinson,Commons,Minister of State (Department of Trade),1979-05-07,1981-09-13,860.0,1979-05-03,1471.0,Conservative,Margaret Thatcher,https://id.parliament.uk/j6FyF6ff,931,ambiguous,False,regex:\bminister of state\b
John,Shaw,Commons,Parliamentary Under-Secretary (Northern Ireland Office),1979-05-07,1981-01-05,609.0,1979-05-03,1471.0,Conservative,Margaret Thatcher,https://id.parliament.uk/Jkv2h62I,1254,non_senior,False,regex:\bparliamentary under-?secretary\b
Michael,Alison,Commons,Minister of State (Northern Ireland Office),1979-05-07,1981-09-15,862.0,1979-05-03,1471.0,Conservative,Margaret Thatcher,https://id.parliament.uk/0BegVILq,736,ambiguous,False,regex:\bminister of state\b
James,Gray,Commons,Minister of State (Department of Energy),1979-05-07,1983-06-12,1497.0,1979-05-03,1471.0,Conservative,Margaret Thatcher,https://id.parliament.uk/2qxhX3mD,1017,ambiguous,False,regex:\bminister of state\b
Norman,Tebbit,Commons,Parliamentary Under-Secretary (Department of Trade),1979-05-07,1981-01-05,609.0,1979-05-03,1471.0,Conservative,Margaret Thatcher,https://id.parliament.uk/o1G8UbPL,952,non_senior,False,regex:\bparliamentary under-?secretary\b
Reginald,Prentice,Commons,Minister of State (Department of Health and Social Security) (Social Security),1979-05-07,1981-01-04,608.0,1979-05-03,1471.0,Conservative,Margaret Thatcher,https://id.parliament.uk/bfKKouvx,3261,ambiguous,False,regex:\bminister of state\b
John,Fox,Commons,Parliamentary Under-Secretary (Department of Environment),1979-05-07,1981-01-05,609.0,1979-05-03,1471.0,Conservative,Margaret Thatcher,https://id.parliament.uk/79XX60jO,1025,non_senior,False,regex:\bparliamentary under-?secretary\b
Lynda,Chalker,Commons,Parliamentary Under-Secretary (Department of Health and Social Security),1979-05-07,1982-03-05,1033.0,1979-05-03,1471.0,Conservative,Margaret Thatcher,https://id.parliament.uk/8gRwq4gR,778,non_senior,False,regex:\bparliamentary under-?secretary\b
Hector,Monro,Commons,Parliamentary Under-Secretary (Department of Environment) (Sport),1979-05-07,1981-09-30,877.0,1979-05-03,1471.0,Conservative,Margaret Thatcher,https://id.parliament.uk/uFWbfP6Y,1238,non_senior,False,regex:\bparliamentary under-?secretary\b
John,Moore,Commons,Parliamentary Under-Secretary (Department of Energy),1979-05-07,1983-06-13,1498.0,1979-05-03,1471.0,Conservative,Margaret Thatcher,https://id.parliament.uk/eB5IkwTu,1022,non_senior,False,regex:\bparliamentary under-?secretary\b
James,Lester,Commons,Parliamentary Under-Secretary (Department of Employment),1979-05-07,1981-01-05,609.0,1979-05-03,1471.0,Conservative,Margaret Thatcher,https://id.parliament.uk/u99FNP5Q,903,non_senior,False,regex:\bparliamentary under-?secretary\b
John,MacGregor,Commons,Lord Commissioner (HM Treasury) (Whip),1979-05-07,1981-01-05,609.0,1979-05-03,1471.0,Conservative,Margaret Thatcher,https://id.parliament.uk/x4is0fjM,131,non_senior,False,regex:\bwhip\b
Alfred,Wiggin,Commons,"Parliamentary Under-Secretary (Ministry of Agriculture, Fisheries and Food)",1979-05-07,1981-09-29,876.0,1979-05-03,1471.0,Conservative,Margaret Thatcher,https://id.parliament.uk/P94BFMen,1270,non_senior,False,regex:\bparliamentary under-?secretary\b
Kenneth,Clarke,Commons,Parliamentary Secretary (Ministry of Transport),1979-05-07,1981-01-05,609.0,1979-05-03,1471.0,Conservative,Margaret Thatcher,https://id.parliament.uk/TyNGhslR,366,non_senior,False,regex:\bparliamentary secretary\b
David,Macfarlane,Commons,Parliamentary Under-Secretary (Department of Education and Science),1979-05-07,1981-09-15,862.0,1979-05-03,1471.0,Conservative,Margaret Thatcher,https://id.parliament.uk/5dXtQUCD,1295,non_senior,False,regex:\bparliamentary under-?secretary\b
George,Young,Commons,Parliamentary Under-Secretary (Department of Health and Social Security),1979-05-07,1981-09-15,862.0,1979-05-03,1471.0,Conservative,Margaret Thatcher,https://id.parliament.uk/9mJigEyv,57,non_senior,False,regex:\bparliamentary under-?secretary\b
Alick,Buchanan-Smith,Commons,"Minister of State (Ministry of Agriculture, Fisheries and Food)",1979-05-07,1983-06-13,1498.0,1979-05-03,1471.0,Conservative,Margaret Thatcher,https://id.parliament.uk/Hstd6UgP,727,ambiguous,False,regex:\bminister of state\b
David,Mather,Commons,Lord Commissioner (HM Treasury) (Whip),1979-05-07,1981-10-01,878.0,1979-05-03,1471.0,Conservative,Margaret Thatcher,https://id.parliament.uk/Vj43Ty1c,1315,non_senior,False,regex:\bwhip\b
Norman,Lamont,Commons,Parliamentary Under-Secretary (Department of Energy),1979-05-07,1981-09-05,852.0,1979-05-03,1471.0,Conservative,Margaret Thatcher,https://id.parliament.uk/SjERcCNu,895,non_senior,False,regex:\bparliamentary under-?secretary\b
Henry,Channon,Commons,Minister of State (Civil Service Department),1979-05-07,1981-01-04,608.0,1979-05-03,1471.0,Conservative,Margaret Thatcher,https://id.parliament.uk/MNbzKAyy,779,ambiguous,False,regex:\bminister of state\b
Keith,Joseph,Commons,Secretary of State for Industry,1979-05-07,1981-09-13,860.0,1979-05-03,1471.0,Conservative,Margaret Thatcher,https://id.parliament.uk/NGcXa023,2976,senior,True,contains:secretary of state
Patrick,Mayhew,Commons,Parliamentary Under-Secretary (Department of Employment),1979-05-07,1981-01-05,609.0,1979-05-03,1471.0,Conservative,Margaret Thatcher,https://id.parliament.uk/e7VHc97c,914,non_senior,False,regex:\bparliamentary under-?secretary\b
Spencer,Le Marchant,Commons,"Comptroller (HM Household) (Deputy Chief Whip, House of Commons)",1979-05-07,1981-09-29,876.0,1979-05-03,1471.0,Conservative,Margaret Thatcher,https://id.parliament.uk/AjM9EZmA,899,non_senior,False,regex:\bwhip\b
Peter,Fowler,Commons,Minister of State (Department for Transport),1979-05-11,1981-01-05,605.0,1979-05-03,1471.0,Conservative,Margaret Thatcher,https://id.parliament.uk/R3ZEnpii,315,ambiguous,False,regex:\bminister of state\b
Peter,Brooke,Commons,Assistant Whip (HM Treasury),1979-05-16,1981-09-30,868.0,1979-05-03,1471.0,Conservative,Margaret Thatcher,https://id.parliament.uk/roOxyfCY,154,non_senior,False,regex:\bassistant whip\b
Robert,Boscawen,Commons,Assistant Whip (HM Treasury),1979-05-16,1981-01-09,604.0,1979-05-03,1471.0,Conservative,Margaret Thatcher,https://id.parliament.uk/TzWqicsX,751,non_senior,False,regex:\bassistant whip\b
Antony,Newton,Commons,Assistant Whip (HM Treasury),1979-05-16,1981-09-30,868.0,1979-05-03,1471.0,Conservative,Margaret Thatcher,https://id.parliament.uk/zhRevA8R,925,non_senior,False,regex:\bassistant whip\b
David,Waddington,Commons,Lord Commissioner (HM Treasury) (Whip),1979-05-16,1981-01-05,600.0,1979-05-03,1471.0,Conservative,Margaret Thatcher,https://id.parliament.uk/LKXbst6v,722,non_senior,False,regex:\bwhip\b
John,Wakeham,Commons,Assistant Whip (HM Treasury),1979-05-16,1981-01-09,604.0,1979-05-03,1471.0,Conservative,Margaret Thatcher,https://id.parliament.uk/RrFvFH7m,1278,non_senior,False,regex:\bassistant whip\b
John,Cope,Commons,Assistant Whip (HM Treasury),1979-05-16,1981-01-09,604.0,1979-05-03,1471.0,Conservative,Margaret Thatcher,https://id.parliament.uk/9oBlXsXa,787,non_senior,False,regex:\bassistant whip\b
Harry,Marten,Commons,Minister of State (Foreign and Commonwealth Office) (Overseas Development),1979-10-08,1983-01-05,1185.0,1979-05-03,1471.0,Conservative,Margaret Thatcher,https://id.parliament.uk/oEuNOvf1,1178,ambiguous,False,regex:\bminister of state\b
Robert,Shirley,Lords,Deputy Leader of the House of Lords,1979-11-01,1983-05-31,1307.0,1979-05-03,1471.0,Conservative,Margaret Thatcher,https://id.parliament.uk/PXvyr1Ws,2761,senior,True,contains:leader of the house of lords
John,Patten,Commons,Parliamentary Under-Secretary (Northern Ireland Office),1981-01-05,1983-06-13,889.0,1979-05-03,1471.0,Conservative,Margaret Thatcher,https://id.parliament.uk/1FMOJ00u,1137,non_senior,False,regex:\bparliamentary under-?secretary\b
Henry,Channon,Commons,Minister of State (Ministry for the Arts),1981-01-05,1983-06-12,888.0,1979-05-03,1471.0,Conservative,Margaret Thatcher,https://id.parliament.uk/MNbzKAyy,779,ambiguous,False,regex:\bminister of state\b
John,Shaw,Commons,Parliamentary Under-Secretary (Department of Environment),1981-01-05,1983-06-13,889.0,1979-05-03,1471.0,Conservative,Margaret Thatcher,https://id.parliament.uk/Jkv2h62I,1254,non_senior,False,regex:\bparliamentary under-?secretary\b
Philip,Goodhart,Commons,Parliamentary Under-Secretary (Ministry of Defence) (Army),1981-01-05,1981-05-29,144.0,1979-05-03,1471.0,Conservative,Margaret Thatcher,https://id.parliament.uk/6AKb5Pwr,846,non_senior,False,regex:\bparliamentary under-?secretary\b
David,Waddington,Commons,Parliamentary Under-Secretary (Department of Employment),1981-01-05,1983-01-06,731.0,1979-05-03,1471.0,Conservative,Margaret Thatcher,https://id.parliament.uk/LKXbst6v,722,non_senior,False,regex:\bparliamentary under-?secretary\b
Leon,Brittan,Commons,Chief Secretary to the Treasury,1981-01-05,1983-06-11,887.0,1979-05-03,1471.0,Conservative,Margaret Thatcher,https://id.parliament.uk/sEV4x8R1,709,senior,True,contains:chief secretary to the treasury
John,Nott,Commons,Secretary of State for Defence,1981-01-05,1983-01-05,730.0,1979-05-03,1471.0,Conservative,Margaret Thatcher,https://id.parliament.uk/mM16LlhF,926,senior,True,contains:secretary of state
Peter,Fowler,Commons,Secretary of State for Transport,1981-01-05,1981-09-14,252.0,1979-05-03,1471.0,Conservative,Margaret Thatcher,https://id.parliament.uk/R3ZEnpii,315,senior,True,contains:secretary of state
David,Mitchell,Commons,Parliamentary Under-Secretary (Northern Ireland Office),1981-01-05,1983-06-13,889.0,1979-05-03,1471.0,Conservative,Margaret Thatcher,https://id.parliament.uk/MkMy9i7v,1184,non_senior,False,regex:\bparliamentary under-?secretary\b
Francis,Pym,Commons,Paymaster General (HM Treasury),1981-01-05,1981-09-13,251.0,1979-05-03,1471.0,Conservative,Margaret Thatcher,https://id.parliament.uk/gzClaQUx,3257,ambiguous,False,regex:\bpaymaster general\b
John,MacGregor,Commons,Parliamentary Under-Secretary (Department of Industry),1981-01-05,1983-06-14,890.0,1979-05-03,1471.0,Conservative,Margaret Thatcher,https://id.parliament.uk/x4is0fjM,131,non_senior,False,regex:\bparliamentary under-?secretary\b
Norman,Tebbit,Commons,Minister of State (Department of Industry),1981-01-05,1981-09-14,252.0,1979-05-03,1471.0,Conservative,Margaret Thatcher,https://id.parliament.uk/o1G8UbPL,952,ambiguous,False,regex:\bminister of state\b
Bernard,Hayhoe,Commons,Minister of State (Civil Service Department),1981-01-05,1981-11-12,311.0,1979-05-03,1471.0,Conservative,Margaret Thatcher,https://id.parliament.uk/H5sMqJAB,861,ambiguous,False,regex:\bminister of state\b
Kenneth,Baker,Commons,Minister of State (Department of Industry),1981-01-05,1983-06-12,888.0,1979-05-03,1471.0,Conservative,Margaret Thatcher,https://id.parliament.uk/0G6VnY9o,1028,ambiguous,False,regex:\bminister of state\b
Peter,Morrison,Commons,Parliamentary Under-Secretary (Department of Employment),1981-01-05,1983-06-13,889.0,1979-05-03,1471.0,Conservative,Margaret Thatcher,https://id.parliament.uk/9z6TNW0u,1277,non_senior,False,regex:\bparliamentary under-?secretary\b
Patrick,Mayhew,Commons,Minister of State (Home Office),1981-01-05,1983-06-13,889.0,1979-05-03,1471.0,Conservative,Margaret Thatcher,https://id.parliament.uk/e7VHc97c,914,ambiguous,False,regex:\bminister of state\b
Hugh,Rossi,Commons,Minister of State (Department of Health and Social Security) (Social Security),1981-01-05,1983-06-11,887.0,1979-05-03,1471.0,Conservative,Margaret Thatcher,https://id.parliament.uk/5huB2VwH,941,ambiguous,False,regex:\bminister of state\b
Adam,Butler,Commons,Minister of State (Northern Ireland Office),1981-01-05,1984-09-11,1345.0,1979-05-03,1471.0,Conservative,Margaret Thatcher,https://id.parliament.uk/pFjhV4YR,1093,ambiguous,False,regex:\bminister of state\b
Francis,Pym,Commons,Chancellor of the Duchy of Lancaster,1981-01-05,1981-10-26,294.0,1979-05-03,1471.0,Conservative,Margaret Thatcher,https://id.parliament.uk/gzClaQUx,3257,senior,True,contains:chancellor of the duchy of lancaster
William,Biffen,Commons,Secretary of State for Trade,1981-01-05,1982-04-05,455.0,1979-05-03,1471.0,Conservative,Margaret Thatcher,https://id.parliament.uk/PPipv6bN,749,senior,True,contains:secretary of state
Donald,Thompson,Commons,Assistant Whip (HM Treasury),1981-01-09,1983-01-14,735.0,1979-05-03,1471.0,Conservative,Margaret Thatcher,https://id.parliament.uk/nXd2tRHI,1228,non_senior,False,regex:\bassistant whip\b
Alastair,Goodlad,Commons,Assistant Whip (HM Treasury),1981-01-09,1982-02-05,392.0,1979-05-03,1471.0,Conservative,Margaret Thatcher,https://id.parliament.uk/MhFkcAAB,670,non_senior,False,regex:\bassistant whip\b
John,Wakeham,Commons,Lord Commissioner (HM Treasury) (Whip),1981-01-09,1981-09-15,249.0,1979-05-03,1471.0,Conservative,Margaret Thatcher,https://id.parliament.uk/RrFvFH7m,1278,non_senior,False,regex:\bwhip\b
John,Cope,Commons,Lord Commissioner (HM Treasury) (Whip),1981-01-09,1983-06-13,885.0,1979-05-03,1471.0,Conservative,Margaret Thatcher,https://id.parliament.uk/9oBlXsXa,787,non_senior,False,regex:\bwhip\b
Robert,Boscawen,Commons,Lord Commissioner (HM Treasury) (Whip),1981-01-09,1983-02-17,769.0,1979-05-03,1471.0,Conservative,Margaret Thatcher,https://id.parliament.uk/TzWqicsX,751,non_senior,False,regex:\bwhip\b
John,Gummer,Commons,Assistant Whip (HM Treasury),1981-01-09,1981-09-30,264.0,1979-05-03,1471.0,Conservative,Margaret Thatcher,https://id.parliament.uk/1KIlbbma,4154,non_senior,False,regex:\bassistant whip\b
Kenneth,Clarke,Commons,Parliamentary Under-Secretary (Department for Transport) (Roads and Motoring),1981-05-01,1982-03-05,308.0,1979-05-03,1471.0,Conservative,Margaret Thatcher,https://id.parliament.uk/TyNGhslR,366,non_senior,False,regex:\bparliamentary under-?secretary\b
Geoffrey,Pattie,Commons,Parliamentary Under-Secretary (Ministry of Defence) (Procurement),1981-05-29,1983-01-05,586.0,1979-05-03,1471.0,Conservative,Margaret Thatcher,https://id.parliament.uk/ysrpb4bD,1230,non_senior,False,regex:\bparliamentary under-?secretary\b
Philip,Goodhart,Commons,Parliamentary Under-Secretary (Ministry of Defence) (Armed Forces),1981-05-29,1981-09-30,124.0,1979-05-03,1471.0,Conservative,Margaret Thatcher,https://id.parliament.uk/6AKb5Pwr,846,non_senior,False,regex:\bparliamentary under-?secretary\b
Peter,Blaker,Commons,Minister of State (Ministry of Defence),1981-05-29,1983-06-12,744.0,1979-05-03,1471.0,Conservative,Margaret Thatcher,https://id.parliament.uk/Dt1v38ti,750,ambiguous,False,regex:\bminister of state\b
Nigel,Lawson,Commons,Secretary of State for Energy,1981-09-14,1983-06-10,634.0,1979-05-03,1471.0,Conservative,Margaret Thatcher,https://id.parliament.uk/7MAn0Q3l,1039,senior,True,contains:secretary of state
James,Prior,Commons,Secretary of State for Northern Ireland,1981-09-14,1984-09-10,1092.0,1979-05-03,1471.0,Conservative,Margaret Thatcher,https://id.parliament.uk/mraBVJfH,1104,senior,True,contains:secretary of state
Peggy,Fenner,Commons,"Parliamentary Under-Secretary (Ministry of Agriculture, Fisheries and Food)",1981-09-14,1986-09-10,1822.0,1979-05-03,1471.0,Conservative,Margaret Thatcher,https://id.parliament.uk/9yQd5381,733,non_senior,False,regex:\bparliamentary under-?secretary\b
Janet,Young,Lords,Lord Privy Seal and Leader of the House of Lords,1981-09-14,1983-06-10,634.0,1979-05-03,1471.0,Conservative,Margaret Thatcher,https://id.parliament.uk/SdX90q1Z,1752,senior,True,contains:lord privy seal
Cecil,Parkinson,Commons,Paymaster General (HM Treasury),1981-09-14,1983-06-10,634.0,1979-05-03,1471.0,Conservative,Margaret Thatcher,https://id.parliament.uk/j6FyF6ff,931,ambiguous,False,regex:\bpaymaster general\b
David,Howell,Commons,Secretary of State for Transport,1981-09-14,1983-06-11,635.0,1979-05-03,1471.0,Conservative,Margaret Thatcher,https://id.parliament.uk/jAgDv8hd,993,senior,True,contains:secretary of state
Francis,Pym,Commons,Lord President of the Council and Leader of the House Lords (Privy Council Office),1981-09-14,1982-04-06,204.0,1979-05-03,1471.0,Conservative,Margaret Thatcher,https://id.parliament.uk/gzClaQUx,3257,senior,True,contains:lord president of the council
Norman,Lamont,Commons,Minister of State (Department of Industry),1981-09-14,1983-06-12,636.0,1979-05-03,1471.0,Conservative,Margaret Thatcher,https://id.parliament.uk/SjERcCNu,895,ambiguous,False,regex:\bminister of state\b
Charles,Jenkin,Commons,Secretary of State for Industry,1981-09-14,1983-06-12,636.0,1979-05-03,1471.0,Conservative,Margaret Thatcher,https://id.parliament.uk/Se3SjGlA,1097,senior,True,contains:secretary of state
Peter,Rees,Commons,Minister of State (Trade),1981-09-14,1983-06-12,636.0,1979-05-03,1471.0,Conservative,Margaret Thatcher,https://id.parliament.uk/Qs6kU4Yv,3270,ambiguous,False,regex:\bminister of state\b
Humphrey,Atkins,Commons,Lord Privy Seal,1981-09-14,1982-05-04,232.0,1979-05-03,1471.0,Conservative,Margaret Thatcher,https://id.parliament.uk/HRGLoHkG,970,senior,True,contains:lord privy seal
Keith,Joseph,Commons,Secretary of State for Education and Science,1981-09-14,1986-05-20,1709.0,1979-05-03,1471.0,Conservative,Margaret Thatcher,https://id.parliament.uk/NGcXa023,2976,senior,True,contains:secretary of state
Peter,Fowler,Commons,Secretary of State for Health and Social Security,1981-09-14,1987-06-13,2098.0,1979-05-03,1471.0,Conservative,Margaret Thatcher,https://id.parliament.uk/R3ZEnpii,315,senior,True,contains:secretary of state
Norman,Tebbit,Commons,Secretary of State for Employment,1981-09-14,1983-10-15,761.0,1979-05-03,1471.0,Conservative,Margaret Thatcher,https://id.parliament.uk/o1G8UbPL,952,senior,True,contains:secretary of state
Alexander,Hore-Ruthven,Lords,Minister of State (Northern Ireland Office),1981-09-15,1983-06-10,633.0,1979-05-03,1471.0,Other,Margaret Thatcher,https://id.parliament.uk/fqDh25OI,3572,ambiguous,False,regex:\bminister of state\b
Geoffrey,Finsberg,Commons,Parliamentary Under-Secretary (Department of Health and Social Security),1981-09-15,1983-06-14,637.0,1979-05-03,1471.0,Conservative,Margaret Thatcher,https://id.parliament.uk/4YweEtIA,2933,non_senior,False,regex:\bparliamentary under-?secretary\b
David,Mellor,Commons,Parliamentary Under-Secretary (Department of Energy),1981-09-15,1983-01-06,478.0,1979-05-03,1471.0,Conservative,Margaret Thatcher,https://id.parliament.uk/jYLn1R21,1134,non_senior,False,regex:\bparliamentary under-?secretary\b
George,Young,Commons,Parliamentary Under-Secretary (Department of Environment),1981-09-15,1986-09-10,1821.0,1979-05-03,1471.0,Conservative,Margaret Thatcher,https://id.parliament.uk/9mJigEyv,57,non_senior,False,regex:\bparliamentary under-?secretary\b
John,Wakeham,Commons,Parliamentary Under-Secretary (Department of Industry),1981-09-15,1982-04-06,203.0,1979-05-03,1471.0,Conservative,Margaret Thatcher,https://id.parliament.uk/RrFvFH7m,1278,non_senior,False,regex:\bparliamentary under-?secretary\b
Alfred,Wiggin,Commons,Parliamentary Under-Secretary (Ministry of Defence) (Armed Forces),1981-09-15,1983-06-11,634.0,1979-05-03,1471.0,Conservative,Margaret Thatcher,https://id.parliament.uk/P94BFMen,1270,non_senior,False,regex:\bparliamentary under-?secretary\b
David,Macfarlane,Commons,Parliamentary Under-Secretary (Department of Environment) (Sport),1981-09-15,1985-09-02,1448.0,1979-05-03,1471.0,Conservative,Margaret Thatcher,https://id.parliament.uk/5dXtQUCD,1295,non_senior,False,regex:\bparliamentary under-?secretary\b
Iain,Sproat,Commons,Parliamentary Under-Secretary (Department of Trade),1981-09-15,1983-06-12,635.0,1979-05-03,1471.0,Conservative,Margaret Thatcher,https://id.parliament.uk/EMEy2taH,1190,non_senior,False,regex:\bparliamentary under-?secretary\b
William,Waldegrave,Commons,Parliamentary Under-Secretary (Department of Education and Science),1981-09-15,1983-06-13,636.0,1979-05-03,1471.0,Conservative,Margaret Thatcher,https://id.parliament.uk/i8lCvPZW,957,non_senior,False,regex:\bparliamentary under-?secretary\b
John,Stewart,Commons,Parliamentary Under-Secretary (Scottish Office),1981-09-15,1986-09-10,1821.0,1979-05-03,1471.0,Conservative,Margaret Thatcher,https://id.parliament.uk/ShEOHyeM,1239,non_senior,False,regex:\bparliamentary under-?secretary\b
John,Bruce-Gardyne,Commons,Minister of State (HM Treasury),1981-09-15,1981-11-11,57.0,1979-05-03,1471.0,Conservative,Margaret Thatcher,https://id.parliament.uk/gEmnDc36,3100,ambiguous,False,regex:\bminister of state\b
William,Shelton,Commons,Parliamentary Under-Secretary (Department of Education and Science),1981-09-15,1983-06-13,636.0,1979-05-03,1471.0,Conservative,Margaret Thatcher,https://id.parliament.uk/lVlZE7QC,1294,non_senior,False,regex:\bparliamentary under-?secretary\b
Michael,Alison,Commons,Minister of State (Department of Employment),1981-09-15,1983-06-13,636.0,1979-05-03,1471.0,Conservative,Margaret Thatcher,https://id.parliament.uk/0BegVILq,736,ambiguous,False,regex:\bminister of state\b
Nicholas,Scott,Commons,Parliamentary Under-Secretary (Northern Ireland Office),1981-09-15,1986-09-11,1822.0,1979-05-03,1471.0,Conservative,Margaret Thatcher,https://id.parliament.uk/NyfMggUv,1229,non_senior,False,regex:\bparliamentary under-?secretary\b
Anthony,Berry,Commons,Comptroller (HM Household),1981-09-30,1983-02-16,504.0,1979-05-03,1471.0,Conservative,Margaret Thatcher,https://id.parliament.uk/7oyw6nKb,1083,ambiguous,False,default
David,Hunt,Commons,Assistant Whip (HM Treasury),1981-09-30,1983-02-22,510.0,1979-05-03,1471.0,Conservative,Margaret Thatcher,https://id.parliament.uk/r8raAEpb,994,non_senior,False,regex:\bassistant whip\b
Ian,Lang,Commons,Assistant Whip (HM Treasury),1981-09-30,1983-06-10,618.0,1979-05-03,1471.0,Conservative,Margaret Thatcher,https://id.parliament.uk/YrlabEUV,896,non_senior,False,regex:\bassistant whip\b
David,Mather,Commons,"Vice Chamberlain (HM Household) (Whip, House of Commons)",1981-09-30,1983-02-16,504.0,1979-05-03,1471.0,Conservative,Margaret Thatcher,https://id.parliament.uk/Vj43Ty1c,1315,non_senior,False,regex:\bwhip\b
Nicholas,Ridley,Commons,Financial Secretary (HM Treasury),1981-09-30,1983-10-16,746.0,1979-05-03,1471.0,Conservative,Margaret Thatcher,https://id.parliament.uk/pudylhrb,1304,ambiguous,False,regex:\bfinancial secretary\b
Nicholas,Budgen,Commons,Assistant Whip (HM Treasury),1981-09-30,1982-05-08,220.0,1979-05-03,1471.0,Conservative,Margaret Thatcher,https://id.parliament.uk/nAJ6F3XO,766,non_senior,False,regex:\bassistant whip\b
Richard,Luce,Commons,Minister of State (Foreign and Commonwealth Office),1981-09-30,1982-04-05,187.0,1979-05-03,1471.0,Conservative,Margaret Thatcher,https://id.parliament.uk/53Ye2Prw,908,ambiguous,False,regex:\bminister of state\b
Peter,Brooke,Commons,Lord Commissioner (HM Treasury) (Whip),1981-10-01,1983-06-13,620.0,1979-05-03,1471.0,Conservative,Margaret Thatcher,https://id.parliament.uk/roOxyfCY,154,non_senior,False,regex:\bwhip\b
Antony,Newton,Commons,Lord Commissioner (HM Treasury) (Whip),1981-10-01,1982-03-05,155.0,1979-05-03,1471.0,Conservative,Margaret Thatcher,https://id.parliament.uk/zhRevA8R,925,non_senior,False,regex:\bwhip\b
John,Gummer,Commons,Lord Commissioner (HM Treasury) (Whip),1981-10-01,1983-01-06,462.0,1979-05-03,1471.0,Conservative,Margaret Thatcher,https://id.parliament.uk/1KIlbbma,4154,non_senior,False,regex:\bwhip\b
Bernard,Hayhoe,Commons,Minister of State (HM Treasury),1981-11-11,1985-09-02,1391.0,1979-05-03,1471.0,Conservative,Margaret Thatcher,https://id.parliament.uk/H5sMqJAB,861,ambiguous,False,regex:\bminister of state\b
John,Bruce-Gardyne,Commons,Economic Secretary (HM Treasury),1981-11-11,1983-06-13,579.0,1979-05-03,1471.0,Conservative,Margaret Thatcher,https://id.parliament.uk/gEmnDc36,3100,ambiguous,False,regex:\beconomic secretary\b
Peter,Fraser,Commons,Solicitor-General Scotland,1982-01-28,1989-01-03,2532.0,1979-05-03,1471.0,Conservative,Margaret Thatcher,https://id.parliament.uk/JyFjqhP7,1128,ambiguous,False,default
Alastair,Goodlad,Commons,Lord Commissioner (HM Treasury) (Whip),1982-02-16,1984-09-10,937.0,1979-05-03,1471.0,Conservative,Margaret Thatcher,https://id.parliament.uk/MhFkcAAB,670,non_senior,False,regex:\bwhip\b
Lynda,Chalker,Commons,Parliamentary Under-Secretary (Department for Transport),1982-03-05,1983-10-18,592.0,1979-05-03,1471.0,Conservative,Margaret Thatcher,https://id.parliament.uk/8gRwq4gR,778,non_senior,False,regex:\bparliamentary under-?secretary\b
Antony,Newton,Commons,Parliamentary Under-Secretary (Department of Health and Social Security),1982-03-05,1984-09-11,921.0,1979-05-03,1471.0,Conservative,Margaret Thatcher,https://id.parliament.uk/zhRevA8R,925,non_senior,False,regex:\bparliamentary under-?secretary\b
Gerard,Vaughan,Commons,Minister of State (Consumer Affairs),1982-03-05,1983-06-13,465.0,1979-05-03,1471.0,Conservative,Margaret Thatcher,https://id.parliament.uk/Q9OwDeZe,1255,ambiguous,False,regex:\bminister of state\b
Reginald,Eyre,Commons,Parliamentary Under-Secretary (Department for Transport),1982-03-05,1983-06-11,463.0,1979-05-03,1471.0,Conservative,Margaret Thatcher,https://id.parliament.uk/rh3YldoA,1049,non_senior,False,regex:\bparliamentary under-?secretary\b
Kenneth,Clarke,Commons,Minister of State (Department of Health),1982-03-05,1985-09-01,1276.0,1979-05-03,1471.0,Conservative,Margaret Thatcher,https://id.parliament.uk/TyNGhslR,366,ambiguous,False,regex:\bminister of state\b
William,Garel-Jones,Commons,Assistant Whip (HM Treasury),1982-03-16,1983-06-10,451.0,1979-05-03,1471.0,Conservative,Margaret Thatcher,https://id.parliament.uk/rZtzw0L7,840,non_senior,False,regex:\bassistant whip\b
Cranley,Onslow,Commons,Minister of State (Foreign and Commonwealth Office),1982-04-05,1983-06-13,434.0,1979-05-03,1471.0,Conservative,Margaret Thatcher,https://id.parliament.uk/rTSX8vRD,3202,ambiguous,False,regex:\bminister of state\b
Francis,Pym,Commons,Foreign Secretary,1982-04-06,1983-06-10,430.0,1979-05-03,1471.0,Conservative,Margaret Thatcher,https://id.parliament.uk/gzClaQUx,3257,ambiguous,False,default
Cecil,Parkinson,Commons,Chancellor of the Duchy of Lancaster,1982-04-06,1983-06-11,431.0,1979-05-03,1471.0,Conservative,Margaret Thatcher,https://id.parliament.uk/j6FyF6ff,931,senior,True,contains:chancellor of the duchy of lancaster
John,Wakeham,Commons,Minister of State (HM Treasury),1982-04-06,1983-06-13,433.0,1979-05-03,1471.0,Conservative,Margaret Thatcher,https://id.parliament.uk/RrFvFH7m,1278,ambiguous,False,regex:\bminister of state\b
John,Butcher,Commons,Parliamentary Under-Secretary (Department of Industry),1982-04-06,1983-06-14,434.0,1979-05-03,1471.0,Conservative,Margaret Thatcher,https://id.parliament.uk/GWdgeADQ,1123,non_senior,False,regex:\bparliamentary under-?secretary\b
Malcolm,Rifkind,Commons,Parliamentary Under-Secretary (Foreign and Commonwealth Office) (Overseas Development),1982-04-06,1983-06-12,432.0,1979-05-03,1471.0,Conservative,Margaret Thatcher,https://id.parliament.uk/Os58GI3o,1191,non_senior,False,regex:\bparliamentary under-?secretary\b
John,Mackay,Commons,Parliamentary Under-Secretary (Scottish Office),1982-04-06,1987-06-14,1895.0,1979-05-03,1471.0,Conservative,Margaret Thatcher,https://id.parliament.uk/dsWW1dAZ,1133,non_senior,False,regex:\bparliamentary under-?secretary\b
William,Biffen,Commons,Lord President of the Council (Privy Council Office),1982-04-07,1983-06-10,429.0,1979-05-03,1471.0,Conservative,Margaret Thatcher,https://id.parliament.uk/PPipv6bN,749,senior,True,contains:lord president of the council
William,Biffen,Commons,Leader of the House of Commons,1982-04-07,1987-06-13,1893.0,1979-05-03,1471.0,Conservative,Margaret Thatcher,https://id.parliament.uk/PPipv6bN,749,senior,True,contains:leader of the house of commons
Archibald,Hamilton,Commons,Assistant Whip (HM Treasury),1982-05-11,1984-10-03,876.0,1979-05-03,1471.0,Conservative,Margaret Thatcher,https://id.parliament.uk/rmgoOXtj,100,non_senior,False,regex:\bassistant whip\b
James,Gray,Commons,Minister of State (Scottish Office),1983-01-01,1986-01-01,1096.0,1979-05-03,1471.0,Conservative,Margaret Thatcher,https://id.parliament.uk/2qxhX3mD,1017,ambiguous,False,regex:\bminister of state\b
John,Gummer,Commons,Parliamentary Under-Secretary (Department of Employment),1983-01-06,1983-10-18,285.0,1979-05-03,1471.0,Conservative,Margaret Thatcher,https://id.parliament.uk/1KIlbbma,4154,non_senior,False,regex:\bparliamentary under-?secretary\b
Bernard,Stewart,Commons,Parliamentary Under-Secretary (Ministry of Defence) (Procurement),1983-01-06,1983-10-17,284.0,1979-05-03,1471.0,Conservative,Margaret Thatcher,https://id.parliament.uk/VMfJpo56,986,non_senior,False,regex:\bparliamentary under-?secretary\b
Thomas,King,Commons,Secretary of State for Environment,1983-01-06,1983-06-10,155.0,1979-05-03,1471.0,Conservative,Margaret Thatcher,https://id.parliament.uk/YQNFoAVs,254,senior,True,contains:secretary of state
Michael,Heseltine,Commons,Secretary of State for Defence,1983-01-06,1986-01-08,1098.0,1979-05-03,1471.0,Conservative,Margaret Thatcher,https://id.parliament.uk/HDWaJnag,94,senior,True,contains:secretary of state
Timothy,Raison,Commons,Minister of State (Foreign and Commonwealth Office) (Overseas Development),1983-01-06,1986-09-09,1342.0,1979-05-03,1471.0,Conservative,Margaret Thatcher,https://id.parliament.uk/oSxegE0l,935,ambiguous,False,regex:\bminister of state\b
Geoffrey,Pattie,Commons,Minister of State (Ministry of Defence) (Procurement),1983-01-06,1984-09-10,613.0,1979-05-03,1471.0,Conservative,Margaret Thatcher,https://id.parliament.uk/ysrpb4bD,1230,ambiguous,False,regex:\bminister of state\b
David,Mellor,Commons,Parliamentary Under-Secretary (Home Office),1983-01-06,1986-09-10,1343.0,1979-05-03,1471.0,Conservative,Margaret Thatcher,https://id.parliament.uk/jYLn1R21,1134,non_senior,False,regex:\bparliamentary under-?secretary\b
David,Waddington,Commons,Minister of State (Home Office),1983-01-06,1987-06-13,1619.0,1979-05-03,1471.0,Conservative,Margaret Thatcher,https://id.parliament.uk/LKXbst6v,722,ambiguous,False,regex:\bminister of state\b
John,Major,Commons,Assistant Whip (HM Treasury),1983-01-14,1984-10-02,627.0,1979-05-03,1471.0,Conservative,Margaret Thatcher,https://id.parliament.uk/FAnd5djo,119,non_senior,False,regex:\bassistant whip\b
Donald,Thompson,Commons,Lord Commissioner (HM Treasury) (Whip),1983-01-14,1986-09-10,1335.0,1979-05-03,1471.0,Conservative,Margaret Thatcher,https://id.parliament.uk/nXd2tRHI,1228,non_senior,False,regex:\bwhip\b
Anthony,Berry,Commons,Deputy Chief Whip and Treasurer,1983-02-17,1983-06-10,113.0,1979-05-03,1471.0,Conservative,Margaret Thatcher,https://id.parliament.uk/7oyw6nKb,1083,non_senior,False,regex:\bwhip\b
Robert,Boscawen,Commons,Vice-Chamberlain (HM Household),1983-02-17,1986-10-15,1336.0,1979-05-03,1471.0,Conservative,Margaret Thatcher,https://id.parliament.uk/TzWqicsX,751,ambiguous,False,default
David,Mather,Commons,"Comptroller (HM Household) (Deputy Chief Whip, House of Commons)",1983-02-17,1986-10-15,1336.0,1979-05-03,1471.0,Conservative,Margaret Thatcher,https://id.parliament.uk/Vj43Ty1c,1315,non_senior,False,regex:\bwhip\b
John,Stradling Thomas,Commons,Minister of State (Welsh Office),1983-02-17,1985-06-14,848.0,1979-05-03,1471.0,Conservative,Margaret Thatcher,https://id.parliament.uk/vyBH37V3,724,ambiguous,False,regex:\bminister of state\b
Douglas,Hogg,Commons,Assistant Whip (HM Treasury),1983-02-22,1984-10-10,596.0,1979-05-03,1471.0,Conservative,Margaret Thatcher,https://id.parliament.uk/w01cXpnf,349,non_senior,False,regex:\bassistant whip\b
David,Hunt,Commons,Lord Commissioner (HM Treasury) (Whip),1983-02-23,1984-09-10,565.0,1979-05-03,1471.0,Conservative,Margaret Thatcher,https://id.parliament.uk/r8raAEpb,994,non_senior,False,regex:\bwhip\b
John,Ganzoni,Lords,Deputy Leader of the House of Lords,1983-06-01,1987-12-31,1674.0,,,Conservative,Margaret Thatcher,https://id.parliament.uk/RGKR7Bzh,3527,senior,True,contains:leader of the house of lords
William,Garel-Jones,Commons,Lord Commissioner (HM Treasury) (Whip),1983-06-11,1986-10-16,1223.0,1983-06-09,1439.0,Conservative,Margaret Thatcher,https://id.parliament.uk/rZtzw0L7,840,non_senior,False,regex:\bwhip\b
Peter,Walker,Commons,Secretary of State for Energy,1983-06-11,1987-06-12,1462.0,1983-06-09,1439.0,Conservative,Margaret Thatcher,https://id.parliament.uk/4eJ0v0w4,1045,senior,True,contains:secretary of state
Richard,Luce,Commons,Minister of State (Foreign and Commonwealth Office),1983-06-11,1985-09-02,814.0,1983-06-09,1439.0,Conservative,Margaret Thatcher,https://id.parliament.uk/53Ye2Prw,908,ambiguous,False,regex:\bminister of state\b
Thomas,King,Commons,Secretary of State for Transport,1983-06-11,1983-10-16,127.0,1983-06-09,1439.0,Conservative,Margaret Thatcher,https://id.parliament.uk/YQNFoAVs,254,senior,True,contains:secretary of state
Thomas,Jopling,Commons,"Minister of State (Ministry of Agriculture, Fisheries and Food)",1983-06-11,1987-06-12,1462.0,1983-06-09,1439.0,Conservative,Margaret Thatcher,https://id.parliament.uk/yyQe6SJm,883,ambiguous,False,regex:\bminister of state\b
David,Mitchell,Commons,Parliamentary Under-Secretary (Department for Transport),1983-06-11,1986-01-23,957.0,1983-06-09,1439.0,Conservative,Margaret Thatcher,https://id.parliament.uk/MkMy9i7v,1184,non_senior,False,regex:\bparliamentary under-?secretary\b
William,Biffen,Commons,Lord Privy Seal (Privy Council Office),1983-06-11,1987-06-12,1462.0,1983-06-09,1439.0,Conservative,Margaret Thatcher,https://id.parliament.uk/PPipv6bN,749,senior,True,contains:lord privy seal
Leon,Brittan,Commons,Home Secretary,1983-06-11,1985-09-02,814.0,1983-06-09,1439.0,Conservative,Margaret Thatcher,https://id.parliament.uk/sEV4x8R1,709,ambiguous,False,default
Richard,Howe,Commons,Foreign Secretary,1983-06-11,1989-07-23,2234.0,1983-06-09,1439.0,Conservative,Margaret Thatcher,https://id.parliament.uk/Ta7hlBXe,872,ambiguous,False,default
Ian,Lang,Commons,Lord Commissioner (HM Treasury) (Whip),1983-06-11,1986-02-01,966.0,1983-06-09,1439.0,Conservative,Margaret Thatcher,https://id.parliament.uk/YrlabEUV,896,non_senior,False,regex:\bwhip\b
John,Cope,Commons,Treasurer of HM Household (Deputy Chief Whip),1983-06-11,1987-06-14,1464.0,1983-06-09,1439.0,Conservative,Margaret Thatcher,https://id.parliament.uk/9oBlXsXa,787,non_senior,False,regex:\bwhip\b
Charles,Jenkin,Commons,Secretary of State for Environment,1983-06-11,1985-09-01,813.0,1983-06-09,1439.0,Conservative,Margaret Thatcher,https://id.parliament.uk/Se3SjGlA,1097,senior,True,contains:secretary of state
William,Whitelaw,Lords,Lord President of the Council and Leader of the House of Lords (Privy Council Office),1983-06-11,1988-01-09,1673.0,1983-06-09,1439.0,Conservative,Margaret Thatcher,https://id.parliament.uk/6LEjNWW7,1722,senior,True,contains:lord president of the council
Nigel,Lawson,Commons,Chancellor of the Exchequer,1983-06-11,1989-10-25,2328.0,1983-06-09,1439.0,Conservative,Margaret Thatcher,https://id.parliament.uk/7MAn0Q3l,1039,senior,True,contains:chancellor of the exchequer
John,Wakeham,Commons,Parliamentary Secretary to the Treasury (Chief Whip),1983-06-11,1987-06-12,1462.0,1983-06-09,1439.0,Conservative,Margaret Thatcher,https://id.parliament.uk/RrFvFH7m,1278,non_senior,False,regex:\bparliamentary secretary\b
William,Whitelaw,Commons,Lord President of the Council and Leader of the House of Lords (Privy Council Office),1983-06-11,1988-01-09,1673.0,1983-06-09,1439.0,Conservative,Margaret Thatcher,https://id.parliament.uk/6LEjNWW7,1722,senior,True,contains:lord president of the council
Patrick,Mayhew,Commons,Solicitor-General,1983-06-11,1987-06-14,1464.0,1983-06-09,1439.0,Conservative,Margaret Thatcher,https://id.parliament.uk/e7VHc97c,914,ambiguous,False,default
Peter,Rees,Commons,Chief Secretary to the Treasury,1983-06-11,1985-09-01,813.0,1983-06-09,1439.0,Conservative,Margaret Thatcher,https://id.parliament.uk/Qs6kU4Yv,3270,senior,True,contains:chief secretary to the treasury
Rhodes,Boyson,Commons,Minister of State (Department of Health and Social Security) (Social Security),1983-06-12,1984-09-10,456.0,1983-06-09,1439.0,Conservative,Margaret Thatcher,https://id.parliament.uk/ZMaZcVEU,756,ambiguous,False,regex:\bminister of state\b
Cecil,Parkinson,Commons,Secretary of State for Trade,1983-06-12,1983-10-15,125.0,1983-06-09,1439.0,Conservative,Margaret Thatcher,https://id.parliament.uk/j6FyF6ff,931,senior,True,contains:secretary of state
John,Stanley,Commons,Minister of State (Ministry of Defence) (Minister for the Armed Forces),1983-06-13,1987-06-12,1460.0,1983-06-09,1439.0,Conservative,Margaret Thatcher,https://id.parliament.uk/wcZ0EzWM,91,ambiguous,False,regex:\bminister of state\b
Robert,Dunn,Commons,Parliamentary Under-Secretary (Department of Education and Science),1983-06-13,1988-07-26,1870.0,1983-06-09,1439.0,Conservative,Margaret Thatcher,https://id.parliament.uk/tGB7J0aH,1194,non_senior,False,regex:\bparliamentary under-?secretary\b
Malcolm,Rifkind,Commons,Minister of State (Foreign and Commonwealth Office),1983-06-13,1986-01-11,943.0,1983-06-09,1439.0,Conservative,Margaret Thatcher,https://id.parliament.uk/Os58GI3o,1191,ambiguous,False,regex:\bminister of state\b
Norman,Lamont,Commons,Minister of State (Department of Trade and Industry),1983-06-13,1985-09-02,812.0,1983-06-09,1439.0,Conservative,Margaret Thatcher,https://id.parliament.uk/SjERcCNu,895,ambiguous,False,regex:\bminister of state\b
John,Shaw,Commons,Parliamentary Under-Secretary (Department of Energy),1983-06-13,1984-09-11,456.0,1983-06-09,1439.0,Conservative,Margaret Thatcher,https://id.parliament.uk/Jkv2h62I,1254,non_senior,False,regex:\bparliamentary under-?secretary\b
Peter,Morrison,Commons,Minister of State (Department of Employment),1983-06-13,1985-09-02,812.0,1983-06-09,1439.0,Conservative,Margaret Thatcher,https://id.parliament.uk/9z6TNW0u,1277,ambiguous,False,regex:\bminister of state\b
Raymond,Whitney,Commons,Parliamentary Under-Secretary (Foreign and Commonwealth Office),1983-06-13,1984-09-10,455.0,1983-06-09,1439.0,Conservative,Margaret Thatcher,https://id.parliament.uk/SINPL8vM,21,non_senior,False,regex:\bparliamentary under-?secretary\b
William,Waldegrave,Commons,Parliamentary Under-Secretary (Department of Environment),1983-06-13,1985-09-02,812.0,1983-06-09,1439.0,Conservative,Margaret Thatcher,https://id.parliament.uk/i8lCvPZW,957,non_senior,False,regex:\bparliamentary under-?secretary\b
Douglas,Hurd,Commons,Minister of State (Home Office),1983-06-13,1984-09-11,456.0,1983-06-09,1439.0,Conservative,Margaret Thatcher,https://id.parliament.uk/7Ep6IlO4,875,ambiguous,False,regex:\bminister of state\b
Ian,Gow,Commons,Minister of State (Department of Environment) (Housing),1983-06-13,1985-09-01,811.0,1983-06-09,1439.0,Conservative,Margaret Thatcher,https://id.parliament.uk/o0MfK8VL,718,ambiguous,False,regex:\bminister of state\b
John,Moore,Commons,Economic Secretary (HM Treasury),1983-06-13,1983-10-17,126.0,1983-06-09,1439.0,Conservative,Margaret Thatcher,https://id.parliament.uk/eB5IkwTu,1022,ambiguous,False,regex:\beconomic secretary\b
John,MacGregor,Commons,"Minister of State (Ministry of Agriculture, Fisheries and Food)",1983-06-13,1985-09-02,812.0,1983-06-09,1439.0,Conservative,Margaret Thatcher,https://id.parliament.uk/x4is0fjM,131,ambiguous,False,regex:\bminister of state\b
Peter,Brooke,Commons,Parliamentary Under-Secretary (Department of Education and Science),1983-06-13,1985-11-19,890.0,1983-06-09,1439.0,Conservative,Margaret Thatcher,https://id.parliament.uk/roOxyfCY,154,non_senior,False,regex:\bparliamentary under-?secretary\b
Henry,Channon,Commons,Minister of State (Department of Trade and Industry),1983-06-13,1986-01-23,955.0,1983-06-09,1439.0,Conservative,Margaret Thatcher,https://id.parliament.uk/MNbzKAyy,779,ambiguous,False,regex:\bminister of state\b
Alan,Clark,Commons,Parliamentary Under-Secretary (Department of Employment),1983-06-13,1986-01-24,956.0,1983-06-09,1439.0,Conservative,Margaret Thatcher,https://id.parliament.uk/K1KKrCup,673,non_senior,False,regex:\bparliamentary under-?secretary\b
William,Murray,Lords,Minister of State (Northern Ireland Office),1983-06-13,1984-04-12,304.0,1983-06-09,1439.0,Conservative,Margaret Thatcher,https://id.parliament.uk/JssxShRL,1838,ambiguous,False,regex:\bminister of state\b
Michael,Ancram,Commons,Parliamentary Under-Secretary (Scottish Office),1983-06-13,1987-06-14,1462.0,1983-06-09,1439.0,Conservative,Margaret Thatcher,https://id.parliament.uk/eGl33Tri,259,non_senior,False,regex:\bparliamentary under-?secretary\b
Alick,Buchanan-Smith,Commons,Minister of State (Department of Energy),1983-06-13,1987-06-12,1460.0,1983-06-09,1439.0,Conservative,Margaret Thatcher,https://id.parliament.uk/Hstd6UgP,727,ambiguous,False,regex:\bminister of state\b
Kenneth,Baker,Commons,Minister of State (Industry & Information Technology),1983-06-13,1984-09-10,455.0,1983-06-09,1439.0,Conservative,Margaret Thatcher,https://id.parliament.uk/0G6VnY9o,1028,ambiguous,False,regex:\bminister of state\b
David,Trippier,Commons,Parliamentary Under-Secretary (Department of Trade and Industry),1983-06-14,1985-09-02,811.0,1983-06-09,1439.0,Conservative,Margaret Thatcher,https://id.parliament.uk/qi5Jyk4V,955,non_senior,False,regex:\bparliamentary under-?secretary\b
Alexander,Fletcher,Commons,Parliamentary Under-Secretary (Department of Trade and Industry),1983-06-14,1985-09-02,811.0,1983-06-09,1439.0,Conservative,Margaret Thatcher,https://id.parliament.uk/WrXsygxt,983,non_senior,False,regex:\bparliamentary under-?secretary\b
Christopher,Patten,Commons,Parliamentary Under-Secretary (Northern Ireland Office),1983-06-14,1985-09-02,811.0,1983-06-09,1439.0,Conservative,Margaret Thatcher,https://id.parliament.uk/dR7pHK36,1136,non_senior,False,regex:\bparliamentary under-?secretary\b
John,Patten,Commons,Parliamentary Under-Secretary (Department of Health and Social Security),1983-06-14,1985-09-02,811.0,1983-06-09,1439.0,Conservative,Margaret Thatcher,https://id.parliament.uk/1FMOJ00u,1137,non_senior,False,regex:\bparliamentary under-?secretary\b
John,Butcher,Commons,Parliamentary Under-Secretary (Department of Trade and Industry),1983-06-14,1988-07-26,1869.0,1983-06-09,1439.0,Conservative,Margaret Thatcher,https://id.parliament.uk/GWdgeADQ,1123,non_senior,False,regex:\bparliamentary under-?secretary\b
Timothy,Sainsbury,Commons,Assistant Whip (HM Treasury),1983-06-15,1985-10-07,845.0,1983-06-09,1439.0,Conservative,Margaret Thatcher,https://id.parliament.uk/aJpur8Db,943,non_senior,False,regex:\bassistant whip\b
Michael,Neubert,Commons,Assistant Whip (HM Treasury),1983-06-15,1986-02-09,970.0,1983-06-09,1439.0,Conservative,Margaret Thatcher,https://id.parliament.uk/XAkRe7E1,1257,non_senior,False,regex:\bassistant whip\b
Nicholas,Ridley,Commons,Secretary of State for Transport,1983-10-16,1986-05-21,948.0,1983-06-09,1439.0,Conservative,Margaret Thatcher,https://id.parliament.uk/pudylhrb,1304,senior,True,contains:secretary of state
Thomas,King,Commons,Secretary of State for Employment,1983-10-16,1985-09-01,686.0,1983-06-09,1439.0,Conservative,Margaret Thatcher,https://id.parliament.uk/YQNFoAVs,254,senior,True,contains:secretary of state
Norman,Tebbit,Commons,Secretary of State for Trade,1983-10-16,1985-09-01,686.0,1983-06-09,1439.0,Conservative,Margaret Thatcher,https://id.parliament.uk/o1G8UbPL,952,senior,True,contains:secretary of state
Lynda,Chalker,Commons,Minister of State (Department for Transport),1983-10-18,1986-01-10,815.0,1983-06-09,1439.0,Conservative,Margaret Thatcher,https://id.parliament.uk/8gRwq4gR,778,ambiguous,False,regex:\bminister of state\b
John,Lee,Commons,Parliamentary Under-Secretary (Ministry of Defence) (Procurement),1983-10-18,1986-09-09,1057.0,1983-06-09,1439.0,Conservative,Margaret Thatcher,https://id.parliament.uk/ZKkusgzB,1132,non_senior,False,regex:\bparliamentary under-?secretary\b
John,Gummer,Commons,Minister of State (Department of Employment),1983-10-18,1984-09-11,329.0,1983-06-09,1439.0,Conservative,Margaret Thatcher,https://id.parliament.uk/1KIlbbma,4154,ambiguous,False,regex:\bminister of state\b
Bernard,Stewart,Commons,Economic Secretary (HM Treasury),1983-10-18,1987-06-12,1333.0,1983-06-09,1439.0,Conservative,Margaret Thatcher,https://id.parliament.uk/VMfJpo56,986,ambiguous,False,regex:\beconomic secretary\b
John,Moore,Commons,Financial Secretary (HM Treasury),1983-10-18,1986-05-20,945.0,1983-06-09,1439.0,Conservative,Margaret Thatcher,https://id.parliament.uk/eB5IkwTu,1022,ambiguous,False,regex:\bfinancial secretary\b
Kenneth,Baker,Commons,Minister of State (Department of Environment) (Local Government),1984-09-11,1985-09-01,355.0,1983-06-09,1439.0,Conservative,Margaret Thatcher,https://id.parliament.uk/0G6VnY9o,1028,ambiguous,False,regex:\bminister of state\b
Adam,Butler,Commons,Minister of State (Ministry of Defence) (Procurement),1984-09-11,1985-09-01,355.0,1983-06-09,1439.0,Conservative,Margaret Thatcher,https://id.parliament.uk/pFjhV4YR,1093,ambiguous,False,regex:\bminister of state\b
Geoffrey,Pattie,Commons,Minister of State (Industry & Information Technology),1984-09-11,1987-06-12,1004.0,1983-06-09,1439.0,Conservative,Margaret Thatcher,https://id.parliament.uk/ysrpb4bD,1230,ambiguous,False,regex:\bminister of state\b
David,Hunt,Commons,Parliamentary Under-Secretary (Department of Energy),1984-09-11,1987-06-13,1005.0,1983-06-09,1439.0,Conservative,Margaret Thatcher,https://id.parliament.uk/r8raAEpb,994,non_senior,False,regex:\bparliamentary under-?secretary\b
John,Shaw,Commons,Minister of State (Home Office),1984-09-11,1986-09-10,729.0,1983-06-09,1439.0,Conservative,Margaret Thatcher,https://id.parliament.uk/Jkv2h62I,1254,ambiguous,False,regex:\bminister of state\b
Rhodes,Boyson,Commons,Minister of State (Northern Ireland Office),1984-09-11,1986-09-10,729.0,1983-06-09,1439.0,Conservative,Margaret Thatcher,https://id.parliament.uk/ZMaZcVEU,756,ambiguous,False,regex:\bminister of state\b
Antony,Newton,Commons,Minister of State (Department of Health and Social Security) (Social Security and Disabled),1984-09-11,1986-09-09,728.0,1983-06-09,1439.0,Conservative,Margaret Thatcher,https://id.parliament.uk/zhRevA8R,925,ambiguous,False,regex:\bminister of state\b
Ronald,Renton,Commons,Parliamentary Under-Secretary (Foreign and Commonwealth Office),1984-09-11,1985-09-01,355.0,1983-06-09,1439.0,Conservative,Margaret Thatcher,https://id.parliament.uk/9X4lzljh,937,non_senior,False,regex:\bparliamentary under-?secretary\b
Douglas,Hurd,Commons,Secretary of State for Northern Ireland,1984-09-11,1985-09-02,356.0,1983-06-09,1439.0,Conservative,Margaret Thatcher,https://id.parliament.uk/7Ep6IlO4,875,senior,True,contains:secretary of state
Alastair,Goodlad,Commons,Parliamentary Under-Secretary (Department of Energy),1984-09-11,1987-06-13,1005.0,1983-06-09,1439.0,Conservative,Margaret Thatcher,https://id.parliament.uk/MhFkcAAB,670,non_senior,False,regex:\bparliamentary under-?secretary\b
William,Spicer,Commons,Parliamentary Under-Secretary (Department for Transport),1984-09-11,1987-06-13,1005.0,1983-06-09,1439.0,Conservative,Margaret Thatcher,https://id.parliament.uk/W4VcU9be,270,non_senior,False,regex:\bparliamentary under-?secretary\b
John,Gummer,Commons,Paymaster General (HM Treasury),1984-09-11,1985-09-01,355.0,1983-06-09,1439.0,Conservative,Margaret Thatcher,https://id.parliament.uk/1KIlbbma,4154,ambiguous,False,regex:\bpaymaster general\b
Peter,Bottomley,Commons,Parliamentary Under-Secretary (Department of Employment),1984-09-11,1986-01-23,499.0,1983-06-09,1439.0,Conservative,Margaret Thatcher,https://id.parliament.uk/li6Q8zGh,117,non_senior,False,regex:\bparliamentary under-?secretary\b
Raymond,Whitney,Commons,Parliamentary Under-Secretary (Department of Health),1984-09-11,1986-09-10,729.0,1983-06-09,1439.0,Conservative,Margaret Thatcher,https://id.parliament.uk/SINPL8vM,21,non_senior,False,regex:\bparliamentary under-?secretary\b
Archibald,Hamilton,Commons,Lord Commissioner (HM Treasury) (Whip),1984-10-03,1986-09-10,707.0,1983-06-09,1439.0,Conservative,Margaret Thatcher,https://id.parliament.uk/rmgoOXtj,100,non_senior,False,regex:\bwhip\b
Robert,Durant,Commons,Assistant Whip (HM Treasury),1984-10-03,1986-10-16,743.0,1983-06-09,1439.0,Conservative,Margaret Thatcher,https://id.parliament.uk/a4py8MMB,1054,non_senior,False,regex:\bassistant whip\b
John,Major,Commons,Lord Commissioner (HM Treasury) (Whip),1984-10-03,1985-11-01,394.0,1983-06-09,1439.0,Conservative,Margaret Thatcher,https://id.parliament.uk/FAnd5djo,119,non_senior,False,regex:\bwhip\b
Peter,Lloyd,Commons,Assistant Whip (HM Treasury),1984-10-03,1986-10-16,743.0,1983-06-09,1439.0,Conservative,Margaret Thatcher,https://id.parliament.uk/W5D5rUCg,51,non_senior,False,regex:\bassistant whip\b
Mark,Lennox-Boyd,Commons,Assistant Whip (HM Treasury),1984-10-03,1986-10-16,743.0,1983-06-09,1439.0,Conservative,Margaret Thatcher,https://id.parliament.uk/bEotvzzm,902,non_senior,False,regex:\bassistant whip\b
Angela,Rumbold,Commons,Parliamentary Under-Secretary (Department of Environment),1985-09-02,1986-09-10,373.0,1983-06-09,1439.0,Conservative,Margaret Thatcher,https://id.parliament.uk/HifLaRVz,1226,non_senior,False,regex:\bparliamentary under-?secretary\b
Peter,Morrison,Commons,Minister of State (Department of Trade and Industry),1985-09-02,1986-06-13,284.0,1983-06-09,1439.0,Conservative,Margaret Thatcher,https://id.parliament.uk/9z6TNW0u,1277,ambiguous,False,regex:\bminister of state\b
Ronald,Renton,Commons,Minister of State (Foreign and Commonwealth Office),1985-09-02,1987-06-13,649.0,1983-06-09,1439.0,Conservative,Margaret Thatcher,https://id.parliament.uk/9X4lzljh,937,ambiguous,False,regex:\bminister of state\b
Ian,Gow,Commons,Minister of State (HM Treasury),1985-09-02,1985-11-19,78.0,1983-06-09,1439.0,Conservative,Margaret Thatcher,https://id.parliament.uk/o0MfK8VL,718,ambiguous,False,regex:\bminister of state\b
John,Patten,Commons,Minister of State (Department of Environment) (Housing),1985-09-02,1987-06-12,648.0,1983-06-09,1439.0,Conservative,Margaret Thatcher,https://id.parliament.uk/1FMOJ00u,1137,ambiguous,False,regex:\bminister of state\b
Norman,Lamont,Commons,Minister of State (Ministry of Defence) (Procurement),1985-09-02,1986-05-20,260.0,1983-06-09,1439.0,Conservative,Margaret Thatcher,https://id.parliament.uk/SjERcCNu,895,ambiguous,False,regex:\bminister of state\b
John,MacGregor,Commons,Chief Secretary to the Treasury,1985-09-02,1987-06-12,648.0,1983-06-09,1439.0,Conservative,Margaret Thatcher,https://id.parliament.uk/x4is0fjM,131,senior,True,contains:chief secretary to the treasury
Malcolm,Sinclair,Lords,Parliamentary Under-Secretary (Department for Transport),1985-09-02,1986-09-10,373.0,1983-06-09,1439.0,Conservative,Margaret Thatcher,https://id.parliament.uk/BJCRqlfb,3310,non_senior,False,regex:\bparliamentary under-?secretary\b
Michael,Howard,Commons,Parliamentary Under-Secretary (Department of Trade and Industry),1985-09-02,1987-06-13,649.0,1983-06-09,1439.0,Conservative,Margaret Thatcher,https://id.parliament.uk/oCUMaUL5,82,non_senior,False,regex:\bparliamentary under-?secretary\b
David,Trippier,Commons,Parliamentary Under-Secretary (Department of Employment),1985-09-02,1987-06-13,649.0,1983-06-09,1439.0,Conservative,Margaret Thatcher,https://id.parliament.uk/qi5Jyk4V,955,non_senior,False,regex:\bparliamentary under-?secretary\b
John,Gummer,Commons,"Minister of State (Ministry of Agriculture, Fisheries and Food)",1985-09-02,1988-07-26,1058.0,1983-06-09,1439.0,Conservative,Margaret Thatcher,https://id.parliament.uk/1KIlbbma,4154,ambiguous,False,regex:\bminister of state\b
Leon,Brittan,Commons,President of the Board of Trade,1985-09-02,1986-01-16,136.0,1983-06-09,1439.0,Conservative,Margaret Thatcher,https://id.parliament.uk/sEV4x8R1,709,ambiguous,False,default
Bernard,Hayhoe,Commons,Minister of State (Department of Health and Social Security),1985-09-02,1986-09-09,372.0,1983-06-09,1439.0,Conservative,Margaret Thatcher,https://id.parliament.uk/H5sMqJAB,861,ambiguous,False,regex:\bminister of state\b
Richard,Luce,Commons,Minister (Privy Council Office) (Arts),1985-09-02,1990-07-23,1785.0,1983-06-09,1439.0,Conservative,Margaret Thatcher,https://id.parliament.uk/53Ye2Prw,908,ambiguous,False,default
John,Major,Commons,Parliamentary Under-Secretary (Department of Health and Social Security),1985-09-02,1986-09-10,373.0,1983-06-09,1439.0,Conservative,Margaret Thatcher,https://id.parliament.uk/FAnd5djo,119,non_senior,False,regex:\bparliamentary under-?secretary\b
William,Waldegrave,Commons,Minister of State (Department of Environment) (Local Government),1985-09-02,1986-09-09,372.0,1983-06-09,1439.0,Conservative,Margaret Thatcher,https://id.parliament.uk/i8lCvPZW,957,ambiguous,False,regex:\bminister of state\b
Kenneth,Baker,Commons,Secretary of State for Environment,1985-09-02,1986-05-20,260.0,1983-06-09,1439.0,Conservative,Margaret Thatcher,https://id.parliament.uk/0G6VnY9o,1028,senior,True,contains:secretary of state
Kenneth,Clarke,Commons,Paymaster General (HM Treasury),1985-09-02,1987-06-12,648.0,1983-06-09,1439.0,Conservative,Margaret Thatcher,https://id.parliament.uk/TyNGhslR,366,ambiguous,False,regex:\bpaymaster general\b
Timothy,Eggar,Commons,Parliamentary Under-Secretary (Foreign and Commonwealth Office),1985-09-02,1989-07-23,1420.0,1983-06-09,1439.0,Conservative,Margaret Thatcher,https://id.parliament.uk/mELBe96T,814,non_senior,False,regex:\bparliamentary under-?secretary\b
Kenneth,Clarke,Commons,Secretary of State for Employment,1985-09-02,1987-06-13,649.0,1983-06-09,1439.0,Conservative,Margaret Thatcher,https://id.parliament.uk/TyNGhslR,366,senior,True,contains:secretary of state
Richard,Needham,Commons,Parliamentary Under-Secretary (Northern Ireland Office),1985-09-03,1992-04-15,2416.0,1983-06-09,1439.0,Conservative,Margaret Thatcher,https://id.parliament.uk/tUYIkKty,1271,non_senior,False,regex:\bparliamentary under-?secretary\b
Thomas,King,Commons,Secretary of State for Northern Ireland,1985-09-03,1989-07-23,1419.0,1983-06-09,1439.0,Conservative,Margaret Thatcher,https://id.parliament.uk/YQNFoAVs,254,senior,True,contains:secretary of state
Douglas,Hurd,Commons,Home Secretary,1985-09-03,1989-10-25,1513.0,1983-06-09,1439.0,Conservative,Margaret Thatcher,https://id.parliament.uk/7Ep6IlO4,875,ambiguous,False,default
Norman,Tebbit,Commons,Chancellor of the Duchy of Lancaster,1985-09-03,1987-06-12,647.0,1983-06-09,1439.0,Conservative,Margaret Thatcher,https://id.parliament.uk/o1G8UbPL,952,senior,True,contains:chancellor of the duchy of lancaster
Christopher,Patten,Commons,Minister of State (Department of Education and Science),1985-09-05,1986-09-10,370.0,1983-06-09,1439.0,Conservative,Margaret Thatcher,https://id.parliament.uk/dR7pHK36,1136,ambiguous,False,regex:\bminister of state\b
Richard,Tracey,Commons,Parliamentary Under-Secretary (Department of Environment) (Sport),1985-09-07,1987-06-13,644.0,1983-06-09,1439.0,Conservative,Margaret Thatcher,https://id.parliament.uk/21bmFCXn,1260,non_senior,False,regex:\bparliamentary under-?secretary\b
Mark,Robinson,Commons,Parliamentary Under-Secretary (Welsh Office),1985-10-03,1987-06-15,620.0,1983-06-09,1439.0,Conservative,Margaret Thatcher,https://id.parliament.uk/OIAHfSxv,1154,non_senior,False,regex:\bparliamentary under-?secretary\b
Timothy,Sainsbury,Commons,Lord Commissioner (HM Treasury) (Whip),1985-10-07,1987-06-23,624.0,1983-06-09,1439.0,Conservative,Margaret Thatcher,https://id.parliament.uk/aJpur8Db,943,non_senior,False,regex:\bwhip\b
Francis,Maude,Commons,Assistant Whip (HM Treasury),1985-10-07,1987-06-15,616.0,1983-06-09,1439.0,Conservative,Margaret Thatcher,https://id.parliament.uk/XrxW6kpF,115,non_senior,False,regex:\bassistant whip\b
George,Walden,Commons,Parliamentary Under-Secretary (Department of Education and Science),1985-11-19,1987-06-13,571.0,1983-06-09,1439.0,Conservative,Margaret Thatcher,https://id.parliament.uk/hLAyOnAS,958,non_senior,False,regex:\bparliamentary under-?secretary\b
Peter,Brooke,Commons,Minister of State (HM Treasury),1985-11-19,1987-06-13,571.0,1983-06-09,1439.0,Conservative,Margaret Thatcher,https://id.parliament.uk/roOxyfCY,154,ambiguous,False,regex:\bminister of state\b
George,Younger,Commons,Secretary of State for Defence,1986-01-09,1989-07-23,1291.0,1983-06-09,1439.0,Conservative,Margaret Thatcher,https://id.parliament.uk/GAaGEDAS,969,senior,True,contains:secretary of state
Malcolm,Rifkind,Commons,Secretary of State for Scottish Office,1986-01-11,1990-11-28,1782.0,1983-06-09,1439.0,Conservative,Margaret Thatcher,https://id.parliament.uk/Os58GI3o,1191,senior,True,contains:secretary of state
Lynda,Chalker,Commons,Minister of State (Foreign and Commonwealth Office),1986-01-11,1989-07-24,1290.0,1983-06-09,1439.0,Conservative,Margaret Thatcher,https://id.parliament.uk/8gRwq4gR,778,ambiguous,False,regex:\bminister of state\b
David,Mitchell,Commons,Minister of State (Department for Transport),1986-01-23,1988-07-25,914.0,1983-06-09,1439.0,Conservative,Margaret Thatcher,https://id.parliament.uk/MkMy9i7v,1184,ambiguous,False,regex:\bminister of state\b
Peter,Bottomley,Commons,Parliamentary Under-Secretary (Department for Transport),1986-01-23,1989-07-24,1278.0,1983-06-09,1439.0,Conservative,Margaret Thatcher,https://id.parliament.uk/li6Q8zGh,117,non_senior,False,regex:\bparliamentary under-?secretary\b
Henry,Channon,Commons,Secretary of State for Trade,1986-01-24,1987-06-12,504.0,1983-06-09,1439.0,Conservative,Margaret Thatcher,https://id.parliament.uk/MNbzKAyy,779,senior,True,contains:secretary of state
Alan,Clark,Commons,Minister of State (Department of Trade and Industry),1986-01-24,1989-07-24,1277.0,1983-06-09,1439.0,Conservative,Margaret Thatcher,https://id.parliament.uk/K1KKrCup,673,ambiguous,False,regex:\bminister of state\b
Ian,Lang,Commons,Parliamentary Under-Secretary (Department of Employment),1986-01-31,1986-09-10,222.0,1983-06-09,1439.0,Conservative,Margaret Thatcher,https://id.parliament.uk/YrlabEUV,896,non_senior,False,regex:\bparliamentary under-?secretary\b
Peter,Malone,Commons,Assistant Whip (HM Treasury),1986-02-10,1987-06-15,490.0,1983-06-09,1439.0,Conservative,Margaret Thatcher,https://id.parliament.uk/z7dH1VAp,1272,non_senior,False,regex:\bassistant whip\b
Michael,Neubert,Commons,Lord Commissioner (HM Treasury) (Whip),1986-02-10,1988-07-26,897.0,1983-06-09,1439.0,Conservative,Margaret Thatcher,https://id.parliament.uk/XAkRe7E1,1257,non_senior,False,regex:\bwhip\b
Roger,Freeman,Commons,Parliamentary Under-Secretary (Ministry of Defence) (Armed Forces),1986-05-21,1988-12-15,939.0,1983-06-09,1439.0,Conservative,Margaret Thatcher,https://id.parliament.uk/eTZqW0Kg,836,non_senior,False,regex:\bparliamentary under-?secretary\b
Nicholas,Ridley,Commons,Secretary of State for Environment,1986-05-21,1989-07-23,1159.0,1983-06-09,1439.0,Conservative,Margaret Thatcher,https://id.parliament.uk/pudylhrb,1304,senior,True,contains:secretary of state
Norman,Lamont,Commons,Financial Secretary (HM Treasury),1986-05-21,1989-07-23,1159.0,1983-06-09,1439.0,Conservative,Margaret Thatcher,https://id.parliament.uk/SjERcCNu,895,ambiguous,False,regex:\bfinancial secretary\b
John,Moore,Commons,Secretary of State for Transport,1986-05-21,1987-06-13,388.0,1983-06-09,1439.0,Conservative,Margaret Thatcher,https://id.parliament.uk/eB5IkwTu,1022,senior,True,contains:secretary of state
Kenneth,Baker,Commons,Secretary of State for Education and Science,1986-05-21,1989-07-23,1159.0,1983-06-09,1439.0,Conservative,Margaret Thatcher,https://id.parliament.uk/0G6VnY9o,1028,senior,True,contains:secretary of state
David,Mellor,Commons,Minister of State (Home Office),1986-09-10,1987-06-13,276.0,1983-06-09,1439.0,Conservative,Margaret Thatcher,https://id.parliament.uk/jYLn1R21,1134,ambiguous,False,regex:\bminister of state\b
Christopher,Chope,Commons,Parliamentary Under-Secretary (Department of Environment),1986-09-10,1990-07-22,1411.0,1983-06-09,1439.0,Conservative,Margaret Thatcher,https://id.parliament.uk/COPkmVdx,242,non_senior,False,regex:\bparliamentary under-?secretary\b
Nicholas,Lyell,Commons,Parliamentary Under-Secretary (Department of Health and Social Security),1986-09-10,1987-06-13,276.0,1983-06-09,1439.0,Conservative,Margaret Thatcher,https://id.parliament.uk/rRKrivsZ,5,non_senior,False,regex:\bparliamentary under-?secretary\b
Archibald,Hamilton,Commons,Parliamentary Under-Secretary (Ministry of Defence) (Procurement),1986-09-10,1987-06-12,275.0,1983-06-09,1439.0,Conservative,Margaret Thatcher,https://id.parliament.uk/rmgoOXtj,100,non_senior,False,regex:\bparliamentary under-?secretary\b
Rhodes,Boyson,Commons,Minister of State (Department of Environment) (Local Government),1986-09-10,1987-06-12,275.0,1983-06-09,1439.0,Conservative,Margaret Thatcher,https://id.parliament.uk/ZMaZcVEU,756,ambiguous,False,regex:\bminister of state\b
Ian,Lang,Commons,Parliamentary Under-Secretary (Scottish Office),1986-09-10,1987-06-13,276.0,1983-06-09,1439.0,Conservative,Margaret Thatcher,https://id.parliament.uk/YrlabEUV,896,non_senior,False,regex:\bparliamentary under-?secretary\b
Edwina,Currie,Commons,Parliamentary Under-Secretary (Department of Health and Social Security),1986-09-10,1988-07-25,684.0,1983-06-09,1439.0,Conservative,Margaret Thatcher,https://id.parliament.uk/S9KDlTuV,1140,non_senior,False,regex:\bparliamentary under-?secretary\b
John,Major,Commons,Minister of State (Department of Health and Social Security) (Social Security),1986-09-10,1987-06-12,275.0,1983-06-09,1439.0,Conservative,Margaret Thatcher,https://id.parliament.uk/FAnd5djo,119,ambiguous,False,regex:\bminister of state\b
William,Waldegrave,Commons,"Minister (Department of Environment) (Environment, Countryside and Planning)",1986-09-10,1987-06-12,275.0,1983-06-09,1439.0,Conservative,Margaret Thatcher,https://id.parliament.uk/i8lCvPZW,957,ambiguous,False,default
John,Lee,Commons,Parliamentary Under-Secretary (Department of Employment),1986-09-10,1989-07-26,1050.0,1983-06-09,1439.0,Conservative,Margaret Thatcher,https://id.parliament.uk/ZKkusgzB,1132,non_senior,False,regex:\bparliamentary under-?secretary\b
Brian,Mawhinney,Commons,Parliamentary Under-Secretary (Northern Ireland Office),1986-09-10,1990-11-28,1540.0,1983-06-09,1439.0,Conservative,Margaret Thatcher,https://id.parliament.uk/hh1U1Uts,121,non_senior,False,regex:\bparliamentary under-?secretary\b
Peter,Viggers,Commons,Parliamentary Under-Secretary (Northern Ireland Office),1986-09-10,1989-07-26,1050.0,1983-06-09,1439.0,Conservative,Margaret Thatcher,https://id.parliament.uk/GZyOXGX8,52,non_senior,False,regex:\bparliamentary under-?secretary\b
Ivon,Moore-Brabazon,Lords,Parliamentary Under-Secretary (Department for Transport),1986-09-10,1989-07-23,1047.0,1983-06-09,1439.0,Conservative,Margaret Thatcher,https://id.parliament.uk/eTRYqCR6,3493,non_senior,False,regex:\bparliamentary under-?secretary\b
Antony,Newton,Commons,Minister of State (Department of Health and Social Security) (Health),1986-09-10,1988-07-24,683.0,1983-06-09,1439.0,Conservative,Margaret Thatcher,https://id.parliament.uk/zhRevA8R,925,ambiguous,False,regex:\bminister of state\b
Douglas,Hogg,Commons,Parliamentary Under-Secretary (Home Office),1986-09-10,1989-07-26,1050.0,1983-06-09,1439.0,Conservative,Margaret Thatcher,https://id.parliament.uk/w01cXpnf,349,non_senior,False,regex:\bparliamentary under-?secretary\b
Christopher,Patten,Commons,Minister of State (Foreign and Commonwealth Office) (Overseas Development),1986-09-10,1989-07-23,1047.0,1983-06-09,1439.0,Conservative,Margaret Thatcher,https://id.parliament.uk/dR7pHK36,1136,ambiguous,False,regex:\bminister of state\b
Donald,Thompson,Commons,"Parliamentary Under-Secretary (Ministry of Agriculture, Fisheries and Food)",1986-09-10,1989-07-24,1048.0,1983-06-09,1439.0,Conservative,Margaret Thatcher,https://id.parliament.uk/nXd2tRHI,1228,non_senior,False,regex:\bparliamentary under-?secretary\b
Angela,Rumbold,Commons,Minister of State (Department of Education and Science),1986-09-10,1990-07-24,1413.0,1983-06-09,1439.0,Conservative,Margaret Thatcher,https://id.parliament.uk/HifLaRVz,1226,ambiguous,False,regex:\bminister of state\b
John,Shaw,Commons,Minister of State (Department of Trade and Industry),1986-10-09,1987-06-13,247.0,1983-06-09,1439.0,Conservative,Margaret Thatcher,https://id.parliament.uk/Jkv2h62I,1254,ambiguous,False,regex:\bminister of state\b
Robert,Boscawen,Commons,Comptroller (HM Household),1986-10-16,1988-07-25,648.0,1983-06-09,1439.0,Conservative,Margaret Thatcher,https://id.parliament.uk/TzWqicsX,751,ambiguous,False,default
Robert,Durant,Commons,Lord Commissioner (HM Treasury) (Whip),1986-10-16,1988-12-19,795.0,1983-06-09,1439.0,Conservative,Margaret Thatcher,https://id.parliament.uk/a4py8MMB,1054,non_senior,False,regex:\bwhip\b
Mark,Lennox-Boyd,Commons,Lord Commissioner (HM Treasury) (Whip),1986-10-16,1988-07-25,648.0,1983-06-09,1439.0,Conservative,Margaret Thatcher,https://id.parliament.uk/bEotvzzm,902,non_senior,False,regex:\bwhip\b
Richard,Ryder,Commons,Assistant Whip (HM Treasury),1986-10-16,1988-07-24,647.0,1983-06-09,1439.0,Conservative,Margaret Thatcher,https://id.parliament.uk/kMgtmEm0,1250,non_senior,False,regex:\bassistant whip\b
David,Lightbown,Commons,Assistant Whip (HM Treasury),1986-10-16,1987-06-25,252.0,1983-06-09,1439.0,Conservative,Margaret Thatcher,https://id.parliament.uk/oAKwYS27,699,non_senior,False,regex:\bassistant whip\b
William,Garel-Jones,Commons,"Vice Chamberlain (HM Household) (Whip, House of Commons)",1986-10-16,1988-07-25,648.0,1983-06-09,1439.0,Conservative,Margaret Thatcher,https://id.parliament.uk/rZtzw0L7,840,non_senior,False,regex:\bwhip\b
Peter,Lloyd,Commons,Lord Commissioner (HM Treasury) (Whip),1986-10-16,1988-07-24,647.0,1983-06-09,1439.0,Conservative,Margaret Thatcher,https://id.parliament.uk/W5D5rUCg,51,non_senior,False,regex:\bwhip\b
Michael,Portillo,Commons,Assistant Whip (HM Treasury),1986-10-16,1987-06-15,242.0,1983-06-09,1439.0,Conservative,Margaret Thatcher,https://id.parliament.uk/MUKZuAsV,187,non_senior,False,regex:\bassistant whip\b
Michael,Alison,Commons,Second Church Estates Commissioner,1987-01-01,1997-05-01,3773.0,1983-06-09,1439.0,Conservative,Margaret Thatcher,https://id.parliament.uk/0BegVILq,736,ambiguous,False,default
John,Stanley,Commons,Minister of State (Northern Ireland Office),1987-06-12,1988-06-01,355.0,1987-06-11,1740.0,Conservative,Margaret Thatcher,https://id.parliament.uk/wcZ0EzWM,91,ambiguous,False,regex:\bminister of state\b
Michael,Howard,Commons,Minister of State (Department of Environment) (Local Government),1987-06-13,1988-07-24,407.0,1987-06-11,1740.0,Conservative,Margaret Thatcher,https://id.parliament.uk/oCUMaUL5,82,ambiguous,False,regex:\bminister of state\b
Patrick,Nicholls,Commons,Parliamentary Under-Secretary (Department of Employment),1987-06-13,1990-07-28,1141.0,1987-06-11,1740.0,Conservative,Margaret Thatcher,https://id.parliament.uk/TqrLoChf,235,non_senior,False,regex:\bparliamentary under-?secretary\b
Timothy,Sainsbury,Commons,Parliamentary Under-Secretary (Ministry of Defence) (Procurement),1987-06-13,1989-07-24,772.0,1987-06-11,1740.0,Conservative,Margaret Thatcher,https://id.parliament.uk/aJpur8Db,943,non_senior,False,regex:\bparliamentary under-?secretary\b
Francis,Maude,Commons,Parliamentary Under-Secretary (Department of Trade and Industry),1987-06-13,1989-07-26,774.0,1987-06-11,1740.0,Conservative,Margaret Thatcher,https://id.parliament.uk/XrxW6kpF,115,non_senior,False,regex:\bparliamentary under-?secretary\b
Bernard,Stewart,Commons,Minister of State (Ministry of Defence),1987-06-13,1988-07-24,407.0,1987-06-11,1740.0,Conservative,Margaret Thatcher,https://id.parliament.uk/VMfJpo56,986,ambiguous,False,regex:\bminister of state\b
David,Trippier,Commons,Parliamentary Under-Secretary (Department of Environment),1987-06-13,1989-07-23,771.0,1987-06-11,1740.0,Conservative,Margaret Thatcher,https://id.parliament.uk/qi5Jyk4V,955,non_senior,False,regex:\bparliamentary under-?secretary\b
Michael,Forsyth,Commons,Parliamentary Under-Secretary (Scottish Office),1987-06-13,1990-09-07,1182.0,1987-06-11,1740.0,Conservative,Margaret Thatcher,https://id.parliament.uk/b8TTkvuy,1141,non_senior,False,regex:\bparliamentary under-?secretary\b
Robert,Atkins,Commons,Parliamentary Under-Secretary (Department of Trade and Industry),1987-06-13,1989-07-26,774.0,1987-06-11,1740.0,Conservative,Margaret Thatcher,https://id.parliament.uk/QgLBTJly,975,non_senior,False,regex:\bparliamentary under-?secretary\b
Cecil,Parkinson,Commons,Secretary of State for Energy,1987-06-13,1989-07-23,771.0,1987-06-11,1740.0,Conservative,Margaret Thatcher,https://id.parliament.uk/j6FyF6ff,931,senior,True,contains:secretary of state
John,Patten,Commons,Minister of State (Home Office),1987-06-13,1992-04-09,1762.0,1987-06-11,1740.0,Conservative,Margaret Thatcher,https://id.parliament.uk/1FMOJ00u,1137,ambiguous,False,regex:\bminister of state\b
William,Spicer,Commons,Parliamentary Under-Secretary (Department of Energy),1987-06-13,1990-01-03,935.0,1987-06-11,1740.0,Conservative,Margaret Thatcher,https://id.parliament.uk/W4VcU9be,270,non_senior,False,regex:\bparliamentary under-?secretary\b
Peter,Brooke,Commons,Paymaster General (HM Treasury),1987-06-13,1989-07-23,771.0,1987-06-11,1740.0,Conservative,Margaret Thatcher,https://id.parliament.uk/roOxyfCY,154,ambiguous,False,regex:\bpaymaster general\b
John,Major,Commons,Chief Secretary to the Treasury,1987-06-13,1989-07-23,771.0,1987-06-11,1740.0,Conservative,Margaret Thatcher,https://id.parliament.uk/FAnd5djo,119,senior,True,contains:chief secretary to the treasury
Patrick,Mayhew,Commons,Attorney General (Law Officers),1987-06-13,1992-11-28,1995.0,1987-06-11,1740.0,Conservative,Margaret Thatcher,https://id.parliament.uk/e7VHc97c,914,ambiguous,False,regex:\battorney general\b
David,Mellor,Commons,Minister of State (Foreign and Commonwealth Office),1987-06-13,1988-07-26,409.0,1987-06-11,1740.0,Conservative,Margaret Thatcher,https://id.parliament.uk/jYLn1R21,1134,ambiguous,False,regex:\bminister of state\b
Peter,Fowler,Commons,Secretary of State for Employment,1987-06-13,1990-01-02,934.0,1987-06-11,1740.0,Conservative,Margaret Thatcher,https://id.parliament.uk/R3ZEnpii,315,senior,True,contains:secretary of state
John,Moore,Commons,Secretary of State for Health and Social Security,1987-06-13,1988-07-24,407.0,1987-06-11,1740.0,Conservative,Margaret Thatcher,https://id.parliament.uk/eB5IkwTu,1022,senior,True,contains:secretary of state
Robert,Jackson,Commons,Parliamentary Under-Secretary (Department of Education and Science),1987-06-13,1990-07-24,1137.0,1987-06-11,1740.0,Conservative,Margaret Thatcher,https://id.parliament.uk/paMVQ0mZ,97,non_senior,False,regex:\bparliamentary under-?secretary\b
James,Douglas-Hamilton,Commons,Parliamentary Under-Secretary (Scottish Office),1987-06-13,1995-07-06,2945.0,1987-06-11,1740.0,Conservative,Margaret Thatcher,https://id.parliament.uk/io57LQOv,802,non_senior,False,regex:\bparliamentary under-?secretary\b
Michael,Portillo,Commons,Parliamentary Under-Secretary (Department of Health),1987-06-13,1988-07-25,408.0,1987-06-11,1740.0,Conservative,Margaret Thatcher,https://id.parliament.uk/MUKZuAsV,187,non_senior,False,regex:\bparliamentary under-?secretary\b
John,Cope,Commons,Minister of State (Department of Employment),1987-06-13,1989-07-25,773.0,1987-06-11,1740.0,Conservative,Margaret Thatcher,https://id.parliament.uk/9oBlXsXa,787,ambiguous,False,regex:\bminister of state\b
William,Waldegrave,Commons,Minister (Department of Environment) (Housing and Planning),1987-06-13,1988-07-24,407.0,1987-06-11,1740.0,Conservative,Margaret Thatcher,https://id.parliament.uk/i8lCvPZW,957,ambiguous,False,default
Ian,Lang,Commons,Minister of State (Scottish Office),1987-06-13,1990-11-28,1264.0,1987-06-11,1740.0,Conservative,Margaret Thatcher,https://id.parliament.uk/YrlabEUV,896,ambiguous,False,regex:\bminister of state\b
Peter,Walker,Commons,Secretary of State for Wales,1987-06-13,1990-05-03,1055.0,1987-06-11,1740.0,Conservative,Margaret Thatcher,https://id.parliament.uk/4eJ0v0w4,1045,senior,True,contains:secretary of state
Kenneth,Clarke,Commons,Chancellor of the Duchy of Lancaster,1987-06-13,1988-07-24,407.0,1987-06-11,1740.0,Conservative,Margaret Thatcher,https://id.parliament.uk/TyNGhslR,366,senior,True,contains:chancellor of the duchy of lancaster
David,Waddington,Commons,Parliamentary Secretary to the Treasury (Chief Whip),1987-06-13,1989-10-27,867.0,1987-06-11,1740.0,Conservative,Margaret Thatcher,https://id.parliament.uk/LKXbst6v,722,non_senior,False,regex:\bparliamentary secretary\b
Kenneth,Clarke,Commons,Minister of State (Department of Trade and Industry),1987-06-13,1988-07-24,407.0,1987-06-11,1740.0,Conservative,Margaret Thatcher,https://id.parliament.uk/TyNGhslR,366,ambiguous,False,regex:\bminister of state\b
Marion,Roe,Commons,Parliamentary Under-Secretary (Department of Environment),1987-06-13,1988-07-26,409.0,1987-06-11,1740.0,Conservative,Margaret Thatcher,https://id.parliament.uk/Is2u5Ebp,64,non_senior,False,regex:\bparliamentary under-?secretary\b
Ronald,Renton,Commons,Minister of State (Home Office),1987-06-13,1989-10-28,868.0,1987-06-11,1740.0,Conservative,Margaret Thatcher,https://id.parliament.uk/9X4lzljh,937,ambiguous,False,regex:\bminister of state\b
Peter,Morrison,Commons,Minister of State (Department of Energy),1987-06-13,1990-07-25,1138.0,1987-06-11,1740.0,Conservative,Margaret Thatcher,https://id.parliament.uk/9z6TNW0u,1277,ambiguous,False,regex:\bminister of state\b
John,MacGregor,Commons,"Secretary of State for Agriculture, Fisheries and Food",1987-06-13,1989-07-23,771.0,1987-06-11,1740.0,Conservative,Margaret Thatcher,https://id.parliament.uk/x4is0fjM,131,senior,True,contains:secretary of state
Henry,Channon,Commons,Secretary of State for Transport,1987-06-13,1989-07-24,772.0,1987-06-11,1740.0,Conservative,Margaret Thatcher,https://id.parliament.uk/MNbzKAyy,779,senior,True,contains:secretary of state
Peter,Lilley,Commons,Economic Secretary (HM Treasury),1987-06-13,1989-07-23,771.0,1987-06-11,1740.0,Conservative,Margaret Thatcher,https://id.parliament.uk/wm7IFsoC,68,ambiguous,False,regex:\beconomic secretary\b
Nicholas,Scott,Commons,Minister of State (Department of Health and Social Security) (Social Security),1987-06-13,1988-07-25,408.0,1987-06-11,1740.0,Conservative,Margaret Thatcher,https://id.parliament.uk/NyfMggUv,1229,ambiguous,False,regex:\bminister of state\b
John,Wakeham,Commons,Lord Privy Seal and Leader of the House of Commons,1987-06-13,1988-01-09,210.0,1987-06-11,1740.0,Conservative,Margaret Thatcher,https://id.parliament.uk/RrFvFH7m,1278,senior,True,contains:lord privy seal
David,Hunt,Commons,Treasurer of Her Majesty's Household (HM Household),1987-06-15,1989-07-24,770.0,1987-06-11,1740.0,Conservative,Margaret Thatcher,https://id.parliament.uk/r8raAEpb,994,ambiguous,False,default
Nicholas,Lyell,Commons,Solicitor General (Law Officers),1987-06-15,1992-04-10,1761.0,1987-06-11,1740.0,Conservative,Margaret Thatcher,https://id.parliament.uk/rRKrivsZ,5,ambiguous,False,regex:\bsolicitor general\b
Ieuan,Roberts,Commons,Minister of State (Welsh Office),1987-06-15,1994-11-28,2723.0,1987-06-11,1740.0,Conservative,Margaret Thatcher,https://id.parliament.uk/GTeoy1OM,1232,ambiguous,False,regex:\bminister of state\b
Ian,Grist,Commons,Parliamentary Under-Secretary (Welsh Office),1987-06-15,1990-11-28,1262.0,1987-06-11,1740.0,Conservative,Margaret Thatcher,https://id.parliament.uk/8OUcdsAZ,851,non_senior,False,regex:\bparliamentary under-?secretary\b
David,Maclean,Commons,Assistant Whip (HM Treasury),1987-06-18,1988-07-25,403.0,1987-06-11,1740.0,Conservative,Margaret Thatcher,https://id.parliament.uk/FPrIhqOa,497,non_senior,False,regex:\bassistant whip\b
Kenneth,Carlisle,Commons,Assistant Whip (HM Treasury),1987-06-18,1988-07-25,403.0,1987-06-11,1740.0,Conservative,Margaret Thatcher,https://id.parliament.uk/0mu7hVim,773,non_senior,False,regex:\bassistant whip\b
Alan,Howarth,Commons,Assistant Whip (HM Treasury),1987-06-18,1988-07-25,403.0,1987-06-11,1740.0,Conservative,Margaret Thatcher,https://id.parliament.uk/xJTfXMO4,544,non_senior,False,regex:\bassistant whip\b
Colin,Moynihan,Commons,Parliamentary Under-Secretary (Department of Environment) (Sport),1987-06-22,1990-07-26,1130.0,1987-06-11,1740.0,Conservative,Margaret Thatcher,https://id.parliament.uk/3xsMcPJ7,924,non_senior,False,regex:\bparliamentary under-?secretary\b
David,Lightbown,Commons,Lord Commissioner (HM Treasury) (Whip),1987-06-26,1990-07-24,1124.0,1987-06-11,1740.0,Conservative,Margaret Thatcher,https://id.parliament.uk/oAKwYS27,699,non_senior,False,regex:\bwhip\b
Stephen,Dorrell,Commons,Assistant Whip (HM Treasury),1987-06-26,1988-12-19,542.0,1987-06-11,1740.0,Conservative,Margaret Thatcher,https://id.parliament.uk/TkjF6HCq,336,non_senior,False,regex:\bassistant whip\b
James,Mackay,Lords,Lord Chancellor,1987-10-28,1997-05-03,3475.0,1987-06-11,1740.0,Conservative,Margaret Thatcher,https://id.parliament.uk/cCH0X0MA,1883,senior,True,contains:lord chancellor
Robert,Shirley,Lords,Deputy Leader of the House of Lords,1988-01-01,1997-05-01,3408.0,1987-06-11,1740.0,Conservative,Margaret Thatcher,https://id.parliament.uk/PXvyr1Ws,2761,senior,True,contains:leader of the house of lords
John,Wakeham,Commons,Lord President of the Council and Leader of the House of Commons,1988-01-10,1989-07-23,560.0,1987-06-11,1740.0,Conservative,Margaret Thatcher,https://id.parliament.uk/RrFvFH7m,1278,senior,True,contains:lord president of the council
John,Ganzoni,Lords,Lord Privy Seal and Leader of the House of Lords,1988-01-10,1990-11-27,1052.0,1987-06-11,1740.0,Conservative,Margaret Thatcher,https://id.parliament.uk/RGKR7Bzh,3527,senior,True,contains:lord privy seal
John,Gummer,Commons,Minister of State (Department of Environment) (Local Government),1988-07-25,1989-07-24,364.0,1987-06-11,1740.0,Conservative,Margaret Thatcher,https://id.parliament.uk/1KIlbbma,4154,ambiguous,False,regex:\bminister of state\b
Edwina,Currie,Commons,Parliamentary Under-Secretary (Department of Health),1988-07-25,1988-12-16,144.0,1987-06-11,1740.0,Conservative,Margaret Thatcher,https://id.parliament.uk/S9KDlTuV,1140,non_senior,False,regex:\bparliamentary under-?secretary\b
Nicholas,Scott,Commons,Minister of State (Department of Social Security),1988-07-25,1994-07-20,2186.0,1987-06-11,1740.0,Conservative,Margaret Thatcher,https://id.parliament.uk/NyfMggUv,1229,ambiguous,False,regex:\bminister of state\b
David,Mellor,Commons,Minister of State (Department of Health and Social Security) (Health),1988-07-25,1989-07-24,364.0,1987-06-11,1740.0,Conservative,Margaret Thatcher,https://id.parliament.uk/jYLn1R21,1134,ambiguous,False,regex:\bminister of state\b
Richard,Ryder,Commons,"Parliamentary Under-Secretary (Ministry of Agriculture, Fisheries and Food)",1988-07-25,1989-07-24,364.0,1987-06-11,1740.0,Conservative,Margaret Thatcher,https://id.parliament.uk/kMgtmEm0,1250,non_senior,False,regex:\bparliamentary under-?secretary\b
Archibald,Hamilton,Commons,Minister of State (Ministry of Defence),1988-07-25,1993-05-26,1766.0,1987-06-11,1740.0,Conservative,Margaret Thatcher,https://id.parliament.uk/rmgoOXtj,100,ambiguous,False,regex:\bminister of state\b
Peter,Lloyd,Commons,Parliamentary Under-Secretary (Department of Social Security),1988-07-25,1989-07-28,368.0,1987-06-11,1740.0,Conservative,Margaret Thatcher,https://id.parliament.uk/W5D5rUCg,51,non_senior,False,regex:\bparliamentary under-?secretary\b
Antony,Newton,Commons,Chancellor of the Duchy of Lancaster and Minister (Trade),1988-07-25,1989-07-23,363.0,1987-06-11,1740.0,Conservative,Margaret Thatcher,https://id.parliament.uk/zhRevA8R,925,senior,True,contains:chancellor of the duchy of lancaster
Michael,Howard,Commons,Minister of State (Department of Environment) (Planning),1988-07-25,1989-07-23,363.0,1987-06-11,1740.0,Conservative,Margaret Thatcher,https://id.parliament.uk/oCUMaUL5,82,ambiguous,False,regex:\bminister of state\b
John,Moore,Commons,Secretary of State for Social Security,1988-07-25,1989-07-22,362.0,1987-06-11,1740.0,Conservative,Margaret Thatcher,https://id.parliament.uk/eB5IkwTu,1022,senior,True,contains:secretary of state
Kenneth,Clarke,Commons,Secretary of State for Health,1988-07-25,1990-11-01,829.0,1987-06-11,1740.0,Conservative,Margaret Thatcher,https://id.parliament.uk/TyNGhslR,366,senior,True,contains:secretary of state
Bernard,Stewart,Commons,Minister of State (Northern Ireland Office),1988-07-25,1989-07-25,365.0,1987-06-11,1740.0,Conservative,Margaret Thatcher,https://id.parliament.uk/VMfJpo56,986,ambiguous,False,regex:\bminister of state\b
Virginia,Bottomley,Commons,Parliamentary Under-Secretary (Department of Environment),1988-07-25,1989-10-28,460.0,1987-06-11,1740.0,Conservative,Margaret Thatcher,https://id.parliament.uk/p8wtjEOJ,106,non_senior,False,regex:\bparliamentary under-?secretary\b
Michael,Portillo,Commons,Minister of State (Department for Transport),1988-07-25,1990-05-04,648.0,1987-06-11,1740.0,Conservative,Margaret Thatcher,https://id.parliament.uk/MUKZuAsV,187,ambiguous,False,regex:\bminister of state\b
John,Butcher,Commons,Parliamentary Under-Secretary (Department of Education and Science),1988-07-26,1989-07-24,363.0,1987-06-11,1740.0,Conservative,Margaret Thatcher,https://id.parliament.uk/GWdgeADQ,1123,non_senior,False,regex:\bparliamentary under-?secretary\b
William,Garel-Jones,Commons,"Comptroller (HM Household) (Deputy Chief Whip, House of Commons)",1988-07-26,1989-07-24,363.0,1987-06-11,1740.0,Conservative,Margaret Thatcher,https://id.parliament.uk/rZtzw0L7,840,non_senior,False,regex:\bwhip\b
John,Taylor,Commons,Assistant Whip (HM Treasury),1988-07-26,1989-07-25,364.0,1987-06-11,1740.0,Conservative,Margaret Thatcher,https://id.parliament.uk/yMom4Yzc,313,non_senior,False,regex:\bassistant whip\b
Thomas,Sackville,Commons,Assistant Whip (HM Treasury),1988-07-26,1989-10-29,460.0,1987-06-11,1740.0,Conservative,Margaret Thatcher,https://id.parliament.uk/N1bSYM8F,1274,non_senior,False,regex:\bassistant whip\b
Michael,Neubert,Commons,"Vice Chamberlain (HM Household) (Whip, House of Commons)",1988-07-26,1988-12-20,147.0,1987-06-11,1740.0,Conservative,Margaret Thatcher,https://id.parliament.uk/XAkRe7E1,1257,non_senior,False,regex:\bwhip\b
David,Heathcoat-Amory,Commons,Assistant Whip (HM Treasury),1988-07-26,1989-07-25,364.0,1987-06-11,1740.0,Conservative,Margaret Thatcher,https://id.parliament.uk/WPLucIn4,257,non_senior,False,regex:\bassistant whip\b
Michael,Fallon,Commons,Assistant Whip (HM Treasury),1988-07-26,1990-05-10,653.0,1987-06-11,1740.0,Conservative,Margaret Thatcher,https://id.parliament.uk/5vldGphZ,88,non_senior,False,regex:\bassistant whip\b
Eric,Forth,Commons,Parliamentary Under-Secretary (Department of Trade and Industry),1988-07-26,1990-07-24,728.0,1987-06-11,1740.0,Conservative,Margaret Thatcher,https://id.parliament.uk/aFlbj7f8,149,non_senior,False,regex:\bparliamentary under-?secretary\b
William,Waldegrave,Commons,Minister of State (Foreign and Commonwealth Office),1988-07-26,1990-11-02,829.0,1987-06-11,1740.0,Conservative,Margaret Thatcher,https://id.parliament.uk/i8lCvPZW,957,ambiguous,False,regex:\bminister of state\b
Kenneth,Carlisle,Commons,Lord Commissioner (HM Treasury) (Whip),1988-07-27,1990-07-22,725.0,1987-06-11,1740.0,Conservative,Margaret Thatcher,https://id.parliament.uk/0mu7hVim,773,non_senior,False,regex:\bwhip\b
Alan,Howarth,Commons,Lord Commissioner (HM Treasury) (Whip),1988-07-27,1989-07-24,362.0,1987-06-11,1740.0,Conservative,Margaret Thatcher,https://id.parliament.uk/xJTfXMO4,544,non_senior,False,regex:\bwhip\b
David,Maclean,Commons,Lord Commissioner (HM Treasury) (Whip),1988-07-27,1989-07-24,362.0,1987-06-11,1740.0,Conservative,Margaret Thatcher,https://id.parliament.uk/FPrIhqOa,497,non_senior,False,regex:\bwhip\b
Thomas,Galbraith,Lords,Lord in Waiting (HM Household) (Whip),1988-08-12,1989-07-24,346.0,1987-06-11,1740.0,Conservative,Margaret Thatcher,https://id.parliament.uk/ucGKwgAr,2221,non_senior,False,regex:\bwhip\b
Roger,Freeman,Commons,Parliamentary Under-Secretary (Department of Health),1988-12-16,1990-05-04,504.0,1987-06-11,1740.0,Conservative,Margaret Thatcher,https://id.parliament.uk/eTZqW0Kg,836,non_senior,False,regex:\bparliamentary under-?secretary\b
Michael,Neubert,Commons,Parliamentary Under-Secretary (Ministry of Defence) (Armed Forces),1988-12-19,1989-07-01,194.0,1987-06-11,1740.0,Conservative,Margaret Thatcher,https://id.parliament.uk/XAkRe7E1,1257,non_senior,False,regex:\bparliamentary under-?secretary\b
Sydney,Chapman,Commons,Assistant Whip (HM Treasury),1988-12-20,1990-07-25,582.0,1987-06-11,1740.0,Conservative,Margaret Thatcher,https://id.parliament.uk/JOJ4ie6I,153,non_senior,False,regex:\bassistant whip\b
Robert,Durant,Commons,"Vice Chamberlain (HM Household) (Whip, House of Commons)",1988-12-20,1990-07-24,581.0,1987-06-11,1740.0,Conservative,Margaret Thatcher,https://id.parliament.uk/a4py8MMB,1054,non_senior,False,regex:\bwhip\b
Stephen,Dorrell,Commons,Lord Commissioner (HM Treasury) (Whip),1988-12-20,1990-05-03,499.0,1987-06-11,1740.0,Conservative,Margaret Thatcher,https://id.parliament.uk/TkjF6HCq,336,non_senior,False,regex:\bwhip\b
Peter,Fraser,Lords,Lord Advocate (Law Officers),1989-01-04,1992-04-13,1195.0,1987-06-11,1740.0,,Margaret Thatcher,https://id.parliament.uk/JyFjqhP7,1128,ambiguous,False,default
David,Maclean,Commons,"Parliamentary Under-Secretary (Ministry of Agriculture, Fisheries and Food)",1989-06-26,1992-04-15,1024.0,1987-06-11,1740.0,Conservative,Margaret Thatcher,https://id.parliament.uk/FPrIhqOa,497,non_senior,False,regex:\bparliamentary under-?secretary\b
Michael,Neubert,Commons,Parliamentary Under-Secretary (Ministry of Defence) (Procurement),1989-07-01,1990-07-23,387.0,1987-06-11,1740.0,Conservative,Margaret Thatcher,https://id.parliament.uk/XAkRe7E1,1257,non_senior,False,regex:\bparliamentary under-?secretary\b
Peter,Bottomley,Commons,Parliamentary Under-Secretary (Northern Ireland Office),1989-07-04,1990-07-28,389.0,1987-06-11,1740.0,Conservative,Margaret Thatcher,https://id.parliament.uk/li6Q8zGh,117,non_senior,False,regex:\bparliamentary under-?secretary\b
Antony,Newton,Commons,Secretary of State for Social Security,1989-07-23,1992-04-09,991.0,1987-06-11,1740.0,Conservative,Margaret Thatcher,https://id.parliament.uk/zhRevA8R,925,senior,True,contains:secretary of state
Alan,Howarth,Commons,Parliamentary Under-Secretary (Department of Education and Science),1989-07-24,1992-11-28,1223.0,1987-06-11,1740.0,Conservative,Margaret Thatcher,https://id.parliament.uk/xJTfXMO4,544,non_senior,False,regex:\bparliamentary under-?secretary\b
Francis,Maude,Commons,Minister of State (Foreign and Commonwealth Office),1989-07-24,1990-07-14,355.0,1987-06-11,1740.0,Conservative,Margaret Thatcher,https://id.parliament.uk/XrxW6kpF,115,ambiguous,False,regex:\bminister of state\b
Peter,Lilley,Commons,Financial Secretary (HM Treasury),1989-07-24,1990-07-13,354.0,1987-06-11,1740.0,Conservative,Margaret Thatcher,https://id.parliament.uk/wm7IFsoC,68,ambiguous,False,regex:\bfinancial secretary\b
Richard,Ryder,Commons,Economic Secretary (HM Treasury),1989-07-24,1990-07-23,364.0,1987-06-11,1740.0,Conservative,Margaret Thatcher,https://id.parliament.uk/kMgtmEm0,1250,ambiguous,False,regex:\beconomic secretary\b
Peter,Brooke,Commons,Secretary of State for Northern Ireland,1989-07-24,1992-04-09,990.0,1987-06-11,1740.0,Conservative,Margaret Thatcher,https://id.parliament.uk/roOxyfCY,154,senior,True,contains:secretary of state
John,MacGregor,Commons,Secretary of State for Education and Science,1989-07-24,1990-11-01,465.0,1987-06-11,1740.0,Conservative,Margaret Thatcher,https://id.parliament.uk/x4is0fjM,131,senior,True,contains:secretary of state
Douglas,Hogg,Commons,Minister of State (Department of Trade and Industry),1989-07-24,1990-11-01,465.0,1987-06-11,1740.0,Conservative,Margaret Thatcher,https://id.parliament.uk/w01cXpnf,349,ambiguous,False,regex:\bminister of state\b
Timothy,Sainsbury,Commons,Parliamentary Under-Secretary (Foreign and Commonwealth Office),1989-07-24,1990-07-23,364.0,1987-06-11,1740.0,Conservative,Margaret Thatcher,https://id.parliament.uk/aJpur8Db,943,non_senior,False,regex:\bparliamentary under-?secretary\b
Alan,Clark,Commons,Minister of State (Ministry of Defence) (Procurement),1989-07-24,1992-04-13,994.0,1987-06-11,1740.0,Conservative,Margaret Thatcher,https://id.parliament.uk/K1KKrCup,673,ambiguous,False,regex:\bminister of state\b
Nicholas,Ridley,Commons,Secretary of State for Trade,1989-07-24,1990-07-13,354.0,1987-06-11,1740.0,Conservative,Margaret Thatcher,https://id.parliament.uk/pudylhrb,1304,senior,True,contains:secretary of state
David,Trippier,Commons,Minister (Department of Environment) (Environment and Countryside),1989-07-24,1992-04-13,994.0,1987-06-11,1740.0,Conservative,Margaret Thatcher,https://id.parliament.uk/qi5Jyk4V,955,ambiguous,False,default
Cecil,Parkinson,Commons,Secretary of State for Transport,1989-07-24,1990-11-28,492.0,1987-06-11,1740.0,Conservative,Margaret Thatcher,https://id.parliament.uk/j6FyF6ff,931,senior,True,contains:secretary of state
Norman,Lamont,Commons,Chief Secretary to the Treasury,1989-07-24,1990-11-28,492.0,1987-06-11,1740.0,Conservative,Margaret Thatcher,https://id.parliament.uk/SjERcCNu,895,senior,True,contains:chief secretary to the treasury
John,Wakeham,Commons,Secretary of State for Energy,1989-07-24,1992-04-09,990.0,1987-06-11,1740.0,Conservative,Margaret Thatcher,https://id.parliament.uk/RrFvFH7m,1278,senior,True,contains:secretary of state
Christopher,Patten,Commons,Secretary of State for Environment,1989-07-24,1990-11-28,492.0,1987-06-11,1740.0,Conservative,Margaret Thatcher,https://id.parliament.uk/dR7pHK36,1136,senior,True,contains:secretary of state
John,Gummer,Commons,"Secretary of State for Agriculture, Fisheries and Food",1989-07-24,1993-05-26,1402.0,1987-06-11,1740.0,Conservative,Margaret Thatcher,https://id.parliament.uk/1KIlbbma,4154,senior,True,contains:secretary of state
Lynda,Chalker,Lords,Minister of State (Foreign and Commonwealth Office) (Overseas Development),1989-07-24,1997-05-01,2838.0,1987-06-11,1740.0,,Margaret Thatcher,https://id.parliament.uk/8gRwq4gR,778,ambiguous,False,regex:\bminister of state\b
Ivon,Moore-Brabazon,Lords,Minister of State (Foreign and Commonwealth Office),1989-07-24,1990-07-24,365.0,1987-06-11,1740.0,Conservative,Margaret Thatcher,https://id.parliament.uk/eTRYqCR6,3493,ambiguous,False,regex:\bminister of state\b
Richard,Howe,Commons,"Deputy Prime Minister, Lord President of the Council (Cabinet Office) (with Special Responsibility for Political and Constitutional Reform)",1989-07-24,1990-11-01,465.0,1987-06-11,1740.0,Conservative,Margaret Thatcher,https://id.parliament.uk/Ta7hlBXe,872,senior,True,contains:prime minister
Kenneth,Baker,Commons,Chancellor of the Duchy of Lancaster,1989-07-24,1990-11-28,492.0,1987-06-11,1740.0,Conservative,Margaret Thatcher,https://id.parliament.uk/0G6VnY9o,1028,senior,True,contains:chancellor of the duchy of lancaster
Richard,Howe,Commons,Lord President of the Council and Leader of the House of Commons (Privy Council Office),1989-07-24,1990-11-01,465.0,1987-06-11,1740.0,Conservative,Margaret Thatcher,https://id.parliament.uk/Ta7hlBXe,872,senior,True,contains:lord president of the council
Lynda,Chalker,Commons,Minister of State (Foreign and Commonwealth Office) (Overseas Development),1989-07-24,1997-05-01,2838.0,1987-06-11,1740.0,Conservative,Margaret Thatcher,https://id.parliament.uk/8gRwq4gR,778,ambiguous,False,regex:\bminister of state\b
John,Major,Commons,Foreign Secretary,1989-07-24,1989-10-25,93.0,1987-06-11,1740.0,Conservative,Margaret Thatcher,https://id.parliament.uk/FAnd5djo,119,ambiguous,False,default
Timothy,Eggar,Commons,Minister of State (Department of Employment),1989-07-25,1990-07-23,363.0,1987-06-11,1740.0,Conservative,Margaret Thatcher,https://id.parliament.uk/mELBe96T,814,ambiguous,False,regex:\bminister of state\b
David,Hunt,Commons,Minister of State (Department of Environment) (Local Government),1989-07-25,1990-05-03,282.0,1987-06-11,1740.0,Conservative,Margaret Thatcher,https://id.parliament.uk/r8raAEpb,994,ambiguous,False,regex:\bminister of state\b
William,Garel-Jones,Commons,Deputy Chief Whip and Treasurer,1989-07-25,1990-07-21,361.0,1987-06-11,1740.0,Conservative,Margaret Thatcher,https://id.parliament.uk/rZtzw0L7,840,non_senior,False,regex:\bwhip\b
Peter,Lloyd,Commons,Parliamentary Under-Secretary (Home Office),1989-07-25,1992-04-15,995.0,1987-06-11,1740.0,Conservative,Margaret Thatcher,https://id.parliament.uk/W5D5rUCg,51,non_senior,False,regex:\bparliamentary under-?secretary\b
John,Cope,Commons,Minister of State (Northern Ireland Office),1989-07-25,1990-11-28,491.0,1987-06-11,1740.0,Conservative,Margaret Thatcher,https://id.parliament.uk/9oBlXsXa,787,ambiguous,False,regex:\bminister of state\b
Robert,Atkins,Commons,Parliamentary Under-Secretary (Department for Transport),1989-07-25,1990-07-22,362.0,1987-06-11,1740.0,Conservative,Margaret Thatcher,https://id.parliament.uk/QgLBTJly,975,non_senior,False,regex:\bparliamentary under-?secretary\b
Gillian,Shephard,Commons,Parliamentary Under-Secretary (Department of Social Security),1989-07-25,1990-11-28,491.0,1987-06-11,1740.0,Conservative,Margaret Thatcher,https://id.parliament.uk/F6lBvlXV,132,non_senior,False,regex:\bparliamentary under-?secretary\b
Patrick,McLoughlin,Commons,Parliamentary Under-Secretary (Department for Transport) (Roads and Motoring),1989-07-25,1992-04-14,994.0,1987-06-11,1740.0,Conservative,Margaret Thatcher,https://id.parliament.uk/LZDZjBO2,333,non_senior,False,regex:\bparliamentary under-?secretary\b
Michael,Howard,Commons,Minister of State (Department of Environment) (Housing),1989-07-25,1990-01-02,161.0,1987-06-11,1740.0,Conservative,Margaret Thatcher,https://id.parliament.uk/oCUMaUL5,82,ambiguous,False,regex:\bminister of state\b
Alastair,Goodlad,Commons,"Comptroller (HM Household) (Deputy Chief Whip, House of Commons)",1989-07-25,1990-07-22,362.0,1987-06-11,1740.0,Conservative,Margaret Thatcher,https://id.parliament.uk/MhFkcAAB,670,non_senior,False,regex:\bwhip\b
David,Curry,Commons,"Parliamentary Under-Secretary (Ministry of Agriculture, Fisheries and Food)",1989-07-26,1992-04-14,993.0,1987-06-11,1740.0,Conservative,Margaret Thatcher,https://id.parliament.uk/1pWd6oAq,383,non_senior,False,regex:\bparliamentary under-?secretary\b
John,Redwood,Commons,Parliamentary Under-Secretary (Department of Trade and Industry),1989-07-26,1990-11-02,464.0,1987-06-11,1740.0,Conservative,Margaret Thatcher,https://id.parliament.uk/UPIMfkMx,14,non_senior,False,regex:\bparliamentary under-?secretary\b
Thomas,Galbraith,Lords,Parliamentary Under-Secretary (Department of Employment),1989-07-26,1990-07-24,363.0,1987-06-11,1740.0,Conservative,Margaret Thatcher,https://id.parliament.uk/ucGKwgAr,2221,non_senior,False,regex:\bparliamentary under-?secretary\b
David,Heathcoat-Amory,Commons,Lord Commissioner (HM Treasury) (Whip),1989-07-26,1989-10-28,94.0,1987-06-11,1740.0,Conservative,Margaret Thatcher,https://id.parliament.uk/WPLucIn4,257,non_senior,False,regex:\bwhip\b
John,Taylor,Commons,Lord Commissioner (HM Treasury) (Whip),1989-07-26,1990-11-28,490.0,1987-06-11,1740.0,Conservative,Margaret Thatcher,https://id.parliament.uk/yMom4Yzc,313,non_senior,False,regex:\bwhip\b
Cyril,Patnick,Commons,Assistant Whip (HM Treasury),1989-07-28,1990-07-25,362.0,1987-06-11,1740.0,Conservative,Margaret Thatcher,https://id.parliament.uk/FGVOHMC1,933,non_senior,False,regex:\bassistant whip\b
Gregory,Knight,Commons,Assistant Whip (HM Treasury),1989-07-28,1990-07-25,362.0,1987-06-11,1740.0,Conservative,Margaret Thatcher,https://id.parliament.uk/wEjb3Hkt,1200,non_senior,False,regex:\bassistant whip\b
Thomas,King,Commons,Secretary of State for Defence,1989-07-28,1992-04-09,986.0,1987-06-11,1740.0,Conservative,Margaret Thatcher,https://id.parliament.uk/YQNFoAVs,254,senior,True,contains:secretary of state
Douglas,Hurd,Commons,Foreign Secretary,1989-10-26,1995-04-07,1989.0,1987-06-11,1740.0,Conservative,Margaret Thatcher,https://id.parliament.uk/7Ep6IlO4,875,ambiguous,False,default
David,Waddington,Commons,Home Secretary,1989-10-26,1990-11-28,398.0,1987-06-11,1740.0,Conservative,Margaret Thatcher,https://id.parliament.uk/LKXbst6v,722,ambiguous,False,default
John,Major,Commons,Chancellor of the Exchequer,1989-10-26,1990-11-28,398.0,1987-06-11,1740.0,Conservative,Margaret Thatcher,https://id.parliament.uk/FAnd5djo,119,senior,True,contains:chancellor of the exchequer
David,Mellor,Commons,Minister of State (Home Office),1989-10-27,1990-07-22,268.0,1987-06-11,1740.0,Conservative,Margaret Thatcher,https://id.parliament.uk/jYLn1R21,1134,ambiguous,False,regex:\bminister of state\b
Virginia,Bottomley,Commons,Minister of State (Department of Health),1989-10-28,1992-04-14,899.0,1987-06-11,1740.0,Conservative,Margaret Thatcher,https://id.parliament.uk/p8wtjEOJ,106,ambiguous,False,regex:\bminister of state\b
Ronald,Renton,Commons,Parliamentary Secretary to the Treasury (Chief Whip),1989-10-28,1990-11-28,396.0,1987-06-11,1740.0,Conservative,Margaret Thatcher,https://id.parliament.uk/9X4lzljh,937,non_senior,False,regex:\bparliamentary secretary\b
David,Heathcoat-Amory,Commons,Parliamentary Under-Secretary (Department of Environment),1989-10-28,1990-11-28,396.0,1987-06-11,1740.0,Conservative,Margaret Thatcher,https://id.parliament.uk/WPLucIn4,257,non_senior,False,regex:\bparliamentary under-?secretary\b
Thomas,Sackville,Commons,Lord Commissioner (HM Treasury) (Whip),1989-10-30,1992-04-14,897.0,1987-06-11,1740.0,Conservative,Margaret Thatcher,https://id.parliament.uk/N1bSYM8F,1274,non_senior,False,regex:\bwhip\b
Nicholas,Baker,Commons,Assistant Whip (HM Treasury),1989-11-02,1990-11-28,391.0,1987-06-11,1740.0,Conservative,Margaret Thatcher,https://id.parliament.uk/o0auXSfv,1085,non_senior,False,regex:\bassistant whip\b
John,Redwood,Commons,Minister of State (Department of Trade and Industry),1990-01-01,1992-01-01,730.0,1987-06-11,1740.0,Conservative,Margaret Thatcher,https://id.parliament.uk/UPIMfkMx,14,ambiguous,False,regex:\bminister of state\b
Michael,Howard,Commons,Secretary of State for Employment,1990-01-02,1992-04-10,829.0,1987-06-11,1740.0,Conservative,Margaret Thatcher,https://id.parliament.uk/oCUMaUL5,82,senior,True,contains:secretary of state
William,Spicer,Commons,Minister of State (Department of Environment) (Housing and Planning),1990-01-03,1990-11-28,329.0,1987-06-11,1740.0,Conservative,Margaret Thatcher,https://id.parliament.uk/W4VcU9be,270,ambiguous,False,regex:\bminister of state\b
Anthony,Baldry,Commons,Parliamentary Under-Secretary (Department of Energy),1990-01-03,1990-11-28,329.0,1987-06-11,1740.0,Conservative,Margaret Thatcher,https://id.parliament.uk/nqvFaORz,93,non_senior,False,regex:\bparliamentary under-?secretary\b
David,Hunt,Commons,Secretary of State for Wales,1990-05-04,1993-05-27,1119.0,1987-06-11,1740.0,Conservative,Margaret Thatcher,https://id.parliament.uk/r8raAEpb,994,senior,True,contains:secretary of state
Stephen,Dorrell,Commons,Parliamentary Under-Secretary (Department of Health),1990-05-04,1992-04-14,711.0,1987-06-11,1740.0,Conservative,Margaret Thatcher,https://id.parliament.uk/TkjF6HCq,336,non_senior,False,regex:\bparliamentary under-?secretary\b
Roger,Freeman,Commons,Minister of State (Department for Transport),1990-05-04,1990-11-28,208.0,1987-06-11,1740.0,Conservative,Margaret Thatcher,https://id.parliament.uk/eTZqW0Kg,836,ambiguous,False,regex:\bminister of state\b
Michael,Portillo,Commons,Minister (Department of Environment) (Local Government),1990-05-04,1992-04-14,711.0,1987-06-11,1740.0,Conservative,Margaret Thatcher,https://id.parliament.uk/MUKZuAsV,187,ambiguous,False,default
Timothy,Wood,Commons,Assistant Whip (HM Treasury),1990-05-10,1992-04-14,705.0,1987-06-11,1740.0,Conservative,Margaret Thatcher,https://id.parliament.uk/sI1RPKVU,1156,non_senior,False,regex:\bassistant whip\b
Michael,Fallon,Commons,Lord Commissioner (HM Treasury) (Whip),1990-05-10,1990-07-22,73.0,1987-06-11,1740.0,Conservative,Margaret Thatcher,https://id.parliament.uk/5vldGphZ,88,non_senior,False,regex:\bwhip\b
Richard,Ryder,Commons,Paymaster General (HM Treasury),1990-07-14,1990-11-28,137.0,1987-06-11,1740.0,Conservative,Margaret Thatcher,https://id.parliament.uk/kMgtmEm0,1250,ambiguous,False,regex:\bpaymaster general\b
Peter,Lilley,Commons,Secretary of State for Trade,1990-07-14,1992-04-09,635.0,1987-06-11,1740.0,Conservative,Margaret Thatcher,https://id.parliament.uk/wm7IFsoC,68,senior,True,contains:secretary of state
William,Garel-Jones,Commons,Minister of State (Foreign and Commonwealth Office),1990-07-14,1993-06-06,1058.0,1987-06-11,1740.0,Conservative,Margaret Thatcher,https://id.parliament.uk/rZtzw0L7,840,ambiguous,False,regex:\bminister of state\b
Francis,Maude,Commons,Financial Secretary (HM Treasury),1990-07-14,1992-04-13,639.0,1987-06-11,1740.0,Conservative,Margaret Thatcher,https://id.parliament.uk/XrxW6kpF,115,ambiguous,False,regex:\bfinancial secretary\b
Alastair,Goodlad,Commons,Deputy Chief Whip and Treasurer,1990-07-22,1992-04-13,631.0,1987-06-11,1740.0,Conservative,Margaret Thatcher,https://id.parliament.uk/MhFkcAAB,670,non_senior,False,regex:\bwhip\b
Christopher,Chope,Commons,Parliamentary Under-Secretary (Department for Transport) (Roads and Motoring),1990-07-23,1992-04-14,631.0,1987-06-11,1740.0,Conservative,Margaret Thatcher,https://id.parliament.uk/COPkmVdx,242,non_senior,False,regex:\bparliamentary under-?secretary\b
David,Mellor,Commons,Minister (Privy Council Office) (Arts),1990-07-23,1990-11-28,128.0,1987-06-11,1740.0,Conservative,Margaret Thatcher,https://id.parliament.uk/jYLn1R21,1134,ambiguous,False,default
Timothy,Sainsbury,Commons,Minister of State (Department of Trade and Industry),1990-07-23,1994-04-13,1360.0,1987-06-11,1740.0,Conservative,Margaret Thatcher,https://id.parliament.uk/aJpur8Db,943,ambiguous,False,regex:\bminister of state\b
Angela,Rumbold,Commons,Minister of State (Home Office),1990-07-23,1992-04-14,631.0,1987-06-11,1740.0,Conservative,Margaret Thatcher,https://id.parliament.uk/HifLaRVz,1226,ambiguous,False,regex:\bminister of state\b
Ivon,Moore-Brabazon,Lords,Minister of State (Department for Transport),1990-07-23,1992-04-14,631.0,1987-06-11,1740.0,Conservative,Margaret Thatcher,https://id.parliament.uk/eTRYqCR6,3493,ambiguous,False,regex:\bminister of state\b
George,Young,Commons,"Comptroller (HM Household) (Deputy Chief Whip, House of Commons)",1990-07-23,1990-11-28,128.0,1987-06-11,1740.0,Conservative,Margaret Thatcher,https://id.parliament.uk/9mJigEyv,57,non_senior,False,regex:\bwhip\b
Colin,Moynihan,Commons,Parliamentary Under-Secretary (Department of Energy),1990-07-24,1992-04-11,627.0,1987-06-11,1740.0,Conservative,Margaret Thatcher,https://id.parliament.uk/3xsMcPJ7,924,non_senior,False,regex:\bparliamentary under-?secretary\b
Michael,Fallon,Commons,Parliamentary Under-Secretary (Department of Education and Science),1990-07-24,1992-04-14,630.0,1987-06-11,1740.0,Conservative,Margaret Thatcher,https://id.parliament.uk/5vldGphZ,88,non_senior,False,regex:\bparliamentary under-?secretary\b
Robert,Jackson,Commons,Parliamentary Under-Secretary (Department of Employment),1990-07-24,1992-04-14,630.0,1987-06-11,1740.0,Conservative,Margaret Thatcher,https://id.parliament.uk/paMVQ0mZ,97,non_senior,False,regex:\bparliamentary under-?secretary\b
Timothy,Eggar,Commons,Minister of State (Department of Education and Science),1990-07-24,1992-04-14,630.0,1987-06-11,1740.0,Conservative,Margaret Thatcher,https://id.parliament.uk/mELBe96T,814,ambiguous,False,regex:\bminister of state\b
Mostyn,Hamilton,Commons,Assistant Whip (HM Treasury),1990-07-25,1992-04-14,629.0,1987-06-11,1740.0,Conservative,Margaret Thatcher,https://id.parliament.uk/4ERy4j8i,731,non_senior,False,regex:\bassistant whip\b
Cyril,Patnick,Commons,Lord Commissioner (HM Treasury) (Whip),1990-07-25,1994-08-20,1487.0,1987-06-11,1740.0,Conservative,Margaret Thatcher,https://id.parliament.uk/FGVOHMC1,933,non_senior,False,regex:\bwhip\b
Timothy,Boswell,Commons,Assistant Whip (HM Treasury),1990-07-25,1992-04-14,629.0,1987-06-11,1740.0,Conservative,Margaret Thatcher,https://id.parliament.uk/gy6uSWSc,352,non_senior,False,regex:\bassistant whip\b
David,Lightbown,Commons,"Vice Chamberlain (HM Household) (Whip, House of Commons)",1990-07-25,1990-11-28,126.0,1987-06-11,1740.0,Conservative,Margaret Thatcher,https://id.parliament.uk/oAKwYS27,699,non_senior,False,regex:\bwhip\b
Sydney,Chapman,Commons,Lord Commissioner (HM Treasury) (Whip),1990-07-25,1992-04-14,629.0,1987-06-11,1740.0,Conservative,Margaret Thatcher,https://id.parliament.uk/JOJ4ie6I,153,non_senior,False,regex:\bwhip\b
Patrick,Nicholls,Commons,Parliamentary Under-Secretary (Department of Environment),1990-07-26,1990-10-12,78.0,1987-06-11,1740.0,Conservative,Margaret Thatcher,https://id.parliament.uk/TqrLoChf,235,non_senior,False,regex:\bparliamentary under-?secretary\b
Kenneth,Carlisle,Commons,Parliamentary Under-Secretary (Ministry of Defence) (Procurement),1990-07-26,1992-04-15,629.0,1987-06-11,1740.0,Conservative,Margaret Thatcher,https://id.parliament.uk/0mu7hVim,773,non_senior,False,regex:\bparliamentary under-?secretary\b
Robert,Atkins,Commons,Parliamentary Under-Secretary (Department of Environment) (Sport),1990-07-26,1990-11-28,125.0,1987-06-11,1740.0,Conservative,Margaret Thatcher,https://id.parliament.uk/QgLBTJly,975,non_senior,False,regex:\bparliamentary under-?secretary\b
Thomas,Galbraith,Lords,Parliamentary Under-Secretary (Scottish Office),1990-09-07,1992-11-28,813.0,1987-06-11,1740.0,Conservative,Margaret Thatcher,https://id.parliament.uk/ucGKwgAr,2221,non_senior,False,regex:\bparliamentary under-?secretary\b
Michael,Forsyth,Commons,Minister of State (Scottish Office),1990-09-07,1992-04-13,584.0,1987-06-11,1740.0,Conservative,Margaret Thatcher,https://id.parliament.uk/b8TTkvuy,1141,ambiguous,False,regex:\bminister of state\b
Simon,Key,Commons,Parliamentary Under-Secretary (Department of Environment),1990-10-12,1992-04-15,551.0,1987-06-11,1740.0,Conservative,Margaret Thatcher,https://id.parliament.uk/sgDqGX5g,262,non_senior,False,regex:\bparliamentary under-?secretary\b
Edward,Leigh,Commons,Parliamentary Under-Secretary (Department of Trade and Industry),1990-11-02,1993-05-27,937.0,1987-06-11,1740.0,Conservative,Margaret Thatcher,https://id.parliament.uk/UsvSyiqC,345,non_senior,False,regex:\bparliamentary under-?secretary\b
John,MacGregor,Commons,Lord President of the Council and Leader of the House of Commons (Privy Council Office),1990-11-02,1992-04-09,524.0,1987-06-11,1740.0,Conservative,Margaret Thatcher,https://id.parliament.uk/x4is0fjM,131,senior,True,contains:lord president of the council
William,Waldegrave,Commons,Secretary of State for Health,1990-11-02,1992-04-09,524.0,1987-06-11,1740.0,Conservative,Margaret Thatcher,https://id.parliament.uk/i8lCvPZW,957,senior,True,contains:secretary of state
Douglas,Hogg,Commons,Minister of State (Foreign and Commonwealth Office),1990-11-02,1995-07-05,1706.0,1987-06-11,1740.0,Conservative,Margaret Thatcher,https://id.parliament.uk/w01cXpnf,349,ambiguous,False,regex:\bminister of state\b
Kenneth,Clarke,Commons,Secretary of State for Education and Science,1990-11-02,1992-04-09,524.0,1987-06-11,1740.0,Conservative,Margaret Thatcher,https://id.parliament.uk/TyNGhslR,366,senior,True,contains:secretary of state
George,Young,Commons,Minister (Department of Environment) (Housing),1990-11-28,1994-07-19,1329.0,1987-06-11,1740.0,Conservative,Margaret Thatcher,https://id.parliament.uk/9mJigEyv,57,ambiguous,False,default
David,Waddington,Commons,Lord Privy Seal and Leader of the House of Lords,1990-11-28,1992-04-09,498.0,1987-06-11,1740.0,Conservative,Margaret Thatcher,https://id.parliament.uk/LKXbst6v,722,senior,True,contains:lord privy seal
Brian,Mawhinney,Commons,Minister of State (Northern Ireland Office),1990-11-28,1992-04-14,503.0,1987-06-11,1740.0,Conservative,Margaret Thatcher,https://id.parliament.uk/hh1U1Uts,121,ambiguous,False,regex:\bminister of state\b
Richard,Ryder,Commons,Parliamentary Secretary to the Treasury (Chief Whip),1990-11-28,1995-07-04,1679.0,1987-06-11,1740.0,Conservative,Margaret Thatcher,https://id.parliament.uk/kMgtmEm0,1250,non_senior,False,regex:\bparliamentary secretary\b
Gillian,Shephard,Commons,Minister of State (HM Treasury),1990-11-28,1992-04-10,499.0,1987-06-11,1740.0,Conservative,Margaret Thatcher,https://id.parliament.uk/F6lBvlXV,132,ambiguous,False,regex:\bminister of state\b
John,Jack,Commons,Parliamentary Under-Secretary (Department of Social Security),1990-11-28,1992-04-14,503.0,1987-06-11,1740.0,Conservative,Margaret Thatcher,https://id.parliament.uk/RPGX8J0V,468,non_senior,False,regex:\bparliamentary under-?secretary\b
Robert,Jackson,Commons,Parliamentary Under-Secretary (Privy Council Office),1990-11-28,1992-04-11,500.0,1987-06-11,1740.0,Conservative,Margaret Thatcher,https://id.parliament.uk/paMVQ0mZ,97,non_senior,False,regex:\bparliamentary under-?secretary\b
Timothy,Yeo,Commons,Parliamentary Under-Secretary (Department of Environment),1990-11-28,1992-04-15,504.0,1987-06-11,1740.0,Conservative,Margaret Thatcher,https://id.parliament.uk/4ORRLQHc,136,non_senior,False,regex:\bparliamentary under-?secretary\b
Ronald,Renton,Commons,Minister of State (Ministry for the Arts),1990-11-28,1992-04-11,500.0,1987-06-11,1740.0,Conservative,Margaret Thatcher,https://id.parliament.uk/9X4lzljh,937,ambiguous,False,regex:\bminister of state\b
David,Heathcoat-Amory,Commons,Parliamentary Under-Secretary (Department of Energy),1990-11-28,1992-04-11,500.0,1987-06-11,1740.0,Conservative,Margaret Thatcher,https://id.parliament.uk/WPLucIn4,257,non_senior,False,regex:\bparliamentary under-?secretary\b
David,Waddington,Lords,Lord Privy Seal and Leader of the House of Lords,1990-11-28,1992-04-09,498.0,1987-06-11,1740.0,,Margaret Thatcher,https://id.parliament.uk/LKXbst6v,722,senior,True,contains:lord privy seal
Malcolm,Rifkind,Commons,Secretary of State for Transport,1990-11-28,1992-04-10,499.0,1987-06-11,1740.0,Conservative,Margaret Thatcher,https://id.parliament.uk/Os58GI3o,1191,senior,True,contains:secretary of state
John,Maples,Commons,Economic Secretary (HM Treasury),1990-11-28,1992-04-13,502.0,1987-06-11,1740.0,Conservative,Margaret Thatcher,https://id.parliament.uk/F699Lxib,4162,ambiguous,False,regex:\beconomic secretary\b
John,Major,Commons,"Prime Minister, First Lord of the Treasury and Minister for the Civil Service",1990-11-28,1997-05-02,2347.0,1987-06-11,1740.0,Conservative,Margaret Thatcher,https://id.parliament.uk/FAnd5djo,119,senior,True,contains:prime minister
David,Lightbown,Commons,"Comptroller (HM Household) (Deputy Chief Whip, House of Commons)",1990-11-28,1995-07-06,1681.0,1987-06-11,1740.0,Conservative,Margaret Thatcher,https://id.parliament.uk/oAKwYS27,699,non_senior,False,regex:\bwhip\b
Norman,Lamont,Commons,Chancellor of the Exchequer,1990-11-28,1993-05-27,911.0,1987-06-11,1740.0,Conservative,Margaret Thatcher,https://id.parliament.uk/SjERcCNu,895,senior,True,contains:chancellor of the exchequer
John,Stewart,Commons,Parliamentary Under-Secretary (Scottish Office),1990-11-28,1995-02-08,1533.0,1987-06-11,1740.0,Conservative,Margaret Thatcher,https://id.parliament.uk/ShEOHyeM,1239,non_senior,False,regex:\bparliamentary under-?secretary\b
Gregory,Knight,Commons,Lord Commissioner (HM Treasury) (Whip),1990-11-28,1993-05-27,911.0,1987-06-11,1740.0,Conservative,Margaret Thatcher,https://id.parliament.uk/wEjb3Hkt,1200,non_senior,False,regex:\bwhip\b
Kenneth,Baker,Commons,Home Secretary,1990-11-28,1992-04-09,498.0,1987-06-11,1740.0,Conservative,Margaret Thatcher,https://id.parliament.uk/0G6VnY9o,1028,ambiguous,False,default
Roger,Freeman,Commons,Minister of State (Department for Transport) (Public Transport),1990-11-28,1994-07-20,1330.0,1987-06-11,1740.0,Conservative,Margaret Thatcher,https://id.parliament.uk/eTZqW0Kg,836,ambiguous,False,regex:\bminister of state\b
Anthony,Baldry,Commons,Parliamentary Under-Secretary (Department of Environment),1990-11-28,1994-07-20,1330.0,1987-06-11,1740.0,Conservative,Margaret Thatcher,https://id.parliament.uk/nqvFaORz,93,non_senior,False,regex:\bparliamentary under-?secretary\b
David,Mellor,Commons,Chief Secretary to the Treasury,1990-11-28,1992-04-09,498.0,1987-06-11,1740.0,Conservative,Margaret Thatcher,https://id.parliament.uk/jYLn1R21,1134,senior,True,contains:chief secretary to the treasury
Robert,Atkins,Commons,Parliamentary Under-Secretary (Department of Education and Science),1990-11-28,1992-04-14,503.0,1987-06-11,1740.0,Conservative,Margaret Thatcher,https://id.parliament.uk/QgLBTJly,975,non_senior,False,regex:\bparliamentary under-?secretary\b
Michael,Heseltine,Commons,Secretary of State for Environment,1990-11-28,1992-04-10,499.0,1987-06-11,1740.0,Conservative,Margaret Thatcher,https://id.parliament.uk/HDWaJnag,94,senior,True,contains:secretary of state
Mark,Lennox-Boyd,Commons,Parliamentary Under-Secretary (Foreign and Commonwealth Office),1990-11-28,1994-07-19,1329.0,1987-06-11,1740.0,Conservative,Margaret Thatcher,https://id.parliament.uk/bEotvzzm,902,non_senior,False,regex:\bparliamentary under-?secretary\b
Ian,Lang,Commons,Secretary of State for Scottish Office,1990-11-28,1995-07-04,1679.0,1987-06-11,1740.0,Conservative,Margaret Thatcher,https://id.parliament.uk/YrlabEUV,896,senior,True,contains:secretary of state
John,Ganzoni,Lords,Minister of State (Northern Ireland Office),1990-11-28,1992-04-14,503.0,1987-06-11,1740.0,Conservative,Margaret Thatcher,https://id.parliament.uk/RGKR7Bzh,3527,ambiguous,False,regex:\bminister of state\b
John,Taylor,Commons,"Vice Chamberlain (HM Household) (Whip, House of Commons)",1990-11-28,1992-04-14,503.0,1987-06-11,1740.0,Conservative,Margaret Thatcher,https://id.parliament.uk/yMom4Yzc,313,non_senior,False,regex:\bwhip\b
Timothy,Kirkhope,Commons,Assistant Whip (HM Treasury),1990-11-28,1992-01-11,409.0,1987-06-11,1740.0,Conservative,Margaret Thatcher,https://id.parliament.uk/MCQbcUkT,891,non_senior,False,regex:\bassistant whip\b
Eric,Forth,Commons,Parliamentary Under-Secretary (Department of Employment),1990-11-28,1992-04-14,503.0,1987-06-11,1740.0,Conservative,Margaret Thatcher,https://id.parliament.uk/aFlbj7f8,149,non_senior,False,regex:\bparliamentary under-?secretary\b
Christopher,Patten,Commons,Chancellor of the Duchy of Lancaster,1990-11-28,1992-04-09,498.0,1987-06-11,1740.0,Conservative,Margaret Thatcher,https://id.parliament.uk/dR7pHK36,1136,senior,True,contains:chancellor of the duchy of lancaster
Ann,Widdecombe,Commons,Parliamentary Under-Secretary (Department of Social Security),1990-11-30,1993-05-27,909.0,1987-06-11,1740.0,Conservative,John Major,https://id.parliament.uk/qW98eRN0,85,non_senior,False,regex:\bparliamentary under-?secretary\b
Jeremy,Hanley,Commons,Parliamentary Under-Secretary (Northern Ireland Office),1990-12-03,1993-05-27,906.0,1987-06-11,1740.0,Conservative,John Major,https://id.parliament.uk/AmSoXYkw,734,non_senior,False,regex:\bparliamentary under-?secretary\b
Nicholas,Bennett,Commons,Parliamentary Under-Secretary (Welsh Office),1990-12-03,1992-07-20,595.0,1987-06-11,1740.0,Conservative,John Major,https://id.parliament.uk/pdr3xBoU,1089,non_senior,False,regex:\bparliamentary under-?secretary\b
Nicholas,Baker,Commons,Lord Commissioner (HM Treasury) (Whip),1990-12-03,1994-07-20,1325.0,1987-06-11,1740.0,Conservative,John Major,https://id.parliament.uk/o0auXSfv,1085,non_senior,False,regex:\bwhip\b
David,Davis,Commons,Assistant Whip (HM Treasury),1990-12-03,1993-05-27,906.0,1987-06-11,1740.0,Conservative,John Major,https://id.parliament.uk/A7xoNSH8,373,non_senior,False,regex:\bassistant whip\b
Thomas,Fermor-Hesketh,Lords,"Captain of the Honourable Corps of Gentlemen-at-Arms (HM Household) (Chief Whip, House of Lords)",1991-06-01,1993-09-15,837.0,1987-06-11,1740.0,Conservative,John Major,https://id.parliament.uk/BYuiHmaK,2641,non_senior,False,regex:\bwhip\b
John,Taylor,Commons,Parliamentary Secretary (Lord Chancellor's Department),1992-01-01,1995-01-01,1096.0,1987-06-11,1740.0,Conservative,John Major,https://id.parliament.uk/yMom4Yzc,313,senior,True,contains:lord chancellor
Andrew,Mitchell,Commons,Assistant Whip (HM Treasury),1992-01-11,1994-07-20,921.0,1987-06-11,1740.0,Conservative,John Major,https://id.parliament.uk/QW4mOMIY,1211,non_senior,False,regex:\bassistant whip\b
Antony,Newton,Commons,Lord President of the Council and Leader of the House of Commons (Privy Council Office),1992-04-10,1997-05-01,1847.0,1992-04-09,1825.0,Conservative,John Major,https://id.parliament.uk/zhRevA8R,925,senior,True,contains:lord president of the council
John,Patten,Commons,Secretary of State for Education and Science,1992-04-10,1994-07-20,831.0,1992-04-09,1825.0,Conservative,John Major,https://id.parliament.uk/1FMOJ00u,1137,senior,True,contains:secretary of state
Nicholas,Lyell,Commons,Attorney General (Law Officers),1992-04-10,1997-05-01,1847.0,1992-04-09,1825.0,Conservative,John Major,https://id.parliament.uk/rRKrivsZ,5,ambiguous,False,regex:\battorney general\b
Malcolm,Rifkind,Commons,Secretary of State for Defence,1992-04-10,1995-07-04,1180.0,1992-04-09,1825.0,Conservative,John Major,https://id.parliament.uk/Os58GI3o,1191,senior,True,contains:secretary of state
Virginia,Bottomley,Commons,Secretary of State for Health,1992-04-10,1995-07-04,1180.0,1992-04-09,1825.0,Conservative,John Major,https://id.parliament.uk/p8wtjEOJ,106,senior,True,contains:secretary of state
Peter,Lilley,Commons,Secretary of State for Social Security,1992-04-10,1997-05-01,1847.0,1992-04-09,1825.0,Conservative,John Major,https://id.parliament.uk/wm7IFsoC,68,senior,True,contains:secretary of state
Michael,Portillo,Commons,Chief Secretary to the Treasury,1992-04-10,1994-07-19,830.0,1992-04-09,1825.0,Conservative,John Major,https://id.parliament.uk/MUKZuAsV,187,senior,True,contains:chief secretary to the treasury
William,Waldegrave,Commons,Chancellor of the Duchy of Lancaster,1992-04-10,1994-07-20,831.0,1992-04-09,1825.0,Conservative,John Major,https://id.parliament.uk/i8lCvPZW,957,senior,True,contains:chancellor of the duchy of lancaster
Kenneth,Clarke,Commons,Home Secretary,1992-04-10,1993-05-26,411.0,1992-04-09,1825.0,Conservative,John Major,https://id.parliament.uk/TyNGhslR,366,ambiguous,False,default
Patrick,Mayhew,Commons,Secretary of State for Northern Ireland,1992-04-10,1997-05-01,1847.0,1992-04-09,1825.0,Conservative,John Major,https://id.parliament.uk/e7VHc97c,914,senior,True,contains:secretary of state
John,Wakeham,Lords,Lord Privy Seal and Leader of the House of Lords,1992-04-10,1994-07-19,830.0,1992-04-09,1825.0,,John Major,https://id.parliament.uk/RrFvFH7m,1278,senior,True,contains:lord privy seal
Michael,Heseltine,Commons,President of the Board of Trade,1992-04-10,1995-07-04,1180.0,1992-04-09,1825.0,Conservative,John Major,https://id.parliament.uk/HDWaJnag,94,ambiguous,False,default
Gillian,Shephard,Commons,Secretary of State for Employment,1992-04-11,1993-05-26,410.0,1992-04-09,1825.0,Conservative,John Major,https://id.parliament.uk/F6lBvlXV,132,senior,True,contains:secretary of state
Michael,Howard,Commons,Secretary of State for Environment,1992-04-11,1993-05-26,410.0,1992-04-09,1825.0,Conservative,John Major,https://id.parliament.uk/oCUMaUL5,82,senior,True,contains:secretary of state
John,MacGregor,Commons,Secretary of State for Transport,1992-04-11,1994-07-20,830.0,1992-04-09,1825.0,Conservative,John Major,https://id.parliament.uk/x4is0fjM,131,senior,True,contains:secretary of state
David,Mellor,Commons,Secretary of State for National Heritage,1992-04-11,1992-09-24,166.0,1992-04-09,1825.0,Conservative,John Major,https://id.parliament.uk/jYLn1R21,1134,senior,True,contains:secretary of state
John,Cope,Commons,Paymaster General (HM Treasury),1992-04-14,1994-07-19,826.0,1992-04-09,1825.0,Conservative,John Major,https://id.parliament.uk/9oBlXsXa,787,ambiguous,False,regex:\bpaymaster general\b
Patrick,McLoughlin,Commons,Parliamentary Under-Secretary (Department of Employment),1992-04-14,1993-05-27,408.0,1992-04-09,1825.0,Conservative,John Major,https://id.parliament.uk/LZDZjBO2,333,non_senior,False,regex:\bparliamentary under-?secretary\b
Stephen,Dorrell,Commons,Financial Secretary (HM Treasury),1992-04-14,1994-07-19,826.0,1992-04-09,1825.0,Conservative,John Major,https://id.parliament.uk/TkjF6HCq,336,ambiguous,False,regex:\bfinancial secretary\b
Richard,Needham,Commons,Minister of State (Department of Trade and Industry),1992-04-14,1995-07-05,1177.0,1992-04-09,1825.0,Conservative,John Major,https://id.parliament.uk/tUYIkKty,1271,ambiguous,False,regex:\bminister of state\b
Eric,Forth,Commons,Parliamentary Under-Secretary (Department for Education),1992-04-14,1994-07-20,827.0,1992-04-09,1825.0,Conservative,John Major,https://id.parliament.uk/aFlbj7f8,149,non_senior,False,regex:\bparliamentary under-?secretary\b
Gwilym,Jones,Commons,Parliamentary Under-Secretary (Welsh Office),1992-04-14,1997-05-02,1844.0,1992-04-09,1825.0,Conservative,John Major,https://id.parliament.uk/sYzsF0Nn,1147,non_senior,False,regex:\bparliamentary under-?secretary\b
Simon,Key,Commons,Parliamentary Under-Secretary (Department of National Heritage),1992-04-14,1993-05-27,408.0,1992-04-09,1825.0,Conservative,John Major,https://id.parliament.uk/sgDqGX5g,262,non_senior,False,regex:\bparliamentary under-?secretary\b
Malcolm,Sinclair,Lords,Minister of State (Transport) (Railways and Roads),1992-04-14,1994-01-11,637.0,1992-04-09,1825.0,Conservative,John Major,https://id.parliament.uk/BJCRqlfb,3310,ambiguous,False,regex:\bminister of state\b
Peter,Fraser,Lords,Minister of State (Scottish Office),1992-04-14,1995-07-06,1178.0,1992-04-09,1825.0,Conservative,John Major,https://id.parliament.uk/JyFjqhP7,1128,ambiguous,False,regex:\bminister of state\b
Hector,Monro,Commons,Parliamentary Under-Secretary (Scottish Office),1992-04-14,1995-07-06,1178.0,1992-04-09,1825.0,Conservative,John Major,https://id.parliament.uk/uFWbfP6Y,1238,non_senior,False,regex:\bparliamentary under-?secretary\b
Richard,Nelson,Commons,Economic Secretary (HM Treasury),1992-04-14,1994-07-20,827.0,1992-04-09,1825.0,Conservative,John Major,https://id.parliament.uk/y9Saz9Fh,1114,ambiguous,False,regex:\beconomic secretary\b
Thomas,Sackville,Commons,Parliamentary Under-Secretary (Department of Health),1992-04-14,1995-11-29,1324.0,1992-04-09,1825.0,Conservative,John Major,https://id.parliament.uk/N1bSYM8F,1274,non_senior,False,regex:\bparliamentary under-?secretary\b
Michael,Forsyth,Commons,Minister of State (Department of Employment),1992-04-14,1994-07-19,826.0,1992-04-09,1825.0,Conservative,John Major,https://id.parliament.uk/b8TTkvuy,1141,ambiguous,False,regex:\bminister of state\b
Derek,Spencer,Commons,Solicitor-General,1992-04-14,1997-05-01,1843.0,1992-04-09,1825.0,Conservative,John Major,https://id.parliament.uk/a9Bx8REg,1155,ambiguous,False,default
Alistair,Burt,Commons,Parliamentary Under-Secretary (Department of Social Security),1992-04-14,1995-07-06,1178.0,1992-04-09,1825.0,Conservative,John Major,https://id.parliament.uk/OxbSuAew,1201,non_senior,False,regex:\bparliamentary under-?secretary\b
Jonathan,Aitken,Commons,Minister of State (Ministry of Defence) (Procurement),1992-04-14,1994-07-19,826.0,1992-04-09,1825.0,Conservative,John Major,https://id.parliament.uk/QuB3DsYA,735,ambiguous,False,regex:\bminister of state\b
Robert,Atkins,Commons,Minister of State (Northern Ireland Office),1992-04-14,1994-01-11,637.0,1992-04-09,1825.0,Conservative,John Major,https://id.parliament.uk/QgLBTJly,975,ambiguous,False,regex:\bminister of state\b
Mostyn,Hamilton,Commons,Parliamentary Under-Secretary (Department of Trade and Industry),1992-04-14,1994-10-25,924.0,1992-04-09,1825.0,Conservative,John Major,https://id.parliament.uk/4ERy4j8i,731,non_senior,False,regex:\bparliamentary under-?secretary\b
David,Maclean,Commons,Minister (Department of Environment) (Environment and Countryside),1992-04-14,1993-05-26,407.0,1992-04-09,1825.0,Conservative,John Major,https://id.parliament.uk/FPrIhqOa,497,ambiguous,False,default
Alastair,Goodlad,Commons,Minister of State (Foreign and Commonwealth Office),1992-04-14,1995-07-05,1177.0,1992-04-09,1825.0,Conservative,John Major,https://id.parliament.uk/MhFkcAAB,670,ambiguous,False,regex:\bminister of state\b
Arthur,Soames,Commons,"Parliamentary Secretary (Ministry of Agriculture, Fisheries and Food)",1992-04-14,1994-07-20,827.0,1992-04-09,1825.0,Conservative,John Major,https://id.parliament.uk/1cDjLul6,116,non_senior,False,regex:\bparliamentary secretary\b
Brian,Mawhinney,Commons,Minister of State (Department of Health),1992-04-14,1994-07-19,826.0,1992-04-09,1825.0,Conservative,John Major,https://id.parliament.uk/hh1U1Uts,121,ambiguous,False,regex:\bminister of state\b
Steven,Norris,Commons,Parliamentary Under-Secretary (Department for Transport),1992-04-14,1996-07-23,1561.0,1992-04-09,1825.0,Conservative,John Major,https://id.parliament.uk/aNMSXDdi,707,non_senior,False,regex:\bparliamentary under-?secretary\b
Francis,Forman,Commons,Parliamentary Under-Secretary (Department of Education and Science),1992-04-14,1992-12-11,241.0,1992-04-09,1825.0,Conservative,John Major,https://id.parliament.uk/o8aKBPgp,833,non_senior,False,regex:\bparliamentary under-?secretary\b
David,Curry,Commons,"Minister of State (Ministry of Agriculture, Fisheries and Food)",1992-04-14,1993-05-26,407.0,1992-04-09,1825.0,Conservative,John Major,https://id.parliament.uk/1pWd6oAq,383,ambiguous,False,regex:\bminister of state\b
Andrew,Mackay,Commons,Assistant Whip (HM Treasury),1992-04-15,1993-05-27,407.0,1992-04-09,1825.0,Conservative,John Major,https://id.parliament.uk/tbstaKRj,7,non_senior,False,regex:\bassistant whip\b
Sydney,Chapman,Commons,Vice-Chamberlain (HM Household),1992-04-15,1995-07-06,1177.0,1992-04-09,1825.0,Conservative,John Major,https://id.parliament.uk/JOJ4ie6I,153,ambiguous,False,default
Timothy,Boswell,Commons,Lord Commissioner (HM Treasury) (Whip),1992-04-15,1992-12-10,239.0,1992-04-09,1825.0,Conservative,John Major,https://id.parliament.uk/gy6uSWSc,352,non_senior,False,regex:\bwhip\b
Timothy,Eggar,Commons,Minister of State (Energy),1992-04-15,1994-07-20,826.0,1992-04-09,1825.0,Conservative,John Major,https://id.parliament.uk/mELBe96T,814,ambiguous,False,regex:\bminister of state\b
David,Heathcoat-Amory,Commons,Deputy Chief Whip and Treasurer,1992-04-15,1993-06-06,417.0,1992-04-09,1825.0,Conservative,John Major,https://id.parliament.uk/WPLucIn4,257,non_senior,False,regex:\bwhip\b
Charles,Wardle,Commons,Parliamentary Under-Secretary (Home Office),1992-04-15,1994-07-20,826.0,1992-04-09,1825.0,Conservative,John Major,https://id.parliament.uk/DkuxdCqv,22,non_senior,False,regex:\bparliamentary under-?secretary\b
Robert,Hughes,Commons,Assistant Whip (HM Treasury),1992-04-15,1994-07-20,826.0,1992-04-09,1825.0,Conservative,John Major,https://id.parliament.uk/cxgYyXBA,980,non_senior,False,regex:\bassistant whip\b
John,Redwood,Commons,Minister (Department of Environment) (Local Government),1992-04-15,1993-05-26,406.0,1992-04-09,1825.0,Conservative,John Major,https://id.parliament.uk/UPIMfkMx,14,ambiguous,False,default
Robert,Jackson,Commons,Parliamentary Secretary (Duchy of Lancaster Office),1992-04-15,1993-05-26,406.0,1992-04-09,1825.0,Conservative,John Major,https://id.parliament.uk/paMVQ0mZ,97,non_senior,False,regex:\bparliamentary secretary\b
Timothy,Wood,Commons,Lord Commissioner (HM Treasury) (Whip),1992-04-15,1995-07-06,1177.0,1992-04-09,1825.0,Conservative,John Major,https://id.parliament.uk/sI1RPKVU,1156,non_senior,False,regex:\bwhip\b
Robin,Squire,Commons,Parliamentary Under-Secretary (Department of Environment),1992-04-15,1993-05-27,407.0,1992-04-09,1825.0,Conservative,John Major,https://id.parliament.uk/DY3PT3iT,1195,non_senior,False,regex:\bparliamentary under-?secretary\b
Peter,Lloyd,Commons,Minister of State (Home Office),1992-04-15,1994-07-20,826.0,1992-04-09,1825.0,Conservative,John Major,https://id.parliament.uk/W5D5rUCg,51,ambiguous,False,regex:\bminister of state\b
John,Jack,Commons,Minister of State (Home Office),1992-04-15,1993-05-27,407.0,1992-04-09,1825.0,Conservative,John Major,https://id.parliament.uk/RPGX8J0V,468,ambiguous,False,regex:\bminister of state\b
James,Arbuthnot,Commons,Assistant Whip (HM Treasury),1992-04-15,1994-07-20,826.0,1992-04-09,1825.0,Conservative,John Major,https://id.parliament.uk/9Z7F9DpF,56,non_senior,False,regex:\bassistant whip\b
Michael,Mates,Commons,Minister of State (Northern Ireland Office),1992-04-15,1993-06-24,435.0,1992-04-09,1825.0,Conservative,John Major,https://id.parliament.uk/CzFChgYE,49,ambiguous,False,regex:\bminister of state\b
Timothy,Yeo,Commons,Parliamentary Under-Secretary (Department of Health),1992-04-15,1993-05-27,407.0,1992-04-09,1825.0,Conservative,John Major,https://id.parliament.uk/4ORRLQHc,136,non_senior,False,regex:\bparliamentary under-?secretary\b
Kenneth,Carlisle,Commons,Parliamentary Under-Secretary (Department for Transport),1992-04-15,1993-05-27,407.0,1992-04-09,1825.0,Conservative,John Major,https://id.parliament.uk/0mu7hVim,773,non_senior,False,regex:\bparliamentary under-?secretary\b
Robert,Gascoyne-Cecil,Lords,Parliamentary Under-Secretary (Ministry of Defence),1992-04-22,1994-07-20,819.0,1992-04-09,1825.0,,John Major,https://id.parliament.uk/SWd5FIXe,1124,non_senior,False,regex:\bparliamentary under-?secretary\b
Thomas,Galbraith,Lords,Parliamentary Under-Secretary (Department of Environment),1992-07-26,1993-09-07,408.0,1992-04-09,1825.0,Conservative,John Major,https://id.parliament.uk/ucGKwgAr,2221,non_senior,False,regex:\bparliamentary under-?secretary\b
Peter,Brooke,Commons,Secretary of State for National Heritage,1992-09-25,1994-07-19,662.0,1992-04-09,1825.0,Conservative,John Major,https://id.parliament.uk/roOxyfCY,154,senior,True,contains:secretary of state
Timothy,Kirkhope,Commons,Lord Commissioner (HM Treasury) (Whip),1992-12-16,1995-07-07,933.0,1992-04-09,1825.0,Conservative,John Major,https://id.parliament.uk/MCQbcUkT,891,non_senior,False,regex:\bwhip\b
Timothy,Boswell,Commons,Parliamentary Under-Secretary (Department of Education and Science),1992-12-19,1995-07-06,929.0,1992-04-09,1825.0,Conservative,John Major,https://id.parliament.uk/gy6uSWSc,352,non_senior,False,regex:\bparliamentary under-?secretary\b
Thomas,Galbraith,Lords,Minister of State (Department of Trade and Industry),1993-01-11,1994-07-20,555.0,1992-04-09,1825.0,Conservative,John Major,https://id.parliament.uk/ucGKwgAr,2221,ambiguous,False,regex:\bminister of state\b
Jeremy,Hanley,Commons,Minister of State (Ministry of Defence) (Armed Services),1993-05-27,1994-07-20,419.0,1992-04-09,1825.0,Conservative,John Major,https://id.parliament.uk/AmSoXYkw,734,ambiguous,False,regex:\bminister of state\b
Michael,Ancram,Commons,Parliamentary Under-Secretary (Northern Ireland Office),1993-05-27,1994-01-05,223.0,1992-04-09,1825.0,Conservative,John Major,https://id.parliament.uk/eGl33Tri,259,non_senior,False,regex:\bparliamentary under-?secretary\b
John,Jack,Commons,"Minister of State (Ministry of Agriculture, Fisheries and Food)",1993-05-27,1995-07-05,769.0,1992-04-09,1825.0,Conservative,John Major,https://id.parliament.uk/RPGX8J0V,468,ambiguous,False,regex:\bminister of state\b
Patrick,McLoughlin,Commons,Parliamentary Under-Secretary (Department of Trade and Industry),1993-05-27,1994-07-20,419.0,1992-04-09,1825.0,Conservative,John Major,https://id.parliament.uk/LZDZjBO2,333,non_senior,False,regex:\bparliamentary under-?secretary\b
Timothy,Yeo,Commons,Minister (Department of Environment) (Environment and Countryside),1993-05-27,1994-01-06,224.0,1992-04-09,1825.0,Conservative,John Major,https://id.parliament.uk/4ORRLQHc,136,ambiguous,False,default
Kenneth,Clarke,Commons,Chancellor of the Exchequer,1993-05-27,1997-05-01,1435.0,1992-04-09,1825.0,Conservative,John Major,https://id.parliament.uk/TyNGhslR,366,senior,True,contains:chancellor of the exchequer
Michael,Brown,Commons,Assistant Whip (HM Treasury),1993-05-27,1994-05-07,345.0,1992-04-09,1825.0,Conservative,John Major,https://id.parliament.uk/9KUXjDs5,1121,non_senior,False,regex:\bassistant whip\b
Andrew,Mackay,Commons,Lord Commissioner (HM Treasury) (Whip),1993-05-27,1995-10-18,874.0,1992-04-09,1825.0,Conservative,John Major,https://id.parliament.uk/tbstaKRj,7,non_senior,False,regex:\bwhip\b
Robin,Squire,Commons,Parliamentary Under-Secretary (Department of Education and Science),1993-05-27,1995-07-05,769.0,1992-04-09,1825.0,Conservative,John Major,https://id.parliament.uk/DY3PT3iT,1195,non_senior,False,regex:\bparliamentary under-?secretary\b
Iain,Sproat,Commons,Parliamentary Under-Secretary (Department of National Heritage),1993-05-27,1995-07-06,770.0,1992-04-09,1825.0,Conservative,John Major,https://id.parliament.uk/EMEy2taH,1190,non_senior,False,regex:\bparliamentary under-?secretary\b
Derek,Conway,Commons,Assistant Whip (HM Treasury),1993-05-27,1994-07-20,419.0,1992-04-09,1825.0,Conservative,John Major,https://id.parliament.uk/pbWJKUiP,1202,non_senior,False,regex:\bassistant whip\b
David,Curry,Commons,Minister (Department of Environment) (Local Government),1993-05-27,1997-05-01,1435.0,1992-04-09,1825.0,Conservative,John Major,https://id.parliament.uk/1pWd6oAq,383,ambiguous,False,default
Ann,Widdecombe,Commons,Parliamentary Under-Secretary (Department of Employment),1993-05-27,1994-07-20,419.0,1992-04-09,1825.0,Conservative,John Major,https://id.parliament.uk/qW98eRN0,85,non_senior,False,regex:\bparliamentary under-?secretary\b
David,Davis,Commons,Parliamentary Secretary (Duchy of Lancaster Office),1993-05-27,1994-07-19,418.0,1992-04-09,1825.0,Conservative,John Major,https://id.parliament.uk/A7xoNSH8,373,non_senior,False,regex:\bparliamentary secretary\b
David,Maclean,Commons,Minister of State (Home Office),1993-05-27,1997-05-01,1435.0,1992-04-09,1825.0,Conservative,John Major,https://id.parliament.uk/FPrIhqOa,497,ambiguous,False,regex:\bminister of state\b
David,Hunt,Commons,Secretary of State for Employment,1993-05-27,1994-07-19,418.0,1992-04-09,1825.0,Conservative,John Major,https://id.parliament.uk/r8raAEpb,994,senior,True,contains:secretary of state
Simon,Key,Commons,Parliamentary Under-Secretary (Department for Transport),1993-05-27,1994-07-20,419.0,1992-04-09,1825.0,Conservative,John Major,https://id.parliament.uk/sgDqGX5g,262,non_senior,False,regex:\bparliamentary under-?secretary\b
Gillian,Shephard,Commons,"Secretary of State for Agriculture, Fisheries and Food",1993-05-27,1994-07-19,418.0,1992-04-09,1825.0,Conservative,John Major,https://id.parliament.uk/F6lBvlXV,132,senior,True,contains:secretary of state
Michael,Howard,Commons,Home Secretary,1993-05-27,1997-05-01,1435.0,1992-04-09,1825.0,Conservative,John Major,https://id.parliament.uk/oCUMaUL5,82,ambiguous,False,default
John,Gummer,Commons,Secretary of State for Environment,1993-05-27,1997-05-01,1435.0,1992-04-09,1825.0,Conservative,John Major,https://id.parliament.uk/1KIlbbma,4154,senior,True,contains:secretary of state
William,Hague,Commons,Parliamentary Under-Secretary (Department of Social Security),1993-05-27,1994-07-20,419.0,1992-04-09,1825.0,Conservative,John Major,https://id.parliament.uk/rEpJPeh9,379,non_senior,False,regex:\bparliamentary under-?secretary\b
John,Bowis,Commons,Parliamentary Under-Secretary (Department of Health),1993-05-27,1996-07-23,1153.0,1992-04-09,1825.0,Conservative,John Major,https://id.parliament.uk/H58VdOOn,754,non_senior,False,regex:\bparliamentary under-?secretary\b
David,Heathcoat-Amory,Commons,Minister of State (Foreign and Commonwealth Office),1993-06-07,1994-07-20,408.0,1992-04-09,1825.0,Conservative,John Major,https://id.parliament.uk/WPLucIn4,257,ambiguous,False,regex:\bminister of state\b
Gregory,Knight,Commons,Deputy Chief Whip and Treasurer,1993-06-07,1996-07-22,1141.0,1992-04-09,1825.0,Conservative,John Major,https://id.parliament.uk/wEjb3Hkt,1200,non_senior,False,regex:\bwhip\b
John,Wheeler,Commons,Minister of State (Northern Ireland Office),1993-06-25,1997-05-02,1407.0,1992-04-09,1825.0,Conservative,John Major,https://id.parliament.uk/BjOKnazb,1269,ambiguous,False,regex:\bminister of state\b
John,Redwood,Commons,Secretary of State for Wales,1993-07-20,1995-07-04,714.0,1992-04-09,1825.0,Conservative,John Major,https://id.parliament.uk/UPIMfkMx,14,senior,True,contains:secretary of state
Nicholas,Lowther,Lords,"Captain of the Honourable Corps of Gentlemen-at-Arms (HM Household) (Chief Whip, House of Lords)",1993-09-16,1994-07-19,306.0,1992-04-09,1825.0,Crossbench,John Major,https://id.parliament.uk/6wv9iDnq,1828,non_senior,False,regex:\bwhip\b
Timothy,Smith,Commons,Parliamentary Under-Secretary (Northern Ireland Office),1994-01-06,1994-10-20,287.0,1992-04-09,1825.0,Conservative,John Major,https://id.parliament.uk/i0h57h4O,1245,non_senior,False,regex:\bparliamentary under-?secretary\b
Robert,Atkins,Commons,Minister (Department of Environment) (Environment and Countryside),1994-01-07,1995-07-05,544.0,1992-04-09,1825.0,Conservative,John Major,https://id.parliament.uk/QgLBTJly,975,ambiguous,False,default
Michael,Ancram,Commons,Minister of State (Northern Ireland Office),1994-01-11,1997-05-02,1207.0,1992-04-09,1825.0,Conservative,John Major,https://id.parliament.uk/eGl33Tri,259,ambiguous,False,regex:\bminister of state\b
John,MacKay,Lords,Parliamentary Under-Secretary (Department for Transport),1994-01-11,1994-07-20,190.0,1992-04-09,1825.0,Conservative,John Major,https://id.parliament.uk/uCzFsST1,1884,non_senior,False,regex:\bparliamentary under-?secretary\b
Petrie,Wells,Commons,Assistant Whip (HM Treasury),1994-05-10,1995-07-07,423.0,1992-04-09,1825.0,Conservative,John Major,https://id.parliament.uk/QzoW5pCF,66,non_senior,False,regex:\bassistant whip\b
Roger,Evans,Commons,Parliamentary Under-Secretary (Department of Social Security),1994-07-20,1997-05-02,1017.0,1992-04-09,1825.0,Conservative,John Major,https://id.parliament.uk/CgJwSMO8,1217,non_senior,False,regex:\bparliamentary under-?secretary\b
Angela,Browning,Commons,"Parliamentary Secretary (Ministry of Agriculture, Fisheries and Food)",1994-07-20,1997-05-02,1017.0,1992-04-09,1825.0,Conservative,John Major,https://id.parliament.uk/W91sEqic,236,non_senior,False,regex:\bparliamentary secretary\b
Jeremy,Hanley,Commons,Minister without Portfolio,1994-07-20,1995-07-05,350.0,1992-04-09,1825.0,Conservative,John Major,https://id.parliament.uk/AmSoXYkw,734,senior,True,contains:minister without portfolio
David,Willetts,Commons,Assistant Whip (HM Treasury),1994-07-20,1995-07-07,352.0,1992-04-09,1825.0,Conservative,John Major,https://id.parliament.uk/DKD3eVop,53,non_senior,False,regex:\bassistant whip\b
Timothy,Eggar,Commons,Minister of State (Energy and Industry),1994-07-20,1996-07-23,734.0,1992-04-09,1825.0,Conservative,John Major,https://id.parliament.uk/mELBe96T,814,ambiguous,False,regex:\bminister of state\b
Giles,Goschen,Lords,Parliamentary Under-Secretary (Department for Transport),1994-07-20,1997-05-02,1017.0,1992-04-09,1825.0,Conservative,John Major,https://id.parliament.uk/z45bv7uY,3602,non_senior,False,regex:\bparliamentary under-?secretary\b
Anthony,Baldry,Commons,Parliamentary Under-Secretary (Foreign and Commonwealth Office),1994-07-20,1995-07-06,351.0,1992-04-09,1825.0,Conservative,John Major,https://id.parliament.uk/nqvFaORz,93,non_senior,False,regex:\bparliamentary under-?secretary\b
Nicholas,Baker,Commons,Parliamentary Under-Secretary (Home Office),1994-07-20,1995-10-18,455.0,1992-04-09,1825.0,Conservative,John Major,https://id.parliament.uk/o0auXSfv,1085,non_senior,False,regex:\bparliamentary under-?secretary\b
George,Young,Commons,Financial Secretary (HM Treasury),1994-07-20,1995-07-05,350.0,1992-04-09,1825.0,Conservative,John Major,https://id.parliament.uk/9mJigEyv,57,ambiguous,False,regex:\bfinancial secretary\b
David,Hunt,Commons,Chancellor of the Duchy of Lancaster and Minister (Public Service & Science),1994-07-20,1995-07-04,349.0,1992-04-09,1825.0,Conservative,John Major,https://id.parliament.uk/r8raAEpb,994,senior,True,contains:chancellor of the duchy of lancaster
Ann,Widdecombe,Commons,Minister of State (Department of Employment),1994-07-20,1995-07-06,351.0,1992-04-09,1825.0,Conservative,John Major,https://id.parliament.uk/qW98eRN0,85,ambiguous,False,regex:\bminister of state\b
Robert,Gascoyne-Cecil,Lords,Lord Privy Seal and Leader of the House of Lords,1994-07-20,1997-05-01,1016.0,1992-04-09,1825.0,Conservative,John Major,https://id.parliament.uk/SWd5FIXe,1124,senior,True,contains:lord privy seal
Robert,Hughes,Commons,Parliamentary Secretary (Cabinet Office),1994-07-20,1995-03-05,228.0,1992-04-09,1825.0,Conservative,John Major,https://id.parliament.uk/cxgYyXBA,980,non_senior,False,regex:\bparliamentary secretary\b
Derek,Conway,Commons,Lord Commissioner (HM Treasury) (Whip),1994-07-20,1996-07-23,734.0,1992-04-09,1825.0,Conservative,John Major,https://id.parliament.uk/pbWJKUiP,1202,non_senior,False,regex:\bwhip\b
Stephen,Dorrell,Commons,Secretary of State for National Heritage,1994-07-20,1995-07-04,349.0,1992-04-09,1825.0,Conservative,John Major,https://id.parliament.uk/TkjF6HCq,336,senior,True,contains:secretary of state
Thomas,Galbraith,Lords,"Captain of the Honourable Corps of Gentlemen-at-Arms (HM Household) (Chief Whip, House of Lords)",1994-07-20,1997-04-08,993.0,1992-04-09,1825.0,Conservative,John Major,https://id.parliament.uk/ucGKwgAr,2221,non_senior,False,regex:\bwhip\b
Robert,Jones,Commons,Parliamentary Under-Secretary (Department of Environment),1994-07-20,1995-07-06,351.0,1992-04-09,1825.0,Conservative,John Major,https://id.parliament.uk/cpZmVbsw,1148,non_senior,False,regex:\bparliamentary under-?secretary\b
Roger,Freeman,Commons,Minister of State (Ministry of Defence) (Procurement),1994-07-20,1995-07-05,350.0,1992-04-09,1825.0,Conservative,John Major,https://id.parliament.uk/eTZqW0Kg,836,ambiguous,False,regex:\bminister of state\b
Simon,Burns,Commons,Assistant Whip (HM Treasury),1994-07-20,1995-07-07,352.0,1992-04-09,1825.0,Conservative,John Major,https://id.parliament.uk/ueCA7LxD,46,non_senior,False,regex:\bassistant whip\b
David,Davis,Commons,Minister of State (Foreign and Commonwealth Office),1994-07-20,1997-05-02,1017.0,1992-04-09,1825.0,Conservative,John Major,https://id.parliament.uk/A7xoNSH8,373,ambiguous,False,regex:\bminister of state\b
James,Arbuthnot,Commons,Parliamentary Under-Secretary (Department of Social Security),1994-07-20,1995-07-06,351.0,1992-04-09,1825.0,Conservative,John Major,https://id.parliament.uk/9Z7F9DpF,56,non_senior,False,regex:\bparliamentary under-?secretary\b
Roderick,Richards,Commons,Parliamentary Under-Secretary (Welsh Office),1994-07-20,1996-06-02,683.0,1992-04-09,1825.0,Conservative,John Major,https://id.parliament.uk/mRDdv4j2,1477,non_senior,False,regex:\bparliamentary under-?secretary\b
Michael,Forsyth,Commons,Minister of State (Home Office),1994-07-20,1995-07-05,350.0,1992-04-09,1825.0,Conservative,John Major,https://id.parliament.uk/b8TTkvuy,1141,ambiguous,False,regex:\bminister of state\b
David,Heathcoat-Amory,Commons,Paymaster General (HM Treasury),1994-07-20,1996-07-20,731.0,1992-04-09,1825.0,Conservative,John Major,https://id.parliament.uk/WPLucIn4,257,ambiguous,False,regex:\bpaymaster general\b
James,Paice,Commons,Parliamentary Under-Secretary (Department of Employment),1994-07-20,1995-07-05,350.0,1992-04-09,1825.0,Conservative,John Major,https://id.parliament.uk/sZAnVs3N,124,non_senior,False,regex:\bparliamentary under-?secretary\b
Richard,Nelson,Commons,Minister of State (HM Treasury),1994-07-20,1995-07-06,351.0,1992-04-09,1825.0,Conservative,John Major,https://id.parliament.uk/y9Saz9Fh,1114,ambiguous,False,regex:\bminister of state\b
Michael,Portillo,Commons,Secretary of State for Employment,1994-07-20,1995-07-05,350.0,1992-04-09,1825.0,Conservative,John Major,https://id.parliament.uk/MUKZuAsV,187,senior,True,contains:secretary of state
Jonathan,Aitken,Commons,Chief Secretary to the Treasury,1994-07-20,1995-07-04,349.0,1992-04-09,1825.0,Conservative,John Major,https://id.parliament.uk/QuB3DsYA,735,senior,True,contains:chief secretary to the treasury
Brian,Mawhinney,Commons,Secretary of State for Transport,1994-07-20,1995-07-05,350.0,1992-04-09,1825.0,Conservative,John Major,https://id.parliament.uk/hh1U1Uts,121,senior,True,contains:secretary of state
William,Hague,Commons,Minister of State (Department of Social Security),1994-07-20,1995-07-05,350.0,1992-04-09,1825.0,Conservative,John Major,https://id.parliament.uk/rEpJPeh9,379,ambiguous,False,regex:\bminister of state\b
John,Watts,Commons,Minister of State (Department for Transport),1994-07-20,1997-05-02,1017.0,1992-04-09,1825.0,Conservative,John Major,https://id.parliament.uk/LScIUaQj,1259,ambiguous,False,regex:\bminister of state\b
Phillip,Oppenheim,Commons,Parliamentary Under-Secretary (Department of Employment),1994-07-20,1995-07-05,350.0,1992-04-09,1825.0,Conservative,John Major,https://id.parliament.uk/iyqWxF9q,928,non_senior,False,regex:\bparliamentary under-?secretary\b
Arthur,Soames,Commons,Minister of State (Ministry of Defence) (Armed Services),1994-07-20,1997-05-01,1016.0,1992-04-09,1825.0,Conservative,John Major,https://id.parliament.uk/1cDjLul6,116,ambiguous,False,regex:\bminister of state\b
Gillian,Shephard,Commons,Secretary of State for Education and Science,1994-07-20,1995-07-05,350.0,1992-04-09,1825.0,Conservative,John Major,https://id.parliament.uk/F6lBvlXV,132,senior,True,contains:secretary of state
Charles,Wardle,Commons,Parliamentary Under-Secretary (Department of Trade and Industry),1994-07-20,1995-02-11,206.0,1992-04-09,1825.0,Conservative,John Major,https://id.parliament.uk/DkuxdCqv,22,non_senior,False,regex:\bparliamentary under-?secretary\b
Alexander,Beresford,Commons,Parliamentary Under-Secretary (Department of Environment),1994-07-20,1997-05-02,1017.0,1992-04-09,1825.0,Conservative,John Major,https://id.parliament.uk/30jdl8Wc,103,non_senior,False,regex:\bparliamentary under-?secretary\b
Liam,Fox,Commons,Assistant Whip (HM Treasury),1994-07-20,1995-11-28,496.0,1992-04-09,1825.0,Conservative,John Major,https://id.parliament.uk/dougZwFw,223,non_senior,False,regex:\bassistant whip\b
Eric,Forth,Commons,Minister of State (Department for Education),1994-07-20,1995-01-01,165.0,1992-04-09,1825.0,Conservative,John Major,https://id.parliament.uk/aFlbj7f8,149,ambiguous,False,regex:\bminister of state\b
William,Waldegrave,Commons,"Secretary of State for Agriculture, Fisheries and Food",1994-07-20,1995-07-04,349.0,1992-04-09,1825.0,Conservative,John Major,https://id.parliament.uk/i8lCvPZW,957,senior,True,contains:secretary of state
Peter,Malone,Commons,Minister of State (Department of Health),1994-07-20,1997-05-01,1016.0,1992-04-09,1825.0,Conservative,John Major,https://id.parliament.uk/z7dH1VAp,1272,ambiguous,False,regex:\bminister of state\b
Ian,Taylor,Commons,Parliamentary Under-Secretary (Department of Trade and Industry),1994-07-20,1997-05-02,1017.0,1992-04-09,1825.0,Conservative,John Major,https://id.parliament.uk/kuFrlWbX,101,non_senior,False,regex:\bparliamentary under-?secretary\b
Michael,Bates,Commons,Assistant Whip (HM Treasury),1994-07-20,1995-01-01,165.0,1992-04-09,1825.0,Conservative,John Major,https://id.parliament.uk/BZvoqdyu,1091,non_senior,False,regex:\bassistant whip\b
Andrew,Mitchell,Commons,Lord Commissioner (HM Treasury) (Whip),1994-07-20,1995-07-06,351.0,1992-04-09,1825.0,Conservative,John Major,https://id.parliament.uk/QW4mOMIY,1211,non_senior,False,regex:\bwhip\b
William,Fletcher-Vane,Lords,Lord in Waiting (HM Household) (Whip),1994-07-21,1995-01-11,174.0,1992-04-09,1825.0,Conservative,John Major,https://id.parliament.uk/RbJQgcZ2,1980,non_senior,False,regex:\bwhip\b
Malcolm,Moss,Commons,Parliamentary Under-Secretary (Northern Ireland Office),1994-10-25,1997-05-02,920.0,1992-04-09,1825.0,Conservative,John Major,https://id.parliament.uk/zFSYVUnm,120,non_senior,False,regex:\bparliamentary under-?secretary\b
Jonathan,Evans,Commons,Parliamentary Under-Secretary (Department of Trade and Industry),1994-10-27,1995-05-02,187.0,1992-04-09,1825.0,Conservative,John Major,https://id.parliament.uk/stVd5FW4,1166,non_senior,False,regex:\bparliamentary under-?secretary\b
James,Douglas-Hamilton,Commons,Minister of State (Scotland Office),1995-01-01,1997-01-01,731.0,1992-04-09,1825.0,Conservative,John Major,https://id.parliament.uk/io57LQOv,802,ambiguous,False,regex:\bminister of state\b
Eric,Forth,Commons,Minister of State (Department for Education and Employment),1995-01-01,1997-01-01,731.0,1992-04-09,1825.0,Conservative,John Major,https://id.parliament.uk/aFlbj7f8,149,ambiguous,False,regex:\bminister of state\b
Michael,Bates,Commons,Lord Commissioner (HM Treasury) (Whip),1995-01-01,1996-01-01,365.0,1992-04-09,1825.0,Conservative,John Major,https://id.parliament.uk/BZvoqdyu,1091,non_senior,False,regex:\bwhip\b
William,Fletcher-Vane,Lords,"Captain of the Queen's Bodyguard of the Yeomen of the Guard (HM Household) (Deputy Chief Whip, House of Lords)",1995-01-01,1995-07-01,181.0,1992-04-09,1825.0,Conservative,John Major,https://id.parliament.uk/RbJQgcZ2,1980,non_senior,False,regex:\bwhip\b
John,Taylor,Commons,Parliamentary Under-Secretary (Department of Trade and Industry),1995-01-01,1997-01-01,731.0,1992-04-09,1825.0,Conservative,John Major,https://id.parliament.uk/yMom4Yzc,313,non_senior,False,regex:\bparliamentary under-?secretary\b
George,Kynoch,Commons,Parliamentary Under-Secretary (Scottish Office),1995-02-08,1997-05-02,814.0,1992-04-09,1825.0,Conservative,John Major,https://id.parliament.uk/VVzMWRDd,1168,non_senior,False,regex:\bparliamentary under-?secretary\b
Richard,Page,Commons,Parliamentary Under-Secretary (Department of Trade and Industry),1995-02-14,1997-05-02,808.0,1992-04-09,1825.0,Conservative,John Major,https://id.parliament.uk/vyRXSuOy,70,non_senior,False,regex:\bparliamentary under-?secretary\b
John,Horam,Commons,Parliamentary Secretary (Duchy of Lancaster Office),1995-03-06,1995-11-27,266.0,1992-04-09,1825.0,Conservative,John Major,https://id.parliament.uk/wtsenmJj,196,non_senior,False,regex:\bparliamentary secretary\b
Michael,Heseltine,Commons,First Secretary of State and Deputy Prime Minister,1995-07-05,1997-05-01,666.0,1992-04-09,1825.0,Conservative,John Major,https://id.parliament.uk/HDWaJnag,94,senior,True,contains:prime minister
Alastair,Goodlad,Commons,Parliamentary Secretary to the Treasury (Chief Whip),1995-07-05,1997-05-01,666.0,1992-04-09,1825.0,Conservative,John Major,https://id.parliament.uk/MhFkcAAB,670,non_senior,False,regex:\bparliamentary secretary\b
Robin,Squire,Commons,Parliamentary Under-Secretary (Department for Education and Employment),1995-07-05,1997-05-02,667.0,1992-04-09,1825.0,Conservative,John Major,https://id.parliament.uk/DY3PT3iT,1195,non_senior,False,regex:\bparliamentary under-?secretary\b
Brian,Mawhinney,Commons,Minister without Portfolio,1995-07-05,1997-05-01,666.0,1992-04-09,1825.0,Conservative,John Major,https://id.parliament.uk/hh1U1Uts,121,senior,True,contains:minister without portfolio
Virginia,Bottomley,Commons,Secretary of State for National Heritage,1995-07-05,1997-05-01,666.0,1992-04-09,1825.0,Conservative,John Major,https://id.parliament.uk/p8wtjEOJ,106,senior,True,contains:secretary of state
Malcolm,Rifkind,Commons,Foreign Secretary,1995-07-05,1997-05-01,666.0,1992-04-09,1825.0,Conservative,John Major,https://id.parliament.uk/Os58GI3o,1191,ambiguous,False,default
Ian,Lang,Commons,Secretary of State for Trade,1995-07-05,1997-05-01,666.0,1992-04-09,1825.0,Conservative,John Major,https://id.parliament.uk/YrlabEUV,896,senior,True,contains:secretary of state
William,Waldegrave,Commons,Chief Secretary to the Treasury,1995-07-05,1997-05-01,666.0,1992-04-09,1825.0,Conservative,John Major,https://id.parliament.uk/i8lCvPZW,957,senior,True,contains:chief secretary to the treasury
George,Young,Commons,Secretary of State for Transport,1995-07-05,1997-05-04,669.0,1992-04-09,1825.0,Conservative,John Major,https://id.parliament.uk/9mJigEyv,57,senior,True,contains:secretary of state
Gillian,Shephard,Commons,Secretary of State for Education and Employment,1995-07-05,1997-05-01,666.0,1992-04-09,1825.0,Conservative,John Major,https://id.parliament.uk/F6lBvlXV,132,senior,True,contains:secretary of state
Jeremy,Hanley,Commons,Minister of State (Foreign and Commonwealth Office),1995-07-05,1997-05-02,667.0,1992-04-09,1825.0,Conservative,John Major,https://id.parliament.uk/AmSoXYkw,734,ambiguous,False,regex:\bminister of state\b
Stephen,Dorrell,Commons,Secretary of State for Health,1995-07-05,1997-05-01,666.0,1992-04-09,1825.0,Conservative,John Major,https://id.parliament.uk/TkjF6HCq,336,senior,True,contains:secretary of state
Roger,Freeman,Commons,Chancellor of the Duchy of Lancaster and Minister (Public Service),1995-07-05,1997-05-01,666.0,1992-04-09,1825.0,Conservative,John Major,https://id.parliament.uk/eTZqW0Kg,836,senior,True,contains:chancellor of the duchy of lancaster
Michael,Forsyth,Commons,Secretary of State for Scottish Office,1995-07-05,1997-05-01,666.0,1992-04-09,1825.0,Conservative,John Major,https://id.parliament.uk/b8TTkvuy,1141,senior,True,contains:secretary of state
William,Hague,Commons,Secretary of State for Wales,1995-07-05,1997-05-01,666.0,1992-04-09,1825.0,Conservative,John Major,https://id.parliament.uk/rEpJPeh9,379,senior,True,contains:secretary of state
Michael,Portillo,Commons,Secretary of State for Defence,1995-07-05,1997-05-01,666.0,1992-04-09,1825.0,Conservative,John Major,https://id.parliament.uk/MUKZuAsV,187,senior,True,contains:secretary of state
Douglas,Hogg,Commons,"Secretary of State for Agriculture, Fisheries and Food",1995-07-05,1997-05-01,666.0,1992-04-09,1825.0,Conservative,John Major,https://id.parliament.uk/w01cXpnf,349,senior,True,contains:secretary of state
Timothy,Boswell,Commons,"Parliamentary Secretary (Ministry of Agriculture, Fisheries and Food)",1995-07-06,1997-05-01,665.0,1992-04-09,1825.0,Conservative,John Major,https://id.parliament.uk/gy6uSWSc,352,non_senior,False,regex:\bparliamentary secretary\b
Robert,Jones,Commons,Minister (Department of Environment) (Construction),1995-07-06,1997-05-06,670.0,1992-04-09,1825.0,Conservative,John Major,https://id.parliament.uk/cpZmVbsw,1148,ambiguous,False,default
Nicholas,Bonsor,Commons,Minister of State (Foreign and Commonwealth Office),1995-07-06,1997-05-02,666.0,1992-04-09,1825.0,Conservative,John Major,https://id.parliament.uk/oT5lJcXz,1088,ambiguous,False,regex:\bminister of state\b
Ann,Widdecombe,Commons,Minister of State (Home Office),1995-07-06,1997-05-01,665.0,1992-04-09,1825.0,Conservative,John Major,https://id.parliament.uk/qW98eRN0,85,ambiguous,False,regex:\bminister of state\b
John,Jack,Commons,Financial Secretary (HM Treasury),1995-07-06,1997-05-01,665.0,1992-04-09,1825.0,Conservative,John Major,https://id.parliament.uk/RPGX8J0V,468,ambiguous,False,regex:\bfinancial secretary\b
Iain,Sproat,Commons,Minister of State (Department of National Heritage),1995-07-06,1997-05-01,665.0,1992-04-09,1825.0,Conservative,John Major,https://id.parliament.uk/EMEy2taH,1190,ambiguous,False,regex:\bminister of state\b
Andrew,Mitchell,Commons,Parliamentary Under-Secretary (Department of Social Security),1995-07-06,1997-05-01,665.0,1992-04-09,1825.0,Conservative,John Major,https://id.parliament.uk/QW4mOMIY,1211,non_senior,False,regex:\bparliamentary under-?secretary\b
Oliver,Heald,Commons,Parliamentary Under-Secretary (Department of Social Security),1995-07-06,1997-05-02,666.0,1992-04-09,1825.0,Conservative,John Major,https://id.parliament.uk/2FHDd6DL,69,non_senior,False,regex:\bparliamentary under-?secretary\b
Alistair,Burt,Commons,Minister (Department of Social Security) (Disabled),1995-07-06,1997-05-02,666.0,1992-04-09,1825.0,Conservative,John Major,https://id.parliament.uk/OxbSuAew,1201,ambiguous,False,default
William,Clappison,Commons,Parliamentary Under-Secretary (Department of Environment),1995-07-06,1997-05-01,665.0,1992-04-09,1825.0,Conservative,John Major,https://id.parliament.uk/Due8TiF6,67,non_senior,False,regex:\bparliamentary under-?secretary\b
James,Arbuthnot,Commons,Minister of State (Ministry of Defence) (Procurement),1995-07-06,1997-05-01,665.0,1992-04-09,1825.0,Conservative,John Major,https://id.parliament.uk/9Z7F9DpF,56,ambiguous,False,regex:\bminister of state\b
Raymond,Robertson,Commons,Parliamentary Under-Secretary (Scottish Office),1995-07-06,1997-05-02,666.0,1992-04-09,1825.0,Conservative,John Major,https://id.parliament.uk/drAKUDMv,1216,non_senior,False,regex:\bparliamentary under-?secretary\b
Richard,Nelson,Commons,Minister of State (Department of Trade and Industry),1995-07-06,1997-05-01,665.0,1992-04-09,1825.0,Conservative,John Major,https://id.parliament.uk/y9Saz9Fh,1114,ambiguous,False,regex:\bminister of state\b
Angela,Knight,Commons,Economic Secretary (HM Treasury),1995-07-06,1997-05-01,665.0,1992-04-09,1825.0,Conservative,John Major,https://id.parliament.uk/LKkDu7qK,1167,ambiguous,False,regex:\beconomic secretary\b
Cheryl,Gillan,Commons,Parliamentary Under-Secretary (Department for Education and Employment),1995-07-06,1997-05-01,665.0,1992-04-09,1825.0,Conservative,John Major,https://id.parliament.uk/c6QYWLOe,18,non_senior,False,regex:\bparliamentary under-?secretary\b
Peter,Fraser,Lords,Minister of State (Department of Trade and Industry),1995-07-06,1997-05-02,666.0,1992-04-09,1825.0,Conservative,John Major,https://id.parliament.uk/JyFjqhP7,1128,ambiguous,False,regex:\bminister of state\b
Anthony,Baldry,Commons,"Minister of State (Ministry of Agriculture, Fisheries and Food)",1995-07-06,1997-05-01,665.0,1992-04-09,1825.0,Conservative,John Major,https://id.parliament.uk/nqvFaORz,93,ambiguous,False,regex:\bminister of state\b
William,Fletcher-Vane,Lords,Parliamentary Under Secretary of State (Department of National Heritage) (Broadcasting and Tourism),1995-07-06,1997-05-02,666.0,1992-04-09,1825.0,Conservative,John Major,https://id.parliament.uk/RbJQgcZ2,1980,senior,True,contains:secretary of state
Gary,Streeter,Commons,Assistant Whip (Law Officers),1995-07-07,1996-11-28,510.0,1992-04-09,1825.0,Conservative,John Major,https://id.parliament.uk/7E9l2GUr,234,non_senior,False,regex:\bassistant whip\b
Roger,Knapman,Commons,Assistant Whip (HM Treasury),1995-07-07,1996-07-23,382.0,1992-04-09,1825.0,Conservative,John Major,https://id.parliament.uk/NtC1P2yM,1208,non_senior,False,regex:\bassistant whip\b
Timothy,Wood,Commons,"Comptroller (HM Household) (Deputy Chief Whip, House of Commons)",1995-07-07,1997-05-01,664.0,1992-04-09,1825.0,Conservative,John Major,https://id.parliament.uk/sI1RPKVU,1156,non_senior,False,regex:\bwhip\b
James,Paice,Commons,Parliamentary Under-Secretary (Department for Education and Employment),1995-07-07,1997-05-02,665.0,1992-04-09,1825.0,Conservative,John Major,https://id.parliament.uk/sZAnVs3N,124,non_senior,False,regex:\bparliamentary under-?secretary\b
Timothy,Kirkhope,Commons,"Vice Chamberlain (HM Household) (Whip, House of Commons)",1995-07-07,1995-10-18,103.0,1992-04-09,1825.0,Conservative,John Major,https://id.parliament.uk/MCQbcUkT,891,non_senior,False,regex:\bwhip\b
Patrick,McLoughlin,Commons,Assistant Whip (HM Treasury),1995-07-07,1996-07-23,382.0,1992-04-09,1825.0,Conservative,John Major,https://id.parliament.uk/LZDZjBO2,333,non_senior,False,regex:\bassistant whip\b
Phillip,Oppenheim,Commons,Parliamentary Under-Secretary (Department of Trade and Industry),1995-07-07,1996-07-23,382.0,1992-04-09,1825.0,Conservative,John Major,https://id.parliament.uk/iyqWxF9q,928,non_senior,False,regex:\bparliamentary under-?secretary\b
Petrie,Wells,Commons,Lord Commissioner (HM Treasury) (Whip),1995-07-08,1997-05-02,664.0,1992-04-09,1825.0,Conservative,John Major,https://id.parliament.uk/QzoW5pCF,66,non_senior,False,regex:\bwhip\b
David,Willetts,Commons,Lord Commissioner (HM Treasury) (Whip),1995-07-08,1995-11-28,143.0,1992-04-09,1825.0,Conservative,John Major,https://id.parliament.uk/DKD3eVop,53,non_senior,False,regex:\bwhip\b
Simon,Burns,Commons,Lord Commissioner (HM Treasury) (Whip),1995-07-08,1996-07-23,381.0,1992-04-09,1825.0,Conservative,John Major,https://id.parliament.uk/ueCA7LxD,46,non_senior,False,regex:\bwhip\b
Richard,Ottaway,Commons,Assistant Whip (HM Treasury),1995-10-18,1996-07-23,279.0,1992-04-09,1825.0,Conservative,John Major,https://id.parliament.uk/6yviBHmG,157,non_senior,False,regex:\bassistant whip\b
Andrew,Mackay,Commons,Vice-Chamberlain (HM Household),1995-10-18,1996-07-22,278.0,1992-04-09,1825.0,Conservative,John Major,https://id.parliament.uk/tbstaKRj,7,ambiguous,False,default
Timothy,Kirkhope,Commons,Parliamentary Under-Secretary (Home Office),1995-10-18,1997-05-01,561.0,1992-04-09,1825.0,Conservative,John Major,https://id.parliament.uk/MCQbcUkT,891,non_senior,False,regex:\bparliamentary under-?secretary\b
Gyles,Brandreth,Commons,Assistant Whip (HM Treasury),1995-11-25,1996-12-12,383.0,1992-04-09,1825.0,Conservative,John Major,https://id.parliament.uk/ph2V9uA4,760,non_senior,False,regex:\bassistant whip\b
David,Willetts,Commons,Parliamentary Secretary (Duchy of Lancaster Office),1995-11-28,1996-12-15,383.0,1992-04-09,1825.0,Conservative,John Major,https://id.parliament.uk/DKD3eVop,53,non_senior,False,regex:\bparliamentary secretary\b
Liam,Fox,Commons,Lord Commissioner (HM Treasury) (Whip),1995-11-28,1996-07-23,238.0,1992-04-09,1825.0,Conservative,John Major,https://id.parliament.uk/dougZwFw,223,non_senior,False,regex:\bwhip\b
John,Horam,Commons,Parliamentary Under-Secretary (Department of Health),1995-11-29,1997-05-01,519.0,1992-04-09,1825.0,Conservative,John Major,https://id.parliament.uk/wtsenmJj,196,non_senior,False,regex:\bparliamentary under-?secretary\b
Jonathan,Evans,Commons,Parliamentary Under-Secretary (Lord Chancellor's Department),1995-11-29,1996-06-02,186.0,1992-04-09,1825.0,Conservative,John Major,https://id.parliament.uk/stVd5FW4,1166,senior,True,contains:lord chancellor
Thomas,Sackville,Commons,Parliamentary Under-Secretary (Home Office),1995-11-29,1997-05-02,520.0,1992-04-09,1825.0,Conservative,John Major,https://id.parliament.uk/N1bSYM8F,1274,non_senior,False,regex:\bparliamentary under-?secretary\b
Peter,Fraser,Lords,Minister of State (Department of Energy),1996-01-01,1997-01-01,366.0,1992-04-09,1825.0,Conservative,John Major,https://id.parliament.uk/JyFjqhP7,1128,ambiguous,False,regex:\bminister of state\b
Jonathan,Evans,Commons,Parliamentary Under-Secretary (Welsh Office),1996-06-02,1997-05-01,333.0,1992-04-09,1825.0,Conservative,John Major,https://id.parliament.uk/stVd5FW4,1166,non_senior,False,regex:\bparliamentary under-?secretary\b
Sebastian,Coe,Commons,Assistant Whip (HM Treasury),1996-06-02,1997-05-02,334.0,1992-04-09,1825.0,Conservative,John Major,https://id.parliament.uk/3QcOBqLb,783,non_senior,False,regex:\bassistant whip\b
Gary,Streeter,Commons,Parliamentary Secretary (Lord Chancellor's Department),1996-06-02,1997-05-01,333.0,1992-04-09,1825.0,Conservative,John Major,https://id.parliament.uk/7E9l2GUr,234,senior,True,contains:lord chancellor
Gregory,Knight,Commons,Minister of State (Energy and Industry),1996-07-05,1997-05-01,300.0,1992-04-09,1825.0,Conservative,John Major,https://id.parliament.uk/wEjb3Hkt,1200,ambiguous,False,regex:\bminister of state\b
David,Willetts,Commons,Paymaster General (HM Treasury),1996-07-20,1996-12-15,148.0,1992-04-09,1825.0,Conservative,John Major,https://id.parliament.uk/DKD3eVop,53,ambiguous,False,regex:\bpaymaster general\b
Richard,Ottaway,Commons,Lord Commissioner (HM Treasury) (Whip),1996-07-23,1997-05-02,283.0,1992-04-09,1825.0,Conservative,John Major,https://id.parliament.uk/6yviBHmG,157,non_senior,False,regex:\bwhip\b
Derek,Conway,Commons,"Vice Chamberlain (HM Household) (Whip, House of Commons)",1996-07-23,1997-05-01,282.0,1992-04-09,1825.0,Conservative,John Major,https://id.parliament.uk/pbWJKUiP,1202,non_senior,False,regex:\bwhip\b
Jacqueline,Lait,Commons,Assistant Whip (HM Treasury),1996-07-23,1997-05-02,283.0,1992-04-09,1825.0,Conservative,John Major,https://id.parliament.uk/SLoeFQUy,142,non_senior,False,regex:\bassistant whip\b
Simon,Burns,Commons,Parliamentary Under-Secretary (Department of Health),1996-07-23,1997-05-02,283.0,1992-04-09,1825.0,Conservative,John Major,https://id.parliament.uk/ueCA7LxD,46,non_senior,False,regex:\bparliamentary under-?secretary\b
Roger,Knapman,Commons,Lord Commissioner (HM Treasury) (Whip),1996-07-23,1997-05-02,283.0,1992-04-09,1825.0,Conservative,John Major,https://id.parliament.uk/NtC1P2yM,1208,non_senior,False,regex:\bwhip\b
Patrick,McLoughlin,Commons,Lord Commissioner (HM Treasury) (Whip),1996-07-23,1997-05-02,283.0,1992-04-09,1825.0,Conservative,John Major,https://id.parliament.uk/LZDZjBO2,333,non_senior,False,regex:\bwhip\b
Andrew,Mackay,Commons,Deputy Chief Whip and Treasurer,1996-07-23,1997-05-01,282.0,1992-04-09,1825.0,Conservative,John Major,https://id.parliament.uk/tbstaKRj,7,non_senior,False,regex:\bwhip\b
Anthony,Coombs,Commons,Assistant Whip (HM Treasury),1996-07-23,1997-05-02,283.0,1992-04-09,1825.0,Conservative,John Major,https://id.parliament.uk/azcD7cer,786,non_senior,False,regex:\bassistant whip\b
John,Bowis,Commons,Parliamentary Under-Secretary (Department for Transport),1996-07-23,1997-05-02,283.0,1992-04-09,1825.0,Conservative,John Major,https://id.parliament.uk/H58VdOOn,754,non_senior,False,regex:\bparliamentary under-?secretary\b
Phillip,Oppenheim,Commons,Exchequer Secretary (HM Treasury),1996-07-23,1997-05-02,283.0,1992-04-09,1825.0,Conservative,John Major,https://id.parliament.uk/iyqWxF9q,928,ambiguous,False,default
Liam,Fox,Commons,Parliamentary Under-Secretary (Foreign and Commonwealth Office),1996-07-23,1997-05-01,282.0,1992-04-09,1825.0,Conservative,John Major,https://id.parliament.uk/dougZwFw,223,non_senior,False,regex:\bparliamentary under-?secretary\b
Peter,Ainsworth,Commons,Assistant Whip (HM Treasury),1996-07-23,1997-05-02,283.0,1992-04-09,1825.0,Conservative,John Major,https://id.parliament.uk/ahT6ps42,99,non_senior,False,regex:\bassistant whip\b
Matthew,Carrington,Commons,Assistant Whip (HM Treasury),1996-12-12,1997-05-02,141.0,1992-04-09,1825.0,Conservative,John Major,https://id.parliament.uk/F0bA7jRt,1206,non_senior,False,regex:\bassistant whip\b
Gyles,Brandreth,Commons,Lord Commissioner (HM Treasury) (Whip),1996-12-12,1997-05-02,141.0,1992-04-09,1825.0,Conservative,John Major,https://id.parliament.uk/ph2V9uA4,760,non_senior,False,regex:\bwhip\b
Michael,Bates,Commons,Paymaster General (HM Treasury),1996-12-16,1997-05-01,136.0,1992-04-09,1825.0,Conservative,John Major,https://id.parliament.uk/BZvoqdyu,1091,ambiguous,False,regex:\bpaymaster general\b
John,Denham,Commons,Parliamentary Under-Secretary (Department of Social Security),1997-05-01,1998-06-01,396.0,1997-05-01,1474.0,Labour,John Major,https://id.parliament.uk/ArKNOGoC,61,non_senior,False,regex:\bparliamentary under-?secretary\b
Stuart,Bell,Commons,Second Church Estates Commissioner,1997-05-01,2010-05-06,4753.0,1997-05-01,1474.0,Labour,John Major,https://id.parliament.uk/w4N0bNUX,501,ambiguous,False,default
Andrew,McIntosh,Lords,"Captain of the Queen's Bodyguard of the Yeomen of the Guard (HM Household) (Deputy Chief Whip, House of Lords)",1997-05-01,2003-06-13,2234.0,1997-05-01,1474.0,Labour,John Major,https://id.parliament.uk/DLXOo8Gv,1885,non_senior,False,regex:\bwhip\b
Paul,Murphy,Commons,Minister of State (Northern Ireland Office),1997-05-01,1999-07-29,819.0,1997-05-01,1474.0,Labour,John Major,https://id.parliament.uk/J63bWC5i,546,ambiguous,False,regex:\bminister of state\b
Harriet,Harman,Commons,Secretary of State for Social Security and Minister for Women,1997-05-01,1998-07-27,452.0,1997-05-01,1474.0,Labour,John Major,https://id.parliament.uk/Jhxlo2zC,150,senior,True,contains:secretary of state
Douglas,Henderson,Commons,Minister of State (Europe),1997-05-01,1998-07-27,452.0,1997-05-01,1474.0,Labour,John Major,https://id.parliament.uk/YN3lxOgC,522,ambiguous,False,regex:\bminister of state\b
Anthony,Blair,Commons,"Prime Minister, First Lord of the Treasury and Minister for the Civil Service",1997-05-01,2007-06-27,3709.0,1997-05-01,1474.0,Labour,John Major,https://id.parliament.uk/wS6nF9As,512,senior,True,contains:prime minister
Stanley,Clinton-Davis,Lords,Minister of State (Department of Trade and Industry),1997-05-01,1998-01-01,245.0,1997-05-01,1474.0,Labour,John Major,https://id.parliament.uk/h9Xn94S4,1116,ambiguous,False,regex:\bminister of state\b
David,Blunkett,Commons,Secretary of State for Education and Employment,1997-05-01,2001-06-08,1499.0,1997-05-01,1474.0,Labour,John Major,https://id.parliament.uk/s5O7ndZv,395,senior,True,contains:secretary of state
Denis,Carter,Lords,Lords Chief Whip (HM Household),1997-05-01,2002-05-29,1854.0,1997-05-01,1474.0,Labour,John Major,https://id.parliament.uk/k1ipn4Iz,3317,non_senior,False,regex:\bwhip\b
Alexander,Irvine,Lords,Lord Chancellor,1997-05-02,2003-06-12,2232.0,1997-05-01,1474.0,Labour,John Major,https://id.parliament.uk/4boTKMnB,1976,senior,True,contains:lord chancellor
John,Straw,Commons,Home Secretary,1997-05-02,2001-06-08,1498.0,1997-05-01,1474.0,Labour,John Major,https://id.parliament.uk/191FW2uo,463,ambiguous,False,default
James,Brown,Commons,Chancellor of the Exchequer,1997-05-02,2007-06-28,3709.0,1997-05-01,1474.0,Labour,John Major,https://id.parliament.uk/ctpr2BTB,591,senior,True,contains:chancellor of the exchequer
Margaret,Jay,Lords,Deputy Leader of the House of Lords,1997-05-02,1998-07-26,450.0,1997-05-01,1474.0,Labour,John Major,https://id.parliament.uk/Ofj24Bzh,1970,senior,True,contains:leader of the house of lords
Estelle,Morris,Commons,Parliamentary Under-Secretary (Department for Education and Employment),1997-05-02,1998-07-28,452.0,1997-05-01,1474.0,Labour,John Major,https://id.parliament.uk/3UZQn6bw,305,non_senior,False,regex:\bparliamentary under-?secretary\b
Robert,Cook,Commons,Foreign Secretary,1997-05-02,2001-06-08,1498.0,1997-05-01,1474.0,Labour,John Major,https://id.parliament.uk/jJbdrvhw,623,ambiguous,False,default
Margaret,Beckett,Commons,"Secretary of State for Business, Innovation and Skills",1997-05-02,1998-07-27,451.0,1997-05-01,1474.0,Labour,John Major,https://id.parliament.uk/1L8qop3w,328,senior,True,contains:secretary of state
Keith,Bradley,Commons,Parliamentary Under-Secretary (Department of Social Security),1997-05-02,1998-07-28,452.0,1997-05-01,1474.0,Labour,John Major,https://id.parliament.uk/Amvygc1x,452,non_senior,False,regex:\bparliamentary under-?secretary\b
Tessa,Jowell,Commons,Minister of State (Department of Health) (Public Health),1997-05-02,1999-10-11,892.0,1997-05-01,1474.0,Labour,John Major,https://id.parliament.uk/1JWIKvq4,159,ambiguous,False,regex:\bminister of state\b
Ivor,Richard,Lords,Leader of the House of Lords and Lord Privy Seal,1997-05-02,1998-07-28,452.0,1997-05-01,1474.0,Labour,John Major,https://id.parliament.uk/TbqJB0z4,1688,senior,True,contains:lord privy seal
John,Prescott,Commons,"Deputy Prime Minister and Secretary of State for Environment, Transport and the Regions",1997-05-02,2001-06-07,1497.0,1997-05-01,1474.0,Labour,John Major,https://id.parliament.uk/YIlbg1p1,374,senior,True,contains:prime minister
Andrew,Smith,Commons,Minister of State (Department for Education and Employment),1997-05-03,1999-10-11,891.0,1997-05-01,1474.0,Labour,Tony Blair,https://id.parliament.uk/ApfLHFmq,95,ambiguous,False,regex:\bminister of state\b
Clare,Short,Commons,Secretary of State for International Development,1997-05-03,2003-05-12,2200.0,1997-05-01,1474.0,Labour,Tony Blair,https://id.parliament.uk/IbVFO6JP,300,senior,True,contains:secretary of state
Ronald,Davies,Commons,Secretary of State for Wales,1997-05-03,1998-10-26,541.0,1997-05-01,1474.0,Labour,Tony Blair,https://id.parliament.uk/QIGFyWWM,552,senior,True,contains:secretary of state
Frank,Dobson,Commons,Secretary of State for Health,1997-05-03,1999-10-10,890.0,1997-05-01,1474.0,Labour,Tony Blair,https://id.parliament.uk/MjnOg8YH,180,senior,True,contains:secretary of state
Nicholas,Brown,Commons,Parliamentary Secretary to the Treasury (Chief Whip),1997-05-03,1998-07-26,449.0,1997-05-01,1474.0,Labour,Tony Blair,https://id.parliament.uk/s4JIJptz,523,non_senior,False,regex:\bparliamentary secretary\b
Derek,Foster,Commons,Minister of State (Cabinet Office),1997-05-03,1997-05-06,3.0,1997-05-01,1474.0,Labour,Tony Blair,https://id.parliament.uk/5VBAnlOe,506,ambiguous,False,regex:\bminister of state\b
Winifred,Taylor,Commons,Lord President of the Council and Leader of the House of Commons (Privy Council Office),1997-05-03,1998-07-26,449.0,1997-05-01,1474.0,Labour,Tony Blair,https://id.parliament.uk/rjOhPobl,407,senior,True,contains:lord president of the council
Marjorie,Mowlam,Commons,Secretary of State for Northern Ireland,1997-05-03,1999-10-10,890.0,1997-05-01,1474.0,Labour,Tony Blair,https://id.parliament.uk/EJfPXSYu,503,senior,True,contains:secretary of state
Michael,Meacher,Commons,"Minister of State (Department for Environment, Transport and the Regions) (Environment)",1997-05-03,2001-06-07,1496.0,1997-05-01,1474.0,Labour,Tony Blair,https://id.parliament.uk/FdP6u6Vf,454,ambiguous,False,regex:\bminister of state\b
Geoffrey,Robinson,Commons,Paymaster General (HM Treasury),1997-05-03,1998-12-20,596.0,1997-05-01,1474.0,Labour,Tony Blair,https://id.parliament.uk/oEWQ89db,307,ambiguous,False,regex:\bpaymaster general\b
Alistair,Darling,Commons,Chief Secretary to the Treasury,1997-05-03,1998-07-27,450.0,1997-05-01,1474.0,Labour,Tony Blair,https://id.parliament.uk/t2ppPOcs,596,senior,True,contains:chief secretary to the treasury
George,Robertson,Commons,Secretary of State for Defence,1997-05-03,1999-10-11,891.0,1997-05-01,1474.0,Labour,Tony Blair,https://id.parliament.uk/QU5fNlWA,672,senior,True,contains:secretary of state
David,Clark,Commons,Chancellor of the Duchy of Lancaster,1997-05-03,1998-07-01,424.0,1997-05-01,1474.0,Labour,Tony Blair,https://id.parliament.uk/3roCtsL6,525,senior,True,contains:chancellor of the duchy of lancaster
Christopher,Smith,Commons,Secretary of State for National Heritage,1997-05-03,1997-07-22,80.0,1997-05-01,1474.0,Labour,Tony Blair,https://id.parliament.uk/m8K50ckZ,186,senior,True,contains:secretary of state
Donald,Dewar,Commons,Secretary of State for Scottish Office,1997-05-03,1999-05-16,743.0,1997-05-01,1474.0,Labour,Tony Blair,https://id.parliament.uk/0CPp4PNJ,678,senior,True,contains:secretary of state
Frank,Field,Commons,Minister (Department of Social Security) (Welfare Reform),1997-05-03,1998-07-28,451.0,1997-05-01,1474.0,Labour,Tony Blair,https://id.parliament.uk/Y39oWdz3,478,ambiguous,False,default
John,Cunningham,Commons,"Minister of State (Ministry of Agriculture, Fisheries and Food)",1997-05-03,1998-07-27,450.0,1997-05-01,1474.0,Labour,Tony Blair,https://id.parliament.uk/U3EBKKjK,496,ambiguous,False,regex:\bminister of state\b
George,Robertson,Lords,Secretary of State for Defence,1997-05-03,1999-10-11,891.0,1997-05-01,1474.0,,Tony Blair,https://id.parliament.uk/QU5fNlWA,672,senior,True,contains:secretary of state
Gavin,Strang,Commons,"Minister of State (Department for Environment, Transport and the Regions)",1997-05-03,1998-07-27,450.0,1997-05-01,1474.0,Labour,Tony Blair,https://id.parliament.uk/idMo7Oku,597,ambiguous,False,regex:\bminister of state\b
Peter,Mandelson,Commons,Minister without Portfolio,1997-05-05,1998-07-26,447.0,1997-05-01,1474.0,Labour,Tony Blair,https://id.parliament.uk/i8eCbE1j,500,senior,True,contains:minister without portfolio
Richard,Caborn,Commons,"Minister of State (Department for Environment, Transport and the Regions) (The Regions)",1997-05-06,1999-07-28,813.0,1997-05-01,1474.0,Labour,Tony Blair,https://id.parliament.uk/pSPV5So0,396,ambiguous,False,regex:\bminister of state\b
Stephen,Byers,Commons,Minister of State (Department for Education and Employment),1997-05-06,1998-07-27,447.0,1997-05-01,1474.0,Labour,Tony Blair,https://id.parliament.uk/yj8H4T00,524,ambiguous,False,regex:\bminister of state\b
Jeffrey,Rooker,Commons,"Minister of State (Ministry of Agriculture, Fisheries and Food)",1997-05-06,1999-07-29,814.0,1997-05-01,1474.0,Labour,Tony Blair,https://id.parliament.uk/wjDiGH73,302,ambiguous,False,regex:\bminister of state\b
Alun,Michael,Commons,Minister of State (Home Office),1997-05-06,1998-10-27,539.0,1997-05-01,1474.0,Labour,Tony Blair,https://id.parliament.uk/kxDTSMAG,562,ambiguous,False,regex:\bminister of state\b
Helen,Liddell,Commons,Economic Secretary (HM Treasury),1997-05-06,1998-07-27,447.0,1997-05-01,1474.0,Labour,Tony Blair,https://id.parliament.uk/gwlwCkOA,573,ambiguous,False,regex:\beconomic secretary\b
Anthony,Lloyd,Commons,Minister of State (Foreign and Commonwealth Office),1997-05-06,1999-07-29,814.0,1997-05-01,1474.0,Labour,Tony Blair,https://id.parliament.uk/IvJj657t,450,ambiguous,False,regex:\bminister of state\b
Brian,Wilson,Commons,Minister of State (Scottish Office) (Education and Industry),1997-05-06,1998-07-28,448.0,1997-05-01,1474.0,Labour,Tony Blair,https://id.parliament.uk/hzmg4VhO,585,ambiguous,False,regex:\bminister of state\b
Thomas,Clarke,Commons,"Minister of State (Department of National Heritage/Department for Culture, Media and Sport)",1997-05-06,1998-07-28,448.0,1997-05-01,1474.0,Labour,Tony Blair,https://id.parliament.uk/piSaWefK,583,ambiguous,False,regex:\bminister of state\b
Glenda,Jackson,Commons,Parliamentary Under-Secretary (Department of Environment),1997-05-06,1999-07-29,814.0,1997-05-01,1474.0,Labour,Tony Blair,https://id.parliament.uk/Sr8YzrIV,175,non_senior,False,regex:\bparliamentary under-?secretary\b
Henry,McLeish,Commons,Minister of State (Scotland Office),1997-05-06,1999-07-29,814.0,1997-05-01,1474.0,Labour,Tony Blair,https://id.parliament.uk/Ccs6Kkkh,580,ambiguous,False,regex:\bminister of state\b
Peter,Kilfoyle,Commons,Parliamentary Secretary (Cabinet Office),1997-05-06,1999-07-29,814.0,1997-05-01,1474.0,Labour,Tony Blair,https://id.parliament.uk/0xZTyin0,485,non_senior,False,regex:\bparliamentary secretary\b
William,Worthington,Commons,Parliamentary Under-Secretary (Northern Ireland Office),1997-05-06,1998-07-28,448.0,1997-05-01,1474.0,Labour,Tony Blair,https://id.parliament.uk/eaePewqn,581,non_senior,False,regex:\bparliamentary under-?secretary\b
Barbara,Roche,Commons,Parliamentary Under-Secretary (Department of Trade),1997-05-06,1999-01-04,608.0,1997-05-01,1474.0,Labour,Tony Blair,https://id.parliament.uk/jnUWMrjI,182,non_senior,False,regex:\bparliamentary under-?secretary\b
Ian,McCartney,Commons,Minister of State (Competitiveness),1997-05-06,1999-07-29,814.0,1997-05-01,1474.0,Labour,Tony Blair,https://id.parliament.uk/btMGCWJR,448,ambiguous,False,regex:\bminister of state\b
George,Howarth,Commons,Parliamentary Under-Secretary (Home Office),1997-05-06,1999-07-29,814.0,1997-05-01,1474.0,Labour,Tony Blair,https://id.parliament.uk/IuAC2EF7,481,non_senior,False,regex:\bparliamentary under-?secretary\b
Alan,Howarth,Commons,Parliamentary Under-Secretary (Department for Education and Employment),1997-05-06,1998-07-28,448.0,1997-05-01,1474.0,Labour,Tony Blair,https://id.parliament.uk/xJTfXMO4,544,non_senior,False,regex:\bparliamentary under-?secretary\b
Kim,Howells,Commons,Parliamentary Under-Secretary (Department for Education and Employment),1997-05-06,1998-07-28,448.0,1997-05-01,1474.0,Labour,Tony Blair,https://id.parliament.uk/0K2JKjxj,556,non_senior,False,regex:\bparliamentary under-?secretary\b
Geoffrey,Hoon,Commons,Parliamentary Under-Secretary (Lord Chancellor's Department),1997-05-06,1998-07-28,448.0,1997-05-01,1474.0,Labour,Tony Blair,https://id.parliament.uk/yHpMxMCv,357,senior,True,contains:lord chancellor
Malcolm,Chisholm,Commons,Parliamentary Under-Secretary (Scottish Office),1997-05-06,1997-12-10,218.0,1997-05-01,1474.0,Labour,Tony Blair,https://id.parliament.uk/WCuOlySR,598,non_senior,False,regex:\bparliamentary under-?secretary\b
Adam,Ingram,Commons,Minister of State (Northern Ireland Office),1997-05-06,2001-06-09,1495.0,1997-05-01,1474.0,Labour,Tony Blair,https://id.parliament.uk/vBabRjvC,593,ambiguous,False,regex:\bminister of state\b
Alan,Milburn,Commons,Minister of State (Department of Health),1997-05-06,1998-12-23,596.0,1997-05-01,1474.0,Labour,Tony Blair,https://id.parliament.uk/u5DIviww,507,ambiguous,False,regex:\bminister of state\b
Hilary,Armstrong,Commons,"Minister of State (Department for Environment, Transport and the Regions) (Local Government)",1997-05-06,2001-06-08,1494.0,1997-05-01,1474.0,Labour,Tony Blair,https://id.parliament.uk/2N2rM0o6,4150,ambiguous,False,regex:\bminister of state\b
Angela,Eagle,Commons,"Parliamentary Under-Secretary (Department for Environment, Transport and the Regions)",1997-05-06,1998-07-29,449.0,1997-05-01,1474.0,Labour,Tony Blair,https://id.parliament.uk/saLBlZIO,491,non_senior,False,regex:\bparliamentary under-?secretary\b
John,Morris,Commons,Attorney General (Law Officers),1997-05-06,1999-07-28,813.0,1997-05-01,1474.0,Labour,Tony Blair,https://id.parliament.uk/wC1Rw40g,565,ambiguous,False,regex:\battorney general\b
Paul,Boateng,Commons,Parliamentary Under-Secretary (Department of Health),1997-05-06,1998-10-28,540.0,1997-05-01,1474.0,Labour,Tony Blair,https://id.parliament.uk/5dhjtEId,147,non_senior,False,regex:\bparliamentary under-?secretary\b
Peter,Hain,Commons,Parliamentary Under-Secretary (Welsh Office),1997-05-06,1999-07-29,814.0,1997-05-01,1474.0,Labour,Tony Blair,https://id.parliament.uk/2jVmwnh9,567,non_senior,False,regex:\bparliamentary under-?secretary\b
Winston,Griffiths,Commons,Parliamentary Under-Secretary (Wales Office),1997-05-06,1998-07-28,448.0,1997-05-01,1474.0,Labour,Tony Blair,https://id.parliament.uk/XVpI5dJE,551,non_senior,False,regex:\bparliamentary under-?secretary\b
Nigel,Griffiths,Commons,Parliamentary Under-Secretary (Department of Trade and Industry),1997-05-06,1998-07-28,448.0,1997-05-01,1474.0,Labour,Tony Blair,https://id.parliament.uk/3fidjjmC,600,non_senior,False,regex:\bparliamentary under-?secretary\b
John,Gilbert,Lords,Minister of State (Ministry of Defence) (Procurement),1997-05-06,1999-07-28,813.0,1997-05-01,1474.0,,Tony Blair,https://id.parliament.uk/nFDeQ5yu,843,ambiguous,False,regex:\bminister of state\b
Michael,O'Brien,Commons,Parliamentary Under-Secretary (Home Office),1997-05-06,2001-06-07,1493.0,1997-05-01,1474.0,Labour,Tony Blair,https://id.parliament.uk/WsevBmhh,290,non_senior,False,regex:\bparliamentary under-?secretary\b
John,Reid,Commons,Minister of State (Ministry of Defence),1997-05-06,1998-07-27,447.0,1997-05-01,1474.0,Labour,Tony Blair,https://id.parliament.uk/tlYrORH3,617,ambiguous,False,regex:\bminister of state\b
Samuel,Galbraith,Commons,Parliamentary Under-Secretary (Scottish Office),1997-05-06,1999-07-29,814.0,1997-05-01,1474.0,Labour,Tony Blair,https://id.parliament.uk/Lk8nGc3n,637,non_senior,False,regex:\bparliamentary under-?secretary\b
Alfred,Dubs,Lords,Parliamentary Under-Secretary (Northern Ireland Office) (Environment and Agriculture),1997-05-06,1999-12-31,969.0,1997-05-01,1474.0,Labour,Tony Blair,https://id.parliament.uk/EX8ZGq1y,805,non_senior,False,regex:\bparliamentary under-?secretary\b
George,Foulkes,Commons,Parliamentary Under-Secretary (Department for International Development),1997-05-06,2001-01-25,1360.0,1997-05-01,1474.0,Labour,Tony Blair,https://id.parliament.uk/qMbPK6Yo,579,non_senior,False,regex:\bparliamentary under-?secretary\b
John,Battle,Commons,Minister of State (Department of Trade and Industry),1997-05-06,1999-07-29,814.0,1997-05-01,1474.0,Labour,Tony Blair,https://id.parliament.uk/t3h7I9D4,417,ambiguous,False,regex:\bminister of state\b
Mark,Fisher,Commons,Parliamentary Under-Secretary (Department of National Heritage) (Arts),1997-05-06,1997-08-22,108.0,1997-05-01,1474.0,Labour,Tony Blair,https://id.parliament.uk/YKAVfvAI,285,non_senior,False,regex:\bparliamentary under-?secretary\b
Elliot,Morley,Commons,"Parliamentary Secretary (Ministry of Agriculture, Fisheries and Food)",1997-05-06,2001-06-10,1496.0,1997-05-01,1474.0,Labour,Tony Blair,https://id.parliament.uk/aqnjvFqc,377,non_senior,False,regex:\bparliamentary secretary\b
Helene,Hayman,Lords,"Minister of State (Department for Environment, Transport and the Regions)",1997-05-06,1998-07-28,448.0,1997-05-01,1474.0,Labour,Tony Blair,https://id.parliament.uk/lLUVa9gw,1649,ambiguous,False,regex:\bminister of state\b
Dawn,Primarolo,Commons,Financial Secretary (HM Treasury),1997-05-06,1999-01-03,607.0,1997-05-01,1474.0,Labour,Tony Blair,https://id.parliament.uk/0FqjjgNp,217,ambiguous,False,regex:\bfinancial secretary\b
Derek,Fatchett,Commons,Minister of State (Foreign and Commonwealth Office),1997-05-06,1999-05-10,734.0,1997-05-01,1474.0,Labour,Tony Blair,https://id.parliament.uk/iTwWCi5W,669,ambiguous,False,regex:\bminister of state\b
Wyvill,Raynsford,Commons,"Parliamentary Under-Secretary (Department for Environment, Transport and the Regions)",1997-05-06,1999-07-29,814.0,1997-05-01,1474.0,Labour,Tony Blair,https://id.parliament.uk/ccaOImtQ,171,non_senior,False,regex:\bparliamentary under-?secretary\b
Joyce,Quin,Commons,Minister of State (Home Office),1997-05-06,1998-07-28,448.0,1997-05-01,1474.0,Labour,Tony Blair,https://id.parliament.uk/DVdkkcZ9,518,ambiguous,False,regex:\bminister of state\b
John,Spellar,Commons,Parliamentary Under-Secretary (Ministry of Defence),1997-05-06,1999-07-28,813.0,1997-05-01,1474.0,Labour,Tony Blair,https://id.parliament.uk/OyBH9ISZ,318,non_senior,False,regex:\bparliamentary under-?secretary\b
Thomas,McAvoy,Commons,"Comptroller (HM Household) (Deputy Chief Whip, House of Commons)",1997-05-08,2008-10-05,4168.0,1997-05-01,1474.0,Labour,Tony Blair,https://id.parliament.uk/G2MkEUNS,4158,non_senior,False,regex:\bwhip\b
David,Clelland,Commons,Assistant Whip (HM Treasury),1997-05-08,2001-02-02,1366.0,1997-05-01,1474.0,Labour,Tony Blair,https://id.parliament.uk/rWU1c9P7,528,non_senior,False,regex:\bassistant whip\b
Graham,Allen,Commons,Lord Commissioner (HM Treasury) (Whip),1997-05-08,1998-07-28,446.0,1997-05-01,1474.0,Labour,Tony Blair,https://id.parliament.uk/olcSTYxz,364,non_senior,False,regex:\bwhip\b
John,McFall,Commons,Lord Commissioner (HM Treasury) (Whip),1997-05-08,1998-07-28,446.0,1997-05-01,1474.0,Labour,Tony Blair,https://id.parliament.uk/atS9nkzV,4148,non_senior,False,regex:\bwhip\b
Jane,Kennedy,Commons,Assistant Whip (HM Treasury),1997-05-08,1998-07-28,446.0,1997-05-01,1474.0,Labour,Tony Blair,https://id.parliament.uk/f5YiNuqP,486,non_senior,False,regex:\bassistant whip\b
David,Jamieson,Commons,Assistant Whip (HM Treasury),1997-05-08,1998-07-28,446.0,1997-05-01,1474.0,Labour,Tony Blair,https://id.parliament.uk/Kgm4fGPD,232,non_senior,False,regex:\bassistant whip\b
Janet,Anderson,Commons,Vice-Chamberlain (HM Household),1997-05-08,1998-07-28,446.0,1997-05-01,1474.0,Labour,Tony Blair,https://id.parliament.uk/GcpLlZh2,475,ambiguous,False,default
Robert,Ainsworth,Commons,Lord Commissioner (HM Treasury) (Whip),1997-05-08,2001-01-24,1357.0,1997-05-01,1474.0,Labour,Tony Blair,https://id.parliament.uk/hEQM2SPd,306,non_senior,False,regex:\bwhip\b
Simon,Haskel,Lords,Lord in Waiting (HM Household) (Whip),1997-05-08,1998-08-28,477.0,1997-05-01,1474.0,Labour,Tony Blair,https://id.parliament.uk/Hcuye0ra,2665,non_senior,False,regex:\bwhip\b
George,Mudie,Commons,Deputy Chief Whip and Treasurer,1997-05-08,1998-07-27,445.0,1997-05-01,1474.0,Labour,Tony Blair,https://id.parliament.uk/jL1lTThv,414,non_senior,False,regex:\bwhip\b
James,Dowd,Commons,Lord Commissioner (HM Treasury) (Whip),1997-05-08,2001-06-07,1491.0,1997-05-01,1474.0,Labour,Tony Blair,https://id.parliament.uk/78VTsWA6,189,non_senior,False,regex:\bwhip\b
Bridget,Prentice,Commons,Assistant Whip (HM Treasury),1997-05-08,1998-07-28,446.0,1997-05-01,1474.0,Labour,Tony Blair,https://id.parliament.uk/Lc3okOFy,191,non_senior,False,regex:\bassistant whip\b
Kevin,Hughes,Commons,Assistant Whip (HM Treasury),1997-05-08,2001-06-07,1491.0,1997-05-01,1474.0,Labour,Tony Blair,https://id.parliament.uk/4OhzHYLE,391,non_senior,False,regex:\bassistant whip\b
Gregory,Pope,Commons,Assistant Whip (HM Treasury),1997-05-08,1999-11-17,923.0,1997-05-01,1474.0,Labour,Tony Blair,https://id.parliament.uk/tpVRG55F,469,non_senior,False,regex:\bassistant whip\b
Anthony,Banks,Commons,"Parliamentary Under-Secretary (Department of National Heritage/Department for Culture, Media and Sport)) (Sport)",1997-05-08,1999-07-29,812.0,1997-05-01,1474.0,Labour,Tony Blair,https://id.parliament.uk/AkludBE0,3748,non_senior,False,regex:\bparliamentary under-?secretary\b
Jonathan,Jones,Commons,Lord Commissioner (HM Treasury) (Whip),1997-05-08,1998-07-28,446.0,1997-05-01,1474.0,Labour,Tony Blair,https://id.parliament.uk/PtihupsS,560,non_senior,False,regex:\bwhip\b
Clive,Betts,Commons,Assistant Whip (HM Treasury),1997-05-08,1998-07-28,446.0,1997-05-01,1474.0,Labour,Tony Blair,https://id.parliament.uk/JEES9mGo,394,non_senior,False,regex:\bassistant whip\b
Eric,Hoyle,Lords,Lord in Waiting (HM Household) (Whip),1997-05-15,1999-04-09,694.0,1997-05-01,1474.0,Labour,Tony Blair,https://id.parliament.uk/sx6xvc3W,1000,non_senior,False,regex:\bwhip\b
Joan,Ruddock,Commons,Parliamentary Under-Secretary (Department of Social Security) (Women),1997-06-11,1998-07-28,412.0,1997-05-01,1474.0,Labour,Tony Blair,https://id.parliament.uk/R5G6XPeD,190,non_senior,False,regex:\bparliamentary under-?secretary\b
Christopher,Smith,Commons,"Secretary of State for Culture, Media and Sport",1997-07-22,2001-06-08,1417.0,1997-05-01,1474.0,Labour,Tony Blair,https://id.parliament.uk/m8K50ckZ,186,senior,True,contains:secretary of state
Mark,Fisher,Commons,"Parliamentary Under-Secretary (Department for Culture, Media and Sport) (Arts)",1997-08-22,1998-07-27,339.0,1997-05-01,1474.0,Labour,Tony Blair,https://id.parliament.uk/YKAVfvAI,285,non_senior,False,regex:\bparliamentary under-?secretary\b
Calum,MacDonald (Domhnallach),Commons,Parliamentary Under-Secretary (Scottish Office),1997-12-11,1999-07-29,595.0,1997-05-01,1474.0,Labour,Tony Blair,https://id.parliament.uk/ZfIBWpxr,641,non_senior,False,regex:\bparliamentary under-?secretary\b
Philip,Hunt,Lords,Parliamentary Under-Secretary (Department of Health),1998-01-01,2003-03-17,1901.0,1997-05-01,1474.0,Labour,Tony Blair,https://id.parliament.uk/p4clIXl7,2024,non_senior,False,regex:\bparliamentary under-?secretary\b
David,Sainsbury,Lords,Parliamentary Under-Secretary (Department of Trade and Industry) (Science and Innovation),1998-01-01,2005-05-06,2682.0,1997-05-01,1474.0,Labour,Tony Blair,https://id.parliament.uk/GKEtqJpq,2161,non_senior,False,regex:\bparliamentary under-?secretary\b
John,Denham,Commons,Minister of State (Department of Social Security),1998-06-01,1998-12-30,212.0,1997-05-01,1474.0,Labour,Tony Blair,https://id.parliament.uk/ArKNOGoC,61,ambiguous,False,regex:\bminister of state\b
Peter,Mandelson,Commons,Secretary of State for Trade,1998-07-27,1998-12-22,148.0,1997-05-01,1474.0,Labour,Tony Blair,https://id.parliament.uk/i8eCbE1j,500,senior,True,contains:secretary of state
Margaret,Beckett,Commons,Lord President of the Council and Leader of the House of Commons (Privy Council Office),1998-07-27,2001-06-08,1047.0,1997-05-01,1474.0,Labour,Tony Blair,https://id.parliament.uk/1L8qop3w,328,senior,True,contains:lord president of the council
Margaret,Jay,Lords,Leader of the House of Lords and Lord Privy Seal,1998-07-27,2001-06-06,1045.0,1997-05-01,1474.0,Labour,Tony Blair,https://id.parliament.uk/Ofj24Bzh,1970,senior,True,contains:lord privy seal
Nicholas,Brown,Commons,"Minister of State (Ministry of Agriculture, Fisheries and Food)",1998-07-27,2001-06-08,1047.0,1997-05-01,1474.0,Labour,Tony Blair,https://id.parliament.uk/s4JIJptz,523,ambiguous,False,regex:\bminister of state\b
Winifred,Taylor,Commons,Parliamentary Secretary to the Treasury (Chief Whip),1998-07-27,2001-06-07,1046.0,1997-05-01,1474.0,Labour,Tony Blair,https://id.parliament.uk/rjOhPobl,407,non_senior,False,regex:\bparliamentary secretary\b
Gareth,Williams,Lords,Deputy Leader of the House of Lords,1998-07-27,2001-06-06,1045.0,1997-05-01,1474.0,Labour,Tony Blair,https://id.parliament.uk/FIDiZ0Hp,1751,senior,True,contains:leader of the house of lords
John,Cunningham,Commons,Chancellor of the Duchy of Lancaster and Minister (Cabinet Office),1998-07-27,1999-10-11,441.0,1997-05-01,1474.0,Labour,Tony Blair,https://id.parliament.uk/U3EBKKjK,496,senior,True,contains:chancellor of the duchy of lancaster
Alistair,Darling,Commons,Secretary of State for Social Security,1998-07-27,2001-06-08,1047.0,1997-05-01,1474.0,Labour,Tony Blair,https://id.parliament.uk/t2ppPOcs,596,senior,True,contains:secretary of state
Stephen,Byers,Commons,Chief Secretary to the Treasury,1998-07-27,1998-12-22,148.0,1997-05-01,1474.0,Labour,Tony Blair,https://id.parliament.uk/yj8H4T00,524,senior,True,contains:chief secretary to the treasury
John,Reid,Commons,"Minister of State (Department for Environment, Transport and the Regions)",1998-07-27,1999-05-17,294.0,1997-05-01,1474.0,Labour,Tony Blair,https://id.parliament.uk/tlYrORH3,617,ambiguous,False,regex:\bminister of state\b
Joyce,Quin,Commons,Minister of State (Foreign and Commonwealth Office),1998-07-28,1999-07-29,366.0,1997-05-01,1474.0,Labour,Tony Blair,https://id.parliament.uk/DVdkkcZ9,518,ambiguous,False,regex:\bminister of state\b
David,Hanson,Commons,Assistant Whip (HM Treasury),1998-07-28,1999-07-29,366.0,1997-05-01,1474.0,Labour,Tony Blair,https://id.parliament.uk/RBI4vae5,533,non_senior,False,regex:\bassistant whip\b
Helen,Liddell,Commons,Minister of State (Scottish Office) (Education and Industry),1998-07-28,1999-05-17,293.0,1997-05-01,1474.0,Labour,Tony Blair,https://id.parliament.uk/gwlwCkOA,573,ambiguous,False,regex:\bminister of state\b
Estelle,Morris,Commons,Minister of State (Department for Education and Employment) (School Standards),1998-07-28,2001-06-08,1046.0,1997-05-01,1474.0,Labour,Tony Blair,https://id.parliament.uk/3UZQn6bw,305,ambiguous,False,regex:\bminister of state\b
George,Mudie,Commons,Parliamentary Under-Secretary (Department for Education and Employment),1998-07-28,1999-07-29,366.0,1997-05-01,1474.0,Labour,Tony Blair,https://id.parliament.uk/jL1lTThv,414,non_senior,False,regex:\bparliamentary under-?secretary\b
Janet,Anderson,Commons,"Parliamentary Under-Secretary (Department for Culture, Media and Sport) (Tourism)",1998-07-28,2001-06-07,1045.0,1997-05-01,1474.0,Labour,Tony Blair,https://id.parliament.uk/GcpLlZh2,475,non_senior,False,regex:\bparliamentary under-?secretary\b
Stephen,Timms,Commons,Parliamentary Under-Secretary (Department of Social Security),1998-07-28,1998-12-30,155.0,1997-05-01,1474.0,Labour,Tony Blair,https://id.parliament.uk/R62qdyhF,163,non_senior,False,regex:\bparliamentary under-?secretary\b
David,Jamieson,Commons,Lord Commissioner (HM Treasury) (Whip),1998-07-28,2001-06-07,1045.0,1997-05-01,1474.0,Labour,Tony Blair,https://id.parliament.uk/Kgm4fGPD,232,non_senior,False,regex:\bwhip\b
Graham,Allen,Commons,Vice-Chamberlain (HM Household),1998-07-28,2001-06-07,1045.0,1997-05-01,1474.0,Labour,Tony Blair,https://id.parliament.uk/olcSTYxz,364,ambiguous,False,default
Brian,Wilson,Commons,Minister of State (Department of Trade and Industry),1998-07-28,1999-07-28,365.0,1997-05-01,1474.0,Labour,Tony Blair,https://id.parliament.uk/hzmg4VhO,585,ambiguous,False,regex:\bminister of state\b
Anne,McGuire,Commons,Assistant Whip (HM Treasury),1998-07-28,2001-05-14,1021.0,1997-05-01,1474.0,Labour,Tony Blair,https://id.parliament.uk/wK9hJmCP,636,non_senior,False,regex:\bassistant whip\b
Jane,Kennedy,Commons,Lord Commissioner (HM Treasury) (Whip),1998-07-28,1999-10-11,440.0,1997-05-01,1474.0,Labour,Tony Blair,https://id.parliament.uk/f5YiNuqP,486,non_senior,False,regex:\bwhip\b
John,McFall,Commons,Parliamentary Under-Secretary (Northern Ireland Office),1998-07-28,1999-12-02,492.0,1997-05-01,1474.0,Labour,Tony Blair,https://id.parliament.uk/atS9nkzV,4148,non_senior,False,regex:\bparliamentary under-?secretary\b
Ross,Cranston,Commons,Solicitor General (Law Officers),1998-07-28,2001-06-07,1045.0,1997-05-01,1474.0,Labour,Tony Blair,https://id.parliament.uk/ozl0VCSO,309,ambiguous,False,regex:\bsolicitor general\b
Helene,Hayman,Lords,Minister (Department of Health),1998-07-28,1999-07-29,366.0,1997-05-01,1474.0,Labour,Tony Blair,https://id.parliament.uk/lLUVa9gw,1649,ambiguous,False,default
Angela,Eagle,Commons,Parliamentary Under-Secretary (Department of Social Security),1998-07-28,2001-06-07,1045.0,1997-05-01,1474.0,Labour,Tony Blair,https://id.parliament.uk/saLBlZIO,491,non_senior,False,regex:\bparliamentary under-?secretary\b
Keith,Bradley,Commons,Treasurer of HM Household (Deputy Chief Whip),1998-07-28,2001-01-01,888.0,1997-05-01,1474.0,Labour,Tony Blair,https://id.parliament.uk/Amvygc1x,452,non_senior,False,regex:\bwhip\b
Clive,Betts,Commons,Lord Commissioner (HM Treasury) (Whip),1998-07-28,2001-06-07,1045.0,1997-05-01,1474.0,Labour,Tony Blair,https://id.parliament.uk/JEES9mGo,394,non_senior,False,regex:\bwhip\b
Michael,Hall,Commons,Assistant Whip (HM Treasury),1998-07-28,2001-06-07,1045.0,1997-05-01,1474.0,Labour,Tony Blair,https://id.parliament.uk/vzU7i8L6,434,non_senior,False,regex:\bassistant whip\b
Jonathan,Jones,Commons,Parliamentary Under-Secretary (Welsh Office),1998-07-28,1999-07-29,366.0,1997-05-01,1474.0,Labour,Tony Blair,https://id.parliament.uk/PtihupsS,560,non_senior,False,regex:\bparliamentary under-?secretary\b
Alan,Howarth,Commons,"Parliamentary Under-Secretary (Department for Culture, Media and Sport) (Arts)",1998-07-28,2001-06-07,1045.0,1997-05-01,1474.0,Labour,Tony Blair,https://id.parliament.uk/xJTfXMO4,544,non_senior,False,regex:\bparliamentary under-?secretary\b
Catharine,Hoey,Commons,Parliamentary Under-Secretary (Home Office),1998-07-28,1999-07-29,366.0,1997-05-01,1474.0,Labour,Tony Blair,https://id.parliament.uk/1AeEPhYf,210,non_senior,False,regex:\bparliamentary under-?secretary\b
Douglas,Henderson,Commons,Minister of State (Ministry of Defence),1998-07-28,1999-01-01,157.0,1997-05-01,1474.0,Labour,Tony Blair,https://id.parliament.uk/YN3lxOgC,522,ambiguous,False,regex:\bminister of state\b
Charles,Clarke,Commons,Parliamentary Under-Secretary (Department for Education and Employment),1998-07-28,1999-07-29,366.0,1997-05-01,1474.0,Labour,Tony Blair,https://id.parliament.uk/XG4JgwTL,130,non_senior,False,regex:\bparliamentary under-?secretary\b
Geoffrey,Hoon,Commons,Minister of State (Lord Chancellor's Department),1998-07-28,1999-05-17,293.0,1997-05-01,1474.0,Labour,Tony Blair,https://id.parliament.uk/yHpMxMCv,357,senior,True,contains:lord chancellor
Trevor,Hill,Commons,Assistant Whip (HM Treasury),1998-07-28,1999-07-29,366.0,1997-05-01,1474.0,Labour,Tony Blair,https://id.parliament.uk/99RyKEEU,203,non_senior,False,regex:\bassistant whip\b
Joseph,Meale,Commons,"Parliamentary Under-Secretary (Department for Environment, Transport and the Regions)",1998-07-28,1999-07-29,366.0,1997-05-01,1474.0,Labour,Tony Blair,https://id.parliament.uk/xX9yYpUG,361,non_senior,False,regex:\bparliamentary under-?secretary\b
Margaret,Hodge,Commons,Parliamentary Under-Secretary (Department for Education and Employment) (Employment and Equal Opportunities),1998-07-28,2001-06-10,1048.0,1997-05-01,1474.0,Labour,Tony Blair,https://id.parliament.uk/nerwVGrY,140,non_senior,False,regex:\bparliamentary under-?secretary\b
Kim,Howells,Commons,Parliamentary Under-Secretary (Department of Trade and Industry),1998-07-28,2001-06-07,1045.0,1997-05-01,1474.0,Labour,Tony Blair,https://id.parliament.uk/0K2JKjxj,556,non_senior,False,regex:\bparliamentary under-?secretary\b
Patricia,Hewitt,Commons,Economic Secretary (HM Treasury),1998-07-29,1999-07-29,365.0,1997-05-01,1474.0,Labour,Tony Blair,https://id.parliament.uk/tU20NZhl,340,ambiguous,False,regex:\beconomic secretary\b
John,Whitty,Lords,"Parliamentary Under-Secretary (Department for Environment, Transport and the Regions)",1998-07-31,2001-06-11,1046.0,1997-05-01,1474.0,Labour,Tony Blair,https://id.parliament.uk/HTFejY4v,2444,non_senior,False,regex:\bparliamentary under-?secretary\b
Alun,Michael,Commons,Secretary of State for Wales,1998-10-27,1999-07-28,274.0,1997-05-01,1474.0,Labour,Tony Blair,https://id.parliament.uk/kxDTSMAG,562,senior,True,contains:secretary of state
Paul,Boateng,Commons,Minister of State (Home Office),1998-10-28,2001-06-07,953.0,1997-05-01,1474.0,Labour,Tony Blair,https://id.parliament.uk/5dhjtEId,147,ambiguous,False,regex:\bminister of state\b
John,Hutton,Commons,Parliamentary Under-Secretary (Department of Health),1998-10-29,1999-10-11,347.0,1997-05-01,1474.0,Labour,Tony Blair,https://id.parliament.uk/R4VIOLKR,494,non_senior,False,regex:\bparliamentary under-?secretary\b
Alan,Milburn,Commons,Chief Secretary to the Treasury,1998-12-23,1999-10-10,291.0,1997-05-01,1474.0,Labour,Tony Blair,https://id.parliament.uk/u5DIviww,507,senior,True,contains:chief secretary to the treasury
Stephen,Byers,Commons,Secretary of State for Trade,1998-12-23,2001-06-08,898.0,1997-05-01,1474.0,Labour,Tony Blair,https://id.parliament.uk/yj8H4T00,524,senior,True,contains:secretary of state
John,Denham,Commons,Minister of State (Department of Health),1998-12-30,2001-06-07,890.0,1997-05-01,1474.0,Labour,Tony Blair,https://id.parliament.uk/ArKNOGoC,61,ambiguous,False,regex:\bminister of state\b
Samuel,Vestey,Lords,Master of the Horse (HM Household),1999-01-01,2007-06-28,3100.0,1997-05-01,1474.0,Other,Tony Blair,https://id.parliament.uk/GHE59d1k,1810,ambiguous,False,default
Stephen,Timms,Commons,Minister of State (Department of Social Security),1999-01-01,1999-07-29,209.0,1997-05-01,1474.0,Labour,Tony Blair,https://id.parliament.uk/R62qdyhF,163,ambiguous,False,regex:\bminister of state\b
Dawn,Primarolo,Commons,Paymaster General (HM Treasury),1999-01-04,2007-06-28,3097.0,1997-05-01,1474.0,Labour,Tony Blair,https://id.parliament.uk/0FqjjgNp,217,ambiguous,False,regex:\bpaymaster general\b
Barbara,Roche,Commons,Financial Secretary (HM Treasury),1999-01-04,1999-07-28,205.0,1997-05-01,1474.0,Labour,Tony Blair,https://id.parliament.uk/jnUWMrjI,182,ambiguous,False,regex:\bfinancial secretary\b
Michael,Wills,Commons,Parliamentary Under-Secretary (Department of Trade and Industry),1999-01-04,1999-07-29,206.0,1997-05-01,1474.0,Labour,Tony Blair,https://id.parliament.uk/jYKj6YW3,260,non_senior,False,regex:\bparliamentary under-?secretary\b
Hugh,Bayley,Commons,Parliamentary Under-Secretary (Department of Social Security),1999-01-04,2001-06-07,885.0,1997-05-01,1474.0,Labour,Tony Blair,https://id.parliament.uk/KPWDROVK,385,non_senior,False,regex:\bparliamentary under-?secretary\b
Geoffrey,Hoon,Commons,Minister of State (Foreign and Commonwealth Office),1999-05-17,1999-10-11,147.0,1997-05-01,1474.0,Labour,Tony Blair,https://id.parliament.uk/yHpMxMCv,357,ambiguous,False,regex:\bminister of state\b
John,Reid,Commons,Secretary of State for Scotland,1999-05-17,2001-01-25,619.0,1997-05-01,1474.0,Labour,Tony Blair,https://id.parliament.uk/tlYrORH3,617,senior,True,contains:secretary of state
Keith,Vaz,Commons,Parliamentary Under-Secretary (Lord Chancellor's Department),1999-05-17,1999-07-28,72.0,1997-05-01,1474.0,Labour,Tony Blair,https://id.parliament.uk/yeKQbOzP,338,senior,True,contains:lord chancellor
Helen,Liddell,Commons,"Minister of State (Department for Environment, Transport and the Regions)",1999-05-17,1999-07-29,73.0,1997-05-01,1474.0,Labour,Tony Blair,https://id.parliament.uk/gwlwCkOA,573,ambiguous,False,regex:\bminister of state\b
Lynda,Clark,Commons,Advocate General for Scotland (Scotland Office),1999-06-12,2006-05-05,2519.0,1997-05-01,1474.0,Labour,Tony Blair,https://id.parliament.uk/5qp4OGtk,599,ambiguous,False,default
Lynda,Clark,Lords,Advocate General for Scotland (Scotland Office),1999-06-12,2006-05-05,2519.0,1997-05-01,1474.0,,Tony Blair,https://id.parliament.uk/5qp4OGtk,599,ambiguous,False,default
Malcolm,Wicks,Commons,Parliamentary Under-Secretary (Department for Education and Employment),1999-07-29,2001-06-10,682.0,1997-05-01,1474.0,Labour,Tony Blair,https://id.parliament.uk/VXjH5FEb,156,non_senior,False,regex:\bparliamentary under-?secretary\b
Christopher,Mullin,Commons,"Parliamentary Under-Secretary (Department for Environment, Transport and the Regions)",1999-07-29,2001-01-25,546.0,1997-05-01,1474.0,Labour,Tony Blair,https://id.parliament.uk/Ow3Z1dEO,527,non_senior,False,regex:\bparliamentary under-?secretary\b
George,Howarth,Commons,Parliamentary Under-Secretary (Northern Ireland Office),1999-07-29,2001-06-07,679.0,1997-05-01,1474.0,Labour,Tony Blair,https://id.parliament.uk/IuAC2EF7,481,non_senior,False,regex:\bparliamentary under-?secretary\b
Angus,Macdonald,Lords,"Minister of State (Department for Environment, Transport and the Regions)",1999-07-29,2001-06-09,681.0,1997-05-01,1474.0,Labour,Tony Blair,https://id.parliament.uk/cJ2AtL49,1880,ambiguous,False,regex:\bminister of state\b
Peter,Kilfoyle,Commons,Parliamentary Under-Secretary (Ministry of Defence),1999-07-29,2000-01-30,185.0,1997-05-01,1474.0,Labour,Tony Blair,https://id.parliament.uk/0xZTyin0,485,non_senior,False,regex:\bparliamentary under-?secretary\b
Michael,Wills,Commons,Parliamentary Under-Secretary (Department for Education and Employment),1999-07-29,2001-06-10,682.0,1997-05-01,1474.0,Labour,Tony Blair,https://id.parliament.uk/jYKj6YW3,260,non_senior,False,regex:\bparliamentary under-?secretary\b
John,Battle,Commons,Minister of State (Foreign and Commonwealth Office),1999-07-29,2001-06-07,679.0,1997-05-01,1474.0,Labour,Tony Blair,https://id.parliament.uk/t3h7I9D4,417,ambiguous,False,regex:\bminister of state\b
Melanie,Johnson,Commons,Economic Secretary (HM Treasury),1999-07-29,2001-06-07,679.0,1997-05-01,1474.0,Labour,Tony Blair,https://id.parliament.uk/gA0AYxrU,74,ambiguous,False,regex:\beconomic secretary\b
Paul,Murphy,Commons,Secretary of State for Wales,1999-07-29,2002-10-24,1183.0,1997-05-01,1474.0,Labour,Tony Blair,https://id.parliament.uk/J63bWC5i,546,senior,True,contains:secretary of state
Catharine,Hoey,Commons,Parliamentary Under-Secretary (Department of National Heritage) (Sport),1999-07-29,2001-06-07,679.0,1997-05-01,1474.0,Labour,Tony Blair,https://id.parliament.uk/1AeEPhYf,210,non_senior,False,regex:\bparliamentary under-?secretary\b
Jeffrey,Rooker,Commons,Minister of State (Department of Social Security),1999-07-29,2001-06-07,679.0,1997-05-01,1474.0,Labour,Tony Blair,https://id.parliament.uk/wjDiGH73,302,ambiguous,False,regex:\bminister of state\b
Alan,Johnson,Commons,Parliamentary Under-Secretary (Department of Trade and Industry),1999-07-29,2001-06-07,679.0,1997-05-01,1474.0,Labour,Tony Blair,https://id.parliament.uk/dtaMwBoC,376,non_senior,False,regex:\bparliamentary under-?secretary\b
Joyce,Quin,Commons,"Minister of State (Ministry of Agriculture, Fisheries and Food)",1999-07-29,2001-06-07,679.0,1997-05-01,1474.0,Labour,Tony Blair,https://id.parliament.uk/DVdkkcZ9,518,ambiguous,False,regex:\bminister of state\b
Ian,McCartney,Commons,Minister of State (Cabinet Office),1999-07-29,2001-06-07,679.0,1997-05-01,1474.0,Labour,Tony Blair,https://id.parliament.uk/btMGCWJR,448,ambiguous,False,regex:\bminister of state\b
Helen,Liddell,Commons,Minister of State (Energy and Competitiveness in Europe),1999-07-29,2001-01-24,545.0,1997-05-01,1474.0,Labour,Tony Blair,https://id.parliament.uk/gwlwCkOA,573,ambiguous,False,regex:\bminister of state\b
Peter,Hain,Commons,Minister of State (Foreign and Commonwealth Office),1999-07-29,2000-01-24,179.0,1997-05-01,1474.0,Labour,Tony Blair,https://id.parliament.uk/2jVmwnh9,567,ambiguous,False,regex:\bminister of state\b
Stephen,Timms,Commons,Financial Secretary (HM Treasury),1999-07-29,2001-06-07,679.0,1997-05-01,1474.0,Labour,Tony Blair,https://id.parliament.uk/R62qdyhF,163,ambiguous,False,regex:\bfinancial secretary\b
Brian,Wilson,Commons,Minister of State (Scottish Office),1999-07-29,2001-01-24,545.0,1997-05-01,1474.0,Labour,Tony Blair,https://id.parliament.uk/hzmg4VhO,585,ambiguous,False,regex:\bminister of state\b
Richard,Caborn,Commons,Minister of State (Department of Trade and Industry),1999-07-29,2001-06-07,679.0,1997-05-01,1474.0,Labour,Tony Blair,https://id.parliament.uk/pSPV5So0,396,ambiguous,False,regex:\bminister of state\b
Jacqui,Smith,Commons,Parliamentary Under-Secretary (Department for Education and Employment),1999-07-29,2001-06-10,682.0,1997-05-01,1474.0,Labour,Tony Blair,https://id.parliament.uk/w2LmQRJM,269,non_senior,False,regex:\bparliamentary under-?secretary\b
Patricia,Hewitt,Commons,Minister of State (Small Business),1999-07-29,2001-06-08,680.0,1997-05-01,1474.0,Labour,Tony Blair,https://id.parliament.uk/tU20NZhl,340,ambiguous,False,regex:\bminister of state\b
John,Spellar,Commons,Minister of State (Ministry of Defence),1999-07-29,2001-06-08,680.0,1997-05-01,1474.0,Labour,Tony Blair,https://id.parliament.uk/OyBH9ISZ,318,ambiguous,False,regex:\bminister of state\b
David,Lock,Commons,Parliamentary Secretary (Lord Chancellor's Department),1999-07-29,2001-06-07,679.0,1997-05-01,1474.0,Labour,Tony Blair,https://id.parliament.uk/s6HybihQ,272,senior,True,contains:lord chancellor
Trevor,Hill,Commons,"Parliamentary Under-Secretary (Department for Environment, Transport and the Regions)",1999-07-29,2001-06-07,679.0,1997-05-01,1474.0,Labour,Tony Blair,https://id.parliament.uk/99RyKEEU,203,non_senior,False,regex:\bparliamentary under-?secretary\b
Wyvill,Raynsford,Commons,"Minister of State (Department for Environment, Transport and the Regions) (The Regions)",1999-07-29,2001-06-07,679.0,1997-05-01,1474.0,Labour,Tony Blair,https://id.parliament.uk/ccaOImtQ,171,ambiguous,False,regex:\bminister of state\b
Helene,Hayman,Lords,"Minister of State (Ministry of Agriculture, Fisheries and Food)",1999-07-29,2001-06-09,681.0,1997-05-01,1474.0,Labour,Tony Blair,https://id.parliament.uk/lLUVa9gw,1649,ambiguous,False,regex:\bminister of state\b
David,Hanson,Commons,Parliamentary Under-Secretary (Wales Office),1999-07-29,2001-06-07,679.0,1997-05-01,1474.0,Labour,Tony Blair,https://id.parliament.uk/RBI4vae5,533,non_senior,False,regex:\bparliamentary under-?secretary\b
Beverley,Hughes,Commons,"Parliamentary Under-Secretary (Department for Environment, Transport and the Regions)",1999-07-29,2001-06-07,679.0,1997-05-01,1474.0,Labour,Tony Blair,https://id.parliament.uk/QIwykLVU,459,non_senior,False,regex:\bparliamentary under-?secretary\b
Barbara,Roche,Commons,Minister of State (Home Office),1999-07-29,2001-06-07,679.0,1997-05-01,1474.0,Labour,Tony Blair,https://id.parliament.uk/jnUWMrjI,182,ambiguous,False,regex:\bminister of state\b
Gisela,Stuart,Commons,Parliamentary Under-Secretary (Department of Health),1999-07-29,2001-06-07,679.0,1997-05-01,1474.0,Labour,Tony Blair,https://id.parliament.uk/hjnjjsbL,296,non_senior,False,regex:\bparliamentary under-?secretary\b
Charles,Clarke,Commons,Minister of State (Home Office),1999-07-29,2001-06-08,680.0,1997-05-01,1474.0,Labour,Tony Blair,https://id.parliament.uk/XG4JgwTL,130,ambiguous,False,regex:\bminister of state\b
Gerard,Sutcliffe,Commons,Assistant Whip (HM Treasury),1999-07-29,2001-06-07,679.0,1997-05-01,1474.0,Labour,Tony Blair,https://id.parliament.uk/nB1wXXwJ,403,non_senior,False,regex:\bassistant whip\b
Jane,Kennedy,Commons,Parliamentary Secretary (Lord Chancellor's Department),1999-10-11,2001-06-07,605.0,1997-05-01,1474.0,Labour,Tony Blair,https://id.parliament.uk/f5YiNuqP,486,senior,True,contains:lord chancellor
John,Hutton,Commons,Minister of State (Department of Health) (Health),1999-10-11,2005-05-06,2034.0,1997-05-01,1474.0,Labour,Tony Blair,https://id.parliament.uk/R4VIOLKR,494,ambiguous,False,regex:\bminister of state\b
Keith,Vaz,Commons,Minister of State (Foreign and Commonwealth Office),1999-10-11,2001-06-07,605.0,1997-05-01,1474.0,Labour,Tony Blair,https://id.parliament.uk/yeKQbOzP,338,ambiguous,False,regex:\bminister of state\b
Marjorie,Mowlam,Commons,Chancellor of the Duchy of Lancaster,1999-10-11,2001-06-07,605.0,1997-05-01,1474.0,Labour,Tony Blair,https://id.parliament.uk/EJfPXSYu,503,senior,True,contains:chancellor of the duchy of lancaster
Tessa,Jowell,Commons,Minister of State (Department for Work and Pensions),1999-10-11,2001-06-08,606.0,1997-05-01,1474.0,Labour,Tony Blair,https://id.parliament.uk/1JWIKvq4,159,ambiguous,False,regex:\bminister of state\b
Alan,Milburn,Commons,Secretary of State for Health,1999-10-11,2003-06-12,1340.0,1997-05-01,1474.0,Labour,Tony Blair,https://id.parliament.uk/u5DIviww,507,senior,True,contains:secretary of state
Tessa,Jowell,Commons,Minister of State (Department for Education and Employment) (New Deal and for Women),1999-10-11,2001-06-08,606.0,1997-05-01,1474.0,Labour,Tony Blair,https://id.parliament.uk/1JWIKvq4,159,ambiguous,False,regex:\bminister of state\b
Geoffrey,Hoon,Commons,Secretary of State for Defence,1999-10-11,2005-05-06,2034.0,1997-05-01,1474.0,Labour,Tony Blair,https://id.parliament.uk/yHpMxMCv,357,senior,True,contains:secretary of state
Yvette,Cooper,Commons,Parliamentary Under-Secretary (Department of Health),1999-10-11,2002-05-28,960.0,1997-05-01,1474.0,Labour,Tony Blair,https://id.parliament.uk/WIjC8hXZ,420,non_senior,False,regex:\bparliamentary under-?secretary\b
Andrew,Smith,Commons,Chief Secretary to the Treasury,1999-10-11,2002-05-29,961.0,1997-05-01,1474.0,Labour,Tony Blair,https://id.parliament.uk/ApfLHFmq,95,senior,True,contains:chief secretary to the treasury
Peter,Mandelson,Commons,Secretary of State for Northern Ireland,1999-10-11,2001-01-24,471.0,1997-05-01,1474.0,Labour,Tony Blair,https://id.parliament.uk/i8eCbE1j,500,senior,True,contains:secretary of state
Anthony,McNulty,Commons,Assistant Whip (HM Treasury),1999-10-18,2001-05-28,588.0,1997-05-01,1474.0,Labour,Tony Blair,https://id.parliament.uk/monhxmKY,176,non_senior,False,regex:\bassistant whip\b
Graham,Stringer,Commons,Parliamentary Secretary (Cabinet Office),1999-11-09,2001-06-07,576.0,1997-05-01,1474.0,Labour,Tony Blair,https://id.parliament.uk/F1j99htq,449,non_senior,False,regex:\bparliamentary secretary\b
James,Touhig,Commons,Assistant Whip (HM Treasury),1999-11-17,2001-06-07,568.0,1997-05-01,1474.0,Labour,Tony Blair,https://id.parliament.uk/WqmYyOh3,542,non_senior,False,regex:\bassistant whip\b
Gregory,Pope,Commons,Lord Commissioner (HM Treasury) (Whip),1999-11-18,2001-06-07,567.0,1997-05-01,1474.0,Labour,Tony Blair,https://id.parliament.uk/tpVRG55F,469,non_senior,False,regex:\bwhip\b
Simon,Tipping,Commons,Parliamentary Secretary (Privy Council Office),1999-12-16,2001-06-07,539.0,1997-05-01,1474.0,Labour,Tony Blair,https://id.parliament.uk/Co11vGvD,367,non_senior,False,regex:\bparliamentary secretary\b
Lewis,Moonie,Commons,Parliamentary Under-Secretary (Ministry of Defence) (Veterans),2000-01-29,2003-06-12,1230.0,1997-05-01,1474.0,Labour,Tony Blair,https://id.parliament.uk/k8QXTktq,621,non_senior,False,regex:\bparliamentary under-?secretary\b
Bryan,Davies,Lords,Lords in Waiting (Whips),2000-07-01,2003-06-13,1077.0,1997-05-01,1474.0,Labour,Tony Blair,https://id.parliament.uk/mA0w6C2f,987,ambiguous,False,default
Richard,Luce,Lords,Lord Chamberlain (HM Household),2000-10-01,2006-10-11,2201.0,1997-05-01,1474.0,,Tony Blair,https://id.parliament.uk/53Ye2Prw,908,ambiguous,False,default
Ruth,Kelly,Commons,Economic Secretary (HM Treasury),2001-01-01,2002-01-01,365.0,1997-05-01,1474.0,Labour,Tony Blair,https://id.parliament.uk/GrGkIxzE,439,ambiguous,False,regex:\beconomic secretary\b
George,Foulkes,Commons,Minister of State (Scotland Office),2001-01-25,2002-05-28,488.0,1997-05-01,1474.0,Labour,Tony Blair,https://id.parliament.uk/qMbPK6Yo,579,ambiguous,False,regex:\bminister of state\b
Helen,Liddell,Commons,Secretary of State for Scotland,2001-01-25,2003-06-12,868.0,1997-05-01,1474.0,Labour,Tony Blair,https://id.parliament.uk/gwlwCkOA,573,senior,True,contains:secretary of state
Brian,Wilson,Commons,Minister of State (Foreign and Commonwealth Office),2001-01-25,2001-06-07,133.0,1997-05-01,1474.0,Labour,Tony Blair,https://id.parliament.uk/hzmg4VhO,585,ambiguous,False,regex:\bminister of state\b
John,Reid,Commons,Secretary of State for Northern Ireland,2001-01-25,2002-10-24,637.0,1997-05-01,1474.0,Labour,Tony Blair,https://id.parliament.uk/tlYrORH3,617,senior,True,contains:secretary of state
Robert,Ainsworth,Commons,"Parliamentary Under-Secretary (Department for Environment, Transport and the Regions)",2001-01-25,2001-06-07,133.0,1997-05-01,1474.0,Labour,Tony Blair,https://id.parliament.uk/hEQM2SPd,306,non_senior,False,regex:\bparliamentary under-?secretary\b
Peter,Hain,Commons,Minister of State (Energy and Competitiveness in Europe),2001-01-25,2001-06-07,133.0,1997-05-01,1474.0,Labour,Tony Blair,https://id.parliament.uk/2jVmwnh9,567,ambiguous,False,regex:\bminister of state\b
Christopher,Mullin,Commons,Parliamentary Under-Secretary (Department for International Development),2001-01-26,2001-06-07,132.0,1997-05-01,1474.0,Labour,Tony Blair,https://id.parliament.uk/Ow3Z1dEO,527,non_senior,False,regex:\bparliamentary under-?secretary\b
Ian,Pearson,Commons,Assistant Whip (HM Treasury),2001-02-02,2002-05-28,480.0,1997-05-01,1474.0,Labour,Tony Blair,https://id.parliament.uk/9WGxxQ6e,310,non_senior,False,regex:\bassistant whip\b
David,Clelland,Commons,Lord Commissioner (HM Treasury) (Whip),2001-02-02,2001-07-06,154.0,1997-05-01,1474.0,Labour,Tony Blair,https://id.parliament.uk/rWU1c9P7,528,non_senior,False,regex:\bwhip\b
Gareth,Williams,Lords,Lord Privy Seal and Leader of the House of Lords,2001-06-07,2003-06-13,736.0,2001-06-07,1404.0,Labour,Tony Blair,https://id.parliament.uk/FIDiZ0Hp,1751,senior,True,contains:lord privy seal
John,Bassam,Lords,Lords in Waiting (HM Household),2001-06-07,2008-10-05,2677.0,2001-06-07,1404.0,Labour,Tony Blair,https://id.parliament.uk/AH5kfxwD,3504,ambiguous,False,default
Margaret,Beckett,Commons,"Secretary of State for Environment, Food and Rural Affairs",2001-06-08,2006-05-05,1792.0,2001-06-07,1404.0,Labour,Tony Blair,https://id.parliament.uk/1L8qop3w,328,senior,True,contains:secretary of state
Nicholas,Brown,Commons,Minister (Department for Work and Pensions) (Work),2001-06-08,2003-06-13,735.0,2001-06-07,1404.0,Labour,Tony Blair,https://id.parliament.uk/s4JIJptz,523,ambiguous,False,default
Patricia,Hewitt,Commons,Secretary of State for Trade and Industry and Minister for Women and e-Minister in Cabinet,2001-06-08,2005-05-06,1428.0,2001-06-07,1404.0,Labour,Tony Blair,https://id.parliament.uk/tU20NZhl,340,senior,True,contains:secretary of state
John,Straw,Commons,Foreign Secretary,2001-06-08,2006-05-05,1792.0,2001-06-07,1404.0,Labour,Tony Blair,https://id.parliament.uk/191FW2uo,463,ambiguous,False,default
Alistair,Darling,Commons,Secretary of State for Work and Pensions,2001-06-08,2002-05-29,355.0,2001-06-07,1404.0,Labour,Tony Blair,https://id.parliament.uk/t2ppPOcs,596,senior,True,contains:secretary of state
John,Prescott,Commons,Deputy Prime Minister and First Secretary of State,2001-06-08,2002-05-28,354.0,2001-06-07,1404.0,Labour,Tony Blair,https://id.parliament.uk/YIlbg1p1,374,senior,True,contains:prime minister
Estelle,Morris,Commons,Secretary of State for Education and Skills,2001-06-08,2002-10-24,503.0,2001-06-07,1404.0,Labour,Tony Blair,https://id.parliament.uk/3UZQn6bw,305,senior,True,contains:secretary of state
Tessa,Jowell,Commons,"Secretary of State for Culture, Media and Sport",2001-06-08,2007-06-28,2211.0,2001-06-07,1404.0,Labour,Tony Blair,https://id.parliament.uk/1JWIKvq4,159,senior,True,contains:secretary of state
Elizabeth,Symons,Lords,Deputy Leader of the House of Lords,2001-06-08,2005-05-30,1452.0,2001-06-07,1404.0,Labour,Tony Blair,https://id.parliament.uk/8UhYj6iQ,2233,senior,True,contains:leader of the house of lords
Elizabeth,Symons,Lords,Minister for Trade and Investment and Deputy Leader of the House of Lords (also Department of Trade and Industry),2001-06-08,2003-06-13,735.0,2001-06-07,1404.0,Labour,Tony Blair,https://id.parliament.uk/8UhYj6iQ,2233,senior,True,contains:leader of the house of lords
Hilary,Armstrong,Commons,Parliamentary Secretary to the Treasury (Chief Whip),2001-06-08,2006-05-05,1792.0,2001-06-07,1404.0,Labour,Tony Blair,https://id.parliament.uk/2N2rM0o6,4150,non_senior,False,regex:\bparliamentary secretary\b
Elizabeth,Symons,Lords,Minister of State (Trade and Investment) Deputy Leader of the House of Lords (also FCO),2001-06-08,2003-06-06,728.0,2001-06-07,1404.0,Labour,Tony Blair,https://id.parliament.uk/8UhYj6iQ,2233,senior,True,contains:leader of the house of lords
Stephen,Byers,Commons,"Secretary of State for Transport, Local Government and Regions",2001-06-08,2002-05-28,354.0,2001-06-07,1404.0,Labour,Tony Blair,https://id.parliament.uk/yj8H4T00,524,senior,True,contains:secretary of state
Charles,Falconer,Lords,"Minister of State (Department of Transport, Local Government and Regions) (Housing & Planning)",2001-06-08,2002-05-28,354.0,2001-06-07,1404.0,Labour,Tony Blair,https://id.parliament.uk/8rhWhDwJ,2758,ambiguous,False,regex:\bminister of state\b
Robert,Cook,Commons,Lord President of the Council and Leader of the House of Commons (Privy Council Office),2001-06-08,2003-03-17,647.0,2001-06-07,1404.0,Labour,Tony Blair,https://id.parliament.uk/jJbdrvhw,623,senior,True,contains:lord president of the council
David,Blunkett,Commons,Home Secretary,2001-06-08,2004-12-15,1286.0,2001-06-07,1404.0,Labour,Tony Blair,https://id.parliament.uk/s5O7ndZv,395,ambiguous,False,default
Charles,Clarke,Commons,Minister without Portfolio,2001-06-08,2002-10-24,503.0,2001-06-07,1404.0,Labour,Tony Blair,https://id.parliament.uk/XG4JgwTL,130,senior,True,contains:minister without portfolio
John,Spellar,Commons,"Minister of State (Department of Transport, Local Government and Regions) (Transport)",2001-06-08,2002-05-29,355.0,2001-06-07,1404.0,Labour,Tony Blair,https://id.parliament.uk/OyBH9ISZ,318,ambiguous,False,regex:\bminister of state\b
Jane,Kennedy,Commons,Minister of State (Northern Ireland Office),2001-06-09,2004-04-01,1027.0,2001-06-07,1404.0,Labour,Tony Blair,https://id.parliament.uk/f5YiNuqP,486,ambiguous,False,regex:\bminister of state\b
Desmond,Browne,Commons,Parliamentary Secretary (Northern Ireland Office),2001-06-11,2003-06-13,732.0,2001-06-07,1404.0,Labour,Tony Blair,https://id.parliament.uk/OhBFKZen,620,non_senior,False,regex:\bparliamentary secretary\b
Stephen,Twigg,Commons,Parliamentary Secretary (Privy Council Office),2001-06-11,2002-05-30,353.0,2001-06-07,1404.0,Labour,Tony Blair,https://id.parliament.uk/owb2brV2,167,non_senior,False,regex:\bparliamentary secretary\b
Elliot,Morley,Commons,"Parliamentary Under-Secretary (Department for Environment, Food and Rural Affairs)",2001-06-11,2003-06-13,732.0,2001-06-07,1404.0,Labour,Tony Blair,https://id.parliament.uk/aqnjvFqc,377,non_senior,False,regex:\bparliamentary under-?secretary\b
Jacqui,Smith,Commons,Minister of State (Department of Health),2001-06-11,2003-06-13,732.0,2001-06-07,1404.0,Labour,Tony Blair,https://id.parliament.uk/w2LmQRJM,269,ambiguous,False,regex:\bminister of state\b
Angela,Eagle,Commons,Parliamentary Secretary (Home office),2001-06-11,2002-05-28,351.0,2001-06-07,1404.0,Labour,Tony Blair,https://id.parliament.uk/saLBlZIO,491,non_senior,False,regex:\bparliamentary secretary\b
Hazel,Blears,Commons,Parliamentary Under-Secretary (Department of Health),2001-06-11,2003-06-13,732.0,2001-06-07,1404.0,Labour,Tony Blair,https://id.parliament.uk/FHckXpZX,456,non_senior,False,regex:\bparliamentary under-?secretary\b
Alan,Whitehead,Commons,"Parliamentary Under-Secretary (Department of Transport, Local Government and Regions)",2001-06-11,2002-05-28,351.0,2001-06-07,1404.0,Labour,Tony Blair,https://id.parliament.uk/WQfVXkMX,62,non_senior,False,regex:\bparliamentary under-?secretary\b
Rosie,Winterton,Commons,Parliamentary Secretary (Lord Chancellor's Department),2001-06-11,2003-06-13,732.0,2001-06-07,1404.0,Labour,Tony Blair,https://id.parliament.uk/C9I7sOdf,390,senior,True,contains:lord chancellor
Sally,Keeble,Commons,"Parliamentary Under-Secretary (Department of Transport, Local Government and Regions)",2001-06-11,2002-05-28,351.0,2001-06-07,1404.0,Labour,Tony Blair,https://id.parliament.uk/qNXRWDo0,354,non_senior,False,regex:\bparliamentary under-?secretary\b
Robert,Ainsworth,Commons,Parliamentary Under-Secretary (Home Office),2001-06-11,2003-06-13,732.0,2001-06-07,1404.0,Labour,Tony Blair,https://id.parliament.uk/hEQM2SPd,306,non_senior,False,regex:\bparliamentary under-?secretary\b
Brian,Wilson,Commons,Minister of State (Energy and Construction),2001-06-11,2003-06-13,732.0,2001-06-07,1404.0,Labour,Tony Blair,https://id.parliament.uk/hzmg4VhO,585,ambiguous,False,regex:\bminister of state\b
Hilary,Benn,Commons,Parliamentary Under-Secretary (Department for International Development),2001-06-11,2002-05-28,351.0,2001-06-07,1404.0,Labour,Tony Blair,https://id.parliament.uk/rbKJTCFu,413,non_senior,False,regex:\bparliamentary under-?secretary\b
Gerard,Sutcliffe,Commons,"Vice Chamberlain (HM Household) (Whip, House of Commons)",2001-06-11,2003-06-13,732.0,2001-06-07,1404.0,Labour,Tony Blair,https://id.parliament.uk/nB1wXXwJ,403,non_senior,False,regex:\bwhip\b
Maria,Eagle,Commons,Parliamentary Under-Secretary (Department for Work and Pensions),2001-06-11,2005-05-10,1429.0,2001-06-07,1404.0,Labour,Tony Blair,https://id.parliament.uk/wr5FZYiJ,483,non_senior,False,regex:\bparliamentary under-?secretary\b
Michael,Meacher,Commons,"Minister (Department for Environment, Food and Rural Affairs) (Environment)",2001-06-11,2003-06-13,732.0,2001-06-07,1404.0,Labour,Tony Blair,https://id.parliament.uk/FdP6u6Vf,454,ambiguous,False,default
Malcolm,Wicks,Commons,Parliamentary Under-Secretary (Department for Work and Pensions),2001-06-11,2003-06-13,732.0,2001-06-07,1404.0,Labour,Tony Blair,https://id.parliament.uk/VXjH5FEb,156,non_senior,False,regex:\bparliamentary under-?secretary\b
Tessa,Blackstone,Lords,"Minister of State (Department for Culture, Media and Sport) (Arts)",2001-06-11,2003-06-13,732.0,2001-06-07,1404.0,Labour,Tony Blair,https://id.parliament.uk/A4jX029i,3561,ambiguous,False,regex:\bminister of state\b
Stephen,Timms,Commons,Minister of State (Education and Skills) (Schools),2001-06-11,2002-05-28,351.0,2001-06-07,1404.0,Labour,Tony Blair,https://id.parliament.uk/R62qdyhF,163,ambiguous,False,regex:\bminister of state\b
Paul,Boateng,Commons,Financial Secretary (HM Treasury),2001-06-11,2002-05-29,352.0,2001-06-07,1404.0,Labour,Tony Blair,https://id.parliament.uk/5dhjtEId,147,ambiguous,False,regex:\bfinancial secretary\b
Adam,Ingram,Commons,Minister of State (Ministry of Defence),2001-06-11,2007-06-28,2208.0,2001-06-07,1404.0,Labour,Tony Blair,https://id.parliament.uk/vBabRjvC,593,ambiguous,False,regex:\bminister of state\b
John,Healey,Commons,Parliamentary Under-Secretary (Department for Education and Skills),2001-06-11,2002-05-30,353.0,2001-06-07,1404.0,Labour,Tony Blair,https://id.parliament.uk/9VjJ9Mfg,400,non_senior,False,regex:\bparliamentary under-?secretary\b
Ivan,Lewis,Commons,Parliamentary Under-Secretary (Department for Education and Skills) (Skills and Vocational Education),2001-06-11,2005-05-10,1429.0,2001-06-07,1404.0,Labour,Tony Blair,https://id.parliament.uk/YC7Iv4FO,441,non_senior,False,regex:\bparliamentary under-?secretary\b
Harriet,Harman,Commons,Solicitor General (Law Officers),2001-06-11,2005-05-10,1429.0,2001-06-07,1404.0,Labour,Tony Blair,https://id.parliament.uk/Jhxlo2zC,150,ambiguous,False,regex:\bsolicitor general\b
Beverley,Hughes,Commons,Parliamentary Under-Secretary (Home Office),2001-06-11,2002-05-28,351.0,2001-06-07,1404.0,Labour,Tony Blair,https://id.parliament.uk/QIwykLVU,459,non_senior,False,regex:\bparliamentary under-?secretary\b
Alun,Michael,Commons,"Minister of State (Department for Environment, Food and Rural Affairs) (Rural Affairs)",2001-06-11,2005-05-10,1429.0,2001-06-07,1404.0,Labour,Tony Blair,https://id.parliament.uk/kxDTSMAG,562,ambiguous,False,regex:\bminister of state\b
Bruce,Grocott,Lords,Lord in Waiting (Whip),2001-06-11,2002-05-29,352.0,2001-06-07,1404.0,,Tony Blair,https://id.parliament.uk/PqWPxr2R,276,non_senior,False,regex:\bwhip\b
Wyvill,Raynsford,Commons,"Minister of State (Department of Transport, Local Government and Regions) (Local Government)",2001-06-11,2002-05-28,351.0,2001-06-07,1404.0,Labour,Tony Blair,https://id.parliament.uk/ccaOImtQ,171,ambiguous,False,regex:\bminister of state\b
Richard,Caborn,Commons,"Minister of State (Department for Culture, Media and Sport) (Sport)",2001-06-11,2007-06-28,2208.0,2001-06-07,1404.0,Labour,Tony Blair,https://id.parliament.uk/pSPV5So0,396,ambiguous,False,regex:\bminister of state\b
Keith,Bradley,Commons,Minister of State (Home Office) (Prisons),2001-06-11,2002-05-28,351.0,2001-06-07,1404.0,Labour,Tony Blair,https://id.parliament.uk/Amvygc1x,452,ambiguous,False,regex:\bminister of state\b
Benjamin,Bradshaw,Commons,Parliamentary Under-Secretary (Foreign and Commonwealth Office),2001-06-11,2002-05-28,351.0,2001-06-07,1404.0,Labour,Tony Blair,https://id.parliament.uk/ZyIYdZQ4,230,non_senior,False,regex:\bparliamentary under-?secretary\b
Denis,MacShane,Commons,Parliamentary Under-Secretary (Foreign and Commonwealth Office),2001-06-11,2002-10-28,504.0,2001-06-07,1404.0,Labour,Tony Blair,https://id.parliament.uk/0nogXxQe,393,non_senior,False,regex:\bparliamentary under-?secretary\b
David,Jamieson,Commons,"Parliamentary Under-Secretary (Department of Transport, Local Government and Regions)",2001-06-11,2002-05-28,351.0,2001-06-07,1404.0,Labour,Tony Blair,https://id.parliament.uk/Kgm4fGPD,232,non_senior,False,regex:\bparliamentary under-?secretary\b
Peter,Hain,Commons,Minister of State (Europe),2001-06-11,2002-10-24,500.0,2001-06-07,1404.0,Labour,Tony Blair,https://id.parliament.uk/2jVmwnh9,567,ambiguous,False,regex:\bminister of state\b
Douglas,Alexander,Commons,Minister of State (e-Commerce & Competitiveness),2001-06-11,2002-05-29,352.0,2001-06-07,1404.0,Labour,Tony Blair,https://id.parliament.uk/PlwVEpAi,632,ambiguous,False,regex:\bminister of state\b
Barbara,Roche,Commons,Minister of State (Cabinet Office) and Deputy Minister for Women,2001-06-11,2002-05-29,352.0,2001-06-07,1404.0,Labour,Tony Blair,https://id.parliament.uk/jnUWMrjI,182,ambiguous,False,regex:\bminister of state\b
Trevor,Hill,Commons,Deputy Chief Whip and Treasurer of HM Household,2001-06-11,2003-06-13,732.0,2001-06-07,1404.0,Labour,Tony Blair,https://id.parliament.uk/99RyKEEU,203,non_senior,False,regex:\bwhip\b
John,Denham,Commons,Minister (Home Office) (Police and Crime Reduction),2001-06-11,2003-03-18,645.0,2001-06-07,1404.0,Labour,Tony Blair,https://id.parliament.uk/ArKNOGoC,61,ambiguous,False,default
Alan,Johnson,Commons,"Minister of State (Employment Relations, Industry & the Regions)",2001-06-11,2003-06-13,732.0,2001-06-07,1404.0,Labour,Tony Blair,https://id.parliament.uk/dtaMwBoC,376,ambiguous,False,regex:\bminister of state\b
Melanie,Johnson,Commons,"Parliamentary Under-Secretary (Trade and Industry) (Competition, Consumers and Markets)",2001-06-11,2003-06-13,732.0,2001-06-07,1404.0,Labour,Tony Blair,https://id.parliament.uk/gA0AYxrU,74,non_senior,False,regex:\bparliamentary under-?secretary\b
Margaret,Hodge,Commons,"Minister of State (Education and Skills) (Lifelong Learning, Further and Higher Education)",2001-06-11,2003-06-13,732.0,2001-06-07,1404.0,Labour,Tony Blair,https://id.parliament.uk/nerwVGrY,140,ambiguous,False,regex:\bminister of state\b
Nigel,Griffiths,Commons,Parliamentary Under-Secretary (Trade and Industry) (Small Business),2001-06-11,2005-05-10,1429.0,2001-06-07,1404.0,Labour,Tony Blair,https://id.parliament.uk/3fidjjmC,600,non_senior,False,regex:\bparliamentary under-?secretary\b
Jeffrey,Rooker,Lords,Minister (Home Office) (Asylum & Immigration),2001-06-11,2002-05-28,351.0,2001-06-07,1404.0,,Tony Blair,https://id.parliament.uk/wjDiGH73,302,ambiguous,False,default
Christopher,Leslie,Commons,Parliamentary Secretary (Cabinet Office),2001-06-11,2002-05-29,352.0,2001-06-07,1404.0,Labour,Tony Blair,https://id.parliament.uk/PujbBzQo,422,non_senior,False,regex:\bparliamentary secretary\b
Ian,McCartney,Commons,Minister of State (Department for Work and Pensions),2001-06-11,2003-04-04,662.0,2001-06-07,1404.0,Labour,Tony Blair,https://id.parliament.uk/btMGCWJR,448,ambiguous,False,regex:\bminister of state\b
James,Touhig,Commons,Parliamentary Under-Secretary (Wales Office),2001-06-11,2005-05-10,1429.0,2001-06-07,1404.0,Labour,Tony Blair,https://id.parliament.uk/WqmYyOh3,542,non_senior,False,regex:\bparliamentary under-?secretary\b
Kim,Howells,Commons,"Parliamentary Under-Secretary (Department for Culture, Media and Sport) (Women and Equalities) (Jointly with the Ministry of Justice)",2001-06-11,2003-06-13,732.0,2001-06-07,1404.0,Labour,Tony Blair,https://id.parliament.uk/0K2JKjxj,556,non_senior,False,regex:\bparliamentary under-?secretary\b
Anne,McGuire,Commons,Lord Commissioner (HM Treasury) (Whip),2001-06-11,2002-05-28,351.0,2001-06-07,1404.0,Labour,Tony Blair,https://id.parliament.uk/wK9hJmCP,636,non_senior,False,regex:\bwhip\b
Nicholas,Ainger,Commons,Lord Commissioner (HM Treasury) (Whip),2001-06-11,2005-05-10,1429.0,2001-06-07,1404.0,Labour,Tony Blair,https://id.parliament.uk/EVD3Ew84,537,non_senior,False,regex:\bwhip\b
Michael,Wills,Commons,Parliamentary Secretary (Lord Chancellor's Department),2001-06-11,2002-05-28,351.0,2001-06-07,1404.0,Labour,Tony Blair,https://id.parliament.uk/jYKj6YW3,260,senior,True,contains:lord chancellor
Valerie,Amos,Lords,Parliamentary Under-Secretary (Foreign and Commonwealth Office),2001-06-12,2003-05-12,699.0,2001-06-07,1404.0,Labour,Tony Blair,https://id.parliament.uk/P2dFekXm,3477,non_senior,False,regex:\bparliamentary under-?secretary\b
Patricia,Hollis,Lords,Parliamentary Under-Secretary (Department for Work and Pensions),2001-06-12,2005-05-10,1428.0,2001-06-07,1404.0,Labour,Tony Blair,https://id.parliament.uk/KwbWzipY,1845,non_senior,False,regex:\bparliamentary under-?secretary\b
Ivor,Caplin,Commons,Assistant Whip (HM Treasury),2001-06-12,2003-06-13,731.0,2001-06-07,1404.0,Labour,Tony Blair,https://id.parliament.uk/JtqXEBFJ,27,non_senior,False,regex:\bassistant whip\b
Patricia,Scotland,Lords,Parliamentary Secretary (Lord Chancellor's Department),2001-06-12,2003-06-13,731.0,2001-06-07,1404.0,Labour,Tony Blair,https://id.parliament.uk/QZPI7xrm,2099,senior,True,contains:lord chancellor
Fraser,Kemp,Commons,Assistant Whip (HM Treasury),2001-06-12,2005-05-10,1428.0,2001-06-07,1404.0,Labour,Tony Blair,https://id.parliament.uk/eTNnTV1M,519,non_senior,False,regex:\bassistant whip\b
John,Heppell,Commons,Lord Commissioner (HM Treasury) (Whip),2001-06-12,2005-05-10,1428.0,2001-06-07,1404.0,Labour,Tony Blair,https://id.parliament.uk/h3DuhZ5g,363,non_senior,False,regex:\bwhip\b
William,Bach,Lords,Parliamentary Under-Secretary (Ministry of Defence) (Procurement),2001-06-12,2005-05-10,1428.0,2001-06-07,1404.0,Labour,Tony Blair,https://id.parliament.uk/tiZCCVWl,3451,non_senior,False,regex:\bparliamentary under-?secretary\b
Angela,Smith,Commons,Assistant Whip (HM Treasury),2001-06-12,2002-06-13,366.0,2001-06-07,1404.0,Labour,Tony Blair,https://id.parliament.uk/6lkJGvGZ,4170,non_senior,False,regex:\bassistant whip\b
Peter,Goldsmith,Lords,Attorney General (Law Officers),2001-06-12,2007-06-28,2207.0,2001-06-07,1404.0,Labour,Tony Blair,https://id.parliament.uk/eX8sG4bS,2490,ambiguous,False,regex:\battorney general\b
Dan,Norris,Commons,Assistant Whip (HM Treasury),2001-06-12,2003-06-13,731.0,2001-06-07,1404.0,Labour,Tony Blair,https://id.parliament.uk/phha8Eap,221,non_senior,False,regex:\bassistant whip\b
Anthony,McNulty,Commons,Lord Commissioner (HM Treasury) (Whip),2001-06-12,2002-05-28,350.0,2001-06-07,1404.0,Labour,Tony Blair,https://id.parliament.uk/monhxmKY,176,non_senior,False,regex:\bwhip\b
John,Whitty,Lords,"Parliamentary Under-Secretary (Department for Environment, Food and Rural Affairs)",2001-06-12,2003-06-13,731.0,2001-06-07,1404.0,Labour,Tony Blair,https://id.parliament.uk/HTFejY4v,2444,non_senior,False,regex:\bparliamentary under-?secretary\b
Catherine,Ashton,Lords,Parliamentary Under-Secretary (Department for Education and Skills) (Early Years and School Standards),2001-06-12,2003-06-12,730.0,2001-06-07,1404.0,Labour,Tony Blair,https://id.parliament.uk/74ks53Cm,2500,non_senior,False,regex:\bparliamentary under-?secretary\b
Graham,Stringer,Commons,Lord Commissioner (HM Treasury) (Whip),2001-06-12,2002-05-29,351.0,2001-06-07,1404.0,Labour,Tony Blair,https://id.parliament.uk/F1j99htq,449,non_senior,False,regex:\bwhip\b
Phillip,Woolas,Commons,Assistant Whip (HM Treasury),2001-06-12,2002-05-28,350.0,2001-06-07,1404.0,Labour,Tony Blair,https://id.parliament.uk/Dv2R6CvU,453,non_senior,False,regex:\bassistant whip\b
James,Fitzpatrick,Commons,Assistant Whip (HM Treasury),2001-06-14,2002-05-28,348.0,2001-06-07,1404.0,Labour,Tony Blair,https://id.parliament.uk/dreRtJBE,197,non_senior,False,regex:\bassistant whip\b
Gillian,Merron,Commons,Assistant Whip (HM Treasury),2002-01-01,2004-10-28,1031.0,2001-06-07,1404.0,Labour,Tony Blair,https://id.parliament.uk/LHQleG2k,347,non_senior,False,regex:\bassistant whip\b
Elizabeth,Andrews,Lords,Baroness in Waiting (HM Household) (Whip),2002-01-01,2005-05-10,1225.0,2001-06-07,1404.0,Labour,Tony Blair,https://id.parliament.uk/IrPeiG0h,2534,non_senior,False,regex:\bwhip\b
Christine,Crawley,Lords,Baroness in Waiting (HM Household) (Whip),2002-01-01,2008-10-05,2469.0,2001-06-07,1404.0,Labour,Tony Blair,https://id.parliament.uk/aJ7Os4SE,3386,non_senior,False,regex:\bwhip\b
Anne,McGuire,Commons,Parliamentary Under-Secretary (Scotland Office),2002-05-28,2003-06-13,381.0,2001-06-07,1404.0,Labour,Tony Blair,https://id.parliament.uk/wK9hJmCP,636,non_senior,False,regex:\bparliamentary under-?secretary\b
Phillip,Woolas,Commons,Lord Commissioner (HM Treasury) (Whip),2002-05-29,2003-06-13,380.0,2001-06-07,1404.0,Labour,Tony Blair,https://id.parliament.uk/Dv2R6CvU,453,non_senior,False,regex:\bwhip\b
David,Jamieson,Commons,Parliamentary Under-Secretary (Department for Transport),2002-05-29,2005-05-05,1072.0,2001-06-07,1404.0,Labour,Tony Blair,https://id.parliament.uk/Kgm4fGPD,232,non_senior,False,regex:\bparliamentary under-?secretary\b
David,Filkin,Lords,Parliamentary Under-Secretary (Home Office),2002-05-29,2003-06-13,380.0,2001-06-07,1404.0,Labour,Tony Blair,https://id.parliament.uk/xDNQYgTm,2491,non_senior,False,regex:\bparliamentary under-?secretary\b
Wyvill,Raynsford,Commons,Minister of State (Office of the Deputy Prime Minister) (Local and Regional Government),2002-05-29,2005-05-10,1077.0,2001-06-07,1404.0,Labour,Tony Blair,https://id.parliament.uk/ccaOImtQ,171,senior,True,contains:prime minister
Alistair,Darling,Commons,Secretary of State for Transport,2002-05-29,2006-05-05,1437.0,2001-06-07,1404.0,Labour,Tony Blair,https://id.parliament.uk/t2ppPOcs,596,senior,True,contains:secretary of state
Anthony,McNulty,Commons,Parliamentary Under-Secretary (Office of the Deputy Prime Minister),2002-05-29,2003-06-13,380.0,2001-06-07,1404.0,Labour,Tony Blair,https://id.parliament.uk/monhxmKY,176,senior,True,contains:prime minister
Jeffrey,Rooker,Lords,Minister (Office of the Deputy Prime Minister) (Housing & Planning),2002-05-29,2003-06-13,380.0,2001-06-07,1404.0,Labour,Tony Blair,https://id.parliament.uk/wjDiGH73,302,senior,True,contains:prime minister
Stephen,Timms,Commons,Minister of State (e-Commerce & Competitiveness),2002-05-29,2004-09-09,834.0,2001-06-07,1404.0,Labour,Tony Blair,https://id.parliament.uk/R62qdyhF,163,ambiguous,False,regex:\bminister of state\b
Paul,Boateng,Commons,Chief Secretary to the Treasury,2002-05-29,2005-05-06,1073.0,2001-06-07,1404.0,Labour,Tony Blair,https://id.parliament.uk/5dhjtEId,147,senior,True,contains:chief secretary to the treasury
John,Prescott,Commons,Deputy Prime Minister and Secretary of State for Local Government and the Regions,2002-05-29,2006-05-05,1437.0,2001-06-07,1404.0,Labour,Tony Blair,https://id.parliament.uk/YIlbg1p1,374,senior,True,contains:prime minister
Charles,Falconer,Lords,Minister of State (Home Office) (Criminal Justice System),2002-05-29,2003-06-12,379.0,2001-06-07,1404.0,Labour,Tony Blair,https://id.parliament.uk/8rhWhDwJ,2758,ambiguous,False,regex:\bminister of state\b
Michael,Wills,Commons,Parliamentary Under-Secretary (Home Office) (Criminal Justice System IT),2002-05-29,2003-07-11,408.0,2001-06-07,1404.0,Labour,Tony Blair,https://id.parliament.uk/jYKj6YW3,260,non_senior,False,regex:\bparliamentary under-?secretary\b
Christopher,Leslie,Commons,Parliamentary Under-Secretary (Office of the Deputy Prime Minister),2002-05-29,2003-06-13,380.0,2001-06-07,1404.0,Labour,Tony Blair,https://id.parliament.uk/PujbBzQo,422,senior,True,contains:prime minister
Beverley,Hughes,Commons,"Minister of State (Home Office) (Citizenship, Immigration and Counter-Terrorism)",2002-05-29,2004-04-01,673.0,2001-06-07,1404.0,Labour,Tony Blair,https://id.parliament.uk/QIwykLVU,459,ambiguous,False,regex:\bminister of state\b
James,Murphy,Commons,Assistant Whip (HM Treasury),2002-05-29,2003-06-13,380.0,2001-06-07,1404.0,Labour,Tony Blair,https://id.parliament.uk/r3w59RHe,595,non_senior,False,regex:\bassistant whip\b
David,Lammy,Commons,Parliamentary Under-Secretary (Department of Health),2002-05-29,2003-06-13,380.0,2001-06-07,1404.0,Labour,Tony Blair,https://id.parliament.uk/xY3sNmne,206,non_senior,False,regex:\bparliamentary under-?secretary\b
Ian,Pearson,Commons,Lord Commissioner (HM Treasury) (Whip),2002-05-29,2003-06-12,379.0,2001-06-07,1404.0,Labour,Tony Blair,https://id.parliament.uk/9WGxxQ6e,310,non_senior,False,regex:\bwhip\b
Joan,Ryan,Commons,Assistant Whip (HM Treasury),2002-05-29,2003-06-13,380.0,2001-06-07,1404.0,Labour,Tony Blair,https://id.parliament.uk/SlLir4sw,166,non_senior,False,regex:\bassistant whip\b
Sally,Keeble,Commons,Parliamentary Under-Secretary (Department for International Development),2002-05-29,2003-06-13,380.0,2001-06-07,1404.0,Labour,Tony Blair,https://id.parliament.uk/qNXRWDo0,354,non_senior,False,regex:\bparliamentary under-?secretary\b
John,Twigg,Commons,Assistant Whip (HM Treasury),2002-05-29,2003-06-13,380.0,2001-06-07,1404.0,Labour,Tony Blair,https://id.parliament.uk/GoNpDBog,429,non_senior,False,regex:\bassistant whip\b
Michael,O'Brien,Commons,Parliamentary Under-Secretary (Foreign and Commonwealth Office),2002-05-29,2003-06-12,379.0,2001-06-07,1404.0,Labour,Tony Blair,https://id.parliament.uk/WsevBmhh,290,non_senior,False,regex:\bparliamentary under-?secretary\b
John,Spellar,Commons,Minister of State (Department for Transport),2002-05-29,2003-06-13,380.0,2001-06-07,1404.0,Labour,Tony Blair,https://id.parliament.uk/OyBH9ISZ,318,ambiguous,False,regex:\bminister of state\b
Benjamin,Bradshaw,Commons,Deputy Leader of the House of Commons,2002-05-29,2003-06-13,380.0,2001-06-07,1404.0,Labour,Tony Blair,https://id.parliament.uk/ZyIYdZQ4,230,senior,True,contains:leader of the house of commons
Yvette,Cooper,Commons,Parliamentary Secretary (Lord Chancellor's Department),2002-05-29,2003-06-13,380.0,2001-06-07,1404.0,Labour,Tony Blair,https://id.parliament.uk/WIjC8hXZ,420,senior,True,contains:lord chancellor
Hilary,Benn,Commons,Parliamentary Under-Secretary (Home Office) (Minister for Prisons and Probation),2002-05-29,2003-05-13,349.0,2001-06-07,1404.0,Labour,Tony Blair,https://id.parliament.uk/rbKJTCFu,413,non_senior,False,regex:\bparliamentary under-?secretary\b
Bruce,Grocott,Lords,"Captain of the Honourable Corps of Gentlemen-at-Arms (HM Household) (Chief Whip, House of Lords)",2002-05-29,2008-01-25,2067.0,2001-06-07,1404.0,Labour,Tony Blair,https://id.parliament.uk/PqWPxr2R,276,non_senior,False,regex:\bwhip\b
Benjamin,Bradshaw,Commons,Parliamentary Secretary (Privy Council Office),2002-05-29,2003-06-13,380.0,2001-06-07,1404.0,Labour,Tony Blair,https://id.parliament.uk/ZyIYdZQ4,230,non_senior,False,regex:\bparliamentary secretary\b
James,Fitzpatrick,Commons,Lord Commissioner (HM Treasury) (Whip),2002-05-29,2003-06-13,380.0,2001-06-07,1404.0,Labour,Tony Blair,https://id.parliament.uk/dreRtJBE,197,non_senior,False,regex:\bwhip\b
Andrew,Smith,Commons,Secretary of State for Work and Pensions,2002-05-29,2004-09-07,832.0,2001-06-07,1404.0,Labour,Tony Blair,https://id.parliament.uk/ApfLHFmq,95,senior,True,contains:secretary of state
Douglas,Alexander,Commons,Minister of State (Cabinet Office),2002-05-30,2003-06-13,379.0,2001-06-07,1404.0,Labour,Tony Blair,https://id.parliament.uk/PlwVEpAi,632,ambiguous,False,regex:\bminister of state\b
Stephen,Twigg,Commons,Parliamentary Under-Secretary (Department for Education and Skills),2002-05-30,2004-12-16,931.0,2001-06-07,1404.0,Labour,Tony Blair,https://id.parliament.uk/owb2brV2,167,non_senior,False,regex:\bparliamentary under-?secretary\b
John,Healey,Commons,Economic Secretary (HM Treasury),2002-05-30,2005-05-10,1076.0,2001-06-07,1404.0,Labour,Tony Blair,https://id.parliament.uk/9VjJ9Mfg,400,ambiguous,False,regex:\beconomic secretary\b
David,Miliband,Commons,Minister of State (Education and Skills) (Schools),2002-05-30,2004-12-15,930.0,2001-06-07,1404.0,Labour,Tony Blair,https://id.parliament.uk/lG5RlZ9z,1452,ambiguous,False,regex:\bminister of state\b
Barbara,Roche,Commons,Minister (Office of the Deputy Prime Minister) (Social Exclusion and Deputy Minister for Women),2002-05-30,2003-06-13,379.0,2001-06-07,1404.0,Labour,Tony Blair,https://id.parliament.uk/jnUWMrjI,182,senior,True,contains:prime minister
Ruth,Kelly,Commons,Financial Secretary (HM Treasury),2002-06-11,2004-09-30,842.0,2001-06-07,1404.0,Labour,Tony Blair,https://id.parliament.uk/GrGkIxzE,439,ambiguous,False,regex:\bfinancial secretary\b
Angela,Smith,Commons,Parliamentary Under-Secretary (Northern Ireland Office),2002-10-14,2006-05-05,1299.0,2001-06-07,1404.0,Labour,Tony Blair,https://id.parliament.uk/6lkJGvGZ,4170,non_senior,False,regex:\bparliamentary under-?secretary\b
William,Rammell,Commons,Assistant Whip (HM Treasury),2002-10-15,2002-10-28,13.0,2001-06-07,1404.0,Labour,Tony Blair,https://id.parliament.uk/zRT6JXFe,37,non_senior,False,regex:\bassistant whip\b
Charlotte,Atkins,Commons,Assistant Whip (HM Treasury),2002-10-15,2005-05-10,938.0,2001-06-07,1404.0,Labour,Tony Blair,https://id.parliament.uk/x3bl61tc,284,non_senior,False,regex:\bassistant whip\b
Ian,Pearson,Commons,Parliamentary Under-Secretary (Northern Ireland Office),2002-10-23,2005-05-10,930.0,2001-06-07,1404.0,Labour,Tony Blair,https://id.parliament.uk/9WGxxQ6e,310,non_senior,False,regex:\bparliamentary under-?secretary\b
Paul,Murphy,Commons,Secretary of State for Northern Ireland,2002-10-24,2005-05-06,925.0,2001-06-07,1404.0,Labour,Tony Blair,https://id.parliament.uk/J63bWC5i,546,senior,True,contains:secretary of state
Charles,Clarke,Commons,Secretary of State for Education and Skills,2002-10-24,2004-12-15,783.0,2001-06-07,1404.0,Labour,Tony Blair,https://id.parliament.uk/XG4JgwTL,130,senior,True,contains:secretary of state
John,Reid,Commons,Minister without Portfolio and Labour Party Chair,2002-10-24,2003-04-04,162.0,2001-06-07,1404.0,Labour,Tony Blair,https://id.parliament.uk/tlYrORH3,617,senior,True,contains:minister without portfolio
Peter,Hain,Commons,Secretary of State for Wales,2002-10-24,2008-01-24,1918.0,2001-06-07,1404.0,Labour,Tony Blair,https://id.parliament.uk/2jVmwnh9,567,senior,True,contains:secretary of state
William,Rammell,Commons,Parliamentary Under-Secretary (Foreign and Commonwealth Office),2002-10-28,2005-05-10,925.0,2001-06-07,1404.0,Labour,Tony Blair,https://id.parliament.uk/zRT6JXFe,37,non_senior,False,regex:\bparliamentary under-?secretary\b
Denis,MacShane,Commons,Minister of State (Europe),2002-10-28,2005-05-10,925.0,2001-06-07,1404.0,Labour,Tony Blair,https://id.parliament.uk/0nogXxQe,393,ambiguous,False,regex:\bminister of state\b
John,Reid,Commons,Lord President of the Council and Leader of the House of Commons (Privy Council Office),2003-04-04,2003-06-12,69.0,2001-06-07,1404.0,Labour,Tony Blair,https://id.parliament.uk/tlYrORH3,617,senior,True,contains:lord president of the council
Ian,McCartney,Commons,Minister (without Portfolio),2003-04-04,2006-05-05,1127.0,2001-06-07,1404.0,Labour,Tony Blair,https://id.parliament.uk/btMGCWJR,448,ambiguous,False,default
Valerie,Amos,Lords,Secretary of State for International Development,2003-05-12,2003-10-06,147.0,2001-06-07,1404.0,Labour,Tony Blair,https://id.parliament.uk/P2dFekXm,3477,senior,True,contains:secretary of state
Hilary,Benn,Commons,Minister of State (Department for International Development),2003-05-13,2003-10-06,146.0,2001-06-07,1404.0,Labour,Tony Blair,https://id.parliament.uk/rbKJTCFu,413,ambiguous,False,regex:\bminister of state\b
Paul,Goggins,Commons,Parliamentary Under-Secretary (Home Office),2003-05-13,2006-05-05,1088.0,2001-06-07,1404.0,Labour,Tony Blair,https://id.parliament.uk/roRiaRp8,462,non_senior,False,regex:\bparliamentary under-?secretary\b
James,Touhig,Commons,Parliamentary Under-Secretary (Department for Constitutional Affairs) (also in Wales Office),2003-06-12,2005-05-10,698.0,2001-06-07,1404.0,Labour,Tony Blair,https://id.parliament.uk/WqmYyOh3,542,non_senior,False,regex:\bparliamentary under-?secretary\b
Michael,O'Brien,Commons,Minister of State (Department of Trade and Industry) (Trade) (also Foreign and Commonwealth Office),2003-06-12,2005-05-05,693.0,2001-06-07,1404.0,Labour,Tony Blair,https://id.parliament.uk/WsevBmhh,290,ambiguous,False,regex:\bminister of state\b
Peter,Hain,Commons,Leader of the House of Commons and Lord Privy Seal,2003-06-12,2005-05-06,694.0,2001-06-07,1404.0,Labour,Tony Blair,https://id.parliament.uk/2jVmwnh9,567,senior,True,contains:lord privy seal
Alistair,Darling,Commons,Secretary of State for Scotland,2003-06-12,2006-05-05,1058.0,2001-06-07,1404.0,Labour,Tony Blair,https://id.parliament.uk/t2ppPOcs,596,senior,True,contains:secretary of state
Catherine,Ashton,Lords,"Parliamentary Under-Secretary (Department for Work and Pensions) (Sure Start, Early Years and Childcare) (also Department for Education and Science)",2003-06-12,2004-09-09,455.0,2001-06-07,1404.0,Labour,Tony Blair,https://id.parliament.uk/74ks53Cm,2500,non_senior,False,regex:\bparliamentary under-?secretary\b
Catherine,Ashton,Lords,"Parliamentary Under-Secretary (Department for Education and Skills) (Sure Start, Early Years and Childcare) (also Department for Work and Pensions)",2003-06-12,2004-09-09,455.0,2001-06-07,1404.0,Labour,Tony Blair,https://id.parliament.uk/74ks53Cm,2500,non_senior,False,regex:\bparliamentary under-?secretary\b
Charles,Falconer,Lords,Secretary of State for Constitutional Affairs and Lord Chancellor,2003-06-12,2007-05-08,1426.0,2001-06-07,1404.0,Labour,Tony Blair,https://id.parliament.uk/8rhWhDwJ,2758,senior,True,contains:lord chancellor
John,Reid,Commons,Secretary of State for Health,2003-06-12,2005-05-06,694.0,2001-06-07,1404.0,Labour,Tony Blair,https://id.parliament.uk/tlYrORH3,617,senior,True,contains:secretary of state
Margaret,Moran,Commons,Assistant Whip (HM Treasury),2003-06-13,2005-05-10,697.0,2001-06-07,1404.0,Labour,Tony Blair,https://id.parliament.uk/4GQkYusT,3,non_senior,False,regex:\bassistant whip\b
Ivor,Caplin,Commons,Parliamentary Under-Secretary (Ministry of Defence),2003-06-13,2005-05-05,692.0,2001-06-07,1404.0,Labour,Tony Blair,https://id.parliament.uk/JtqXEBFJ,27,non_senior,False,regex:\bparliamentary under-?secretary\b
Jeffrey,Rooker,Lords,Minister (Office of the Deputy Prime Minister) (Regeneration and Regional Development),2003-06-13,2005-05-10,697.0,2001-06-07,1404.0,Labour,Tony Blair,https://id.parliament.uk/wjDiGH73,302,senior,True,contains:prime minister
David,Filkin,Lords,Parliamentary Under-Secretary (Department for Constitutional Affairs),2003-06-13,2004-09-09,454.0,2001-06-07,1404.0,Labour,Tony Blair,https://id.parliament.uk/xDNQYgTm,2491,non_senior,False,regex:\bparliamentary under-?secretary\b
James,Murphy,Commons,Lord Commissioner (HM Treasury) (Whip),2003-06-13,2005-05-10,697.0,2001-06-07,1404.0,Labour,Tony Blair,https://id.parliament.uk/r3w59RHe,595,non_senior,False,regex:\bwhip\b
Elliot,Morley,Commons,"Minister of State (Department for Environment, Food and Rural Affairs) (Climate Change and Environment)",2003-06-13,2006-05-05,1057.0,2001-06-07,1404.0,Labour,Tony Blair,https://id.parliament.uk/aqnjvFqc,377,ambiguous,False,regex:\bminister of state\b
Anthony,McNulty,Commons,Parliamentary Under-Secretary (Department for Transport),2003-06-13,2004-09-09,454.0,2001-06-07,1404.0,Labour,Tony Blair,https://id.parliament.uk/monhxmKY,176,non_senior,False,regex:\bparliamentary under-?secretary\b
Yvette,Cooper,Commons,Parliamentary Under-Secretary (Office of the Deputy Prime Minister) (Regeneration and Regional Developement),2003-06-13,2005-05-10,697.0,2001-06-07,1404.0,Labour,Tony Blair,https://id.parliament.uk/WIjC8hXZ,420,senior,True,contains:prime minister
Stephen,Ladyman,Commons,Parliamentary Under-Secretary (Department of Health) (Community Care),2003-06-13,2005-05-10,697.0,2001-06-07,1404.0,Labour,Tony Blair,https://id.parliament.uk/LjSl1O1o,90,non_senior,False,regex:\bparliamentary under-?secretary\b
Bridget,Prentice,Commons,Assistant Whip (HM Treasury),2003-06-13,2005-05-10,697.0,2001-06-07,1404.0,Labour,Tony Blair,https://id.parliament.uk/Lc3okOFy,191,non_senior,False,regex:\bassistant whip\b
Estelle,Morris,Commons,"Minister of State (Department for Culture, Media and Sport) (Arts)",2003-06-13,2005-05-05,692.0,2001-06-07,1404.0,Labour,Tony Blair,https://id.parliament.uk/3UZQn6bw,305,ambiguous,False,regex:\bminister of state\b
Andrew,McIntosh,Lords,"Parliamentary Under-Secretary (Department for Culture, Media and Sport) (Media and Heritage)",2003-06-13,2005-05-10,697.0,2001-06-07,1404.0,Labour,Tony Blair,https://id.parliament.uk/DLXOo8Gv,1885,non_senior,False,regex:\bparliamentary under-?secretary\b
David,Lammy,Commons,Parliamentary Under-Secretary (Department for Constitutional Affairs),2003-06-13,2005-05-10,697.0,2001-06-07,1404.0,Labour,Tony Blair,https://id.parliament.uk/xY3sNmne,206,non_senior,False,regex:\bparliamentary under-?secretary\b
John,Whitty,Lords,"Parliamentary Under-Secretary (Department for Environment, Food and Rural Affairs) (Food, Farming and Sustainable Energy)",2003-06-13,2005-05-10,697.0,2001-06-07,1404.0,Labour,Tony Blair,https://id.parliament.uk/HTFejY4v,2444,non_senior,False,regex:\bparliamentary under-?secretary\b
Richard,Caborn,Commons,"Minister of State (Department for Culture, Media and Sport) (Tourism)",2003-06-13,2005-05-01,688.0,2001-06-07,1404.0,Labour,Tony Blair,https://id.parliament.uk/pSPV5So0,396,ambiguous,False,regex:\bminister of state\b
Christopher,Mullin,Commons,Parliamentary Under-Secretary (Foreign and Commonwealth Office),2003-06-13,2005-05-10,697.0,2001-06-07,1404.0,Labour,Tony Blair,https://id.parliament.uk/Ow3Z1dEO,527,non_senior,False,regex:\bparliamentary under-?secretary\b
Norman,Warner,Lords,Parliamentary Under-Secretary (Department of Health),2003-06-13,2005-05-10,697.0,2001-06-07,1404.0,Crossbench,Tony Blair,https://id.parliament.uk/GyE8pcDH,1732,non_senior,False,regex:\bparliamentary under-?secretary\b
Gareth,Williams,Lords,Lord President of the Council and Leader of the House of Lords (Privy Council Office),2003-06-13,2003-09-20,99.0,2001-06-07,1404.0,Labour,Tony Blair,https://id.parliament.uk/FIDiZ0Hp,1751,senior,True,contains:lord president of the council
Malcolm,Wicks,Commons,Minister of State (Department for Work and Pensions),2003-06-13,2005-05-10,697.0,2001-06-07,1404.0,Labour,Tony Blair,https://id.parliament.uk/VXjH5FEb,156,ambiguous,False,regex:\bminister of state\b
Philip,Hope,Commons,Parliamentary Under-Secretary (Office of the Deputy Prime Minister) (Local and Regional Government),2003-06-13,2005-05-10,697.0,2001-06-07,1404.0,Labour,Tony Blair,https://id.parliament.uk/638YRKeI,351,senior,True,contains:prime minister
Patricia,Scotland,Lords,Minister of State (Home Office) (Criminal Justice and Offender Management),2003-06-13,2007-05-08,1425.0,2001-06-07,1404.0,Labour,Tony Blair,https://id.parliament.uk/QZPI7xrm,2099,ambiguous,False,regex:\bminister of state\b
Caroline,Flint,Commons,Parliamentary Under-Secretary (Home Office),2003-06-13,2005-05-10,697.0,2001-06-07,1404.0,Labour,Tony Blair,https://id.parliament.uk/udOHn9j5,389,non_senior,False,regex:\bparliamentary under-?secretary\b
Melanie,Johnson,Commons,Parliamentary Under-Secretary (Department of Health),2003-06-13,2005-05-05,692.0,2001-06-07,1404.0,Labour,Tony Blair,https://id.parliament.uk/gA0AYxrU,74,non_senior,False,regex:\bparliamentary under-?secretary\b
Alan,Johnson,Commons,"Minister of State (Education and Skills) (Lifelong Learning, Further and Higher Education)",2003-06-13,2004-09-09,454.0,2001-06-07,1404.0,Labour,Tony Blair,https://id.parliament.uk/dtaMwBoC,376,ambiguous,False,regex:\bminister of state\b
James,Fitzpatrick,Commons,Vice-Chamberlain (HM Household),2003-06-13,2005-05-10,697.0,2001-06-07,1404.0,Labour,Tony Blair,https://id.parliament.uk/dreRtJBE,197,ambiguous,False,default
Douglas,Alexander,Commons,Minister of State (Cabinet Office) and Chancellor of the Duchy of Lancaster,2003-06-13,2004-09-09,454.0,2001-06-07,1404.0,Labour,Tony Blair,https://id.parliament.uk/PlwVEpAi,632,senior,True,contains:chancellor of the duchy of lancaster
Fiona,Mactaggart,Commons,Parliamentary Under-Secretary (Home Office),2003-06-13,2006-05-05,1057.0,2001-06-07,1404.0,Labour,Tony Blair,https://id.parliament.uk/8Uy0nxZr,12,non_senior,False,regex:\bparliamentary under-?secretary\b
Desmond,Browne,Commons,Minister of State (Department for Work and Pensions) (Work),2003-06-13,2004-04-01,293.0,2001-06-07,1404.0,Labour,Tony Blair,https://id.parliament.uk/OhBFKZen,620,ambiguous,False,regex:\bminister of state\b
Trevor,Hill,Commons,Minister of State (Office of the Deputy Prime Minister) (Housing and Planning),2003-06-13,2005-05-10,697.0,2001-06-07,1404.0,Labour,Tony Blair,https://id.parliament.uk/99RyKEEU,203,senior,True,contains:prime minister
Rosie,Winterton,Commons,Minister of State (Department of Health) (Health Services),2003-06-13,2007-06-28,1476.0,2001-06-07,1404.0,Labour,Tony Blair,https://id.parliament.uk/C9I7sOdf,390,ambiguous,False,regex:\bminister of state\b
Robert,Ainsworth,Commons,Deputy Chief Whip and Treasurer of HM Household,2003-06-13,2007-06-28,1476.0,2001-06-07,1404.0,Labour,Tony Blair,https://id.parliament.uk/hEQM2SPd,306,non_senior,False,regex:\bwhip\b
Hazel,Blears,Commons,"Minister of State (Home Office) (Policing, Security and Community Safety)",2003-06-13,2006-05-05,1057.0,2001-06-07,1404.0,Labour,Tony Blair,https://id.parliament.uk/FHckXpZX,456,ambiguous,False,regex:\bminister of state\b
Bryan,Davies,Lords,"Captain of the Queen's Bodyguard of the Yeomen of the Guard (HM Household) (Deputy Chief Whip, House of Lords)",2003-06-13,2010-05-06,2519.0,2001-06-07,1404.0,Labour,Tony Blair,https://id.parliament.uk/mA0w6C2f,987,non_senior,False,regex:\bwhip\b
Benjamin,Bradshaw,Commons,"Parliamentary Under-Secretary (Department for Environment, Food and Rural Affairs) (Local Environment, Marine and Animal Welfare)",2003-06-13,2006-11-10,1246.0,2001-06-07,1404.0,Labour,Tony Blair,https://id.parliament.uk/ZyIYdZQ4,230,non_senior,False,regex:\bparliamentary under-?secretary\b
Jacqui,Smith,Commons,Minister of State (Industry and the Regions) and Deputy Minister (Women),2003-06-13,2005-05-06,693.0,2001-06-07,1404.0,Labour,Tony Blair,https://id.parliament.uk/w2LmQRJM,269,ambiguous,False,regex:\bminister of state\b
Vernon,Coaker,Commons,Assistant Whip (HM Treasury),2003-06-13,2005-05-10,697.0,2001-06-07,1404.0,Labour,Tony Blair,https://id.parliament.uk/ERxC3bUI,360,non_senior,False,regex:\bassistant whip\b
John,Twigg,Commons,Lord Commissioner (HM Treasury) (Whip),2003-06-13,2004-12-16,552.0,2001-06-07,1404.0,Labour,Tony Blair,https://id.parliament.uk/GoNpDBog,429,non_senior,False,regex:\bwhip\b
Gareth,Thomas,Commons,Parliamentary Under-Secretary (Department for International Development),2003-06-13,2007-06-28,1476.0,2001-06-07,1404.0,Labour,Tony Blair,https://id.parliament.uk/FOcypHE2,177,non_senior,False,regex:\bparliamentary under-?secretary\b
John,Spellar,Commons,Minister of State (Northern Ireland Office),2003-06-13,2005-05-10,697.0,2001-06-07,1404.0,Labour,Tony Blair,https://id.parliament.uk/OyBH9ISZ,318,ambiguous,False,regex:\bminister of state\b
Margaret,Hodge,Commons,Minister of State (Education and Skills) (Children),2003-06-13,2005-05-10,697.0,2001-06-07,1404.0,Labour,Tony Blair,https://id.parliament.uk/nerwVGrY,140,ambiguous,False,regex:\bminister of state\b
Christopher,Pond,Commons,Parliamentary Under-Secretary (Department for Work and Pensions),2003-06-13,2005-05-05,692.0,2001-06-07,1404.0,Labour,Tony Blair,https://id.parliament.uk/dAUln9zA,84,non_senior,False,regex:\bparliamentary under-?secretary\b
Paul,Clark,Commons,Assistant Whip (HM Treasury),2003-06-13,2005-05-10,697.0,2001-06-07,1404.0,Labour,Tony Blair,https://id.parliament.uk/IpwGVqMa,83,non_senior,False,regex:\bassistant whip\b
Christopher,Leslie,Commons,Parliamentary Under-Secretary (Department for Constitutional Affairs),2003-06-13,2005-05-05,692.0,2001-06-07,1404.0,Labour,Tony Blair,https://id.parliament.uk/PujbBzQo,422,non_senior,False,regex:\bparliamentary under-?secretary\b
Phillip,Woolas,Commons,Deputy Leader of the House of Commons (Privy Council Office),2003-06-13,2005-05-10,697.0,2001-06-07,1404.0,Labour,Tony Blair,https://id.parliament.uk/Dv2R6CvU,453,senior,True,contains:leader of the house of commons
Matthew,Evans,Lords,Lords in Waiting (HM Household),2003-06-13,2007-06-27,1475.0,2001-06-07,1404.0,Labour,Tony Blair,https://id.parliament.uk/Fq0y5YxM,2544,ambiguous,False,default
Kim,Howells,Commons,Minister of State (Department for Transport),2003-06-13,2004-09-09,454.0,2001-06-07,1404.0,Labour,Tony Blair,https://id.parliament.uk/0K2JKjxj,556,ambiguous,False,regex:\bminister of state\b
Elizabeth,Symons,Lords,Minister of State (Middle East),2003-06-13,2005-05-10,697.0,2001-06-07,1404.0,Labour,Tony Blair,https://id.parliament.uk/8UhYj6iQ,2233,ambiguous,False,regex:\bminister of state\b
Gerard,Sutcliffe,Commons,Parliamentary Under-Secretary (Trade and Industry) (Employment Relations and Consumer Affairs),2003-06-13,2006-05-05,1057.0,2001-06-07,1404.0,Labour,Tony Blair,https://id.parliament.uk/nB1wXXwJ,403,non_senior,False,regex:\bparliamentary under-?secretary\b
Joan,Ryan,Commons,Lord Commissioner (HM Treasury) (Whip),2003-06-13,2006-05-05,1057.0,2001-06-07,1404.0,Labour,Tony Blair,https://id.parliament.uk/SlLir4sw,166,non_senior,False,regex:\bwhip\b
Anne,McGuire,Commons,Parliamentary Under-Secretary (Department for Constitutional Affairs) (Scotland),2003-06-13,2005-05-10,697.0,2001-06-07,1404.0,Labour,Tony Blair,https://id.parliament.uk/wK9hJmCP,636,non_senior,False,regex:\bparliamentary under-?secretary\b
Valerie,Amos,Lords,Lord President of the Council and Leader of the House of Lords (Privy Council Office),2003-10-06,2007-06-28,1361.0,2001-06-07,1404.0,Labour,Tony Blair,https://id.parliament.uk/P2dFekXm,3477,senior,True,contains:lord president of the council
Hilary,Benn,Commons,Secretary of State for International Development,2003-10-06,2007-06-28,1361.0,2001-06-07,1404.0,Labour,Tony Blair,https://id.parliament.uk/rbKJTCFu,413,senior,True,contains:secretary of state
David,Triesman,Lords,Lords in Waiting (Whips),2003-12-19,2005-05-10,508.0,2001-06-07,1404.0,,Tony Blair,https://id.parliament.uk/78dgSAJN,3651,ambiguous,False,default
Desmond,Browne,Commons,"Minister of State (Home Office) (Citizenship, Immigration and Nationality)",2004-04-01,2005-05-06,400.0,2001-06-07,1404.0,Labour,Tony Blair,https://id.parliament.uk/OhBFKZen,620,ambiguous,False,regex:\bminister of state\b
Jane,Kennedy,Commons,Minister of State (Department for Work and Pensions) (Work),2004-04-02,2005-05-10,403.0,2001-06-07,1404.0,Labour,Tony Blair,https://id.parliament.uk/f5YiNuqP,486,ambiguous,False,regex:\bminister of state\b
Barry,Gardiner,Commons,Parliamentary Under-Secretary (Northern Ireland Office),2004-04-02,2005-05-10,403.0,2001-06-07,1404.0,Labour,Tony Blair,https://id.parliament.uk/qnV6B37K,146,non_senior,False,regex:\bparliamentary under-?secretary\b
Alan,Milburn,Commons,Chancellor of the Duchy of Lancaster,2004-09-08,2005-05-06,240.0,2001-06-07,1404.0,Labour,Tony Blair,https://id.parliament.uk/u5DIviww,507,senior,True,contains:chancellor of the duchy of lancaster
David,Filkin,Lords,"Parliamentary Under-Secretary (Department for Education and Skills) (Sure Start, Early Years and Childcare) (also Department for Work and Pensions)",2004-09-09,2005-05-10,243.0,2001-06-07,1404.0,Labour,Tony Blair,https://id.parliament.uk/xDNQYgTm,2491,non_senior,False,regex:\bparliamentary under-?secretary\b
Thomas,Watson,Commons,Assistant Whip (HM Treasury),2004-09-09,2005-05-10,243.0,2001-06-07,1404.0,Labour,Tony Blair,https://id.parliament.uk/WlJNmMRl,1463,non_senior,False,regex:\bassistant whip\b
Kim,Howells,Commons,"Minister of State (Education and Skills) (Lifelong Learning, Further and Higher Education)",2004-09-09,2005-05-10,243.0,2001-06-07,1404.0,Labour,Tony Blair,https://id.parliament.uk/0K2JKjxj,556,ambiguous,False,regex:\bminister of state\b
Anthony,McNulty,Commons,Minister of State (Department for Transport),2004-09-09,2005-05-10,243.0,2001-06-07,1404.0,Labour,Tony Blair,https://id.parliament.uk/monhxmKY,176,ambiguous,False,regex:\bminister of state\b
Ruth,Kelly,Commons,Minister of State (Cabinet Office),2004-09-09,2004-12-15,97.0,2001-06-07,1404.0,Labour,Tony Blair,https://id.parliament.uk/GrGkIxzE,439,ambiguous,False,regex:\bminister of state\b
Charlotte,Atkins,Commons,Parliamentary Under-Secretary (Department for Transport),2004-09-09,2005-05-10,243.0,2001-06-07,1404.0,Labour,Tony Blair,https://id.parliament.uk/x3bl61tc,284,non_senior,False,regex:\bparliamentary under-?secretary\b
Douglas,Alexander,Commons,Minister of State (Department of Trade and Industry) (Trade) (also Foreign and Commonwealth Office),2004-09-09,2005-05-10,243.0,2001-06-07,1404.0,Labour,Tony Blair,https://id.parliament.uk/PlwVEpAi,632,ambiguous,False,regex:\bminister of state\b
Alan,Johnson,Commons,Secretary of State for Work and Pensions,2004-09-09,2005-05-06,239.0,2001-06-07,1404.0,Labour,Tony Blair,https://id.parliament.uk/dtaMwBoC,376,senior,True,contains:secretary of state
Douglas,Alexander,Commons,Minister of State (Foreign and Commonwealth Office) (Trade) (also Department of Trade and Industry),2004-09-09,2005-05-10,243.0,2001-06-07,1404.0,Labour,Tony Blair,https://id.parliament.uk/PlwVEpAi,632,ambiguous,False,regex:\bminister of state\b
Catherine,Ashton,Lords,Parliamentary Under-Secretary (Department for Constitutional Affairs),2004-09-09,2007-05-08,971.0,2001-06-07,1404.0,Labour,Tony Blair,https://id.parliament.uk/74ks53Cm,2500,non_senior,False,regex:\bparliamentary under-?secretary\b
Stephen,Timms,Commons,Financial Secretary (HM Treasury),2004-09-30,2005-05-10,222.0,2001-06-07,1404.0,Labour,Tony Blair,https://id.parliament.uk/R62qdyhF,163,ambiguous,False,regex:\bfinancial secretary\b
Gillian,Merron,Commons,Lord Commissioner (HM Treasury) (Whip),2004-10-28,2006-05-05,554.0,2001-06-07,1404.0,Labour,Tony Blair,https://id.parliament.uk/LHQleG2k,347,non_senior,False,regex:\bwhip\b
Ruth,Kelly,Commons,Secretary of State for Education and Skills,2004-12-15,2006-05-05,506.0,2001-06-07,1404.0,Labour,Tony Blair,https://id.parliament.uk/GrGkIxzE,439,senior,True,contains:secretary of state
David,Miliband,Commons,Minister of State (Cabinet Office),2004-12-15,2005-05-06,142.0,2001-06-07,1404.0,Labour,Tony Blair,https://id.parliament.uk/lG5RlZ9z,1452,ambiguous,False,regex:\bminister of state\b
Charles,Clarke,Commons,Home Secretary,2004-12-15,2006-05-05,506.0,2001-06-07,1404.0,Labour,Tony Blair,https://id.parliament.uk/XG4JgwTL,130,ambiguous,False,default
Stephen,Twigg,Commons,Minister of State (Education and Skills) (School Standards),2004-12-16,2005-05-05,140.0,2001-06-07,1404.0,Labour,Tony Blair,https://id.parliament.uk/owb2brV2,167,ambiguous,False,regex:\bminister of state\b
John,Twigg,Commons,Parliamentary Under-Secretary (Department for Education and Skills) (Schools),2004-12-16,2005-05-10,145.0,2001-06-07,1404.0,Labour,Tony Blair,https://id.parliament.uk/GoNpDBog,429,non_senior,False,regex:\bparliamentary under-?secretary\b
James,Purnell,Commons,Assistant Whip (HM Treasury),2004-12-17,2005-05-10,144.0,2001-06-07,1404.0,Labour,Tony Blair,https://id.parliament.uk/g3FgrthI,1455,non_senior,False,regex:\bassistant whip\b
David,Hanson,Commons,Minister of State (Northern Ireland Office),2005-05-05,2007-04-05,700.0,2005-05-05,1803.0,Labour,Tony Blair,https://id.parliament.uk/RBI4vae5,533,ambiguous,False,regex:\bminister of state\b
Desmond,Browne,Commons,Chief Secretary to the Treasury,2005-05-06,2006-05-05,364.0,2005-05-05,1803.0,Labour,Tony Blair,https://id.parliament.uk/OhBFKZen,620,senior,True,contains:chief secretary to the treasury
John,Hutton,Commons,Chancellor of the Duchy of Lancaster (Cabinet Office),2005-05-06,2005-11-02,180.0,2005-05-05,1803.0,Labour,Tony Blair,https://id.parliament.uk/R4VIOLKR,494,senior,True,contains:chancellor of the duchy of lancaster
Peter,Hain,Commons,Secretary of State for Northern Ireland,2005-05-06,2007-06-28,783.0,2005-05-05,1803.0,Labour,Tony Blair,https://id.parliament.uk/2jVmwnh9,567,senior,True,contains:secretary of state
John,Reid,Commons,Secretary of State for Defence,2005-05-06,2006-05-05,364.0,2005-05-05,1803.0,Labour,Tony Blair,https://id.parliament.uk/tlYrORH3,617,senior,True,contains:secretary of state
David,Sainsbury,Lords,Parliamentary Under-Secretary (Trade and Industry) (Science and Innovation),2005-05-06,2006-11-10,553.0,2005-05-05,1803.0,Labour,Tony Blair,https://id.parliament.uk/GKEtqJpq,2161,non_senior,False,regex:\bparliamentary under-?secretary\b
David,Blunkett,Commons,Secretary of State for Work and Pensions,2005-05-06,2005-11-02,180.0,2005-05-05,1803.0,Labour,Tony Blair,https://id.parliament.uk/s5O7ndZv,395,senior,True,contains:secretary of state
Alan,Johnson,Commons,Secretary of State for Trade and Industry,2005-05-06,2006-05-05,364.0,2005-05-05,1803.0,Labour,Tony Blair,https://id.parliament.uk/dtaMwBoC,376,senior,True,contains:secretary of state
David,Miliband,Commons,Minister (Office of the Deputy Prime Minister) (Communities and Local Government),2005-05-06,2006-05-05,364.0,2005-05-05,1803.0,Labour,Tony Blair,https://id.parliament.uk/lG5RlZ9z,1452,senior,True,contains:prime minister
Geoffrey,Hoon,Commons,Leader of the House of Commons and Lord Privy Seal,2005-05-06,2006-05-05,364.0,2005-05-05,1803.0,Labour,Tony Blair,https://id.parliament.uk/yHpMxMCv,357,senior,True,contains:lord privy seal
Patricia,Hewitt,Commons,Secretary of State for Health,2005-05-06,2007-06-28,783.0,2005-05-05,1803.0,Labour,Tony Blair,https://id.parliament.uk/tU20NZhl,340,senior,True,contains:secretary of state
Jeffrey,Rooker,Lords,Minister of State (Northern Ireland Office),2005-05-09,2007-06-27,779.0,2005-05-05,1803.0,Labour,Tony Blair,https://id.parliament.uk/wjDiGH73,302,ambiguous,False,regex:\bminister of state\b
Anthony,McNulty,Commons,"Minister of State (Home Office) (Immigration, Citizenship and Nationality)",2005-05-10,2006-05-22,377.0,2005-05-05,1803.0,Labour,Tony Blair,https://id.parliament.uk/monhxmKY,176,ambiguous,False,regex:\bminister of state\b
William,Rammell,Commons,"Minister of State (Education and Skills) (Lifelong Learning, Further and Higher Education)",2005-05-10,2007-06-28,779.0,2005-05-05,1803.0,Labour,Tony Blair,https://id.parliament.uk/zRT6JXFe,37,ambiguous,False,regex:\bminister of state\b
Margaret,Munn,Commons,Parliamentary Under-Secretary (Trade and Industry) (Women and Equality),2005-05-10,2006-05-05,360.0,2005-05-05,1803.0,Labour,Tony Blair,https://id.parliament.uk/7DGkOf0i,1448,non_senior,False,regex:\bparliamentary under-?secretary\b
Kevin,Brennan,Commons,Assistant Whip (HM Treasury),2005-05-10,2006-05-05,360.0,2005-05-05,1803.0,Labour,Tony Blair,https://id.parliament.uk/B4kpjDsU,1400,non_senior,False,regex:\bassistant whip\b
James,Murphy,Commons,Parliamentary Under-Secretary (Cabinet Office),2005-05-10,2006-05-05,360.0,2005-05-05,1803.0,Labour,Tony Blair,https://id.parliament.uk/r3w59RHe,595,non_senior,False,regex:\bparliamentary under-?secretary\b
Anne,McGuire,Commons,Parliamentary Under-Secretary (Department for Work and Pensions),2005-05-10,2008-10-05,1244.0,2005-05-05,1803.0,Labour,Tony Blair,https://id.parliament.uk/wK9hJmCP,636,non_senior,False,regex:\bparliamentary under-?secretary\b
Claire,Ward,Commons,Assistant Whip (HM Treasury),2005-05-10,2006-05-05,360.0,2005-05-05,1803.0,Labour,Tony Blair,https://id.parliament.uk/AMR7iXTa,73,non_senior,False,regex:\bassistant whip\b
Liam,Byrne,Commons,Parliamentary Under-Secretary (Department of Health) (Care Services),2005-05-10,2006-05-05,360.0,2005-05-05,1803.0,Labour,Tony Blair,https://id.parliament.uk/k8mCzVcd,1171,non_senior,False,regex:\bparliamentary under-?secretary\b
John,Twigg,Commons,Parliamentary Under-Secretary (Department for Transport),2005-05-10,2006-09-06,484.0,2005-05-05,1803.0,Labour,Tony Blair,https://id.parliament.uk/GoNpDBog,429,non_senior,False,regex:\bparliamentary under-?secretary\b
Thomas,Watson,Commons,Lord Commissioner (HM Treasury) (Whip),2005-05-10,2006-05-05,360.0,2005-05-05,1803.0,Labour,Tony Blair,https://id.parliament.uk/WlJNmMRl,1463,non_senior,False,regex:\bwhip\b
Dave,Watts,Commons,Lord Commissioner (HM Treasury) (Whip),2005-05-10,2010-05-06,1822.0,2005-05-05,1803.0,Labour,Tony Blair,https://id.parliament.uk/k5IgkUZq,489,non_senior,False,regex:\bwhip\b
Michael,O'Brien,Commons,Solicitor General (Law Officers),2005-05-10,2007-06-28,779.0,2005-05-05,1803.0,Labour,Tony Blair,https://id.parliament.uk/WsevBmhh,290,ambiguous,False,regex:\bsolicitor general\b
Karen,Buck,Commons,Parliamentary Under-Secretary (Department for Transport),2005-05-10,2006-03-16,310.0,2005-05-05,1803.0,Labour,Tony Blair,https://id.parliament.uk/jAbelfz6,199,non_senior,False,regex:\bparliamentary under-?secretary\b
Andrew,Burnham,Commons,Parliamentary Under-Secretary (Home Office),2005-05-10,2006-05-05,360.0,2005-05-05,1803.0,Labour,Tony Blair,https://id.parliament.uk/Tpxm134z,1427,non_senior,False,regex:\bparliamentary under-?secretary\b
Ian,Pearson,Commons,Minister of State (Department of Trade and Industry) (Trade) (also Foreign and Commonwealth Office),2005-05-10,2006-05-05,360.0,2005-05-05,1803.0,Labour,Tony Blair,https://id.parliament.uk/9WGxxQ6e,310,ambiguous,False,regex:\bminister of state\b
David,Triesman,Lords,Parliamentary Under-Secretary (Foreign and Commonwealth Office),2005-05-10,2007-06-28,779.0,2005-05-05,1803.0,Labour,Tony Blair,https://id.parliament.uk/78dgSAJN,3651,non_senior,False,regex:\bparliamentary under-?secretary\b
Ian,Pearson,Commons,Minister of State (Foreign and Commonwealth Office) (Trade) (also Department of Trade and Industry),2005-05-10,2006-05-05,360.0,2005-05-05,1803.0,Labour,Tony Blair,https://id.parliament.uk/9WGxxQ6e,310,ambiguous,False,regex:\bminister of state\b
James,Touhig,Commons,Parliamentary Under-Secretary (Ministry of Defence) (Veterans),2005-05-10,2006-05-05,360.0,2005-05-05,1803.0,Labour,Tony Blair,https://id.parliament.uk/WqmYyOh3,542,non_senior,False,regex:\bparliamentary under-?secretary\b
James,Plaskitt,Commons,Parliamentary Under-Secretary (Department for Work and Pensions),2005-05-10,2008-10-05,1244.0,2005-05-05,1803.0,Labour,Tony Blair,https://id.parliament.uk/uJJLI8bo,294,non_senior,False,regex:\bparliamentary under-?secretary\b
Stephen,Timms,Commons,Minister of State (Department for Work and Pensions),2005-05-10,2006-05-05,360.0,2005-05-05,1803.0,Labour,Tony Blair,https://id.parliament.uk/R62qdyhF,163,ambiguous,False,regex:\bminister of state\b
Bridget,Prentice,Commons,Parliamentary Under-Secretary (Department for Constitutional Affairs),2005-05-10,2007-05-08,728.0,2005-05-05,1803.0,Labour,Tony Blair,https://id.parliament.uk/Lc3okOFy,191,non_senior,False,regex:\bparliamentary under-?secretary\b
James,Purnell,Commons,"Minister (Department for Culture, Media and Sport) (Media and Tourism)",2005-05-10,2006-05-05,360.0,2005-05-05,1803.0,Labour,Tony Blair,https://id.parliament.uk/g3FgrthI,1455,ambiguous,False,default
Alun,Michael,Commons,Minister of State (Industry and the Regions),2005-05-10,2006-05-05,360.0,2005-05-05,1803.0,Labour,Tony Blair,https://id.parliament.uk/kxDTSMAG,562,ambiguous,False,regex:\bminister of state\b
Ian,Cawsey,Commons,Assistant Whip (HM Treasury),2005-05-10,2007-06-28,779.0,2005-05-05,1803.0,Labour,Tony Blair,https://id.parliament.uk/Z6ajo3Rr,369,non_senior,False,regex:\bassistant whip\b
John,Healey,Commons,Financial Secretary (HM Treasury),2005-05-10,2007-06-28,779.0,2005-05-05,1803.0,Labour,Tony Blair,https://id.parliament.uk/9VjJ9Mfg,400,ambiguous,False,regex:\bfinancial secretary\b
Phillip,Woolas,Commons,Minister of State (Office of the Deputy Prime Minister) (Local Government),2005-05-10,2006-05-05,360.0,2005-05-05,1803.0,Labour,Tony Blair,https://id.parliament.uk/Dv2R6CvU,453,senior,True,contains:prime minister
John,Cairns,Commons,Parliamentary Under-Secretary (Scotland Office),2005-05-10,2007-06-28,779.0,2005-05-05,1803.0,Labour,Tony Blair,https://id.parliament.uk/ddDZw2FR,1421,non_senior,False,regex:\bparliamentary under-?secretary\b
Elizabeth,Andrews,Lords,Parliamentary Under-Secretary (Office of the Deputy Prime Minister),2005-05-10,2006-05-05,360.0,2005-05-05,1803.0,Labour,Tony Blair,https://id.parliament.uk/IrPeiG0h,2534,senior,True,contains:prime minister
Parmjit,Dhanda,Commons,Assistant Whip (HM Treasury),2005-05-10,2006-05-05,360.0,2005-05-05,1803.0,Labour,Tony Blair,https://id.parliament.uk/2DrCqwtb,1420,non_senior,False,regex:\bassistant whip\b
James,Knight,Commons,"Parliamentary Under-Secretary (Department for Environment, Food and Rural Affairs) (Rural Affairs, Landscape and Biodiversity)",2005-05-10,2006-05-05,360.0,2005-05-05,1803.0,Labour,Tony Blair,https://id.parliament.uk/TImtubyi,4160,non_senior,False,regex:\bparliamentary under-?secretary\b
Nicholas,Ainger,Commons,Parliamentary Under-Secretary (Wales Office),2005-05-10,2007-06-28,779.0,2005-05-05,1803.0,Labour,Tony Blair,https://id.parliament.uk/EVD3Ew84,537,non_senior,False,regex:\bparliamentary under-?secretary\b
William,McKenzie,Lords,Lords in Waiting (HM Household),2005-05-10,2007-01-08,608.0,2005-05-05,1803.0,Labour,Tony Blair,https://id.parliament.uk/Gew5X0FU,3694,ambiguous,False,default
Nigel,Griffiths,Commons,Deputy Leader of the House of Commons,2005-05-10,2007-03-12,671.0,2005-05-05,1803.0,Labour,Tony Blair,https://id.parliament.uk/3fidjjmC,600,senior,True,contains:leader of the house of commons
Kim,Howells,Commons,Minister of State (Foreign and Commonwealth Office),2005-05-10,2008-10-05,1244.0,2005-05-05,1803.0,Labour,Tony Blair,https://id.parliament.uk/0K2JKjxj,556,ambiguous,False,regex:\bminister of state\b
Beverley,Hughes,Commons,"Minister of State (Education and Skills) (Children, Young People and Families)",2005-05-10,2007-06-28,779.0,2005-05-05,1803.0,Labour,Tony Blair,https://id.parliament.uk/QIwykLVU,459,ambiguous,False,regex:\bminister of state\b
Philip,Hunt,Lords,Parliamentary Under-Secretary (Department for Work and Pensions),2005-05-10,2007-01-04,604.0,2005-05-05,1803.0,Labour,Tony Blair,https://id.parliament.uk/p4clIXl7,2024,non_senior,False,regex:\bparliamentary under-?secretary\b
James,Fitzpatrick,Commons,Minister (Office of the Deputy Prime Minister) (London),2005-05-10,2006-05-05,360.0,2005-05-05,1803.0,Labour,Tony Blair,https://id.parliament.uk/dreRtJBE,197,senior,True,contains:prime minister
Douglas,Alexander,Commons,Minister of State (Europe),2005-05-10,2006-05-05,360.0,2005-05-05,1803.0,Labour,Tony Blair,https://id.parliament.uk/PlwVEpAi,632,ambiguous,False,regex:\bminister of state\b
David,Lammy,Commons,"Minister of State (Department for Culture, Media and Sport) (Culture)",2005-05-10,2007-06-28,779.0,2005-05-05,1803.0,Labour,Tony Blair,https://id.parliament.uk/xY3sNmne,206,ambiguous,False,regex:\bminister of state\b
Yvette,Cooper,Commons,Minister of State (Office of the Deputy Prime Minister) (Housing and Planning),2005-05-10,2006-05-05,360.0,2005-05-05,1803.0,Labour,Tony Blair,https://id.parliament.uk/WIjC8hXZ,420,senior,True,contains:prime minister
Caroline,Flint,Commons,Parliamentary Under-Secretary (Department of Health),2005-05-10,2006-05-05,360.0,2005-05-05,1803.0,Labour,Tony Blair,https://id.parliament.uk/udOHn9j5,389,non_senior,False,regex:\bparliamentary under-?secretary\b
Stephen,Ladyman,Commons,Minister of State (Department for Transport),2005-05-10,2007-06-28,779.0,2005-05-05,1803.0,Labour,Tony Blair,https://id.parliament.uk/LjSl1O1o,90,ambiguous,False,regex:\bminister of state\b
Jane,Kennedy,Commons,Minister of State (Department of Health) (Quality and Patient Safety),2005-05-10,2006-05-05,360.0,2005-05-05,1803.0,Labour,Tony Blair,https://id.parliament.uk/f5YiNuqP,486,ambiguous,False,regex:\bminister of state\b
Alan,Campbell,Commons,Assistant Whip (HM Treasury),2005-05-10,2006-05-05,360.0,2005-05-05,1803.0,Labour,Tony Blair,https://id.parliament.uk/OA5UNsUG,529,non_senior,False,regex:\bassistant whip\b
Harriet,Harman,Commons,Minister of State (Department of Constitutional Affairs),2005-05-10,2007-05-08,728.0,2005-05-05,1803.0,Labour,Tony Blair,https://id.parliament.uk/Jhxlo2zC,150,ambiguous,False,regex:\bminister of state\b
William,Bach,Lords,"Parliamentary Under-Secretary (Department for Environment, Food and Rural Affairs) (Farming, Food and Sustainable Energy)",2005-05-10,2006-05-05,360.0,2005-05-05,1803.0,Labour,Tony Blair,https://id.parliament.uk/tiZCCVWl,3451,non_senior,False,regex:\bparliamentary under-?secretary\b
Paul,Drayson,Lords,Parliamentary Under-Secretary (Ministry of Defence) (Procurement),2005-05-10,2007-03-06,665.0,2005-05-05,1803.0,Labour,Tony Blair,https://id.parliament.uk/q2DKvvyq,3669,non_senior,False,regex:\bparliamentary under-?secretary\b
Philip,Hope,Commons,Parliamentary Under-Secretary (Department for Education and Skills) (Skills),2005-05-10,2007-06-28,779.0,2005-05-05,1803.0,Labour,Tony Blair,https://id.parliament.uk/638YRKeI,351,non_senior,False,regex:\bparliamentary under-?secretary\b
Frank,Roy,Commons,Assistant Whip (HM Treasury),2005-05-10,2006-05-05,360.0,2005-05-05,1803.0,Labour,Tony Blair,https://id.parliament.uk/8bx73kST,626,non_senior,False,regex:\bassistant whip\b
Barry,Gardiner,Commons,Parliamentary Under-Secretary (Trade and Industry) (Delivery and Efficiency),2005-05-10,2006-05-05,360.0,2005-05-05,1803.0,Labour,Tony Blair,https://id.parliament.uk/qnV6B37K,146,non_senior,False,regex:\bparliamentary under-?secretary\b
Ivan,Lewis,Commons,Economic Secretary (HM Treasury),2005-05-10,2006-05-05,360.0,2005-05-05,1803.0,Labour,Tony Blair,https://id.parliament.uk/YC7Iv4FO,441,ambiguous,False,regex:\beconomic secretary\b
Margaret,Hodge,Commons,Minister of State (Department for Work and Pensions) (Work),2005-05-10,2006-05-05,360.0,2005-05-05,1803.0,Labour,Tony Blair,https://id.parliament.uk/nerwVGrY,140,ambiguous,False,regex:\bminister of state\b
Shaun,Woodward,Commons,Parliamentary Under-Secretary (Northern Ireland Office),2005-05-10,2006-05-05,360.0,2005-05-05,1803.0,Labour,Tony Blair,https://id.parliament.uk/JlJgzub3,98,non_senior,False,regex:\bparliamentary under-?secretary\b
Andrew,Adonis,Lords,Parliamentary Under-Secretary (Department for Education and Skills) (Schools),2005-05-10,2007-06-28,779.0,2005-05-05,1803.0,,Tony Blair,https://id.parliament.uk/WAsaVnhM,3743,non_senior,False,regex:\bparliamentary under-?secretary\b
Vernon,Coaker,Commons,Lord Commissioner (HM Treasury) (Whip),2005-05-10,2006-05-05,360.0,2005-05-05,1803.0,Labour,Tony Blair,https://id.parliament.uk/ERxC3bUI,360,non_senior,False,regex:\bwhip\b
John,Heppell,Commons,Vice-Chamberlain (HM Household),2005-05-10,2007-06-28,779.0,2005-05-05,1803.0,Labour,Tony Blair,https://id.parliament.uk/h3DuhZ5g,363,ambiguous,False,default
Jacqui,Smith,Commons,Minister of State (Education and Skills) (Schools and 14-19 Learners),2005-05-10,2006-05-05,360.0,2005-05-05,1803.0,Labour,Tony Blair,https://id.parliament.uk/w2LmQRJM,269,ambiguous,False,regex:\bminister of state\b
Malcolm,Wicks,Commons,Minister of State (Energy),2005-05-10,2006-11-10,549.0,2005-05-05,1803.0,Labour,Tony Blair,https://id.parliament.uk/VXjH5FEb,156,ambiguous,False,regex:\bminister of state\b
Maria,Eagle,Commons,Parliamentary Under-Secretary (Department for Education and Skills) (Children and Families),2005-05-10,2006-05-05,360.0,2005-05-05,1803.0,Labour,Tony Blair,https://id.parliament.uk/wr5FZYiJ,483,non_senior,False,regex:\bparliamentary under-?secretary\b
Thomas,Cunningham,Commons,Assistant Whip (HM Treasury),2005-05-10,2008-10-05,1244.0,2005-05-05,1803.0,Labour,Tony Blair,https://id.parliament.uk/WP15CZgr,1469,non_senior,False,regex:\bassistant whip\b
Norman,Warner,Lords,Minister of State (Department of Health) (NHS Delivery),2005-05-10,2006-05-05,360.0,2005-05-05,1803.0,Labour,Tony Blair,https://id.parliament.uk/GyE8pcDH,1732,ambiguous,False,regex:\bminister of state\b
Jeffrey,Rooker,Lords,Deputy Leader of the House of Lords,2005-06-01,2008-10-05,1222.0,2005-05-05,1803.0,Labour,Tony Blair,https://id.parliament.uk/wjDiGH73,302,senior,True,contains:leader of the house of lords
John,Hutton,Commons,Secretary of State for Work and Pensions,2005-11-02,2007-06-28,603.0,2005-05-05,1803.0,Labour,Tony Blair,https://id.parliament.uk/R4VIOLKR,494,senior,True,contains:secretary of state
Neil,Davidson,Lords,Advocate General for Scotland,2006-05-05,2010-05-06,1462.0,2005-05-05,1803.0,Labour,Tony Blair,https://id.parliament.uk/P3nP9rBJ,3781,ambiguous,False,default
Joan,Ryan,Commons,Parliamentary Under-Secretary (Home Office),2006-05-05,2007-06-28,419.0,2005-05-05,1803.0,Labour,Tony Blair,https://id.parliament.uk/SlLir4sw,166,non_senior,False,regex:\bparliamentary under-?secretary\b
Andrew,Burnham,Commons,Minister of State (Department of Health) (Delivery and Quality),2006-05-05,2007-06-28,419.0,2005-05-05,1803.0,Labour,Tony Blair,https://id.parliament.uk/Tpxm134z,1427,ambiguous,False,regex:\bminister of state\b
James,Murphy,Commons,Minister of State (Department for Work and Pensions) (Work),2006-05-05,2007-06-28,419.0,2005-05-05,1803.0,Labour,Tony Blair,https://id.parliament.uk/r3w59RHe,595,ambiguous,False,regex:\bminister of state\b
Thomas,Watson,Commons,Parliamentary Under-Secretary (Ministry of Defence) (Veterans),2006-05-05,2006-09-06,124.0,2005-05-05,1803.0,Labour,Tony Blair,https://id.parliament.uk/WlJNmMRl,1463,non_senior,False,regex:\bparliamentary under-?secretary\b
Margaret,Munn,Commons,Parliamentary Under-Secretary (Department for Communities and Local Government) (Women and Equality),2006-05-05,2007-06-28,419.0,2005-05-05,1803.0,Labour,Tony Blair,https://id.parliament.uk/7DGkOf0i,1448,non_senior,False,regex:\bparliamentary under-?secretary\b
Ifor,Irranca-Davies,Commons,Assistant Whip (HM Treasury),2006-05-05,2007-06-28,419.0,2005-05-05,1803.0,Labour,Tony Blair,https://id.parliament.uk/hNawc8AR,1476,non_senior,False,regex:\bassistant whip\b
Vera,Baird,Commons,Parliamentary Under-Secretary (Department for Constitutional Affairs),2006-05-05,2007-05-09,369.0,2005-05-05,1803.0,Labour,Tony Blair,https://id.parliament.uk/SrJCDRU7,1445,non_senior,False,regex:\bparliamentary under-?secretary\b
Paul,Goggins,Commons,Parliamentary Under-Secretary (Northern Ireland Office),2006-05-05,2007-06-28,419.0,2005-05-05,1803.0,Labour,Tony Blair,https://id.parliament.uk/roRiaRp8,462,non_senior,False,regex:\bparliamentary under-?secretary\b
John,Reid,Commons,Home Secretary,2006-05-05,2007-06-28,419.0,2005-05-05,1803.0,Labour,Tony Blair,https://id.parliament.uk/tlYrORH3,617,ambiguous,False,default
Frank,Roy,Commons,Lord Commissioner (HM Treasury) (Whip),2006-05-05,2010-05-06,1462.0,2005-05-05,1803.0,Labour,Tony Blair,https://id.parliament.uk/8bx73kST,626,non_senior,False,regex:\bwhip\b
Ruth,Kelly,Commons,Secretary of State for Communities and Local Government (and Women and Equalities),2006-05-05,2007-06-28,419.0,2005-05-05,1803.0,Labour,Tony Blair,https://id.parliament.uk/GrGkIxzE,439,senior,True,contains:secretary of state
Douglas,Alexander,Commons,Secretary of State for Scotland,2006-05-05,2007-06-28,419.0,2005-05-05,1803.0,Labour,Tony Blair,https://id.parliament.uk/PlwVEpAi,632,senior,True,contains:secretary of state
Parmjit,Dhanda,Commons,"Parliamentary Under-Secretary (Department for Education and Skills) (Children, Young People and Families)",2006-05-05,2007-06-28,419.0,2005-05-05,1803.0,Labour,Tony Blair,https://id.parliament.uk/2DrCqwtb,1420,non_senior,False,regex:\bparliamentary under-?secretary\b
Michael,Foster,Commons,Assistant Whip (HM Treasury),2006-05-05,2008-10-05,884.0,2005-05-05,1803.0,Labour,Tony Blair,https://id.parliament.uk/wf5jHK36,271,non_senior,False,regex:\bassistant whip\b
Gerard,Sutcliffe,Commons,Parliamentary Under-Secretary (Home Office),2006-05-05,2007-05-08,368.0,2005-05-05,1803.0,Labour,Tony Blair,https://id.parliament.uk/nB1wXXwJ,403,non_senior,False,regex:\bparliamentary under-?secretary\b
Ian,Pearson,Commons,"Minister of State (Department for Environment, Food and Rural Affairs) (Climate Change and the Environment)",2006-05-05,2007-06-28,419.0,2005-05-05,1803.0,Labour,Tony Blair,https://id.parliament.uk/9WGxxQ6e,310,ambiguous,False,regex:\bminister of state\b
Stephen,McCabe,Commons,Assistant Whip (HM Treasury),2006-05-05,2007-06-28,419.0,2005-05-05,1803.0,Labour,Tony Blair,https://id.parliament.uk/LB829lw3,298,non_senior,False,regex:\bassistant whip\b
Alistair,Darling,Commons,Secretary of State for Trade and Industry,2006-05-05,2007-06-28,419.0,2005-05-05,1803.0,Labour,Tony Blair,https://id.parliament.uk/t2ppPOcs,596,senior,True,contains:secretary of state
Ian,McCartney,Commons,"Minister of State (Trade and Industry) (Trade, Investment and Foreign Affairs) (also in the Foreign and Commonwealth Office)",2006-05-05,2007-06-28,419.0,2005-05-05,1803.0,Labour,Tony Blair,https://id.parliament.uk/btMGCWJR,448,ambiguous,False,regex:\bminister of state\b
Shaun,Woodward,Commons,"Minister of State (Department for Culture, Media and Sport) (Creative Industries & Tourism)",2006-05-05,2007-06-28,419.0,2005-05-05,1803.0,Labour,Tony Blair,https://id.parliament.uk/JlJgzub3,98,ambiguous,False,regex:\bminister of state\b
Phillip,Woolas,Commons,Minister of State (Department of Communities and Local Government) (Local Government and Community Cohesion),2006-05-05,2007-06-28,419.0,2005-05-05,1803.0,Labour,Tony Blair,https://id.parliament.uk/Dv2R6CvU,453,ambiguous,False,regex:\bminister of state\b
Hazel,Blears,Commons,Minister without Portfolio (Cabinet Office) and Labour Party Chair,2006-05-05,2007-06-28,419.0,2005-05-05,1803.0,Labour,Tony Blair,https://id.parliament.uk/FHckXpZX,456,senior,True,contains:minister without portfolio
Margaret,Beckett,Commons,Foreign Secretary,2006-05-05,2007-06-28,419.0,2005-05-05,1803.0,Labour,Tony Blair,https://id.parliament.uk/1L8qop3w,328,ambiguous,False,default
Patrick,McFadden,Commons,Parliamentary Secretary (Cabinet Office),2006-05-05,2007-06-28,419.0,2005-05-05,1803.0,Labour,Tony Blair,https://id.parliament.uk/GdBtI6JD,1587,non_senior,False,regex:\bparliamentary secretary\b
Alan,Johnson,Commons,Secretary of State for Education and Skills,2006-05-05,2007-06-28,419.0,2005-05-05,1803.0,Labour,Tony Blair,https://id.parliament.uk/dtaMwBoC,376,senior,True,contains:secretary of state
Douglas,Alexander,Commons,Secretary of State for Transport,2006-05-05,2007-06-28,419.0,2005-05-05,1803.0,Labour,Tony Blair,https://id.parliament.uk/PlwVEpAi,632,senior,True,contains:secretary of state
Barry,Gardiner,Commons,"Parliamentary Under-Secretary (Department for Environment, Food and Rural Affairs) (Biodiversity, Landscape and Rural Affairs)",2006-05-05,2007-06-28,419.0,2005-05-05,1803.0,Labour,Tony Blair,https://id.parliament.uk/qnV6B37K,146,non_senior,False,regex:\bparliamentary under-?secretary\b
Elizabeth,Blackman,Commons,Assistant Whip (HM Treasury),2006-05-05,2007-06-28,419.0,2005-05-05,1803.0,Labour,Tony Blair,https://id.parliament.uk/8KYzSTJw,329,non_senior,False,regex:\bassistant whip\b
Claire,Ward,Commons,Lord Commissioner (HM Treasury) (Whip),2006-05-05,2008-10-05,884.0,2005-05-05,1803.0,Labour,Tony Blair,https://id.parliament.uk/AMR7iXTa,73,non_senior,False,regex:\bwhip\b
Desmond,Browne,Commons,Secretary of State for Defence,2006-05-05,2008-10-03,882.0,2005-05-05,1803.0,Labour,Tony Blair,https://id.parliament.uk/OhBFKZen,620,senior,True,contains:secretary of state
John,Straw,Commons,Leader of the House of Commons and Lord Privy Seal,2006-05-05,2007-06-28,419.0,2005-05-05,1803.0,Labour,Tony Blair,https://id.parliament.uk/191FW2uo,463,senior,True,contains:lord privy seal
Jacqui,Smith,Commons,Parliamentary Secretary to the Treasury (Chief Whip),2006-05-05,2007-06-28,419.0,2005-05-05,1803.0,Labour,Tony Blair,https://id.parliament.uk/w2LmQRJM,269,non_senior,False,regex:\bparliamentary secretary\b
Yvette,Cooper,Commons,Minister of State (Department of Communities and Local Government) (Housing and Planning),2006-05-05,2007-06-28,419.0,2005-05-05,1803.0,Labour,Tony Blair,https://id.parliament.uk/WIjC8hXZ,420,ambiguous,False,regex:\bminister of state\b
Ivan,Lewis,Commons,Parliamentary Under-Secretary (Department of Health) (Care Services),2006-05-05,2008-10-05,884.0,2005-05-05,1803.0,Labour,Tony Blair,https://id.parliament.uk/YC7Iv4FO,441,non_senior,False,regex:\bparliamentary under-?secretary\b
Hilary,Armstrong,Commons,Minister (Cabinet Office) and Minister (Social Exclusion) and Chancellor of the Duchy of Lancaster,2006-05-05,2007-06-28,419.0,2005-05-05,1803.0,Labour,Tony Blair,https://id.parliament.uk/2N2rM0o6,4150,senior,True,contains:chancellor of the duchy of lancaster
John,Prescott,Commons,Deputy Prime Minister and First Secretary of State,2006-05-05,2007-06-28,419.0,2005-05-05,1803.0,Labour,Tony Blair,https://id.parliament.uk/YIlbg1p1,374,senior,True,contains:prime minister
Angela,Smith,Commons,Parliamentary Under-Secretary (Department for Communities and Local Government) (Planning),2006-05-05,2007-06-28,419.0,2005-05-05,1803.0,Labour,Tony Blair,https://id.parliament.uk/6lkJGvGZ,4170,non_senior,False,regex:\bparliamentary under-?secretary\b
James,Purnell,Commons,Minister of State (Department for Work and Pensions) (Pensions Reform),2006-05-05,2007-06-28,419.0,2005-05-05,1803.0,Labour,Tony Blair,https://id.parliament.uk/g3FgrthI,1455,ambiguous,False,regex:\bminister of state\b
Elizabeth,Andrews,Lords,Parliamentary Under-Secretary (Department for Communities and Local Government),2006-05-05,2009-06-05,1127.0,2005-05-05,1803.0,Labour,Tony Blair,https://id.parliament.uk/IrPeiG0h,2534,non_senior,False,regex:\bparliamentary under-?secretary\b
Vernon,Coaker,Commons,Parliamentary Under-Secretary (Home Office),2006-05-05,2007-06-28,419.0,2005-05-05,1803.0,Labour,Tony Blair,https://id.parliament.uk/ERxC3bUI,360,non_senior,False,regex:\bparliamentary under-?secretary\b
Edward,Balls,Commons,Economic Secretary (HM Treasury),2006-05-05,2007-06-28,419.0,2005-05-05,1803.0,Labour,Tony Blair,https://id.parliament.uk/2Zqi5PMu,1549,ambiguous,False,regex:\beconomic secretary\b
Alan,Campbell,Commons,Lord Commissioner (HM Treasury) (Whip),2006-05-05,2008-10-05,884.0,2005-05-05,1803.0,Labour,Tony Blair,https://id.parliament.uk/OA5UNsUG,529,non_senior,False,regex:\bwhip\b
Caroline,Flint,Commons,Minister of State (Department of Health) (Public Health),2006-05-05,2007-06-28,419.0,2005-05-05,1803.0,Labour,Tony Blair,https://id.parliament.uk/udOHn9j5,389,ambiguous,False,regex:\bminister of state\b
Kevin,Brennan,Commons,Lord Commissioner (HM Treasury) (Whip),2006-05-05,2007-06-28,419.0,2005-05-05,1803.0,Labour,Tony Blair,https://id.parliament.uk/B4kpjDsU,1400,non_senior,False,regex:\bwhip\b
Jonathan,Shaw,Commons,Assistant Whip (HM Treasury),2006-05-05,2007-06-28,419.0,2005-05-05,1803.0,Labour,Tony Blair,https://id.parliament.uk/1z5Ehj5o,78,non_senior,False,regex:\bassistant whip\b
Gillian,Merron,Commons,Parliamentary Under-Secretary (Department for Transport),2006-05-05,2007-06-28,419.0,2005-05-05,1803.0,Labour,Tony Blair,https://id.parliament.uk/LHQleG2k,347,non_senior,False,regex:\bparliamentary under-?secretary\b
Geoffrey,Hoon,Commons,Minister of State (Europe),2006-05-05,2007-06-28,419.0,2005-05-05,1803.0,Labour,Tony Blair,https://id.parliament.uk/yHpMxMCv,357,ambiguous,False,regex:\bminister of state\b
Maria,Eagle,Commons,Parliamentary Under-Secretary (Northern Ireland Office),2006-05-05,2007-06-28,419.0,2005-05-05,1803.0,Labour,Tony Blair,https://id.parliament.uk/wr5FZYiJ,483,non_senior,False,regex:\bparliamentary under-?secretary\b
Liam,Byrne,Commons,Minister of State (Home Office),2006-05-05,2006-05-22,17.0,2005-05-05,1803.0,Labour,Tony Blair,https://id.parliament.uk/k8mCzVcd,1171,ambiguous,False,regex:\bminister of state\b
Margaret,Hodge,Commons,Minister of State (Industry and the Regions),2006-05-05,2007-06-28,419.0,2005-05-05,1803.0,Labour,Tony Blair,https://id.parliament.uk/nerwVGrY,140,ambiguous,False,regex:\bminister of state\b
Stephen,Timms,Commons,Chief Secretary to the Treasury,2006-05-05,2007-06-28,419.0,2005-05-05,1803.0,Labour,Tony Blair,https://id.parliament.uk/R62qdyhF,163,senior,True,contains:chief secretary to the treasury
David,Miliband,Commons,"Secretary of State for Environment, Food and Rural Affairs",2006-05-05,2007-06-28,419.0,2005-05-05,1803.0,Labour,Tony Blair,https://id.parliament.uk/lG5RlZ9z,1452,senior,True,contains:secretary of state
James,Knight,Commons,Minister of State (Education and Skills) (Schools and 14-19 Learners),2006-05-05,2007-06-28,419.0,2005-05-05,1803.0,Labour,Tony Blair,https://id.parliament.uk/TImtubyi,4160,ambiguous,False,regex:\bminister of state\b
Edward,Miliband,Commons,Parliamentary Secretary (Cabinet Office),2006-05-05,2007-06-28,419.0,2005-05-05,1803.0,Labour,Tony Blair,https://id.parliament.uk/3AEDOK86,1510,non_senior,False,regex:\bparliamentary secretary\b
Norman,Warner,Lords,Minister of State (Department of Health) (NHS Reform),2006-05-05,2007-01-04,244.0,2005-05-05,1803.0,Labour,Tony Blair,https://id.parliament.uk/GyE8pcDH,1732,ambiguous,False,regex:\bminister of state\b
James,Fitzpatrick,Commons,Parliamentary Under-Secretary (Employment Relations & Postal Services),2006-05-05,2007-06-28,419.0,2005-05-05,1803.0,Labour,Tony Blair,https://id.parliament.uk/dreRtJBE,197,non_senior,False,regex:\bparliamentary under-?secretary\b
Jeffrey,Rooker,Lords,"Minister of State (Department for Environment, Food and Rural Affairs) (Sustainable Farming and Food)",2006-05-09,2007-06-28,415.0,2005-05-05,1803.0,Labour,Tony Blair,https://id.parliament.uk/wjDiGH73,302,ambiguous,False,regex:\bminister of state\b
John,Cairns,Commons,Parliamentary Under-Secretary (Northern Ireland Office),2006-05-09,2007-05-08,364.0,2005-05-05,1803.0,Labour,Tony Blair,https://id.parliament.uk/ddDZw2FR,1421,non_senior,False,regex:\bparliamentary under-?secretary\b
Liam,Byrne,Commons,"Minister of State (Home Office) (Immigration, Citizenship and Nationality)",2006-05-22,2007-05-08,351.0,2005-05-05,1803.0,Labour,Tony Blair,https://id.parliament.uk/k8mCzVcd,1171,ambiguous,False,regex:\bminister of state\b
Anthony,McNulty,Commons,"Minister of State (Home Office) (Policing, Security and Community Safety)",2006-05-22,2007-05-08,351.0,2005-05-05,1803.0,Labour,Tony Blair,https://id.parliament.uk/monhxmKY,176,ambiguous,False,regex:\bminister of state\b
William,Peel,Lords,Lord Chamberlain (HM Household),2006-06-30,2021-03-31,5388.0,2005-05-05,1803.0,Conservative,Tony Blair,https://id.parliament.uk/JSRn8H53,3161,ambiguous,False,default
John,Twigg,Commons,Parliamentary Under-Secretary (Ministry of Defence) (Veterans),2006-09-06,2008-10-05,760.0,2005-05-05,1803.0,Labour,Tony Blair,https://id.parliament.uk/GoNpDBog,429,non_senior,False,regex:\bparliamentary under-?secretary\b
Thomas,Harris,Commons,Parliamentary Under-Secretary (Department for Transport),2006-09-06,2008-10-05,760.0,2005-05-05,1803.0,Labour,Tony Blair,https://id.parliament.uk/5H7Hr0dU,1418,non_senior,False,regex:\bparliamentary under-?secretary\b
Malcolm,Wicks,Commons,Minister of State (Science and Innovation),2006-11-10,2007-06-28,230.0,2005-05-05,1803.0,Labour,Tony Blair,https://id.parliament.uk/VXjH5FEb,156,ambiguous,False,regex:\bminister of state\b
Benjamin,Bradshaw,Commons,"Minister of State (Department for Environment, Food and Rural Affairs) (Local Environment, Marine and Animal Welfare)",2006-11-10,2007-06-28,230.0,2005-05-05,1803.0,Labour,Tony Blair,https://id.parliament.uk/ZyIYdZQ4,230,ambiguous,False,regex:\bminister of state\b
Peter,Truscott,Lords,Parliamentary Under-Secretary (Trade and Industry) (Energy),2006-11-10,2007-06-28,230.0,2005-05-05,1803.0,Labour,Tony Blair,https://id.parliament.uk/akYUhOyL,3682,non_senior,False,regex:\bparliamentary under-?secretary\b
Philip,Hunt,Lords,Minister of State (Department of Health) (NHS Reform),2007-01-05,2007-06-28,174.0,2005-05-05,1803.0,Labour,Tony Blair,https://id.parliament.uk/p4clIXl7,2024,ambiguous,False,regex:\bminister of state\b
William,McKenzie,Lords,Parliamentary Under-Secretary (Department for Work and Pensions),2007-01-09,2007-06-28,170.0,2005-05-05,1803.0,Labour,Tony Blair,https://id.parliament.uk/Gew5X0FU,3694,non_senior,False,regex:\bparliamentary under-?secretary\b
Paul,Drayson,Lords,Minister of State  (Ministry of Defence) (Defence Equipment and Support),2007-03-07,2007-06-28,113.0,2005-05-05,1803.0,Labour,Tony Blair,https://id.parliament.uk/q2DKvvyq,3669,ambiguous,False,regex:\bminister of state\b
Simon,Tipping,Commons,Deputy Leader of the House of Commons,2007-03-28,2007-06-28,92.0,2005-05-05,1803.0,Labour,Tony Blair,https://id.parliament.uk/Co11vGvD,367,senior,True,contains:leader of the house of commons
David,Hanson,Commons,Minister of State (Ministry of Justice),2007-05-09,2009-06-05,758.0,2005-05-05,1803.0,Labour,Tony Blair,https://id.parliament.uk/RBI4vae5,533,ambiguous,False,regex:\bminister of state\b
Liam,Byrne,Commons,Minister of State (Home Office) (Immigration and Asylum),2007-05-09,2007-06-28,50.0,2005-05-05,1803.0,Labour,Tony Blair,https://id.parliament.uk/k8mCzVcd,1171,ambiguous,False,regex:\bminister of state\b
Patricia,Scotland,Lords,Minister of State (Home Office) (Crime Reduction),2007-05-09,2007-06-28,50.0,2005-05-05,1803.0,Labour,Tony Blair,https://id.parliament.uk/QZPI7xrm,2099,ambiguous,False,regex:\bminister of state\b
Harriet,Harman,Commons,Minister of State (Ministry of Justice),2007-05-09,2007-06-28,50.0,2005-05-05,1803.0,Labour,Tony Blair,https://id.parliament.uk/Jhxlo2zC,150,ambiguous,False,regex:\bminister of state\b
Vera,Baird,Commons,Parliamentary Under-Secretary (Ministry of Justice),2007-05-09,2007-07-02,54.0,2005-05-05,1803.0,Labour,Tony Blair,https://id.parliament.uk/SrJCDRU7,1445,non_senior,False,regex:\bparliamentary under-?secretary\b
Anthony,McNulty,Commons,"Minister of State (Home Office) (Security, Counter-terrorism, Crime and Policing)",2007-05-09,2008-10-03,513.0,2005-05-05,1803.0,Labour,Tony Blair,https://id.parliament.uk/monhxmKY,176,ambiguous,False,regex:\bminister of state\b
Gerard,Sutcliffe,Commons,Parliamentary Under-Secretary (Ministry of Justice),2007-05-09,2007-06-28,50.0,2005-05-05,1803.0,Labour,Tony Blair,https://id.parliament.uk/nB1wXXwJ,403,non_senior,False,regex:\bparliamentary under-?secretary\b
Catherine,Ashton,Lords,Parliamentary Under-Secretary (Ministry of Justice),2007-05-09,2007-06-28,50.0,2005-05-05,1803.0,Labour,Tony Blair,https://id.parliament.uk/74ks53Cm,2500,non_senior,False,regex:\bparliamentary under-?secretary\b
Charles,Falconer,Lords,Lord Chancellor and Secretary of State for Justice,2007-05-09,2007-06-28,50.0,2005-05-05,1803.0,Labour,Tony Blair,https://id.parliament.uk/8rhWhDwJ,2758,senior,True,contains:lord chancellor
Bridget,Prentice,Commons,Parliamentary Under-Secretary (Ministry of Justice),2007-05-09,2010-05-06,1093.0,2005-05-05,1803.0,Labour,Tony Blair,https://id.parliament.uk/Lc3okOFy,191,non_senior,False,regex:\bparliamentary under-?secretary\b
Benjamin,Bradshaw,Commons,Minister of State (Department of Health) (Health Services),2007-06-28,2009-06-05,708.0,2005-05-05,1803.0,Labour,Gordon Brown,https://id.parliament.uk/ZyIYdZQ4,230,ambiguous,False,regex:\bminister of state\b
Harriet,Harman,Commons,Leader of the House of Commons and Lord Privy Seal,2007-06-28,2010-05-06,1043.0,2005-05-05,1803.0,Labour,Gordon Brown,https://id.parliament.uk/Jhxlo2zC,150,senior,True,contains:lord privy seal
David,Miliband,Commons,Foreign Secretary,2007-06-28,2010-05-06,1043.0,2005-05-05,1803.0,Labour,Gordon Brown,https://id.parliament.uk/lG5RlZ9z,1452,ambiguous,False,default
Douglas,Alexander,Commons,Secretary of State for International Development,2007-06-28,2010-05-06,1043.0,2005-05-05,1803.0,Labour,Gordon Brown,https://id.parliament.uk/PlwVEpAi,632,senior,True,contains:secretary of state
John,Straw,Commons,Lord Chancellor and Secretary of State for Justice,2007-06-28,2010-05-06,1043.0,2005-05-05,1803.0,Labour,Gordon Brown,https://id.parliament.uk/191FW2uo,463,senior,True,contains:lord chancellor
Hazel,Blears,Commons,Secretary of State for Communities and Local Government,2007-06-28,2009-06-05,708.0,2005-05-05,1803.0,Labour,Gordon Brown,https://id.parliament.uk/FHckXpZX,456,senior,True,contains:secretary of state
Beverley,Hughes,Commons,"Minister of State (Department for Children, Schools and Families) (Children and Youth Justice) (and Minister for the North West)",2007-06-28,2009-06-05,708.0,2005-05-05,1803.0,Labour,Gordon Brown,https://id.parliament.uk/QIwykLVU,459,ambiguous,False,regex:\bminister of state\b
Elizabeth,Blackman,Commons,Vice-Chamberlain (HM Household),2007-06-28,2008-10-05,465.0,2005-05-05,1803.0,Labour,Gordon Brown,https://id.parliament.uk/8KYzSTJw,329,ambiguous,False,default
Alistair,Darling,Commons,Chancellor of the Exchequer,2007-06-28,2010-05-06,1043.0,2005-05-05,1803.0,Labour,Gordon Brown,https://id.parliament.uk/t2ppPOcs,596,senior,True,contains:chancellor of the exchequer
James,Murphy,Commons,Minister of State (Europe),2007-06-28,2008-10-03,463.0,2005-05-05,1803.0,Labour,Gordon Brown,https://id.parliament.uk/r3w59RHe,595,ambiguous,False,regex:\bminister of state\b
Yvette,Cooper,Commons,Minister of State (Department of Communities and Local Government) (Housing),2007-06-28,2008-01-24,210.0,2005-05-05,1803.0,Labour,Gordon Brown,https://id.parliament.uk/WIjC8hXZ,420,ambiguous,False,regex:\bminister of state\b
Peter,Hain,Commons,Secretary of State for Work and Pensions,2007-06-28,2008-01-24,210.0,2005-05-05,1803.0,Labour,Gordon Brown,https://id.parliament.uk/2jVmwnh9,567,senior,True,contains:secretary of state
Gillian,Merron,Commons,Parliamentary Under-Secretary (Cabinet Office),2007-06-28,2008-01-25,211.0,2005-05-05,1803.0,Labour,Gordon Brown,https://id.parliament.uk/LHQleG2k,347,non_senior,False,regex:\bparliamentary under-?secretary\b
George,Malloch-Brown,Lords,"Minister of State (Africa, Asia and the UN)",2007-06-28,2009-07-24,757.0,2005-05-05,1803.0,,Gordon Brown,https://id.parliament.uk/jygpWdjW,3774,ambiguous,False,regex:\bminister of state\b
Gillian,Merron,Commons,Parliamentary Under-Secretary (Regional Affairs) (East Midlands),2007-06-28,2008-01-25,211.0,2005-05-05,1803.0,Labour,Gordon Brown,https://id.parliament.uk/LHQleG2k,347,non_senior,False,regex:\bparliamentary under-?secretary\b
Shaun,Woodward,Commons,Secretary of State for Northern Ireland,2007-06-28,2010-05-06,1043.0,2005-05-05,1803.0,Labour,Gordon Brown,https://id.parliament.uk/JlJgzub3,98,senior,True,contains:secretary of state
Nicholas,Brown,Commons,"Treasurer of HM Household (Deputy Chief Whip, House of Commons)",2007-06-28,2008-10-03,463.0,2005-05-05,1803.0,Labour,Gordon Brown,https://id.parliament.uk/s4JIJptz,523,non_senior,False,regex:\bwhip\b
James,Brown,Commons,"Prime Minister, First Lord of the Treasury and Minister for the Civil Service",2007-06-28,2010-05-06,1043.0,2005-05-05,1803.0,Labour,Gordon Brown,https://id.parliament.uk/ctpr2BTB,591,senior,True,contains:prime minister
John,Hutton,Commons,"Secretary of State for Business, Enterprise and Regulatory Reform",2007-06-28,2008-10-03,463.0,2005-05-05,1803.0,Labour,Gordon Brown,https://id.parliament.uk/R4VIOLKR,494,senior,True,contains:secretary of state
Catherine,Ashton,Lords,Leader of the House of Lords and Lord President of the Council (Privy Council Office),2007-06-28,2008-10-03,463.0,2005-05-05,1803.0,Labour,Gordon Brown,https://id.parliament.uk/74ks53Cm,2500,senior,True,contains:lord president of the council
Alan,Johnson,Commons,Secretary of State for Health,2007-06-28,2009-06-05,708.0,2005-05-05,1803.0,Labour,Gordon Brown,https://id.parliament.uk/dtaMwBoC,376,senior,True,contains:secretary of state
Geoffrey,Hoon,Commons,Parliamentary Secretary to the Treasury (Chief Whip),2007-06-28,2008-10-03,463.0,2005-05-05,1803.0,Labour,Gordon Brown,https://id.parliament.uk/yHpMxMCv,357,non_senior,False,regex:\bparliamentary secretary\b
Desmond,Browne,Commons,Secretary of State for Scotland,2007-06-28,2008-10-03,463.0,2005-05-05,1803.0,Labour,Gordon Brown,https://id.parliament.uk/OhBFKZen,620,senior,True,contains:secretary of state
Edward,Miliband,Commons,Minister (Cabinet Office) and Chancellor of the Duchy of Lancaster,2007-06-28,2008-10-03,463.0,2005-05-05,1803.0,Labour,Gordon Brown,https://id.parliament.uk/3AEDOK86,1510,senior,True,contains:chancellor of the duchy of lancaster
Edward,Balls,Commons,"Secretary of State for Children, Schools and Families",2007-06-28,2010-05-06,1043.0,2005-05-05,1803.0,Labour,Gordon Brown,https://id.parliament.uk/2Zqi5PMu,1549,senior,True,contains:secretary of state
Andrew,Burnham,Commons,Chief Secretary to the Treasury,2007-06-28,2008-01-24,210.0,2005-05-05,1803.0,Labour,Gordon Brown,https://id.parliament.uk/Tpxm134z,1427,senior,True,contains:chief secretary to the treasury
Barry,Gardiner,Commons,Special Envoy for Forestry,2007-06-28,2008-09-15,445.0,2005-05-05,1803.0,Labour,Gordon Brown,https://id.parliament.uk/qnV6B37K,146,ambiguous,False,default
James,Purnell,Commons,"Secretary of State for Culture, Media and Sport",2007-06-28,2008-01-24,210.0,2005-05-05,1803.0,Labour,Gordon Brown,https://id.parliament.uk/g3FgrthI,1455,senior,True,contains:secretary of state
Caroline,Flint,Commons,Minister of State (Department for Work and Pensions) (Employment and Welfare Reform),2007-06-28,2008-01-25,211.0,2005-05-05,1803.0,Labour,Gordon Brown,https://id.parliament.uk/udOHn9j5,389,ambiguous,False,regex:\bminister of state\b
Caroline,Flint,Commons,Minister of State (Regional Affairs) (Yorkshire and the Humber),2007-06-28,2008-01-09,195.0,2005-05-05,1803.0,Labour,Gordon Brown,https://id.parliament.uk/udOHn9j5,389,ambiguous,False,regex:\bminister of state\b
Tessa,Jowell,Commons,Minister of State (Cabinet Office) (Olympics and Paymaster General),2007-06-28,2009-06-05,708.0,2005-05-05,1803.0,Labour,Gordon Brown,https://id.parliament.uk/1JWIKvq4,159,ambiguous,False,regex:\bminister of state\b
Hilary,Benn,Commons,"Secretary of State for Environment, Food and Rural Affairs",2007-06-28,2010-05-06,1043.0,2005-05-05,1803.0,Labour,Gordon Brown,https://id.parliament.uk/rbKJTCFu,413,senior,True,contains:secretary of state
Daphne,Follett,Commons,Parliamentary Under-Secretary (Department for Work and Pensions),2007-06-28,2007-10-12,106.0,2005-05-05,1803.0,Labour,Gordon Brown,https://id.parliament.uk/STtCaTj4,72,non_senior,False,regex:\bparliamentary under-?secretary\b
John,Denham,Commons,"Secretary of State for Innovation, Universities and Skills",2007-06-28,2009-06-05,708.0,2005-05-05,1803.0,Labour,Gordon Brown,https://id.parliament.uk/ArKNOGoC,61,senior,True,contains:secretary of state
Liam,Byrne,Commons,Minister of State (Home Office) (Borders and Immigration),2007-06-28,2008-10-03,463.0,2005-05-05,1803.0,Labour,Gordon Brown,https://id.parliament.uk/k8mCzVcd,1171,ambiguous,False,regex:\bminister of state\b
Patricia,Scotland,Lords,Attorney General,2007-06-28,2010-05-06,1043.0,2005-05-05,1803.0,Labour,Gordon Brown,https://id.parliament.uk/QZPI7xrm,2099,ambiguous,False,regex:\battorney general\b
Jacqui,Smith,Commons,Home Secretary,2007-06-28,2009-06-05,708.0,2005-05-05,1803.0,Labour,Gordon Brown,https://id.parliament.uk/w2LmQRJM,269,ambiguous,False,default
Ruth,Kelly,Commons,Secretary of State for Transport,2007-06-28,2008-10-05,465.0,2005-05-05,1803.0,Labour,Gordon Brown,https://id.parliament.uk/GrGkIxzE,439,senior,True,contains:secretary of state
Iain,Wright,Commons,Parliamentary Under-Secretary (Department for Communities and Local Government),2007-06-29,2009-06-09,711.0,2005-05-05,1803.0,Labour,Gordon Brown,https://id.parliament.uk/NasAUcje,1478,non_senior,False,regex:\bparliamentary under-?secretary\b
Ara,Darzi,Lords,Parliamentary Under-Secretary (Department of Health),2007-06-29,2009-07-21,753.0,2005-05-05,1803.0,,Gordon Brown,https://id.parliament.uk/SqIKfzts,3779,non_senior,False,regex:\bparliamentary under-?secretary\b
Parmjit,Dhanda,Commons,Parliamentary Under-Secretary (Department for Communities and Local Government) (Planning),2007-06-29,2008-10-05,464.0,2005-05-05,1803.0,Labour,Gordon Brown,https://id.parliament.uk/2DrCqwtb,1420,non_senior,False,regex:\bparliamentary under-?secretary\b
Ian,Pearson,Commons,"Minister of State (Department for Innovation, Universities and Skills) (Science and Innovation)",2007-06-29,2008-10-05,464.0,2005-05-05,1803.0,Labour,Gordon Brown,https://id.parliament.uk/9WGxxQ6e,310,ambiguous,False,regex:\bminister of state\b
Kevin,Brennan,Commons,"Parliamentary Under-Secretary (Department for Children, Schools and Families) (Children, Young People and Families)",2007-06-29,2008-10-05,464.0,2005-05-05,1803.0,Labour,Gordon Brown,https://id.parliament.uk/B4kpjDsU,1400,non_senior,False,regex:\bparliamentary under-?secretary\b
Anthony,McNulty,Commons,Minister of State (Regional Affairs) (London),2007-06-29,2009-06-09,711.0,2005-05-05,1803.0,Labour,Gordon Brown,https://id.parliament.uk/monhxmKY,176,ambiguous,False,regex:\bminister of state\b
Daphne,Follett,Commons,Minister of State (Regional Affairs) (East of England),2007-06-29,2010-05-06,1042.0,2005-05-05,1803.0,Labour,Gordon Brown,https://id.parliament.uk/STtCaTj4,72,ambiguous,False,regex:\bminister of state\b
James,Fitzpatrick,Commons,Parliamentary Under-Secretary (Department for Transport),2007-06-29,2009-06-05,707.0,2005-05-05,1803.0,Labour,Gordon Brown,https://id.parliament.uk/dreRtJBE,197,non_senior,False,regex:\bparliamentary under-?secretary\b
David,Lammy,Commons,"Parliamentary Under-Secretary (Department for Innovation, Universities and Skills) (Skills)",2007-06-29,2008-10-05,464.0,2005-05-05,1803.0,Labour,Gordon Brown,https://id.parliament.uk/xY3sNmne,206,non_senior,False,regex:\bparliamentary under-?secretary\b
David,Triesman,Lords,"Parliamentary Under-Secretary (Department for Innovation, Universities and Skills) (Intellectual Property and Quality)",2007-06-29,2008-01-25,210.0,2005-05-05,1803.0,Labour,Gordon Brown,https://id.parliament.uk/78dgSAJN,3651,non_senior,False,regex:\bparliamentary under-?secretary\b
James,Knight,Commons,"Minister of State (Department for Children, Schools and Families) (Schools and Learners)",2007-06-29,2009-06-09,711.0,2005-05-05,1803.0,Labour,Gordon Brown,https://id.parliament.uk/TImtubyi,4160,ambiguous,False,regex:\bminister of state\b
Jonathan,Shaw,Commons,"Parliamentary Under-Secretary (Department for Environment, Food and Rural Affairs) (Marine, Landscape and Rural Affairs)",2007-06-29,2008-10-05,464.0,2005-05-05,1803.0,Labour,Gordon Brown,https://id.parliament.uk/1z5Ehj5o,78,non_senior,False,regex:\bparliamentary under-?secretary\b
Jonathan,Shaw,Commons,Minister of State (Regional Affairs) (South East),2007-06-29,2010-05-06,1042.0,2005-05-05,1803.0,Labour,Gordon Brown,https://id.parliament.uk/1z5Ehj5o,78,ambiguous,False,regex:\bminister of state\b
John,Healey,Commons,Minister of State (Department of Communities and Local Government) (Local Government),2007-06-29,2009-06-05,707.0,2005-05-05,1803.0,Labour,Gordon Brown,https://id.parliament.uk/9VjJ9Mfg,400,ambiguous,False,regex:\bminister of state\b
Dawn,Primarolo,Commons,Minister of State (Department of Health) (Public Health),2007-06-29,2009-06-08,710.0,2005-05-05,1803.0,Labour,Gordon Brown,https://id.parliament.uk/0FqjjgNp,217,ambiguous,False,regex:\bminister of state\b
Paul,Drayson,Lords,"Minister of State (Department for Business, Enterprise and Regulatory Reform) (Business and Regulatory Reform)",2007-06-29,2007-11-07,131.0,2005-05-05,1803.0,Labour,Gordon Brown,https://id.parliament.uk/q2DKvvyq,3669,ambiguous,False,regex:\bminister of state\b
Philip,Hope,Commons,Parliamentary Secretary (Cabinet Office) (Third Sector),2007-06-29,2008-10-05,464.0,2005-05-05,1803.0,Labour,Gordon Brown,https://id.parliament.uk/638YRKeI,351,non_senior,False,regex:\bparliamentary secretary\b
Paul,Goggins,Commons,Minister of State (Northern Ireland Office),2007-06-29,2010-05-06,1042.0,2005-05-05,1803.0,Labour,Gordon Brown,https://id.parliament.uk/roRiaRp8,462,ambiguous,False,regex:\bminister of state\b
William,Rammell,Commons,"Minister of State (Department for Innovation, Universities and Skills) (Lifelong Learning, Further and Higher Education)",2007-06-29,2008-10-05,464.0,2005-05-05,1803.0,Labour,Gordon Brown,https://id.parliament.uk/zRT6JXFe,37,ambiguous,False,regex:\bminister of state\b
Rosie,Winterton,Commons,Minister of State (Department for Transport),2007-06-29,2008-10-05,464.0,2005-05-05,1803.0,Labour,Gordon Brown,https://id.parliament.uk/C9I7sOdf,390,ambiguous,False,regex:\bminister of state\b
Margaret,Hodge,Commons,"Minister of State (Department for Culture, Media and Sport) (Culture, Creative Industries and Tourism)",2007-06-29,2008-10-05,464.0,2005-05-05,1803.0,Labour,Gordon Brown,https://id.parliament.uk/nerwVGrY,140,ambiguous,False,regex:\bminister of state\b
Alan,West,Lords,Parliamentary Under-Secretary (Home Office) (Security and Counter-terrorism),2007-06-29,2010-05-06,1042.0,2005-05-05,1803.0,,Gordon Brown,https://id.parliament.uk/vIqncUPA,3834,non_senior,False,regex:\bparliamentary under-?secretary\b
Benjamin,Bradshaw,Commons,Minister of State (Regional Affairs) (South West),2007-06-29,2009-06-09,711.0,2005-05-05,1803.0,Labour,Gordon Brown,https://id.parliament.uk/ZyIYdZQ4,230,ambiguous,False,regex:\bminister of state\b
Paul,Drayson,Lords,"Minister of State (Ministry of Defence) (Defence Equipment and Support) (also Department of Business, Enterprise and Regulatory Reform)",2007-06-29,2007-11-07,131.0,2005-05-05,1803.0,Labour,Gordon Brown,https://id.parliament.uk/q2DKvvyq,3669,ambiguous,False,regex:\bminister of state\b
Nicholas,Brown,Commons,Minister of State (Regional Affairs) (North East),2007-06-29,2010-05-06,1042.0,2005-05-05,1803.0,Labour,Gordon Brown,https://id.parliament.uk/s4JIJptz,523,ambiguous,False,regex:\bminister of state\b
Gerard,Sutcliffe,Commons,"Parliamentary Under-Secretary (Department for Culture, Media and Sport) (Sport)",2007-06-29,2010-05-06,1042.0,2005-05-05,1803.0,Labour,Gordon Brown,https://id.parliament.uk/nB1wXXwJ,403,non_senior,False,regex:\bparliamentary under-?secretary\b
Digby,Jones,Lords,"Minister of State (Foreign and Commonwealth Office) (also in the Department of Business, Enterprise and Regulatory Reform)",2007-06-29,2008-10-05,464.0,2005-05-05,1803.0,,Gordon Brown,https://id.parliament.uk/ZyNLgPMo,3775,ambiguous,False,regex:\bminister of state\b
Andrew,Adonis,Lords,"Parliamentary Under-Secretary (Department for Children, Schools and Families) (Schools and Learners)",2007-06-29,2008-10-05,464.0,2005-05-05,1803.0,Labour,Gordon Brown,https://id.parliament.uk/WAsaVnhM,3743,non_senior,False,regex:\bparliamentary under-?secretary\b
Joan,Ryan,Commons,Prime Minister's Special Representative to Cyprus,2007-06-29,2008-09-14,443.0,2005-05-05,1803.0,Labour,Gordon Brown,https://id.parliament.uk/SlLir4sw,166,senior,True,contains:prime minister
Angela,Eagle,Commons,Exchequer Secretary (HM Treasury),2007-06-29,2009-06-09,711.0,2005-05-05,1803.0,Labour,Gordon Brown,https://id.parliament.uk/saLBlZIO,491,ambiguous,False,default
Digby,Jones,Lords,"Minister of State (Department for Business, Enterprise and Regulatory Reform) (Trade Promotion and Investment)",2007-06-29,2007-11-07,131.0,2005-05-05,1803.0,,Gordon Brown,https://id.parliament.uk/ZyNLgPMo,3775,ambiguous,False,regex:\bminister of state\b
Liam,Byrne,Commons,Minister of State (Regional Affairs) (West Midlands),2007-06-29,2008-10-06,465.0,2005-05-05,1803.0,Labour,Gordon Brown,https://id.parliament.uk/k8mCzVcd,1171,ambiguous,False,regex:\bminister of state\b
Margaret,Munn,Commons,Parliamentary Under-Secretary (Foreign and Commonwealth Office),2007-07-02,2008-10-05,461.0,2005-05-05,1803.0,Labour,Gordon Brown,https://id.parliament.uk/7DGkOf0i,1448,non_senior,False,regex:\bparliamentary under-?secretary\b
Alison,Seabeck,Commons,Assistant Whip (HM Treasury),2007-07-02,2008-10-05,461.0,2005-05-05,1803.0,Labour,Gordon Brown,https://id.parliament.uk/bKgi9Wkb,1552,non_senior,False,regex:\bassistant whip\b
Jane,Kennedy,Commons,Financial Secretary (HM Treasury),2007-07-02,2008-10-05,461.0,2005-05-05,1803.0,Labour,Gordon Brown,https://id.parliament.uk/f5YiNuqP,486,ambiguous,False,regex:\bfinancial secretary\b
Gareth,Thomas,Commons,"Parliamentary Under-Secretary(Department for International Development) (Trade Policy) (also Business, Enterprise and Regulatory Reform)",2007-07-02,2008-10-05,461.0,2005-05-05,1803.0,Labour,Gordon Brown,https://id.parliament.uk/FOcypHE2,177,non_senior,False,regex:\bparliamentary under-?secretary\b
Sadiq,Khan,Commons,Assistant Whip (HM Treasury),2007-07-02,2008-10-05,461.0,2005-05-05,1803.0,Labour,Gordon Brown,https://id.parliament.uk/7JBU8aJx,1577,non_senior,False,regex:\bassistant whip\b
Gareth,Thomas,Commons,"Parliamentary Under-Secretary (Department for Business, Enterprise and Regulatory Reform) (Trade and Consumer Affairs) (also Department for International Development)",2007-07-02,2008-10-05,461.0,2005-05-05,1803.0,Labour,Gordon Brown,https://id.parliament.uk/FOcypHE2,177,non_senior,False,regex:\bparliamentary under-?secretary\b
Philip,Hunt,Lords,Parliamentary Under-Secretary (Ministry of Justice),2007-07-02,2008-10-05,461.0,2005-05-05,1803.0,Labour,Gordon Brown,https://id.parliament.uk/p4clIXl7,2024,non_senior,False,regex:\bparliamentary under-?secretary\b
Vera,Baird,Commons,Solicitor General (Attorney General's Office),2007-07-02,2010-05-06,1039.0,2005-05-05,1803.0,Labour,Gordon Brown,https://id.parliament.uk/SrJCDRU7,1445,ambiguous,False,regex:\battorney general\b
Vernon,Coaker,Commons,Parliamentary Under-Secretary (Home Office) (Crime Reduction),2007-07-02,2008-10-05,461.0,2005-05-05,1803.0,Labour,Gordon Brown,https://id.parliament.uk/ERxC3bUI,360,non_senior,False,regex:\bparliamentary under-?secretary\b
Margaret,Hillier,Commons,Parliamentary Under-Secretary (Home Office) (Identity),2007-07-02,2009-08-06,766.0,2005-05-05,1803.0,Labour,Gordon Brown,https://id.parliament.uk/dlZ50gBC,1524,non_senior,False,regex:\bparliamentary under-?secretary\b
William,McKenzie,Lords,Parliamentary Under-Secretary (Department for Work and Pensions) (also in the Department for Communities and Local Government),2007-07-02,2010-05-06,1039.0,2005-05-05,1803.0,Labour,Gordon Brown,https://id.parliament.uk/Gew5X0FU,3694,non_senior,False,regex:\bparliamentary under-?secretary\b
Malcolm,Wicks,Commons,"Minister of State (Department for Business, Enterprise and Regulatory Reform) (Energy)",2007-07-02,2008-10-05,461.0,2005-05-05,1803.0,Labour,Gordon Brown,https://id.parliament.uk/VXjH5FEb,156,ambiguous,False,regex:\bminister of state\b
Maria,Eagle,Commons,Parliamentary Under-Secretary (Ministry of Justice),2007-07-02,2009-06-09,708.0,2005-05-05,1803.0,Labour,Gordon Brown,https://id.parliament.uk/wr5FZYiJ,483,non_senior,False,regex:\bparliamentary under-?secretary\b
John,Cairns,Commons,Minister of State (Scotland Office),2007-07-02,2008-09-16,442.0,2005-05-05,1803.0,Labour,Gordon Brown,https://id.parliament.uk/ddDZw2FR,1421,ambiguous,False,regex:\bminister of state\b
Jeffrey,Rooker,Lords,"Minister of State (Department for Environment, Food and Rural Affairs) (Sustainable Farming, Food and Animal Welfare)",2007-07-02,2008-10-05,461.0,2005-05-05,1803.0,Labour,Gordon Brown,https://id.parliament.uk/wjDiGH73,302,ambiguous,False,regex:\bminister of state\b
Stephen,Timms,Commons,"Minister of State (Department for Business, Enterprise and Regulatory Reform) (Competitiveness)",2007-07-02,2008-01-25,207.0,2005-05-05,1803.0,Labour,Gordon Brown,https://id.parliament.uk/R62qdyhF,163,ambiguous,False,regex:\bminister of state\b
Ifor,Irranca-Davies,Commons,Parliamentary Under-Secretary (Wales Office),2007-07-02,2008-10-05,461.0,2005-05-05,1803.0,Labour,Gordon Brown,https://id.parliament.uk/hNawc8AR,1476,non_senior,False,regex:\bparliamentary under-?secretary\b
Patrick,McFadden,Commons,"Minister of State (Department for Business, Enterprise and Regulatory Reform) (Employment Relations and Postal Affairs)",2007-07-02,2009-06-05,704.0,2005-05-05,1803.0,Labour,Gordon Brown,https://id.parliament.uk/GdBtI6JD,1587,ambiguous,False,regex:\bminister of state\b
Katharine,Ussher,Commons,Economic Secretary (HM Treasury),2007-07-02,2008-10-05,461.0,2005-05-05,1803.0,Labour,Gordon Brown,https://id.parliament.uk/n9d5ZUHY,1494,ambiguous,False,regex:\beconomic secretary\b
Joan,Ruddock,Commons,"Parliamentary Under-Secretary (Department for Environment, Food and Rural Affairs) (Climate Change, Biodiversity and Waste)",2007-07-02,2008-10-05,461.0,2005-05-05,1803.0,Labour,Gordon Brown,https://id.parliament.uk/R5G6XPeD,190,non_senior,False,regex:\bparliamentary under-?secretary\b
Ann,Keen,Commons,Parliamentary Under-Secretary (Department of Health) (Health Services),2007-07-02,2010-05-06,1039.0,2005-05-05,1803.0,Labour,Gordon Brown,https://id.parliament.uk/7TyAIu8Q,148,non_senior,False,regex:\bparliamentary under-?secretary\b
Stephen,McCabe,Commons,Lord Commissioner (HM Treasury) (Whip),2007-07-02,2010-05-06,1039.0,2005-05-05,1803.0,Labour,Gordon Brown,https://id.parliament.uk/LB829lw3,298,non_senior,False,regex:\bwhip\b
Siobhain,McDonagh,Commons,Assistant Whip (HM Treasury),2007-07-02,2008-09-12,438.0,2005-05-05,1803.0,Labour,Gordon Brown,https://id.parliament.uk/JmG4hoWa,193,non_senior,False,regex:\bassistant whip\b
Mark,Tami,Commons,Assistant Whip (HM Treasury),2007-07-02,2010-05-06,1039.0,2005-05-05,1803.0,Labour,Gordon Brown,https://id.parliament.uk/7BBIRiIb,1383,non_senior,False,regex:\bassistant whip\b
Helen,Goodman,Commons,Deputy Leader of the House of Commons,2007-07-02,2008-10-05,461.0,2005-05-05,1803.0,Labour,Gordon Brown,https://id.parliament.uk/gaomsflO,1484,senior,True,contains:leader of the house of commons
Thomas,Watson,Commons,Assistant Whip (HM Treasury),2007-07-02,2008-01-25,207.0,2005-05-05,1803.0,Labour,Gordon Brown,https://id.parliament.uk/WlJNmMRl,1463,non_senior,False,regex:\bassistant whip\b
Diana,Johnson,Commons,Assistant Whip (HM Treasury),2007-07-02,2009-06-10,709.0,2005-05-05,1803.0,Labour,Gordon Brown,https://id.parliament.uk/N83bzqZq,1533,non_senior,False,regex:\bassistant whip\b
Robert,Ainsworth,Commons,Minister of State (Ministry of Defence),2007-07-02,2009-06-05,704.0,2005-05-05,1803.0,Labour,Gordon Brown,https://id.parliament.uk/hEQM2SPd,306,ambiguous,False,regex:\bminister of state\b
Michael,O'Brien,Commons,Minister of State (Department for Work and Pensions) (Pensions Reform),2007-07-02,2008-10-05,461.0,2005-05-05,1803.0,Labour,Gordon Brown,https://id.parliament.uk/WsevBmhh,290,ambiguous,False,regex:\bminister of state\b
Shahid,Malik,Commons,Parliamentary Under-Secretary (Department for International Development),2007-07-02,2008-10-05,461.0,2005-05-05,1803.0,Labour,Gordon Brown,https://id.parliament.uk/83T5VvT0,1509,non_senior,False,regex:\bparliamentary under-?secretary\b
Robert,Blizzard,Commons,Assistant Whip (HM Treasury),2007-07-02,2008-10-05,461.0,2005-05-05,1803.0,Labour,Gordon Brown,https://id.parliament.uk/JFRjtqIa,138,non_senior,False,regex:\bassistant whip\b
Phillip,Woolas,Commons,"Minister of State (Department for Environment, Food and Rural Affairs) (Environment)",2007-07-02,2008-10-05,461.0,2005-05-05,1803.0,Labour,Gordon Brown,https://id.parliament.uk/Dv2R6CvU,453,ambiguous,False,regex:\bminister of state\b
Michael,Wills,Commons,Minister of State (Ministry of Justice),2007-07-02,2010-05-06,1039.0,2005-05-05,1803.0,Labour,Gordon Brown,https://id.parliament.uk/jYKj6YW3,260,ambiguous,False,regex:\bminister of state\b
Wayne,David,Commons,Assistant Whip (HM Treasury),2007-07-02,2008-10-05,461.0,2005-05-05,1803.0,Labour,Gordon Brown,https://id.parliament.uk/ophmbYiv,1398,non_senior,False,regex:\bassistant whip\b
Daphne,Follett,Commons,Parliamentary Under-Secretary (Government Equalities Office),2007-10-12,2008-10-05,359.0,2005-05-05,1803.0,Labour,Gordon Brown,https://id.parliament.uk/STtCaTj4,72,non_senior,False,regex:\bparliamentary under-?secretary\b
Harriet,Harman,Commons,Minister of State (Government Equalities Office),2007-10-12,2010-05-06,937.0,2005-05-05,1803.0,Labour,Gordon Brown,https://id.parliament.uk/Jhxlo2zC,150,ambiguous,False,regex:\bminister of state\b
Winifred,Taylor,Lords,Parliamentary Under-Secretary (Ministry of Defence) (Procurement),2007-11-07,2008-10-05,333.0,2005-05-05,1803.0,Labour,Gordon Brown,https://id.parliament.uk/rjOhPobl,407,non_senior,False,regex:\bparliamentary under-?secretary\b
William,Bach,Lords,Lords in Waiting (HM Household),2007-11-07,2009-06-05,576.0,2005-05-05,1803.0,Labour,Gordon Brown,https://id.parliament.uk/tiZCCVWl,3451,ambiguous,False,default
Digby,Jones,Lords,"Minister of State (Department for Business, Enterprise and Regulatory Reform) (Business and Regulatory Reform)",2007-11-07,2008-10-03,331.0,2005-05-05,1803.0,Other,Gordon Brown,https://id.parliament.uk/ZyNLgPMo,3775,ambiguous,False,regex:\bminister of state\b
Rosie,Winterton,Commons,Minister of State (Regional Affairs) (Yorkshire and the Humber),2008-01-10,2010-05-06,847.0,2005-05-05,1803.0,Labour,Gordon Brown,https://id.parliament.uk/C9I7sOdf,390,ambiguous,False,regex:\bminister of state\b
Gillian,Merron,Commons,Parliamentary Under-Secretary (Department for International Development),2008-01-24,2008-10-05,255.0,2005-05-05,1803.0,Labour,Gordon Brown,https://id.parliament.uk/LHQleG2k,347,non_senior,False,regex:\bparliamentary under-?secretary\b
James,Purnell,Commons,Secretary of State for Work and Pensions,2008-01-24,2009-06-05,498.0,2005-05-05,1803.0,Labour,Gordon Brown,https://id.parliament.uk/g3FgrthI,1455,senior,True,contains:secretary of state
Caroline,Flint,Commons,Minister of State (Department of Communities and Local Government) (Housing),2008-01-24,2008-10-03,253.0,2005-05-05,1803.0,Labour,Gordon Brown,https://id.parliament.uk/udOHn9j5,389,ambiguous,False,regex:\bminister of state\b
Yvette,Cooper,Commons,Chief Secretary to the Treasury,2008-01-24,2009-06-05,498.0,2005-05-05,1803.0,Labour,Gordon Brown,https://id.parliament.uk/WIjC8hXZ,420,senior,True,contains:chief secretary to the treasury
Andrew,Burnham,Commons,"Secretary of State for Culture, Media and Sport",2008-01-25,2009-06-05,497.0,2005-05-05,1803.0,Labour,Gordon Brown,https://id.parliament.uk/Tpxm134z,1427,senior,True,contains:secretary of state
Paul,Murphy,Commons,Secretary of State for Wales,2008-01-25,2009-06-05,497.0,2005-05-05,1803.0,Labour,Gordon Brown,https://id.parliament.uk/J63bWC5i,546,senior,True,contains:secretary of state
Janet,Royall,Lords,Chief Whip (House of Lords),2008-01-25,2008-10-05,254.0,2005-05-05,1803.0,Labour,Gordon Brown,https://id.parliament.uk/NL5ydoZy,3703,non_senior,False,regex:\bwhip\b
Stephen,Timms,Commons,Minister of State (Department for Work and Pensions) (Employment and Welfare Reform),2008-01-25,2008-10-05,254.0,2005-05-05,1803.0,Labour,Gordon Brown,https://id.parliament.uk/R62qdyhF,163,ambiguous,False,regex:\bminister of state\b
Delyth,Morgan,Lords,"Parliamentary Under-Secretary (Department for Innovation, Universities and Skills)",2008-01-25,2008-10-05,254.0,2005-05-05,1803.0,Labour,Gordon Brown,https://id.parliament.uk/jAJz3kZ3,3685,non_senior,False,regex:\bparliamentary under-?secretary\b
Thomas,Watson,Commons,Parliamentary Secretary (Cabinet Office),2008-01-25,2009-06-09,501.0,2005-05-05,1803.0,Labour,Gordon Brown,https://id.parliament.uk/WlJNmMRl,1463,non_senior,False,regex:\bparliamentary secretary\b
Liam,Byrne,Commons,Minister of State (HM Treasury) (also in the Home Office),2008-01-25,2008-10-03,252.0,2005-05-05,1803.0,Labour,Gordon Brown,https://id.parliament.uk/k8mCzVcd,1171,ambiguous,False,regex:\bminister of state\b
Dorothea,Thornton,Lords,Baroness in Waiting (HM Household) (Whip),2008-02-18,2010-02-19,732.0,2005-05-05,1803.0,Labour,Gordon Brown,https://id.parliament.uk/1nctrYUg,1782,non_senior,False,regex:\bwhip\b
Dawn,Butler,Commons,Assistant Whip (HM Treasury),2008-09-12,2010-05-06,601.0,2005-05-05,1803.0,Labour,Gordon Brown,https://id.parliament.uk/vgar68WY,1489,non_senior,False,regex:\bassistant whip\b
Ann,McKechin,Commons,Parliamentary Under-Secretary (Scotland Office),2008-09-16,2010-05-06,597.0,2005-05-05,1803.0,Labour,Gordon Brown,https://id.parliament.uk/J4qgextA,1419,non_senior,False,regex:\bparliamentary under-?secretary\b
Paul,Drayson,Lords,"Minister of State (Department for Innovation, Universities and Skills) (Science and Innovation)",2008-10-03,2009-06-05,245.0,2005-05-05,1803.0,Labour,Gordon Brown,https://id.parliament.uk/q2DKvvyq,3669,ambiguous,False,regex:\bminister of state\b
Margaret,Beckett,Commons,Minister of State (Department of Communities and Local Government) (Housing),2008-10-03,2009-06-05,245.0,2005-05-05,1803.0,Labour,Gordon Brown,https://id.parliament.uk/1L8qop3w,328,ambiguous,False,regex:\bminister of state\b
James,Murphy,Commons,Secretary of State for Scotland,2008-10-03,2010-05-06,580.0,2005-05-05,1803.0,Labour,Gordon Brown,https://id.parliament.uk/r3w59RHe,595,senior,True,contains:secretary of state
Liam,Byrne,Commons,Minister for the Cabinet Office and Chancellor of the Duchy of Lancaster,2008-10-03,2009-06-05,245.0,2005-05-05,1803.0,Labour,Gordon Brown,https://id.parliament.uk/k8mCzVcd,1171,senior,True,contains:chancellor of the duchy of lancaster
Caroline,Flint,Commons,Minister of State (Europe),2008-10-03,2009-06-05,245.0,2005-05-05,1803.0,Labour,Gordon Brown,https://id.parliament.uk/udOHn9j5,389,ambiguous,False,regex:\bminister of state\b
Anthony,McNulty,Commons,Minister of State (Department for Work and Pensions) (Employment and  Welfare Reform),2008-10-03,2009-06-05,245.0,2005-05-05,1803.0,Labour,Gordon Brown,https://id.parliament.uk/monhxmKY,176,ambiguous,False,regex:\bminister of state\b
Janet,Royall,Lords,Leader of the House of Lords and Lord President of the Council (Privy Council Office),2008-10-03,2009-06-05,245.0,2005-05-05,1803.0,Labour,Gordon Brown,https://id.parliament.uk/NL5ydoZy,3703,senior,True,contains:lord president of the council
John,Hutton,Commons,Secretary of State for Defence,2008-10-03,2009-06-05,245.0,2005-05-05,1803.0,Labour,Gordon Brown,https://id.parliament.uk/R4VIOLKR,494,senior,True,contains:secretary of state
Nicholas,Brown,Commons,Parliamentary Secretary to the Treasury and Chief Whip,2008-10-03,2010-05-06,580.0,2005-05-05,1803.0,Labour,Gordon Brown,https://id.parliament.uk/s4JIJptz,523,non_senior,False,regex:\bparliamentary secretary\b
Edward,Miliband,Commons,Secretary of State for Energy and Climate Change,2008-10-03,2010-05-06,580.0,2005-05-05,1803.0,Labour,Gordon Brown,https://id.parliament.uk/3AEDOK86,1510,senior,True,contains:secretary of state
Michael,O'Brien,Commons,Minister of State (Department of Energy and Climate Change),2008-10-05,2009-06-09,247.0,2005-05-05,1803.0,Labour,Gordon Brown,https://id.parliament.uk/WsevBmhh,290,ambiguous,False,regex:\bminister of state\b
John,Spellar,Commons,"Comptroller (HM Household) (Deputy Chief Whip, House of Commons)",2008-10-05,2010-05-06,578.0,2005-05-05,1803.0,Labour,Gordon Brown,https://id.parliament.uk/OyBH9ISZ,318,non_senior,False,regex:\bwhip\b
Helen,Goodman,Commons,Assistant Whip (HM Treasury),2008-10-05,2009-06-09,247.0,2005-05-05,1803.0,Labour,Gordon Brown,https://id.parliament.uk/gaomsflO,1484,non_senior,False,regex:\bassistant whip\b
Thomas,Cunningham,Commons,Lord Commissioner (HM Treasury) (Whip),2008-10-05,2010-05-06,578.0,2005-05-05,1803.0,Labour,Gordon Brown,https://id.parliament.uk/WP15CZgr,1469,non_senior,False,regex:\bwhip\b
Wayne,David,Commons,Parliamentary Under-Secretary (Wales Office),2008-10-05,2010-05-06,578.0,2005-05-05,1803.0,Labour,Gordon Brown,https://id.parliament.uk/ophmbYiv,1398,non_senior,False,regex:\bparliamentary under-?secretary\b
William,Rammell,Commons,Minister of State (Foreign and Commonwealth Office),2008-10-05,2009-06-09,247.0,2005-05-05,1803.0,Labour,Gordon Brown,https://id.parliament.uk/zRT6JXFe,37,ambiguous,False,regex:\bminister of state\b
Maria,Eagle,Commons,Parliamentary Secretary (Government Equalities office) (also in the Ministry of Justice),2008-10-05,2009-06-09,247.0,2005-05-05,1803.0,Labour,Gordon Brown,https://id.parliament.uk/wr5FZYiJ,483,non_senior,False,regex:\bparliamentary secretary\b
Christopher,Mole,Commons,Assistant Whip (HM Treasury),2008-10-05,2009-06-09,247.0,2005-05-05,1803.0,Labour,Gordon Brown,https://id.parliament.uk/mhLwPDV0,1475,non_senior,False,regex:\bassistant whip\b
Winifred,Taylor,Lords,Parliamentary Under-Secretary (Ministry of Defence) (International Defence and Security) (also in Foreign and Commonwealth Office),2008-10-05,2010-05-06,578.0,2005-05-05,1803.0,Labour,Gordon Brown,https://id.parliament.uk/rjOhPobl,407,non_senior,False,regex:\bparliamentary under-?secretary\b
Gareth,Thomas,Commons,Minister of State (Department for International Development),2008-10-05,2010-05-06,578.0,2005-05-05,1803.0,Labour,Gordon Brown,https://id.parliament.uk/FOcypHE2,177,ambiguous,False,regex:\bminister of state\b
Anthony,Young,Lords,Lords in Waiting (HM Household),2008-10-05,2010-05-06,578.0,2005-05-05,1803.0,Labour,Gordon Brown,https://id.parliament.uk/Iq3x8fuv,3702,ambiguous,False,default
Philip,Hunt,Lords,Deputy Leader of the House of Lords,2008-10-05,2010-05-06,578.0,2005-05-05,1803.0,Labour,Gordon Brown,https://id.parliament.uk/p4clIXl7,2024,senior,True,contains:leader of the house of lords
Ian,Austin,Commons,Assistant Whip (HM Treasury),2008-10-05,2009-06-09,247.0,2005-05-05,1803.0,Labour,Gordon Brown,https://id.parliament.uk/y4zrMKfE,1511,non_senior,False,regex:\bassistant whip\b
Ian,Austin,Commons,Minister of State (Regional Affairs) (West Midlands),2008-10-05,2010-05-06,578.0,2005-05-05,1803.0,Labour,Gordon Brown,https://id.parliament.uk/y4zrMKfE,1511,ambiguous,False,regex:\bminister of state\b
Siôn,Simon,Commons,"Parliamentary Under-Secretary (Department for Innovation, Universities and Skills) (Further Education)",2008-10-05,2009-06-05,243.0,2005-05-05,1803.0,Labour,Gordon Brown,https://id.parliament.uk/2coHr087,1391,non_senior,False,regex:\bparliamentary under-?secretary\b
Daphne,Follett,Commons,"Parliamentary Under-Secretary (Department for Culture, Media and Sport) (Culture, Creative Industries and Tourism)",2008-10-05,2009-06-09,247.0,2005-05-05,1803.0,Labour,Gordon Brown,https://id.parliament.uk/STtCaTj4,72,non_senior,False,regex:\bparliamentary under-?secretary\b
John,Bassam,Lords,"Captain of the Honourable Corps of Gentlemen-at-Arms (HM Household) (Chief Whip, House of Lords)",2008-10-05,2010-05-06,578.0,2005-05-05,1803.0,Labour,Gordon Brown,https://id.parliament.uk/AH5kfxwD,3504,non_senior,False,regex:\bwhip\b
William,Bach,Lords,Parliamentary Under-Secretary (Ministry of Justice),2008-10-05,2010-05-06,578.0,2005-05-05,1803.0,Labour,Gordon Brown,https://id.parliament.uk/tiZCCVWl,3451,non_senior,False,regex:\bparliamentary under-?secretary\b
Michael,Foster,Commons,Parliamentary Under-Secretary (Department for International Development),2008-10-05,2010-05-06,578.0,2005-05-05,1803.0,Labour,Gordon Brown,https://id.parliament.uk/wf5jHK36,271,non_senior,False,regex:\bparliamentary under-?secretary\b
Stephen,Timms,Commons,"Financial Secretary (HM Treasury) (also in the Department for Business, Innovation and Skills)",2008-10-05,2010-05-06,578.0,2005-05-05,1803.0,Labour,Gordon Brown,https://id.parliament.uk/R62qdyhF,163,ambiguous,False,regex:\bfinancial secretary\b
Denis,Tunnicliffe,Lords,Lords in Waiting (HM Household),2008-10-05,2010-05-06,578.0,2005-05-05,1803.0,Labour,Gordon Brown,https://id.parliament.uk/QwdMNUyO,3671,ambiguous,False,default
Jonathan,Shaw,Commons,Parliamentary Under-Secretary (Department for Work and Pensions),2008-10-05,2010-05-06,578.0,2005-05-05,1803.0,Labour,Gordon Brown,https://id.parliament.uk/1z5Ehj5o,78,non_senior,False,regex:\bparliamentary under-?secretary\b
William,Brett,Lords,Lords in Waiting (HM Household),2008-10-05,2010-05-06,578.0,2005-05-05,1803.0,Labour,Gordon Brown,https://id.parliament.uk/WXuf1dFb,2470,ambiguous,False,default
Philip,Hunt,Lords,"Minister of State (Department for Environment, Food and Rural Affairs) (Sustainable Development, Climate Change Adaptation and Air Quality) (also in the Department for Energy and Climate Change)",2008-10-05,2009-06-09,247.0,2005-05-05,1803.0,Labour,Gordon Brown,https://id.parliament.uk/p4clIXl7,2024,ambiguous,False,regex:\bminister of state\b
Philip,Hunt,Lords,Minister of State (Department of Energy and Climate Change),2008-10-05,2010-05-06,578.0,2005-05-05,1803.0,Labour,Gordon Brown,https://id.parliament.uk/p4clIXl7,2024,ambiguous,False,regex:\bminister of state\b
Ian,Pearson,Commons,"Parliamentary Under-Secretary (Department for Business, Enterprise and Regulatory Reform) (Economic and Business) (also HM Treasury)",2008-10-05,2009-06-05,243.0,2005-05-05,1803.0,Labour,Gordon Brown,https://id.parliament.uk/9WGxxQ6e,310,non_senior,False,regex:\bparliamentary under-?secretary\b
Robert,Blizzard,Commons,Lord Commissioner (HM Treasury) (Whip),2008-10-05,2010-05-06,578.0,2005-05-05,1803.0,Labour,Gordon Brown,https://id.parliament.uk/JFRjtqIa,138,non_senior,False,regex:\bwhip\b
Stephen,Carter,Lords,"Parliamentary Under-Secretary (Department for Culture, Media and Sport) (Communications, Technology, and Broadcasting) (also in the Department for Business, Enterprise and Regulatory Reform)",2008-10-05,2009-06-09,247.0,2005-05-05,1803.0,,Gordon Brown,https://id.parliament.uk/5sIU93KI,3868,non_senior,False,regex:\bparliamentary under-?secretary\b
Stephen,Carter,Lords,"Parliamentary Under-Secretary (Department for Business, Enterprise and Regulatory Reform) (Communications, Technology and Broadcasting) (also Department for Culture, Media and Sport)",2008-10-05,2009-06-05,243.0,2005-05-05,1803.0,,Gordon Brown,https://id.parliament.uk/5sIU93KI,3868,non_senior,False,regex:\bparliamentary under-?secretary\b
Anthony,Young,Lords,"Parliamentary Under-Secretary (Department for Innovation, Universities and Skills) (Skills & Apprenticeships)",2008-10-05,2009-06-05,243.0,2005-05-05,1803.0,Labour,Gordon Brown,https://id.parliament.uk/Iq3x8fuv,3702,non_senior,False,regex:\bparliamentary under-?secretary\b
Katharine,Ussher,Commons,Parliamentary Under-Secretary (Department for Work and Pensions),2008-10-05,2009-06-05,243.0,2005-05-05,1803.0,Labour,Gordon Brown,https://id.parliament.uk/n9d5ZUHY,1494,non_senior,False,regex:\bparliamentary under-?secretary\b
Vernon,Coaker,Commons,"Minister of State (Home Office) (Policing, Crime & Security)",2008-10-05,2009-06-09,247.0,2005-05-05,1803.0,Labour,Gordon Brown,https://id.parliament.uk/ERxC3bUI,360,ambiguous,False,regex:\bminister of state\b
Ian,Pearson,Commons,Economic Secretary (HM Treasury),2008-10-05,2010-05-06,578.0,2005-05-05,1803.0,Labour,Gordon Brown,https://id.parliament.uk/9WGxxQ6e,310,ambiguous,False,regex:\beconomic secretary\b
Gareth,Thomas,Commons,"Minister of State (Department for Business, Enterprise and Regulatory Reform) (Trade, Investment and Consumer Affairs) (also Department for International Development)",2008-10-05,2009-06-05,243.0,2005-05-05,1803.0,Labour,Gordon Brown,https://id.parliament.uk/FOcypHE2,177,ambiguous,False,regex:\bminister of state\b
John,Davies,Commons,Parliamentary Under-Secretary (Ministry of Defence) (Defence Equipment and Support),2008-10-05,2010-05-06,578.0,2005-05-05,1803.0,Labour,Gordon Brown,https://id.parliament.uk/cv2Wq0RT,346,non_senior,False,regex:\bparliamentary under-?secretary\b
Ivan,Lewis,Commons,Parliamentary Under-Secretary (Department for International Development),2008-10-05,2009-06-05,243.0,2005-05-05,1803.0,Labour,Gordon Brown,https://id.parliament.uk/YC7Iv4FO,441,non_senior,False,regex:\bparliamentary under-?secretary\b
Rosie,Winterton,Commons,Minister of State (Department for Work and Pensions) (Pensions Reform) and Minister (Yorkshire and the Humber),2008-10-05,2009-06-05,243.0,2005-05-05,1803.0,Labour,Gordon Brown,https://id.parliament.uk/C9I7sOdf,390,ambiguous,False,regex:\bminister of state\b
Philip,Hope,Commons,Minister of State (Department of Health),2008-10-05,2010-05-06,578.0,2005-05-05,1803.0,Labour,Gordon Brown,https://id.parliament.uk/638YRKeI,351,ambiguous,False,regex:\bminister of state\b
Jane,Kennedy,Commons,"Minister of State (Department for Environment, Food and Rural Affairs) (Farming and the Environment)",2008-10-05,2009-06-05,243.0,2005-05-05,1803.0,Labour,Gordon Brown,https://id.parliament.uk/f5YiNuqP,486,ambiguous,False,regex:\bminister of state\b
Barbara,Keeley,Commons,Assistant Whip (HM Treasury),2008-10-05,2009-06-09,247.0,2005-05-05,1803.0,Labour,Gordon Brown,https://id.parliament.uk/4juHmRDM,1588,non_senior,False,regex:\bassistant whip\b
Shahid,Malik,Commons,Parliamentary Under-Secretary (Ministry of Justice),2008-10-05,2009-05-15,222.0,2005-05-05,1803.0,Labour,Gordon Brown,https://id.parliament.uk/83T5VvT0,1509,non_senior,False,regex:\bparliamentary under-?secretary\b
Andrew,Adonis,Lords,Minister of State (Department for Transport),2008-10-05,2009-06-05,243.0,2005-05-05,1803.0,Labour,Gordon Brown,https://id.parliament.uk/WAsaVnhM,3743,ambiguous,False,regex:\bminister of state\b
Delyth,Morgan,Lords,"Parliamentary Under-Secretary (Department for Children, Schools and Families) (Children, Young People and Families)",2008-10-05,2010-05-06,578.0,2005-05-05,1803.0,Labour,Gordon Brown,https://id.parliament.uk/jAJz3kZ3,3685,non_senior,False,regex:\bparliamentary under-?secretary\b
Sadiq,Khan,Commons,Parliamentary Under-Secretary (Department for Communities and Local Government),2008-10-05,2009-06-09,247.0,2005-05-05,1803.0,Labour,Gordon Brown,https://id.parliament.uk/7JBU8aJx,1577,non_senior,False,regex:\bparliamentary under-?secretary\b
Kevin,Brennan,Commons,Parliamentary Secretary (Cabinet Office) (Third Sector),2008-10-05,2009-06-09,247.0,2005-05-05,1803.0,Labour,Gordon Brown,https://id.parliament.uk/B4kpjDsU,1400,non_senior,False,regex:\bparliamentary secretary\b
Joan,Ruddock,Commons,Parliamentary Under-Secretary (Energy and Climate Change),2008-10-05,2009-06-09,247.0,2005-05-05,1803.0,Labour,Gordon Brown,https://id.parliament.uk/R5G6XPeD,190,non_senior,False,regex:\bparliamentary under-?secretary\b
Geoffrey,Hoon,Commons,Secretary of State for Transport,2008-10-05,2009-06-05,243.0,2005-05-05,1803.0,Labour,Gordon Brown,https://id.parliament.uk/yHpMxMCv,357,senior,True,contains:secretary of state
Kevan,Jones,Commons,Parliamentary Under-Secretary (Ministry of Defence) (Veterans),2008-10-05,2010-05-06,578.0,2005-05-05,1803.0,Labour,Gordon Brown,https://id.parliament.uk/58M5vYO7,1438,non_senior,False,regex:\bparliamentary under-?secretary\b
Christopher,Bryant,Commons,Deputy Leader of the House of Commons,2008-10-05,2009-06-05,243.0,2005-05-05,1803.0,Labour,Gordon Brown,https://id.parliament.uk/HMZwFU4B,1446,senior,True,contains:leader of the house of commons
Alan,Campbell,Commons,Parliamentary Under-Secretary (Home Office) (Crime Reduction),2008-10-05,2010-05-06,578.0,2005-05-05,1803.0,Labour,Gordon Brown,https://id.parliament.uk/OA5UNsUG,529,non_senior,False,regex:\bparliamentary under-?secretary\b
Helen,Jones,Commons,Assistant Whip (HM Treasury),2008-10-05,2009-06-09,247.0,2005-05-05,1803.0,Labour,Gordon Brown,https://id.parliament.uk/CpcFBAUL,432,non_senior,False,regex:\bassistant whip\b
Ifor,Irranca-Davies,Commons,"Parliamentary Under-Secretary (Department for Environment, Food and Rural Affairs) (Marine and Natural Environment)",2008-10-05,2010-05-06,578.0,2005-05-05,1803.0,Labour,Gordon Brown,https://id.parliament.uk/hNawc8AR,1476,non_senior,False,regex:\bparliamentary under-?secretary\b
Phillip,Woolas,Commons,Minister of State (Home Office) (Borders and Immigration) (also in HM Treasury),2008-10-05,2010-05-06,578.0,2005-05-05,1803.0,Labour,Gordon Brown,https://id.parliament.uk/Dv2R6CvU,453,ambiguous,False,regex:\bminister of state\b
Paul,Clark,Commons,Parliamentary Under-Secretary (Department for Transport),2008-10-05,2010-05-06,578.0,2005-05-05,1803.0,Labour,Gordon Brown,https://id.parliament.uk/IpwGVqMa,83,non_senior,False,regex:\bparliamentary under-?secretary\b
Phillip,Woolas,Commons,Minister of State (HM Treasury) (also in the Home Office),2008-10-05,2010-05-06,578.0,2005-05-05,1803.0,Labour,Gordon Brown,https://id.parliament.uk/Dv2R6CvU,453,ambiguous,False,regex:\bminister of state\b
Sarah,McCarthy-Fry,Commons,"Parliamentary Under-Secretary (Department for Children, Schools and Families) (Schools and Learners)",2008-10-05,2009-06-09,247.0,2005-05-05,1803.0,Labour,Gordon Brown,https://id.parliament.uk/yL1iuMWd,1553,non_senior,False,regex:\bparliamentary under-?secretary\b
David,Lammy,Commons,"Minister of State (Department for Innovation, Universities and Skills) (Higher Education & Intellectual Property)",2008-10-05,2009-06-05,243.0,2005-05-05,1803.0,Labour,Gordon Brown,https://id.parliament.uk/xY3sNmne,206,ambiguous,False,regex:\bminister of state\b
Claire,Ward,Commons,Vice-Chamberlain (HM Household),2008-10-05,2009-06-09,247.0,2005-05-05,1803.0,Labour,Gordon Brown,https://id.parliament.uk/AMR7iXTa,73,ambiguous,False,default
Ian,Lucas,Commons,Assistant Whip (HM Treasury),2008-10-05,2009-06-09,247.0,2005-05-05,1803.0,Labour,Gordon Brown,https://id.parliament.uk/lQSrIV4l,1470,non_senior,False,regex:\bassistant whip\b
Kamlesh,Patel,Lords,Lords in Waiting (HM Household),2008-10-05,2009-06-10,248.0,2005-05-05,1803.0,Labour,Gordon Brown,https://id.parliament.uk/tXJzse48,3798,ambiguous,False,default
Thomas,McAvoy,Commons,"Treasurer of HM Household (Deputy Chief Whip, House of Commons)",2008-10-05,2010-05-06,578.0,2005-05-05,1803.0,Labour,Gordon Brown,https://id.parliament.uk/G2MkEUNS,4158,non_senior,False,regex:\bwhip\b
Gillian,Merron,Commons,Parliamentary Under-Secretary (Foreign and Commonwealth Office),2008-10-05,2009-06-09,247.0,2005-05-05,1803.0,Labour,Gordon Brown,https://id.parliament.uk/LHQleG2k,347,non_senior,False,regex:\bparliamentary under-?secretary\b
Peter,Mandelson,Lords,"Secretary of State for Business, Enterprise and Regulatory Reform",2008-10-13,2009-06-05,235.0,2005-05-05,1803.0,Labour,Gordon Brown,https://id.parliament.uk/i8eCbE1j,500,senior,True,contains:secretary of state
Philip,Hope,Commons,Minister of State (Regional Affairs) (East Midlands),2009-01-24,2010-05-06,467.0,2005-05-05,1803.0,Labour,Gordon Brown,https://id.parliament.uk/638YRKeI,351,ambiguous,False,regex:\bminister of state\b
Evan,Davies,Lords,"Minister of State (Foreign and Commonwealth Office) (UK Trade and Investment) (also in the Department for Business, Innovation and Skills)",2009-02-02,2010-05-06,458.0,2005-05-05,1803.0,Labour,Gordon Brown,https://id.parliament.uk/BHJ0mvZi,3879,ambiguous,False,regex:\bminister of state\b
Evan,Davies,Lords,"Minister of State (Department for Business, Enterprise and Regulatory Reform) (UK Trade and Investment) (also Foreign and Commonwealth Office)",2009-02-02,2009-06-05,123.0,2005-05-05,1803.0,Labour,Gordon Brown,https://id.parliament.uk/BHJ0mvZi,3879,ambiguous,False,regex:\bminister of state\b
Bryan,Davies,Lords,"Parliamentary Under-Secretary (Department for Environment, Food and Rural Affairs) (and Deputy Chief Whip)",2009-06-05,2010-05-06,335.0,2005-05-05,1803.0,Labour,Gordon Brown,https://id.parliament.uk/mA0w6C2f,987,non_senior,False,regex:\bparliamentary under-?secretary\b
John,Healey,Commons,Minister of State (Department for Communities and Local Government) (Housing),2009-06-05,2010-05-06,335.0,2005-05-05,1803.0,Labour,Gordon Brown,https://id.parliament.uk/9VjJ9Mfg,400,ambiguous,False,regex:\bminister of state\b
David,Hanson,Commons,Minister of State (Home Office) (Crime and Policing),2009-06-05,2010-05-06,335.0,2005-05-05,1803.0,Labour,Gordon Brown,https://id.parliament.uk/RBI4vae5,533,ambiguous,False,regex:\bminister of state\b
William,McKenzie,Lords,Parliamentary Under-Secretary (Department for Communities and Local Government) (also in Department for Work and Pensions),2009-06-05,2010-05-06,335.0,2005-05-05,1803.0,Labour,Gordon Brown,https://id.parliament.uk/Gew5X0FU,3694,non_senior,False,regex:\bparliamentary under-?secretary\b
Benjamin,Bradshaw,Commons,"Secretary of State for Culture, Media and Sport",2009-06-05,2010-05-06,335.0,2005-05-05,1803.0,Labour,Gordon Brown,https://id.parliament.uk/ZyIYdZQ4,230,senior,True,contains:secretary of state
Peter,Mandelson,Lords,Lord President of the Council (Privy Council Office),2009-06-06,2010-05-06,334.0,2005-05-05,1803.0,Labour,Gordon Brown,https://id.parliament.uk/i8eCbE1j,500,senior,True,contains:lord president of the council
Andrew,Adonis,Lords,Secretary of State for Transport,2009-06-06,2010-05-06,334.0,2005-05-05,1803.0,Labour,Gordon Brown,https://id.parliament.uk/WAsaVnhM,3743,senior,True,contains:secretary of state
Robert,Ainsworth,Commons,Secretary of State for Defence,2009-06-06,2010-05-06,334.0,2005-05-05,1803.0,Labour,Gordon Brown,https://id.parliament.uk/hEQM2SPd,306,senior,True,contains:secretary of state
Tessa,Jowell,Commons,Minister (Cabinet Office) (Also Minister for Olympics and Paymaster General),2009-06-06,2010-05-06,334.0,2005-05-05,1803.0,Labour,Gordon Brown,https://id.parliament.uk/1JWIKvq4,159,ambiguous,False,regex:\bpaymaster general\b
Alan,Johnson,Commons,Home Secretary,2009-06-06,2010-05-06,334.0,2005-05-05,1803.0,Labour,Gordon Brown,https://id.parliament.uk/dtaMwBoC,376,ambiguous,False,default
John,Denham,Commons,Secretary of State for Communities and Local Government,2009-06-06,2010-05-06,334.0,2005-05-05,1803.0,Labour,Gordon Brown,https://id.parliament.uk/ArKNOGoC,61,senior,True,contains:secretary of state
Peter,Hain,Commons,Secretary of State for Wales,2009-06-06,2010-05-06,334.0,2005-05-05,1803.0,Labour,Gordon Brown,https://id.parliament.uk/2jVmwnh9,567,senior,True,contains:secretary of state
Liam,Byrne,Commons,Chief Secretary to the Treasury,2009-06-06,2010-05-06,334.0,2005-05-05,1803.0,Labour,Gordon Brown,https://id.parliament.uk/k8mCzVcd,1171,senior,True,contains:chief secretary to the treasury
Andrew,Burnham,Commons,Secretary of State for Health,2009-06-06,2010-05-06,334.0,2005-05-05,1803.0,Labour,Gordon Brown,https://id.parliament.uk/Tpxm134z,1427,senior,True,contains:secretary of state
Peter,Mandelson,Lords,"Secretary of State for Business, Innovation and Skills",2009-06-06,2010-05-06,334.0,2005-05-05,1803.0,Labour,Gordon Brown,https://id.parliament.uk/i8eCbE1j,500,senior,True,contains:secretary of state
Janet,Royall,Lords,Leader of the House of Lords and Chancellor of the Duchy of Lancaster,2009-06-06,2010-05-06,334.0,2005-05-05,1803.0,Labour,Gordon Brown,https://id.parliament.uk/NL5ydoZy,3703,senior,True,contains:chancellor of the duchy of lancaster
Yvette,Cooper,Commons,Secretary of State for Work and Pensions,2009-06-06,2010-05-06,334.0,2005-05-05,1803.0,Labour,Gordon Brown,https://id.parliament.uk/WIjC8hXZ,420,senior,True,contains:secretary of state
Winifred,Taylor,Lords,Parliamentary Under-Secretary (Defence and Security) (also in the Ministry of Defence),2009-06-08,2010-05-06,332.0,2005-05-05,1803.0,Labour,Gordon Brown,https://id.parliament.uk/rjOhPobl,407,non_senior,False,regex:\bparliamentary under-?secretary\b
Dan,Norris,Commons,"Parliamentary Under-Secretary (Department for Environment, Food and Rural Affairs) (Rural Affairs and Environment)",2009-06-09,2010-05-06,331.0,2005-05-05,1803.0,Labour,Gordon Brown,https://id.parliament.uk/phha8Eap,221,non_senior,False,regex:\bparliamentary under-?secretary\b
Diana,Johnson,Commons,"Parliamentary Under-Secretary (Department for Children, Schools and Families) (Schools)",2009-06-09,2010-05-13,338.0,2005-05-05,1803.0,Labour,Gordon Brown,https://id.parliament.uk/N83bzqZq,1533,non_senior,False,regex:\bparliamentary under-?secretary\b
Katharine,Ussher,Commons,Exchequer Secretary (HM Treasury),2009-06-09,2009-06-17,8.0,2005-05-05,1803.0,Labour,Gordon Brown,https://id.parliament.uk/n9d5ZUHY,1494,ambiguous,False,default
Stephen,Carter,Lords,"Parliamentary Under-Secretary (Department for Business, Innovation and Skills) (Communications, Technology and Broadcasting) (also the Department for Culture, Media and Sport)",2009-06-09,2009-07-21,42.0,2005-05-05,1803.0,Labour,Gordon Brown,https://id.parliament.uk/5sIU93KI,3868,non_senior,False,regex:\bparliamentary under-?secretary\b
Claire,Ward,Commons,Parliamentary Under-Secretary (Ministry of Justice),2009-06-09,2010-05-06,331.0,2005-05-05,1803.0,Labour,Gordon Brown,https://id.parliament.uk/AMR7iXTa,73,non_senior,False,regex:\bparliamentary under-?secretary\b
Anthony,Young,Lords,"Parliamentary Under-Secretary of State (Department for Business, Innovation and Skills) (Postal Affairs and Employment Relations) (also Lord in Waiting)",2009-06-09,2010-05-06,331.0,2005-05-05,1803.0,Labour,Gordon Brown,https://id.parliament.uk/Iq3x8fuv,3702,senior,True,contains:secretary of state
Dawn,Primarolo,Commons,"Minister of State (Department for Children, Schools and Families) (Children, Young People and Families)",2009-06-09,2010-05-06,331.0,2005-05-05,1803.0,Labour,Gordon Brown,https://id.parliament.uk/0FqjjgNp,217,ambiguous,False,regex:\bminister of state\b
Stephen,Carter,Lords,"Parliamentary Under-Secretary (Department for Culture, Media and Sport) (Communications, Technology and Broadcasting) (also in the Department for Business, Innovation and Skills)",2009-06-09,2009-07-21,42.0,2005-05-05,1803.0,Labour,Gordon Brown,https://id.parliament.uk/5sIU93KI,3868,non_senior,False,regex:\bparliamentary under-?secretary\b
Barbara,Keeley,Commons,Parliamentary Secretary and Deputy Leader of the House of Commons,2009-06-09,2010-05-06,331.0,2005-05-05,1803.0,Labour,Gordon Brown,https://id.parliament.uk/4juHmRDM,1588,senior,True,contains:leader of the house of commons
Maria,Eagle,Commons,Minister of State (Ministry of Justice) (also in Government Equalities Office),2009-06-09,2010-05-06,331.0,2005-05-05,1803.0,Labour,Gordon Brown,https://id.parliament.uk/wr5FZYiJ,483,ambiguous,False,regex:\bminister of state\b
Maria,Eagle,Commons,Minister of State (Government Equalities Office) (also in the Ministry of Justice),2009-06-09,2010-05-06,331.0,2005-05-05,1803.0,Labour,Gordon Brown,https://id.parliament.uk/wr5FZYiJ,483,ambiguous,False,regex:\bminister of state\b
Ian,Austin,Commons,Parliamentary Under-Secretary (Department for Communities and Local Government) (Planning),2009-06-09,2010-05-06,331.0,2005-05-05,1803.0,Labour,Gordon Brown,https://id.parliament.uk/y4zrMKfE,1511,non_senior,False,regex:\bparliamentary under-?secretary\b
Michael,O'Brien,Commons,Minister of State (Department of Health) (Health Services),2009-06-09,2010-05-06,331.0,2005-05-05,1803.0,Labour,Gordon Brown,https://id.parliament.uk/WsevBmhh,290,ambiguous,False,regex:\bminister of state\b
Patrick,McFadden,Commons,"Minister of State (Department for Business, Innovation and Skills)",2009-06-09,2010-05-06,331.0,2005-05-05,1803.0,Labour,Gordon Brown,https://id.parliament.uk/GdBtI6JD,1587,ambiguous,False,regex:\bminister of state\b
Siôn,Simon,Commons,"Parliamentary Under-Secretary (Department for Culture, Media and Sport) (Creative Industries)",2009-06-09,2010-02-11,247.0,2005-05-05,1803.0,Labour,Gordon Brown,https://id.parliament.uk/2coHr087,1391,non_senior,False,regex:\bparliamentary under-?secretary\b
Angela,Eagle,Commons,Minister of State (Department for Work and Pensions),2009-06-09,2010-05-06,331.0,2005-05-05,1803.0,Labour,Gordon Brown,https://id.parliament.uk/saLBlZIO,491,ambiguous,False,regex:\bminister of state\b
Phillip,Woolas,Commons,Minister of State (Regional Affairs) (North West),2009-06-09,2010-05-06,331.0,2005-05-05,1803.0,Labour,Gordon Brown,https://id.parliament.uk/Dv2R6CvU,453,ambiguous,False,regex:\bminister of state\b
Iain,Wright,Commons,"Parliamentary Under-Secretary (Department for Children, Schools and Families) (14-19 Reform and Apprenticeships)",2009-06-09,2010-05-06,331.0,2005-05-05,1803.0,Labour,Gordon Brown,https://id.parliament.uk/NasAUcje,1478,non_senior,False,regex:\bparliamentary under-?secretary\b
Ivan,Lewis,Commons,Minister of State (Foreign and Commonwealth Office),2009-06-09,2010-05-06,331.0,2005-05-05,1803.0,Labour,Gordon Brown,https://id.parliament.uk/YC7Iv4FO,441,ambiguous,False,regex:\bminister of state\b
Sarah,McCarthy-Fry,Commons,Parliamentary Under-Secretary (Department for Communities and Local Government) (Planning),2009-06-09,2009-06-17,8.0,2005-05-05,1803.0,Labour,Gordon Brown,https://id.parliament.uk/yL1iuMWd,1553,non_senior,False,regex:\bparliamentary under-?secretary\b
Helen,Goodman,Commons,Parliamentary Under-Secretary (Department for Work and Pensions),2009-06-09,2010-05-06,331.0,2005-05-05,1803.0,Labour,Gordon Brown,https://id.parliament.uk/gaomsflO,1484,non_senior,False,regex:\bparliamentary under-?secretary\b
Rosie,Winterton,Commons,"Minister of State (Department for Communities and Local Government) (Local Government) (also in the Department for Business, Innovation and Skills)",2009-06-09,2010-05-06,331.0,2005-05-05,1803.0,Labour,Gordon Brown,https://id.parliament.uk/C9I7sOdf,390,ambiguous,False,regex:\bminister of state\b
Joan,Ruddock,Commons,Minister of State (Department of Energy and Climate Change),2009-06-09,2010-05-06,331.0,2005-05-05,1803.0,Labour,Gordon Brown,https://id.parliament.uk/R5G6XPeD,190,ambiguous,False,regex:\bminister of state\b
Christopher,Mole,Commons,Parliamentary Under-Secretary (Department for Transport),2009-06-09,2010-05-06,331.0,2005-05-05,1803.0,Labour,Gordon Brown,https://id.parliament.uk/mhLwPDV0,1475,non_senior,False,regex:\bparliamentary under-?secretary\b
Daphne,Follett,Commons,"Parliamentary Under-Secretary (Department for Culture, Media and Sport) (Culture and Tourism)",2009-06-09,2009-09-22,105.0,2005-05-05,1803.0,Labour,Gordon Brown,https://id.parliament.uk/STtCaTj4,72,non_senior,False,regex:\bparliamentary under-?secretary\b
Paul,Drayson,Lords,"Minister of State (Ministry of Defence) (also in the Department for Business, Innovation and Skills)",2009-06-09,2010-05-06,331.0,2005-05-05,1803.0,Labour,Gordon Brown,https://id.parliament.uk/q2DKvvyq,3669,ambiguous,False,regex:\bminister of state\b
Paul,Drayson,Lords,"Minister of State (Department for Business, Innovation and Skills) (Science and Innovation)  (also in the Ministry of Defence)",2009-06-09,2010-05-06,331.0,2005-05-05,1803.0,Labour,Gordon Brown,https://id.parliament.uk/q2DKvvyq,3669,ambiguous,False,regex:\bminister of state\b
William,Rammell,Commons,Minister of State (Ministry of Defence),2009-06-09,2010-05-06,331.0,2005-05-05,1803.0,Labour,Gordon Brown,https://id.parliament.uk/zRT6JXFe,37,ambiguous,False,regex:\bminister of state\b
Gillian,Merron,Commons,Minister of State (Department of Health) (Public Health),2009-06-09,2010-05-06,331.0,2005-05-05,1803.0,Labour,Gordon Brown,https://id.parliament.uk/LHQleG2k,347,ambiguous,False,regex:\bminister of state\b
Shahid,Malik,Commons,Parliamentary Under-Secretary (Department for Communities and Local Government) (Planning),2009-06-09,2010-05-06,331.0,2005-05-05,1803.0,Labour,Gordon Brown,https://id.parliament.uk/83T5VvT0,1509,non_senior,False,regex:\bparliamentary under-?secretary\b
Tessa,Jowell,Commons,Minister of State (Regional Affairs) (London),2009-06-09,2010-05-06,331.0,2005-05-05,1803.0,Labour,Gordon Brown,https://id.parliament.uk/1JWIKvq4,159,ambiguous,False,regex:\bminister of state\b
Evan,Davies,Lords,"Minister of State (Department for Business, Innovation and Skills) (Trade, Investment and Small Business) (also in the Foreign and Commonwealth Office)",2009-06-09,2010-05-06,331.0,2005-05-05,1803.0,Labour,Gordon Brown,https://id.parliament.uk/BHJ0mvZi,3879,ambiguous,False,regex:\bminister of state\b
Sadiq,Khan,Commons,Minister of State (Department for Transport),2009-06-09,2010-05-06,331.0,2005-05-05,1803.0,Labour,Gordon Brown,https://id.parliament.uk/7JBU8aJx,1577,ambiguous,False,regex:\bminister of state\b
Rosie,Winterton,Commons,"Minister of State (Department for Business, Innovation and Skills) (Regional Economic Development and Co-ordination); (also in the Department for Communities and Local Government)",2009-06-09,2010-05-06,331.0,2005-05-05,1803.0,Labour,Gordon Brown,https://id.parliament.uk/C9I7sOdf,390,ambiguous,False,regex:\bminister of state\b
David,Kidney,Commons,Parliamentary Under-Secretary (Department of Energy and Climate Change),2009-06-09,2010-05-06,331.0,2005-05-05,1803.0,Labour,Gordon Brown,https://id.parliament.uk/C4T0ixAd,283,non_senior,False,regex:\bparliamentary under-?secretary\b
Vernon,Coaker,Commons,"Minister of State (Department for Children, Schools and Families) (Schools and Learners)",2009-06-09,2010-05-06,331.0,2005-05-05,1803.0,Labour,Gordon Brown,https://id.parliament.uk/ERxC3bUI,360,ambiguous,False,regex:\bminister of state\b
Kevin,Brennan,Commons,"Minister of State (Department for Children, Schools and Families) (also Department for Business, Innovation and Skills)",2009-06-09,2010-05-06,331.0,2005-05-05,1803.0,Labour,Gordon Brown,https://id.parliament.uk/B4kpjDsU,1400,ambiguous,False,regex:\bminister of state\b
Michael,Foster,Commons,Parliamentary Secretary (Government Equalities Office),2009-06-09,2010-05-06,331.0,2005-05-05,1803.0,Labour,Gordon Brown,https://id.parliament.uk/xytHYFYb,26,non_senior,False,regex:\bparliamentary secretary\b
Ian,Lucas,Commons,"Parliamentary Under-Secretary (Department for Business, Innovation and Skills) (Business and Regulatory Reform)",2009-06-09,2010-05-06,331.0,2005-05-05,1803.0,Labour,Gordon Brown,https://id.parliament.uk/lQSrIV4l,1470,non_senior,False,regex:\bparliamentary under-?secretary\b
David,Lammy,Commons,"Minister of State (Department for Business, Innovation and Skills) (Higher Education and Intellectual Property)",2009-06-09,2010-05-06,331.0,2005-05-05,1803.0,Labour,Gordon Brown,https://id.parliament.uk/xY3sNmne,206,ambiguous,False,regex:\bminister of state\b
James,Fitzpatrick,Commons,"Minister of State (Department for Environment, Food and Rural Affairs) (Farming and the Environment)",2009-06-09,2010-05-06,331.0,2005-05-05,1803.0,Labour,Gordon Brown,https://id.parliament.uk/dreRtJBE,197,ambiguous,False,regex:\bminister of state\b
Kevin,Brennan,Commons,"Minister of State (Department for Business, Innovation and Skills) (Further Education, Skills, Apprenticeships and Consumer Affairs)  (also Department for Children, Schools and Families)",2009-06-09,2010-05-06,331.0,2005-05-05,1803.0,Labour,Gordon Brown,https://id.parliament.uk/B4kpjDsU,1400,ambiguous,False,regex:\bminister of state\b
Richard,Faulkner,Lords,Lords in Waiting (HM Household),2009-06-09,2010-05-06,331.0,2005-05-05,1803.0,Labour,Gordon Brown,https://id.parliament.uk/nnYWJd2B,2472,ambiguous,False,default
Christopher,Bryant,Commons,Parliamentary Under-Secretary (Foreign and Commonwealth Office),2009-06-09,2009-10-13,126.0,2005-05-05,1803.0,Labour,Gordon Brown,https://id.parliament.uk/HMZwFU4B,1446,non_senior,False,regex:\bparliamentary under-?secretary\b
James,Knight,Commons,Minister of State (Department for Work and Pensions),2009-06-09,2010-05-06,331.0,2005-05-05,1803.0,Labour,Gordon Brown,https://id.parliament.uk/TImtubyi,4160,ambiguous,False,regex:\bminister of state\b
James,Knight,Commons,Minister of State (Regional Affairs) (South West),2009-06-09,2010-05-06,331.0,2005-05-05,1803.0,Labour,Gordon Brown,https://id.parliament.uk/TImtubyi,4160,ambiguous,False,regex:\bminister of state\b
Angela,Smith,Commons,Minister of State (Cabinet Office) (Third Sector),2009-06-09,2010-05-06,331.0,2005-05-05,1803.0,Labour,Gordon Brown,https://id.parliament.uk/6lkJGvGZ,4170,ambiguous,False,regex:\bminister of state\b
Kerry,McCarthy,Commons,Assistant Whip (HM Treasury),2009-06-10,2010-05-06,330.0,2005-05-05,1803.0,Labour,Gordon Brown,https://id.parliament.uk/BrM8yN3U,1491,non_senior,False,regex:\bassistant whip\b
David,Wright,Commons,Assistant Whip (HM Treasury),2009-06-10,2010-05-06,330.0,2005-05-05,1803.0,Labour,Gordon Brown,https://id.parliament.uk/pBzAaL8S,1461,non_senior,False,regex:\bassistant whip\b
Mary,Creagh,Commons,Assistant Whip (HM Treasury),2009-06-10,2010-05-06,330.0,2005-05-05,1803.0,Labour,Gordon Brown,https://id.parliament.uk/faWGbLpi,1579,non_senior,False,regex:\bassistant whip\b
George,Mudie,Commons,Assistant Whip (HM Treasury),2009-06-10,2010-05-06,330.0,2005-05-05,1803.0,Labour,Gordon Brown,https://id.parliament.uk/jL1lTThv,414,non_senior,False,regex:\bassistant whip\b
Helen,Jones,Commons,"Vice Chamberlain (HM Household) (Whip, House of Commons)",2009-06-10,2010-05-06,330.0,2005-05-05,1803.0,Labour,Gordon Brown,https://id.parliament.uk/CpcFBAUL,432,non_senior,False,regex:\bwhip\b
Lyn,Brown,Commons,Assistant Whip (HM Treasury),2009-06-10,2010-05-06,330.0,2005-05-05,1803.0,Labour,Gordon Brown,https://id.parliament.uk/hr0RPh9q,1583,non_senior,False,regex:\bassistant whip\b
Sharon,Hodgson,Commons,Assistant Whip (HM Treasury),2009-06-10,2010-05-06,330.0,2005-05-05,1803.0,Labour,Gordon Brown,https://id.parliament.uk/rjeu8U8r,1521,non_senior,False,regex:\bassistant whip\b
John,Heppell,Commons,Assistant Whip (HM Treasury),2009-06-10,2010-05-06,330.0,2005-05-05,1803.0,Labour,Gordon Brown,https://id.parliament.uk/h3DuhZ5g,363,non_senior,False,regex:\bassistant whip\b
Sarah,McCarthy-Fry,Commons,Exchequer Secretary (HM Treasury),2009-06-17,2010-05-06,323.0,2005-05-05,1803.0,Labour,Gordon Brown,https://id.parliament.uk/yL1iuMWd,1553,ambiguous,False,default
Glenys,Kinnock,Lords,Minister of State (Europe),2009-06-30,2009-10-13,105.0,2005-05-05,1803.0,Labour,Gordon Brown,https://id.parliament.uk/Wh8ZAk9J,3895,ambiguous,False,regex:\bminister of state\b
William,Brett,Lords,Parliamentary Under-Secretary (Home Office) (Identity) (also Lord in Waiting),2009-08-06,2009-11-09,95.0,2005-05-05,1803.0,Labour,Gordon Brown,https://id.parliament.uk/WXuf1dFb,2470,non_senior,False,regex:\bparliamentary under-?secretary\b
Stephen,Timms,Commons,"Parliamentary Under-Secretary (Department for Business, Innovation and Skills) (Digital Britain) (also HM Treasury)",2009-08-06,2010-05-06,273.0,2005-05-05,1803.0,Labour,Gordon Brown,https://id.parliament.uk/R62qdyhF,163,non_senior,False,regex:\bparliamentary under-?secretary\b
Margaret,Hodge,Commons,"Minister of State (Department for Culture, Media and Sport) (Culture and Tourism)",2009-09-22,2010-05-06,226.0,2005-05-05,1803.0,Labour,Gordon Brown,https://id.parliament.uk/nerwVGrY,140,ambiguous,False,regex:\bminister of state\b
Daphne,Follett,Commons,Parliamentary Under-Secretary (Department for Communities and Local Government) (Planning),2009-09-22,2010-05-06,226.0,2005-05-05,1803.0,Labour,Gordon Brown,https://id.parliament.uk/STtCaTj4,72,non_senior,False,regex:\bparliamentary under-?secretary\b
Christopher,Bryant,Commons,Parliamentary Under-Secretary (Europe),2009-10-13,2010-05-06,205.0,2005-05-05,1803.0,Labour,Gordon Brown,https://id.parliament.uk/HMZwFU4B,1446,non_senior,False,regex:\bparliamentary under-?secretary\b
Glenys,Kinnock,Lords,Minister of State (Africa and UN),2009-10-13,2010-05-06,205.0,2005-05-05,1803.0,Labour,Gordon Brown,https://id.parliament.uk/Wh8ZAk9J,3895,ambiguous,False,regex:\bminister of state\b
Dawn,Butler,Commons,Parliamentary Secretary (Cabinet Office) (Young Citizens and Youth Engagement),2009-10-30,2010-05-06,188.0,2005-05-05,1803.0,Labour,Gordon Brown,https://id.parliament.uk/vgar68WY,1489,non_senior,False,regex:\bparliamentary secretary\b
Margaret,Hillier,Commons,Parliamentary Under-Secretary (Home Office) (Identity),2009-11-09,2010-05-06,178.0,2005-05-05,1803.0,Labour,Gordon Brown,https://id.parliament.uk/dlZ50gBC,1524,non_senior,False,regex:\bparliamentary under-?secretary\b
Dorothea,Thornton,Lords,Parliamentary Under-Secretary (Department of Health),2010-02-19,2010-05-06,76.0,2005-05-05,1803.0,Labour,Gordon Brown,https://id.parliament.uk/1nctrYUg,1782,non_senior,False,regex:\bparliamentary under-?secretary\b
David,Shutt,Lords,"Captain of the Queen's Bodyguard of the Yeomen of the Guard (HM Household) (Deputy Chief Whip, House of Lords)",2010-05-11,2012-05-08,728.0,2010-05-06,1789.0,Liberal Democrat,Gordon Brown,https://id.parliament.uk/wtFXxfTl,2546,non_senior,False,regex:\bwhip\b
John,Taylor,Lords,Lords Spokesperson (Cabinet Office),2010-05-11,2011-09-15,492.0,2010-05-06,1789.0,Conservative,Gordon Brown,https://id.parliament.uk/rJz60OWT,3787,ambiguous,False,default
Lindsay,Granshaw,Lords,Baroness in Waiting (HM Household) (Whip),2010-05-11,2015-03-04,1758.0,2010-05-06,1789.0,Liberal Democrat,Gordon Brown,https://id.parliament.uk/7YD9qsIc,2539,non_senior,False,regex:\bwhip\b
John,Attlee,Lords,Lord in Waiting (HM Household) (Whip),2010-05-11,2014-04-08,1428.0,2010-05-06,1789.0,Conservative,Gordon Brown,https://id.parliament.uk/dOqmQqV1,3425,non_senior,False,regex:\bwhip\b
Sandip,Verma,Lords,Lords Spokesperson (Department for International Development),2010-05-11,2011-09-05,482.0,2010-05-06,1789.0,Conservative,Gordon Brown,https://id.parliament.uk/QdTpvoeQ,3790,ambiguous,False,default
Patricia,Rawlings,Lords,Baroness in Waiting (HM Household) (Whip),2010-05-11,2012-06-25,776.0,2010-05-06,1789.0,Conservative,Gordon Brown,https://id.parliament.uk/oTUs96Dj,3278,non_senior,False,regex:\bwhip\b
Sandip,Verma,Lords,Baroness in Waiting (HM Household) (Whip),2010-05-11,2012-09-06,849.0,2010-05-06,1789.0,Conservative,Gordon Brown,https://id.parliament.uk/QdTpvoeQ,3790,non_senior,False,regex:\bwhip\b
Patricia,Rawlings,Lords,"Lords Spokesperson (Department for Culture, Media and Sport)",2010-05-11,2012-09-06,849.0,2010-05-06,1789.0,Conservative,Gordon Brown,https://id.parliament.uk/oTUs96Dj,3278,ambiguous,False,default
Nicholas,Clegg,Commons,"Deputy Prime Minister, Lord President of the Council (Cabinet Office) (with Special Responsibility for Political and Constitutional Reform)",2010-05-11,2015-05-08,1823.0,2010-05-06,1789.0,Liberal Democrat,Gordon Brown,https://id.parliament.uk/n3uGDqOP,1563,senior,True,contains:prime minister
John,Astor,Lords,Lord in Waiting (HM Household) (Whip),2010-05-11,2011-09-05,482.0,2010-05-06,1789.0,Conservative,Gordon Brown,https://id.parliament.uk/Xmgxcz0Y,3428,non_senior,False,regex:\bwhip\b
David,Cameron,Commons,"Prime Minister, First Lord of the Treasury and Minister for the Civil Service",2010-05-11,2016-07-13,2255.0,2010-05-06,1789.0,Conservative,Gordon Brown,https://id.parliament.uk/6YHCzz8V,1467,senior,True,contains:prime minister
Nicholas,Clegg,Commons,Lord President of the Council (Privy Council Office),2010-05-11,2015-05-08,1823.0,2010-05-06,1789.0,Liberal Democrat,Gordon Brown,https://id.parliament.uk/n3uGDqOP,1563,senior,True,contains:lord president of the council
Rupert,Ponsonby,Lords,Lord in Waiting (HM Household) (Whip),2010-05-11,2012-09-06,849.0,2010-05-06,1789.0,Conservative,Gordon Brown,https://id.parliament.uk/YquXSHbU,2202,non_senior,False,regex:\bwhip\b
Brooks,Newmark,Commons,Lord Commissioner (HM Treasury) (Whip),2010-05-12,2012-09-06,848.0,2010-05-06,1789.0,Conservative,David Cameron,https://id.parliament.uk/99tlDUfR,1488,non_senior,False,regex:\bwhip\b
Theresa,May,Commons,Minister for Women and Equalities,2010-05-12,2012-10-15,887.0,2010-05-06,1789.0,Conservative,David Cameron,https://id.parliament.uk/JPL7AGmo,8,ambiguous,False,regex:\bminister for\b
Theresa,May,Commons,Home Secretary,2010-05-12,2016-07-13,2254.0,2010-05-06,1789.0,Conservative,David Cameron,https://id.parliament.uk/JPL7AGmo,8,ambiguous,False,default
Michael,Gove,Commons,Secretary of State for Education,2010-05-12,2014-07-15,1525.0,2010-05-06,1789.0,Conservative,David Cameron,https://id.parliament.uk/0K7kX33I,1571,senior,True,contains:secretary of state
Andrew,Lansley,Commons,Secretary of State for Health,2010-05-12,2012-09-06,848.0,2010-05-06,1789.0,Conservative,David Cameron,https://id.parliament.uk/NUEEnevv,123,senior,True,contains:secretary of state
William,Wiggin,Commons,Assistant Whip (HM Treasury),2010-05-12,2012-09-06,848.0,2010-05-06,1789.0,Conservative,David Cameron,https://id.parliament.uk/hHSt1CqD,1428,non_senior,False,regex:\bassistant whip\b
John,Hayes,Commons,"Minister of State (Department for Business, Innovation and Skills) (Further Education, Skills and Lifelong Learning) (also in the Department for Education)",2010-05-12,2012-09-06,848.0,2010-05-06,1789.0,Conservative,David Cameron,https://id.parliament.uk/yzH3vz6B,350,ambiguous,False,regex:\bminister of state\b
Angela,Watkinson,Commons,Lord Commissioner (HM Treasury) (Whip),2010-05-12,2012-09-06,848.0,2010-05-06,1789.0,Conservative,David Cameron,https://id.parliament.uk/8HG1T13Q,1462,non_senior,False,regex:\bwhip\b
Andrew,Mitchell,Commons,Secretary of State for International Development,2010-05-12,2012-09-06,848.0,2010-05-06,1789.0,Conservative,David Cameron,https://id.parliament.uk/QW4mOMIY,1211,senior,True,contains:secretary of state
David,Laws,Commons,Chief Secretary to the Treasury,2010-05-12,2010-05-29,17.0,2010-05-06,1789.0,Liberal Democrat,David Cameron,https://id.parliament.uk/o6Sxg4Vf,1473,senior,True,contains:chief secretary to the treasury
Hugh,Robertson,Commons,"Parliamentary Under-Secretary (Department for Culture, Media and Sport) (Sport and the Olympics)",2010-05-12,2012-09-06,848.0,2010-05-06,1789.0,Conservative,David Cameron,https://id.parliament.uk/5hu1lRiN,1415,non_senior,False,regex:\bparliamentary under-?secretary\b
Sayeeda,Warsi,Lords,Minister without Portfolio (Cabinet Office),2010-05-12,2012-09-06,848.0,2010-05-06,1789.0,Conservative,David Cameron,https://id.parliament.uk/qLjxRdRD,3839,senior,True,contains:minister without portfolio
Dominic,Grieve,Commons,Attorney General,2010-05-12,2014-07-15,1525.0,2010-05-06,1789.0,Conservative,David Cameron,https://id.parliament.uk/teXRvkZh,16,ambiguous,False,regex:\battorney general\b
Robert,Goodwill,Commons,Assistant Whip (HM Treasury),2010-05-12,2012-09-06,848.0,2010-05-06,1789.0,Conservative,David Cameron,https://id.parliament.uk/tXbYU8RO,1562,non_senior,False,regex:\bassistant whip\b
James,Wallace,Lords,Lords Spokesperson (Wales Office),2010-05-12,2012-09-05,847.0,2010-05-06,1789.0,Liberal Democrat,David Cameron,https://id.parliament.uk/SVi9opsI,630,ambiguous,False,default
Francis,Maude,Commons,Paymaster General and Minister for the Cabinet Office,2010-05-12,2015-03-30,1783.0,2010-05-06,1789.0,Conservative,David Cameron,https://id.parliament.uk/XrxW6kpF,115,ambiguous,False,regex:\bpaymaster general\b
Eric,Pickles,Commons,Secretary of State for Communities and Local Government,2010-05-12,2015-05-08,1822.0,2010-05-06,1789.0,Conservative,David Cameron,https://id.parliament.uk/usNZNEl8,33,senior,True,contains:secretary of state
Mark,Francois,Commons,"Vice Chamberlain (HM Household) (Whip, House of Commons)",2010-05-12,2012-09-06,848.0,2010-05-06,1789.0,Conservative,David Cameron,https://id.parliament.uk/61TcZWOM,1444,non_senior,False,regex:\bwhip\b
Mark,Hunter,Commons,Assistant Whip (HM Treasury),2010-05-12,2014-10-13,1615.0,2010-05-06,1789.0,Liberal Democrat,David Cameron,https://id.parliament.uk/2hdo7j6Z,1598,non_senior,False,regex:\bassistant whip\b
Norman,Lamb,Commons,Assistant Whip (HM Treasury),2010-05-12,2012-02-03,632.0,2010-05-06,1789.0,Liberal Democrat,David Cameron,https://id.parliament.uk/42UyXYQP,1439,non_senior,False,regex:\bassistant whip\b
Owen,Paterson,Commons,Secretary of State for Northern Ireland,2010-05-12,2012-09-06,848.0,2010-05-06,1789.0,Conservative,David Cameron,https://id.parliament.uk/5bLfMuWV,274,senior,True,contains:secretary of state
James,Wallace,Lords,Lords Spokesperson (Attorney General's Office),2010-05-12,2015-05-07,1821.0,2010-05-06,1789.0,Liberal Democrat,David Cameron,https://id.parliament.uk/SVi9opsI,630,ambiguous,False,regex:\battorney general\b
Cheryl,Gillan,Commons,Secretary of State for Wales,2010-05-12,2012-09-06,848.0,2010-05-06,1789.0,Conservative,David Cameron,https://id.parliament.uk/c6QYWLOe,18,senior,True,contains:secretary of state
Michael,Fabricant,Commons,Lord Commissioner (HM Treasury) (Whip),2010-05-12,2012-09-06,848.0,2010-05-06,1789.0,Conservative,David Cameron,https://id.parliament.uk/Fx1EcmX5,280,non_senior,False,regex:\bwhip\b
Chloe,Smith,Commons,Assistant Whip (HM Treasury),2010-05-12,2011-10-14,520.0,2010-05-06,1789.0,Conservative,David Cameron,https://id.parliament.uk/trjrjVxb,1609,non_senior,False,regex:\bassistant whip\b
Alistair,Carmichael,Commons,"Comptroller (HM Household) (Deputy Chief Whip, House of Commons)",2010-05-12,2013-10-07,1244.0,2010-05-06,1789.0,Liberal Democrat,David Cameron,https://id.parliament.uk/VWwjNZay,1442,non_senior,False,regex:\bwhip\b
Robert,Stunell,Commons,Parliamentary Under-Secretary (Department for Communities and Local Government),2010-05-12,2012-09-06,848.0,2010-05-06,1789.0,Liberal Democrat,David Cameron,https://id.parliament.uk/Uftks50N,445,non_senior,False,regex:\bparliamentary under-?secretary\b
George,Osborne,Commons,Chancellor of the Exchequer,2010-05-12,2015-05-08,1822.0,2010-05-06,1789.0,Conservative,David Cameron,https://id.parliament.uk/MZgn0iAu,1458,senior,True,contains:chancellor of the exchequer
David,Willetts,Commons,"Minister of State (Department for Business, Innovation and Skills) (Universities and Science)",2010-05-12,2014-07-15,1525.0,2010-05-06,1789.0,Conservative,David Cameron,https://id.parliament.uk/DKD3eVop,53,ambiguous,False,regex:\bminister of state\b
David,Howell,Lords,Minister of State (Foreign and Commonwealth Office) (International Energy Policy),2010-05-12,2012-09-06,848.0,2010-05-06,1789.0,Conservative,David Cameron,https://id.parliament.uk/jAgDv8hd,993,ambiguous,False,regex:\bminister of state\b
Liam,Fox,Commons,Secretary of State for Defence,2010-05-12,2011-10-14,520.0,2010-05-06,1789.0,Conservative,David Cameron,https://id.parliament.uk/dougZwFw,223,senior,True,contains:secretary of state
Lynne,Featherstone,Commons,Parliamentary Under-Secretary (Government Equalities Office),2010-05-12,2011-04-26,349.0,2010-05-06,1789.0,Liberal Democrat,David Cameron,https://id.parliament.uk/Il186YY2,1531,non_senior,False,regex:\bparliamentary under-?secretary\b
James,Wallace,Lords,Lords Spokesperson (Scotland Office),2010-05-12,2015-05-07,1821.0,2010-05-06,1789.0,Liberal Democrat,David Cameron,https://id.parliament.uk/SVi9opsI,630,ambiguous,False,default
Alexander,Randall,Commons,"Treasurer of HM Household (Deputy Chief Whip, House of Commons)",2010-05-12,2013-10-07,1244.0,2010-05-06,1789.0,Conservative,David Cameron,https://id.parliament.uk/jwK7IQzE,209,non_senior,False,regex:\bwhip\b
Kenneth,Clarke,Commons,Lord Chancellor and Secretary of State for Justice,2010-05-12,2012-09-06,848.0,2010-05-06,1789.0,Conservative,David Cameron,https://id.parliament.uk/TyNGhslR,366,senior,True,contains:lord chancellor
Christopher,Huhne,Commons,Secretary of State for Energy and Climate Change,2010-05-12,2012-02-03,632.0,2010-05-06,1789.0,Liberal Democrat,David Cameron,https://id.parliament.uk/jMiKFP7S,1517,senior,True,contains:secretary of state
George,Duncan Smith,Commons,Secretary of State for Work and Pensions,2010-05-12,2016-03-19,2138.0,2010-05-06,1789.0,Conservative,David Cameron,https://id.parliament.uk/rYnjx5sA,152,senior,True,contains:secretary of state
Philip,Dunne,Commons,Assistant Whip (HM Treasury),2010-05-12,2012-09-06,848.0,2010-05-06,1789.0,Conservative,David Cameron,https://id.parliament.uk/j3tFA6NO,1542,non_senior,False,regex:\bassistant whip\b
Shailesh,Vara,Commons,Assistant Whip (HM Treasury),2010-05-12,2012-09-06,848.0,2010-05-06,1789.0,Conservative,David Cameron,https://id.parliament.uk/Uj24yw4q,1496,non_senior,False,regex:\bassistant whip\b
Daniel,Alexander,Commons,Secretary of State for Scotland,2010-05-12,2010-05-29,17.0,2010-05-06,1789.0,Liberal Democrat,David Cameron,https://id.parliament.uk/AiG7DWgQ,1535,senior,True,contains:secretary of state
John,Cable,Commons,"Secretary of State for Business, Innovation and Skills",2010-05-12,2015-05-08,1822.0,2010-05-06,1789.0,Liberal Democrat,David Cameron,https://id.parliament.uk/kvWUil3G,207,senior,True,contains:secretary of state
William,Hague,Commons,Foreign Secretary and First Secretary of State,2010-05-12,2014-07-15,1525.0,2010-05-06,1789.0,Conservative,David Cameron,https://id.parliament.uk/rEpJPeh9,379,senior,True,contains:secretary of state
Jeremy,Hunt,Commons,"Secretary of State for Culture, Media and Sport",2010-05-12,2012-09-06,848.0,2010-05-06,1789.0,Conservative,David Cameron,https://id.parliament.uk/x6FOPcns,1572,senior,True,contains:secretary of state
Mark,Harper,Commons,Parliamentary Secretary (Cabinet Office),2010-05-12,2012-09-06,848.0,2010-05-06,1789.0,Conservative,David Cameron,https://id.parliament.uk/psgM7FBk,1520,non_senior,False,regex:\bparliamentary secretary\b
James,Wallace,Lords,Advocate General for Scotland,2010-05-12,2015-05-07,1821.0,2010-05-06,1789.0,Liberal Democrat,David Cameron,https://id.parliament.uk/SVi9opsI,630,ambiguous,False,default
Philip,Hammond,Commons,Secretary of State for Transport,2010-05-12,2011-10-14,520.0,2010-05-06,1789.0,Conservative,David Cameron,https://id.parliament.uk/pkigvNdY,105,senior,True,contains:secretary of state
Thomas,Galbraith,Lords,Leader of the House of Lords and Chancellor of the Duchy of Lancaster,2010-05-12,2013-01-07,971.0,2010-05-06,1789.0,Conservative,David Cameron,https://id.parliament.uk/ucGKwgAr,2221,senior,True,contains:chancellor of the duchy of lancaster
James,Duddridge,Commons,Lord Commissioner (HM Treasury) (Whip),2010-05-12,2012-09-06,848.0,2010-05-06,1789.0,Conservative,David Cameron,https://id.parliament.uk/uDZzgmxr,1559,non_senior,False,regex:\bwhip\b
Nicholas,Hurd,Commons,Parliamentary Secretary (Cabinet Office),2010-05-12,2014-07-15,1525.0,2010-05-06,1789.0,Conservative,David Cameron,https://id.parliament.uk/nXTZ5A4D,1561,non_senior,False,regex:\bparliamentary secretary\b
George,Young,Commons,Leader of the House of Commons and Lord Privy Seal,2010-05-12,2012-09-06,848.0,2010-05-06,1789.0,Conservative,David Cameron,https://id.parliament.uk/9mJigEyv,57,senior,True,contains:lord privy seal
Jeremy,Wright,Commons,Lord Commissioner (HM Treasury) (Whip),2010-05-12,2012-09-06,848.0,2010-05-06,1789.0,Conservative,David Cameron,https://id.parliament.uk/dcfUDdFC,1560,non_senior,False,regex:\bwhip\b
Caroline,Spelman,Commons,"Secretary of State for Environment, Food and Rural Affairs",2010-05-12,2012-09-06,848.0,2010-05-06,1789.0,Conservative,David Cameron,https://id.parliament.uk/McDKiSop,312,senior,True,contains:secretary of state
Stephen,Crabb,Commons,Assistant Whip (HM Treasury),2010-05-12,2012-09-06,848.0,2010-05-06,1789.0,Conservative,David Cameron,https://id.parliament.uk/CruBwppn,1554,non_senior,False,regex:\bassistant whip\b
Patrick,McLoughlin,Commons,Parliamentary Secretary to the Treasury and Chief Whip,2010-05-12,2012-09-04,846.0,2010-05-06,1789.0,Conservative,David Cameron,https://id.parliament.uk/LZDZjBO2,333,non_senior,False,regex:\bparliamentary secretary\b
Oliver,Letwin,Commons,Minister for Government Policy (Cabinet Office),2010-05-12,2014-07-15,1525.0,2010-05-06,1789.0,Conservative,David Cameron,https://id.parliament.uk/X8QiVAam,247,ambiguous,False,regex:\bminister for\b
Jeremy,Browne,Commons,"Minister of State (Foreign and Commonwealth Office) (South East Asia/Far East, India and Nepal, Latin America, Falklands, Australasia and Pacific, Commonwealth)",2010-05-13,2012-09-06,847.0,2010-05-06,1789.0,Liberal Democrat,David Cameron,https://id.parliament.uk/buxBEP0l,1575,ambiguous,False,regex:\bminister of state\b
Steven,Webb,Commons,Minister of State (Department for Work and Pensions),2010-05-13,2015-05-08,1821.0,2010-05-06,1789.0,Liberal Democrat,David Cameron,https://id.parliament.uk/cRr5jMY5,220,ambiguous,False,regex:\bminister of state\b
David,Lidington,Commons,Minister of State (Foreign and Commonwealth Office) (European issues and NATO),2010-05-13,2016-07-14,2254.0,2010-05-06,1789.0,Conservative,David Cameron,https://id.parliament.uk/EPhidb9p,15,ambiguous,False,regex:\bminister of state\b
Tom,McNally,Lords,Deputy Leader of the House of Lords,2010-05-13,2013-10-14,1250.0,2010-05-06,1789.0,Liberal Democrat,David Cameron,https://id.parliament.uk/UycA8MQK,919,senior,True,contains:leader of the house of lords
Mark,Hoban,Commons,Financial Secretary (HM Treasury),2010-05-13,2012-09-06,847.0,2010-05-06,1789.0,Conservative,David Cameron,https://id.parliament.uk/rK4YjRer,1414,ambiguous,False,regex:\bfinancial secretary\b
Hugo,Swire,Commons,Minister of State (Northern Ireland Office),2010-05-13,2012-09-06,847.0,2010-05-06,1789.0,Conservative,David Cameron,https://id.parliament.uk/bu7r7sVI,1408,ambiguous,False,regex:\bminister of state\b
David,Gauke,Commons,Exchequer Secretary (HM Treasury),2010-05-13,2014-07-15,1524.0,2010-05-06,1789.0,Conservative,David Cameron,https://id.parliament.uk/iavMcgms,1529,ambiguous,False,default
Gregory,Clark,Commons,"Minister of State (Department for Communities and Local Government) (Decentralisation and Cities) (also in the Department for Business, Innovation and Skills)",2010-05-13,2012-09-06,847.0,2010-05-06,1789.0,Conservative,David Cameron,https://id.parliament.uk/jqlCAgYA,1578,ambiguous,False,regex:\bminister of state\b
Sarah,Teather,Commons,Minister of State (Department for Education) (Children and Families),2010-05-13,2012-09-06,847.0,2010-05-06,1789.0,Liberal Democrat,David Cameron,https://id.parliament.uk/TdVKjPkC,1170,ambiguous,False,regex:\bminister of state\b
Tom,McNally,Lords,Minister of State (Ministry of Justice),2010-05-13,2013-12-18,1315.0,2010-05-06,1789.0,Liberal Democrat,David Cameron,https://id.parliament.uk/UycA8MQK,919,ambiguous,False,regex:\bminister of state\b
Nicolas,Gibb,Commons,Minister of State (Education),2010-05-13,2012-09-06,847.0,2010-05-06,1789.0,Conservative,David Cameron,https://id.parliament.uk/r0QLf2Xa,111,ambiguous,False,regex:\bminister of state\b
Stephen,O'Brien,Commons,Parliamentary Under-Secretary (Department for International Development),2010-05-13,2012-09-06,847.0,2010-05-06,1789.0,Conservative,David Cameron,https://id.parliament.uk/w9w7FbR9,427,non_senior,False,regex:\bparliamentary under-?secretary\b
Lilian,Neville-Jones,Lords,Minister of State (Home Office) (Security),2010-05-13,2011-09-05,480.0,2010-05-06,1789.0,Conservative,David Cameron,https://id.parliament.uk/lMktwJpw,3840,ambiguous,False,regex:\bminister of state\b
Charles,Hendry,Commons,Minister of State (Department of Energy and Climate Change),2010-05-13,2012-09-06,847.0,2010-05-06,1789.0,Conservative,David Cameron,https://id.parliament.uk/416epHOt,1220,ambiguous,False,regex:\bminister of state\b
Gregory,Barker,Commons,Minister of State (Department of Energy and Climate Change),2010-05-13,2014-07-15,1524.0,2010-05-06,1789.0,Conservative,David Cameron,https://id.parliament.uk/PjzpuRIV,1389,ambiguous,False,regex:\bminister of state\b
Damian,Green,Commons,Minister of State (Home Office) (Immigration),2010-05-13,2012-09-06,847.0,2010-05-06,1789.0,Conservative,David Cameron,https://id.parliament.uk/72qlmbBV,76,ambiguous,False,regex:\bminister of state\b
James,Sassoon,Lords,Commercial Secretary (HM Treasury),2010-05-13,2013-01-01,964.0,2010-05-06,1789.0,,David Cameron,https://id.parliament.uk/RWNktAUf,4146,ambiguous,False,default
Paul,Burstow,Commons,Minister of State (Department of Health),2010-05-13,2012-09-06,847.0,2010-05-06,1789.0,Liberal Democrat,David Cameron,https://id.parliament.uk/B2VL6iUT,204,ambiguous,False,regex:\bminister of state\b
Justine,Greening,Commons,Economic Secretary (HM Treasury),2010-05-13,2011-10-14,519.0,2010-05-06,1789.0,Conservative,David Cameron,https://id.parliament.uk/1CRqwuTp,1555,ambiguous,False,regex:\beconomic secretary\b
Chris,Grayling,Commons,Minister of State (Department for Work and Pensions),2010-05-13,2012-09-06,847.0,2010-05-06,1789.0,Conservative,David Cameron,https://id.parliament.uk/nfMorZ5b,1413,ambiguous,False,regex:\bminister of state\b
Simon,Burns,Commons,Minister of State (Department of Health) (Health Services),2010-05-13,2012-09-06,847.0,2010-05-06,1789.0,Conservative,David Cameron,https://id.parliament.uk/ueCA7LxD,46,ambiguous,False,regex:\bminister of state\b
James,Brokenshire,Commons,Parliamentary Under-Secretary (Home Office),2010-05-13,2011-05-11,363.0,2010-05-06,1789.0,Conservative,David Cameron,https://id.parliament.uk/HENgq022,1530,non_senior,False,regex:\bparliamentary under-?secretary\b
Nick,Herbert,Commons,Minister of State (Ministry of Justice) (jointly with Home Office),2010-05-13,2012-09-06,847.0,2010-05-06,1789.0,Conservative,David Cameron,https://id.parliament.uk/QGFl4k1C,1479,ambiguous,False,regex:\bminister of state\b
Nicholas,Harvey,Commons,Minister of State (Ministry of Defence),2010-05-13,2012-09-06,847.0,2010-05-06,1789.0,Liberal Democrat,David Cameron,https://id.parliament.uk/ElJJB349,231,ambiguous,False,regex:\bminister of state\b
Nick,Herbert,Commons,Minister of State (Home Office) (Policing) (Jointly with the Ministry of Justice),2010-05-13,2012-09-06,847.0,2010-05-06,1789.0,Conservative,David Cameron,https://id.parliament.uk/QGFl4k1C,1479,ambiguous,False,regex:\bminister of state\b
Grant,Shapps,Commons,Minister of State (Department for Communities and Local Government) (Housing),2010-05-13,2012-09-06,847.0,2010-05-06,1789.0,Conservative,David Cameron,https://id.parliament.uk/ZvG45buB,1582,ambiguous,False,regex:\bminister of state\b
Joyce,Anelay,Lords,"Captain of the Honourable Corps of Gentlemen-at-Arms (HM Household) (Chief Whip, House of Lords)",2010-05-13,2014-08-06,1546.0,2010-05-06,1789.0,Conservative,David Cameron,https://id.parliament.uk/6uKzYpoj,3474,non_senior,False,regex:\bwhip\b
Michael,Prisk,Commons,"Minister of State (Department for Business, Innovation and Skills) (Business and Enterprise)",2010-05-13,2012-09-06,847.0,2010-05-06,1789.0,Conservative,David Cameron,https://id.parliament.uk/FWf5iAFZ,1424,ambiguous,False,regex:\bminister of state\b
Theresa,Villiers,Commons,Minister of State (Department for Transport) (Rail and Aviation),2010-05-14,2012-09-06,846.0,2010-05-06,1789.0,Conservative,David Cameron,https://id.parliament.uk/nxNQZEuc,1500,ambiguous,False,regex:\bminister of state\b
David,Mundell,Commons,Parliamentary Under-Secretary (Scotland Office),2010-05-14,2015-05-08,1820.0,2010-05-06,1789.0,Conservative,David Cameron,https://id.parliament.uk/Xx3pGa0q,1512,non_senior,False,regex:\bparliamentary under-?secretary\b
Norman,Baker,Commons,Parliamentary Under-Secretary (Department for Transport) (Regional and Local Transport),2010-05-14,2013-10-07,1242.0,2010-05-06,1789.0,Liberal Democrat,David Cameron,https://id.parliament.uk/zfV7nFP8,28,non_senior,False,regex:\bparliamentary under-?secretary\b
James,Paice,Commons,"Minister of State (Department for Environment, Food and Rural Affairs)",2010-05-14,2012-09-06,846.0,2010-05-06,1789.0,Conservative,David Cameron,https://id.parliament.uk/sZAnVs3N,124,ambiguous,False,regex:\bminister of state\b
Alan,Duncan,Commons,Minister of State (Department for International Development),2010-05-14,2014-07-15,1523.0,2010-05-06,1789.0,Conservative,David Cameron,https://id.parliament.uk/ZsPq2lLF,343,ambiguous,False,regex:\bminister of state\b
Joan,Hanham,Lords,Parliamentary Under-Secretary (Department for Communities and Local Government),2010-05-14,2013-10-07,1242.0,2010-05-06,1789.0,Conservative,David Cameron,https://id.parliament.uk/mFtyBJDc,2477,non_senior,False,regex:\bparliamentary under-?secretary\b
Edward,Garnier,Commons,Solicitor General (Attorney General's Office),2010-05-14,2012-09-06,846.0,2010-05-06,1789.0,Conservative,David Cameron,https://id.parliament.uk/UT2CILAj,337,ambiguous,False,regex:\battorney general\b
David,Heath,Commons,Parliamentary Secretary and Deputy Leader of the House of Commons,2010-05-17,2012-09-06,843.0,2010-05-06,1789.0,Liberal Democrat,David Cameron,https://id.parliament.uk/l7xvU5Hj,255,senior,True,contains:leader of the house of commons
Alistair,Burt,Commons,Parliamentary Under-Secretary (Foreign and Commonwealth Office),2010-05-17,2013-10-07,1239.0,2010-05-06,1789.0,Conservative,David Cameron,https://id.parliament.uk/OxbSuAew,1201,non_senior,False,regex:\bparliamentary under-?secretary\b
Jonathan,Djanogly,Commons,Parliamentary Under-Secretary (Ministry of Justice),2010-05-17,2012-09-06,843.0,2010-05-06,1789.0,Conservative,David Cameron,https://id.parliament.uk/zd8N3BOV,1425,non_senior,False,regex:\bparliamentary under-?secretary\b
Timothy,Loughton,Commons,Parliamentary Under-Secretary (Department for Education),2010-05-17,2012-09-06,843.0,2010-05-06,1789.0,Conservative,David Cameron,https://id.parliament.uk/RlIqlixq,114,non_senior,False,regex:\bparliamentary under-?secretary\b
John,Penrose,Commons,"Parliamentary Under-Secretary (Department for Culture, Media and Sport)",2010-05-17,2012-09-06,843.0,2010-05-06,1789.0,Conservative,David Cameron,https://id.parliament.uk/JJ3Ox3Vn,1584,non_senior,False,regex:\bparliamentary under-?secretary\b
Judith,Wilcox,Lords,"Parliamentary Under-Secretary (Department for Business, Innovation and Skills) (Intellectual Property)",2010-05-17,2012-09-06,843.0,2010-05-06,1789.0,Conservative,David Cameron,https://id.parliament.uk/jRvZNVvm,1727,non_senior,False,regex:\bparliamentary under-?secretary\b
Richard,Benyon,Commons,"Parliamentary Under-Secretary (Department for Environment, Food and Rural Affairs)",2010-05-17,2013-10-07,1239.0,2010-05-06,1789.0,Conservative,David Cameron,https://id.parliament.uk/gnRRt0aA,1547,non_senior,False,regex:\bparliamentary under-?secretary\b
Peter,Luff,Commons,Parliamentary Under-Secretary (Ministry of Defence),2010-05-17,2012-09-06,843.0,2010-05-06,1789.0,Conservative,David Cameron,https://id.parliament.uk/vxk8h8HS,268,non_senior,False,regex:\bparliamentary under-?secretary\b
Anne,Milton,Commons,Parliamentary Under-Secretary (Department of Health),2010-05-17,2012-09-06,843.0,2010-05-06,1789.0,Conservative,David Cameron,https://id.parliament.uk/A0LvTNMZ,1523,non_senior,False,regex:\bparliamentary under-?secretary\b
James,Howarth,Commons,Parliamentary Under-Secretary (Ministry of Defence),2010-05-17,2012-09-06,843.0,2010-05-06,1789.0,Conservative,David Cameron,https://id.parliament.uk/eSN6fj4F,47,non_senior,False,regex:\bparliamentary under-?secretary\b
Crispin,Blunt,Commons,Parliamentary Under-Secretary (Ministry of Justice) (Prisons and Probation),2010-05-17,2012-09-06,843.0,2010-05-06,1789.0,Conservative,David Cameron,https://id.parliament.uk/cEAqbur8,104,non_senior,False,regex:\bparliamentary under-?secretary\b
Michael,Penning,Commons,Parliamentary Under-Secretary (Department for Transport) (Roads and Motoring),2010-05-17,2012-09-06,843.0,2010-05-06,1789.0,Conservative,David Cameron,https://id.parliament.uk/1AspMgzb,1528,non_senior,False,regex:\bparliamentary under-?secretary\b
Oliver,Eden,Lords,"Parliamentary Under-Secretary (Department for Environment, Food and Rural Affairs)",2010-05-17,2011-09-16,487.0,2010-05-06,1789.0,Conservative,David Cameron,https://id.parliament.uk/aDv4Y6kY,2616,non_senior,False,regex:\bparliamentary under-?secretary\b
Henry,Bellingham,Commons,Parliamentary Under-Secretary (Foreign and Commonwealth Office),2010-05-17,2012-09-06,843.0,2010-05-06,1789.0,Conservative,David Cameron,https://id.parliament.uk/9cmtCFse,1441,non_senior,False,regex:\bparliamentary under-?secretary\b
Andrew,Robathan,Commons,Parliamentary Under-Secretary (Ministry of Defence),2010-05-17,2012-09-06,843.0,2010-05-06,1789.0,Conservative,David Cameron,https://id.parliament.uk/oz9rAIcJ,334,non_senior,False,regex:\bparliamentary under-?secretary\b
David,Jones,Commons,Parliamentary Under-Secretary (Wales Office),2010-05-17,2012-09-06,843.0,2010-05-06,1789.0,Conservative,David Cameron,https://id.parliament.uk/wr73COQ7,1502,non_senior,False,regex:\bparliamentary under-?secretary\b
Maria,Miller,Commons,Parliamentary Under-Secretary (Department for Work and Pensions),2010-05-17,2012-09-06,843.0,2010-05-06,1789.0,Conservative,David Cameron,https://id.parliament.uk/RbRrvzGa,1480,non_senior,False,regex:\bparliamentary under-?secretary\b
Lynne,Featherstone,Commons,Parliamentary Under-Secretary (Home Office),2010-05-17,2012-09-06,843.0,2010-05-06,1789.0,Liberal Democrat,David Cameron,https://id.parliament.uk/Il186YY2,1531,non_senior,False,regex:\bparliamentary under-?secretary\b
Edward,Davey,Commons,"Parliamentary Under-Secretary (Department for Business, Innovation and Skills) (Employment Relations, Consumer and Postal Affairs)",2010-05-17,2012-02-03,627.0,2010-05-06,1789.0,Liberal Democrat,David Cameron,https://id.parliament.uk/3HPeT9K0,188,non_senior,False,regex:\bparliamentary under-?secretary\b
David,Freud,Lords,Parliamentary Under-Secretary (Department for Work and Pensions) (Welfare Reform),2010-05-17,2015-05-07,1816.0,2010-05-06,1789.0,Conservative,David Cameron,https://id.parliament.uk/1vaGr22a,3893,non_senior,False,regex:\bparliamentary under-?secretary\b
Robert,Neill,Commons,Parliamentary Under-Secretary (Department for Communities and Local Government) (Planning),2010-05-17,2012-09-06,843.0,2010-05-06,1789.0,Conservative,David Cameron,https://id.parliament.uk/2ykuEGz4,1601,non_senior,False,regex:\bparliamentary under-?secretary\b
Frederick,Curzon,Lords,Parliamentary Under-Secretary (Department of Health),2010-05-17,2015-05-11,1820.0,2010-05-06,1789.0,Conservative,David Cameron,https://id.parliament.uk/NVVtoygN,2000,non_senior,False,regex:\bparliamentary under-?secretary\b
John,Hayes,Commons,"Minister of State (Department for Education) (Jointly with the Department for Business, Innovation and Skills)",2010-05-18,2012-09-06,842.0,2010-05-06,1789.0,Conservative,David Cameron,https://id.parliament.uk/yzH3vz6B,350,ambiguous,False,regex:\bminister of state\b
Edward,Vaizey,Commons,"Parliamentary Under-Secretary (Department for Business, Innovation and Skills) (Culture, Communications and Creative Industries) (jointly with the Department for Culture, Media and Sport)",2010-05-21,2010-12-21,214.0,2010-05-06,1789.0,Conservative,David Cameron,https://id.parliament.uk/941ee6DS,1580,non_senior,False,regex:\bparliamentary under-?secretary\b
Edward,Vaizey,Commons,"Parliamentary Under-Secretary (Department for Culture, Media and Sport)",2010-05-22,2014-07-15,1515.0,2010-05-06,1789.0,Conservative,David Cameron,https://id.parliament.uk/941ee6DS,1580,non_senior,False,regex:\bparliamentary under-?secretary\b
Jonathan,Marland,Lords,Parliamentary Under-Secretary (Department of Energy and Climate Change),2010-05-24,2012-09-06,836.0,2010-05-06,1789.0,Conservative,David Cameron,https://id.parliament.uk/uk40oRXW,3797,non_senior,False,regex:\bparliamentary under-?secretary\b
John,Astor,Lords,Parliamentary Under-Secretary (Ministry of Defence),2010-05-28,2015-05-07,1805.0,2010-05-06,1789.0,Conservative,David Cameron,https://id.parliament.uk/Xmgxcz0Y,3428,non_senior,False,regex:\bparliamentary under-?secretary\b
Michael,Moore,Commons,Secretary of State for Scotland,2010-05-29,2013-10-07,1227.0,2010-05-06,1789.0,Liberal Democrat,David Cameron,https://id.parliament.uk/IdLd3lVr,638,senior,True,contains:secretary of state
Jonathan,Hopkin,Lords,Parliamentary Under-Secretary (Department for Education),2010-06-03,2013-01-07,949.0,2010-05-06,1789.0,Conservative,David Cameron,https://id.parliament.uk/b97lk5LP,4144,non_senior,False,regex:\bparliamentary under-?secretary\b
Jonathan,Hopkin,Lords,Parliamentary Under-Secretary (Department for Education),2010-06-03,2013-01-07,949.0,2010-05-06,1789.0,Conservative,David Cameron,https://id.parliament.uk/b97lk5LP,4144,non_senior,False,regex:\bparliamentary under-?secretary\b
Anthony,Baldry,Commons,Second Church Estates Commissioner,2010-06-21,2015-03-30,1743.0,2010-05-06,1789.0,Conservative,David Cameron,https://id.parliament.uk/nqvFaORz,93,ambiguous,False,default
Daniel,Alexander,Commons,Chief Secretary to the Treasury,2010-06-29,2015-05-08,1774.0,2010-05-06,1789.0,Liberal Democrat,David Cameron,https://id.parliament.uk/AiG7DWgQ,1535,senior,True,contains:chief secretary to the treasury
Susan,Garden,Lords,"Lords Spokesperson (Department for Culture, Media and Sport)",2010-10-13,2012-09-06,694.0,2010-05-06,1789.0,Liberal Democrat,David Cameron,https://id.parliament.uk/cwZcRmjT,3842,ambiguous,False,default
Susan,Garden,Lords,Baroness in Waiting (HM Household) (Whip),2010-10-13,2013-10-07,1090.0,2010-05-06,1789.0,Liberal Democrat,David Cameron,https://id.parliament.uk/cwZcRmjT,3842,non_senior,False,regex:\bwhip\b
William,Wallace,Lords,Lord in Waiting (HM Household) (Whip),2010-10-13,2015-05-07,1667.0,2010-05-06,1789.0,Liberal Democrat,David Cameron,https://id.parliament.uk/bX83NvFE,1816,non_senior,False,regex:\bwhip\b
Sandip,Verma,Lords,Lords Spokesperson (Home Office) (Equalities and Women's Issues),2010-10-13,2012-09-06,694.0,2010-05-06,1789.0,Conservative,David Cameron,https://id.parliament.uk/QdTpvoeQ,3790,ambiguous,False,default
John,Attlee,Lords,Lords Spokesperson (Department for Transport),2010-10-13,2013-10-07,1090.0,2010-05-06,1789.0,Conservative,David Cameron,https://id.parliament.uk/dOqmQqV1,3425,ambiguous,False,default
David,Shutt,Lords,Lords Spokesperson (Northern Ireland Office),2010-10-13,2012-05-08,573.0,2010-05-06,1789.0,Liberal Democrat,David Cameron,https://id.parliament.uk/wtFXxfTl,2546,ambiguous,False,default
Stephen,Green,Lords,"Minister of State (Department for Business, Innovation and Skills) (Trade and Investment)",2011-01-11,2013-12-10,1064.0,2010-05-06,1789.0,Conservative,David Cameron,https://id.parliament.uk/RnXL7AQE,4191,ambiguous,False,regex:\bminister of state\b
Stephen,Green,Lords,Minister of State (Foreign and Commonwealth Office) (Trade and Investment),2011-01-11,2013-12-10,1064.0,2010-05-06,1789.0,Conservative,David Cameron,https://id.parliament.uk/RnXL7AQE,4191,ambiguous,False,regex:\bminister of state\b
Angela,Browning,Lords,Minister of State (Home Office),2011-05-01,2011-09-16,138.0,2010-05-06,1789.0,Conservative,David Cameron,https://id.parliament.uk/W91sEqic,236,ambiguous,False,regex:\bminister of state\b
James,Brokenshire,Commons,Parliamentary Under-Secretary (Home Office),2011-05-11,2014-02-08,1004.0,2010-05-06,1789.0,Conservative,David Cameron,https://id.parliament.uk/HENgq022,1530,non_senior,False,regex:\bparliamentary under-?secretary\b
Gregory,Clark,Commons,"Minister of State (Department for Business, Innovation and Skills) (Decentralisation and Cities) (also in the Department for Communities and Local Government)",2011-07-19,2012-09-06,415.0,2010-05-06,1789.0,Conservative,David Cameron,https://id.parliament.uk/jqlCAgYA,1578,ambiguous,False,regex:\bminister of state\b
Tina,Stowell,Lords,Baroness in Waiting (HM Household) (Whip),2011-09-05,2013-10-07,763.0,2010-05-06,1789.0,Conservative,David Cameron,https://id.parliament.uk/5pQCEL5f,4205,non_senior,False,regex:\bwhip\b
Oliver,Eden,Lords,Minister of State (Home Office),2011-09-05,2012-09-06,367.0,2010-05-06,1789.0,Conservative,David Cameron,https://id.parliament.uk/aDv4Y6kY,2616,ambiguous,False,regex:\bminister of state\b
Lindsay,Granshaw,Lords,Lords Spokesperson (Department for International Development),2011-09-05,2014-11-04,1156.0,2010-05-06,1789.0,Liberal Democrat,David Cameron,https://id.parliament.uk/7YD9qsIc,2539,ambiguous,False,default
William,Wallace,Lords,Lords Spokesperson (Cabinet Office),2011-09-05,2015-05-07,1340.0,2010-05-06,1789.0,Liberal Democrat,David Cameron,https://id.parliament.uk/bX83NvFE,1816,ambiguous,False,default
Sandip,Verma,Lords,"Lords Spokesperson (Department of Business, Innovation and Skills)",2011-09-05,2012-09-06,367.0,2010-05-06,1789.0,Conservative,David Cameron,https://id.parliament.uk/QdTpvoeQ,3790,ambiguous,False,default
John,Taylor,Lords,"Parliamentary Under-Secretary (Department for Environment, Food and Rural Affairs)",2011-09-16,2012-09-06,356.0,2010-05-06,1789.0,Conservative,David Cameron,https://id.parliament.uk/rJz60OWT,3787,non_senior,False,regex:\bparliamentary under-?secretary\b
Chloe,Smith,Commons,Economic Secretary (HM Treasury),2011-10-14,2012-09-06,328.0,2010-05-06,1789.0,Conservative,David Cameron,https://id.parliament.uk/trjrjVxb,1609,ambiguous,False,regex:\beconomic secretary\b
Justine,Greening,Commons,Secretary of State for Transport,2011-10-14,2012-09-06,328.0,2010-05-06,1789.0,Conservative,David Cameron,https://id.parliament.uk/1CRqwuTp,1555,senior,True,contains:secretary of state
Gregory,Hands,Commons,Assistant Whip (HM Treasury),2011-10-14,2013-10-07,724.0,2010-05-06,1789.0,Conservative,David Cameron,https://id.parliament.uk/7Tsbxzkf,1526,non_senior,False,regex:\bassistant whip\b
Philip,Hammond,Commons,Secretary of State for Defence,2011-10-14,2014-07-15,1005.0,2010-05-06,1789.0,Conservative,David Cameron,https://id.parliament.uk/pkigvNdY,105,senior,True,contains:secretary of state
Jennifer,Willott,Commons,Assistant Whip (HM Treasury),2012-02-03,2012-09-06,216.0,2010-05-06,1789.0,Liberal Democrat,David Cameron,https://id.parliament.uk/zM9KPCjK,1497,non_senior,False,regex:\bassistant whip\b
Edward,Davey,Commons,Secretary of State for Energy and Climate Change,2012-02-03,2015-05-08,1190.0,2010-05-06,1789.0,Liberal Democrat,David Cameron,https://id.parliament.uk/3HPeT9K0,188,senior,True,contains:secretary of state
Norman,Lamb,Commons,"Parliamentary Under-Secretary (Department for Business, Innovation and Skills) (Employment Relations, Consumer and Postal Affairs)",2012-02-03,2012-09-06,216.0,2010-05-06,1789.0,Liberal Democrat,David Cameron,https://id.parliament.uk/42UyXYQP,1439,non_senior,False,regex:\bparliamentary under-?secretary\b
Richard,Newby,Lords,Lords Spokesperson (HM Treasury) (Whip),2012-05-09,2015-05-07,1093.0,2010-05-06,1789.0,Liberal Democrat,David Cameron,https://id.parliament.uk/zPVePsoU,1916,non_senior,False,regex:\bwhip\b
Richard,Newby,Lords,"Captain of the Queen's Bodyguard of the Yeomen of the Guard (HM Household) (Deputy Chief Whip, House of Lords)",2012-05-09,2015-05-07,1093.0,2010-05-06,1789.0,Liberal Democrat,David Cameron,https://id.parliament.uk/zPVePsoU,1916,non_senior,False,regex:\bwhip\b
James,Younger,Lords,Lord in Waiting (HM Household) (Whip),2012-06-25,2013-01-09,198.0,2010-05-06,1789.0,Conservative,David Cameron,https://id.parliament.uk/pL1nOvPY,4169,non_senior,False,regex:\bwhip\b
Stephen,Hammond,Commons,Parliamentary Under-Secretary (Department for Transport),2012-09-04,2014-07-15,679.0,2010-05-06,1789.0,Conservative,David Cameron,https://id.parliament.uk/jBPXvMye,1585,non_senior,False,regex:\bparliamentary under-?secretary\b
Andrew,Mitchell,Commons,Parliamentary Secretary to the Treasury and Chief Whip,2012-09-04,2012-10-19,45.0,2010-05-06,1789.0,Conservative,David Cameron,https://id.parliament.uk/QW4mOMIY,1211,non_senior,False,regex:\bparliamentary secretary\b
Robert,Syms,Commons,Assistant Whip (HM Treasury),2012-09-06,2013-10-07,396.0,2010-05-06,1789.0,Conservative,David Cameron,https://id.parliament.uk/iuJ9hNVf,245,non_senior,False,regex:\bassistant whip\b
Joanne,Swinson,Commons,"Parliamentary Under-Secretary (Department for Business, Innovation and Skills) (Employment Relations, Consumer and Postal Affairs)",2012-09-06,2013-12-20,470.0,2010-05-06,1789.0,Liberal Democrat,David Cameron,https://id.parliament.uk/riumJBCR,1513,non_senior,False,regex:\bparliamentary under-?secretary\b
Thomas,Brake,Commons,Parliamentary Secretary and Deputy Leader of the House of Commons,2012-09-06,2015-05-08,974.0,2010-05-06,1789.0,Liberal Democrat,David Cameron,https://id.parliament.uk/SnLVQeMi,151,senior,True,contains:leader of the house of commons
Lynne,Featherstone,Commons,Parliamentary Under-Secretary (Department for International Development),2012-09-06,2014-11-04,789.0,2010-05-06,1789.0,Liberal Democrat,David Cameron,https://id.parliament.uk/Il186YY2,1531,non_senior,False,regex:\bparliamentary under-?secretary\b
Brandon,Lewis,Commons,Parliamentary Under-Secretary (Department for Communities and Local Government),2012-09-06,2014-07-15,677.0,2010-05-06,1789.0,Conservative,David Cameron,https://id.parliament.uk/C91rcqgY,4009,non_senior,False,regex:\bparliamentary under-?secretary\b
Sayeeda,Warsi,Lords,Senior Minister of State (Department for Communities and Local Government) (Faith and Communities) (also in the Foreign and Commonwealth Office),2012-09-06,2014-08-05,698.0,2010-05-06,1789.0,Conservative,David Cameron,https://id.parliament.uk/qLjxRdRD,3839,ambiguous,False,regex:\bminister of state\b
John,Gardiner,Lords,Lord in Waiting (HM Household) (Whip),2012-09-06,2015-05-07,973.0,2010-05-06,1789.0,Conservative,David Cameron,https://id.parliament.uk/P6l9F4rP,4161,non_senior,False,regex:\bwhip\b
Maria,Miller,Commons,"Secretary of State for Culture, Media and Sport",2012-09-06,2014-04-09,580.0,2010-05-06,1789.0,Conservative,David Cameron,https://id.parliament.uk/RbRrvzGa,1480,senior,True,contains:secretary of state
James,Younger,Lords,"Lords Spokesperson (Department for Culture, Media and Sport)",2012-09-06,2013-01-09,125.0,2010-05-06,1789.0,Conservative,David Cameron,https://id.parliament.uk/pL1nOvPY,4169,ambiguous,False,default
Norman,Lamb,Commons,Minister of State (Department of Health),2012-09-06,2015-05-08,974.0,2010-05-06,1789.0,Liberal Democrat,David Cameron,https://id.parliament.uk/42UyXYQP,1439,ambiguous,False,regex:\bminister of state\b
Anthony,Timpson,Commons,Parliamentary Under-Secretary (Department for Education),2012-09-06,2015-05-08,974.0,2010-05-06,1789.0,Conservative,David Cameron,https://id.parliament.uk/RnmAK7sq,1605,non_senior,False,regex:\bparliamentary under-?secretary\b
Simon,Burns,Commons,Minister of State (Department for Transport) (Rail and Aviation),2012-09-06,2013-10-04,393.0,2010-05-06,1789.0,Conservative,David Cameron,https://id.parliament.uk/ueCA7LxD,46,ambiguous,False,regex:\bminister of state\b
David,Evennett,Commons,Lord Commissioner (HM Treasury) (Whip),2012-09-06,2018-01-09,1951.0,2010-05-06,1789.0,Conservative,David Cameron,https://id.parliament.uk/KhqjbENy,1198,non_senior,False,regex:\bwhip\b
Philip,Dunne,Commons,Parliamentary Under-Secretary (Ministry of Defence),2012-09-06,2015-05-08,974.0,2010-05-06,1789.0,Conservative,David Cameron,https://id.parliament.uk/j3tFA6NO,1542,non_senior,False,regex:\bparliamentary under-?secretary\b
Michael,Prisk,Commons,Minister of State (Department for Communities and Local Government) (Housing),2012-09-06,2013-10-07,396.0,2010-05-06,1789.0,Conservative,David Cameron,https://id.parliament.uk/FWf5iAFZ,1424,ambiguous,False,regex:\bminister of state\b
Hugo,Swire,Commons,"Minister of State (Foreign and Commonwealth Office) (South East Asia/Far East, India and Nepal, Latin America, Falklands, Australasia and Pacific, Commonwealth)",2012-09-06,2016-07-17,1410.0,2010-05-06,1789.0,Conservative,David Cameron,https://id.parliament.uk/bu7r7sVI,1408,ambiguous,False,regex:\bminister of state\b
Mark,Lancaster,Commons,Lord Commissioner (HM Treasury) (Whip),2012-09-06,2015-05-08,974.0,2010-05-06,1789.0,Conservative,David Cameron,https://id.parliament.uk/jbphoOAr,1544,non_senior,False,regex:\bwhip\b
Gregory,Knight,Commons,"Vice Chamberlain (HM Household) (Whip, House of Commons)",2012-09-06,2013-10-07,396.0,2010-05-06,1789.0,Conservative,David Cameron,https://id.parliament.uk/wEjb3Hkt,1200,non_senior,False,regex:\bwhip\b
John,Taylor,Lords,Parliamentary Under-Secretary (Home Office),2012-09-06,2014-08-06,699.0,2010-05-06,1789.0,Conservative,David Cameron,https://id.parliament.uk/rJz60OWT,3787,non_senior,False,regex:\bparliamentary under-?secretary\b
Tariq,Ahmad,Lords,Lord in Waiting (HM Household) (Whip),2012-09-06,2014-07-15,677.0,2010-05-06,1789.0,Conservative,David Cameron,https://id.parliament.uk/ay1P3rz4,4210,non_senior,False,regex:\bwhip\b
Andrew,Lansley,Commons,Leader of the House of Commons and Lord Privy Seal,2012-09-06,2014-07-15,677.0,2010-05-06,1789.0,Conservative,David Cameron,https://id.parliament.uk/NUEEnevv,123,senior,True,contains:lord privy seal
Daniel,Poulter,Commons,Parliamentary Under-Secretary (Department of Health),2012-09-06,2015-03-30,935.0,2010-05-06,1789.0,Conservative,David Cameron,https://id.parliament.uk/05K847KM,3932,non_senior,False,regex:\bparliamentary under-?secretary\b
Andrew,Robathan,Commons,Minister of State (Ministry of Defence),2012-09-06,2013-10-07,396.0,2010-05-06,1789.0,Conservative,David Cameron,https://id.parliament.uk/oz9rAIcJ,334,ambiguous,False,regex:\bminister of state\b
David,Laws,Commons,Minister of State (Cabinet Office) (Jointly with the Department for Education),2012-09-06,2015-05-08,974.0,2010-05-06,1789.0,Liberal Democrat,David Cameron,https://id.parliament.uk/o6Sxg4Vf,1473,ambiguous,False,regex:\bminister of state\b
David,Laws,Commons,Minister of State (Department for Education) (Jointly with the Cabinet Office),2012-09-06,2015-05-08,974.0,2010-05-06,1789.0,Liberal Democrat,David Cameron,https://id.parliament.uk/o6Sxg4Vf,1473,ambiguous,False,regex:\bminister of state\b
Sayeeda,Warsi,Lords,Senior Minister of State (Foreign and Commonwealth Office) (Jointly with the Department for Communities and Local Government),2012-09-06,2014-08-05,698.0,2010-05-06,1789.0,Conservative,David Cameron,https://id.parliament.uk/qLjxRdRD,3839,ambiguous,False,regex:\bminister of state\b
Michael,Fallon,Commons,"Minister of State (Department for Business, Innovation and Skills) (Business and Enterprise)",2012-09-06,2013-03-28,203.0,2010-05-06,1789.0,Conservative,David Cameron,https://id.parliament.uk/5vldGphZ,88,ambiguous,False,regex:\bminister of state\b
Susan,Garden,Lords,"Lords Spokesperson (Department of Business, Innovation and Skills)",2012-09-06,2013-10-07,396.0,2010-05-06,1789.0,Liberal Democrat,David Cameron,https://id.parliament.uk/cwZcRmjT,3842,ambiguous,False,default
Anne,Milton,Commons,Lord Commissioner (HM Treasury) (Whip),2012-09-06,2014-07-15,677.0,2010-05-06,1789.0,Conservative,David Cameron,https://id.parliament.uk/A0LvTNMZ,1523,non_senior,False,regex:\bwhip\b
Mark,Hoban,Commons,Minister of State (Department for Work and Pensions),2012-09-06,2013-10-07,396.0,2010-05-06,1789.0,Conservative,David Cameron,https://id.parliament.uk/rK4YjRer,1414,ambiguous,False,regex:\bminister of state\b
Mark,Hunter,Commons,Assistant Whip (HM Treasury),2012-09-06,2014-10-13,767.0,2010-05-06,1789.0,Liberal Democrat,David Cameron,https://id.parliament.uk/2hdo7j6Z,1598,non_senior,False,regex:\bassistant whip\b
Grant,Shapps,Commons,Minister without Portfolio (Cabinet Office),2012-09-06,2015-05-08,974.0,2010-05-06,1789.0,Conservative,David Cameron,https://id.parliament.uk/ZvG45buB,1582,senior,True,contains:minister without portfolio
Karen,Bradley,Commons,Assistant Whip (HM Treasury),2012-09-06,2013-10-07,396.0,2010-05-06,1789.0,Conservative,David Cameron,https://id.parliament.uk/PHtNfRSA,4110,non_senior,False,regex:\bassistant whip\b
Owen,Paterson,Commons,"Secretary of State for Environment, Food and Rural Affairs",2012-09-06,2014-07-15,677.0,2010-05-06,1789.0,Conservative,David Cameron,https://id.parliament.uk/5bLfMuWV,274,senior,True,contains:secretary of state
Jonathan,Marland,Lords,"Parliamentary Under-Secretary (Department for Business, Innovation and Skills) (Intellectual Property)",2012-09-06,2013-01-09,125.0,2010-05-06,1789.0,Conservative,David Cameron,https://id.parliament.uk/uk40oRXW,3797,non_senior,False,regex:\bparliamentary under-?secretary\b
Chloe,Smith,Commons,Parliamentary Secretary (Cabinet Office),2012-09-06,2013-10-07,396.0,2010-05-06,1789.0,Conservative,David Cameron,https://id.parliament.uk/trjrjVxb,1609,non_senior,False,regex:\bparliamentary secretary\b
Justine,Greening,Commons,Secretary of State for International Development,2012-09-06,2016-07-14,1407.0,2010-05-06,1789.0,Conservative,David Cameron,https://id.parliament.uk/1CRqwuTp,1555,senior,True,contains:secretary of state
David,Jones,Commons,Secretary of State for Wales,2012-09-06,2014-07-15,677.0,2010-05-06,1789.0,Conservative,David Cameron,https://id.parliament.uk/wr73COQ7,1502,senior,True,contains:secretary of state
Damian,Green,Commons,Minister of State (Home Office) (Policing) (Jointly with the Ministry of Justice),2012-09-06,2014-07-15,677.0,2010-05-06,1789.0,Conservative,David Cameron,https://id.parliament.uk/72qlmbBV,76,ambiguous,False,regex:\bminister of state\b
Damian,Green,Commons,Minister of State (Ministry of Justice) (jointly with Home Office),2012-09-06,2014-07-15,677.0,2010-05-06,1789.0,Conservative,David Cameron,https://id.parliament.uk/72qlmbBV,76,ambiguous,False,regex:\bminister of state\b
Chris,Grayling,Commons,Lord Chancellor and Secretary of State for Justice,2012-09-06,2015-05-08,974.0,2010-05-06,1789.0,Conservative,David Cameron,https://id.parliament.uk/nfMorZ5b,1413,senior,True,contains:lord chancellor
Sandip,Verma,Lords,Parliamentary Under-Secretary (Department of Energy and Climate Change),2012-09-06,2015-05-07,973.0,2010-05-06,1789.0,Conservative,David Cameron,https://id.parliament.uk/QdTpvoeQ,3790,non_senior,False,regex:\bparliamentary under-?secretary\b
Rupert,Ponsonby,Lords,"Parliamentary Under-Secretary (Department for Environment, Food and Rural Affairs)",2012-09-06,2015-05-07,973.0,2010-05-06,1789.0,Conservative,David Cameron,https://id.parliament.uk/YquXSHbU,2202,non_senior,False,regex:\bparliamentary under-?secretary\b
Nicky,Morgan,Commons,Assistant Whip (HM Treasury),2012-09-06,2013-10-07,396.0,2010-05-06,1789.0,Conservative,David Cameron,https://id.parliament.uk/ezWd6JpS,4027,non_senior,False,regex:\bassistant whip\b
John,Hayes,Commons,Minister of State (Department of Energy and Climate Change),2012-09-06,2013-03-27,202.0,2010-05-06,1789.0,Conservative,David Cameron,https://id.parliament.uk/yzH3vz6B,350,ambiguous,False,regex:\bminister of state\b
Tina,Stowell,Lords,Lords Spokesperson (Women & Equalities),2012-09-06,2013-10-07,396.0,2010-05-06,1789.0,Conservative,David Cameron,https://id.parliament.uk/5pQCEL5f,4205,ambiguous,False,default
Elizabeth,Truss,Commons,Parliamentary Under-Secretary (Department for Education),2012-09-06,2014-07-15,677.0,2010-05-06,1789.0,Conservative,David Cameron,https://id.parliament.uk/dQvfKfAo,4097,non_senior,False,regex:\bparliamentary under-?secretary\b
Robert,Goodwill,Commons,Lord Commissioner (HM Treasury) (Whip),2012-09-06,2013-10-07,396.0,2010-05-06,1789.0,Conservative,David Cameron,https://id.parliament.uk/tXbYU8RO,1562,non_senior,False,regex:\bwhip\b
Jo,Johnson,Commons,Assistant Whip (HM Treasury),2012-09-06,2014-07-15,677.0,2010-05-06,1789.0,Conservative,David Cameron,https://id.parliament.uk/0ZbA7k1o,4039,non_senior,False,regex:\bassistant whip\b
Kenneth,Clarke,Commons,Minister without Portfolio (Cabinet Office),2012-09-06,2014-07-14,676.0,2010-05-06,1789.0,Conservative,David Cameron,https://id.parliament.uk/TyNGhslR,366,senior,True,contains:minister without portfolio
Desmond,Swayne,Commons,Lord Commissioner (HM Treasury) (Whip),2012-09-06,2013-10-07,396.0,2010-05-06,1789.0,Conservative,David Cameron,https://id.parliament.uk/QBbCtRZ8,55,non_senior,False,regex:\bwhip\b
Jeremy,Browne,Commons,Minister of State (Home Office),2012-09-06,2013-10-07,396.0,2010-05-06,1789.0,Liberal Democrat,David Cameron,https://id.parliament.uk/buxBEP0l,1575,ambiguous,False,regex:\bminister of state\b
Tina,Stowell,Lords,Lords Spokesperson (Department for Work and Pensions),2012-09-06,2013-10-07,396.0,2010-05-06,1789.0,Conservative,David Cameron,https://id.parliament.uk/5pQCEL5f,4205,ambiguous,False,default
Donald,Foster,Commons,Parliamentary Under-Secretary (Department for Communities and Local Government),2012-09-06,2013-10-07,396.0,2010-05-06,1789.0,Liberal Democrat,David Cameron,https://id.parliament.uk/LVeiZj2V,214,non_senior,False,regex:\bparliamentary under-?secretary\b
Helen,Grant,Commons,"Parliamentary Under-Secretary (Ministry of Justice) (Jointly with the Department for Culture, Media and Sport)",2012-09-06,2013-10-07,396.0,2010-05-06,1789.0,Conservative,David Cameron,https://id.parliament.uk/VEWeBMhO,4018,non_senior,False,regex:\bparliamentary under-?secretary\b
Hugh,Robertson,Commons,"Minister of State (Department for Culture, Media and Sport)",2012-09-06,2013-10-07,396.0,2010-05-06,1789.0,Conservative,David Cameron,https://id.parliament.uk/5hu1lRiN,1415,ambiguous,False,regex:\bminister of state\b
Gregory,Clark,Commons,Financial Secretary (HM Treasury),2012-09-06,2013-10-07,396.0,2010-05-06,1789.0,Conservative,David Cameron,https://id.parliament.uk/jqlCAgYA,1578,ambiguous,False,regex:\bfinancial secretary\b
Oliver,Heald,Commons,Solicitor General (Attorney General's Office),2012-09-06,2014-07-15,677.0,2010-05-06,1789.0,Conservative,David Cameron,https://id.parliament.uk/2FHDd6DL,69,ambiguous,False,regex:\battorney general\b
Matthew,Hancock,Commons,"Parliamentary Under-Secretary (Department for Business, Innovation and Skills)",2012-09-06,2013-10-07,396.0,2010-05-06,1789.0,Conservative,David Cameron,https://id.parliament.uk/JgAyn8BZ,4070,non_senior,False,regex:\bparliamentary under-?secretary\b
Theresa,Villiers,Commons,Secretary of State for Northern Ireland,2012-09-06,2016-07-14,1407.0,2010-05-06,1789.0,Conservative,David Cameron,https://id.parliament.uk/nxNQZEuc,1500,senior,True,contains:secretary of state
Jeremy,Wright,Commons,Parliamentary Under-Secretary (Ministry of Justice),2012-09-06,2014-07-15,677.0,2010-05-06,1789.0,Conservative,David Cameron,https://id.parliament.uk/dcfUDdFC,1560,non_senior,False,regex:\bparliamentary under-?secretary\b
Mark,Simmonds,Commons,Parliamentary Under-Secretary (Foreign and Commonwealth Office),2012-09-06,2014-08-11,704.0,2010-05-06,1789.0,Conservative,David Cameron,https://id.parliament.uk/HlOD76Pv,1393,non_senior,False,regex:\bparliamentary under-?secretary\b
Michael,Penning,Commons,Minister of State (Northern Ireland Office),2012-09-06,2013-10-07,396.0,2010-05-06,1789.0,Conservative,David Cameron,https://id.parliament.uk/1AspMgzb,1528,ambiguous,False,regex:\bminister of state\b
Jennifer,Willott,Commons,Assistant Whip (HM Treasury),2012-09-06,2014-11-04,789.0,2010-05-06,1789.0,Liberal Democrat,David Cameron,https://id.parliament.uk/zM9KPCjK,1497,non_senior,False,regex:\bassistant whip\b
Nicholas,Boles,Commons,Parliamentary Under-Secretary (Department for Communities and Local Government) (Planning),2012-09-06,2014-07-15,677.0,2010-05-06,1789.0,Conservative,David Cameron,https://id.parliament.uk/d1YnbkHy,3995,non_senior,False,regex:\bparliamentary under-?secretary\b
Jennifer,Randerson,Lords,Parliamentary Under-Secretary (Wales Office),2012-09-06,2015-05-07,973.0,2010-05-06,1789.0,Liberal Democrat,David Cameron,https://id.parliament.uk/WfMpdObA,4230,non_senior,False,regex:\bparliamentary under-?secretary\b
Mark,Harper,Commons,Minister of State (Home Office) (Immigration),2012-09-06,2014-02-08,520.0,2010-05-06,1789.0,Conservative,David Cameron,https://id.parliament.uk/psgM7FBk,1520,ambiguous,False,regex:\bminister of state\b
Stephen,Crabb,Commons,Parliamentary Under-Secretary (Wales Office) (Jointly as a paid Lord Commissioner of HM Treasury (Whip) - House of Commons),2012-09-06,2014-07-15,677.0,2010-05-06,1789.0,Conservative,David Cameron,https://id.parliament.uk/CruBwppn,1554,non_senior,False,regex:\bparliamentary under-?secretary\b
Mark,Francois,Commons,Minister of State (Ministry of Defence),2012-09-06,2015-05-08,974.0,2010-05-06,1789.0,Conservative,David Cameron,https://id.parliament.uk/61TcZWOM,1444,ambiguous,False,regex:\bminister of state\b
Stephen,Crabb,Commons,Lord Commissioner (HM Treasury) (Whip) (Jointly as unpaid Parliamentary Under Secretary of State at the Wales Office),2012-09-06,2014-07-15,677.0,2010-05-06,1789.0,Conservative,David Cameron,https://id.parliament.uk/CruBwppn,1554,senior,True,contains:secretary of state
Jeremy,Hunt,Commons,Secretary of State for Health,2012-09-06,2018-01-08,1950.0,2010-05-06,1789.0,Conservative,David Cameron,https://id.parliament.uk/x6FOPcns,1572,senior,True,contains:secretary of state
Joanne,Swinson,Commons,"Parliamentary Under-Secretary of State (Culture, Media and Sport) (Women and Equalities) (jointly with the Department for Business, Innovation and Skills)",2012-09-06,2013-12-20,470.0,2010-05-06,1789.0,Liberal Democrat,David Cameron,https://id.parliament.uk/riumJBCR,1513,senior,True,contains:secretary of state
Sajid,Javid,Commons,Economic Secretary (HM Treasury),2012-09-06,2013-10-07,396.0,2010-05-06,1789.0,Conservative,David Cameron,https://id.parliament.uk/YHylN7q7,3945,ambiguous,False,regex:\beconomic secretary\b
Andrew,Murrison,Commons,Parliamentary Under-Secretary (Ministry of Defence),2012-09-06,2014-07-15,677.0,2010-05-06,1789.0,Conservative,David Cameron,https://id.parliament.uk/4CBJjeUo,1466,non_senior,False,regex:\bparliamentary under-?secretary\b
Esther,McVey,Commons,Parliamentary Under-Secretary (Department for Work and Pensions),2012-09-06,2013-10-07,396.0,2010-05-06,1789.0,Conservative,David Cameron,https://id.parliament.uk/Hxki00jc,4084,non_senior,False,regex:\bparliamentary under-?secretary\b
David,Heath,Commons,"Minister of State (Department for Environment, Food and Rural Affairs)",2012-09-06,2013-10-07,396.0,2010-05-06,1789.0,Liberal Democrat,David Cameron,https://id.parliament.uk/l7xvU5Hj,255,ambiguous,False,regex:\bminister of state\b
Patrick,McLoughlin,Commons,Secretary of State for Transport,2012-09-06,2016-07-14,1407.0,2010-05-06,1789.0,Conservative,David Cameron,https://id.parliament.uk/LZDZjBO2,333,senior,True,contains:secretary of state
Anna,Soubry,Commons,Parliamentary Under-Secretary (Department of Health),2012-09-06,2013-10-07,396.0,2010-05-06,1789.0,Conservative,David Cameron,https://id.parliament.uk/O5VZDUCQ,3938,non_senior,False,regex:\bparliamentary under-?secretary\b
Matthew,Hancock,Commons,"Parliamentary Under-Secretary (Department for Education) (Jointly with the Department for Business, Innovation and Skills)",2012-09-06,2013-10-07,396.0,2010-05-06,1789.0,Conservative,David Cameron,https://id.parliament.uk/JgAyn8BZ,4070,non_senior,False,regex:\bparliamentary under-?secretary\b
Maria,Miller,Commons,Minister for Women and Equalities,2012-10-15,2014-04-09,541.0,2010-05-06,1789.0,Conservative,David Cameron,https://id.parliament.uk/RbRrvzGa,1480,ambiguous,False,regex:\bminister for\b
George,Young,Commons,Parliamentary Secretary to the Treasury and Chief Whip,2012-10-19,2014-07-15,634.0,2010-05-06,1789.0,Conservative,David Cameron,https://id.parliament.uk/9mJigEyv,57,non_senior,False,regex:\bparliamentary secretary\b
Jennifer,Randerson,Lords,Lords Spokesperson (Northern Ireland Office),2012-11-02,2015-05-07,916.0,2010-05-06,1789.0,Liberal Democrat,David Cameron,https://id.parliament.uk/WfMpdObA,4230,ambiguous,False,default
Paul,Deighton,Lords,Commercial Secretary (HM Treasury),2013-01-01,2015-05-07,856.0,2010-05-06,1789.0,Conservative,David Cameron,https://id.parliament.uk/sNyjqKLH,4262,ambiguous,False,default
Jonathan,Hopkin,Lords,Leader of the House of Lords and Chancellor of the Duchy of Lancaster,2013-01-07,2014-07-15,554.0,2010-05-06,1789.0,Conservative,David Cameron,https://id.parliament.uk/b97lk5LP,4144,senior,True,contains:chancellor of the duchy of lancaster
James,Younger,Lords,"Parliamentary Under-Secretary (Department for Business, Innovation and Skills) (Intellectual Property)",2013-01-09,2014-07-17,554.0,2010-05-06,1789.0,Conservative,David Cameron,https://id.parliament.uk/pL1nOvPY,4169,non_senior,False,regex:\bparliamentary under-?secretary\b
John,Gardiner,Lords,"Lords Spokesperson (Department for Culture, Media and Sport)",2013-01-09,2015-05-07,848.0,2010-05-06,1789.0,Conservative,David Cameron,https://id.parliament.uk/P6l9F4rP,4161,ambiguous,False,default
Dolar,Popat,Lords,Lord in Waiting (HM Household) (Whip),2013-01-09,2015-05-07,848.0,2010-05-06,1789.0,Conservative,David Cameron,https://id.parliament.uk/yEyvG6rw,4173,non_senior,False,regex:\bwhip\b
John,Nash,Lords,Parliamentary Under-Secretary (Department for Education),2013-01-21,2017-09-28,1711.0,2010-05-06,1789.0,Conservative,David Cameron,https://id.parliament.uk/p8iPZphb,4270,non_senior,False,regex:\bparliamentary under-?secretary\b
Michael,Fallon,Commons,"Minister of State (Department of Energy and Climate Change) (Jointly with Department for Business, Innovation and Skills)",2013-03-28,2014-07-15,474.0,2010-05-06,1789.0,Conservative,David Cameron,https://id.parliament.uk/5vldGphZ,88,ambiguous,False,regex:\bminister of state\b
John,Hayes,Commons,Minister without Portfolio (Cabinet Office),2013-03-28,2014-07-15,474.0,2010-05-06,1789.0,Conservative,David Cameron,https://id.parliament.uk/yzH3vz6B,350,senior,True,contains:minister without portfolio
Michael,Fallon,Commons,"Minister of State (Department for Business, Innovation and Skills) (Jointly with Department of Energy and Climate Change)",2013-03-28,2014-07-15,474.0,2010-05-06,1789.0,Conservative,David Cameron,https://id.parliament.uk/5vldGphZ,88,ambiguous,False,regex:\bminister of state\b
Jo,Johnson,Commons,Parliamentary Secretary (Cabinet Office) (Head of the Number 10 Policy Unit),2013-04-25,2014-07-15,446.0,2010-05-06,1789.0,Conservative,David Cameron,https://id.parliament.uk/0ZbA7k1o,4039,non_senior,False,regex:\bparliamentary secretary\b
Esther,McVey,Commons,Minister of State (Department for Work and Pensions),2013-10-07,2014-07-15,281.0,2010-05-06,1789.0,Conservative,David Cameron,https://id.parliament.uk/Hxki00jc,4084,ambiguous,False,regex:\bminister of state\b
Desmond,Swayne,Commons,"Vice Chamberlain (HM Household) (Whip, House of Commons)",2013-10-07,2014-07-15,281.0,2010-05-06,1789.0,Conservative,David Cameron,https://id.parliament.uk/QBbCtRZ8,55,non_senior,False,regex:\bwhip\b
Samuel,Gyimah,Commons,Lord Commissioner (HM Treasury) (Whip),2013-10-07,2014-07-15,281.0,2010-05-06,1789.0,Conservative,David Cameron,https://id.parliament.uk/WapfNXOe,3980,non_senior,False,regex:\bwhip\b
Daniel,Rogerson,Commons,"Parliamentary Under-Secretary (Department for Environment, Food and Rural Affairs)",2013-10-07,2015-05-08,578.0,2010-05-06,1789.0,Liberal Democrat,David Cameron,https://id.parliament.uk/a12xpRjA,1504,non_senior,False,regex:\bparliamentary under-?secretary\b
Andrew,Robathan,Commons,Minister of State (Northern Ireland Office),2013-10-07,2014-07-15,281.0,2010-05-06,1789.0,Conservative,David Cameron,https://id.parliament.uk/oz9rAIcJ,334,ambiguous,False,regex:\bminister of state\b
Shailesh,Vara,Commons,Parliamentary Under-Secretary (Ministry of Justice),2013-10-07,2016-07-18,1015.0,2010-05-06,1789.0,Conservative,David Cameron,https://id.parliament.uk/Uj24yw4q,1496,non_senior,False,regex:\bparliamentary under-?secretary\b
Sajid,Javid,Commons,Financial Secretary (HM Treasury),2013-10-07,2014-04-09,184.0,2010-05-06,1789.0,Conservative,David Cameron,https://id.parliament.uk/YHylN7q7,3945,ambiguous,False,regex:\bfinancial secretary\b
Norman,Baker,Commons,Minister of State (Home Office),2013-10-07,2014-11-04,393.0,2010-05-06,1789.0,Liberal Democrat,David Cameron,https://id.parliament.uk/zfV7nFP8,28,ambiguous,False,regex:\bminister of state\b
Amber,Rudd,Commons,Assistant Whip (HM Treasury),2013-10-07,2014-07-15,281.0,2010-05-06,1789.0,Conservative,David Cameron,https://id.parliament.uk/sSNJW42u,3983,non_senior,False,regex:\bassistant whip\b
Michael,Penning,Commons,Minister of State (Department for Work and Pensions),2013-10-07,2014-07-15,281.0,2010-05-06,1789.0,Conservative,David Cameron,https://id.parliament.uk/1AspMgzb,1528,ambiguous,False,regex:\bminister of state\b
Stephen,Williams,Commons,Parliamentary Under-Secretary (Department for Communities and Local Government),2013-10-07,2015-05-08,578.0,2010-05-06,1789.0,Liberal Democrat,David Cameron,https://id.parliament.uk/0EtXOKDD,1492,non_senior,False,regex:\bparliamentary under-?secretary\b
John,Penrose,Commons,Assistant Whip (HM Treasury),2013-10-07,2014-02-08,124.0,2010-05-06,1789.0,Conservative,David Cameron,https://id.parliament.uk/JJ3Ox3Vn,1584,non_senior,False,regex:\bassistant whip\b
Alistair,Carmichael,Commons,Secretary of State for Scotland,2013-10-07,2015-05-08,578.0,2010-05-06,1789.0,Liberal Democrat,David Cameron,https://id.parliament.uk/VWwjNZay,1442,senior,True,contains:secretary of state
Matthew,Hancock,Commons,"Minister of State (Department for Education) (Jointly with the Department for Business, Innovation and Skills)",2013-10-07,2014-07-15,281.0,2010-05-06,1789.0,Conservative,David Cameron,https://id.parliament.uk/JgAyn8BZ,4070,ambiguous,False,regex:\bminister of state\b
Anna,Soubry,Commons,Parliamentary Under-Secretary (Ministry of Defence),2013-10-07,2014-07-15,281.0,2010-05-06,1789.0,Conservative,David Cameron,https://id.parliament.uk/O5VZDUCQ,3938,non_senior,False,regex:\bparliamentary under-?secretary\b
Matthew,Hancock,Commons,"Minister of State (Department for Business, Innovation and Skills) (Jointly with the Department for Education)",2013-10-07,2014-07-15,281.0,2010-05-06,1789.0,Conservative,David Cameron,https://id.parliament.uk/JgAyn8BZ,4070,ambiguous,False,regex:\bminister of state\b
Gregory,Hands,Commons,"Treasurer of HM Household (Deputy Chief Whip, House of Commons)",2013-10-07,2015-05-08,578.0,2010-05-06,1789.0,Conservative,David Cameron,https://id.parliament.uk/7Tsbxzkf,1526,non_senior,False,regex:\bwhip\b
Michael,Bates,Lords,Lords Spokesperson (Department for Work and Pensions),2013-10-07,2014-08-06,303.0,2010-05-06,1789.0,Conservative,David Cameron,https://id.parliament.uk/BZvoqdyu,1091,ambiguous,False,default
Michael,Bates,Lords,Lord in Waiting (HM Household) (Whip),2013-10-07,2014-08-06,303.0,2010-05-06,1789.0,Conservative,David Cameron,https://id.parliament.uk/BZvoqdyu,1091,non_senior,False,regex:\bwhip\b
Donald,Foster,Commons,"Comptroller (HM Household) (Deputy Chief Whip, House of Commons)",2013-10-07,2015-05-08,578.0,2010-05-06,1789.0,Liberal Democrat,David Cameron,https://id.parliament.uk/LVeiZj2V,214,non_senior,False,regex:\bwhip\b
Claire,Perry,Commons,Assistant Whip (HM Treasury),2013-10-07,2014-07-15,281.0,2010-05-06,1789.0,Conservative,David Cameron,https://id.parliament.uk/3BxUtAOr,3974,non_senior,False,regex:\bassistant whip\b
Hugh,Robertson,Commons,Minister of State (Foreign and Commonwealth Office),2013-10-07,2014-07-15,281.0,2010-05-06,1789.0,Conservative,David Cameron,https://id.parliament.uk/5hu1lRiN,1415,ambiguous,False,regex:\bminister of state\b
Gregory,Clark,Commons,Minister of State (Cabinet Office),2013-10-07,2015-03-30,539.0,2010-05-06,1789.0,Conservative,David Cameron,https://id.parliament.uk/jqlCAgYA,1578,ambiguous,False,regex:\bminister of state\b
Jane,Ellison,Commons,Parliamentary Under-Secretary (Department of Health),2013-10-07,2016-07-15,1012.0,2010-05-06,1789.0,Conservative,David Cameron,https://id.parliament.uk/lnhtzHcA,3918,non_senior,False,regex:\bparliamentary under-?secretary\b
Kris,Hopkins,Commons,Parliamentary Under-Secretary (Department for Communities and Local Government),2013-10-07,2015-05-13,583.0,2010-05-06,1789.0,Conservative,David Cameron,https://id.parliament.uk/b1tl7GaP,4043,non_senior,False,regex:\bparliamentary under-?secretary\b
Robert,Goodwill,Commons,Parliamentary Under-Secretary (Department for Transport),2013-10-07,2016-07-15,1012.0,2010-05-06,1789.0,Conservative,David Cameron,https://id.parliament.uk/tXbYU8RO,1562,non_senior,False,regex:\bparliamentary under-?secretary\b
Karen,Bradley,Commons,Lord Commissioner (HM Treasury) (Whip),2013-10-07,2014-02-08,124.0,2010-05-06,1789.0,Conservative,David Cameron,https://id.parliament.uk/PHtNfRSA,4110,non_senior,False,regex:\bwhip\b
Judith,Jolly,Lords,Baroness in Waiting (HM Household) (Whip),2013-10-07,2015-05-07,577.0,2010-05-06,1789.0,Liberal Democrat,David Cameron,https://id.parliament.uk/3yqnHQL9,4203,non_senior,False,regex:\bwhip\b
Gavin,Barwell,Commons,Assistant Whip (HM Treasury),2013-10-07,2014-07-15,281.0,2010-05-06,1789.0,Conservative,David Cameron,https://id.parliament.uk/3eQ48RSt,3955,non_senior,False,regex:\bassistant whip\b
Charles,Eustice,Commons,"Parliamentary Under-Secretary (Department for Environment, Food and Rural Affairs)",2013-10-07,2015-05-08,578.0,2010-05-06,1789.0,Conservative,David Cameron,https://id.parliament.uk/NX45aKYz,3934,non_senior,False,regex:\bparliamentary under-?secretary\b
Tina,Stowell,Lords,Parliamentary Under-Secretary (Department for Communities and Local Government),2013-10-07,2014-07-15,281.0,2010-05-06,1789.0,Conservative,David Cameron,https://id.parliament.uk/5pQCEL5f,4205,non_senior,False,regex:\bparliamentary under-?secretary\b
Helen,Grant,Commons,"Parliamentary Under-Secretary (Department for Culture, Media and Sport)",2013-10-07,2015-03-30,539.0,2010-05-06,1789.0,Conservative,David Cameron,https://id.parliament.uk/VEWeBMhO,4018,non_senior,False,regex:\bparliamentary under-?secretary\b
Nicky,Morgan,Commons,Economic Secretary (HM Treasury),2013-10-07,2014-04-09,184.0,2010-05-06,1789.0,Conservative,David Cameron,https://id.parliament.uk/ezWd6JpS,4027,ambiguous,False,regex:\beconomic secretary\b
Susan,Kramer,Lords,Minister of State (Department for Transport),2013-10-07,2015-05-07,577.0,2010-05-06,1789.0,Liberal Democrat,David Cameron,https://id.parliament.uk/8lF1xW3S,1557,ambiguous,False,regex:\bminister of state\b
Lindsay,Granshaw,Lords,Lords Spokesperson (Women & Equalities),2013-10-07,2014-11-05,394.0,2010-05-06,1789.0,Liberal Democrat,David Cameron,https://id.parliament.uk/7YD9qsIc,2539,ambiguous,False,default
Tariq,Ahmad,Lords,"Lords Spokesperson (Department of Business, Innovation and Skills)",2013-10-07,2014-07-15,281.0,2010-05-06,1789.0,Conservative,David Cameron,https://id.parliament.uk/ay1P3rz4,4210,ambiguous,False,default
James,Wallace,Lords,Deputy Leader of the House of Lords,2013-10-15,2015-05-07,569.0,2010-05-06,1789.0,Liberal Democrat,David Cameron,https://id.parliament.uk/SVi9opsI,630,senior,True,contains:leader of the house of lords
Ian,Livingston,Lords,"Minister of State (Department for Business, Innovation and Skills) (Trade and Investment)",2013-12-10,2015-05-07,513.0,2010-05-06,1789.0,Conservative,David Cameron,https://id.parliament.uk/w5fXXhgZ,4278,ambiguous,False,regex:\bminister of state\b
Ian,Livingston,Lords,Minister of State (Foreign and Commonwealth Office) (Trade and Investment),2013-12-10,2015-05-07,513.0,2010-05-06,1789.0,Conservative,David Cameron,https://id.parliament.uk/w5fXXhgZ,4278,ambiguous,False,regex:\bminister of state\b
Simon,Hughes,Commons,Minister of State (Ministry of Justice),2013-12-18,2015-05-08,506.0,2010-05-06,1789.0,Liberal Democrat,David Cameron,https://id.parliament.uk/M17rz3c8,194,ambiguous,False,regex:\bminister of state\b
Jennifer,Willott,Commons,"Parliamentary Under-Secretary (Department for Business, Innovation and Skills) (Employment Relations, Consumer and Postal Affairs)",2013-12-20,2014-06-30,192.0,2010-05-06,1789.0,Liberal Democrat,David Cameron,https://id.parliament.uk/zM9KPCjK,1497,non_senior,False,regex:\bparliamentary under-?secretary\b
Jennifer,Willott,Commons,"Parliamentary Under-Secretary of State (Culture, Media and Sport) (Women and Equalities) (jointly with the Department for Business, Innovation and Skills)",2013-12-20,2014-06-30,192.0,2010-05-06,1789.0,Liberal Democrat,David Cameron,https://id.parliament.uk/zM9KPCjK,1497,senior,True,contains:secretary of state
Michael,Fallon,Commons,Minister of State for Portsmouth,2014-01-16,2014-07-15,180.0,2010-05-06,1789.0,Conservative,David Cameron,https://id.parliament.uk/5vldGphZ,88,ambiguous,False,regex:\bminister of state\b
Edward,Faulks,Lords,Minister of State (Ministry of Justice),2014-01-20,2016-07-18,910.0,2010-05-06,1789.0,Conservative,David Cameron,https://id.parliament.uk/2zvhr61A,4183,ambiguous,False,regex:\bminister of state\b
John,Penrose,Commons,Lord Commissioner (HM Treasury) (Whip),2014-02-08,2016-07-17,890.0,2010-05-06,1789.0,Conservative,David Cameron,https://id.parliament.uk/JJ3Ox3Vn,1584,non_senior,False,regex:\bwhip\b
Harriett,Baldwin,Commons,Assistant Whip (HM Treasury),2014-02-08,2014-07-15,157.0,2010-05-06,1789.0,Conservative,David Cameron,https://id.parliament.uk/2LUJUXE2,4107,non_senior,False,regex:\bassistant whip\b
James,Brokenshire,Commons,Minister of State (Home Office) (Security and Immigration),2014-02-08,2016-07-14,887.0,2010-05-06,1789.0,Conservative,David Cameron,https://id.parliament.uk/HENgq022,1530,ambiguous,False,regex:\bminister of state\b
Karen,Bradley,Commons,Parliamentary Under-Secretary (Home Office),2014-02-08,2016-07-14,887.0,2010-05-06,1789.0,Conservative,David Cameron,https://id.parliament.uk/PHtNfRSA,4110,non_senior,False,regex:\bparliamentary under-?secretary\b
Susan,Williams,Lords,Baroness in Waiting (HM Household) (Whip),2014-04-08,2015-05-07,394.0,2010-05-06,1789.0,Conservative,David Cameron,https://id.parliament.uk/9euzXdH0,4311,non_senior,False,regex:\bwhip\b
Sajid,Javid,Commons,"Secretary of State for Culture, Media and Sport",2014-04-09,2015-05-08,394.0,2010-05-06,1789.0,Conservative,David Cameron,https://id.parliament.uk/YHylN7q7,3945,senior,True,contains:secretary of state
Sajid,Javid,Commons,Minister for Equality,2014-04-09,2014-07-15,97.0,2010-05-06,1789.0,Conservative,David Cameron,https://id.parliament.uk/YHylN7q7,3945,ambiguous,False,regex:\bminister for\b
Andrea,Leadsom,Commons,Economic Secretary (HM Treasury),2014-04-09,2015-05-08,394.0,2010-05-06,1789.0,Conservative,David Cameron,https://id.parliament.uk/V37kYFxZ,4117,ambiguous,False,regex:\beconomic secretary\b
Nicky,Morgan,Commons,Financial Secretary (HM Treasury),2014-04-09,2014-07-15,97.0,2010-05-06,1789.0,Conservative,David Cameron,https://id.parliament.uk/ezWd6JpS,4027,ambiguous,False,regex:\bfinancial secretary\b
Nicky,Morgan,Commons,Minister for Women,2014-04-09,2014-07-15,97.0,2010-05-06,1789.0,Conservative,David Cameron,https://id.parliament.uk/ezWd6JpS,4027,ambiguous,False,regex:\bminister for\b
Joanne,Swinson,Commons,Parliamentary Under-Secretary of State (Department for Education) (Women and Equalities),2014-06-30,2015-05-08,312.0,2010-05-06,1789.0,Liberal Democrat,David Cameron,https://id.parliament.uk/riumJBCR,1513,senior,True,contains:secretary of state
Joanne,Swinson,Commons,"Parliamentary Under-Secretary (Department for Business, Innovation and Skills) (Employment Relations, Consumer and Postal Affairs)",2014-06-30,2015-05-08,312.0,2010-05-06,1789.0,Liberal Democrat,David Cameron,https://id.parliament.uk/riumJBCR,1513,non_senior,False,regex:\bparliamentary under-?secretary\b
Andrew,Selous,Commons,Parliamentary Under-Secretary (Ministry of Justice),2014-07-15,2016-07-17,733.0,2010-05-06,1789.0,Conservative,David Cameron,https://id.parliament.uk/gbVUB0EV,1453,non_senior,False,regex:\bparliamentary under-?secretary\b
Anna,Soubry,Commons,Minister of State (Ministry of Defence),2014-07-15,2015-05-08,297.0,2010-05-06,1789.0,Conservative,David Cameron,https://id.parliament.uk/O5VZDUCQ,3938,ambiguous,False,regex:\bminister of state\b
Desmond,Swayne,Commons,Minister of State (Department for International Development),2014-07-15,2016-07-17,733.0,2010-05-06,1789.0,Conservative,David Cameron,https://id.parliament.uk/QBbCtRZ8,55,ambiguous,False,regex:\bminister of state\b
Melvyn,Stride,Commons,Assistant Whip (HM Treasury),2014-07-15,2015-03-30,258.0,2010-05-06,1789.0,Conservative,David Cameron,https://id.parliament.uk/dEAJKHTK,3935,non_senior,False,regex:\bassistant whip\b
Amber,Rudd,Commons,Parliamentary Under-Secretary (Department of Energy and Climate Change),2014-07-15,2015-05-08,297.0,2010-05-06,1789.0,Conservative,David Cameron,https://id.parliament.uk/sSNJW42u,3983,non_senior,False,regex:\bparliamentary under-?secretary\b
Oliver,Letwin,Commons,Minister for Government Policy and Chancellor of the Duchy of Lancaster,2014-07-15,2016-07-14,730.0,2010-05-06,1789.0,Conservative,David Cameron,https://id.parliament.uk/X8QiVAam,247,senior,True,contains:chancellor of the duchy of lancaster
George,Freeman,Commons,Parliamentary Under-Secretary (Department of Health),2014-07-15,2016-07-17,733.0,2010-05-06,1789.0,Conservative,David Cameron,https://id.parliament.uk/1ngZMeUR,4020,non_senior,False,regex:\bparliamentary under-?secretary\b
Thomas,Ashton,Lords,Lord in Waiting (HM Household) (Whip),2014-07-15,2017-06-20,1071.0,2010-05-06,1789.0,Conservative,David Cameron,https://id.parliament.uk/QppbmtaE,4247,non_senior,False,regex:\bwhip\b
George,Freeman,Commons,"Parliamentary Under-Secretary (Department for Business, Innovation and Skills)",2014-07-15,2016-07-17,733.0,2010-05-06,1789.0,Conservative,David Cameron,https://id.parliament.uk/1ngZMeUR,4020,non_senior,False,regex:\bparliamentary under-?secretary\b
Damian,Hinds,Commons,Assistant Whip (HM Treasury),2014-07-15,2015-03-30,258.0,2010-05-06,1789.0,Conservative,David Cameron,https://id.parliament.uk/3KZvvnyo,3969,non_senior,False,regex:\bassistant whip\b
David,Gauke,Commons,Financial Secretary (HM Treasury),2014-07-15,2016-07-14,730.0,2010-05-06,1789.0,Conservative,David Cameron,https://id.parliament.uk/iavMcgms,1529,ambiguous,False,regex:\bfinancial secretary\b
Nicolas,Gibb,Commons,Minister of State (Education),2014-07-15,2021-09-15,2619.0,2010-05-06,1789.0,Conservative,David Cameron,https://id.parliament.uk/r0QLf2Xa,111,ambiguous,False,regex:\bminister of state\b
Robert,Buckland,Commons,Solicitor General (Attorney General's Office),2014-07-15,2019-05-09,1759.0,2010-05-06,1789.0,Conservative,David Cameron,https://id.parliament.uk/OcLvTDR4,4106,ambiguous,False,regex:\battorney general\b
Michael,Gove,Commons,Parliamentary Secretary to the Treasury and Chief Whip,2014-07-15,2015-05-08,297.0,2010-05-06,1789.0,Conservative,David Cameron,https://id.parliament.uk/0K7kX33I,1571,non_senior,False,regex:\bparliamentary secretary\b
Brandon,Lewis,Commons,Minister of State (Communities and Local Government),2014-07-15,2016-07-15,731.0,2010-05-06,1789.0,Conservative,David Cameron,https://id.parliament.uk/C91rcqgY,4009,ambiguous,False,regex:\bminister of state\b
Therese,Coffey,Commons,Assistant Whip (HM Treasury),2014-07-15,2015-05-08,297.0,2010-05-06,1789.0,Conservative,David Cameron,https://id.parliament.uk/wsMvuOfh,4098,non_senior,False,regex:\bassistant whip\b
Julian,Brazier,Commons,Parliamentary Under-Secretary (Ministry of Defence),2014-07-15,2016-07-17,733.0,2010-05-06,1789.0,Conservative,David Cameron,https://id.parliament.uk/8OSk32zz,77,non_senior,False,regex:\bparliamentary under-?secretary\b
Matthew,Hancock,Commons,Minister of State for Portsmouth,2014-07-15,2015-05-08,297.0,2010-05-06,1789.0,Conservative,David Cameron,https://id.parliament.uk/JgAyn8BZ,4070,ambiguous,False,regex:\bminister of state\b
Samuel,Gyimah,Commons,Parliamentary Secretary (Cabinet Office),2014-07-15,2015-03-30,258.0,2010-05-06,1789.0,Conservative,David Cameron,https://id.parliament.uk/WapfNXOe,3980,non_senior,False,regex:\bparliamentary secretary\b
Brooks,Newmark,Commons,Parliamentary Secretary (Cabinet Office),2014-07-15,2014-09-27,74.0,2010-05-06,1789.0,Conservative,David Cameron,https://id.parliament.uk/99tlDUfR,1488,non_senior,False,regex:\bparliamentary secretary\b
Edward,Vaizey,Commons,"Minister of State for Culture and the Digital Economy (Jointly with Department for Business, Innovation and Skills)",2014-07-15,2016-07-15,731.0,2010-05-06,1789.0,Conservative,David Cameron,https://id.parliament.uk/941ee6DS,1580,ambiguous,False,regex:\bminister of state\b
Edward,Vaizey,Commons,Minister of State for Culture and the Digital Economy (Jointly with Department for Culture Media and Sport),2014-07-15,2016-07-15,731.0,2010-05-06,1789.0,Conservative,David Cameron,https://id.parliament.uk/941ee6DS,1580,ambiguous,False,regex:\bminister of state\b
Andrew,Murrison,Commons,Parliamentary Under-Secretary (Northern Ireland Office),2014-07-15,2015-03-30,258.0,2010-05-06,1789.0,Conservative,David Cameron,https://id.parliament.uk/4CBJjeUo,1466,non_senior,False,regex:\bparliamentary under-?secretary\b
Samuel,Gyimah,Commons,Parliamentary Under-Secretary (Department for Education),2014-07-15,2016-07-17,733.0,2010-05-06,1789.0,Conservative,David Cameron,https://id.parliament.uk/WapfNXOe,3980,non_senior,False,regex:\bparliamentary under-?secretary\b
Philip,Hammond,Commons,Secretary of State for Foreign and Commonwealth Affairs,2014-07-15,2016-07-13,729.0,2010-05-06,1789.0,Conservative,David Cameron,https://id.parliament.uk/pkigvNdY,105,senior,True,contains:secretary of state
Nicholas,Boles,Commons,"Minister of State (Department for Education) (Jointly with the Department for Business, Innovation and Skills)",2014-07-15,2016-07-13,729.0,2010-05-06,1789.0,Conservative,David Cameron,https://id.parliament.uk/d1YnbkHy,3995,ambiguous,False,regex:\bminister of state\b
Nicholas,Boles,Commons,"Minister of State (Department for Business, Innovation and Skills) (Jointly with the Department for Education)",2014-07-15,2016-07-13,729.0,2010-05-06,1789.0,Conservative,David Cameron,https://id.parliament.uk/d1YnbkHy,3995,ambiguous,False,regex:\bminister of state\b
John,Hayes,Commons,Minister of State (Department for Transport),2014-07-15,2015-05-08,297.0,2010-05-06,1789.0,Conservative,David Cameron,https://id.parliament.uk/yzH3vz6B,350,ambiguous,False,regex:\bminister of state\b
William,Hague,Commons,First Secretary of State and Leader of the House of Commons,2014-07-15,2015-05-08,297.0,2010-05-06,1789.0,Conservative,David Cameron,https://id.parliament.uk/rEpJPeh9,379,senior,True,contains:leader of the house of commons
Nicky,Morgan,Commons,Secretary of State for Education,2014-07-15,2016-07-13,729.0,2010-05-06,1789.0,Conservative,David Cameron,https://id.parliament.uk/ezWd6JpS,4027,senior,True,contains:secretary of state
Nicky,Morgan,Commons,Minister for Women and Equalities,2014-07-15,2016-07-13,729.0,2010-05-06,1789.0,Conservative,David Cameron,https://id.parliament.uk/ezWd6JpS,4027,ambiguous,False,regex:\bminister for\b
Jo,Johnson,Commons,Minister of State (Cabinet Office) (Head of the Number 10 Policy Unit),2014-07-15,2015-05-08,297.0,2010-05-06,1789.0,Conservative,David Cameron,https://id.parliament.uk/0ZbA7k1o,4039,ambiguous,False,regex:\bminister of state\b
Penelope,Mordaunt,Commons,Parliamentary Under-Secretary (Department for Communities and Local Government),2014-07-15,2015-05-08,297.0,2010-05-06,1789.0,Conservative,David Cameron,https://id.parliament.uk/RMNQDZri,4017,non_senior,False,regex:\bparliamentary under-?secretary\b
Stephen,Crabb,Commons,Secretary of State for Wales,2014-07-15,2016-03-19,613.0,2010-05-06,1789.0,Conservative,David Cameron,https://id.parliament.uk/CruBwppn,1554,senior,True,contains:secretary of state
Elizabeth,Truss,Commons,"Secretary of State for Environment, Food and Rural Affairs",2014-07-15,2016-07-14,730.0,2010-05-06,1789.0,Conservative,David Cameron,https://id.parliament.uk/dQvfKfAo,4097,senior,True,contains:secretary of state
Tina,Stowell,Lords,Leader of the House of Lords and Lord Privy Seal,2014-07-15,2016-07-14,730.0,2010-05-06,1789.0,Conservative,David Cameron,https://id.parliament.uk/5pQCEL5f,4205,senior,True,contains:lord privy seal
Anne,Milton,Commons,"Vice Chamberlain (HM Household) (Whip, House of Commons)",2014-07-15,2015-05-08,297.0,2010-05-06,1789.0,Conservative,David Cameron,https://id.parliament.uk/A0LvTNMZ,1523,non_senior,False,regex:\bwhip\b
Michael,Fallon,Commons,Secretary of State for Defence,2014-07-15,2017-11-01,1205.0,2010-05-06,1789.0,Conservative,David Cameron,https://id.parliament.uk/5vldGphZ,88,senior,True,contains:secretary of state
Gavin,Barwell,Commons,Lord Commissioner (HM Treasury) (Whip),2014-07-15,2015-05-13,302.0,2010-05-06,1789.0,Conservative,David Cameron,https://id.parliament.uk/3eQ48RSt,3955,non_senior,False,regex:\bwhip\b
Mark,Harper,Commons,Minister of State (Department for Work and Pensions) (Disabled People),2014-07-15,2015-05-08,297.0,2010-05-06,1789.0,Conservative,David Cameron,https://id.parliament.uk/psgM7FBk,1520,ambiguous,False,regex:\bminister of state\b
Tobias,Ellwood,Commons,Parliamentary Under-Secretary (Foreign and Commonwealth Office),2014-07-15,2017-06-14,1065.0,2010-05-06,1789.0,Conservative,David Cameron,https://id.parliament.uk/lcCpkkJg,1487,non_senior,False,regex:\bparliamentary under-?secretary\b
Matthew,Hancock,Commons,"Minister of State (Department for Business, Innovation and Skills)",2014-07-15,2015-03-30,258.0,2010-05-06,1789.0,Conservative,David Cameron,https://id.parliament.uk/JgAyn8BZ,4070,ambiguous,False,regex:\bminister of state\b
Jeremy,Wright,Commons,Attorney General,2014-07-15,2018-07-09,1455.0,2010-05-06,1789.0,Conservative,David Cameron,https://id.parliament.uk/dcfUDdFC,1560,ambiguous,False,regex:\battorney general\b
Gregory,Clark,Commons,"Minister of State (Department for Business, Innovation and Skills) (Universities and Science)",2014-07-15,2015-05-08,297.0,2010-05-06,1789.0,Conservative,David Cameron,https://id.parliament.uk/jqlCAgYA,1578,ambiguous,False,regex:\bminister of state\b
Claire,Perry,Commons,Parliamentary Under-Secretary (Department for Transport),2014-07-15,2016-07-15,731.0,2010-05-06,1789.0,Conservative,David Cameron,https://id.parliament.uk/3BxUtAOr,3974,non_senior,False,regex:\bparliamentary under-?secretary\b
Harriett,Baldwin,Commons,Lord Commissioner (HM Treasury) (Whip),2014-07-15,2015-05-08,297.0,2010-05-06,1789.0,Conservative,David Cameron,https://id.parliament.uk/2LUJUXE2,4107,non_senior,False,regex:\bwhip\b
Esther,McVey,Commons,Minister of State (Department for Work and Pensions) (Cabinet),2014-07-15,2015-03-30,258.0,2010-05-06,1789.0,Conservative,David Cameron,https://id.parliament.uk/Hxki00jc,4084,ambiguous,False,regex:\bminister of state\b
Robert,Wallace,Commons,Assistant Whip (HM Treasury),2014-07-15,2015-05-08,297.0,2010-05-06,1789.0,Conservative,David Cameron,https://id.parliament.uk/5BbmGpsu,1539,non_senior,False,regex:\bassistant whip\b
Michael,Penning,Commons,Minister of State (Ministry of Justice),2014-07-15,2016-07-15,731.0,2010-05-06,1789.0,Conservative,David Cameron,https://id.parliament.uk/1AspMgzb,1528,ambiguous,False,regex:\bminister of state\b
Michael,Penning,Commons,Minister of State (Home Office),2014-07-15,2016-07-15,731.0,2010-05-06,1789.0,Conservative,David Cameron,https://id.parliament.uk/1AspMgzb,1528,ambiguous,False,regex:\bminister of state\b
Alun,Cairns,Commons,Lord Commissioner (HM Treasury) (Whip),2014-07-15,2016-03-19,613.0,2010-05-06,1789.0,Conservative,David Cameron,https://id.parliament.uk/zHsMDBBt,4086,non_senior,False,regex:\bwhip\b
Alun,Cairns,Commons,Parliamentary Under-Secretary (Wales Office),2014-07-15,2016-03-19,613.0,2010-05-06,1789.0,Conservative,David Cameron,https://id.parliament.uk/zHsMDBBt,4086,non_senior,False,regex:\bparliamentary under-?secretary\b
Matthew,Hancock,Commons,Minister of State (Department of Energy and Climate Change),2014-07-15,2015-03-30,258.0,2010-05-06,1789.0,Conservative,David Cameron,https://id.parliament.uk/JgAyn8BZ,4070,ambiguous,False,regex:\bminister of state\b
Priti,Patel,Commons,Exchequer Secretary (HM Treasury),2014-07-15,2015-05-08,297.0,2010-05-06,1789.0,Conservative,David Cameron,https://id.parliament.uk/nr4Qap3S,4066,ambiguous,False,default
Tariq,Ahmad,Lords,Parliamentary Under-Secretary (Department for Communities and Local Government),2014-07-15,2015-05-07,296.0,2010-05-06,1789.0,Conservative,David Cameron,https://id.parliament.uk/ay1P3rz4,4210,non_senior,False,regex:\bparliamentary under-?secretary\b
Lucy,Neville-Rolfe,Lords,"Parliamentary Under-Secretary (Department for Business, Innovation and Skills) (Intellectual Property)",2014-07-17,2016-07-17,731.0,2010-05-06,1789.0,Conservative,David Cameron,https://id.parliament.uk/zqao7Ovw,4284,non_senior,False,regex:\bparliamentary under-?secretary\b
John,Taylor,Lords,"Captain of the Honourable Corps of Gentlemen-at-Arms (HM Household) (Chief Whip, House of Lords)",2014-08-06,2019-07-26,1815.0,2010-05-06,1789.0,Conservative,David Cameron,https://id.parliament.uk/rJz60OWT,3787,non_senior,False,regex:\bwhip\b
Joyce,Anelay,Lords,Minister of State (Foreign and Commonwealth Office),2014-08-06,2017-06-13,1042.0,2010-05-06,1789.0,Conservative,David Cameron,https://id.parliament.uk/6uKzYpoj,3474,ambiguous,False,regex:\bminister of state\b
Eric,Pickles,Commons,Minister for Faith,2014-08-06,2015-03-30,236.0,2010-05-06,1789.0,Conservative,David Cameron,https://id.parliament.uk/usNZNEl8,33,ambiguous,False,regex:\bminister for\b
Michael,Bates,Lords,Parliamentary Under-Secretary (Home Office),2014-08-06,2015-05-07,274.0,2010-05-06,1789.0,Conservative,David Cameron,https://id.parliament.uk/BZvoqdyu,1091,non_senior,False,regex:\bparliamentary under-?secretary\b
James,Duddridge,Commons,Parliamentary Under-Secretary (Foreign and Commonwealth Office),2014-08-11,2016-07-17,706.0,2010-05-06,1789.0,Conservative,David Cameron,https://id.parliament.uk/uDZzgmxr,1559,non_senior,False,regex:\bparliamentary under-?secretary\b
Nicholas,Bourne,Lords,Lord in Waiting (HM Household) (Whip),2014-08-13,2016-07-17,704.0,2010-05-06,1789.0,Conservative,David Cameron,https://id.parliament.uk/bEIsPDd1,4282,non_senior,False,regex:\bwhip\b
Susan,Williams,Lords,"Lords Spokesperson (Department of Business, Innovation and Skills)",2014-09-10,2015-05-07,239.0,2010-05-06,1789.0,Conservative,David Cameron,https://id.parliament.uk/9euzXdH0,4311,ambiguous,False,default
Robert,Wilson,Commons,Parliamentary Secretary (Cabinet Office),2014-09-27,2016-07-17,659.0,2010-05-06,1789.0,Conservative,David Cameron,https://id.parliament.uk/huWf28V3,1556,non_senior,False,regex:\bparliamentary secretary\b
Thomas,Brake,Commons,Assistant Whip (HM Treasury),2014-11-04,2015-05-08,185.0,2010-05-06,1789.0,Liberal Democrat,David Cameron,https://id.parliament.uk/SnLVQeMi,151,non_senior,False,regex:\bassistant whip\b
Susan,Garden,Lords,Baroness in Waiting (HM Household) (Whip),2014-11-04,2015-05-07,184.0,2010-05-06,1789.0,Liberal Democrat,David Cameron,https://id.parliament.uk/cwZcRmjT,3842,non_senior,False,regex:\bwhip\b
Lorely,Burt,Commons,Assistant Whip (HM Treasury),2014-11-04,2015-05-08,185.0,2010-05-06,1789.0,Liberal Democrat,David Cameron,https://id.parliament.uk/JTiw9Slj,1567,non_senior,False,regex:\bassistant whip\b
Lindsay,Granshaw,Lords,Parliamentary Under-Secretary (Department for International Development),2014-11-04,2015-05-07,184.0,2010-05-06,1789.0,Liberal Democrat,David Cameron,https://id.parliament.uk/7YD9qsIc,2539,non_senior,False,regex:\bparliamentary under-?secretary\b
Lynne,Featherstone,Commons,Minister of State (Home Office),2014-11-04,2015-05-08,185.0,2010-05-06,1789.0,Liberal Democrat,David Cameron,https://id.parliament.uk/Il186YY2,1531,ambiguous,False,regex:\bminister of state\b
Andrew,Selous,Commons,Assistant Whip (HM Treasury),2014-11-04,2016-07-17,621.0,2010-05-06,1789.0,Conservative,David Cameron,https://id.parliament.uk/gbVUB0EV,1453,non_senior,False,regex:\bassistant whip\b
Susan,Garden,Lords,Lords Spokesperson (Women & Equalities),2014-11-05,2015-05-07,183.0,2010-05-06,1789.0,Liberal Democrat,David Cameron,https://id.parliament.uk/cwZcRmjT,3842,ambiguous,False,default
Mark,Harper,Commons,Parliamentary Secretary to the Treasury and Chief Whip,2015-05-08,2016-07-14,433.0,2015-05-07,727.0,Conservative,David Cameron,https://id.parliament.uk/psgM7FBk,1520,non_senior,False,regex:\bparliamentary secretary\b
James,Wharton,Commons,Parliamentary Under-Secretary of State (Department for Communities and Local Government) (Northern Powerhouse),2015-05-08,2016-07-17,436.0,2015-05-07,727.0,Conservative,David Cameron,https://id.parliament.uk/OUD1KuPA,4123,senior,True,contains:secretary of state
Penelope,Mordaunt,Commons,Minister of State (Ministry of Defence) (Minister for the Armed Forces),2015-05-08,2016-07-15,434.0,2015-05-07,727.0,Conservative,David Cameron,https://id.parliament.uk/RMNQDZri,4017,ambiguous,False,regex:\bminister of state\b
John,Hayes,Commons,Minister of State (Home Office) (Security),2015-05-08,2016-07-15,434.0,2015-05-07,727.0,Conservative,David Cameron,https://id.parliament.uk/yzH3vz6B,350,ambiguous,False,regex:\bminister of state\b
Therese,Coffey,Commons,Parliamentary Secretary and Deputy Leader of the House of Commons,2015-05-08,2016-07-17,436.0,2015-05-07,727.0,Conservative,David Cameron,https://id.parliament.uk/wsMvuOfh,4098,senior,True,contains:leader of the house of commons
John,Whittingdale,Commons,"Secretary of State for Culture, Media and Sport",2015-05-08,2016-07-14,433.0,2015-05-07,727.0,Conservative,David Cameron,https://id.parliament.uk/dNNuNQfw,39,senior,True,contains:secretary of state
Andrea,Leadsom,Commons,Minister of State (Department of Energy and Climate Change),2015-05-08,2016-07-14,433.0,2015-05-07,727.0,Conservative,David Cameron,https://id.parliament.uk/V37kYFxZ,4117,ambiguous,False,regex:\bminister of state\b
Damian,Hinds,Commons,Exchequer Secretary (HM Treasury),2015-05-08,2016-07-15,434.0,2015-05-07,727.0,Conservative,David Cameron,https://id.parliament.uk/3KZvvnyo,3969,ambiguous,False,default
Mark,Lancaster,Commons,Parliamentary Under-Secretary (Ministry of Defence),2015-05-08,2017-06-13,767.0,2015-05-07,727.0,Conservative,David Cameron,https://id.parliament.uk/jbphoOAr,1544,non_senior,False,regex:\bparliamentary under-?secretary\b
Amber,Rudd,Commons,Secretary of State for Energy and Climate Change,2015-05-08,2016-07-13,432.0,2015-05-07,727.0,Conservative,David Cameron,https://id.parliament.uk/sSNJW42u,3983,senior,True,contains:secretary of state
Sajid,Javid,Commons,"Secretary of State for Business, Innovation and Skills",2015-05-08,2016-07-14,433.0,2015-05-07,727.0,Conservative,David Cameron,https://id.parliament.uk/YHylN7q7,3945,senior,True,contains:secretary of state
Marcus,Jones,Commons,Parliamentary Under-Secretary (Department for Communities and Local Government) (Local Government),2015-05-08,2018-01-08,976.0,2015-05-07,727.0,Conservative,David Cameron,https://id.parliament.uk/ODNC95e3,4024,non_senior,False,regex:\bparliamentary under-?secretary\b
Andrew,Jones,Commons,Parliamentary Under-Secretary (Department for Transport),2015-05-08,2017-06-15,769.0,2015-05-07,727.0,Conservative,David Cameron,https://id.parliament.uk/Gs2gaawW,3996,non_senior,False,regex:\bparliamentary under-?secretary\b
Gregory,Clark,Commons,Secretary of State for Communities and Local Government,2015-05-08,2016-07-14,433.0,2015-05-07,727.0,Conservative,David Cameron,https://id.parliament.uk/jqlCAgYA,1578,senior,True,contains:secretary of state
Alistair,Burt,Commons,Minister of State (Department of Health),2015-05-08,2016-07-13,432.0,2015-05-07,727.0,Conservative,David Cameron,https://id.parliament.uk/OxbSuAew,1201,ambiguous,False,regex:\bminister of state\b
Grant,Shapps,Commons,Minister of State (Department for International Development),2015-05-08,2015-11-28,204.0,2015-05-07,727.0,Conservative,David Cameron,https://id.parliament.uk/ZvG45buB,1582,ambiguous,False,regex:\bminister of state\b
Jo,Johnson,Commons,"Minister of State (Department for Business, Innovation and Skills) (Universities and Science)",2015-05-08,2016-07-15,434.0,2015-05-07,727.0,Conservative,David Cameron,https://id.parliament.uk/0ZbA7k1o,4039,ambiguous,False,regex:\bminister of state\b
Caroline,Dinenage,Commons,Parliamentary Under-Secretary (Ministry of Justice),2015-05-08,2016-07-17,436.0,2015-05-07,727.0,Conservative,David Cameron,https://id.parliament.uk/SM4SE1Dh,4008,non_senior,False,regex:\bparliamentary under-?secretary\b
Mark,Francois,Commons,Minister of State (Communities and Local Government),2015-05-08,2016-07-17,436.0,2015-05-07,727.0,Conservative,David Cameron,https://id.parliament.uk/61TcZWOM,1444,ambiguous,False,regex:\bminister of state\b
Caroline,Dinenage,Commons,Minister for Equalities (Department for Education),2015-05-08,2016-07-17,436.0,2015-05-07,727.0,Conservative,David Cameron,https://id.parliament.uk/SM4SE1Dh,4008,ambiguous,False,regex:\bminister for\b
Priti,Patel,Commons,Minister of State (Department for Work and Pensions) (Cabinet),2015-05-08,2016-07-14,433.0,2015-05-07,727.0,Conservative,David Cameron,https://id.parliament.uk/nr4Qap3S,4066,ambiguous,False,regex:\bminister of state\b
Gregory,Hands,Commons,Chief Secretary to the Treasury,2015-05-08,2016-07-14,433.0,2015-05-07,727.0,Conservative,David Cameron,https://id.parliament.uk/7Tsbxzkf,1526,senior,True,contains:chief secretary to the treasury
George,Osborne,Commons,Chancellor of the Exchequer and First Secretary of State,2015-05-08,2016-07-13,432.0,2015-05-07,727.0,Conservative,David Cameron,https://id.parliament.uk/MZgn0iAu,1458,senior,True,contains:chancellor of the exchequer
Roderick,Stewart,Commons,"Parliamentary Under-Secretary (Department for Environment, Food and Rural Affairs)",2015-05-08,2016-07-17,436.0,2015-05-07,727.0,Conservative,David Cameron,https://id.parliament.uk/AXsJ7KXj,4137,non_senior,False,regex:\bparliamentary under-?secretary\b
Charles,Eustice,Commons,"Minister of State (Department for Environment, Food and Rural Affairs)",2015-05-08,2019-02-28,1392.0,2015-05-07,727.0,Conservative,David Cameron,https://id.parliament.uk/NX45aKYz,3934,ambiguous,False,regex:\bminister of state\b
Michael,Gove,Commons,Lord Chancellor and Secretary of State for Justice,2015-05-08,2016-07-14,433.0,2015-05-07,727.0,Conservative,David Cameron,https://id.parliament.uk/0K7kX33I,1571,senior,True,contains:lord chancellor
Chris,Grayling,Commons,Lord President of the Council and Leader of the House of Commons,2015-05-08,2016-07-14,433.0,2015-05-07,727.0,Conservative,David Cameron,https://id.parliament.uk/nfMorZ5b,1413,senior,True,contains:lord president of the council
John,Penrose,Commons,Parliamentary Secretary (Cabinet Office),2015-05-08,2016-07-17,436.0,2015-05-07,727.0,Conservative,David Cameron,https://id.parliament.uk/JJ3Ox3Vn,1584,non_senior,False,regex:\bparliamentary secretary\b
Anthony,Timpson,Commons,Minister of State (Education),2015-05-08,2017-06-12,766.0,2015-05-07,727.0,Conservative,David Cameron,https://id.parliament.uk/RnmAK7sq,1605,ambiguous,False,regex:\bminister of state\b
Justin,Tomlinson,Commons,Parliamentary Under-Secretary of State (Department for Work and Pensions) (Disabled People),2015-05-08,2016-07-17,436.0,2015-05-07,727.0,Conservative,David Cameron,https://id.parliament.uk/LNgSfXCb,4105,senior,True,contains:secretary of state
David,Mundell,Commons,Secretary of State for Scotland,2015-05-08,2019-07-24,1538.0,2015-05-07,727.0,Conservative,David Cameron,https://id.parliament.uk/Xx3pGa0q,1512,senior,True,contains:secretary of state
Philip,Dunne,Commons,Minister of State (Ministry of Defence) (Defence Procurement),2015-05-08,2016-07-16,435.0,2015-05-07,727.0,Conservative,David Cameron,https://id.parliament.uk/j3tFA6NO,1542,ambiguous,False,regex:\bminister of state\b
Robert,Halfon,Commons,Minister without Portfolio (Cabinet Office),2015-05-08,2016-07-17,436.0,2015-05-07,727.0,Conservative,David Cameron,https://id.parliament.uk/bXvFDLTW,3985,senior,True,contains:minister without portfolio
Harriett,Baldwin,Commons,Economic Secretary (HM Treasury),2015-05-08,2016-07-17,436.0,2015-05-07,727.0,Conservative,David Cameron,https://id.parliament.uk/2LUJUXE2,4107,ambiguous,False,regex:\beconomic secretary\b
Matthew,Hancock,Commons,Paymaster General and Minister for the Cabinet Office,2015-05-08,2016-07-14,433.0,2015-05-07,727.0,Conservative,David Cameron,https://id.parliament.uk/JgAyn8BZ,4070,ambiguous,False,regex:\bpaymaster general\b
Robert,Wallace,Commons,Parliamentary Under-Secretary (Northern Ireland Office),2015-05-08,2016-07-17,436.0,2015-05-07,727.0,Conservative,David Cameron,https://id.parliament.uk/5BbmGpsu,1539,non_senior,False,regex:\bparliamentary under-?secretary\b
Tracey,Crouch,Commons,"Parliamentary Under-Secretary (Department for Culture, Media and Sport)",2015-05-08,2017-07-03,787.0,2015-05-07,727.0,Conservative,David Cameron,https://id.parliament.uk/cNsdXWAb,3950,non_senior,False,regex:\bparliamentary under-?secretary\b
Anna,Soubry,Commons,"Minister of State (Department for Business, Innovation and Skills) (Business and Enterprise)",2015-05-08,2016-07-14,433.0,2015-05-07,727.0,Conservative,David Cameron,https://id.parliament.uk/O5VZDUCQ,3938,ambiguous,False,regex:\bminister of state\b
Francis,Maude,Lords,Minister of State (Foreign and Commonwealth Office) (Trade and Investment),2015-05-11,2016-03-11,305.0,2015-05-07,727.0,,David Cameron,https://id.parliament.uk/XrxW6kpF,115,ambiguous,False,regex:\bminister of state\b
Frederick,Curzon,Lords,Minister of State (Ministry of Defence),2015-05-11,2019-07-26,1537.0,2015-05-07,727.0,Conservative,David Cameron,https://id.parliament.uk/NVVtoygN,2000,ambiguous,False,regex:\bminister of state\b
Francis,Maude,Lords,"Minister of State (Department for Business, Innovation and Skills) (Trade and Investment)",2015-05-11,2016-03-11,305.0,2015-05-07,727.0,,David Cameron,https://id.parliament.uk/XrxW6kpF,115,ambiguous,False,regex:\bminister of state\b
Anne,Milton,Commons,"Treasurer of HM Household (Deputy Chief Whip, House of Commons)",2015-05-11,2017-06-12,763.0,2015-05-07,727.0,Conservative,David Cameron,https://id.parliament.uk/A0LvTNMZ,1523,non_senior,False,regex:\bwhip\b
Rosalind,Altmann,Lords,Minister of State (Department for Work and Pensions) (Pensions),2015-05-11,2016-07-15,431.0,2015-05-07,727.0,,David Cameron,https://id.parliament.uk/nJrXxVcY,4533,ambiguous,False,regex:\bminister of state\b
David,Freud,Lords,Minister of State (Department for Work and Pensions) (Welfare Reform),2015-05-12,2016-12-21,589.0,2015-05-07,727.0,Conservative,David Cameron,https://id.parliament.uk/1vaGr22a,3893,ambiguous,False,regex:\bminister of state\b
Lucy,Neville-Rolfe,Lords,"Parliamentary Under-Secretary (Department for Culture, Media and Sport)",2015-05-12,2016-07-17,432.0,2015-05-07,727.0,Conservative,David Cameron,https://id.parliament.uk/zqao7Ovw,4284,non_senior,False,regex:\bparliamentary under-?secretary\b
Michael,Bates,Lords,Minister of State (Home Office),2015-05-12,2016-03-31,324.0,2015-05-07,727.0,Conservative,David Cameron,https://id.parliament.uk/BZvoqdyu,1091,ambiguous,False,regex:\bminister of state\b
Tariq,Ahmad,Lords,Parliamentary Under-Secretary (Home Office) (Countering Extremism),2015-05-12,2016-07-17,432.0,2015-05-07,727.0,Conservative,David Cameron,https://id.parliament.uk/ay1P3rz4,4210,non_senior,False,regex:\bparliamentary under-?secretary\b
Tariq,Ahmad,Lords,Parliamentary Under-Secretary (Department for Transport),2015-05-12,2017-06-13,763.0,2015-05-07,727.0,Conservative,David Cameron,https://id.parliament.uk/ay1P3rz4,4210,non_senior,False,regex:\bparliamentary under-?secretary\b
Frederick,Curzon,Lords,Deputy Leader of the House of Lords,2015-05-12,2024-07-05,3342.0,2015-05-07,727.0,Conservative,David Cameron,https://id.parliament.uk/NVVtoygN,2000,senior,True,contains:leader of the house of lords
Sandip,Verma,Lords,Parliamentary Under-Secretary (Department for International Development),2015-05-12,2016-07-17,432.0,2015-05-07,727.0,Conservative,David Cameron,https://id.parliament.uk/QdTpvoeQ,3790,non_senior,False,regex:\bparliamentary under-?secretary\b
Nicholas,Bourne,Lords,Parliamentary Under-Secretary (Wales Office),2015-05-12,2017-06-14,764.0,2015-05-07,727.0,Conservative,David Cameron,https://id.parliament.uk/bEIsPDd1,4282,non_senior,False,regex:\bparliamentary under-?secretary\b
Nicholas,Bourne,Lords,Parliamentary Under-Secretary (Department of Energy and Climate Change),2015-05-12,2016-07-17,432.0,2015-05-07,727.0,Conservative,David Cameron,https://id.parliament.uk/bEIsPDd1,4282,non_senior,False,regex:\bparliamentary under-?secretary\b
Susan,Williams,Lords,Parliamentary Under-Secretary (Department for Communities and Local Government),2015-05-12,2016-07-17,432.0,2015-05-07,727.0,Conservative,David Cameron,https://id.parliament.uk/9euzXdH0,4311,non_senior,False,regex:\bparliamentary under-?secretary\b
John,Gardiner,Lords,"Captain of the Queen's Bodyguard of the Yeomen of the Guard (HM Household) (Deputy Chief Whip, House of Lords)",2015-05-12,2016-07-17,432.0,2015-05-07,727.0,Conservative,David Cameron,https://id.parliament.uk/P6l9F4rP,4161,non_senior,False,regex:\bwhip\b
Kris,Hopkins,Commons,"Vice Chamberlain (HM Household) (Whip, House of Commons)",2015-05-13,2016-07-17,431.0,2015-05-07,727.0,Conservative,David Cameron,https://id.parliament.uk/b1tl7GaP,4043,non_senior,False,regex:\bwhip\b
Julian,Smith,Commons,Assistant Whip (HM Treasury),2015-05-13,2016-07-17,431.0,2015-05-07,727.0,Conservative,David Cameron,https://id.parliament.uk/V7RM28pf,4118,non_senior,False,regex:\bassistant whip\b
Margot,James,Commons,Assistant Whip (HM Treasury),2015-05-13,2016-07-17,431.0,2015-05-07,727.0,Conservative,David Cameron,https://id.parliament.uk/v2rvEcQa,4115,non_senior,False,regex:\bassistant whip\b
Melvyn,Stride,Commons,Lord Commissioner (HM Treasury) (Whip),2015-05-13,2016-07-17,431.0,2015-05-07,727.0,Conservative,David Cameron,https://id.parliament.uk/dEAJKHTK,3935,non_senior,False,regex:\bwhip\b
Brett,Elphicke,Commons,Lord Commissioner (HM Treasury) (Whip),2015-05-13,2016-07-17,431.0,2015-05-07,727.0,Conservative,David Cameron,https://id.parliament.uk/21Xyo0YR,3971,non_senior,False,regex:\bwhip\b
Jacqueline,Doyle-Price,Commons,Assistant Whip (HM Treasury),2015-05-13,2017-06-14,763.0,2015-05-07,727.0,Conservative,David Cameron,https://id.parliament.uk/M9UpoF65,4065,non_senior,False,regex:\bassistant whip\b
George,Hollingbery,Commons,Lord Commissioner (HM Treasury) (Whip),2015-05-13,2016-07-17,431.0,2015-05-07,727.0,Conservative,David Cameron,https://id.parliament.uk/7vVLikXs,4016,non_senior,False,regex:\bwhip\b
Dominic,Raab,Commons,Parliamentary Under-Secretary (Ministry of Justice),2015-05-13,2016-07-16,430.0,2015-05-07,727.0,Conservative,David Cameron,https://id.parliament.uk/zjs8wUR3,4007,non_senior,False,regex:\bparliamentary under-?secretary\b
Stephen,Barclay,Commons,Assistant Whip (HM Treasury),2015-05-13,2016-07-17,431.0,2015-05-07,727.0,Conservative,David Cameron,https://id.parliament.uk/nBemRbWt,4095,non_senior,False,regex:\bassistant whip\b
Gavin,Barwell,Commons,"Comptroller (HM Household) (Whip, House of Commons)",2015-05-13,2016-07-17,431.0,2015-05-07,727.0,Conservative,David Cameron,https://id.parliament.uk/3eQ48RSt,3955,non_senior,False,regex:\bwhip\b
Guy,Opperman,Commons,Assistant Whip (HM Treasury),2015-05-13,2016-07-17,431.0,2015-05-07,727.0,Conservative,David Cameron,https://id.parliament.uk/KRgnTeJ7,4142,non_senior,False,regex:\bassistant whip\b
Joanna,Shields,Lords,"Parliamentary Under-Secretary (Department for Culture, Media and Sport) (Internet Safety and Security) (Unpaid)",2015-05-13,2016-12-21,588.0,2015-05-07,727.0,Conservative,David Cameron,https://id.parliament.uk/GN3TLyAe,4325,non_senior,False,regex:\bparliamentary under-?secretary\b
Sarah,Newton,Commons,Assistant Whip (HM Treasury),2015-05-13,2016-07-17,431.0,2015-05-07,727.0,Conservative,David Cameron,https://id.parliament.uk/GnZTW5nB,4071,non_senior,False,regex:\bassistant whip\b
Simon,Kirby,Commons,Assistant Whip (HM Treasury),2015-05-13,2016-07-17,431.0,2015-05-07,727.0,Conservative,David Cameron,https://id.parliament.uk/E5Ldetxx,3929,non_senior,False,regex:\bassistant whip\b
David,Prior,Lords,Parliamentary Under-Secretary (Department of Health) (NHS Productivity),2015-05-14,2016-12-21,587.0,2015-05-07,727.0,Conservative,David Cameron,https://id.parliament.uk/VwHAawZ7,127,non_senior,False,regex:\bparliamentary under-?secretary\b
James,Younger,Lords,Lord in Waiting (HM Household) (Whip),2015-05-14,2022-12-31,2788.0,2015-05-07,727.0,Conservative,David Cameron,https://id.parliament.uk/pL1nOvPY,4169,non_senior,False,regex:\bwhip\b
Benedict,Gummer,Commons,Parliamentary Under-Secretary (Department of Health),2015-05-14,2016-07-14,427.0,2015-05-07,727.0,Conservative,David Cameron,https://id.parliament.uk/B6TZ3EM1,3988,non_senior,False,regex:\bparliamentary under-?secretary\b
Natalie,Evans,Lords,Lord in Waiting (HM Household) (Whip),2015-05-14,2016-07-14,427.0,2015-05-07,727.0,Conservative,David Cameron,https://id.parliament.uk/Pogmx94s,4329,non_senior,False,regex:\bwhip\b
Caroline,Chisholm,Lords,Lord in Waiting (HM Household) (Whip),2015-05-14,2016-12-21,587.0,2015-05-07,727.0,Conservative,David Cameron,https://id.parliament.uk/pLPt7rh8,4330,non_senior,False,regex:\bwhip\b
James,Bridges,Lords,Parliamentary Secretary (Cabinet Office),2015-05-14,2016-07-17,430.0,2015-05-07,727.0,,David Cameron,https://id.parliament.uk/Wt1PL6op,4535,non_senior,False,regex:\bparliamentary secretary\b
James,Stopford,Lords,Lord in Waiting (HM Household) (Whip),2015-05-14,2016-07-17,430.0,2015-05-07,727.0,Conservative,David Cameron,https://id.parliament.uk/Gw31GbqW,3359,non_senior,False,regex:\bwhip\b
Andrew,Dunlop,Lords,Parliamentary Under-Secretary (Scotland Office),2015-05-14,2017-06-14,762.0,2015-05-07,727.0,,David Cameron,https://id.parliament.uk/vhnoIIBx,4534,non_senior,False,regex:\bparliamentary under-?secretary\b
Caroline,Spelman,Commons,Second Church Estates Commissioner,2015-05-21,2019-11-06,1630.0,2015-05-07,727.0,Conservative,David Cameron,https://id.parliament.uk/McDKiSop,312,ambiguous,False,default
Terence,O'Neill,Lords,Commercial Secretary (HM Treasury),2015-05-28,2016-09-23,484.0,2015-05-07,727.0,Conservative,David Cameron,https://id.parliament.uk/0cTdSnyu,4536,ambiguous,False,default
Richard,Keen,Lords,Advocate General for Scotland,2015-06-11,2020-09-16,1924.0,2015-05-07,727.0,Conservative,David Cameron,https://id.parliament.uk/QZgZGQsY,4538,ambiguous,False,default
Shailesh,Vara,Commons,Parliamentary Under-Secretary (Department for Work and Pensions),2015-07-09,2016-07-18,375.0,2015-05-07,727.0,Conservative,David Cameron,https://id.parliament.uk/Uj24yw4q,1496,non_senior,False,regex:\bparliamentary under-?secretary\b
Grant,Shapps,Commons,Parliamentary Under-Secretary (Foreign and Commonwealth Office),2015-07-15,2015-10-26,103.0,2015-05-07,727.0,Conservative,David Cameron,https://id.parliament.uk/ZvG45buB,1582,non_senior,False,regex:\bparliamentary under-?secretary\b
Richard,Harrington,Commons,Parliamentary Under Secretary for Department for Communities and Local Government (Jointly with Home Office and Department for International Development),2015-09-14,2016-07-17,307.0,2015-05-07,727.0,Conservative,David Cameron,https://id.parliament.uk/z6VN5jkf,4068,ambiguous,False,default
Richard,Harrington,Commons,Parliamentary Under Secretary for Home Office (Jointly with Department for Communities and Local Government and Department for International Development),2015-09-14,2016-07-17,307.0,2015-05-07,727.0,Conservative,David Cameron,https://id.parliament.uk/z6VN5jkf,4068,ambiguous,False,default
Richard,Harrington,Commons,Parliamentary Under Secretary for Department for International Development (Jointly with Home Office and Department for Communities and Local Government),2015-09-14,2016-07-17,307.0,2015-05-07,727.0,Conservative,David Cameron,https://id.parliament.uk/z6VN5jkf,4068,ambiguous,False,default
Nicholas,Hurd,Commons,Parliamentary Under-Secretary (Department for International Development),2015-11-28,2016-07-16,231.0,2015-05-07,727.0,Conservative,David Cameron,https://id.parliament.uk/nXTZ5A4D,1561,non_senior,False,regex:\bparliamentary under-?secretary\b
Joanna,Shields,Lords,Parliamentary Under-Secretary (Home Office) (Internet Safety and Security) (Unpaid),2015-12-03,2017-06-15,560.0,2015-05-07,727.0,Conservative,David Cameron,https://id.parliament.uk/GN3TLyAe,4325,non_senior,False,regex:\bparliamentary under-?secretary\b
David,Evennett,Commons,"Parliamentary Under-Secretary (Department for Culture, Media and Sport)",2016-01-01,2016-07-17,198.0,2015-05-07,727.0,Conservative,David Cameron,https://id.parliament.uk/KhqjbENy,1198,non_senior,False,regex:\bparliamentary under-?secretary\b
Joyce,Anelay,Lords,"Minister of State (Department for Business, Innovation and Skills) (Trade and Investment)",2016-03-11,2016-04-04,24.0,2015-05-07,727.0,Conservative,David Cameron,https://id.parliament.uk/6uKzYpoj,3474,ambiguous,False,regex:\bminister of state\b
Guto,Bebb,Commons,Lord Commissioner (HM Treasury) (Whip),2016-03-19,2018-01-09,661.0,2015-05-07,727.0,Conservative,David Cameron,https://id.parliament.uk/lkfzGvnx,3910,non_senior,False,regex:\bwhip\b
Alun,Cairns,Commons,Secretary of State for Wales,2016-03-19,2019-11-06,1327.0,2015-05-07,727.0,Conservative,David Cameron,https://id.parliament.uk/zHsMDBBt,4086,senior,True,contains:secretary of state
Guto,Bebb,Commons,Parliamentary Under-Secretary (Wales Office),2016-03-19,2018-01-09,661.0,2015-05-07,727.0,Conservative,David Cameron,https://id.parliament.uk/lkfzGvnx,3910,non_senior,False,regex:\bparliamentary under-?secretary\b
Stephen,Crabb,Commons,Secretary of State for Work and Pensions,2016-03-19,2016-07-14,117.0,2015-05-07,727.0,Conservative,David Cameron,https://id.parliament.uk/CruBwppn,1554,senior,True,contains:secretary of state
Richard,Keen,Lords,Lords Spokesperson (Home Office),2016-04-01,2016-07-18,108.0,2015-05-07,727.0,Conservative,David Cameron,https://id.parliament.uk/QZgZGQsY,4538,ambiguous,False,default
Mark,Price,Lords,"Minister of State (Department for Business, Innovation and Skills) (Trade and Investment)",2016-04-04,2016-07-16,103.0,2015-05-07,727.0,Conservative,David Cameron,https://id.parliament.uk/xAVgszMN,4570,ambiguous,False,regex:\bminister of state\b
Mark,Price,Lords,Minister of State (Foreign and Commonwealth Office) (Trade and Investment),2016-04-04,2016-07-16,103.0,2015-05-07,727.0,Conservative,David Cameron,https://id.parliament.uk/xAVgszMN,4570,ambiguous,False,regex:\bminister of state\b
Mark,Spencer,Commons,Assistant Whip (HM Treasury),2016-06-15,2017-06-15,365.0,2015-05-07,727.0,Conservative,David Cameron,https://id.parliament.uk/YWnDvo84,4055,non_senior,False,regex:\bassistant whip\b
Theresa,May,Commons,"Prime Minister, First Lord of the Treasury and Minister for the Civil Service",2016-07-13,2019-07-24,1106.0,2015-05-07,727.0,Conservative,David Cameron,https://id.parliament.uk/JPL7AGmo,8,senior,True,contains:prime minister
David,Davis,Commons,Secretary of State for Exiting the European Union,2016-07-13,2018-07-08,725.0,2015-05-07,727.0,Conservative,David Cameron,https://id.parliament.uk/A7xoNSH8,373,senior,True,contains:secretary of state
Alexander,Johnson,Commons,Secretary of State for Foreign and Commonwealth Affairs,2016-07-13,2018-07-09,726.0,2015-05-07,727.0,Conservative,David Cameron,https://id.parliament.uk/hy2NFfe8,1423,senior,True,contains:secretary of state
Liam,Fox,Commons,Secretary of State for International Trade and President of the Board of Trade,2016-07-13,2019-07-24,1106.0,2015-05-07,727.0,Conservative,David Cameron,https://id.parliament.uk/dougZwFw,223,senior,True,contains:secretary of state
Amber,Rudd,Commons,Home Secretary,2016-07-13,2018-04-29,655.0,2015-05-07,727.0,Conservative,David Cameron,https://id.parliament.uk/sSNJW42u,3983,ambiguous,False,default
Philip,Hammond,Commons,Chancellor of the Exchequer,2016-07-13,2019-07-24,1106.0,2015-05-07,727.0,Conservative,David Cameron,https://id.parliament.uk/pkigvNdY,105,senior,True,contains:chancellor of the exchequer
Karen,Bradley,Commons,"Secretary of State for Culture, Media and Sport",2016-07-14,2017-07-03,354.0,2015-05-07,727.0,Conservative,Theresa May,https://id.parliament.uk/PHtNfRSA,4110,senior,True,contains:secretary of state
Benedict,Gummer,Commons,Paymaster General and Minister for the Cabinet Office,2016-07-14,2017-05-03,293.0,2015-05-07,727.0,Conservative,Theresa May,https://id.parliament.uk/B6TZ3EM1,3988,ambiguous,False,regex:\bpaymaster general\b
David,Lidington,Commons,Lord President of the Council and Leader of the House of Commons,2016-07-14,2017-05-03,293.0,2015-05-07,727.0,Conservative,Theresa May,https://id.parliament.uk/EPhidb9p,15,senior,True,contains:lord president of the council
David,Gauke,Commons,Chief Secretary to the Treasury,2016-07-14,2017-06-11,332.0,2015-05-07,727.0,Conservative,Theresa May,https://id.parliament.uk/iavMcgms,1529,senior,True,contains:chief secretary to the treasury
Justine,Greening,Commons,Secretary of State for Education,2016-07-14,2018-01-08,543.0,2015-05-07,727.0,Conservative,Theresa May,https://id.parliament.uk/1CRqwuTp,1555,senior,True,contains:secretary of state
Damian,Green,Commons,Secretary of State for Work and Pensions,2016-07-14,2017-06-11,332.0,2015-05-07,727.0,Conservative,Theresa May,https://id.parliament.uk/72qlmbBV,76,senior,True,contains:secretary of state
Chris,Grayling,Commons,Secretary of State for Transport,2016-07-14,2019-07-24,1105.0,2015-05-07,727.0,Conservative,Theresa May,https://id.parliament.uk/nfMorZ5b,1413,senior,True,contains:secretary of state
Elizabeth,Truss,Commons,Lord Chancellor and Secretary of State for Justice,2016-07-14,2017-06-11,332.0,2015-05-07,727.0,Conservative,Theresa May,https://id.parliament.uk/dQvfKfAo,4097,senior,True,contains:lord chancellor
Priti,Patel,Commons,Secretary of State for International Development,2016-07-14,2017-11-08,482.0,2015-05-07,727.0,Conservative,Theresa May,https://id.parliament.uk/nr4Qap3S,4066,senior,True,contains:secretary of state
Gavin,Williamson,Commons,Parliamentary Secretary to the Treasury and Chief Whip,2016-07-14,2017-11-02,476.0,2015-05-07,727.0,Conservative,Theresa May,https://id.parliament.uk/bgjHDpQ8,4108,non_senior,False,regex:\bparliamentary secretary\b
James,Brokenshire,Commons,Secretary of State for Northern Ireland,2016-07-14,2018-01-08,543.0,2015-05-07,727.0,Conservative,Theresa May,https://id.parliament.uk/HENgq022,1530,senior,True,contains:secretary of state
Anna,Soubry,Commons,"Minister of State (Department for Business, Energy and Industrial Strategy)",2016-07-14,2016-07-15,1.0,2015-05-07,727.0,Conservative,Theresa May,https://id.parliament.uk/O5VZDUCQ,3938,ambiguous,False,regex:\bminister of state\b
Natalie,Evans,Lords,Leader of the House of Lords and Lord Privy Seal,2016-07-14,2022-09-05,2244.0,2015-05-07,727.0,Conservative,Theresa May,https://id.parliament.uk/Pogmx94s,4329,senior,True,contains:lord privy seal
Patrick,McLoughlin,Commons,Chancellor of the Duchy of Lancaster,2016-07-14,2018-01-08,543.0,2015-05-07,727.0,Conservative,Theresa May,https://id.parliament.uk/LZDZjBO2,333,senior,True,contains:chancellor of the duchy of lancaster
Sajid,Javid,Commons,Secretary of State for Communities and Local Government,2016-07-14,2018-01-08,543.0,2015-05-07,727.0,Conservative,Theresa May,https://id.parliament.uk/YHylN7q7,3945,senior,True,contains:secretary of state
Gregory,Clark,Commons,"Secretary of State for Business, Energy and Industrial Strategy",2016-07-14,2019-07-24,1105.0,2015-05-07,727.0,Conservative,Theresa May,https://id.parliament.uk/jqlCAgYA,1578,senior,True,contains:secretary of state
Justine,Greening,Commons,Minister for Women and Equalities,2016-07-14,2018-01-08,543.0,2015-05-07,727.0,Conservative,Theresa May,https://id.parliament.uk/1CRqwuTp,1555,ambiguous,False,regex:\bminister for\b
Andrea,Leadsom,Commons,"Secretary of State for Environment, Food and Rural Affairs",2016-07-14,2017-06-11,332.0,2015-05-07,727.0,Conservative,Theresa May,https://id.parliament.uk/V37kYFxZ,4117,senior,True,contains:secretary of state
Jo,Johnson,Commons,"Minister of State (Department for Business, Energy and Industrial Strategy) (Universities and Science) (Joint with the Department for Education)",2016-07-15,2018-01-09,543.0,2015-05-07,727.0,Conservative,Theresa May,https://id.parliament.uk/0ZbA7k1o,4039,ambiguous,False,regex:\bminister of state\b
Robert,Goodwill,Commons,Minister of State (Home Office) (Immigration),2016-07-15,2017-06-11,331.0,2015-05-07,727.0,Conservative,Theresa May,https://id.parliament.uk/tXbYU8RO,1562,ambiguous,False,regex:\bminister of state\b
Michael,Penning,Commons,Minister of State (Ministry of Defence),2016-07-15,2017-06-12,332.0,2015-05-07,727.0,Conservative,Theresa May,https://id.parliament.uk/1AspMgzb,1528,ambiguous,False,regex:\bminister of state\b
Jane,Ellison,Commons,Financial Secretary (HM Treasury),2016-07-15,2017-05-03,292.0,2015-05-07,727.0,Conservative,Theresa May,https://id.parliament.uk/lnhtzHcA,3918,ambiguous,False,regex:\bfinancial secretary\b
Penelope,Mordaunt,Commons,Minister of State (Department for Work and Pensions),2016-07-15,2017-11-09,482.0,2015-05-07,727.0,Conservative,Theresa May,https://id.parliament.uk/RMNQDZri,4017,ambiguous,False,regex:\bminister of state\b
Matthew,Hancock,Commons,"Minister of State (Department for Culture, Media and Sport) (Digital Policy)",2016-07-15,2017-07-03,353.0,2015-05-07,727.0,Conservative,Theresa May,https://id.parliament.uk/JgAyn8BZ,4070,ambiguous,False,regex:\bminister of state\b
Damian,Hinds,Commons,Minister of State (Department for Work and Pensions),2016-07-15,2018-01-08,542.0,2015-05-07,727.0,Conservative,Theresa May,https://id.parliament.uk/3KZvvnyo,3969,ambiguous,False,regex:\bminister of state\b
Brandon,Lewis,Commons,Minister of State (Home Office) (Policing and the Fire Service),2016-07-15,2017-06-11,331.0,2015-05-07,727.0,Conservative,Theresa May,https://id.parliament.uk/C91rcqgY,4009,ambiguous,False,regex:\bminister of state\b
John,Hayes,Commons,Minister of State (Department for Transport),2016-07-15,2018-01-09,543.0,2015-05-07,727.0,Conservative,Theresa May,https://id.parliament.uk/yzH3vz6B,350,ambiguous,False,regex:\bminister of state\b
Gregory,Hands,Commons,Minister of State (Department for International Trade),2016-07-15,2017-06-13,333.0,2015-05-07,727.0,Conservative,Theresa May,https://id.parliament.uk/7Tsbxzkf,1526,ambiguous,False,regex:\bminister of state\b
Mark,Price,Lords,Minister of State (Department for International Trade),2016-07-16,2017-09-28,439.0,2015-05-07,727.0,Conservative,Theresa May,https://id.parliament.uk/xAVgszMN,4570,ambiguous,False,regex:\bminister of state\b
Nicholas,Hurd,Commons,"Minister of State (Department for Business, Energy and Industrial Strategy)",2016-07-16,2017-06-12,331.0,2015-05-07,727.0,Conservative,Theresa May,https://id.parliament.uk/nXTZ5A4D,1561,ambiguous,False,regex:\bminister of state\b
Philip,Dunne,Commons,Minister of State (Department of Health),2016-07-16,2018-01-09,542.0,2015-05-07,727.0,Conservative,Theresa May,https://id.parliament.uk/j3tFA6NO,1542,ambiguous,False,regex:\bminister of state\b
Oliver,Heald,Commons,Minister of State (Ministry of Justice),2016-07-16,2017-06-12,331.0,2015-05-07,727.0,Conservative,Theresa May,https://id.parliament.uk/2FHDd6DL,69,ambiguous,False,regex:\bminister of state\b
Graham,Stuart,Commons,Assistant Whip (HM Treasury),2016-07-17,2018-01-09,541.0,2015-05-07,727.0,Conservative,Theresa May,https://id.parliament.uk/uyQOJxJ0,1482,non_senior,False,regex:\bassistant whip\b
Roderick,Stewart,Commons,Minister of State (Department for International Development),2016-07-17,2017-06-13,331.0,2015-05-07,727.0,Conservative,Theresa May,https://id.parliament.uk/AXsJ7KXj,4137,ambiguous,False,regex:\bminister of state\b
Nosheena,Mobarik,Lords,Lord in Waiting (HM Household) (Whip),2016-07-17,2017-04-06,263.0,2015-05-07,727.0,Conservative,Theresa May,https://id.parliament.uk/jDa9Devb,4335,non_senior,False,regex:\bwhip\b
Guy,Opperman,Commons,Lord Commissioner (HM Treasury) (Whip),2016-07-17,2017-06-14,332.0,2015-05-07,727.0,Conservative,Theresa May,https://id.parliament.uk/KRgnTeJ7,4142,non_senior,False,regex:\bwhip\b
Andrew,Dunlop,Lords,Parliamentary Under-Secretary (Northern Ireland Office),2016-07-17,2017-06-14,332.0,2015-05-07,727.0,Conservative,Theresa May,https://id.parliament.uk/vhnoIIBx,4534,non_senior,False,regex:\bparliamentary under-?secretary\b
Phillip,Lee,Commons,Parliamentary Under-Secretary (Ministry of Justice),2016-07-17,2018-06-12,695.0,2015-05-07,727.0,Conservative,Theresa May,https://id.parliament.uk/0lXYDVJx,3921,non_senior,False,regex:\bparliamentary under-?secretary\b
Nicola,Blackwood,Commons,Parliamentary Under-Secretary (Department of Health),2016-07-17,2017-05-03,290.0,2015-05-07,727.0,Conservative,Theresa May,https://id.parliament.uk/lWEwlYHl,4019,non_senior,False,regex:\bparliamentary under-?secretary\b
Joyce,Anelay,Lords,Minister of State (Department for International Development),2016-07-17,2016-10-14,89.0,2015-05-07,727.0,Conservative,Theresa May,https://id.parliament.uk/6uKzYpoj,3474,ambiguous,False,regex:\bminister of state\b
Christopher,Heaton-Harris,Commons,Assistant Whip (HM Treasury),2016-07-17,2017-06-15,333.0,2015-05-07,727.0,Conservative,Theresa May,https://id.parliament.uk/6xdB80aQ,3977,non_senior,False,regex:\bassistant whip\b
Robert,Syms,Commons,Lord Commissioner (HM Treasury) (Whip),2016-07-17,2017-06-15,333.0,2015-05-07,727.0,Conservative,Theresa May,https://id.parliament.uk/iuJ9hNVf,245,non_senior,False,regex:\bwhip\b
Caroline,Chisholm,Lords,Lords Spokesperson (Cabinet Office),2016-07-17,2016-12-21,157.0,2015-05-07,727.0,Conservative,Theresa May,https://id.parliament.uk/pLPt7rh8,4330,ambiguous,False,default
Mark,Garnier,Commons,Parliamentary Under-Secretary (Department for International Trade),2016-07-17,2018-01-09,541.0,2015-05-07,727.0,Conservative,Theresa May,https://id.parliament.uk/Z7xnYVZE,4074,non_senior,False,regex:\bparliamentary under-?secretary\b
Caroline,Dinenage,Commons,Parliamentary Under-Secretary (Department for Education),2016-07-17,2017-06-14,332.0,2015-05-07,727.0,Conservative,Theresa May,https://id.parliament.uk/SM4SE1Dh,4008,non_senior,False,regex:\bparliamentary under-?secretary\b
Paul,Maynard,Commons,Parliamentary Under-Secretary (Department for Transport),2016-07-17,2018-01-09,541.0,2015-05-07,727.0,Conservative,Theresa May,https://id.parliament.uk/hp6OdiqK,3926,non_senior,False,regex:\bparliamentary under-?secretary\b
Caroline,Nokes,Commons,Parliamentary Under-Secretary (Department for Work and Pensions),2016-07-17,2017-06-14,332.0,2015-05-07,727.0,Conservative,Theresa May,https://id.parliament.uk/HxCebLEz,4048,non_senior,False,regex:\bparliamentary under-?secretary\b
Harriett,Baldwin,Commons,Parliamentary Under-Secretary (Ministry of Defence),2016-07-17,2018-01-09,541.0,2015-05-07,727.0,Conservative,Theresa May,https://id.parliament.uk/2LUJUXE2,4107,non_senior,False,regex:\bparliamentary under-?secretary\b
Stephen,Barclay,Commons,Lord Commissioner (HM Treasury) (Whip),2016-07-17,2017-06-14,332.0,2015-05-07,727.0,Conservative,Theresa May,https://id.parliament.uk/nBemRbWt,4095,non_senior,False,regex:\bwhip\b
John,Gardiner,Lords,"Parliamentary Under-Secretary (Department for Environment, Food and Rural Affairs)",2016-07-17,2021-05-10,1758.0,2015-05-07,727.0,Conservative,Theresa May,https://id.parliament.uk/P6l9F4rP,4161,non_senior,False,regex:\bparliamentary under-?secretary\b
Alan,Duncan,Commons,Minister of State (Foreign and Commonwealth Office),2016-07-17,2019-07-22,1100.0,2015-05-07,727.0,Conservative,Theresa May,https://id.parliament.uk/ZsPq2lLF,343,ambiguous,False,regex:\bminister of state\b
Annabel,Goldie,Lords,Baroness in Waiting (HM Household) (Whip),2016-07-17,2019-07-25,1103.0,2015-05-07,727.0,Conservative,Theresa May,https://id.parliament.uk/iGyV1uk1,4306,non_senior,False,regex:\bwhip\b
Michael,Ellis,Commons,Assistant Whip (HM Treasury),2016-07-17,2018-01-09,541.0,2015-05-07,727.0,Conservative,Theresa May,https://id.parliament.uk/NYp5fsei,4116,non_senior,False,regex:\bassistant whip\b
Simon,Kirby,Commons,Economic Secretary (HM Treasury),2016-07-17,2017-05-03,290.0,2015-05-07,727.0,Conservative,Theresa May,https://id.parliament.uk/E5Ldetxx,3929,ambiguous,False,regex:\beconomic secretary\b
Michael,Ellis,Commons,Deputy Leader of the House of Commons,2016-07-17,2018-01-09,541.0,2015-05-07,727.0,Conservative,Theresa May,https://id.parliament.uk/NYp5fsei,4116,senior,True,contains:leader of the house of commons
David,Jones,Commons,Minister of State (Department for Exiting the European Union),2016-07-17,2017-06-12,330.0,2015-05-07,727.0,Conservative,Theresa May,https://id.parliament.uk/wr73COQ7,1502,ambiguous,False,regex:\bminister of state\b
Margot,James,Commons,"Parliamentary Under-Secretary (Department for Business, Energy and Industrial Strategy)",2016-07-17,2018-01-09,541.0,2015-05-07,727.0,Conservative,Theresa May,https://id.parliament.uk/v2rvEcQa,4115,non_senior,False,regex:\bparliamentary under-?secretary\b
Gavin,Barwell,Commons,"Minister of State (Department for Communities and Local Government) (Housing, Planning and London)",2016-07-17,2017-05-03,290.0,2015-05-07,727.0,Conservative,Theresa May,https://id.parliament.uk/3eQ48RSt,3955,ambiguous,False,regex:\bminister of state\b
Christopher,Pincher,Commons,Assistant Whip (HM Treasury),2016-07-17,2017-06-15,333.0,2015-05-07,727.0,Conservative,Theresa May,https://id.parliament.uk/W4hBGj4J,4075,non_senior,False,regex:\bassistant whip\b
Andrew,Percy,Commons,Parliamentary Under-Secretary (Department for Communities and Local Government),2016-07-17,2017-06-14,332.0,2015-05-07,727.0,Conservative,Theresa May,https://id.parliament.uk/L5n02mfu,3939,non_senior,False,regex:\bparliamentary under-?secretary\b
Lucy,Neville-Rolfe,Lords,"Minister of State (Department for Business, Energy and Industrial Strategy)",2016-07-17,2016-12-21,157.0,2015-05-07,727.0,Conservative,Theresa May,https://id.parliament.uk/zqao7Ovw,4284,ambiguous,False,regex:\bminister of state\b
Robert,Wilson,Commons,"Parliamentary Under-Secretary (Department for Culture, Media and Sport)",2016-07-17,2017-05-03,290.0,2015-05-07,727.0,Conservative,Theresa May,https://id.parliament.uk/huWf28V3,1556,non_senior,False,regex:\bparliamentary under-?secretary\b
Kris,Hopkins,Commons,Parliamentary Under-Secretary (Northern Ireland Office),2016-07-17,2017-05-03,290.0,2015-05-07,727.0,Conservative,Theresa May,https://id.parliament.uk/b1tl7GaP,4043,non_senior,False,regex:\bparliamentary under-?secretary\b
Julian,Smith,Commons,"Vice Chamberlain (HM Household) (Whip, House of Commons)",2016-07-17,2017-06-13,331.0,2015-05-07,727.0,Conservative,Theresa May,https://id.parliament.uk/V7RM28pf,4118,non_senior,False,regex:\bwhip\b
David,Mowat,Commons,Parliamentary Under-Secretary (Department of Health),2016-07-17,2017-05-03,290.0,2015-05-07,727.0,Conservative,Theresa May,https://id.parliament.uk/bm3TmUNL,4080,non_senior,False,regex:\bparliamentary under-?secretary\b
Christopher,Skidmore,Commons,Parliamentary Under-Secretary (Cabinet Office),2016-07-17,2018-01-08,540.0,2015-05-07,727.0,Conservative,Theresa May,https://id.parliament.uk/GBlBooSn,4021,non_senior,False,regex:\bparliamentary under-?secretary\b
Therese,Coffey,Commons,"Parliamentary Under-Secretary (Department for Environment, Food and Rural Affairs)",2016-07-17,2019-07-25,1103.0,2015-05-07,727.0,Conservative,Theresa May,https://id.parliament.uk/wsMvuOfh,4098,non_senior,False,regex:\bparliamentary under-?secretary\b
Susan,Williams,Lords,Minister of State (Home Office),2016-07-17,2022-09-06,2242.0,2015-05-07,727.0,Conservative,Theresa May,https://id.parliament.uk/9euzXdH0,4311,ambiguous,False,regex:\bminister of state\b
Samuel,Gyimah,Commons,Parliamentary Under-Secretary (Ministry of Justice),2016-07-17,2018-01-09,541.0,2015-05-07,727.0,Conservative,Theresa May,https://id.parliament.uk/WapfNXOe,3980,non_senior,False,regex:\bparliamentary under-?secretary\b
Nicholas,Bourne,Lords,Parliamentary Under-Secretary (Department for Communities and Local Government),2016-07-17,2018-01-08,540.0,2015-05-07,727.0,Conservative,Theresa May,https://id.parliament.uk/bEIsPDd1,4282,non_senior,False,regex:\bparliamentary under-?secretary\b
Stephen,Brine,Commons,Assistant Whip (HM Treasury),2016-07-17,2017-06-14,332.0,2015-05-07,727.0,Conservative,Theresa May,https://id.parliament.uk/dDfVSqO0,4067,non_senior,False,regex:\bassistant whip\b
Sarah,Newton,Commons,Parliamentary Under-Secretary (Home Office),2016-07-17,2017-11-09,480.0,2015-05-07,727.0,Conservative,Theresa May,https://id.parliament.uk/GnZTW5nB,4071,non_senior,False,regex:\bparliamentary under-?secretary\b
Andrew,Griffiths,Commons,Lord Commissioner (HM Treasury) (Whip),2016-07-17,2018-01-09,541.0,2015-05-07,727.0,Conservative,Theresa May,https://id.parliament.uk/45sPuDr6,3936,non_senior,False,regex:\bwhip\b
Alok,Sharma,Commons,Parliamentary Under-Secretary (Foreign and Commonwealth Office),2016-07-17,2017-06-13,331.0,2015-05-07,727.0,Conservative,Theresa May,https://id.parliament.uk/FyvJWi3Q,4014,non_senior,False,regex:\bparliamentary under-?secretary\b
James,Bridges,Lords,Parliamentary Under-Secretary (Department for Exiting the European Union),2016-07-17,2017-06-14,332.0,2015-05-07,727.0,Conservative,Theresa May,https://id.parliament.uk/Wt1PL6op,4535,non_senior,False,regex:\bparliamentary under-?secretary\b
Heather,Wheeler,Commons,Assistant Whip (HM Treasury),2016-07-17,2017-06-15,333.0,2015-05-07,727.0,Conservative,Theresa May,https://id.parliament.uk/hGqCOo3s,4053,non_senior,False,regex:\bassistant whip\b
Richard,Harrington,Commons,Parliamentary Under-Secretary (Department for Work and Pensions),2016-07-17,2017-06-14,332.0,2015-05-07,727.0,Conservative,Theresa May,https://id.parliament.uk/z6VN5jkf,4068,non_senior,False,regex:\bparliamentary under-?secretary\b
Thomas,Ashton,Lords,"Parliamentary Under-Secretary (Department for Culture, Media and Sport)",2016-07-17,2017-07-03,351.0,2015-05-07,727.0,Conservative,Theresa May,https://id.parliament.uk/QppbmtaE,4247,non_senior,False,regex:\bparliamentary under-?secretary\b
Robin,Walker,Commons,Parliamentary Under-Secretary (Department for Exiting the European Union),2016-07-17,2019-07-26,1104.0,2015-05-07,727.0,Conservative,Theresa May,https://id.parliament.uk/xHiXJi7s,4091,non_senior,False,regex:\bparliamentary under-?secretary\b
James,Wharton,Commons,Parliamentary Under-Secretary (Department for International Development),2016-07-17,2017-06-12,330.0,2015-05-07,727.0,Conservative,Theresa May,https://id.parliament.uk/OUD1KuPA,4123,non_senior,False,regex:\bparliamentary under-?secretary\b
Robert,Halfon,Commons,Minister of State (Department of Education) (Apprenticeships and Skills),2016-07-17,2017-06-12,330.0,2015-05-07,727.0,Conservative,Theresa May,https://id.parliament.uk/bXvFDLTW,3985,ambiguous,False,regex:\bminister of state\b
Robert,Wallace,Commons,Minister of State (Home Office) (Security),2016-07-17,2019-07-24,1102.0,2015-05-07,727.0,Conservative,Theresa May,https://id.parliament.uk/5BbmGpsu,1539,ambiguous,False,regex:\bminister of state\b
James,Stopford,Lords,"Captain of the Queen's Bodyguard of the Yeomen of the Guard (HM Household) (Deputy Chief Whip, House of Lords)",2016-07-17,2024-07-05,2910.0,2015-05-07,727.0,Conservative,Theresa May,https://id.parliament.uk/Gw31GbqW,3359,non_senior,False,regex:\bwhip\b
Alexander,Norman,Commons,"Parliamentary Under-Secretary (Department for Business, Energy and Industrial Strategy)",2016-07-18,2017-06-14,331.0,2015-05-07,727.0,Conservative,Theresa May,https://id.parliament.uk/m3Dx06Vx,3991,non_senior,False,regex:\bparliamentary under-?secretary\b
James,Younger,Lords,Lords Spokesperson (Department for Education) (Higher Education),2016-07-18,2017-06-14,331.0,2015-05-07,727.0,Conservative,Theresa May,https://id.parliament.uk/pL1nOvPY,4169,ambiguous,False,default
Melvyn,Stride,Commons,"Comptroller (HM Household) (Deputy Chief Whip, House of Commons)",2016-07-18,2017-06-12,329.0,2015-05-07,727.0,Conservative,Theresa May,https://id.parliament.uk/dEAJKHTK,3935,non_senior,False,regex:\bwhip\b
Richard,Keen,Lords,Lords Spokesperson (Ministry of Justice),2016-07-18,2020-09-16,1521.0,2015-05-07,727.0,Conservative,Theresa May,https://id.parliament.uk/QZgZGQsY,4538,ambiguous,False,default
George,Young,Lords,Lord in Waiting (HM Household) (Whip),2016-07-25,2019-08-29,1130.0,2015-05-07,727.0,Conservative,Theresa May,https://id.parliament.uk/9mJigEyv,57,non_senior,False,regex:\bwhip\b
Michael,Bates,Lords,Minister of State (Department for International Development),2016-10-14,2019-04-23,921.0,2015-05-07,727.0,Conservative,Theresa May,https://id.parliament.uk/BZvoqdyu,1091,ambiguous,False,regex:\bminister of state\b
Oliver,Eden,Lords,Lord in Waiting (HM Household) (Whip),2016-11-21,2017-06-15,206.0,2015-05-07,727.0,Conservative,Theresa May,https://id.parliament.uk/aDv4Y6kY,2616,non_senior,False,regex:\bwhip\b
Charlotte,Vere,Lords,Baroness in Waiting (HM Household) (Whip),2016-12-21,2019-07-26,947.0,2015-05-07,727.0,Conservative,Theresa May,https://id.parliament.uk/A9lFjU0c,4580,non_senior,False,regex:\bwhip\b
Lucy,Neville-Rolfe,Lords,Commercial Secretary (Minister of State) (HM Treasury),2016-12-21,2017-06-13,174.0,2015-05-07,727.0,Conservative,Theresa May,https://id.parliament.uk/zqao7Ovw,4284,ambiguous,False,regex:\bminister of state\b
David,Prior,Lords,"Parliamentary Under-Secretary (Department for Business, Energy and Industrial Strategy)",2016-12-21,2017-10-27,310.0,2015-05-07,727.0,Conservative,Theresa May,https://id.parliament.uk/VwHAawZ7,127,non_senior,False,regex:\bparliamentary under-?secretary\b
Oliver,Eden,Lords,Parliamentary Under-Secretary (Department for Work and Pensions),2016-12-21,2017-06-15,176.0,2015-05-07,727.0,Conservative,Theresa May,https://id.parliament.uk/aDv4Y6kY,2616,non_senior,False,regex:\bparliamentary under-?secretary\b
James,O'Shaughnessy,Lords,Parliamentary Under-Secretary (Department of Health),2016-12-21,2018-01-08,383.0,2015-05-07,727.0,Conservative,Theresa May,https://id.parliament.uk/WCvs6ZnX,4545,non_senior,False,regex:\bparliamentary under-?secretary\b
Peta,Buscombe,Lords,Baroness in Waiting (HM Household) (Whip),2016-12-21,2017-06-15,176.0,2015-05-07,727.0,Conservative,Theresa May,https://id.parliament.uk/yRcaLoKA,3349,non_senior,False,regex:\bwhip\b
James,O'Shaughnessy,Lords,Lord in Waiting (HM Household) (Whip),2016-12-21,2017-06-20,181.0,2015-05-07,727.0,Conservative,Theresa May,https://id.parliament.uk/WCvs6ZnX,4545,non_senior,False,regex:\bwhip\b
George,Young,Lords,Lords Spokesperson (Cabinet Office),2017-01-03,2019-08-29,968.0,2015-05-07,727.0,Conservative,Theresa May,https://id.parliament.uk/9mJigEyv,57,ambiguous,False,default
Andrea,Leadsom,Commons,Lord President of the Council and Leader of the House of Commons,2017-06-11,2019-05-22,710.0,2017-06-08,881.0,Conservative,Theresa May,https://id.parliament.uk/V37kYFxZ,4117,senior,True,contains:lord president of the council
Elizabeth,Truss,Commons,Chief Secretary to the Treasury,2017-06-11,2019-07-24,773.0,2017-06-08,881.0,Conservative,Theresa May,https://id.parliament.uk/dQvfKfAo,4097,senior,True,contains:chief secretary to the treasury
Damian,Green,Commons,First Secretary of State and Minister for the Cabinet Office,2017-06-11,2017-12-20,192.0,2017-06-08,881.0,Conservative,Theresa May,https://id.parliament.uk/72qlmbBV,76,senior,True,contains:secretary of state
Michael,Gove,Commons,"Secretary of State for Environment, Food and Rural Affairs",2017-06-11,2019-07-24,773.0,2017-06-08,881.0,Conservative,Theresa May,https://id.parliament.uk/0K7kX33I,1571,senior,True,contains:secretary of state
Brandon,Lewis,Commons,Minister of State (Home Office) (Immigration),2017-06-11,2018-01-08,211.0,2017-06-08,881.0,Conservative,Theresa May,https://id.parliament.uk/C91rcqgY,4009,ambiguous,False,regex:\bminister of state\b
David,Lidington,Commons,Lord Chancellor and Secretary of State for Justice,2017-06-11,2018-01-08,211.0,2017-06-08,881.0,Conservative,Theresa May,https://id.parliament.uk/EPhidb9p,15,senior,True,contains:lord chancellor
David,Gauke,Commons,Secretary of State for Work and Pensions,2017-06-11,2018-01-08,211.0,2017-06-08,881.0,Conservative,Theresa May,https://id.parliament.uk/iavMcgms,1529,senior,True,contains:secretary of state
Nicholas,Hurd,Commons,Minister of State (Home Office),2017-06-12,2019-07-25,773.0,2017-06-08,881.0,Conservative,Theresa May,https://id.parliament.uk/nXTZ5A4D,1561,ambiguous,False,regex:\bminister of state\b
Anne,Milton,Commons,Minister of State (Education),2017-06-12,2019-07-23,771.0,2017-06-08,881.0,Conservative,Theresa May,https://id.parliament.uk/A0LvTNMZ,1523,ambiguous,False,regex:\bminister of state\b
Claire,Perry,Commons,"Minister of State (Business, Energy and Industrial Strategy) (Energy and Clean Growth)",2017-06-12,2019-07-25,773.0,2017-06-08,881.0,Conservative,Theresa May,https://id.parliament.uk/3BxUtAOr,3974,ambiguous,False,regex:\bminister of state\b
Melvyn,Stride,Commons,Financial Secretary to the Treasury and Paymaster General,2017-06-12,2019-05-23,710.0,2017-06-08,881.0,Conservative,Theresa May,https://id.parliament.uk/dEAJKHTK,3935,ambiguous,False,regex:\bfinancial secretary\b
Robert,Goodwill,Commons,Minister of State (Education),2017-06-12,2018-01-09,211.0,2017-06-08,881.0,Conservative,Theresa May,https://id.parliament.uk/tXbYU8RO,1562,ambiguous,False,regex:\bminister of state\b
Joyce,Anelay,Lords,Minister of State (Department for Exiting the European Union),2017-06-12,2017-10-27,137.0,2017-06-08,881.0,Conservative,Theresa May,https://id.parliament.uk/6uKzYpoj,3474,ambiguous,False,regex:\bminister of state\b
Alistair,Burt,Commons,Minister of State (Foreign and Commonwealth Office) (Joint with the Department for International Development),2017-06-13,2019-03-25,650.0,2017-06-08,881.0,Conservative,Theresa May,https://id.parliament.uk/OxbSuAew,1201,ambiguous,False,regex:\bminister of state\b
Steven,Baker,Commons,Parliamentary Under-Secretary (Department for Exiting the European Union),2017-06-13,2018-07-08,390.0,2017-06-08,881.0,Conservative,Theresa May,https://id.parliament.uk/LQYyrSHJ,4064,non_senior,False,regex:\bparliamentary under-?secretary\b
Gregory,Hands,Commons,Minister of State (Department for International Trade) (and Minister for London),2017-06-13,2018-01-09,210.0,2017-06-08,881.0,Conservative,Theresa May,https://id.parliament.uk/7Tsbxzkf,1526,ambiguous,False,regex:\bminister of state\b
Julian,Smith,Commons,"Treasurer of HM Household (Deputy Chief Whip, House of Commons)",2017-06-13,2017-11-02,142.0,2017-06-08,881.0,Conservative,Theresa May,https://id.parliament.uk/V7RM28pf,4118,non_senior,False,regex:\bwhip\b
Roderick,Stewart,Commons,Minister of State (Department for International Development) (Joint with the Foreign and Commonwealth Office),2017-06-13,2018-01-09,210.0,2017-06-08,881.0,Conservative,Theresa May,https://id.parliament.uk/AXsJ7KXj,4137,ambiguous,False,regex:\bminister of state\b
Roderick,Stewart,Commons,Minister of State (Foreign and Commonwealth Office) (Joint with the Department for International Development),2017-06-13,2018-01-09,210.0,2017-06-08,881.0,Conservative,Theresa May,https://id.parliament.uk/AXsJ7KXj,4137,ambiguous,False,regex:\bminister of state\b
Mark,Lancaster,Commons,Minister of State (Ministry of Defence),2017-06-13,2019-12-12,912.0,2017-06-08,881.0,Conservative,Theresa May,https://id.parliament.uk/jbphoOAr,1544,ambiguous,False,regex:\bminister of state\b
Alok,Sharma,Commons,Minister of State (Communities and Local Government),2017-06-13,2018-01-09,210.0,2017-06-08,881.0,Conservative,Theresa May,https://id.parliament.uk/FyvJWi3Q,4014,ambiguous,False,regex:\bminister of state\b
Dominic,Raab,Commons,Minister of State (Ministry of Justice),2017-06-13,2018-01-09,210.0,2017-06-08,881.0,Conservative,Theresa May,https://id.parliament.uk/zjs8wUR3,4007,ambiguous,False,regex:\bminister of state\b
Mark,Field,Commons,Minister of State (Foreign and Commonwealth Office),2017-06-13,2019-07-25,772.0,2017-06-08,881.0,Conservative,Theresa May,https://id.parliament.uk/rk95p4uH,1405,ambiguous,False,regex:\bminister of state\b
Alistair,Burt,Commons,Minister of State (Department for International Development) (Joint with the Foreign and Commonwealth Office),2017-06-13,2019-03-25,650.0,2017-06-08,881.0,Conservative,Theresa May,https://id.parliament.uk/OxbSuAew,1201,ambiguous,False,regex:\bminister of state\b
Tariq,Ahmad,Lords,Minister of State (Foreign and Commonwealth Office),2017-06-13,2020-09-02,1177.0,2017-06-08,881.0,Conservative,Theresa May,https://id.parliament.uk/ay1P3rz4,4210,ambiguous,False,regex:\bminister of state\b
Tobias,Ellwood,Commons,Parliamentary Under-Secretary (Ministry of Defence),2017-06-14,2019-07-27,773.0,2017-06-08,881.0,Conservative,Theresa May,https://id.parliament.uk/lcCpkkJg,1487,non_senior,False,regex:\bparliamentary under-?secretary\b
Jacqueline,Doyle-Price,Commons,Parliamentary Under-Secretary (Department of Health),2017-06-14,2018-01-08,208.0,2017-06-08,881.0,Conservative,Theresa May,https://id.parliament.uk/M9UpoF65,4065,non_senior,False,regex:\bparliamentary under-?secretary\b
Martin,Callanan,Lords,Parliamentary Under-Secretary (Department for Transport),2017-06-14,2017-10-27,135.0,2017-06-08,881.0,Conservative,Theresa May,https://id.parliament.uk/whOXGIBF,4336,non_senior,False,regex:\bparliamentary under-?secretary\b
Caroline,Nokes,Commons,Parliamentary Under-Secretary (Cabinet Office),2017-06-14,2018-01-08,208.0,2017-06-08,881.0,Conservative,Theresa May,https://id.parliament.uk/HxCebLEz,4048,non_senior,False,regex:\bparliamentary under-?secretary\b
Caroline,Dinenage,Commons,Parliamentary Under-Secretary (Department for Work and Pensions),2017-06-14,2018-01-09,209.0,2017-06-08,881.0,Conservative,Theresa May,https://id.parliament.uk/SM4SE1Dh,4008,non_senior,False,regex:\bparliamentary under-?secretary\b
Stephen,Barclay,Commons,Economic Secretary (HM Treasury),2017-06-14,2018-01-09,209.0,2017-06-08,881.0,Conservative,Theresa May,https://id.parliament.uk/nBemRbWt,4095,ambiguous,False,regex:\beconomic secretary\b
Alexander,Norman,Commons,Parliamentary Under-Secretary (Department for Transport),2017-06-14,2018-11-09,513.0,2017-06-08,881.0,Conservative,Theresa May,https://id.parliament.uk/m3Dx06Vx,3991,non_senior,False,regex:\bparliamentary under-?secretary\b
John,Glen,Commons,"Parliamentary Under-Secretary (Department for Culture, Media and Sport)",2017-06-14,2017-07-03,19.0,2017-06-08,881.0,Conservative,Theresa May,https://id.parliament.uk/26NskGIS,4051,non_senior,False,regex:\bparliamentary under-?secretary\b
Stephen,Brine,Commons,Parliamentary Under-Secretary (Department of Health),2017-06-14,2018-01-08,208.0,2017-06-08,881.0,Conservative,Theresa May,https://id.parliament.uk/dDfVSqO0,4067,non_senior,False,regex:\bparliamentary under-?secretary\b
Chloe,Smith,Commons,Parliamentary Under-Secretary (Northern Ireland Office),2017-06-14,2018-01-09,209.0,2017-06-08,881.0,Conservative,Theresa May,https://id.parliament.uk/trjrjVxb,1609,non_senior,False,regex:\bparliamentary under-?secretary\b
Richard,Harrington,Commons,"Parliamentary Under-Secretary (Department for Business, Energy and Industrial Strategy)",2017-06-14,2019-03-25,649.0,2017-06-08,881.0,Conservative,Theresa May,https://id.parliament.uk/z6VN5jkf,4068,non_senior,False,regex:\bparliamentary under-?secretary\b
Guy,Opperman,Commons,Parliamentary Under-Secretary (Department for Work and Pensions),2017-06-14,2022-07-07,1849.0,2017-06-08,881.0,Conservative,Theresa May,https://id.parliament.uk/KRgnTeJ7,4142,non_senior,False,regex:\bparliamentary under-?secretary\b
James,Berry,Commons,Parliamentary Under-Secretary (Department for Communities and Local Government),2017-06-14,2018-01-08,208.0,2017-06-08,881.0,Conservative,Theresa May,https://id.parliament.uk/9M7c9HIy,4060,non_senior,False,regex:\bparliamentary under-?secretary\b
Nicholas,Bourne,Lords,Parliamentary Under-Secretary (Northern Ireland Office),2017-06-14,2017-10-27,135.0,2017-06-08,881.0,Conservative,Theresa May,https://id.parliament.uk/bEIsPDd1,4282,non_senior,False,regex:\bparliamentary under-?secretary\b
Craig,Whittaker,Commons,Assistant Whip (HM Treasury),2017-06-15,2018-01-09,208.0,2017-06-08,881.0,Conservative,Theresa May,https://id.parliament.uk/kX4bGw43,3940,non_senior,False,regex:\bassistant whip\b
Heather,Wheeler,Commons,Lord Commissioner (HM Treasury) (Whip),2017-06-15,2018-01-09,208.0,2017-06-08,881.0,Conservative,Theresa May,https://id.parliament.uk/hGqCOo3s,4053,non_senior,False,regex:\bwhip\b
Peta,Buscombe,Lords,Parliamentary Under-Secretary (Department for Work and Pensions),2017-06-15,2019-07-30,775.0,2017-06-08,881.0,Conservative,Theresa May,https://id.parliament.uk/yRcaLoKA,3349,non_senior,False,regex:\bparliamentary under-?secretary\b
Andrew,Stephenson,Commons,Assistant Whip (HM Treasury),2017-06-15,2018-01-09,208.0,2017-06-08,881.0,Conservative,Theresa May,https://id.parliament.uk/xPajTduv,4044,non_senior,False,regex:\bassistant whip\b
Nigel,Adams,Commons,Assistant Whip (HM Treasury),2017-06-15,2018-01-09,208.0,2017-06-08,881.0,Conservative,Theresa May,https://id.parliament.uk/iPAQq1CK,4057,non_senior,False,regex:\bassistant whip\b
Christopher,Heaton-Harris,Commons,"Vice Chamberlain (HM Household) (Whip, House of Commons)",2017-06-15,2018-01-09,208.0,2017-06-08,881.0,Conservative,Theresa May,https://id.parliament.uk/6xdB80aQ,3977,non_senior,False,regex:\bwhip\b
Stuart,Andrew,Commons,Assistant Whip (HM Treasury),2017-06-15,2018-07-19,399.0,2017-06-08,881.0,Conservative,Theresa May,https://id.parliament.uk/Gi80AXwX,4032,non_senior,False,regex:\bassistant whip\b
Andrew,Jones,Commons,Exchequer Secretary (HM Treasury),2017-06-15,2018-01-08,207.0,2017-06-08,881.0,Conservative,Theresa May,https://id.parliament.uk/Gs2gaawW,3996,ambiguous,False,default
Rebecca,Harris,Commons,Assistant Whip (HM Treasury),2017-06-15,2018-01-09,208.0,2017-06-08,881.0,Conservative,Theresa May,https://id.parliament.uk/pyF90GL4,3948,non_senior,False,regex:\bassistant whip\b
Michael,Freer,Commons,Assistant Whip (HM Treasury),2017-06-15,2018-07-26,406.0,2017-06-08,881.0,Conservative,Theresa May,https://id.parliament.uk/aNKrLGEh,4004,non_senior,False,regex:\bassistant whip\b
Christopher,Pincher,Commons,"Comptroller (HM Household) (Whip, House of Commons)",2017-06-15,2017-11-05,143.0,2017-06-08,881.0,Conservative,Theresa May,https://id.parliament.uk/W4hBGj4J,4075,non_senior,False,regex:\bwhip\b
David,Rutley,Commons,Lord Commissioner (HM Treasury) (Whip),2017-06-15,2021-09-17,1555.0,2017-06-08,881.0,Conservative,Theresa May,https://id.parliament.uk/ddPvPaAc,4033,non_senior,False,regex:\bwhip\b
Mark,Spencer,Commons,Lord Commissioner (HM Treasury) (Whip),2017-06-15,2018-01-09,208.0,2017-06-08,881.0,Conservative,Theresa May,https://id.parliament.uk/YWnDvo84,4055,non_senior,False,regex:\bwhip\b
Chloe,Smith,Commons,Assistant Whip (HM Treasury),2017-06-15,2018-01-09,208.0,2017-06-08,881.0,Conservative,Theresa May,https://id.parliament.uk/trjrjVxb,1609,non_senior,False,regex:\bassistant whip\b
Elizabeth,Sugg,Lords,Baroness in Waiting (HM Household) (Whip),2017-06-20,2017-10-27,129.0,2017-06-08,881.0,Conservative,Theresa May,https://id.parliament.uk/VZwvJGkO,4584,non_senior,False,regex:\bwhip\b
Ian,Duncan,Lords,Parliamentary Under-Secretary (Scotland Office),2017-06-20,2019-07-25,765.0,2017-06-08,881.0,,Theresa May,https://id.parliament.uk/P2tWlrey,4686,non_senior,False,regex:\bparliamentary under-?secretary\b
Ian,Duncan,Lords,Parliamentary Under-Secretary (Wales Office),2017-06-20,2017-10-27,129.0,2017-06-08,881.0,,Theresa May,https://id.parliament.uk/P2tWlrey,4686,non_senior,False,regex:\bparliamentary under-?secretary\b
Caroline,Chisholm,Lords,Baroness in Waiting (HM Household) (Whip),2017-06-20,2018-03-29,282.0,2017-06-08,881.0,Conservative,Theresa May,https://id.parliament.uk/pLPt7rh8,4330,non_senior,False,regex:\bwhip\b
Tracey,Crouch,Commons,"Parliamentary Under-Secretary (Department for Digital, Culture, Media and Sport)",2017-07-03,2018-11-01,486.0,2017-06-08,881.0,Conservative,Theresa May,https://id.parliament.uk/cNsdXWAb,3950,non_senior,False,regex:\bparliamentary under-?secretary\b
Matthew,Hancock,Commons,"Minister of State (Department for Digital, Culture, Media and Sport) (Digital Policy)",2017-07-03,2018-01-08,189.0,2017-06-08,881.0,Conservative,Theresa May,https://id.parliament.uk/JgAyn8BZ,4070,ambiguous,False,regex:\bminister of state\b
John,Glen,Commons,"Parliamentary Under-Secretary (Department for Digital, Culture, Media and Sport)",2017-07-03,2018-01-09,190.0,2017-06-08,881.0,Conservative,Theresa May,https://id.parliament.uk/26NskGIS,4051,non_senior,False,regex:\bparliamentary under-?secretary\b
Karen,Bradley,Commons,"Secretary of State for Digital, Culture, Media and Sport",2017-07-03,2018-01-08,189.0,2017-06-08,881.0,Conservative,Theresa May,https://id.parliament.uk/PHtNfRSA,4110,senior,True,contains:secretary of state
Anne,Milton,Commons,Minister for Women,2017-07-03,2018-01-16,197.0,2017-06-08,881.0,Conservative,Theresa May,https://id.parliament.uk/A0LvTNMZ,1523,ambiguous,False,regex:\bminister for\b
Thomas,Ashton,Lords,"Parliamentary Under-Secretary (Department for Digital, Culture, Media and Sport)",2017-07-03,2019-07-26,753.0,2017-06-08,881.0,Conservative,Theresa May,https://id.parliament.uk/QppbmtaE,4247,non_senior,False,regex:\bparliamentary under-?secretary\b
Rona,Fairhead,Lords,Minister of State (Department for International Trade),2017-09-28,2019-05-07,586.0,2017-06-08,881.0,,Theresa May,https://id.parliament.uk/L8YqT2uk,4690,ambiguous,False,regex:\bminister of state\b
Theodore,Agnew,Lords,Parliamentary Under-Secretary (Department for Education),2017-09-28,2020-02-13,868.0,2017-06-08,881.0,,Theresa May,https://id.parliament.uk/XR61M9aP,4689,non_senior,False,regex:\bparliamentary under-?secretary\b
Ian,Duncan,Lords,Parliamentary Under-Secretary (Northern Ireland Office),2017-10-27,2020-02-13,839.0,2017-06-08,881.0,Conservative,Theresa May,https://id.parliament.uk/P2tWlrey,4686,non_senior,False,regex:\bparliamentary under-?secretary\b
Deborah,Stedman-Scott,Lords,Baroness in Waiting (HM Household) (Whip),2017-10-27,2019-07-29,640.0,2017-06-08,881.0,Conservative,Theresa May,https://id.parliament.uk/vWas5sC8,4174,non_senior,False,regex:\bwhip\b
Nicholas,Bourne,Lords,Parliamentary Under-Secretary (Wales Office),2017-10-27,2019-07-24,635.0,2017-06-08,881.0,Conservative,Theresa May,https://id.parliament.uk/bEIsPDd1,4282,non_senior,False,regex:\bparliamentary under-?secretary\b
Martin,Callanan,Lords,Minister of State (Department for Exiting the European Union),2017-10-27,2020-02-12,838.0,2017-06-08,881.0,Conservative,Theresa May,https://id.parliament.uk/whOXGIBF,4336,ambiguous,False,regex:\bminister of state\b
Elizabeth,Sugg,Lords,Parliamentary Under-Secretary (Department for Transport),2017-10-27,2019-04-23,543.0,2017-06-08,881.0,Conservative,Theresa May,https://id.parliament.uk/VZwvJGkO,4584,non_senior,False,regex:\bparliamentary under-?secretary\b
Oliver,Eden,Lords,"Parliamentary Under-Secretary (Department for Business, Energy and Industrial Strategy)",2017-10-27,2019-07-26,637.0,2017-06-08,881.0,Conservative,Theresa May,https://id.parliament.uk/aDv4Y6kY,2616,non_senior,False,regex:\bparliamentary under-?secretary\b
Esther,McVey,Commons,"Treasurer of HM Household (Deputy Chief Whip, House of Commons)",2017-11-02,2018-01-08,67.0,2017-06-08,881.0,Conservative,Theresa May,https://id.parliament.uk/Hxki00jc,4084,non_senior,False,regex:\bwhip\b
Julian,Smith,Commons,Parliamentary Secretary to the Treasury and Chief Whip,2017-11-02,2019-07-24,629.0,2017-06-08,881.0,Conservative,Theresa May,https://id.parliament.uk/V7RM28pf,4118,non_senior,False,regex:\bparliamentary secretary\b
Gavin,Williamson,Commons,Secretary of State for Defence,2017-11-02,2019-05-01,545.0,2017-06-08,881.0,Conservative,Theresa May,https://id.parliament.uk/bgjHDpQ8,4108,senior,True,contains:secretary of state
Penelope,Mordaunt,Commons,Secretary of State for International Development,2017-11-09,2019-05-01,538.0,2017-06-08,881.0,Conservative,Theresa May,https://id.parliament.uk/RMNQDZri,4017,senior,True,contains:secretary of state
Victoria,Atkins,Commons,Parliamentary Under-Secretary (Home Office),2017-11-09,2021-09-16,1407.0,2017-06-08,881.0,Conservative,Theresa May,https://id.parliament.uk/QAHSUmv8,4399,non_senior,False,regex:\bparliamentary under-?secretary\b
Sarah,Newton,Commons,Minister of State (Department for Work and Pensions),2017-11-09,2019-03-13,489.0,2017-06-08,881.0,Conservative,Theresa May,https://id.parliament.uk/GnZTW5nB,4071,ambiguous,False,regex:\bminister of state\b
Jeremy,Hunt,Commons,Secretary of State for Health and Social Care,2018-01-08,2018-07-09,182.0,2017-06-08,881.0,Conservative,Theresa May,https://id.parliament.uk/x6FOPcns,1572,senior,True,contains:secretary of state
David,Gauke,Commons,Lord Chancellor and Secretary of State for Justice,2018-01-08,2019-07-24,562.0,2017-06-08,881.0,Conservative,Theresa May,https://id.parliament.uk/iavMcgms,1529,senior,True,contains:lord chancellor
Esther,McVey,Commons,Secretary of State for Work and Pensions,2018-01-08,2018-11-15,311.0,2017-06-08,881.0,Conservative,Theresa May,https://id.parliament.uk/Hxki00jc,4084,senior,True,contains:secretary of state
Stephen,Brine,Commons,Parliamentary Under-Secretary (Department of Health and Social Care),2018-01-08,2019-03-25,441.0,2017-06-08,881.0,Conservative,Theresa May,https://id.parliament.uk/dDfVSqO0,4067,non_senior,False,regex:\bparliamentary under-?secretary\b
Caroline,Nokes,Commons,Minister of State (Home Office) (Immigration),2018-01-08,2019-07-24,562.0,2017-06-08,881.0,Conservative,Theresa May,https://id.parliament.uk/HxCebLEz,4048,ambiguous,False,regex:\bminister of state\b
Nicholas,Bourne,Lords,"Parliamentary Under-Secretary (Housing, Communities and Local Government)",2018-01-08,2019-07-24,562.0,2017-06-08,881.0,Conservative,Theresa May,https://id.parliament.uk/bEIsPDd1,4282,non_senior,False,regex:\bparliamentary under-?secretary\b
Damian,Hinds,Commons,Secretary of State for Education,2018-01-08,2019-07-24,562.0,2017-06-08,881.0,Conservative,Theresa May,https://id.parliament.uk/3KZvvnyo,3969,senior,True,contains:secretary of state
Sajid,Javid,Commons,"Secretary of State for Housing, Communities and Local Government",2018-01-08,2018-04-30,112.0,2017-06-08,881.0,Conservative,Theresa May,https://id.parliament.uk/YHylN7q7,3945,senior,True,contains:secretary of state
Matthew,Hancock,Commons,"Secretary of State for Digital, Culture, Media and Sport",2018-01-08,2018-07-09,182.0,2017-06-08,881.0,Conservative,Theresa May,https://id.parliament.uk/JgAyn8BZ,4070,senior,True,contains:secretary of state
Karen,Bradley,Commons,Secretary of State for Northern Ireland,2018-01-08,2019-07-24,562.0,2017-06-08,881.0,Conservative,Theresa May,https://id.parliament.uk/PHtNfRSA,4110,senior,True,contains:secretary of state
James,Berry,Commons,"Parliamentary Under-Secretary (Housing, Communities and Local Government)",2018-01-08,2019-07-25,563.0,2017-06-08,881.0,Conservative,Theresa May,https://id.parliament.uk/9M7c9HIy,4060,non_senior,False,regex:\bparliamentary under-?secretary\b
Jacqueline,Doyle-Price,Commons,Parliamentary Under-Secretary (Department of Health and Social Care),2018-01-08,2019-07-26,564.0,2017-06-08,881.0,Conservative,Theresa May,https://id.parliament.uk/M9UpoF65,4065,non_senior,False,regex:\bparliamentary under-?secretary\b
James,O'Shaughnessy,Lords,Parliamentary Under-Secretary (Department of Health and Social Care),2018-01-08,2018-12-31,357.0,2017-06-08,881.0,Conservative,Theresa May,https://id.parliament.uk/WCvs6ZnX,4545,non_senior,False,regex:\bparliamentary under-?secretary\b
David,Lidington,Commons,Minister of State (Cabinet Office),2018-01-08,2019-07-24,562.0,2017-06-08,881.0,Conservative,Theresa May,https://id.parliament.uk/EPhidb9p,15,ambiguous,False,regex:\bminister of state\b
David,Lidington,Commons,Chancellor of the Duchy of Lancaster,2018-01-08,2019-07-24,562.0,2017-06-08,881.0,Conservative,Theresa May,https://id.parliament.uk/EPhidb9p,15,senior,True,contains:chancellor of the duchy of lancaster
Andrew,Griffiths,Commons,"Parliamentary Under-Secretary (Department for Business, Energy and Industrial Strategy)",2018-01-09,2018-07-14,186.0,2017-06-08,881.0,Conservative,Theresa May,https://id.parliament.uk/45sPuDr6,3936,non_senior,False,regex:\bparliamentary under-?secretary\b
Stephen,Barclay,Commons,Minister of State (Department of Health and Social Care),2018-01-09,2018-11-16,311.0,2017-06-08,881.0,Conservative,Theresa May,https://id.parliament.uk/nBemRbWt,4095,ambiguous,False,regex:\bminister of state\b
Gregory,Hands,Commons,Minister of State (Department for International Trade),2018-01-09,2018-06-21,163.0,2017-06-08,881.0,Conservative,Theresa May,https://id.parliament.uk/7Tsbxzkf,1526,ambiguous,False,regex:\bminister of state\b
Christopher,Pincher,Commons,"Treasurer of HM Household (Deputy Chief Whip, House of Commons)",2018-01-09,2019-07-25,562.0,2017-06-08,881.0,Conservative,Theresa May,https://id.parliament.uk/W4hBGj4J,4075,non_senior,False,regex:\bwhip\b
Nusrat,Ul-Ghani,Commons,Parliamentary Under-Secretary (Department for Transport),2018-01-09,2020-02-13,765.0,2017-06-08,881.0,Conservative,Theresa May,https://id.parliament.uk/g9m5rSVd,4460,non_senior,False,regex:\bparliamentary under-?secretary\b
Dominic,Raab,Commons,"Minister of State (Housing, Communities and Local Government)",2018-01-09,2018-07-09,181.0,2017-06-08,881.0,Conservative,Theresa May,https://id.parliament.uk/zjs8wUR3,4007,ambiguous,False,regex:\bminister of state\b
Guto,Bebb,Commons,Parliamentary Under-Secretary (Ministry of Defence),2018-01-09,2018-07-16,188.0,2017-06-08,881.0,Conservative,Theresa May,https://id.parliament.uk/lkfzGvnx,3910,non_senior,False,regex:\bparliamentary under-?secretary\b
Kelly,Tolhurst,Commons,Assistant Whip (HM Treasury),2018-01-09,2018-07-19,191.0,2017-06-08,881.0,Conservative,Theresa May,https://id.parliament.uk/l2T1nZKg,4487,non_senior,False,regex:\bassistant whip\b
Nusrat,Ul-Ghani,Commons,Assistant Whip (HM Treasury),2018-01-09,2019-07-11,548.0,2017-06-08,881.0,Conservative,Theresa May,https://id.parliament.uk/g9m5rSVd,4460,non_senior,False,regex:\bassistant whip\b
Samuel,Gyimah,Commons,"Minister of State (Business, Energy and Industrial Strategy) (Higher Education)",2018-01-09,2018-12-02,327.0,2017-06-08,881.0,Conservative,Theresa May,https://id.parliament.uk/WapfNXOe,3980,ambiguous,False,regex:\bminister of state\b
Amber,Rudd,Commons,Minister for Women and Equalities,2018-01-09,2018-04-29,110.0,2017-06-08,881.0,Conservative,Theresa May,https://id.parliament.uk/sSNJW42u,3983,ambiguous,False,regex:\bminister for\b
Samuel,Gyimah,Commons,Minister of State (Education),2018-01-09,2018-12-02,327.0,2017-06-08,881.0,Conservative,Theresa May,https://id.parliament.uk/WapfNXOe,3980,ambiguous,False,regex:\bminister of state\b
Sue-Ellen,Braverman,Commons,Parliamentary Under-Secretary (Department for Exiting the European Union),2018-01-09,2018-11-15,310.0,2017-06-08,881.0,Conservative,Theresa May,https://id.parliament.uk/jlAAlWAo,4475,non_senior,False,regex:\bparliamentary under-?secretary\b
Christopher,Heaton-Harris,Commons,"Comptroller (HM Household) (Whip, House of Commons)",2018-01-09,2018-07-09,181.0,2017-06-08,881.0,Conservative,Theresa May,https://id.parliament.uk/6xdB80aQ,3977,non_senior,False,regex:\bwhip\b
Rebecca,Harris,Commons,Lord Commissioner (HM Treasury) (Whip),2018-01-09,2022-07-07,1640.0,2017-06-08,881.0,Conservative,Theresa May,https://id.parliament.uk/pyF90GL4,3948,non_senior,False,regex:\bwhip\b
Rishi,Sunak,Commons,"Parliamentary Under-Secretary (Housing, Communities and Local Government)",2018-01-09,2019-07-24,561.0,2017-06-08,881.0,Conservative,Theresa May,https://id.parliament.uk/iuC0IKzw,4483,non_senior,False,regex:\bparliamentary under-?secretary\b
Graham,Stuart,Commons,Parliamentary Under-Secretary (Department for International Trade),2018-01-09,2021-09-16,1346.0,2017-06-08,881.0,Conservative,Theresa May,https://id.parliament.uk/uyQOJxJ0,1482,non_senior,False,regex:\bparliamentary under-?secretary\b
Jo,Johnson,Commons,Minister of State (Department for Transport),2018-01-09,2018-11-09,304.0,2017-06-08,881.0,Conservative,Theresa May,https://id.parliament.uk/0ZbA7k1o,4039,ambiguous,False,regex:\bminister of state\b
Shailesh,Vara,Commons,Parliamentary Under-Secretary (Northern Ireland Office),2018-01-09,2018-07-23,195.0,2017-06-08,881.0,Conservative,Theresa May,https://id.parliament.uk/Uj24yw4q,1496,non_senior,False,regex:\bparliamentary under-?secretary\b
Roderick,Stewart,Commons,Minister of State (Ministry of Justice),2018-01-09,2019-05-01,477.0,2017-06-08,881.0,Conservative,Theresa May,https://id.parliament.uk/AXsJ7KXj,4137,ambiguous,False,regex:\bminister of state\b
Christopher,Malthouse,Commons,Parliamentary Under-Secretary (Department for Work and Pensions),2018-01-09,2018-07-09,181.0,2017-06-08,881.0,Conservative,Theresa May,https://id.parliament.uk/K9fWqlEA,4495,non_senior,False,regex:\bparliamentary under-?secretary\b
Jo,Johnson,Commons,Minister of State (London),2018-01-09,2018-11-09,304.0,2017-06-08,881.0,Conservative,Theresa May,https://id.parliament.uk/0ZbA7k1o,4039,ambiguous,False,regex:\bminister of state\b
John,Glen,Commons,Economic Secretary (HM Treasury),2018-01-09,2022-07-06,1639.0,2017-06-08,881.0,Conservative,Theresa May,https://id.parliament.uk/26NskGIS,4051,ambiguous,False,regex:\beconomic secretary\b
John,Glen,Commons,Minister of State (Treasury) (City),2018-01-09,2022-07-06,1639.0,2017-06-08,881.0,Conservative,Theresa May,https://id.parliament.uk/26NskGIS,4051,ambiguous,False,regex:\bminister of state\b
Heather,Wheeler,Commons,"Parliamentary Under-Secretary (Housing, Communities and Local Government)",2018-01-09,2019-07-26,563.0,2017-06-08,881.0,Conservative,Theresa May,https://id.parliament.uk/hGqCOo3s,4053,non_senior,False,regex:\bparliamentary under-?secretary\b
Robert,Jenrick,Commons,Exchequer Secretary (HM Treasury),2018-01-09,2019-07-24,561.0,2017-06-08,881.0,Conservative,Theresa May,https://id.parliament.uk/n4KBuZO5,4320,ambiguous,False,default
Craig,Whittaker,Commons,Lord Commissioner (HM Treasury) (Whip),2018-01-09,2019-04-16,462.0,2017-06-08,881.0,Conservative,Theresa May,https://id.parliament.uk/kX4bGw43,3940,non_senior,False,regex:\bwhip\b
Miriam,Davies,Commons,Assistant Whip (HM Treasury),2018-01-09,2018-11-05,300.0,2017-06-08,881.0,Conservative,Theresa May,https://id.parliament.uk/GR6SZK1Z,4513,non_senior,False,regex:\bassistant whip\b
Brandon,Lewis,Commons,Minister without Portfolio (Cabinet Office),2018-01-09,2019-07-24,561.0,2017-06-08,881.0,Conservative,Theresa May,https://id.parliament.uk/C91rcqgY,4009,senior,True,contains:minister without portfolio
Andrew,Stephenson,Commons,Lord Commissioner (HM Treasury) (Whip),2018-01-09,2018-07-26,198.0,2017-06-08,881.0,Conservative,Theresa May,https://id.parliament.uk/xPajTduv,4044,non_senior,False,regex:\bwhip\b
Nigel,Adams,Commons,Lord Commissioner (HM Treasury) (Whip),2018-01-09,2018-11-05,300.0,2017-06-08,881.0,Conservative,Theresa May,https://id.parliament.uk/iPAQq1CK,4057,non_senior,False,regex:\bwhip\b
Mark,Spencer,Commons,"Vice Chamberlain (HM Household) (Whip, House of Commons)",2018-01-09,2018-07-26,198.0,2017-06-08,881.0,Conservative,Theresa May,https://id.parliament.uk/YWnDvo84,4055,non_senior,False,regex:\bwhip\b
Lucy,Leigh (Frazer),Commons,Parliamentary Under-Secretary (Ministry of Justice),2018-01-09,2019-05-09,485.0,2017-06-08,881.0,Conservative,Theresa May,https://id.parliament.uk/SWXSOmi9,4517,non_senior,False,regex:\bparliamentary under-?secretary\b
Caroline,Dinenage,Commons,Minister of State (Department of Health and Social Care),2018-01-09,2020-02-13,765.0,2017-06-08,881.0,Conservative,Theresa May,https://id.parliament.uk/SM4SE1Dh,4008,ambiguous,False,regex:\bminister of state\b
Oliver,Dowden,Commons,Parliamentary Secretary (Cabinet Office),2018-01-09,2019-07-24,561.0,2017-06-08,881.0,Conservative,Theresa May,https://id.parliament.uk/atcqNbc1,4441,non_senior,False,regex:\bparliamentary secretary\b
Paul,Maynard,Commons,Lord Commissioner (HM Treasury) (Whip),2018-01-09,2019-05-09,485.0,2017-06-08,881.0,Conservative,Theresa May,https://id.parliament.uk/hp6OdiqK,3926,non_senior,False,regex:\bwhip\b
Harriett,Baldwin,Commons,Minister of State (Foreign and Commonwealth Office) (Joint with the Department for International Development),2018-01-09,2019-07-25,562.0,2017-06-08,881.0,Conservative,Theresa May,https://id.parliament.uk/2LUJUXE2,4107,ambiguous,False,regex:\bminister of state\b
Amanda,Milling,Commons,Assistant Whip (HM Treasury),2018-01-09,2019-07-25,562.0,2017-06-08,881.0,Conservative,Theresa May,https://id.parliament.uk/SaVzFDvI,4454,non_senior,False,regex:\bassistant whip\b
Chloe,Smith,Commons,Parliamentary Secretary (Cabinet Office),2018-01-09,2020-02-13,765.0,2017-06-08,881.0,Conservative,Theresa May,https://id.parliament.uk/trjrjVxb,1609,non_senior,False,regex:\bparliamentary secretary\b
Nadhim,Zahawi,Commons,Parliamentary Under-Secretary (Department for Education),2018-01-09,2019-07-26,563.0,2017-06-08,881.0,Conservative,Theresa May,https://id.parliament.uk/HscvKHnF,4113,non_senior,False,regex:\bparliamentary under-?secretary\b
Stuart,Andrew,Commons,Parliamentary Under-Secretary (Wales Office),2018-01-09,2018-07-19,191.0,2017-06-08,881.0,Conservative,Theresa May,https://id.parliament.uk/Gi80AXwX,4032,non_senior,False,regex:\bparliamentary under-?secretary\b
Alok,Sharma,Commons,Minister of State (Department for Work and Pensions),2018-01-09,2019-07-24,561.0,2017-06-08,881.0,Conservative,Theresa May,https://id.parliament.uk/FyvJWi3Q,4014,ambiguous,False,regex:\bminister of state\b
Wendy,Morton,Commons,Assistant Whip (HM Treasury),2018-01-09,2019-07-26,563.0,2017-06-08,881.0,Conservative,Theresa May,https://id.parliament.uk/j6Lei0y7,4358,non_senior,False,regex:\bassistant whip\b
Michael,Ellis,Commons,"Parliamentary Under-Secretary (Department for Digital, Culture, Media and Sport)",2018-01-09,2019-05-23,499.0,2017-06-08,881.0,Conservative,Theresa May,https://id.parliament.uk/NYp5fsei,4116,non_senior,False,regex:\bparliamentary under-?secretary\b
Johanna,Churchill,Commons,Assistant Whip (HM Treasury),2018-01-09,2019-07-26,563.0,2017-06-08,881.0,Conservative,Theresa May,https://id.parliament.uk/1P3gl8pl,4380,non_senior,False,regex:\bassistant whip\b
Harriett,Baldwin,Commons,Minister of State (Department for International Development) (Joint with the Foreign and Commonwealth Office),2018-01-09,2019-07-25,562.0,2017-06-08,881.0,Conservative,Theresa May,https://id.parliament.uk/2LUJUXE2,4107,ambiguous,False,regex:\bminister of state\b
Margot,James,Commons,"Minister of State (Department for Digital, Culture, Media and Sport) (Digital Policy)",2018-01-09,2019-07-18,555.0,2017-06-08,881.0,Conservative,Theresa May,https://id.parliament.uk/v2rvEcQa,4115,ambiguous,False,regex:\bminister of state\b
Susan,Williams,Lords,Minister for Equalities (Department for International Development),2018-01-09,2020-02-13,765.0,2017-06-08,881.0,Conservative,Theresa May,https://id.parliament.uk/9euzXdH0,4311,ambiguous,False,regex:\bminister for\b
Victoria,Atkins,Commons,Minister for Women,2018-01-16,2020-02-13,758.0,2017-06-08,881.0,Conservative,Theresa May,https://id.parliament.uk/QAHSUmv8,4399,ambiguous,False,regex:\bminister for\b
Zahida,Manzoor,Lords,Baroness in Waiting (HM Household) (Whip),2018-03-29,2019-05-07,404.0,2017-06-08,881.0,Conservative,Theresa May,https://id.parliament.uk/VFeTct9b,4289,non_senior,False,regex:\bwhip\b
Penelope,Mordaunt,Commons,Minister for Women and Equalities,2018-04-30,2019-07-24,450.0,2017-06-08,881.0,Conservative,Theresa May,https://id.parliament.uk/RMNQDZri,4017,ambiguous,False,regex:\bminister for\b
Sajid,Javid,Commons,Home Secretary,2018-04-30,2019-07-24,450.0,2017-06-08,881.0,Conservative,Theresa May,https://id.parliament.uk/YHylN7q7,3945,ambiguous,False,default
James,Brokenshire,Commons,"Secretary of State for Housing, Communities and Local Government",2018-04-30,2019-07-24,450.0,2017-06-08,881.0,Conservative,Theresa May,https://id.parliament.uk/HENgq022,1530,senior,True,contains:secretary of state
Nigel,Adams,Commons,"Parliamentary Under-Secretary (Housing, Communities and Local Government)",2018-05-22,2018-11-05,167.0,2017-06-08,881.0,Conservative,Theresa May,https://id.parliament.uk/iPAQq1CK,4057,non_senior,False,regex:\bparliamentary under-?secretary\b
David,Rutley,Commons,"Parliamentary Under-Secretary (Department for Environment, Food and Rural Affairs)",2018-05-22,2018-07-19,58.0,2017-06-08,881.0,Conservative,Theresa May,https://id.parliament.uk/ddPvPaAc,4033,non_senior,False,regex:\bparliamentary under-?secretary\b
Edward,Argar,Commons,Parliamentary Under-Secretary (Ministry of Justice),2018-06-14,2019-09-10,453.0,2017-06-08,881.0,Conservative,Theresa May,https://id.parliament.uk/lMvp3beP,4362,non_senior,False,regex:\bparliamentary under-?secretary\b
George,Hollingbery,Commons,Minister of State (International Trade),2018-06-21,2019-07-25,399.0,2017-06-08,881.0,Conservative,Theresa May,https://id.parliament.uk/7vVLikXs,4016,ambiguous,False,regex:\bminister of state\b
Justin,Tomlinson,Commons,Parliamentary Under-Secretary (Department for Work and Pensions),2018-07-09,2019-04-04,269.0,2017-06-08,881.0,Conservative,Theresa May,https://id.parliament.uk/LNgSfXCb,4105,non_senior,False,regex:\bparliamentary under-?secretary\b
Dominic,Raab,Commons,Secretary of State for Exiting the European Union,2018-07-09,2018-11-15,129.0,2017-06-08,881.0,Conservative,Theresa May,https://id.parliament.uk/zjs8wUR3,4007,senior,True,contains:secretary of state
Jeremy,Hunt,Commons,Secretary of State for Foreign and Commonwealth Affairs,2018-07-09,2019-07-24,380.0,2017-06-08,881.0,Conservative,Theresa May,https://id.parliament.uk/x6FOPcns,1572,senior,True,contains:secretary of state
Christopher,Malthouse,Commons,"Minister of State (Housing, Communities and Local Government)",2018-07-09,2019-07-25,381.0,2017-06-08,881.0,Conservative,Theresa May,https://id.parliament.uk/K9fWqlEA,4495,ambiguous,False,regex:\bminister of state\b
Christopher,Heaton-Harris,Commons,Parliamentary Under-Secretary (Department for Exiting the European Union),2018-07-09,2019-04-03,268.0,2017-06-08,881.0,Conservative,Theresa May,https://id.parliament.uk/6xdB80aQ,3977,non_senior,False,regex:\bparliamentary under-?secretary\b
Matthew,Hancock,Commons,Secretary of State for Health and Social Care,2018-07-09,2021-06-26,1083.0,2017-06-08,881.0,Conservative,Theresa May,https://id.parliament.uk/JgAyn8BZ,4070,senior,True,contains:secretary of state
Jeremy,Wright,Commons,"Secretary of State for Digital, Culture, Media and Sport",2018-07-09,2019-07-24,380.0,2017-06-08,881.0,Conservative,Theresa May,https://id.parliament.uk/dcfUDdFC,1560,senior,True,contains:secretary of state
Charles,Cox,Commons,Attorney General,2018-07-09,2020-02-13,584.0,2017-06-08,881.0,Conservative,Theresa May,https://id.parliament.uk/hAm53hFE,1508,ambiguous,False,regex:\battorney general\b
Stuart,Andrew,Commons,Parliamentary Under-Secretary (Ministry of Defence),2018-07-19,2019-07-28,374.0,2017-06-08,881.0,Conservative,Theresa May,https://id.parliament.uk/Gi80AXwX,4032,non_senior,False,regex:\bparliamentary under-?secretary\b
Kelly,Tolhurst,Commons,"Parliamentary Under-Secretary (Department for Business, Energy and Industrial Strategy)",2018-07-19,2020-02-13,574.0,2017-06-08,881.0,Conservative,Theresa May,https://id.parliament.uk/l2T1nZKg,4487,non_senior,False,regex:\bparliamentary under-?secretary\b
Shailesh,Vara,Commons,Minister of State (Northern Ireland Office),2018-07-23,2018-11-15,115.0,2017-06-08,881.0,Conservative,Theresa May,https://id.parliament.uk/Uj24yw4q,1496,ambiguous,False,regex:\bminister of state\b
Miriam,Davies,Commons,Parliamentary Under-Secretary (Wales Office),2018-07-26,2018-11-05,102.0,2017-06-08,881.0,Conservative,Theresa May,https://id.parliament.uk/GR6SZK1Z,4513,non_senior,False,regex:\bparliamentary under-?secretary\b
Michelle,Donelan,Commons,Assistant Whip,2018-07-26,2019-07-29,368.0,2017-06-08,881.0,Conservative,Theresa May,https://id.parliament.uk/Ad0YHzrk,4530,non_senior,False,regex:\bassistant whip\b
Jeremy,Quin,Commons,Assistant Whip,2018-07-26,2018-11-05,102.0,2017-06-08,881.0,Conservative,Theresa May,https://id.parliament.uk/3cCGfc83,4507,non_senior,False,regex:\bassistant whip\b
Iain,Stewart,Commons,Assistant Whip,2018-07-26,2019-12-17,509.0,2017-06-08,881.0,Conservative,Theresa May,https://id.parliament.uk/LIlHB31m,4015,non_senior,False,regex:\bassistant whip\b
Andrew,Stephenson,Commons,"Vice Chamberlain (HM Household) (Whip, House of Commons)",2018-07-26,2019-04-04,252.0,2017-06-08,881.0,Conservative,Theresa May,https://id.parliament.uk/xPajTduv,4044,non_senior,False,regex:\bwhip\b
Michael,Freer,Commons,Lord Commissioner (HM Treasury) (Whip),2018-07-26,2019-07-01,340.0,2017-06-08,881.0,Conservative,Theresa May,https://id.parliament.uk/aNKrLGEh,4004,non_senior,False,regex:\bwhip\b
Mark,Spencer,Commons,"Comptroller (HM Household) (Whip, House of Commons)",2018-07-26,2019-07-24,363.0,2017-06-08,881.0,Conservative,Theresa May,https://id.parliament.uk/YWnDvo84,4055,non_senior,False,regex:\bwhip\b
Jeremy,Quin,Commons,Lord Commissioner (HM Treasury) (Whip),2018-11-05,2019-12-16,406.0,2017-06-08,881.0,Conservative,Theresa May,https://id.parliament.uk/3cCGfc83,4507,non_senior,False,regex:\bwhip\b
Nigel,Adams,Commons,Parliamentary Under-Secretary (Wales Office),2018-11-05,2019-04-03,149.0,2017-06-08,881.0,Conservative,Theresa May,https://id.parliament.uk/iPAQq1CK,4057,non_senior,False,regex:\bparliamentary under-?secretary\b
Nigel,Adams,Commons,Assistant Whip,2018-11-05,2019-04-03,149.0,2017-06-08,881.0,Conservative,Theresa May,https://id.parliament.uk/iPAQq1CK,4057,non_senior,False,regex:\bassistant whip\b
Miriam,Davies,Commons,"Parliamentary Under-Secretary (Department for Digital, Culture, Media and Sport)",2018-11-05,2019-07-25,262.0,2017-06-08,881.0,Conservative,Theresa May,https://id.parliament.uk/GR6SZK1Z,4513,non_senior,False,regex:\bparliamentary under-?secretary\b
Gareth,Johnson,Commons,Assistant Whip,2018-11-05,2019-01-14,70.0,2017-06-08,881.0,Conservative,Theresa May,https://id.parliament.uk/FwqGTLQH,3970,non_senior,False,regex:\bassistant whip\b
Alexander,Norman,Commons,Minister of State (Department for Transport),2018-11-12,2019-05-23,192.0,2017-06-08,881.0,Conservative,Theresa May,https://id.parliament.uk/m3Dx06Vx,3991,ambiguous,False,regex:\bminister of state\b
Andrew,Jones,Commons,Parliamentary Under-Secretary (Department for Transport),2018-11-13,2019-07-26,255.0,2017-06-08,881.0,Conservative,Theresa May,https://id.parliament.uk/Gs2gaawW,3996,non_senior,False,regex:\bparliamentary under-?secretary\b
Nicholas,Hurd,Commons,Minister of State (London),2018-11-14,2019-12-16,397.0,2017-06-08,881.0,Conservative,Theresa May,https://id.parliament.uk/nXTZ5A4D,1561,ambiguous,False,regex:\bminister of state\b
Kwasi,Kwarteng,Commons,Parliamentary Under-Secretary (Department for Exiting the European Union),2018-11-16,2019-07-24,250.0,2017-06-08,881.0,Conservative,Theresa May,https://id.parliament.uk/sdCPc48H,4134,non_senior,False,regex:\bparliamentary under-?secretary\b
John,Penrose,Commons,Minister of State (Northern Ireland Office),2018-11-16,2019-07-26,252.0,2017-06-08,881.0,Conservative,Theresa May,https://id.parliament.uk/JJ3Ox3Vn,1584,ambiguous,False,regex:\bminister of state\b
Stephen,Barclay,Commons,Secretary of State for Exiting the European Union,2018-11-16,2020-01-31,441.0,2017-06-08,881.0,Conservative,Theresa May,https://id.parliament.uk/nBemRbWt,4095,senior,True,contains:secretary of state
Stephen,Hammond,Commons,Minister of State (Department of Health and Social Care),2018-11-16,2019-07-25,251.0,2017-06-08,881.0,Conservative,Theresa May,https://id.parliament.uk/jBPXvMye,1585,ambiguous,False,regex:\bminister of state\b
Amber,Rudd,Commons,Secretary of State for Work and Pensions,2018-11-16,2019-09-07,295.0,2017-06-08,881.0,Conservative,Theresa May,https://id.parliament.uk/sSNJW42u,3983,senior,True,contains:secretary of state
Diana,Barran,Lords,Baroness in Waiting (HM Household) (Whip),2018-11-22,2019-07-26,246.0,2017-06-08,881.0,Conservative,Theresa May,https://id.parliament.uk/s8vARVLK,4703,non_senior,False,regex:\bwhip\b
Christopher,Skidmore,Commons,"Minister of State (Department for Business, Energy and Industrial Strategy) (Universities and Science) (Joint with the Department for Education)",2018-12-05,2019-07-24,231.0,2017-06-08,881.0,Conservative,Theresa May,https://id.parliament.uk/GBlBooSn,4021,ambiguous,False,regex:\bminister of state\b
Alister,Jack,Commons,Assistant Whip,2019-02-20,2019-04-23,62.0,2017-06-08,881.0,Conservative,Theresa May,https://id.parliament.uk/THj4Lv54,4619,non_senior,False,regex:\bassistant whip\b
Robert,Goodwill,Commons,"Minister of State (Department for Environment, Food and Rural Affairs)",2019-03-05,2019-07-25,142.0,2017-06-08,881.0,Conservative,Theresa May,https://id.parliament.uk/tXbYU8RO,1562,ambiguous,False,regex:\bminister of state\b
Seema,Kennedy,Commons,Parliamentary Under-Secretary (Department of Health and Social Care),2019-04-04,2019-07-27,114.0,2017-06-08,881.0,Conservative,Theresa May,https://id.parliament.uk/iLwJcp14,4455,non_senior,False,regex:\bparliamentary under-?secretary\b
Justin,Tomlinson,Commons,Minister of State (Department for Work and Pensions),2019-04-04,2021-09-16,896.0,2017-06-08,881.0,Conservative,Theresa May,https://id.parliament.uk/LNgSfXCb,4105,ambiguous,False,regex:\bminister of state\b
Andrew,Stephenson,Commons,"Parliamentary Under-Secretary (Department for Business, Energy and Industrial Strategy)",2019-04-04,2019-07-25,112.0,2017-06-08,881.0,Conservative,Theresa May,https://id.parliament.uk/xPajTduv,4044,non_senior,False,regex:\bparliamentary under-?secretary\b
Kevin,Foster,Commons,Assistant Whip,2019-04-04,2019-12-16,256.0,2017-06-08,881.0,Conservative,Theresa May,https://id.parliament.uk/Zm3jlHZH,4451,non_senior,False,regex:\bassistant whip\b
William,Quince,Commons,Parliamentary Under-Secretary (Department for Work and Pensions),2019-04-04,2021-09-16,896.0,2017-06-08,881.0,Conservative,Theresa May,https://id.parliament.uk/gWzeTtB9,4423,non_senior,False,regex:\bparliamentary under-?secretary\b
Kevin,Foster,Commons,Parliamentary Under-Secretary (Wales Office),2019-04-04,2019-12-16,256.0,2017-06-08,881.0,Conservative,Theresa May,https://id.parliament.uk/Zm3jlHZH,4451,non_senior,False,regex:\bparliamentary under-?secretary\b
James,Cleverly,Commons,Parliamentary Under-Secretary (Department for Exiting the European Union),2019-04-04,2019-07-24,111.0,2017-06-08,881.0,Conservative,Theresa May,https://id.parliament.uk/BxEyDcsA,4366,non_senior,False,regex:\bparliamentary under-?secretary\b
Kevin,Foster,Commons,Parliamentary Secretary (Cabinet Office),2019-04-04,2019-10-31,210.0,2017-06-08,881.0,Conservative,Theresa May,https://id.parliament.uk/Zm3jlHZH,4451,non_senior,False,regex:\bparliamentary secretary\b
Craig,Whittaker,Commons,"Vice Chamberlain (HM Household) (Whip, House of Commons)",2019-04-16,2019-09-10,147.0,2017-06-08,881.0,Conservative,Theresa May,https://id.parliament.uk/kX4bGw43,3940,non_senior,False,regex:\bwhip\b
Elizabeth,Sugg,Lords,Parliamentary Under-Secretary (Department for International Development),2019-04-23,2020-09-02,498.0,2017-06-08,881.0,Conservative,Theresa May,https://id.parliament.uk/VZwvJGkO,4584,non_senior,False,regex:\bparliamentary under-?secretary\b
Alister,Jack,Commons,Lord Commissioner (HM Treasury) (Whip),2019-04-23,2019-07-24,92.0,2017-06-08,881.0,Conservative,Theresa May,https://id.parliament.uk/THj4Lv54,4619,non_senior,False,regex:\bwhip\b
Charlotte,Vere,Lords,Parliamentary Under-Secretary (Department for Transport),2019-04-23,2023-11-13,1665.0,2017-06-08,881.0,Conservative,Theresa May,https://id.parliament.uk/A9lFjU0c,4580,non_senior,False,regex:\bparliamentary under-?secretary\b
Roderick,Stewart,Commons,Secretary of State for International Development,2019-05-01,2019-07-24,84.0,2017-06-08,881.0,Conservative,Theresa May,https://id.parliament.uk/AXsJ7KXj,4137,senior,True,contains:secretary of state
Penelope,Mordaunt,Commons,Secretary of State for Defence,2019-05-01,2019-07-24,84.0,2017-06-08,881.0,Conservative,Theresa May,https://id.parliament.uk/RMNQDZri,4017,senior,True,contains:secretary of state
Paul,Maynard,Commons,Parliamentary Under-Secretary (Ministry of Justice),2019-05-09,2019-07-26,78.0,2017-06-08,881.0,Conservative,Theresa May,https://id.parliament.uk/hp6OdiqK,3926,non_senior,False,regex:\bparliamentary under-?secretary\b
Lucy,Leigh (Frazer),Commons,Solicitor General (Attorney General's Office),2019-05-09,2019-07-25,77.0,2017-06-08,881.0,Conservative,Theresa May,https://id.parliament.uk/SWXSOmi9,4517,ambiguous,False,regex:\battorney general\b
Robert,Buckland,Commons,Minister of State (Ministry of Justice),2019-05-09,2019-07-24,76.0,2017-06-08,881.0,Conservative,Theresa May,https://id.parliament.uk/OcLvTDR4,4106,ambiguous,False,regex:\bminister of state\b
Andrew,Murrison,Commons,Minister of State (Foreign and Commonwealth Office) (Joint with the Department for International Development),2019-05-09,2020-02-13,280.0,2017-06-08,881.0,Conservative,Theresa May,https://id.parliament.uk/4CBJjeUo,1466,ambiguous,False,regex:\bminister of state\b
Alexander,Norman,Commons,Financial Secretary (HM Treasury),2019-05-23,2021-09-16,847.0,2017-06-08,881.0,Conservative,Theresa May,https://id.parliament.uk/m3Dx06Vx,3991,ambiguous,False,regex:\bfinancial secretary\b
Melvyn,Stride,Commons,Lord President of the Council and Leader of the House of Commons,2019-05-23,2019-07-24,62.0,2017-06-08,881.0,Conservative,Theresa May,https://id.parliament.uk/dEAJKHTK,3935,senior,True,contains:lord president of the council
Michael,Ellis,Commons,Minister of State (Department for Transport),2019-05-23,2019-07-26,64.0,2017-06-08,881.0,Conservative,Theresa May,https://id.parliament.uk/NYp5fsei,4116,ambiguous,False,regex:\bminister of state\b
Alexander,Norman,Commons,Financial Secretary to the Treasury and Paymaster General,2019-05-23,2019-07-24,62.0,2017-06-08,881.0,Conservative,Theresa May,https://id.parliament.uk/m3Dx06Vx,3991,ambiguous,False,regex:\bfinancial secretary\b
Rebecca,Clark (Pow),Commons,"Parliamentary Under-Secretary (Department for Digital, Culture, Media and Sport)",2019-05-23,2019-09-10,110.0,2017-06-08,881.0,Conservative,Theresa May,https://id.parliament.uk/ATjzXoFZ,4522,non_senior,False,regex:\bparliamentary under-?secretary\b
James,Berry,Commons,"Parliamentary Under-Secretary (Department for Business, Energy and Industrial Strategy)",2019-06-07,2019-07-25,48.0,2017-06-08,881.0,Conservative,Theresa May,https://id.parliament.uk/9M7c9HIy,4060,non_senior,False,regex:\bparliamentary under-?secretary\b
Nusrat,Ul-Ghani,Commons,Lord Commissioner (HM Treasury) (Whip),2019-07-11,2019-12-17,159.0,2017-06-08,881.0,Conservative,Theresa May,https://id.parliament.uk/g9m5rSVd,4460,non_senior,False,regex:\bwhip\b
James,Cleverly,Commons,Minister without Portfolio (Cabinet Office),2019-07-24,2020-02-13,204.0,2017-06-08,881.0,Conservative,Theresa May,https://id.parliament.uk/BxEyDcsA,4366,senior,True,contains:minister without portfolio
Alexander,Johnson,Commons,"Prime Minister, First Lord of the Treasury, Minister for the Civil Service, and Minister for the Union",2019-07-24,2022-09-06,1140.0,2017-06-08,881.0,Conservative,Theresa May,https://id.parliament.uk/hy2NFfe8,1423,senior,True,contains:prime minister
Amber,Rudd,Commons,Minister for Women and Equalities,2019-07-24,2019-09-07,45.0,2017-06-08,881.0,Conservative,Theresa May,https://id.parliament.uk/sSNJW42u,3983,ambiguous,False,regex:\bminister for\b
Robert,Buckland,Commons,Lord Chancellor and Secretary of State for Justice,2019-07-24,2021-09-15,784.0,2017-06-08,881.0,Conservative,Theresa May,https://id.parliament.uk/OcLvTDR4,4106,senior,True,contains:lord chancellor
Rishi,Sunak,Commons,Chief Secretary to the Treasury,2019-07-24,2020-02-13,204.0,2017-06-08,881.0,Conservative,Theresa May,https://id.parliament.uk/iuC0IKzw,4483,senior,True,contains:chief secretary to the treasury
Sajid,Javid,Commons,Chancellor of the Exchequer,2019-07-24,2020-02-13,204.0,2017-06-08,881.0,Conservative,Theresa May,https://id.parliament.uk/YHylN7q7,3945,senior,True,contains:chancellor of the exchequer
Jo,Johnson,Commons,"Minister of State (Department for Business, Energy and Industrial Strategy)",2019-07-24,,,2017-06-08,881.0,Conservative,Theresa May,https://id.parliament.uk/0ZbA7k1o,4039,ambiguous,False,regex:\bminister of state\b
Robert,Wallace,Commons,Secretary of State for Defence,2019-07-24,2023-08-31,1499.0,2017-06-08,881.0,Conservative,Theresa May,https://id.parliament.uk/5BbmGpsu,1539,senior,True,contains:secretary of state
Julian,Smith,Commons,Secretary of State for Northern Ireland,2019-07-24,2020-02-13,204.0,2017-06-08,881.0,Conservative,Theresa May,https://id.parliament.uk/V7RM28pf,4118,senior,True,contains:secretary of state
Christopher,Skidmore,Commons,Minister of State (Department of Health and Social Care),2019-07-24,2019-09-10,48.0,2017-06-08,881.0,Conservative,Theresa May,https://id.parliament.uk/GBlBooSn,4021,ambiguous,False,regex:\bminister of state\b
Alister,Jack,Commons,Secretary of State for Scotland,2019-07-24,2024-07-05,1808.0,2017-06-08,881.0,Conservative,Theresa May,https://id.parliament.uk/THj4Lv54,4619,senior,True,contains:secretary of state
Theresa,Villiers,Commons,"Secretary of State for Environment, Food and Rural Affairs",2019-07-24,2020-02-13,204.0,2017-06-08,881.0,Conservative,Theresa May,https://id.parliament.uk/nxNQZEuc,1500,senior,True,contains:secretary of state
Nicky,Morgan,Commons,"Secretary of State for Digital, Culture, Media and Sport",2019-07-24,2020-02-13,204.0,2017-06-08,881.0,Conservative,Theresa May,https://id.parliament.uk/ezWd6JpS,4027,senior,True,contains:secretary of state
Grant,Shapps,Commons,Secretary of State for Transport,2019-07-24,2022-09-06,1140.0,2017-06-08,881.0,Conservative,Theresa May,https://id.parliament.uk/ZvG45buB,1582,senior,True,contains:secretary of state
Esther,McVey,Commons,"Minister of State (Housing, Communities and Local Government)",2019-07-24,2020-02-13,204.0,2017-06-08,881.0,Conservative,Theresa May,https://id.parliament.uk/Hxki00jc,4084,ambiguous,False,regex:\bminister of state\b
Robert,Jenrick,Commons,"Secretary of State for Housing, Communities and Local Government",2019-07-24,2021-09-15,784.0,2017-06-08,881.0,Conservative,Theresa May,https://id.parliament.uk/n4KBuZO5,4320,senior,True,contains:secretary of state
Elizabeth,Truss,Commons,Secretary of State for International Trade and President of the Board of Trade,2019-07-24,2021-09-15,784.0,2017-06-08,881.0,Conservative,Theresa May,https://id.parliament.uk/dQvfKfAo,4097,senior,True,contains:secretary of state
Alok,Sharma,Commons,Secretary of State for International Development,2019-07-24,2020-02-13,204.0,2017-06-08,881.0,Conservative,Theresa May,https://id.parliament.uk/FyvJWi3Q,4014,senior,True,contains:secretary of state
Andrea,Leadsom,Commons,"Secretary of State for Business, Energy and Industrial Strategy",2019-07-24,2020-02-13,204.0,2017-06-08,881.0,Conservative,Theresa May,https://id.parliament.uk/V37kYFxZ,4117,senior,True,contains:secretary of state
Oliver,Dowden,Commons,Paymaster General (HM Treasury),2019-07-24,2020-02-13,204.0,2017-06-08,881.0,Conservative,Theresa May,https://id.parliament.uk/atcqNbc1,4441,ambiguous,False,regex:\bpaymaster general\b
Brandon,Lewis,Commons,Minister of State (Home Office),2019-07-24,2020-02-13,204.0,2017-06-08,881.0,Conservative,Theresa May,https://id.parliament.uk/C91rcqgY,4009,ambiguous,False,regex:\bminister of state\b
Dominic,Raab,Commons,Foreign Secretary and First Secretary of State,2019-07-24,2020-09-02,406.0,2017-06-08,881.0,Conservative,Theresa May,https://id.parliament.uk/zjs8wUR3,4007,senior,True,contains:secretary of state
Oliver,Dowden,Commons,Minister of State (Cabinet Office),2019-07-24,2020-02-13,204.0,2017-06-08,881.0,Conservative,Theresa May,https://id.parliament.uk/atcqNbc1,4441,ambiguous,False,regex:\bminister of state\b
Priti,Patel,Commons,Home Secretary,2019-07-24,2022-09-06,1140.0,2017-06-08,881.0,Conservative,Theresa May,https://id.parliament.uk/nr4Qap3S,4066,ambiguous,False,default
Nigel,Adams,Commons,"Minister of State (Department for Digital, Culture, Media and Sport)",2019-07-24,2020-02-13,204.0,2017-06-08,881.0,Conservative,Theresa May,https://id.parliament.uk/iPAQq1CK,4057,ambiguous,False,regex:\bminister of state\b
Michael,Gove,Commons,Chancellor of the Duchy of Lancaster,2019-07-24,2020-02-13,204.0,2017-06-08,881.0,Conservative,Theresa May,https://id.parliament.uk/0K7kX33I,1571,senior,True,contains:chancellor of the duchy of lancaster
Gavin,Williamson,Commons,Secretary of State for Education,2019-07-24,2021-09-15,784.0,2017-06-08,881.0,Conservative,Theresa May,https://id.parliament.uk/bgjHDpQ8,4108,senior,True,contains:secretary of state
Kwasi,Kwarteng,Commons,"Minister of State (Department for Business, Energy and Industrial Strategy)",2019-07-24,2021-01-08,534.0,2017-06-08,881.0,Conservative,Theresa May,https://id.parliament.uk/sdCPc48H,4134,ambiguous,False,regex:\bminister of state\b
Jacob,Rees-Mogg,Commons,Lord President of the Council and Leader of the House of Commons,2019-07-24,2022-02-08,930.0,2017-06-08,881.0,Conservative,Theresa May,https://id.parliament.uk/7syCchhA,4099,senior,True,contains:lord president of the council
Kwasi,Kwarteng,Commons,"Minister of State (Department for Business, Energy and Industrial Strategy)",2019-07-24,,,2017-06-08,881.0,Conservative,Theresa May,https://id.parliament.uk/sdCPc48H,4134,ambiguous,False,regex:\bminister of state\b
Mark,Spencer,Commons,Parliamentary Secretary to the Treasury and Chief Whip,2019-07-24,2022-02-08,930.0,2017-06-08,881.0,Conservative,Theresa May,https://id.parliament.uk/YWnDvo84,4055,non_senior,False,regex:\bparliamentary secretary\b
Conor,Burns,Commons,Minister of State (Department for International Trade),2019-07-25,2020-05-04,284.0,2017-06-08,881.0,Conservative,Boris Johnson,https://id.parliament.uk/3zu2dslt,3922,ambiguous,False,regex:\bminister of state\b
Christopher,Pincher,Commons,Minister of State (Foreign and Commonwealth Office),2019-07-25,2020-02-13,203.0,2017-06-08,881.0,Conservative,Boris Johnson,https://id.parliament.uk/W4hBGj4J,4075,ambiguous,False,regex:\bminister of state\b
Lucy,Leigh (Frazer),Commons,Minister of State (Ministry of Justice),2019-07-25,2021-09-16,784.0,2017-06-08,881.0,Conservative,Boris Johnson,https://id.parliament.uk/SWXSOmi9,4517,ambiguous,False,regex:\bminister of state\b
Miriam,Davies,Commons,Parliamentary Under-Secretary (Department for Work and Pensions),2019-07-25,2022-07-06,1077.0,2017-06-08,881.0,Conservative,Boris Johnson,https://id.parliament.uk/GR6SZK1Z,4513,non_senior,False,regex:\bparliamentary under-?secretary\b
Nicholas,Hurd,Commons,Minister of State (Northern Ireland Office),2019-07-25,2019-12-12,140.0,2017-06-08,881.0,Conservative,Boris Johnson,https://id.parliament.uk/nXTZ5A4D,1561,ambiguous,False,regex:\bminister of state\b
Andrew,Stephenson,Commons,Minister of State (Foreign and Commonwealth Office) (Joint with the Department for International Development),2019-07-25,2020-02-13,203.0,2017-06-08,881.0,Conservative,Boris Johnson,https://id.parliament.uk/xPajTduv,4044,ambiguous,False,regex:\bminister of state\b
Amanda,Milling,Commons,"Treasurer of HM Household (Deputy Chief Whip, House of Commons)",2019-07-25,2020-02-13,203.0,2017-06-08,881.0,Conservative,Boris Johnson,https://id.parliament.uk/SaVzFDvI,4454,non_senior,False,regex:\bwhip\b
Charles,Eustice,Commons,"Minister of State (Department for Environment, Food and Rural Affairs)",2019-07-25,2020-02-13,203.0,2017-06-08,881.0,Conservative,Boris Johnson,https://id.parliament.uk/NX45aKYz,3934,ambiguous,False,regex:\bminister of state\b
Jo,Johnson,Commons,"Minister of State (Department for Business, Energy and Industrial Strategy) (Jointly with the Department for Education)",2019-07-25,2019-09-05,42.0,2017-06-08,881.0,Conservative,Boris Johnson,https://id.parliament.uk/0ZbA7k1o,4039,ambiguous,False,regex:\bminister of state\b
James,Berry,Commons,"Minister of State (Cabinet Office) (jointly with the Ministry of Housing, Communities and Local Government)",2019-07-25,2020-02-13,203.0,2017-06-08,881.0,Conservative,Boris Johnson,https://id.parliament.uk/9M7c9HIy,4060,ambiguous,False,regex:\bminister of state\b
Christopher,Heaton-Harris,Commons,Minister of State (Department for Transport),2019-07-25,2021-12-19,878.0,2017-06-08,881.0,Conservative,Boris Johnson,https://id.parliament.uk/6xdB80aQ,3977,ambiguous,False,regex:\bminister of state\b
Christopher,Malthouse,Commons,Minister of State (Home Office),2019-07-25,2020-02-13,203.0,2017-06-08,881.0,Conservative,Boris Johnson,https://id.parliament.uk/K9fWqlEA,4495,ambiguous,False,regex:\bminister of state\b
Christopher,Malthouse,Commons,Minister of State (Home Office),2019-07-25,,,2017-06-08,881.0,Conservative,Boris Johnson,https://id.parliament.uk/K9fWqlEA,4495,ambiguous,False,regex:\bminister of state\b
Ian,Duncan,Lords,"Parliamentary Under-Secretary (Department for Business, Energy and Industrial Strategy)",2019-07-26,2020-02-13,202.0,2017-06-08,881.0,Conservative,Boris Johnson,https://id.parliament.uk/P2tWlrey,4686,non_senior,False,regex:\bparliamentary under-?secretary\b
Annabel,Goldie,Lords,Minister of State (Ministry of Defence),2019-07-26,2023-11-13,1571.0,2017-06-08,881.0,Conservative,Boris Johnson,https://id.parliament.uk/iGyV1uk1,4306,ambiguous,False,regex:\bminister of state\b
Robin,Walker,Commons,Parliamentary Under-Secretary (Scotland Office) (jointly with the Northern Ireland Office),2019-07-26,2019-12-16,143.0,2017-06-08,881.0,Conservative,Boris Johnson,https://id.parliament.uk/xHiXJi7s,4091,non_senior,False,regex:\bparliamentary under-?secretary\b
Michael,Ellis,Commons,Solicitor General (Attorney General's Office),2019-07-26,2021-03-03,586.0,2017-06-08,881.0,Conservative,Boris Johnson,https://id.parliament.uk/NYp5fsei,4116,ambiguous,False,regex:\battorney general\b
Diana,Barran,Lords,"Parliamentary Under-Secretary (Department for Digital, Culture, Media and Sport)",2019-07-26,2021-09-17,784.0,2017-06-08,881.0,Conservative,Boris Johnson,https://id.parliament.uk/s8vARVLK,4703,non_senior,False,regex:\bparliamentary under-?secretary\b
Johanna,Churchill,Commons,Parliamentary Under-Secretary (Department of Health and Social Care),2019-07-26,2021-09-16,783.0,2017-06-08,881.0,Conservative,Boris Johnson,https://id.parliament.uk/1P3gl8pl,4380,non_senior,False,regex:\bparliamentary under-?secretary\b
Thomas,Ashton,Lords,"Captain of the Honourable Corps of Gentlemen-at-Arms (HM Household) (Chief Whip, House of Lords)",2019-07-26,2022-09-06,1138.0,2017-06-08,881.0,Conservative,Boris Johnson,https://id.parliament.uk/QppbmtaE,4247,non_senior,False,regex:\bwhip\b
George,Freeman,Commons,Minister of State (Department for Transport),2019-07-26,2020-02-13,202.0,2017-06-08,881.0,Conservative,Boris Johnson,https://id.parliament.uk/1ngZMeUR,4020,ambiguous,False,regex:\bminister of state\b
Matthew,Warman,Commons,"Parliamentary Under-Secretary (Department for Digital, Culture, Media and Sport)",2019-07-26,2021-09-16,783.0,2017-06-08,881.0,Conservative,Boris Johnson,https://id.parliament.uk/y0BbQAKX,4361,non_senior,False,regex:\bparliamentary under-?secretary\b
Nadhim,Zahawi,Commons,"Parliamentary Under-Secretary (Department for Business, Energy and Industrial Strategy)",2019-07-26,2021-09-15,782.0,2017-06-08,881.0,Conservative,Boris Johnson,https://id.parliament.uk/HscvKHnF,4113,non_senior,False,regex:\bparliamentary under-?secretary\b
Heather,Wheeler,Commons,Parliamentary Under-Secretary (Foreign and Commonwealth Office),2019-07-26,2020-02-13,202.0,2017-06-08,881.0,Conservative,Boris Johnson,https://id.parliament.uk/hGqCOo3s,4053,non_senior,False,regex:\bparliamentary under-?secretary\b
Paul,Maynard,Commons,Parliamentary Under-Secretary (Department for Transport),2019-07-26,2020-02-13,202.0,2017-06-08,881.0,Conservative,Boris Johnson,https://id.parliament.uk/hp6OdiqK,3926,non_senior,False,regex:\bparliamentary under-?secretary\b
Wendy,Morton,Commons,Parliamentary Under-Secretary (Ministry of Justice),2019-07-26,2020-02-13,202.0,2017-06-08,881.0,Conservative,Boris Johnson,https://id.parliament.uk/j6Lei0y7,4358,non_senior,False,regex:\bparliamentary under-?secretary\b
Zac,Goldsmith,Commons,"Parliamentary Under-Secretary (Department for Environment, Food and Rural Affairs) (jointly with the Department for International Development)",2019-07-27,2019-09-10,45.0,2017-06-08,881.0,Conservative,Boris Johnson,https://id.parliament.uk/kanqZ4U2,4062,non_senior,False,regex:\bparliamentary under-?secretary\b
Seema,Kennedy,Commons,Parliamentary Under-Secretary (Home Office),2019-07-27,2019-12-12,138.0,2017-06-08,881.0,Conservative,Boris Johnson,https://id.parliament.uk/iLwJcp14,4455,non_senior,False,regex:\bparliamentary under-?secretary\b
Anne-Marie,Trevelyan,Commons,Parliamentary Under-Secretary (Ministry of Defence),2019-07-27,2019-12-23,149.0,2017-06-08,881.0,Conservative,Boris Johnson,https://id.parliament.uk/kMJFcI2Z,4531,non_senior,False,regex:\bparliamentary under-?secretary\b
James,Duddridge,Commons,Parliamentary Under-Secretary (Department for Exiting the European Union),2019-07-27,2020-02-13,201.0,2017-06-08,881.0,Conservative,Boris Johnson,https://id.parliament.uk/uDZzgmxr,1559,non_senior,False,regex:\bparliamentary under-?secretary\b
Colin,Clark,Commons,Parliamentary Under-Secretary (Scotland Office),2019-07-27,2019-12-12,138.0,2017-06-08,881.0,Conservative,Boris Johnson,https://id.parliament.uk/PFfCX5Oq,4650,non_senior,False,regex:\bparliamentary under-?secretary\b
Colin,Clark,Commons,Lord Commissioner (HM Treasury) (Whip),2019-07-27,2019-12-12,138.0,2017-06-08,881.0,Conservative,Boris Johnson,https://id.parliament.uk/PFfCX5Oq,4650,non_senior,False,regex:\bwhip\b
Nadine,Dorries,Commons,Parliamentary Under-Secretary (Department of Health and Social Care),2019-07-27,2020-05-06,284.0,2017-06-08,881.0,Conservative,Boris Johnson,https://id.parliament.uk/8CAPJsQk,1481,non_senior,False,regex:\bparliamentary under-?secretary\b
James,Younger,Lords,"Parliamentary Under-Secretary (Housing, Communities and Local Government)",2019-07-27,2020-02-14,202.0,2017-06-08,881.0,Conservative,Boris Johnson,https://id.parliament.uk/pL1nOvPY,4169,non_senior,False,regex:\bparliamentary under-?secretary\b
Olukemi,Badenoch,Commons,Parliamentary Under-Secretary (Department for Education),2019-07-27,2020-02-13,201.0,2017-06-08,881.0,Conservative,Boris Johnson,https://id.parliament.uk/pCJxGryC,4597,non_senior,False,regex:\bparliamentary under-?secretary\b
Simon,Clarke,Commons,Exchequer Secretary (HM Treasury),2019-07-27,2020-02-13,201.0,2017-06-08,881.0,Conservative,Boris Johnson,https://id.parliament.uk/qroUXuK3,4655,ambiguous,False,default
Luke,Hall,Commons,"Parliamentary Under-Secretary (Housing, Communities and Local Government)",2019-07-27,2020-09-08,409.0,2017-06-08,881.0,Conservative,Boris Johnson,https://id.parliament.uk/R3EgZPKO,4450,non_senior,False,regex:\bparliamentary under-?secretary\b
Simon,Hart,Commons,Parliamentary Secretary (Cabinet Office),2019-07-27,2019-12-16,142.0,2017-06-08,881.0,Conservative,Boris Johnson,https://id.parliament.uk/EqHq5F1p,3944,non_senior,False,regex:\bparliamentary secretary\b
John,Mercer,Commons,Parliamentary Under-Secretary of State (jointly with the Ministry of Defence),2019-07-28,2021-04-20,632.0,2017-06-08,881.0,Conservative,Boris Johnson,https://id.parliament.uk/4csB0FKu,4485,senior,True,contains:secretary of state
Stuart,Andrew,Commons,Vice-Chamberlain (HM Household),2019-07-28,2020-02-13,200.0,2017-06-08,881.0,Conservative,Boris Johnson,https://id.parliament.uk/Gi80AXwX,4032,ambiguous,False,default
Olivia,Bloomfield,Lords,Baroness in Waiting (HM Household) (Whip),2019-07-29,2023-06-01,1403.0,2017-06-08,881.0,Conservative,Boris Johnson,https://id.parliament.uk/0IdJ3QKW,4582,non_senior,False,regex:\bwhip\b
Therese,Coffey,Commons,"Minister of State (Department for Environment, Food and Rural Affairs)",2019-07-29,2019-09-08,41.0,2017-06-08,881.0,Conservative,Boris Johnson,https://id.parliament.uk/wsMvuOfh,4098,ambiguous,False,regex:\bminister of state\b
Elizabeth,Berridge,Lords,Baroness in Waiting (HM Household) (Whip),2019-07-29,2020-03-19,234.0,2017-06-08,881.0,Conservative,Boris Johnson,https://id.parliament.uk/woQhdPdk,4218,non_senior,False,regex:\bwhip\b
Thomas,Pursglove,Commons,Assistant Whip,2019-07-29,2021-09-19,783.0,2017-06-08,881.0,Conservative,Boris Johnson,https://id.parliament.uk/yxZXn9N5,4369,non_senior,False,regex:\bassistant whip\b
Leo,Docherty,Commons,Assistant Whip,2019-07-29,2021-04-21,632.0,2017-06-08,881.0,Conservative,Boris Johnson,https://id.parliament.uk/H2iqrFlO,4600,non_senior,False,regex:\bassistant whip\b
Marcus,Jones,Commons,Assistant Whip,2019-07-29,2020-02-13,199.0,2017-06-08,881.0,Conservative,Boris Johnson,https://id.parliament.uk/ODNC95e3,4024,non_senior,False,regex:\bassistant whip\b
Michelle,Donelan,Commons,Lord Commissioner (HM Treasury) (Whip),2019-07-29,2020-02-13,199.0,2017-06-08,881.0,Conservative,Boris Johnson,https://id.parliament.uk/Ad0YHzrk,4530,non_senior,False,regex:\bwhip\b
James,Bethell,Lords,Lord in Waiting (HM Household) (Whip),2019-07-29,2020-03-08,223.0,2017-06-08,881.0,Conservative,Boris Johnson,https://id.parliament.uk/Ue8SStWL,4708,non_senior,False,regex:\bwhip\b
Deborah,Stedman-Scott,Lords,Parliamentary Under-Secretary (Department for Work and Pensions),2019-07-29,2022-12-31,1251.0,2017-06-08,881.0,Conservative,Boris Johnson,https://id.parliament.uk/vWas5sC8,4174,non_senior,False,regex:\bparliamentary under-?secretary\b
James,Morris,Commons,Lord Commissioner (HM Treasury) (Whip),2019-07-29,2021-09-17,781.0,2017-06-08,881.0,Conservative,Boris Johnson,https://id.parliament.uk/Gagx37iP,3992,non_senior,False,regex:\bwhip\b
Nigel,Huddleston,Commons,Assistant Whip,2019-07-29,2021-09-17,781.0,2017-06-08,881.0,Conservative,Boris Johnson,https://id.parliament.uk/0J37XN5v,4407,non_senior,False,regex:\bassistant whip\b
Caroline,Chisholm,Lords,Baroness in Waiting (HM Household) (Whip),2019-08-09,2020-02-13,188.0,2017-06-08,881.0,Conservative,Boris Johnson,https://id.parliament.uk/pLPt7rh8,4330,non_senior,False,regex:\bwhip\b
Michelle,Donelan,Commons,Parliamentary Under-Secretary (Department for Education),2019-09-04,2020-02-13,162.0,2017-06-08,881.0,Conservative,Boris Johnson,https://id.parliament.uk/Ad0YHzrk,4530,non_senior,False,regex:\bparliamentary under-?secretary\b
Therese,Coffey,Commons,Secretary of State for Work and Pensions,2019-09-08,2022-09-06,1094.0,2017-06-08,881.0,Conservative,Boris Johnson,https://id.parliament.uk/wsMvuOfh,4098,senior,True,contains:secretary of state
Christopher,Skidmore,Commons,"Minister of State (Department for Business, Energy and Industrial Strategy) (Universities and Science) (Joint with the Department for Education)",2019-09-10,2020-02-13,156.0,2017-06-08,881.0,Conservative,Boris Johnson,https://id.parliament.uk/GBlBooSn,4021,ambiguous,False,regex:\bminister of state\b
Zac,Goldsmith,Commons,"Minister of State (Department for Environment, Food and Rural Affairs)",2019-09-10,2020-02-13,156.0,2017-06-08,881.0,Conservative,Boris Johnson,https://id.parliament.uk/kanqZ4U2,4062,ambiguous,False,regex:\bminister of state\b
Helen,Whately,Commons,"Parliamentary Under-Secretary (Department for Digital, Culture, Media and Sport)",2019-09-10,2020-02-13,156.0,2017-06-08,881.0,Conservative,Boris Johnson,https://id.parliament.uk/SHI7vuEh,4527,non_senior,False,regex:\bparliamentary under-?secretary\b
Zac,Goldsmith,Commons,Minister of State (Department for International Development),2019-09-10,2020-02-13,156.0,2017-06-08,881.0,Conservative,Boris Johnson,https://id.parliament.uk/kanqZ4U2,4062,ambiguous,False,regex:\bminister of state\b
Chris,Philp,Commons,Parliamentary Under-Secretary (Ministry of Justice),2019-09-10,2020-02-13,156.0,2017-06-08,881.0,Conservative,Boris Johnson,https://id.parliament.uk/4ZneyIwV,4503,non_senior,False,regex:\bparliamentary under-?secretary\b
Edward,Argar,Commons,Minister of State (Department of Health and Social Care),2019-09-10,2022-07-06,1030.0,2017-06-08,881.0,Conservative,Boris Johnson,https://id.parliament.uk/lMvp3beP,4362,ambiguous,False,regex:\bminister of state\b
Elizabeth,Truss,Commons,Minister for Women and Equalities,2019-09-10,2022-09-06,1092.0,2017-06-08,881.0,Conservative,Boris Johnson,https://id.parliament.uk/dQvfKfAo,4097,ambiguous,False,regex:\bminister for\b
Rebecca,Clark (Pow),Commons,"Parliamentary Under-Secretary (Department for Environment, Food and Rural Affairs)",2019-09-12,2022-07-07,1029.0,2017-06-08,881.0,Conservative,Boris Johnson,https://id.parliament.uk/ATjzXoFZ,4522,non_senior,False,regex:\bparliamentary under-?secretary\b
Margaret,Throup,Commons,Lord Commissioner (HM Treasury) (Whip),2019-09-19,2021-09-16,728.0,2017-06-08,881.0,Conservative,Boris Johnson,https://id.parliament.uk/qPeTlLJK,4447,non_senior,False,regex:\bwhip\b
Kevin,Foster,Commons,Parliamentary Under-Secretary (Home Office),2019-12-16,2022-09-07,996.0,2019-12-12,2226.0,Conservative,Boris Johnson,https://id.parliament.uk/Zm3jlHZH,4451,non_senior,False,regex:\bparliamentary under-?secretary\b
Anne-Marie,Trevelyan,Commons,Minister of State (Ministry of Defence) (Minister for the Armed Forces),2019-12-16,2020-02-13,59.0,2019-12-12,2226.0,Conservative,Boris Johnson,https://id.parliament.uk/kMJFcI2Z,4531,ambiguous,False,regex:\bminister of state\b
Simon,Hart,Commons,Secretary of State for Wales,2019-12-16,2022-07-06,933.0,2019-12-12,2226.0,Conservative,Boris Johnson,https://id.parliament.uk/EqHq5F1p,3944,senior,True,contains:secretary of state
Robin,Walker,Commons,Parliamentary Under-Secretary (Northern Ireland Office),2019-12-16,2020-02-13,59.0,2019-12-12,2226.0,Conservative,Boris Johnson,https://id.parliament.uk/xHiXJi7s,4091,non_senior,False,regex:\bparliamentary under-?secretary\b
James,Heappey,Commons,Parliamentary Under-Secretary (Ministry of Defence),2019-12-16,2022-07-07,934.0,2019-12-12,2226.0,Conservative,Boris Johnson,https://id.parliament.uk/jUL90JaV,4528,non_senior,False,regex:\bparliamentary under-?secretary\b
Jeremy,Quin,Commons,Parliamentary Secretary (Cabinet Office),2019-12-16,2020-02-13,59.0,2019-12-12,2226.0,Conservative,Boris Johnson,https://id.parliament.uk/3cCGfc83,4507,non_senior,False,regex:\bparliamentary secretary\b
Robin,Walker,Commons,Parliamentary Under-Secretary (Scotland Office),2019-12-16,,,2019-12-12,2226.0,Conservative,Boris Johnson,https://id.parliament.uk/xHiXJi7s,4091,non_senior,False,regex:\bparliamentary under-?secretary\b
Iain,Stewart,Commons,Lord Commissioner (HM Treasury) (Whip),2019-12-17,2020-06-02,168.0,2019-12-12,2226.0,Conservative,Boris Johnson,https://id.parliament.uk/LIlHB31m,4015,non_senior,False,regex:\bwhip\b
Maria,Caulfield,Commons,Assistant Whip,2019-12-17,2021-09-17,640.0,2019-12-12,2226.0,Conservative,Boris Johnson,https://id.parliament.uk/2GfKGest,4492,non_senior,False,regex:\bassistant whip\b
Michael,Freer,Commons,"Comptroller (HM Household) (Whip, House of Commons)",2019-12-17,2021-09-16,639.0,2019-12-12,2226.0,Conservative,Boris Johnson,https://id.parliament.uk/aNKrLGEh,4004,non_senior,False,regex:\bwhip\b
Douglas,Ross,Commons,Parliamentary Under-Secretary (Scotland Office),2019-12-17,2020-05-26,161.0,2019-12-12,2226.0,Conservative,Boris Johnson,https://id.parliament.uk/gPMSgdEb,4627,non_senior,False,regex:\bparliamentary under-?secretary\b
Douglas,Ross,Commons,Government Whip,2019-12-18,2020-02-14,58.0,2019-12-12,2226.0,Conservative,Boris Johnson,https://id.parliament.uk/gPMSgdEb,4627,non_senior,False,regex:\bwhip\b
Chris,Philp,Commons,Minister of State (London),2019-12-18,2020-02-13,57.0,2019-12-12,2226.0,Conservative,Boris Johnson,https://id.parliament.uk/4ZneyIwV,4503,ambiguous,False,regex:\bminister of state\b
Amanda,Sater,Lords,Baroness in Waiting (HM Household) (Whip),2019-12-20,2020-01-06,17.0,2019-12-12,2226.0,Conservative,Boris Johnson,https://id.parliament.uk/a9FztE6k,4700,non_senior,False,regex:\bwhip\b
David,Davies,Commons,Parliamentary Under-Secretary (Wales Office),2019-12-22,2022-10-25,1038.0,2019-12-12,2226.0,Conservative,Boris Johnson,https://id.parliament.uk/oHe9GoOF,1545,non_senior,False,regex:\bparliamentary under-?secretary\b
Andrew,Selous,Commons,Second Church Estates Commissioner,2020-01-10,,,2019-12-12,2226.0,Conservative,Boris Johnson,https://id.parliament.uk/gbVUB0EV,1453,ambiguous,False,default
Rachel,Maclean,Commons,Parliamentary Under-Secretary (Department for Transport),2020-02-13,2021-09-16,581.0,2019-12-12,2226.0,Conservative,Boris Johnson,https://id.parliament.uk/Advyttuk,4668,non_senior,False,regex:\bparliamentary under-?secretary\b
Gillian,Keegan,Commons,Parliamentary Under-Secretary (Department for Education),2020-02-13,2021-09-16,581.0,2019-12-12,2226.0,Conservative,Boris Johnson,https://id.parliament.uk/BdbiB2hR,4680,non_senior,False,regex:\bparliamentary under-?secretary\b
Victoria,Prentis,Commons,"Parliamentary Under-Secretary (Department for Environment, Food and Rural Affairs)",2020-02-13,2021-09-16,581.0,2019-12-12,2226.0,Conservative,Boris Johnson,https://id.parliament.uk/7tqzkPcd,4401,non_senior,False,regex:\bparliamentary under-?secretary\b
Oliver,Dowden,Commons,"Secretary of State for Digital, Culture, Media and Sport",2020-02-13,2021-09-15,580.0,2019-12-12,2226.0,Conservative,Boris Johnson,https://id.parliament.uk/atcqNbc1,4441,senior,True,contains:secretary of state
Olukemi,Badenoch,Commons,Exchequer Secretary (HM Treasury),2020-02-13,2021-09-15,580.0,2019-12-12,2226.0,Conservative,Boris Johnson,https://id.parliament.uk/pCJxGryC,4597,ambiguous,False,default
Gregory,Hands,Commons,Minister of State (Department for International Trade),2020-02-13,2021-09-16,581.0,2019-12-12,2226.0,Conservative,Boris Johnson,https://id.parliament.uk/7Tsbxzkf,1526,ambiguous,False,regex:\bminister of state\b
Stephen,Barclay,Commons,Chief Secretary to the Treasury,2020-02-13,2021-09-16,581.0,2019-12-12,2226.0,Conservative,Boris Johnson,https://id.parliament.uk/nBemRbWt,4095,senior,True,contains:chief secretary to the treasury
Jeremy,Quin,Commons,Minister of State (Ministry of Defence),2020-02-13,2022-09-07,937.0,2019-12-12,2226.0,Conservative,Boris Johnson,https://id.parliament.uk/3cCGfc83,4507,ambiguous,False,regex:\bminister of state\b
Amanda,Milling,Commons,Minister without Portfolio (Cabinet Office),2020-02-13,2021-09-15,580.0,2019-12-12,2226.0,Conservative,Boris Johnson,https://id.parliament.uk/SaVzFDvI,4454,senior,True,contains:minister without portfolio
Victoria,Ford,Commons,Parliamentary Under-Secretary (Department for Education),2020-02-13,2021-09-16,581.0,2019-12-12,2226.0,Conservative,Boris Johnson,https://id.parliament.uk/La7hJY9L,4674,non_senior,False,regex:\bparliamentary under-?secretary\b
Sue-Ellen,Braverman,Commons,Attorney General,2020-02-13,2021-03-02,383.0,2019-12-12,2226.0,Conservative,Boris Johnson,https://id.parliament.uk/jlAAlWAo,4475,ambiguous,False,regex:\battorney general\b
Amanda,Solloway,Commons,"Parliamentary Under-Secretary (Department for Business, Energy and Industrial Strategy)",2020-02-13,2021-09-16,581.0,2019-12-12,2226.0,Conservative,Boris Johnson,https://id.parliament.uk/qQjIWSuk,4372,non_senior,False,regex:\bparliamentary under-?secretary\b
James,Cleverly,Commons,Minister of State (Foreign and Commonwealth Office) (Joint with the Department for International Development),2020-02-13,2020-09-02,202.0,2019-12-12,2226.0,Conservative,Boris Johnson,https://id.parliament.uk/BxEyDcsA,4366,ambiguous,False,regex:\bminister of state\b
Nigel,Adams,Commons,Minister of State (Foreign and Commonwealth Office) (Joint with the Department for International Development),2020-02-13,2020-09-02,202.0,2019-12-12,2226.0,Conservative,Boris Johnson,https://id.parliament.uk/iPAQq1CK,4057,ambiguous,False,regex:\bminister of state\b
Caroline,Dinenage,Commons,"Minister of State (Department for Digital, Culture, Media and Sport)",2020-02-13,2021-09-16,581.0,2019-12-12,2226.0,Conservative,Boris Johnson,https://id.parliament.uk/SM4SE1Dh,4008,ambiguous,False,regex:\bminister of state\b
Elizabeth,Berridge,Lords,Parliamentary Under-Secretary (Department for International Trade) (Minister for Women),2020-02-13,2021-09-17,582.0,2019-12-12,2226.0,Conservative,Boris Johnson,https://id.parliament.uk/woQhdPdk,4218,non_senior,False,regex:\bparliamentary under-?secretary\b
David,Davies,Commons,Assistant Whip,2020-02-13,2022-07-08,876.0,2019-12-12,2226.0,Conservative,Boris Johnson,https://id.parliament.uk/oHe9GoOF,1545,non_senior,False,regex:\bassistant whip\b
Nicholas,True,Lords,Minister of State (Cabinet Office),2020-02-13,2022-09-05,935.0,2019-12-12,2226.0,Conservative,Boris Johnson,https://id.parliament.uk/HfLZiPLM,4200,ambiguous,False,regex:\bminister of state\b
Kelly,Tolhurst,Commons,Parliamentary Under-Secretary (Department for Transport),2020-02-13,2020-09-08,208.0,2019-12-12,2226.0,Conservative,Boris Johnson,https://id.parliament.uk/l2T1nZKg,4487,non_senior,False,regex:\bparliamentary under-?secretary\b
Brandon,Lewis,Commons,Secretary of State for Northern Ireland,2020-02-13,2022-07-07,875.0,2019-12-12,2226.0,Conservative,Boris Johnson,https://id.parliament.uk/C91rcqgY,4009,senior,True,contains:secretary of state
Chris,Philp,Commons,Parliamentary Under-Secretary (Home Office),2020-02-13,2021-09-16,581.0,2019-12-12,2226.0,Conservative,Boris Johnson,https://id.parliament.uk/4ZneyIwV,4503,non_senior,False,regex:\bparliamentary under-?secretary\b
John,Whittingdale,Commons,"Minister of State (Department for Digital, Culture, Media and Sport)",2020-02-13,2021-09-16,581.0,2019-12-12,2226.0,Conservative,Boris Johnson,https://id.parliament.uk/dNNuNQfw,39,ambiguous,False,regex:\bminister of state\b
Andrew,Stephenson,Commons,Minister of State (Department for Transport),2020-02-13,2022-07-07,875.0,2019-12-12,2226.0,Conservative,Boris Johnson,https://id.parliament.uk/xPajTduv,4044,ambiguous,False,regex:\bminister of state\b
Anne-Marie,Trevelyan,Commons,Secretary of State for International Development,2020-02-13,2020-09-02,202.0,2019-12-12,2226.0,Conservative,Boris Johnson,https://id.parliament.uk/kMJFcI2Z,4531,senior,True,contains:secretary of state
Michael,Gove,Commons,Minister for the Cabinet Office and Chancellor of the Duchy of Lancaster,2020-02-13,2021-09-15,580.0,2019-12-12,2226.0,Conservative,Boris Johnson,https://id.parliament.uk/0K7kX33I,1571,senior,True,contains:chancellor of the duchy of lancaster
Christopher,Pincher,Commons,"Minister of State (Housing, Communities and Local Government)",2020-02-13,2021-09-19,584.0,2019-12-12,2226.0,Conservative,Boris Johnson,https://id.parliament.uk/W4hBGj4J,4075,ambiguous,False,regex:\bminister of state\b
Elizabeth,Sugg,Lords,Parliamentary Under-Secretary (Foreign and Commonwealth Office),2020-02-13,2020-09-02,202.0,2019-12-12,2226.0,Conservative,Boris Johnson,https://id.parliament.uk/VZwvJGkO,4584,non_senior,False,regex:\bparliamentary under-?secretary\b
Michael,Tomlinson-Mynors,Commons,Lord Commissioner (HM Treasury) (Whip),2020-02-13,2022-07-08,876.0,2019-12-12,2226.0,Conservative,Boris Johnson,https://id.parliament.uk/Gcac8q7F,4497,non_senior,False,regex:\bwhip\b
Elizabeth,Berridge,Lords,Parliamentary Under-Secretary (Department for Education),2020-02-13,2021-09-17,582.0,2019-12-12,2226.0,Conservative,Boris Johnson,https://id.parliament.uk/woQhdPdk,4218,non_senior,False,regex:\bparliamentary under-?secretary\b
Julia,Lopez,Commons,Parliamentary Secretary (Cabinet Office),2020-02-13,2021-09-16,581.0,2019-12-12,2226.0,Conservative,Boris Johnson,https://id.parliament.uk/PbwesL7w,4647,non_senior,False,regex:\bparliamentary secretary\b
Marcus,Jones,Commons,"Vice Chamberlain (HM Household) (Whip, House of Commons)",2020-02-13,2021-09-17,582.0,2019-12-12,2226.0,Conservative,Boris Johnson,https://id.parliament.uk/ODNC95e3,4024,non_senior,False,regex:\bwhip\b
Michelle,Donelan,Commons,Minister of State (Education),2020-02-13,2021-09-15,580.0,2019-12-12,2226.0,Conservative,Boris Johnson,https://id.parliament.uk/Ad0YHzrk,4530,ambiguous,False,regex:\bminister of state\b
Helen,Whately,Commons,Minister of State (Department of Health and Social Care),2020-02-13,2021-09-16,581.0,2019-12-12,2226.0,Conservative,Boris Johnson,https://id.parliament.uk/SHI7vuEh,4527,ambiguous,False,regex:\bminister of state\b
Stuart,Andrew,Commons,"Treasurer of HM Household (Deputy Chief Whip, House of Commons)",2020-02-13,2022-02-08,726.0,2019-12-12,2226.0,Conservative,Boris Johnson,https://id.parliament.uk/Gi80AXwX,4032,non_senior,False,regex:\bwhip\b
Theodore,Agnew,Lords,Minister of State (HM Treasury),2020-02-13,2022-01-24,711.0,2019-12-12,2226.0,Conservative,Boris Johnson,https://id.parliament.uk/XR61M9aP,4689,ambiguous,False,regex:\bminister of state\b
Jane,Scott,Lords,Baroness in Waiting (HM Household) (Whip),2020-02-13,2022-09-20,950.0,2019-12-12,2226.0,Conservative,Boris Johnson,https://id.parliament.uk/0cl9lWEs,4553,non_senior,False,regex:\bwhip\b
James,Brokenshire,Commons,Minister of State (Home Office),2020-02-13,2021-07-07,510.0,2019-12-12,2226.0,Conservative,Boris Johnson,https://id.parliament.uk/HENgq022,1530,ambiguous,False,regex:\bminister of state\b
Simon,Clarke,Commons,"Minister of State (Housing, Communities and Local Government)",2020-02-13,2020-09-08,208.0,2019-12-12,2226.0,Conservative,Boris Johnson,https://id.parliament.uk/qroUXuK3,4655,ambiguous,False,regex:\bminister of state\b
Martin,Callanan,Lords,"Parliamentary Under-Secretary (Department for Business, Energy and Industrial Strategy)",2020-02-13,2023-02-06,1089.0,2019-12-12,2226.0,Conservative,Boris Johnson,https://id.parliament.uk/whOXGIBF,4336,non_senior,False,regex:\bparliamentary under-?secretary\b
Edmund,Hughes,Commons,Assistant Whip,2020-02-13,2021-01-16,338.0,2019-12-12,2226.0,Conservative,Boris Johnson,https://id.parliament.uk/RJTcU1gI,4635,non_senior,False,regex:\bassistant whip\b
Theodore,Agnew,Lords,Minister of State (Cabinet Office),2020-02-13,2022-01-24,711.0,2019-12-12,2226.0,Conservative,Boris Johnson,https://id.parliament.uk/XR61M9aP,4689,ambiguous,False,regex:\bminister of state\b
Penelope,Mordaunt,Commons,Paymaster General,2020-02-13,2021-09-16,581.0,2019-12-12,2226.0,Conservative,Boris Johnson,https://id.parliament.uk/RMNQDZri,4017,ambiguous,False,regex:\bpaymaster general\b
Chloe,Smith,Commons,Minister of State (Cabinet Office),2020-02-13,2021-09-16,581.0,2019-12-12,2226.0,Conservative,Boris Johnson,https://id.parliament.uk/trjrjVxb,1609,ambiguous,False,regex:\bminister of state\b
Robin,Walker,Commons,Minister of State (Northern Ireland Office),2020-02-13,2021-09-16,581.0,2019-12-12,2226.0,Conservative,Boris Johnson,https://id.parliament.uk/xHiXJi7s,4091,ambiguous,False,regex:\bminister of state\b
Rishi,Sunak,Commons,Chancellor of the Exchequer,2020-02-13,2022-07-05,873.0,2019-12-12,2226.0,Conservative,Boris Johnson,https://id.parliament.uk/iuC0IKzw,4483,senior,True,contains:chancellor of the exchequer
James,Duddridge,Commons,Parliamentary Under-Secretary (Foreign and Commonwealth Office) (Joint with the Department for International Development),2020-02-13,2020-09-02,202.0,2019-12-12,2226.0,Conservative,Boris Johnson,https://id.parliament.uk/uDZzgmxr,1559,non_senior,False,regex:\bparliamentary under-?secretary\b
Alexander,Chalk,Commons,Parliamentary Under-Secretary (Ministry of Justice),2020-02-13,2021-09-16,581.0,2019-12-12,2226.0,Conservative,Boris Johnson,https://id.parliament.uk/hZoVHExl,4481,non_senior,False,regex:\bparliamentary under-?secretary\b
Wendy,Morton,Commons,Parliamentary Under-Secretary (Foreign and Commonwealth Office) (Joint with the Department for International Development),2020-02-13,2020-09-02,202.0,2019-12-12,2226.0,Conservative,Boris Johnson,https://id.parliament.uk/j6Lei0y7,4358,non_senior,False,regex:\bparliamentary under-?secretary\b
Alok,Sharma,Commons,"Secretary of State for Business, Energy and Industrial Strategy",2020-02-13,2021-01-08,330.0,2019-12-12,2226.0,Conservative,Boris Johnson,https://id.parliament.uk/FyvJWi3Q,4014,senior,True,contains:secretary of state
Alexander,Chalk,Commons,Assistant Whip,2020-02-13,2021-09-16,581.0,2019-12-12,2226.0,Conservative,Boris Johnson,https://id.parliament.uk/hZoVHExl,4481,non_senior,False,regex:\bassistant whip\b
Tariq,Ahmad,Lords,Minister of State (Department for International Development),2020-02-13,2020-09-02,202.0,2019-12-12,2226.0,Conservative,Boris Johnson,https://id.parliament.uk/ay1P3rz4,4210,ambiguous,False,regex:\bminister of state\b
Paul,Scully,Commons,"Parliamentary Under-Secretary (Department for Business, Energy and Industrial Strategy)",2020-02-13,2022-07-07,875.0,2019-12-12,2226.0,Conservative,Boris Johnson,https://id.parliament.uk/rBcPDbnY,4414,non_senior,False,regex:\bparliamentary under-?secretary\b
Nigel,Huddleston,Commons,"Parliamentary Under-Secretary (Department for Digital, Culture, Media and Sport)",2020-02-13,2022-09-20,950.0,2019-12-12,2226.0,Conservative,Boris Johnson,https://id.parliament.uk/0J37XN5v,4407,non_senior,False,regex:\bparliamentary under-?secretary\b
Paul,Scully,Commons,Minister of State (London),2020-02-13,2021-09-19,584.0,2019-12-12,2226.0,Conservative,Boris Johnson,https://id.parliament.uk/rBcPDbnY,4414,ambiguous,False,regex:\bminister of state\b
Christopher,Malthouse,Commons,Minister of State (Ministry of Justice) (jointly with Home Office),2020-02-13,2021-09-15,580.0,2019-12-12,2226.0,Conservative,Boris Johnson,https://id.parliament.uk/K9fWqlEA,4495,ambiguous,False,regex:\bminister of state\b
Charles,Eustice,Commons,"Secretary of State for Environment, Food and Rural Affairs",2020-02-13,2022-09-06,936.0,2019-12-12,2226.0,Conservative,Boris Johnson,https://id.parliament.uk/NX45aKYz,3934,senior,True,contains:secretary of state
Olukemi,Badenoch,Commons,Minister for Equalities,2020-02-14,2022-07-06,873.0,2019-12-12,2226.0,Conservative,Boris Johnson,https://id.parliament.uk/pCJxGryC,4597,ambiguous,False,regex:\bminister for\b
James,Bethell,Lords,Parliamentary Under-Secretary (Department of Health and Social Care),2020-03-09,2021-09-17,557.0,2019-12-12,2226.0,Conservative,Boris Johnson,https://id.parliament.uk/Ue8SStWL,4708,non_senior,False,regex:\bparliamentary under-?secretary\b
Ranil,Jayawardena,Commons,Parliamentary Under-Secretary (Department for International Trade),2020-05-06,2022-09-06,853.0,2019-12-12,2226.0,Conservative,Boris Johnson,https://id.parliament.uk/2mWw3B3n,4498,non_senior,False,regex:\bparliamentary under-?secretary\b
Nadine,Dorries,Commons,Minister of State (Department of Health and Social Care),2020-05-06,2021-09-15,497.0,2019-12-12,2226.0,Conservative,Boris Johnson,https://id.parliament.uk/8CAPJsQk,1481,ambiguous,False,regex:\bminister of state\b
David,Duguid,Commons,Parliamentary Under-Secretary (Scotland Office),2020-06-02,2021-09-16,471.0,2019-12-12,2226.0,Conservative,Boris Johnson,https://id.parliament.uk/2cqVfKnf,4606,non_senior,False,regex:\bparliamentary under-?secretary\b
David,Duguid,Commons,"Government Whip, Lord Commissioner of HM Treasury",2020-06-02,2021-04-21,323.0,2019-12-12,2226.0,Conservative,Boris Johnson,https://id.parliament.uk/2cqVfKnf,4606,non_senior,False,regex:\bwhip\b
Iain,Stewart,Commons,Parliamentary Under-Secretary (Scotland Office),2020-06-02,2022-09-08,828.0,2019-12-12,2226.0,Conservative,Boris Johnson,https://id.parliament.uk/LIlHB31m,4015,non_senior,False,regex:\bparliamentary under-?secretary\b
Wendy,Morton,Commons,"Parliamentary Under-Secretary (Foreign, Commonwealth and Development Office)",2020-09-02,2021-12-19,473.0,2019-12-12,2226.0,Conservative,Boris Johnson,https://id.parliament.uk/j6Lei0y7,4358,non_senior,False,regex:\bparliamentary under-?secretary\b
Elizabeth,Sugg,Lords,"Parliamentary Under-Secretary (Foreign, Commonwealth and Development Office)",2020-09-02,2020-11-25,84.0,2019-12-12,2226.0,Conservative,Boris Johnson,https://id.parliament.uk/VZwvJGkO,4584,non_senior,False,regex:\bparliamentary under-?secretary\b
Nigel,Adams,Commons,"Minister of State (Foreign, Commonwealth and Development Office)",2020-09-02,2021-09-16,379.0,2019-12-12,2226.0,Conservative,Boris Johnson,https://id.parliament.uk/iPAQq1CK,4057,ambiguous,False,regex:\bminister of state\b
Dominic,Raab,Commons,Foreign Secretary and First Secretary of State,2020-09-02,2021-09-15,378.0,2019-12-12,2226.0,Conservative,Boris Johnson,https://id.parliament.uk/zjs8wUR3,4007,senior,True,contains:secretary of state
James,Duddridge,Commons,"Parliamentary Under-Secretary (Foreign, Commonwealth and Development Office)",2020-09-02,2021-09-16,379.0,2019-12-12,2226.0,Conservative,Boris Johnson,https://id.parliament.uk/uDZzgmxr,1559,non_senior,False,regex:\bparliamentary under-?secretary\b
James,Cleverly,Commons,"Minister of State (Foreign, Commonwealth and Development Office)",2020-09-02,2022-02-08,524.0,2019-12-12,2226.0,Conservative,Boris Johnson,https://id.parliament.uk/BxEyDcsA,4366,ambiguous,False,regex:\bminister of state\b
Tariq,Ahmad,Lords,"Minister of State (Foreign, Commonwealth and Development Office)",2020-09-02,2024-07-05,1402.0,2019-12-12,2226.0,Conservative,Boris Johnson,https://id.parliament.uk/ay1P3rz4,4210,ambiguous,False,regex:\bminister of state\b
Luke,Hall,Commons,"Minister of State (Housing, Communities and Local Government)",2020-09-08,2021-09-16,373.0,2019-12-12,2226.0,Conservative,Boris Johnson,https://id.parliament.uk/R3EgZPKO,4450,ambiguous,False,regex:\bminister of state\b
Kelly,Tolhurst,Commons,"Parliamentary Under-Secretary (Housing, Communities and Local Government)",2020-09-08,2021-01-16,130.0,2019-12-12,2226.0,Conservative,Boris Johnson,https://id.parliament.uk/l2T1nZKg,4487,non_senior,False,regex:\bparliamentary under-?secretary\b
Robert,Courts,Commons,Parliamentary Under-Secretary (Department for Transport),2020-09-08,2022-09-20,742.0,2019-12-12,2226.0,Conservative,Boris Johnson,https://id.parliament.uk/diYftgxZ,4589,non_senior,False,regex:\bparliamentary under-?secretary\b
Nadhim,Zahawi,Commons,Parliamentary Under-Secretary (Department of Health and Social Care),2020-11-28,2021-09-15,291.0,2019-12-12,2226.0,Conservative,Boris Johnson,https://id.parliament.uk/HscvKHnF,4113,non_senior,False,regex:\bparliamentary under-?secretary\b
Anne-Marie,Trevelyan,Commons,"Minister of State (Business, Energy and Industrial Strategy) (Energy and Clean Growth)",2021-01-08,2021-09-15,250.0,2019-12-12,2226.0,Conservative,Boris Johnson,https://id.parliament.uk/kMJFcI2Z,4531,ambiguous,False,regex:\bminister of state\b
Alok,Sharma,Commons,COP26 President (Cabinet Office),2021-01-08,2022-11-06,667.0,2019-12-12,2226.0,Conservative,Boris Johnson,https://id.parliament.uk/FyvJWi3Q,4014,ambiguous,False,default
Kwasi,Kwarteng,Commons,"Secretary of State for Business, Energy and Industrial Strategy",2021-01-08,2022-09-06,606.0,2019-12-12,2226.0,Conservative,Boris Johnson,https://id.parliament.uk/sdCPc48H,4134,senior,True,contains:secretary of state
Edmund,Hughes,Commons,"Parliamentary Under-Secretary (Housing, Communities and Local Government)",2021-01-16,2021-09-19,246.0,2019-12-12,2226.0,Conservative,Boris Johnson,https://id.parliament.uk/RJTcU1gI,4635,non_senior,False,regex:\bparliamentary under-?secretary\b
Scott,Mann,Commons,"Government Whip, Lord Commissioner of HM Treasury",2021-01-22,2021-09-19,240.0,2019-12-12,2226.0,Conservative,Boris Johnson,https://id.parliament.uk/vvon8Xdo,4496,non_senior,False,regex:\bwhip\b
Sue-Ellen,Braverman,Commons,Minister on Leave (Attorney General),2021-03-02,2021-09-10,192.0,2019-12-12,2226.0,Conservative,Boris Johnson,https://id.parliament.uk/jlAAlWAo,4475,ambiguous,False,regex:\battorney general\b
Michael,Ellis,Commons,Attorney General,2021-03-03,2021-09-10,191.0,2019-12-12,2226.0,Conservative,Boris Johnson,https://id.parliament.uk/NYp5fsei,4116,ambiguous,False,regex:\battorney general\b
Lucy,Leigh (Frazer),Commons,Solicitor General (Attorney General's Office),2021-03-03,2021-09-10,191.0,2019-12-12,2226.0,Conservative,Boris Johnson,https://id.parliament.uk/SWXSOmi9,4517,ambiguous,False,regex:\battorney general\b
Leo,Docherty,Commons,Parliamentary Under-Secretary of State (jointly with the Ministry of Defence),2021-04-21,2022-09-07,504.0,2019-12-12,2226.0,Conservative,Boris Johnson,https://id.parliament.uk/H2iqrFlO,4600,senior,True,contains:secretary of state
David,Duguid,Commons,Assistant Whip,2021-04-21,2021-09-16,148.0,2019-12-12,2226.0,Conservative,Boris Johnson,https://id.parliament.uk/2cqVfKnf,4606,non_senior,False,regex:\bassistant whip\b
Alan,Mak,Commons,"Government Whip, Lord Commissioner of HM Treasury",2021-04-21,2022-07-08,443.0,2019-12-12,2226.0,Conservative,Boris Johnson,https://id.parliament.uk/UjhH5qiw,4484,non_senior,False,regex:\bwhip\b
Sajid,Javid,Commons,Secretary of State for Health and Social Care,2021-06-26,2022-07-05,374.0,2019-12-12,2226.0,Conservative,Boris Johnson,https://id.parliament.uk/YHylN7q7,3945,senior,True,contains:secretary of state
Damian,Hinds,Commons,Minister of State (Home Office) (Security),2021-08-13,2022-07-07,328.0,2019-12-12,2226.0,Conservative,Boris Johnson,https://id.parliament.uk/3KZvvnyo,3969,ambiguous,False,regex:\bminister of state\b
Caroline,Chisholm,Lords,Baroness in Waiting (HM Household) (Whip),2021-09-01,2022-02-04,156.0,2019-12-12,2226.0,Conservative,Boris Johnson,https://id.parliament.uk/pLPt7rh8,4330,non_senior,False,regex:\bwhip\b
Sue-Ellen,Braverman,Commons,Attorney General,2021-09-10,2022-09-06,361.0,2019-12-12,2226.0,Conservative,Boris Johnson,https://id.parliament.uk/jlAAlWAo,4475,ambiguous,False,regex:\battorney general\b
Michael,Ellis,Commons,Solicitor General (Attorney General's Office),2021-09-10,2021-09-15,5.0,2019-12-12,2226.0,Conservative,Boris Johnson,https://id.parliament.uk/NYp5fsei,4116,ambiguous,False,regex:\battorney general\b
Christopher,Malthouse,Commons,Minister of State (Ministry of Justice) (jointly with Home Office),2021-09-15,2022-07-07,295.0,2019-12-12,2226.0,Conservative,Boris Johnson,https://id.parliament.uk/K9fWqlEA,4495,ambiguous,False,regex:\bminister of state\b
Elizabeth,Truss,Commons,Foreign Secretary,2021-09-15,2022-09-06,356.0,2019-12-12,2226.0,Conservative,Boris Johnson,https://id.parliament.uk/dQvfKfAo,4097,ambiguous,False,default
Michael,Gove,Commons,"Secretary of State for Housing, Communities and Local Government",2021-09-15,2021-09-19,4.0,2019-12-12,2226.0,Conservative,Boris Johnson,https://id.parliament.uk/0K7kX33I,1571,senior,True,contains:secretary of state
Michelle,Donelan,Commons,Minister of State (Department for Education) (Higher and Further Education),2021-09-15,2022-07-05,293.0,2019-12-12,2226.0,Conservative,Boris Johnson,https://id.parliament.uk/Ad0YHzrk,4530,ambiguous,False,regex:\bminister of state\b
Dominic,Raab,Commons,Lord Chancellor and Secretary of State for Justice,2021-09-15,2022-09-06,356.0,2019-12-12,2226.0,Conservative,Boris Johnson,https://id.parliament.uk/zjs8wUR3,4007,senior,True,contains:lord chancellor
Michael,Gove,Commons,"Secretary of State for Housing, Communities and Local Government",2021-09-15,,,2019-12-12,2226.0,Conservative,Boris Johnson,https://id.parliament.uk/0K7kX33I,1571,senior,True,contains:secretary of state
Nadine,Dorries,Commons,"Secretary of State for Digital, Culture, Media and Sport",2021-09-15,2022-09-06,356.0,2019-12-12,2226.0,Conservative,Boris Johnson,https://id.parliament.uk/8CAPJsQk,1481,senior,True,contains:secretary of state
Nadhim,Zahawi,Commons,Secretary of State for Education,2021-09-15,2022-07-05,293.0,2019-12-12,2226.0,Conservative,Boris Johnson,https://id.parliament.uk/HscvKHnF,4113,senior,True,contains:secretary of state
Dominic,Raab,Commons,Deputy Prime Minister,2021-09-15,2022-09-06,356.0,2019-12-12,2226.0,Conservative,Boris Johnson,https://id.parliament.uk/zjs8wUR3,4007,senior,True,contains:prime minister
Anne-Marie,Trevelyan,Commons,Secretary of State for International Trade and President of the Board of Trade,2021-09-15,2022-09-06,356.0,2019-12-12,2226.0,Conservative,Boris Johnson,https://id.parliament.uk/kMJFcI2Z,4531,senior,True,contains:secretary of state
Victoria,Ford,Commons,"Parliamentary Under-Secretary (Foreign, Commonwealth and Development Office)",2021-09-16,2022-09-06,355.0,2019-12-12,2226.0,Conservative,Boris Johnson,https://id.parliament.uk/La7hJY9L,4674,non_senior,False,regex:\bparliamentary under-?secretary\b
Gregory,Hands,Commons,"Minister of State (Department for Business, Energy and Industrial Strategy)",2021-09-16,2022-09-07,356.0,2019-12-12,2226.0,Conservative,Boris Johnson,https://id.parliament.uk/7Tsbxzkf,1526,ambiguous,False,regex:\bminister of state\b
Oliver,Dowden,Commons,Minister without Portfolio (Cabinet Office),2021-09-16,2022-06-24,281.0,2019-12-12,2226.0,Conservative,Boris Johnson,https://id.parliament.uk/atcqNbc1,4441,senior,True,contains:minister without portfolio
Michael,Freer,Commons,Parliamentary Under-Secretary (Department for International Trade),2021-09-16,2022-07-06,293.0,2019-12-12,2226.0,Conservative,Boris Johnson,https://id.parliament.uk/aNKrLGEh,4004,non_senior,False,regex:\bparliamentary under-?secretary\b
Michael,Ellis,Commons,Paymaster General,2021-09-16,2022-09-06,355.0,2019-12-12,2226.0,Conservative,Boris Johnson,https://id.parliament.uk/NYp5fsei,4116,ambiguous,False,regex:\bpaymaster general\b
Trudy,Harrison,Commons,Parliamentary Under-Secretary (Department for Transport),2021-09-16,2022-07-07,294.0,2019-12-12,2226.0,Conservative,Boris Johnson,https://id.parliament.uk/MkQUzdjo,4593,non_senior,False,regex:\bparliamentary under-?secretary\b
Michael,Freer,Commons,"Parliamentary Under Secretary of State (Foreign, Commonwealth and Development Office) (Minister for Equalities)",2021-09-16,2022-07-06,293.0,2019-12-12,2226.0,Conservative,Boris Johnson,https://id.parliament.uk/aNKrLGEh,4004,senior,True,contains:secretary of state
Gillian,Keegan,Commons,Minister of State (Department of Health and Social Care),2021-09-16,2022-09-07,356.0,2019-12-12,2226.0,Conservative,Boris Johnson,https://id.parliament.uk/BdbiB2hR,4680,ambiguous,False,regex:\bminister of state\b
Simon,Clarke,Commons,Chief Secretary to the Treasury,2021-09-16,2022-09-06,355.0,2019-12-12,2226.0,Conservative,Boris Johnson,https://id.parliament.uk/qroUXuK3,4655,senior,True,contains:chief secretary to the treasury
Robin,Walker,Commons,Minister of State (Education),2021-09-16,2022-07-06,293.0,2019-12-12,2226.0,Conservative,Boris Johnson,https://id.parliament.uk/xHiXJi7s,4091,ambiguous,False,regex:\bminister of state\b
Michael,Burghart,Commons,Parliamentary Under-Secretary (Department for Education),2021-09-16,2022-07-06,293.0,2019-12-12,2226.0,Conservative,Boris Johnson,https://id.parliament.uk/Q6chyb29,4613,non_senior,False,regex:\bparliamentary under-?secretary\b
Conor,Burns,Commons,Minister of State (Northern Ireland Office),2021-09-16,2022-09-07,356.0,2019-12-12,2226.0,Conservative,Boris Johnson,https://id.parliament.uk/3zu2dslt,3922,ambiguous,False,regex:\bminister of state\b
Christopher,Malthouse,Commons,Minister of State (Ministry of Justice),2021-09-16,,,2019-12-12,2226.0,Conservative,Boris Johnson,https://id.parliament.uk/K9fWqlEA,4495,ambiguous,False,regex:\bminister of state\b
Penelope,Mordaunt,Commons,Minister of State (Department for International Trade),2021-09-16,2022-09-06,355.0,2019-12-12,2226.0,Conservative,Boris Johnson,https://id.parliament.uk/RMNQDZri,4017,ambiguous,False,regex:\bminister of state\b
Chloe,Smith,Commons,Minister of State (Department for Work and Pensions),2021-09-16,2022-09-06,355.0,2019-12-12,2226.0,Conservative,Boris Johnson,https://id.parliament.uk/trjrjVxb,1609,ambiguous,False,regex:\bminister of state\b
Helen,Whately,Commons,Exchequer Secretary (HM Treasury),2021-09-16,2022-07-07,294.0,2019-12-12,2226.0,Conservative,Boris Johnson,https://id.parliament.uk/SHI7vuEh,4527,ambiguous,False,default
Neil,O'Brien,Commons,"Parliamentary Under-Secretary (Housing, Communities and Local Government)",2021-09-16,2021-09-19,3.0,2019-12-12,2226.0,Conservative,Boris Johnson,https://id.parliament.uk/MoB61exF,4679,non_senior,False,regex:\bparliamentary under-?secretary\b
Johanna,Churchill,Commons,"Parliamentary Under-Secretary (Department for Environment, Food and Rural Affairs)",2021-09-16,2022-07-06,293.0,2019-12-12,2226.0,Conservative,Boris Johnson,https://id.parliament.uk/1P3gl8pl,4380,non_senior,False,regex:\bparliamentary under-?secretary\b
Chris,Philp,Commons,"Parliamentary Under-Secretary (Department for Digital, Culture, Media and Sport)",2021-09-16,2022-07-07,294.0,2019-12-12,2226.0,Conservative,Boris Johnson,https://id.parliament.uk/4ZneyIwV,4503,non_senior,False,regex:\bparliamentary under-?secretary\b
Nigel,Adams,Commons,Minister of State (Cabinet Office) (Minister without Portfolio),2021-09-16,2022-09-06,355.0,2019-12-12,2226.0,Conservative,Boris Johnson,https://id.parliament.uk/iPAQq1CK,4057,senior,True,contains:minister without portfolio
Nigel,Adams,Commons,Minister without Portfolio (Cabinet Office),2021-09-16,,,2019-12-12,2226.0,Conservative,Boris Johnson,https://id.parliament.uk/iPAQq1CK,4057,senior,True,contains:minister without portfolio
Julia,Lopez,Commons,"Minister of State (Department for Digital, Culture, Media and Sport)",2021-09-16,2022-07-06,293.0,2019-12-12,2226.0,Conservative,Boris Johnson,https://id.parliament.uk/PbwesL7w,4647,ambiguous,False,regex:\bminister of state\b
Amanda,Milling,Commons,"Minister of State (Foreign, Commonwealth and Development Office)",2021-09-16,2022-09-07,356.0,2019-12-12,2226.0,Conservative,Boris Johnson,https://id.parliament.uk/SaVzFDvI,4454,ambiguous,False,regex:\bminister of state\b
Stephen,Barclay,Commons,Minister for the Cabinet Office and Chancellor of the Duchy of Lancaster,2021-09-16,2022-02-08,145.0,2019-12-12,2226.0,Conservative,Boris Johnson,https://id.parliament.uk/nBemRbWt,4095,senior,True,contains:chancellor of the duchy of lancaster
Rachel,Maclean,Commons,Parliamentary Under-Secretary (Home Office),2021-09-16,2022-07-06,293.0,2019-12-12,2226.0,Conservative,Boris Johnson,https://id.parliament.uk/Advyttuk,4668,non_senior,False,regex:\bparliamentary under-?secretary\b
Alexander,Chalk,Commons,Solicitor General (Attorney General's Office),2021-09-16,2022-07-05,292.0,2019-12-12,2226.0,Conservative,Boris Johnson,https://id.parliament.uk/hZoVHExl,4481,ambiguous,False,regex:\battorney general\b
Olukemi,Badenoch,Commons,"Minister of State (Foreign, Commonwealth and Development Office)",2021-09-16,,,2019-12-12,2226.0,Conservative,Boris Johnson,https://id.parliament.uk/pCJxGryC,4597,ambiguous,False,regex:\bminister of state\b
Amanda,Solloway,Commons,"Government Whip, Lord Commissioner of HM Treasury",2021-09-16,2022-07-08,295.0,2019-12-12,2226.0,Conservative,Boris Johnson,https://id.parliament.uk/qQjIWSuk,4372,non_senior,False,regex:\bwhip\b
Lee,Rowley,Commons,"Parliamentary Under-Secretary (Department for Business, Energy and Industrial Strategy)",2021-09-16,2022-07-06,293.0,2019-12-12,2226.0,Conservative,Boris Johnson,https://id.parliament.uk/o8uRVw1g,4652,non_senior,False,regex:\bparliamentary under-?secretary\b
Olukemi,Badenoch,Commons,"Minister of State (Housing, Communities and Local Government)",2021-09-16,,,2019-12-12,2226.0,Conservative,Boris Johnson,https://id.parliament.uk/pCJxGryC,4597,ambiguous,False,regex:\bminister of state\b
Olukemi,Badenoch,Commons,"Minister of State (Foreign, Commonwealth and Development Office) (jointly with Department for Levelling Up, Housing and Communities)",2021-09-16,2022-07-06,293.0,2019-12-12,2226.0,Conservative,Boris Johnson,https://id.parliament.uk/pCJxGryC,4597,ambiguous,False,regex:\bminister of state\b
Margaret,Throup,Commons,Parliamentary Under-Secretary (Department of Health and Social Care),2021-09-16,2022-09-08,357.0,2019-12-12,2226.0,Conservative,Boris Johnson,https://id.parliament.uk/qPeTlLJK,4447,non_senior,False,regex:\bparliamentary under-?secretary\b
William,Quince,Commons,Parliamentary Under-Secretary (Department for Education),2021-09-16,2022-07-06,293.0,2019-12-12,2226.0,Conservative,Boris Johnson,https://id.parliament.uk/gWzeTtB9,4423,non_senior,False,regex:\bparliamentary under-?secretary\b
Victoria,Atkins,Commons,Minister of State (Ministry of Justice),2021-09-16,2022-07-06,293.0,2019-12-12,2226.0,Conservative,Boris Johnson,https://id.parliament.uk/QAHSUmv8,4399,ambiguous,False,regex:\bminister of state\b
Lucy,Leigh (Frazer),Commons,Financial Secretary (HM Treasury),2021-09-16,2022-09-07,356.0,2019-12-12,2226.0,Conservative,Boris Johnson,https://id.parliament.uk/SWXSOmi9,4517,ambiguous,False,regex:\bfinancial secretary\b
Victoria,Prentis,Commons,"Minister of State (Department for Environment, Food and Rural Affairs)",2021-09-16,2022-09-07,356.0,2019-12-12,2226.0,Conservative,Boris Johnson,https://id.parliament.uk/7tqzkPcd,4401,ambiguous,False,regex:\bminister of state\b
Lee,Rowley,Commons,"Government Whip, Lord Commissioner of HM Treasury",2021-09-16,2022-07-06,293.0,2019-12-12,2226.0,Conservative,Boris Johnson,https://id.parliament.uk/o8uRVw1g,4652,non_senior,False,regex:\bwhip\b
George,Freeman,Commons,"Parliamentary Under-Secretary (Department for Business, Energy and Industrial Strategy)",2021-09-17,2022-07-07,293.0,2019-12-12,2226.0,Conservative,Boris Johnson,https://id.parliament.uk/1ngZMeUR,4020,non_senior,False,regex:\bparliamentary under-?secretary\b
Victoria,Atkins,Commons,Minister for Afghan resettlement,2021-09-17,2022-03-08,172.0,2019-12-12,2226.0,Conservative,Boris Johnson,https://id.parliament.uk/QAHSUmv8,4399,ambiguous,False,regex:\bminister for\b
Maria,Caulfield,Commons,Parliamentary Under-Secretary (Department of Health and Social Care),2021-09-17,2022-07-07,293.0,2019-12-12,2226.0,Conservative,Boris Johnson,https://id.parliament.uk/2GfKGest,4492,non_senior,False,regex:\bparliamentary under-?secretary\b
Deborah,Stedman-Scott,Lords,"Parliamentary Under-Secretary (Foreign, Commonwealth and Development Office)",2021-09-17,2022-09-22,370.0,2019-12-12,2226.0,Conservative,Boris Johnson,https://id.parliament.uk/vWas5sC8,4174,non_senior,False,regex:\bparliamentary under-?secretary\b
David,Rutley,Commons,Parliamentary Under-Secretary (Department for Work and Pensions),2021-09-17,2022-09-20,368.0,2019-12-12,2226.0,Conservative,Boris Johnson,https://id.parliament.uk/ddPvPaAc,4033,non_senior,False,regex:\bparliamentary under-?secretary\b
James,Morris,Commons,"Vice Chamberlain (HM Household) (Whip, House of Commons)",2021-09-17,2022-07-08,294.0,2019-12-12,2226.0,Conservative,Boris Johnson,https://id.parliament.uk/Gagx37iP,3992,non_senior,False,regex:\bwhip\b
Diana,Barran,Lords,Parliamentary Under-Secretary (Department for Education),2021-09-17,2024-07-05,1022.0,2019-12-12,2226.0,Conservative,Boris Johnson,https://id.parliament.uk/s8vARVLK,4703,non_senior,False,regex:\bparliamentary under-?secretary\b
Marcus,Jones,Commons,"Comptroller (HM Household) (Whip, House of Commons)",2021-09-17,2022-07-07,293.0,2019-12-12,2226.0,Conservative,Boris Johnson,https://id.parliament.uk/ODNC95e3,4024,non_senior,False,regex:\bwhip\b
Neil,O'Brien,Commons,"Parliamentary Under Secretary of State (Department for Levelling Up, Housing and Communities)",2021-09-19,2022-07-06,290.0,2019-12-12,2226.0,Conservative,Boris Johnson,https://id.parliament.uk/MoB61exF,4679,senior,True,contains:secretary of state
James,Cartlidge,Commons,Assistant Whip,2021-09-19,2022-07-07,291.0,2019-12-12,2226.0,Conservative,Boris Johnson,https://id.parliament.uk/KRf7T7ZN,4519,non_senior,False,regex:\bassistant whip\b
James,Cartlidge,Commons,Parliamentary Under Secretary of State (Ministry of Justice) (and Assistant Government Whip),2021-09-19,2022-07-07,291.0,2019-12-12,2226.0,Conservative,Boris Johnson,https://id.parliament.uk/KRf7T7ZN,4519,senior,True,contains:secretary of state
Michael,Gove,Commons,"Secretary of State for Levelling Up, Housing and Communities",2021-09-19,2022-07-06,290.0,2019-12-12,2226.0,Conservative,Boris Johnson,https://id.parliament.uk/0K7kX33I,1571,senior,True,contains:secretary of state
Thomas,Pursglove,Commons,Parliamentary Under Secretary of State (Ministry of Justice) (jointly with Home Office),2021-09-19,2022-07-07,291.0,2019-12-12,2226.0,Conservative,Boris Johnson,https://id.parliament.uk/yxZXn9N5,4369,senior,True,contains:secretary of state
Paul,Scully,Commons,Minister of State (London),2021-09-19,2022-10-27,403.0,2019-12-12,2226.0,Conservative,Boris Johnson,https://id.parliament.uk/rBcPDbnY,4414,ambiguous,False,regex:\bminister of state\b
Christopher,Pincher,Commons,"Minister of State (Department for Levelling Up, Housing and Communities)",2021-09-19,2022-02-09,143.0,2019-12-12,2226.0,Conservative,Boris Johnson,https://id.parliament.uk/W4hBGj4J,4075,ambiguous,False,regex:\bminister of state\b
Edmund,Hughes,Commons,"Parliamentary Under Secretary of State (Department for Levelling Up, Housing and Communities)",2021-09-19,2022-09-08,354.0,2019-12-12,2226.0,Conservative,Boris Johnson,https://id.parliament.uk/RJTcU1gI,4635,senior,True,contains:secretary of state
Michael,Gove,Commons,Minister for Intergovernmental Relations,2021-09-19,2022-09-06,352.0,2019-12-12,2226.0,Conservative,Boris Johnson,https://id.parliament.uk/0K7kX33I,1571,ambiguous,False,regex:\bminister for\b
Scott,Mann,Commons,Assistant Whip,2021-09-19,2022-09-20,366.0,2019-12-12,2226.0,Conservative,Boris Johnson,https://id.parliament.uk/vvon8Xdo,4496,non_senior,False,regex:\bassistant whip\b
Gareth,Johnson,Commons,Assistant Whip,2021-09-20,2022-02-09,142.0,2019-12-12,2226.0,Conservative,Boris Johnson,https://id.parliament.uk/FwqGTLQH,3970,non_senior,False,regex:\bassistant whip\b
Heather,Wheeler,Commons,Assistant Whip,2021-09-20,2022-07-08,291.0,2019-12-12,2226.0,Conservative,Boris Johnson,https://id.parliament.uk/hGqCOo3s,4053,non_senior,False,regex:\bassistant whip\b
Craig,Whittaker,Commons,Lord Commissioner (HM Treasury) (Whip),2021-09-20,2022-02-10,143.0,2019-12-12,2226.0,Conservative,Boris Johnson,https://id.parliament.uk/kX4bGw43,3940,non_senior,False,regex:\bwhip\b
Stephen,Double,Commons,Assistant Whip,2021-09-20,2022-07-08,291.0,2019-12-12,2226.0,Conservative,Boris Johnson,https://id.parliament.uk/4tUWCtQH,4452,non_senior,False,regex:\bassistant whip\b
Andrea,Jenkyns,Commons,Assistant Whip,2021-09-20,2022-07-08,291.0,2019-12-12,2226.0,Conservative,Boris Johnson,https://id.parliament.uk/TtNDTJP0,4490,non_senior,False,regex:\bassistant whip\b
Jonathan,Caine,Lords,Parliamentary Under-Secretary (Northern Ireland Office),2021-11-05,2024-07-05,973.0,2019-12-12,2226.0,Conservative,Boris Johnson,https://id.parliament.uk/l9Ss90US,4581,non_senior,False,regex:\bparliamentary under-?secretary\b
Wendy,Morton,Commons,Parliamentary Under-Secretary (Department for Transport),2021-12-19,2022-02-09,52.0,2019-12-12,2226.0,Conservative,Boris Johnson,https://id.parliament.uk/j6Lei0y7,4358,non_senior,False,regex:\bparliamentary under-?secretary\b
Christopher,Heaton-Harris,Commons,"Minister of State (Foreign, Commonwealth and Development Office)",2021-12-19,2022-02-08,51.0,2019-12-12,2226.0,Conservative,Boris Johnson,https://id.parliament.uk/6xdB80aQ,3977,ambiguous,False,regex:\bminister of state\b
Andrew,Griffith,Commons,Parliamentary Secretary (Minister for Policy and Head of the Prime Minister’s Policy Unit),2022-02-03,2022-07-08,155.0,2019-12-12,2226.0,Conservative,Boris Johnson,https://id.parliament.uk/U0c9xqqa,4874,senior,True,contains:prime minister
Michael,Ellis,Commons,Minister of State (Cabinet Office) (Attends Cabinet),2022-02-08,2022-09-06,210.0,2019-12-12,2226.0,Conservative,Boris Johnson,https://id.parliament.uk/NYp5fsei,4116,ambiguous,False,regex:\bminister of state\b
Christopher,Heaton-Harris,Commons,Parliamentary Secretary to the Treasury and Chief Whip,2022-02-08,2022-09-06,210.0,2019-12-12,2226.0,Conservative,Boris Johnson,https://id.parliament.uk/6xdB80aQ,3977,non_senior,False,regex:\bparliamentary secretary\b
Stephen,Barclay,Commons,Chancellor of the Duchy of Lancaster,2022-02-08,2022-07-05,147.0,2019-12-12,2226.0,Conservative,Boris Johnson,https://id.parliament.uk/nBemRbWt,4095,senior,True,contains:chancellor of the duchy of lancaster
Mark,Spencer,Commons,Lord President of the Council and Leader of the House of Commons,2022-02-08,2022-09-06,210.0,2019-12-12,2226.0,Conservative,Boris Johnson,https://id.parliament.uk/YWnDvo84,4055,senior,True,contains:lord president of the council
Jacob,Rees-Mogg,Commons,Minister of State (Minister for Brexit Opportunities and Government Efficiency),2022-02-08,2022-09-06,210.0,2019-12-12,2226.0,Conservative,Boris Johnson,https://id.parliament.uk/7syCchhA,4099,ambiguous,False,regex:\bminister of state\b
James,Cleverly,Commons,Minister of State (Minister for Europe),2022-02-08,2022-07-07,149.0,2019-12-12,2226.0,Conservative,Boris Johnson,https://id.parliament.uk/BxEyDcsA,4366,ambiguous,False,regex:\bminister of state\b
Stuart,Andrew,Commons,Minister of State (Minister for Housing),2022-02-08,2022-07-06,148.0,2019-12-12,2226.0,Conservative,Boris Johnson,https://id.parliament.uk/Gi80AXwX,4032,ambiguous,False,regex:\bminister of state\b
Heather,Wheeler,Commons,Parliamentary Secretary (Cabinet Office),2022-02-08,2022-09-07,211.0,2019-12-12,2226.0,Conservative,Boris Johnson,https://id.parliament.uk/hGqCOo3s,4053,non_senior,False,regex:\bparliamentary secretary\b
Wendy,Morton,Commons,Minister of State (Department for Transport),2022-02-09,2022-09-06,209.0,2019-12-12,2226.0,Conservative,Boris Johnson,https://id.parliament.uk/j6Lei0y7,4358,ambiguous,False,regex:\bminister of state\b
Gareth,Johnson,Commons,Lord Commissioner (HM Treasury) (Whip),2022-02-09,2022-09-20,223.0,2019-12-12,2226.0,Conservative,Boris Johnson,https://id.parliament.uk/FwqGTLQH,3970,non_senior,False,regex:\bwhip\b
Christopher,Pincher,Commons,"Treasurer of HM Household (Deputy Chief Whip, House of Commons)",2022-02-09,2022-06-30,141.0,2019-12-12,2226.0,Conservative,Boris Johnson,https://id.parliament.uk/W4hBGj4J,4075,non_senior,False,regex:\bwhip\b
Sarah,Dines,Commons,Assistant Whip,2022-02-10,2022-07-08,148.0,2019-12-12,2226.0,Conservative,Boris Johnson,https://id.parliament.uk/pmPvLySp,4816,non_senior,False,regex:\bassistant whip\b
Kelly,Tolhurst,Commons,"Treasurer of HM Household (Deputy Chief Whip, House of Commons)",2022-07-01,2022-09-07,68.0,2019-12-12,2226.0,Conservative,Boris Johnson,https://id.parliament.uk/l2T1nZKg,4487,non_senior,False,regex:\bwhip\b
Stephen,Barclay,Commons,Secretary of State for Health and Social Care,2022-07-05,2022-09-06,63.0,2019-12-12,2226.0,Conservative,Boris Johnson,https://id.parliament.uk/nBemRbWt,4095,senior,True,contains:secretary of state
Michelle,Donelan,Commons,Secretary of State for Education,2022-07-05,2022-07-07,2.0,2019-12-12,2226.0,Conservative,Boris Johnson,https://id.parliament.uk/Ad0YHzrk,4530,senior,True,contains:secretary of state
Nadhim,Zahawi,Commons,Chancellor of the Exchequer,2022-07-05,2022-09-06,63.0,2019-12-12,2226.0,Conservative,Boris Johnson,https://id.parliament.uk/HscvKHnF,4113,senior,True,contains:chancellor of the exchequer
Paul,Scully,Commons,"Minister of State (Department for Levelling Up, Housing and Communities)",2022-07-07,2022-10-27,112.0,2019-12-12,2226.0,Conservative,Boris Johnson,https://id.parliament.uk/rBcPDbnY,4414,ambiguous,False,regex:\bminister of state\b
Shailesh,Vara,Commons,Secretary of State for Northern Ireland,2022-07-07,2022-09-06,61.0,2019-12-12,2226.0,Conservative,Boris Johnson,https://id.parliament.uk/Uj24yw4q,1496,senior,True,contains:secretary of state
Robert,Buckland,Commons,Secretary of State for Wales,2022-07-07,2022-10-25,110.0,2019-12-12,2226.0,Conservative,Boris Johnson,https://id.parliament.uk/OcLvTDR4,4106,senior,True,contains:secretary of state
James,Cleverly,Commons,Secretary of State for Education,2022-07-07,2022-09-06,61.0,2019-12-12,2226.0,Conservative,Boris Johnson,https://id.parliament.uk/BxEyDcsA,4366,senior,True,contains:secretary of state
Trudy,Harrison,Commons,Minister of State (Department for Transport),2022-07-07,2022-09-07,62.0,2019-12-12,2226.0,Conservative,Boris Johnson,https://id.parliament.uk/MkQUzdjo,4593,ambiguous,False,regex:\bminister of state\b
Christopher,Malthouse,Commons,Chancellor of the Duchy of Lancaster,2022-07-07,2022-09-06,61.0,2019-12-12,2226.0,Conservative,Boris Johnson,https://id.parliament.uk/K9fWqlEA,4495,senior,True,contains:chancellor of the duchy of lancaster
Rebecca,Harris,Commons,"Comptroller (HM Household) (Whip, House of Commons)",2022-07-07,2024-07-05,729.0,2019-12-12,2226.0,Conservative,Boris Johnson,https://id.parliament.uk/pyF90GL4,3948,non_senior,False,regex:\bwhip\b
Anthony,Timpson,Commons,Solicitor General (Attorney General's Office),2022-07-07,2022-09-07,62.0,2019-12-12,2226.0,Conservative,Boris Johnson,https://id.parliament.uk/RnmAK7sq,1605,ambiguous,False,regex:\battorney general\b
Stephen,McPartland,Commons,Minister of State (Home Office) (Security),2022-07-07,2022-09-06,61.0,2019-12-12,2226.0,Conservative,Boris Johnson,https://id.parliament.uk/t5SKlvSg,4093,ambiguous,False,regex:\bminister of state\b
James,Heappey,Commons,Minister of State (Ministry of Defence),2022-07-07,2022-09-06,61.0,2019-12-12,2226.0,Conservative,Boris Johnson,https://id.parliament.uk/jUL90JaV,4528,ambiguous,False,regex:\bminister of state\b
Graham,Stuart,Commons,"Minister of State (Foreign, Commonwealth and Development Office)",2022-07-07,2022-09-06,61.0,2019-12-12,2226.0,Conservative,Boris Johnson,https://id.parliament.uk/uyQOJxJ0,1482,ambiguous,False,regex:\bminister of state\b
John,Mercer,Commons,Minister of State (Cabinet Office) (Minister for Veterans' Affairs),2022-07-07,2022-09-06,61.0,2019-12-12,2226.0,Conservative,Boris Johnson,https://id.parliament.uk/4csB0FKu,4485,ambiguous,False,regex:\bminister of state\b
Marcus,Jones,Commons,"Minister of State (Department for Levelling Up, Housing and Communities)",2022-07-07,2022-09-07,62.0,2019-12-12,2226.0,Conservative,Boris Johnson,https://id.parliament.uk/ODNC95e3,4024,ambiguous,False,regex:\bminister of state\b
Andrew,Stephenson,Commons,Minister without Portfolio (Cabinet Office),2022-07-07,2022-09-06,61.0,2019-12-12,2226.0,Conservative,Boris Johnson,https://id.parliament.uk/xPajTduv,4044,senior,True,contains:minister without portfolio
Gregory,Clark,Commons,"Secretary of State for Levelling Up, Housing and Communities",2022-07-07,2022-09-06,61.0,2019-12-12,2226.0,Conservative,Boris Johnson,https://id.parliament.uk/jqlCAgYA,1578,senior,True,contains:secretary of state
Maria,Caulfield,Commons,Minister of State (Department of Health and Social Care),2022-07-07,2022-09-07,62.0,2019-12-12,2226.0,Conservative,Boris Johnson,https://id.parliament.uk/2GfKGest,4492,ambiguous,False,regex:\bminister of state\b
Thomas,Pursglove,Commons,Minister of State (Ministry of Justice) (jointly with Home Office),2022-07-07,2022-09-07,62.0,2019-12-12,2226.0,Conservative,Boris Johnson,https://id.parliament.uk/yxZXn9N5,4369,ambiguous,False,regex:\bminister of state\b
William,Quince,Commons,Minister of State (Education),2022-07-07,2022-09-07,62.0,2019-12-12,2226.0,Conservative,Boris Johnson,https://id.parliament.uk/gWzeTtB9,4423,ambiguous,False,regex:\bminister of state\b
Matthew,Warman,Commons,"Minister of State (Department for Digital, Culture, Media and Sport)",2022-07-07,2022-09-07,62.0,2019-12-12,2226.0,Conservative,Boris Johnson,https://id.parliament.uk/y0BbQAKX,4361,ambiguous,False,regex:\bminister of state\b
Damian,Collins,Commons,"Parliamentary Under-Secretary (Department for Digital, Culture, Media and Sport)",2022-07-08,2022-10-27,111.0,2019-12-12,2226.0,Conservative,Boris Johnson,https://id.parliament.uk/wHuM34Yt,3986,non_senior,False,regex:\bparliamentary under-?secretary\b
Sarah,Dines,Commons,Parliamentary Under Secretary of State (Ministry of Justice) (jointly with Home Office),2022-07-08,2022-09-20,74.0,2019-12-12,2226.0,Conservative,Boris Johnson,https://id.parliament.uk/pmPvLySp,4816,senior,True,contains:secretary of state
Guy,Opperman,Commons,Parliamentary Under-Secretary (Department for Work and Pensions),2022-07-08,2022-09-08,62.0,2019-12-12,2226.0,Conservative,Boris Johnson,https://id.parliament.uk/KRgnTeJ7,4142,non_senior,False,regex:\bparliamentary under-?secretary\b
Amanda,Solloway,Commons,"Parliamentary Under Secretary of State (Foreign, Commonwealth and Development Office) (Minister for Equalities)",2022-07-08,2022-09-20,74.0,2019-12-12,2226.0,Conservative,Boris Johnson,https://id.parliament.uk/qQjIWSuk,4372,senior,True,contains:secretary of state
David,Davies,Commons,Lord Commissioner (HM Treasury) (Whip) (Jointly as unpaid Parliamentary Under Secretary of State at the Wales Office),2022-07-08,2022-09-08,62.0,2019-12-12,2226.0,Conservative,Boris Johnson,https://id.parliament.uk/oHe9GoOF,1545,senior,True,contains:secretary of state
Peter,Bone,Commons,Deputy Leader of the House of Commons,2022-07-08,2022-09-27,81.0,2019-12-12,2226.0,Conservative,Boris Johnson,https://id.parliament.uk/Fn8AppNy,1581,senior,True,contains:leader of the house of commons
Michael,Tomlinson-Mynors,Commons,"Vice Chamberlain (HM Household) (Whip, House of Commons)",2022-07-08,2022-09-07,61.0,2019-12-12,2226.0,Conservative,Boris Johnson,https://id.parliament.uk/Gcac8q7F,4497,non_senior,False,regex:\bwhip\b
Amanda,Solloway,Commons,Parliamentary Under-Secretary (Home Office),2022-07-08,2022-09-20,74.0,2019-12-12,2226.0,Conservative,Boris Johnson,https://id.parliament.uk/qQjIWSuk,4372,non_senior,False,regex:\bparliamentary under-?secretary\b
Stephen,Double,Commons,"Parliamentary Under-Secretary (Department for Environment, Food and Rural Affairs)",2022-07-08,2022-09-08,62.0,2019-12-12,2226.0,Conservative,Boris Johnson,https://id.parliament.uk/4tUWCtQH,4452,non_senior,False,regex:\bparliamentary under-?secretary\b
Craig,Whittaker,Commons,Lord Commissioner (HM Treasury) (Whip),2022-07-08,2022-09-07,61.0,2019-12-12,2226.0,Conservative,Boris Johnson,https://id.parliament.uk/kX4bGw43,3940,non_senior,False,regex:\bwhip\b
Simon,Baynes,Commons,Parliamentary Under Secretary of State (Ministry of Justice) (jointly with Home Office),2022-07-08,2022-09-08,62.0,2019-12-12,2226.0,Conservative,Boris Johnson,https://id.parliament.uk/Jp7vS7iZ,4800,senior,True,contains:secretary of state
Andrew,Griffith,Commons,Parliamentary Under-Secretary (Department for International Trade),2022-07-08,2022-09-07,61.0,2019-12-12,2226.0,Conservative,Boris Johnson,https://id.parliament.uk/U0c9xqqa,4874,non_senior,False,regex:\bparliamentary under-?secretary\b
Atta-Ur-Rehman,Chishti,Commons,"Parliamentary Under-Secretary (Foreign, Commonwealth and Development Office)",2022-07-08,2022-09-07,61.0,2019-12-12,2226.0,Conservative,Boris Johnson,https://id.parliament.uk/K5YBoKk2,3987,non_senior,False,regex:\bparliamentary under-?secretary\b
Alan,Mak,Commons,Exchequer Secretary (HM Treasury),2022-07-08,2022-09-07,61.0,2019-12-12,2226.0,Conservative,Boris Johnson,https://id.parliament.uk/UjhH5qiw,4484,ambiguous,False,default
David,Morris,Commons,Assistant Whip,2022-07-08,2022-09-20,74.0,2019-12-12,2226.0,Conservative,Boris Johnson,https://id.parliament.uk/QJjBt02S,4135,non_senior,False,regex:\bassistant whip\b
Brendan,Clarke-Smith,Commons,Parliamentary Under-Secretary (Department for Education),2022-07-08,2022-09-07,61.0,2019-12-12,2226.0,Conservative,Boris Johnson,https://id.parliament.uk/JTErETJp,4756,non_senior,False,regex:\bparliamentary under-?secretary\b
Joy,Morrissey,Commons,Assistant Whip,2022-07-08,2023-11-14,494.0,2019-12-12,2226.0,Conservative,Boris Johnson,https://id.parliament.uk/cwSavkui,4759,non_senior,False,regex:\bassistant whip\b
Andrea,Jenkyns,Commons,Parliamentary Under-Secretary (Department for Education),2022-07-08,2022-10-27,111.0,2019-12-12,2226.0,Conservative,Boris Johnson,https://id.parliament.uk/TtNDTJP0,4490,non_senior,False,regex:\bparliamentary under-?secretary\b
Richard,Fuller,Commons,Economic Secretary (HM Treasury),2022-07-08,2022-10-27,111.0,2019-12-12,2226.0,Conservative,Boris Johnson,https://id.parliament.uk/xWdIXrhv,3912,ambiguous,False,regex:\beconomic secretary\b
Adam,Holloway,Commons,Assistant Whip,2022-07-08,2022-09-20,74.0,2019-12-12,2226.0,Conservative,Boris Johnson,https://id.parliament.uk/3JgdBkgw,1522,non_senior,False,regex:\bassistant whip\b
James,Morris,Commons,Parliamentary Under-Secretary (Department of Health and Social Care),2022-07-08,2022-09-08,62.0,2019-12-12,2226.0,Conservative,Boris Johnson,https://id.parliament.uk/Gagx37iP,3992,non_senior,False,regex:\bparliamentary under-?secretary\b
Julie,Marson,Commons,Assistant Whip,2022-07-08,2022-09-20,74.0,2019-12-12,2226.0,Conservative,Boris Johnson,https://id.parliament.uk/SwhmFdO7,4768,non_senior,False,regex:\bassistant whip\b
Julie,Marson,Commons,Parliamentary Under-Secretary (Department for Work and Pensions),2022-07-08,2022-09-20,74.0,2019-12-12,2226.0,Conservative,Boris Johnson,https://id.parliament.uk/SwhmFdO7,4768,non_senior,False,regex:\bparliamentary under-?secretary\b
James,Duddridge,Commons,Lord Commissioner (HM Treasury) (Whip),2022-07-08,2022-09-07,61.0,2019-12-12,2226.0,Conservative,Boris Johnson,https://id.parliament.uk/uDZzgmxr,1559,non_senior,False,regex:\bwhip\b
Stuart,Andrew,Commons,Minister of State (Ministry of Justice),2022-07-08,2022-09-07,61.0,2019-12-12,2226.0,Conservative,Boris Johnson,https://id.parliament.uk/Gi80AXwX,4032,ambiguous,False,regex:\bminister of state\b
Karl,McCartney,Commons,Parliamentary Under-Secretary (Department for Transport),2022-07-08,2022-09-08,62.0,2019-12-12,2226.0,Conservative,Boris Johnson,https://id.parliament.uk/FMqhfVwU,4028,non_senior,False,regex:\bparliamentary under-?secretary\b
Suzanne,Webb,Commons,Assistant Whip,2022-07-08,2022-09-20,74.0,2019-12-12,2226.0,Conservative,Boris Johnson,https://id.parliament.uk/YfiZY7ZX,4802,non_senior,False,regex:\bassistant whip\b
Lia,Nici-Townend,Commons,"Parliamentary Under Secretary of State (Department for Levelling Up, Housing and Communities)",2022-07-08,2022-09-20,74.0,2019-12-12,2226.0,Conservative,Boris Johnson,https://id.parliament.uk/6sLM1yKE,4851,senior,True,contains:secretary of state
Stuart,Anderson,Commons,Assistant Whip,2022-07-08,2023-02-16,223.0,2019-12-12,2226.0,Conservative,Boris Johnson,https://id.parliament.uk/4gedjvG8,4742,non_senior,False,regex:\bassistant whip\b
David,Evennett,Commons,Assistant Whip,2022-07-08,2022-09-07,61.0,2019-12-12,2226.0,Conservative,Boris Johnson,https://id.parliament.uk/KhqjbENy,1198,non_senior,False,regex:\bassistant whip\b
Jane,Hunt,Commons,"Parliamentary Under-Secretary (Department for Business, Energy and Industrial Strategy)",2022-07-08,2022-09-08,62.0,2019-12-12,2226.0,Conservative,Boris Johnson,https://id.parliament.uk/v2fyCgOm,4839,non_senior,False,regex:\bparliamentary under-?secretary\b
Jacob,Rees-Mogg,Commons,"Secretary of State for Business, Energy and Industrial Strategy",2022-09-06,2022-10-25,49.0,2019-12-12,2226.0,Conservative,Boris Johnson,https://id.parliament.uk/7syCchhA,4099,senior,True,contains:secretary of state
Nadhim,Zahawi,Commons,Chancellor of the Duchy of Lancaster,2022-09-06,2022-10-25,49.0,2019-12-12,2226.0,Conservative,Boris Johnson,https://id.parliament.uk/HscvKHnF,4113,senior,True,contains:chancellor of the duchy of lancaster
Nadhim,Zahawi,Commons,Minister for Equalities,2022-09-06,2022-10-25,49.0,2019-12-12,2226.0,Conservative,Boris Johnson,https://id.parliament.uk/HscvKHnF,4113,ambiguous,False,regex:\bminister for\b
Ranil,Jayawardena,Commons,"Secretary of State for Environment, Food and Rural Affairs",2022-09-06,2022-10-25,49.0,2019-12-12,2226.0,Conservative,Boris Johnson,https://id.parliament.uk/2mWw3B3n,4498,senior,True,contains:secretary of state
Kwasi,Kwarteng,Commons,Chancellor of the Exchequer,2022-09-06,2022-10-14,38.0,2019-12-12,2226.0,Conservative,Boris Johnson,https://id.parliament.uk/sdCPc48H,4134,senior,True,contains:chancellor of the exchequer
Brandon,Lewis,Commons,Lord Chancellor and Secretary of State for Justice,2022-09-06,2022-10-25,49.0,2019-12-12,2226.0,Conservative,Boris Johnson,https://id.parliament.uk/C91rcqgY,4009,senior,True,contains:lord chancellor
Michelle,Donelan,Commons,"Secretary of State for Digital, Culture, Media and Sport",2022-09-06,2023-02-07,154.0,2019-12-12,2226.0,Conservative,Boris Johnson,https://id.parliament.uk/Ad0YHzrk,4530,senior,True,contains:secretary of state
Simon,Clarke,Commons,"Secretary of State for Levelling Up, Housing and Communities",2022-09-06,2022-10-25,49.0,2019-12-12,2226.0,Conservative,Boris Johnson,https://id.parliament.uk/qroUXuK3,4655,senior,True,contains:secretary of state
Olukemi,Badenoch,Commons,Secretary of State for International Trade and President of the Board of Trade,2022-09-06,2023-02-07,154.0,2019-12-12,2226.0,Conservative,Boris Johnson,https://id.parliament.uk/pCJxGryC,4597,senior,True,contains:secretary of state
Nicholas,True,Lords,Leader of the House of Lords and Lord Privy Seal,2022-09-06,2024-07-05,668.0,2019-12-12,2226.0,Conservative,Boris Johnson,https://id.parliament.uk/HfLZiPLM,4200,senior,True,contains:lord privy seal
Penelope,Mordaunt,Commons,Lord President of the Council and Leader of the House of Commons,2022-09-06,2024-07-05,668.0,2019-12-12,2226.0,Conservative,Boris Johnson,https://id.parliament.uk/RMNQDZri,4017,senior,True,contains:lord president of the council
Christopher,Malthouse,Commons,Secretary of State for Education,2022-09-06,2022-10-25,49.0,2019-12-12,2226.0,Conservative,Boris Johnson,https://id.parliament.uk/K9fWqlEA,4495,senior,True,contains:secretary of state
Edward,Argar,Commons,Paymaster General,2022-09-06,2022-10-14,38.0,2019-12-12,2226.0,Conservative,Boris Johnson,https://id.parliament.uk/lMvp3beP,4362,ambiguous,False,regex:\bpaymaster general\b
Chloe,Smith,Commons,Secretary of State for Work and Pensions,2022-09-06,2022-10-25,49.0,2019-12-12,2226.0,Conservative,Boris Johnson,https://id.parliament.uk/trjrjVxb,1609,senior,True,contains:secretary of state
Sue-Ellen,Braverman,Commons,Home Secretary,2022-09-06,2022-10-19,43.0,2019-12-12,2226.0,Conservative,Boris Johnson,https://id.parliament.uk/jlAAlWAo,4475,ambiguous,False,default
Christopher,Heaton-Harris,Commons,Secretary of State for Northern Ireland,2022-09-06,2024-07-05,668.0,2019-12-12,2226.0,Conservative,Boris Johnson,https://id.parliament.uk/6xdB80aQ,3977,senior,True,contains:secretary of state
Thomas,Tugendhat,Commons,Minister of State (Home Office) (Security),2022-09-06,2024-07-05,668.0,2019-12-12,2226.0,Conservative,Boris Johnson,https://id.parliament.uk/g2DNCmO7,4462,ambiguous,False,regex:\bminister of state\b
Elizabeth,Truss,Commons,"Prime Minister, First Lord of the Treasury, Minister for the Civil Service, and Minister for the Union",2022-09-06,2022-10-25,49.0,2019-12-12,2226.0,Conservative,Boris Johnson,https://id.parliament.uk/dQvfKfAo,4097,senior,True,contains:prime minister
Graham,Stuart,Commons,Minister of State (Minister for Climate),2022-09-06,2023-02-07,154.0,2019-12-12,2226.0,Conservative,Boris Johnson,https://id.parliament.uk/uyQOJxJ0,1482,ambiguous,False,regex:\bminister of state\b
James,Heappey,Commons,Minister of State (Ministry of Defence) (Minister for the Armed Forces),2022-09-06,2024-03-26,567.0,2019-12-12,2226.0,Conservative,Boris Johnson,https://id.parliament.uk/jUL90JaV,4528,ambiguous,False,regex:\bminister of state\b
Wendy,Morton,Commons,Parliamentary Secretary to the Treasury (Chief Whip),2022-09-06,2022-10-25,49.0,2019-12-12,2226.0,Conservative,Boris Johnson,https://id.parliament.uk/j6Lei0y7,4358,non_senior,False,regex:\bparliamentary secretary\b
Therese,Coffey,Commons,Deputy Prime Minister,2022-09-06,2022-10-25,49.0,2019-12-12,2226.0,Conservative,Boris Johnson,https://id.parliament.uk/wsMvuOfh,4098,senior,True,contains:prime minister
James,Berry,Commons,Minister without Portfolio (Cabinet Office),2022-09-06,2022-10-25,49.0,2019-12-12,2226.0,Conservative,Boris Johnson,https://id.parliament.uk/9M7c9HIy,4060,senior,True,contains:minister without portfolio
Michael,Ellis,Commons,Attorney General,2022-09-06,2022-10-25,49.0,2019-12-12,2226.0,Conservative,Boris Johnson,https://id.parliament.uk/NYp5fsei,4116,ambiguous,False,regex:\battorney general\b
Anne-Marie,Trevelyan,Commons,Secretary of State for Transport,2022-09-06,2022-10-25,49.0,2019-12-12,2226.0,Conservative,Boris Johnson,https://id.parliament.uk/kMJFcI2Z,4531,senior,True,contains:secretary of state
James,Cleverly,Commons,Foreign Secretary,2022-09-06,2023-11-13,433.0,2019-12-12,2226.0,Conservative,Boris Johnson,https://id.parliament.uk/BxEyDcsA,4366,ambiguous,False,default
Edward,Argar,Commons,Minister of State (Cabinet Office) (Attends Cabinet),2022-09-06,2022-10-14,38.0,2019-12-12,2226.0,Conservative,Boris Johnson,https://id.parliament.uk/lMvp3beP,4362,ambiguous,False,regex:\bminister of state\b
Therese,Coffey,Commons,Secretary of State for Health and Social Care,2022-09-06,2022-10-25,49.0,2019-12-12,2226.0,Conservative,Boris Johnson,https://id.parliament.uk/wsMvuOfh,4098,senior,True,contains:secretary of state
Chris,Philp,Commons,Chief Secretary to the Treasury,2022-09-06,2022-10-14,38.0,2019-12-12,2226.0,Conservative,Boris Johnson,https://id.parliament.uk/4ZneyIwV,4503,senior,True,contains:chief secretary to the treasury
Victoria,Ford,Commons,"Minister of State (Foreign, Commonwealth and Development Office) (Minister for Development)",2022-09-06,2022-10-25,49.0,2019-12-12,2226.0,Conservative,Boris Johnson,https://id.parliament.uk/La7hJY9L,4674,ambiguous,False,regex:\bminister of state\b
Nadhim,Zahawi,Commons,Minister for Intergovernmental Relations,2022-09-06,2022-10-25,49.0,2019-12-12,2226.0,Conservative,Boris Johnson,https://id.parliament.uk/HscvKHnF,4113,ambiguous,False,regex:\bminister for\b
Susan,Williams,Lords,"Captain of the Honourable Corps of Gentlemen-at-Arms (HM Household) (Chief Whip, House of Lords)",2022-09-07,2024-07-05,667.0,2019-12-12,2226.0,Conservative,Liz Truss,https://id.parliament.uk/9euzXdH0,4311,non_senior,False,regex:\bwhip\b
Lee,Rowley,Commons,"Parliamentary Under Secretary of State (Department for Levelling Up, Housing and Communities)",2022-09-07,2023-11-13,432.0,2019-12-12,2226.0,Conservative,Liz Truss,https://id.parliament.uk/o8uRVw1g,4652,senior,True,contains:secretary of state
Alec,Shelbrooke,Commons,Minister of State (Ministry of Defence),2022-09-07,2022-10-26,49.0,2019-12-12,2226.0,Conservative,Liz Truss,https://id.parliament.uk/pv4eszzK,3997,ambiguous,False,regex:\bminister of state\b
Andrew,Griffith,Commons,Financial Secretary (HM Treasury),2022-09-07,2022-10-27,50.0,2019-12-12,2226.0,Conservative,Liz Truss,https://id.parliament.uk/U0c9xqqa,4874,ambiguous,False,regex:\bfinancial secretary\b
Jonathan,Gullis,Commons,Parliamentary Under-Secretary (Department for Education),2022-09-07,2022-10-28,51.0,2019-12-12,2226.0,Conservative,Liz Truss,https://id.parliament.uk/J4N7Gkia,4814,non_senior,False,regex:\bparliamentary under-?secretary\b
Leo,Docherty,Commons,"Minister of State (Foreign, Commonwealth and Development Office)",2022-09-07,2022-10-27,50.0,2019-12-12,2226.0,Conservative,Liz Truss,https://id.parliament.uk/H2iqrFlO,4600,ambiguous,False,regex:\bminister of state\b
Kevin,Foster,Commons,Minister of State (Department for Transport),2022-09-07,2022-10-26,49.0,2019-12-12,2226.0,Conservative,Liz Truss,https://id.parliament.uk/Zm3jlHZH,4451,ambiguous,False,regex:\bminister of state\b
Lucy,Leigh (Frazer),Commons,Minister of State (Department for Transport),2022-09-07,2022-10-26,49.0,2019-12-12,2226.0,Conservative,Liz Truss,https://id.parliament.uk/SWXSOmi9,4517,ambiguous,False,regex:\bminister of state\b
Craig,Whittaker,Commons,"Treasurer of HM Household (Deputy Chief Whip, House of Commons)",2022-09-07,2022-10-27,50.0,2019-12-12,2226.0,Conservative,Liz Truss,https://id.parliament.uk/kX4bGw43,3940,non_senior,False,regex:\bwhip\b
Julia,Lopez,Commons,"Minister of State (Department for Digital, Culture, Media and Sport)",2022-09-07,2023-02-07,153.0,2019-12-12,2226.0,Conservative,Liz Truss,https://id.parliament.uk/PbwesL7w,4647,ambiguous,False,regex:\bminister of state\b
Rachel,Maclean,Commons,Minister of State (Ministry of Justice),2022-09-07,2022-10-28,51.0,2019-12-12,2226.0,Conservative,Liz Truss,https://id.parliament.uk/Advyttuk,4668,ambiguous,False,regex:\bminister of state\b
Jacqueline,Doyle-Price,Commons,"Minister of State (Department for Business, Energy and Industrial Strategy)",2022-09-07,2022-10-27,50.0,2019-12-12,2226.0,Conservative,Liz Truss,https://id.parliament.uk/M9UpoF65,4065,ambiguous,False,regex:\bminister of state\b
Brendan,Clarke-Smith,Commons,Parliamentary Secretary (Cabinet Office),2022-09-07,2022-10-27,50.0,2019-12-12,2226.0,Conservative,Liz Truss,https://id.parliament.uk/JTErETJp,4756,non_senior,False,regex:\bparliamentary secretary\b
Robert,Jenrick,Commons,Minister of State (Department of Health and Social Care),2022-09-07,2022-10-25,48.0,2019-12-12,2226.0,Conservative,Liz Truss,https://id.parliament.uk/n4KBuZO5,4320,ambiguous,False,regex:\bminister of state\b
James,Duddridge,Commons,Minister of State (Department for International Trade),2022-09-07,2022-10-26,49.0,2019-12-12,2226.0,Conservative,Liz Truss,https://id.parliament.uk/uDZzgmxr,1559,ambiguous,False,regex:\bminister of state\b
Mark,Spencer,Commons,"Minister of State (Department for Environment, Food and Rural Affairs)",2022-09-07,2024-07-05,667.0,2019-12-12,2226.0,Conservative,Liz Truss,https://id.parliament.uk/YWnDvo84,4055,ambiguous,False,regex:\bminister of state\b
Conor,Burns,Commons,Minister of State (Department for International Trade),2022-09-07,2022-10-07,30.0,2019-12-12,2226.0,Conservative,Liz Truss,https://id.parliament.uk/3zu2dslt,3922,ambiguous,False,regex:\bminister of state\b
William,Quince,Commons,Minister of State (Department of Health and Social Care),2022-09-07,2023-11-13,432.0,2019-12-12,2226.0,Conservative,Liz Truss,https://id.parliament.uk/gWzeTtB9,4423,ambiguous,False,regex:\bminister of state\b
Felicity,Buchan,Commons,Exchequer Secretary (HM Treasury),2022-09-07,2022-10-28,51.0,2019-12-12,2226.0,Conservative,Liz Truss,https://id.parliament.uk/r6XYaj95,4821,ambiguous,False,default
Gillian,Keegan,Commons,"Parliamentary Under-Secretary (Foreign, Commonwealth and Development Office)",2022-09-07,2022-10-25,48.0,2019-12-12,2226.0,Conservative,Liz Truss,https://id.parliament.uk/BdbiB2hR,4680,non_senior,False,regex:\bparliamentary under-?secretary\b
David,Evennett,Commons,Lord Commissioner (HM Treasury) (Whip),2022-09-07,2022-10-27,50.0,2019-12-12,2226.0,Conservative,Liz Truss,https://id.parliament.uk/KhqjbENy,1198,non_senior,False,regex:\bwhip\b
Nusrat,Ul-Ghani,Commons,"Minister of State (Department for Business, Energy and Industrial Strategy)",2022-09-07,2023-02-07,153.0,2019-12-12,2226.0,Conservative,Liz Truss,https://id.parliament.uk/g9m5rSVd,4460,ambiguous,False,regex:\bminister of state\b
Steven,Baker,Commons,Minister of State (Northern Ireland Office),2022-09-07,2024-07-05,667.0,2019-12-12,2226.0,Conservative,Liz Truss,https://id.parliament.uk/LQYyrSHJ,4064,ambiguous,False,regex:\bminister of state\b
Jeremy,Quin,Commons,Minister of State (Home Office),2022-09-07,2022-10-25,48.0,2019-12-12,2226.0,Conservative,Liz Truss,https://id.parliament.uk/3cCGfc83,4507,ambiguous,False,regex:\bminister of state\b
Thomas,Pursglove,Commons,Minister of State (Home Office),2022-09-07,2022-10-25,48.0,2019-12-12,2226.0,Conservative,Liz Truss,https://id.parliament.uk/yxZXn9N5,4369,ambiguous,False,regex:\bminister of state\b
Victoria,Prentis,Commons,Minister of State (Department for Work and Pensions),2022-09-07,2022-10-25,48.0,2019-12-12,2226.0,Conservative,Liz Truss,https://id.parliament.uk/7tqzkPcd,4401,ambiguous,False,regex:\bminister of state\b
Kelly,Tolhurst,Commons,Minister of State (Education),2022-09-07,2022-10-27,50.0,2019-12-12,2226.0,Conservative,Liz Truss,https://id.parliament.uk/l2T1nZKg,4487,ambiguous,False,regex:\bminister of state\b
Trudy,Harrison,Commons,"Parliamentary Under-Secretary (Department for Environment, Food and Rural Affairs)",2022-09-07,2023-11-13,432.0,2019-12-12,2226.0,Conservative,Liz Truss,https://id.parliament.uk/MkQUzdjo,4593,non_senior,False,regex:\bparliamentary under-?secretary\b
Michael,Tomlinson-Mynors,Commons,Solicitor General (Attorney General's Office),2022-09-07,2023-12-07,456.0,2019-12-12,2226.0,Conservative,Liz Truss,https://id.parliament.uk/Gcac8q7F,4497,ambiguous,False,regex:\battorney general\b
Alexander,Norman,Commons,"Minister of State (Foreign, Commonwealth and Development Office)",2022-09-07,2022-10-26,49.0,2019-12-12,2226.0,Conservative,Liz Truss,https://id.parliament.uk/m3Dx06Vx,3991,ambiguous,False,regex:\bminister of state\b
Neil,O'Brien,Commons,Parliamentary Under-Secretary (Department of Health and Social Care),2022-09-08,2023-11-13,431.0,2019-12-12,2226.0,Conservative,Liz Truss,https://id.parliament.uk/MoB61exF,4679,non_senior,False,regex:\bparliamentary under-?secretary\b
Johanna,Churchill,Commons,"Vice Chamberlain (HM Household) (Whip, House of Commons)",2022-09-08,2023-11-13,431.0,2019-12-12,2226.0,Conservative,Liz Truss,https://id.parliament.uk/1P3gl8pl,4380,non_senior,False,regex:\bwhip\b
Dehenna,Fareham,Commons,"Parliamentary Under Secretary of State (Department for Levelling Up, Housing and Communities)",2022-09-08,2023-09-18,375.0,2019-12-12,2226.0,Conservative,Liz Truss,https://id.parliament.uk/QJEJ4dJi,4737,senior,True,contains:secretary of state
Caroline,Johnson,Commons,Parliamentary Under-Secretary (Department of Health and Social Care),2022-09-08,2022-10-27,49.0,2019-12-12,2226.0,Conservative,Liz Truss,https://id.parliament.uk/TSeJnODO,4592,non_senior,False,regex:\bparliamentary under-?secretary\b
David,Duguid,Commons,Parliamentary Under-Secretary (Scotland Office),2022-09-20,2022-10-27,37.0,2019-12-12,2226.0,Conservative,Liz Truss,https://id.parliament.uk/2cqVfKnf,4606,non_senior,False,regex:\bparliamentary under-?secretary\b
Marcus,Fysh,Commons,Parliamentary Under-Secretary (Department for International Trade),2022-09-20,2022-10-27,37.0,2019-12-12,2226.0,Conservative,Liz Truss,https://id.parliament.uk/WW6BJNeF,4446,non_senior,False,regex:\bparliamentary under-?secretary\b
Sarah,Atherton,Commons,Parliamentary Under-Secretary (Ministry of Defence),2022-09-20,2022-10-27,37.0,2019-12-12,2226.0,Conservative,Liz Truss,https://id.parliament.uk/v14RNZWi,4855,non_senior,False,regex:\bparliamentary under-?secretary\b
Katherine,Fletcher,Commons,Parliamentary Secretary (Cabinet Office),2022-09-20,2022-10-27,37.0,2019-12-12,2226.0,Conservative,Liz Truss,https://id.parliament.uk/Mk4i0T7D,4834,non_senior,False,regex:\bparliamentary secretary\b
Stuart,Andrew,Commons,"Parliamentary Under-Secretary (Department for Digital, Culture, Media and Sport)",2022-09-20,2023-02-07,140.0,2019-12-12,2226.0,Conservative,Liz Truss,https://id.parliament.uk/Gi80AXwX,4032,non_senior,False,regex:\bparliamentary under-?secretary\b
Michael,Burghart,Commons,Parliamentary Under-Secretary (Department for Work and Pensions),2022-09-20,2022-10-27,37.0,2019-12-12,2226.0,Conservative,Liz Truss,https://id.parliament.uk/Q6chyb29,4613,non_senior,False,regex:\bparliamentary under-?secretary\b
Katherine,Fletcher,Commons,Parliamentary Under-Secretary (Department for Transport),2022-09-20,2022-10-27,37.0,2019-12-12,2226.0,Conservative,Liz Truss,https://id.parliament.uk/Mk4i0T7D,4834,non_senior,False,regex:\bparliamentary under-?secretary\b
Miriam,Davies,Commons,Parliamentary Under-Secretary (Home Office),2022-09-20,2022-10-27,37.0,2019-12-12,2226.0,Conservative,Liz Truss,https://id.parliament.uk/GR6SZK1Z,4513,non_senior,False,regex:\bparliamentary under-?secretary\b
Sarah,Dines,Commons,"Government Whip, Lord Commissioner of HM Treasury",2022-09-20,2022-10-27,37.0,2019-12-12,2226.0,Conservative,Liz Truss,https://id.parliament.uk/pmPvLySp,4816,non_senior,False,regex:\bwhip\b
Robert,Butler,Commons,Parliamentary Under-Secretary (Ministry of Justice),2022-09-20,2022-10-27,37.0,2019-12-12,2226.0,Conservative,Liz Truss,https://id.parliament.uk/eGuIJdxd,4745,non_senior,False,regex:\bparliamentary under-?secretary\b
Michael,Freer,Commons,Parliamentary Under-Secretary (Ministry of Justice),2022-09-20,2024-07-05,654.0,2019-12-12,2226.0,Conservative,Liz Truss,https://id.parliament.uk/aNKrLGEh,4004,non_senior,False,regex:\bparliamentary under-?secretary\b
Jacob,Young,Commons,Assistant Whip,2022-09-20,2023-09-18,363.0,2019-12-12,2226.0,Conservative,Liz Truss,https://id.parliament.uk/4gGsOClv,4825,non_senior,False,regex:\bassistant whip\b
Gareth,Johnson,Commons,Parliamentary Under-Secretary (Ministry of Justice),2022-09-20,2022-10-27,37.0,2019-12-12,2226.0,Conservative,Liz Truss,https://id.parliament.uk/FwqGTLQH,3970,non_senior,False,regex:\bparliamentary under-?secretary\b
Dean,Russell,Commons,"Parliamentary Under-Secretary (Department for Business, Energy and Industrial Strategy)",2022-09-20,2022-10-27,37.0,2019-12-12,2226.0,Conservative,Liz Truss,https://id.parliament.uk/pW0D7ETR,4812,non_senior,False,regex:\bparliamentary under-?secretary\b
Adam,Holloway,Commons,"Government Whip, Lord Commissioner of HM Treasury",2022-09-20,2022-10-27,37.0,2019-12-12,2226.0,Conservative,Liz Truss,https://id.parliament.uk/3JgdBkgw,1522,non_senior,False,regex:\bwhip\b
Lia,Nici-Townend,Commons,Assistant Whip,2022-09-20,2022-10-27,37.0,2019-12-12,2226.0,Conservative,Liz Truss,https://id.parliament.uk/6sLM1yKE,4851,non_senior,False,regex:\bassistant whip\b
Nigel,Huddleston,Commons,"Government Whip, Lord Commissioner of HM Treasury",2022-09-20,2023-02-07,140.0,2019-12-12,2226.0,Conservative,Liz Truss,https://id.parliament.uk/0J37XN5v,4407,non_senior,False,regex:\bwhip\b
Mark,Jenkinson,Commons,Assistant Whip,2022-09-20,2022-10-27,37.0,2019-12-12,2226.0,Conservative,Liz Truss,https://id.parliament.uk/oBpqVwjP,4752,non_senior,False,regex:\bassistant whip\b
Amanda,Solloway,Commons,"Government Whip, Lord Commissioner of HM Treasury",2022-09-20,2024-07-05,654.0,2019-12-12,2226.0,Conservative,Liz Truss,https://id.parliament.uk/qQjIWSuk,4372,non_senior,False,regex:\bwhip\b
Darren,Henry,Commons,Assistant Whip,2022-09-20,2022-10-27,37.0,2019-12-12,2226.0,Conservative,Liz Truss,https://id.parliament.uk/qfvJorGs,4794,non_senior,False,regex:\bassistant whip\b
Scott,Mann,Commons,"Parliamentary Under-Secretary (Department for Environment, Food and Rural Affairs)",2022-09-20,2022-10-28,38.0,2019-12-12,2226.0,Conservative,Liz Truss,https://id.parliament.uk/vvon8Xdo,4496,non_senior,False,regex:\bparliamentary under-?secretary\b
Andrew,Stephenson,Commons,"Parliamentary Under Secretary of State (Department for Levelling Up, Housing and Communities)",2022-09-20,2022-10-27,37.0,2019-12-12,2226.0,Conservative,Liz Truss,https://id.parliament.uk/xPajTduv,4044,senior,True,contains:secretary of state
Damien,Moore,Commons,Assistant Whip,2022-09-20,2022-10-27,37.0,2019-12-12,2226.0,Conservative,Liz Truss,https://id.parliament.uk/f9bLliaT,4669,non_senior,False,regex:\bassistant whip\b
Lucy,Neville-Rolfe,Lords,Minister of State (Cabinet Office),2022-09-21,2024-07-05,653.0,2019-12-12,2226.0,Conservative,Liz Truss,https://id.parliament.uk/zqao7Ovw,4284,ambiguous,False,regex:\bminister of state\b
Jane,Scott,Lords,"Parliamentary Under Secretary of State (Department for Levelling Up, Housing and Communities)",2022-09-21,2024-07-05,653.0,2019-12-12,2226.0,Conservative,Liz Truss,https://id.parliament.uk/0cl9lWEs,4553,senior,True,contains:secretary of state
Claire,Coutinho,Commons,Parliamentary Under-Secretary (Department for Work and Pensions),2022-09-21,2022-10-27,36.0,2019-12-12,2226.0,Conservative,Liz Truss,https://id.parliament.uk/1SGwiZsK,4806,non_senior,False,regex:\bparliamentary under-?secretary\b
Deborah,Stedman-Scott,Lords,Parliamentary Secretary (Cabinet Office),2022-09-22,2022-10-29,37.0,2019-12-12,2226.0,Conservative,Liz Truss,https://id.parliament.uk/vWas5sC8,4174,non_senior,False,regex:\bparliamentary secretary\b
Gregory,Hands,Commons,Minister of State (Department for International Trade),2022-10-09,2023-02-07,121.0,2019-12-12,2226.0,Conservative,Liz Truss,https://id.parliament.uk/7Tsbxzkf,1526,ambiguous,False,regex:\bminister of state\b
Jeremy,Hunt,Commons,Chancellor of the Exchequer,2022-10-14,2024-07-05,630.0,2019-12-12,2226.0,Conservative,Liz Truss,https://id.parliament.uk/x6FOPcns,1572,senior,True,contains:chancellor of the exchequer
Chris,Philp,Commons,Paymaster General and Minister for the Cabinet Office,2022-10-14,2022-10-25,11.0,2019-12-12,2226.0,Conservative,Liz Truss,https://id.parliament.uk/4ZneyIwV,4503,ambiguous,False,regex:\bpaymaster general\b
Edward,Argar,Commons,Chief Secretary to the Treasury,2022-10-14,2022-10-27,13.0,2019-12-12,2226.0,Conservative,Liz Truss,https://id.parliament.uk/lMvp3beP,4362,senior,True,contains:chief secretary to the treasury
Grant,Shapps,Commons,Home Secretary,2022-10-19,2022-10-25,6.0,2019-12-12,2226.0,Conservative,Liz Truss,https://id.parliament.uk/ZvG45buB,1582,ambiguous,False,default
Rishi,Sunak,Commons,"Prime Minister, First Lord of the Treasury, Minister for the Civil Service, and Minister for the Union",2022-10-25,2024-07-05,619.0,2019-12-12,2226.0,Conservative,Liz Truss,https://id.parliament.uk/iuC0IKzw,4483,senior,True,contains:prime minister
Stephen,Barclay,Commons,Secretary of State for Health and Social Care,2022-10-25,2023-11-13,384.0,2019-12-12,2226.0,Conservative,Liz Truss,https://id.parliament.uk/nBemRbWt,4095,senior,True,contains:secretary of state
Oliver,Dowden,Commons,Chancellor of the Duchy of Lancaster,2022-10-25,2024-07-05,619.0,2019-12-12,2226.0,Conservative,Liz Truss,https://id.parliament.uk/atcqNbc1,4441,senior,True,contains:chancellor of the duchy of lancaster
Jeremy,Quin,Commons,Paymaster General and Minister for the Cabinet Office,2022-10-25,2023-11-13,384.0,2019-12-12,2226.0,Conservative,Liz Truss,https://id.parliament.uk/3cCGfc83,4507,ambiguous,False,regex:\bpaymaster general\b
Victoria,Prentis,Commons,Attorney General,2022-10-25,2024-07-05,619.0,2019-12-12,2226.0,Conservative,Liz Truss,https://id.parliament.uk/7tqzkPcd,4401,ambiguous,False,regex:\battorney general\b
Andrew,Mitchell,Commons,"Minister of State (Foreign, Commonwealth and Development Office) (Minister for Development and Africa)",2022-10-25,2024-07-05,619.0,2019-12-12,2226.0,Conservative,Liz Truss,https://id.parliament.uk/QW4mOMIY,1211,ambiguous,False,regex:\bminister of state\b
Robert,Jenrick,Commons,Minister of State (Home Office) (Immigration),2022-10-25,2023-12-06,407.0,2019-12-12,2226.0,Conservative,Liz Truss,https://id.parliament.uk/n4KBuZO5,4320,ambiguous,False,regex:\bminister of state\b
Dominic,Raab,Commons,Lord Chancellor and Secretary of State for Justice,2022-10-25,2023-04-21,178.0,2019-12-12,2226.0,Conservative,Liz Truss,https://id.parliament.uk/zjs8wUR3,4007,senior,True,contains:lord chancellor
Andrew,Mitchell,Commons,"Minister of State (Foreign, Commonwealth and Development Office) (Minister for Development)",2022-10-25,,,2019-12-12,2226.0,Conservative,Liz Truss,https://id.parliament.uk/QW4mOMIY,1211,ambiguous,False,regex:\bminister of state\b
Nadhim,Zahawi,Commons,Minister without Portfolio (Cabinet Office),2022-10-25,2023-01-29,96.0,2019-12-12,2226.0,Conservative,Liz Truss,https://id.parliament.uk/HscvKHnF,4113,senior,True,contains:minister without portfolio
Olukemi,Badenoch,Commons,Minister for Women and Equalities,2022-10-25,2024-07-05,619.0,2019-12-12,2226.0,Conservative,Liz Truss,https://id.parliament.uk/pCJxGryC,4597,ambiguous,False,regex:\bminister for\b
Olukemi,Badenoch,Commons,Minister for Women and Equalities,2022-10-25,,,2019-12-12,2226.0,Conservative,Liz Truss,https://id.parliament.uk/pCJxGryC,4597,ambiguous,False,regex:\bminister for\b
David,Davies,Commons,Secretary of State for Wales,2022-10-25,2024-07-05,619.0,2019-12-12,2226.0,Conservative,Liz Truss,https://id.parliament.uk/oHe9GoOF,1545,senior,True,contains:secretary of state
Gavin,Williamson,Commons,Minister of State (Cabinet Office) (Minister without Portfolio),2022-10-25,2022-11-08,14.0,2019-12-12,2226.0,Conservative,Liz Truss,https://id.parliament.uk/bgjHDpQ8,4108,senior,True,contains:minister without portfolio
Mark,Harper,Commons,Secretary of State for Transport,2022-10-25,2024-07-05,619.0,2019-12-12,2226.0,Conservative,Liz Truss,https://id.parliament.uk/psgM7FBk,1520,senior,True,contains:secretary of state
Dominic,Raab,Commons,Deputy Prime Minister,2022-10-25,2023-04-21,178.0,2019-12-12,2226.0,Conservative,Liz Truss,https://id.parliament.uk/zjs8wUR3,4007,senior,True,contains:prime minister
Simon,Hart,Commons,Parliamentary Secretary to the Treasury (Chief Whip),2022-10-25,2024-07-05,619.0,2019-12-12,2226.0,Conservative,Liz Truss,https://id.parliament.uk/EqHq5F1p,3944,non_senior,False,regex:\bparliamentary secretary\b
John,Glen,Commons,Chief Secretary to the Treasury,2022-10-25,2023-11-13,384.0,2019-12-12,2226.0,Conservative,Liz Truss,https://id.parliament.uk/26NskGIS,4051,senior,True,contains:chief secretary to the treasury
Gillian,Keegan,Commons,Secretary of State for Education,2022-10-25,2024-07-05,619.0,2019-12-12,2226.0,Conservative,Liz Truss,https://id.parliament.uk/BdbiB2hR,4680,senior,True,contains:secretary of state
John,Mercer,Commons,Minister of State (Cabinet Office) (Minister for Veterans' Affairs),2022-10-25,2024-07-05,619.0,2019-12-12,2226.0,Conservative,Liz Truss,https://id.parliament.uk/4csB0FKu,4485,ambiguous,False,regex:\bminister of state\b
Therese,Coffey,Commons,"Secretary of State for Environment, Food and Rural Affairs",2022-10-25,2023-11-13,384.0,2019-12-12,2226.0,Conservative,Liz Truss,https://id.parliament.uk/wsMvuOfh,4098,senior,True,contains:secretary of state
Melvyn,Stride,Commons,Secretary of State for Work and Pensions,2022-10-25,2024-07-05,619.0,2019-12-12,2226.0,Conservative,Liz Truss,https://id.parliament.uk/dEAJKHTK,3935,senior,True,contains:secretary of state
Michael,Gove,Commons,Minister for Intergovernmental Relations,2022-10-25,2024-07-05,619.0,2019-12-12,2226.0,Conservative,Liz Truss,https://id.parliament.uk/0K7kX33I,1571,ambiguous,False,regex:\bminister for\b
Michael,Gove,Commons,"Secretary of State for Levelling Up, Housing and Communities",2022-10-25,2024-07-05,619.0,2019-12-12,2226.0,Conservative,Liz Truss,https://id.parliament.uk/0K7kX33I,1571,senior,True,contains:secretary of state
Grant,Shapps,Commons,"Secretary of State for Business, Energy and Industrial Strategy",2022-10-25,2023-02-07,105.0,2019-12-12,2226.0,Conservative,Liz Truss,https://id.parliament.uk/ZvG45buB,1582,senior,True,contains:secretary of state
Sue-Ellen,Braverman,Commons,Home Secretary,2022-10-25,2023-11-13,384.0,2019-12-12,2226.0,Conservative,Liz Truss,https://id.parliament.uk/jlAAlWAo,4475,ambiguous,False,default
Alok,Sharma,Commons,COP26 President (Cabinet Office),2022-10-25,,,2019-12-12,2226.0,Conservative,Liz Truss,https://id.parliament.uk/FyvJWi3Q,4014,ambiguous,False,default
Nicolas,Gibb,Commons,Minister of State (Education),2022-10-26,2023-11-13,383.0,2019-12-12,2226.0,Conservative,Rishi Sunak,https://id.parliament.uk/r0QLf2Xa,111,ambiguous,False,regex:\bminister of state\b
Alexander,Norman,Commons,Minister of State (Department for Transport),2022-10-26,2023-11-13,383.0,2019-12-12,2226.0,Conservative,Rishi Sunak,https://id.parliament.uk/m3Dx06Vx,3991,ambiguous,False,regex:\bminister of state\b
George,Freeman,Commons,"Minister of State (Department for Business, Energy and Industrial Strategy)",2022-10-26,2023-02-07,104.0,2019-12-12,2226.0,Conservative,Rishi Sunak,https://id.parliament.uk/1ngZMeUR,4020,ambiguous,False,regex:\bminister of state\b
Alexander,Chalk,Commons,Minister of State (Ministry of Defence),2022-10-26,2023-04-21,177.0,2019-12-12,2226.0,Conservative,Rishi Sunak,https://id.parliament.uk/hZoVHExl,4481,ambiguous,False,regex:\bminister of state\b
Robert,Halfon,Commons,Minister of State (Education),2022-10-26,2024-03-26,517.0,2019-12-12,2226.0,Conservative,Rishi Sunak,https://id.parliament.uk/bXvFDLTW,3985,ambiguous,False,regex:\bminister of state\b
Lucy,Leigh (Frazer),Commons,"Minister of State (Department for Levelling Up, Housing and Communities)",2022-10-26,2023-02-07,104.0,2019-12-12,2226.0,Conservative,Rishi Sunak,https://id.parliament.uk/SWXSOmi9,4517,ambiguous,False,regex:\bminister of state\b
Helen,Whately,Commons,Minister of State (Department of Health and Social Care),2022-10-26,2024-07-05,618.0,2019-12-12,2226.0,Conservative,Rishi Sunak,https://id.parliament.uk/SHI7vuEh,4527,ambiguous,False,regex:\bminister of state\b
Anne-Marie,Trevelyan,Commons,"Minister of State (Foreign, Commonwealth and Development Office)",2022-10-26,2024-07-05,618.0,2019-12-12,2226.0,Conservative,Rishi Sunak,https://id.parliament.uk/kMJFcI2Z,4531,ambiguous,False,regex:\bminister of state\b
Chris,Philp,Commons,Minister of State (Home Office),2022-10-26,2024-07-05,618.0,2019-12-12,2226.0,Conservative,Rishi Sunak,https://id.parliament.uk/4ZneyIwV,4503,ambiguous,False,regex:\bminister of state\b
Thomas,Pursglove,Commons,Minister of State (Department for Work and Pensions),2022-10-27,2023-12-07,406.0,2019-12-12,2226.0,Conservative,Rishi Sunak,https://id.parliament.uk/yxZXn9N5,4369,ambiguous,False,regex:\bminister of state\b
Leo,Docherty,Commons,"Parliamentary Under-Secretary (Foreign, Commonwealth and Development Office)",2022-10-27,2024-03-26,516.0,2019-12-12,2226.0,Conservative,Rishi Sunak,https://id.parliament.uk/H2iqrFlO,4600,non_senior,False,regex:\bparliamentary under-?secretary\b
Laura,Trott,Commons,Parliamentary Under-Secretary (Department for Work and Pensions),2022-10-27,2023-11-13,382.0,2019-12-12,2226.0,Conservative,Rishi Sunak,https://id.parliament.uk/WZ9sbj9m,4780,non_senior,False,regex:\bparliamentary under-?secretary\b
Sarah,Dines,Commons,Parliamentary Under-Secretary (Home Office),2022-10-27,2023-11-13,382.0,2019-12-12,2226.0,Conservative,Rishi Sunak,https://id.parliament.uk/pmPvLySp,4816,non_senior,False,regex:\bparliamentary under-?secretary\b
Michael,Burghart,Commons,Parliamentary Secretary (Cabinet Office),2022-10-27,2024-07-05,617.0,2019-12-12,2226.0,Conservative,Rishi Sunak,https://id.parliament.uk/Q6chyb29,4613,non_senior,False,regex:\bparliamentary secretary\b
Fay,Jones,Commons,Assistant Whip,2022-10-27,2023-11-13,382.0,2019-12-12,2226.0,Conservative,Rishi Sunak,https://id.parliament.uk/Dzl5s5rL,4763,non_senior,False,regex:\bassistant whip\b
Marcus,Jones,Commons,"Treasurer of HM Household (Deputy Chief Whip, House of Commons)",2022-10-27,2024-07-05,617.0,2019-12-12,2226.0,Conservative,Rishi Sunak,https://id.parliament.uk/ODNC95e3,4024,non_senior,False,regex:\bwhip\b
Victoria,Atkins,Commons,Financial Secretary (HM Treasury),2022-10-27,2023-11-13,382.0,2019-12-12,2226.0,Conservative,Rishi Sunak,https://id.parliament.uk/QAHSUmv8,4399,ambiguous,False,regex:\bfinancial secretary\b
James,Davies,Commons,Parliamentary Under-Secretary (Wales Office),2022-10-27,2023-11-13,382.0,2019-12-12,2226.0,Conservative,Rishi Sunak,https://id.parliament.uk/4QJLwWvC,4476,non_senior,False,regex:\bparliamentary under-?secretary\b
Andrew,Stephenson,Commons,"Government Whip, Lord Commissioner of HM Treasury",2022-10-27,2023-11-13,382.0,2019-12-12,2226.0,Conservative,Rishi Sunak,https://id.parliament.uk/xPajTduv,4044,non_senior,False,regex:\bwhip\b
Julie,Marson,Commons,Assistant Whip,2022-10-27,2023-11-13,382.0,2019-12-12,2226.0,Conservative,Rishi Sunak,https://id.parliament.uk/SwhmFdO7,4768,non_senior,False,regex:\bassistant whip\b
Andrew,Griffith,Commons,Economic Secretary (HM Treasury),2022-10-27,2023-11-13,382.0,2019-12-12,2226.0,Conservative,Rishi Sunak,https://id.parliament.uk/U0c9xqqa,4874,ambiguous,False,regex:\beconomic secretary\b
Claire,Coutinho,Commons,Parliamentary Under-Secretary (Department for Education),2022-10-27,2023-08-31,308.0,2019-12-12,2226.0,Conservative,Rishi Sunak,https://id.parliament.uk/1SGwiZsK,4806,non_senior,False,regex:\bparliamentary under-?secretary\b
Paul,Scully,Commons,"Parliamentary Under-Secretary (Department for Digital, Culture, Media and Sport)",2022-10-27,2023-02-07,103.0,2019-12-12,2226.0,Conservative,Rishi Sunak,https://id.parliament.uk/rBcPDbnY,4414,non_senior,False,regex:\bparliamentary under-?secretary\b
Stuart,Andrew,Commons,Parliamentary Under-Secretary (Department for International Trade) (Minister for Equalities),2022-10-27,2023-02-07,103.0,2019-12-12,2226.0,Conservative,Rishi Sunak,https://id.parliament.uk/Gi80AXwX,4032,non_senior,False,regex:\bparliamentary under-?secretary\b
Robert,Largan,Commons,Assistant Whip,2022-10-27,2024-07-05,617.0,2019-12-12,2226.0,Conservative,Rishi Sunak,https://id.parliament.uk/GWxurWNM,4852,non_senior,False,regex:\bassistant whip\b
John,Lamont,Commons,Parliamentary Under-Secretary (Scotland Office),2022-10-27,2024-07-05,617.0,2019-12-12,2226.0,Conservative,Rishi Sunak,https://id.parliament.uk/ZgyVrZuz,4608,non_senior,False,regex:\bparliamentary under-?secretary\b
Damian,Hinds,Commons,Minister of State (Ministry of Justice),2022-10-27,2023-11-13,382.0,2019-12-12,2226.0,Conservative,Rishi Sunak,https://id.parliament.uk/3KZvvnyo,3969,ambiguous,False,regex:\bminister of state\b
Huw,Merriman,Commons,Minister of State (Department for Transport),2022-10-27,2024-07-05,617.0,2019-12-12,2226.0,Conservative,Rishi Sunak,https://id.parliament.uk/S2QWjoiz,4442,ambiguous,False,regex:\bminister of state\b
Maria,Caulfield,Commons,Parliamentary Under-Secretary (Department of Health and Social Care),2022-10-27,2024-07-05,617.0,2019-12-12,2226.0,Conservative,Rishi Sunak,https://id.parliament.uk/2GfKGest,4492,non_senior,False,regex:\bparliamentary under-?secretary\b
Miriam,Davies,Commons,Parliamentary Under-Secretary (Department for Work and Pensions),2022-10-27,2024-04-12,533.0,2019-12-12,2226.0,Conservative,Rishi Sunak,https://id.parliament.uk/GR6SZK1Z,4513,non_senior,False,regex:\bparliamentary under-?secretary\b
Maria,Caulfield,Commons,Parliamentary Under-Secretary (Department for International Trade) (Minister for Women),2022-10-27,2023-02-07,103.0,2019-12-12,2226.0,Conservative,Rishi Sunak,https://id.parliament.uk/2GfKGest,4492,non_senior,False,regex:\bparliamentary under-?secretary\b
David,Rutley,Commons,"Parliamentary Under-Secretary (Foreign, Commonwealth and Development Office)",2022-10-27,2024-07-05,617.0,2019-12-12,2226.0,Conservative,Rishi Sunak,https://id.parliament.uk/ddPvPaAc,4033,non_senior,False,regex:\bparliamentary under-?secretary\b
Guy,Opperman,Commons,Minister of State (Department for Work and Pensions),2022-10-27,2023-11-13,382.0,2019-12-12,2226.0,Conservative,Rishi Sunak,https://id.parliament.uk/KRgnTeJ7,4142,ambiguous,False,regex:\bminister of state\b
Kevin,Hollinrake,Commons,"Parliamentary Under-Secretary (Department for Business, Energy and Industrial Strategy)",2022-10-27,2023-02-07,103.0,2019-12-12,2226.0,Conservative,Rishi Sunak,https://id.parliament.uk/GnSkIXdS,4474,non_senior,False,regex:\bparliamentary under-?secretary\b
Edward,Argar,Commons,Minister of State (Ministry of Justice),2022-10-27,2024-07-05,617.0,2019-12-12,2226.0,Conservative,Rishi Sunak,https://id.parliament.uk/lMvp3beP,4362,ambiguous,False,regex:\bminister of state\b
Stephen,Double,Commons,"Government Whip, Lord Commissioner of HM Treasury",2022-10-28,2023-11-13,381.0,2019-12-12,2226.0,Conservative,Rishi Sunak,https://id.parliament.uk/4tUWCtQH,4452,non_senior,False,regex:\bwhip\b
Felicity,Buchan,Commons,"Parliamentary Under Secretary of State (Department for Levelling Up, Housing and Communities)",2022-10-28,2024-07-05,616.0,2019-12-12,2226.0,Conservative,Rishi Sunak,https://id.parliament.uk/r6XYaj95,4821,senior,True,contains:secretary of state
Michael,Wood,Commons,Assistant Whip,2022-10-28,2023-11-14,382.0,2019-12-12,2226.0,Conservative,Rishi Sunak,https://id.parliament.uk/8JYJIqx1,4384,non_senior,False,regex:\bassistant whip\b
James,Cartlidge,Commons,Exchequer Secretary (HM Treasury),2022-10-28,2023-04-21,175.0,2019-12-12,2226.0,Conservative,Rishi Sunak,https://id.parliament.uk/KRf7T7ZN,4519,ambiguous,False,default
Andrew,Bowie,Commons,Parliamentary Under-Secretary (Department for International Trade),2022-10-28,2023-02-07,102.0,2019-12-12,2226.0,Conservative,Rishi Sunak,https://id.parliament.uk/WCtIlxHD,4601,non_senior,False,regex:\bparliamentary under-?secretary\b
Rebecca,Clark (Pow),Commons,"Parliamentary Under-Secretary (Department for Environment, Food and Rural Affairs)",2022-10-28,2024-07-05,616.0,2019-12-12,2226.0,Conservative,Rishi Sunak,https://id.parliament.uk/ATjzXoFZ,4522,non_senior,False,regex:\bparliamentary under-?secretary\b
Scott,Mann,Commons,"Government Whip, Lord Commissioner of HM Treasury",2022-10-28,2024-07-05,616.0,2019-12-12,2226.0,Conservative,Rishi Sunak,https://id.parliament.uk/vvon8Xdo,4496,non_senior,False,regex:\bwhip\b
Richard,Holden,Commons,Parliamentary Under-Secretary (Department for Transport),2022-10-28,2023-11-13,381.0,2019-12-12,2226.0,Conservative,Rishi Sunak,https://id.parliament.uk/uErvJDkZ,4813,non_senior,False,regex:\bparliamentary under-?secretary\b
Nigel,Huddleston,Commons,Parliamentary Under-Secretary (Department for International Trade),2022-10-30,2023-02-07,100.0,2019-12-12,2226.0,Conservative,Rishi Sunak,https://id.parliament.uk/0J37XN5v,4407,non_senior,False,regex:\bparliamentary under-?secretary\b
Andrew,Murrison,Commons,Parliamentary Under-Secretary (Ministry of Defence),2022-10-30,2024-07-05,614.0,2019-12-12,2226.0,Conservative,Rishi Sunak,https://id.parliament.uk/4CBJjeUo,1466,non_senior,False,regex:\bparliamentary under-?secretary\b
Jonathan,Caine,Lords,Lord in Waiting (HM Household) (Whip),2022-11-25,2024-07-05,588.0,2019-12-12,2226.0,Conservative,Rishi Sunak,https://id.parliament.uk/l9Ss90US,4581,non_senior,False,regex:\bwhip\b
James,Younger,Lords,Parliamentary Under-Secretary (Department for Work and Pensions),2023-01-01,2024-07-05,551.0,2019-12-12,2226.0,Conservative,Rishi Sunak,https://id.parliament.uk/pL1nOvPY,4169,non_senior,False,regex:\bparliamentary under-?secretary\b
Andrew,Bowie,Commons,Parliamentary Under Secretary of State (Department for Energy Security and Net Zero),2023-02-07,2024-07-05,514.0,2019-12-12,2226.0,Conservative,Rishi Sunak,https://id.parliament.uk/WCtIlxHD,4601,senior,True,contains:secretary of state
Amanda,Solloway,Commons,Parliamentary Under Secretary of State (Department for Energy Security and Net Zero),2023-02-07,2024-07-05,514.0,2019-12-12,2226.0,Conservative,Rishi Sunak,https://id.parliament.uk/qQjIWSuk,4372,senior,True,contains:secretary of state
Rachel,Maclean,Commons,"Minister of State (Department for Levelling Up, Housing and Communities)",2023-02-07,2023-11-13,279.0,2019-12-12,2226.0,Conservative,Rishi Sunak,https://id.parliament.uk/Advyttuk,4668,ambiguous,False,regex:\bminister of state\b
George,Freeman,Commons,"Minister of State (Department for Science, Innovation and Technology)",2023-02-07,2023-11-13,279.0,2019-12-12,2226.0,Conservative,Rishi Sunak,https://id.parliament.uk/1ngZMeUR,4020,ambiguous,False,regex:\bminister of state\b
Julia,Lopez,Commons,"Minister of State (Department for Culture, Media and Sport)",2023-02-07,2023-05-09,91.0,2019-12-12,2226.0,Conservative,Rishi Sunak,https://id.parliament.uk/PbwesL7w,4647,ambiguous,False,regex:\bminister of state\b
Lucy,Leigh (Frazer),Commons,"Secretary of State for Culture, Media and Sport",2023-02-07,2024-07-05,514.0,2019-12-12,2226.0,Conservative,Rishi Sunak,https://id.parliament.uk/SWXSOmi9,4517,senior,True,contains:secretary of state
Grant,Shapps,Commons,Secretary of State for Energy Security and Net Zero,2023-02-07,2023-08-31,205.0,2019-12-12,2226.0,Conservative,Rishi Sunak,https://id.parliament.uk/ZvG45buB,1582,senior,True,contains:secretary of state
Paul,Scully,Commons,"Parliamentary Under Secretary of State (Department for Science, Innovation and Technology)",2023-02-07,2023-11-13,279.0,2019-12-12,2226.0,Conservative,Rishi Sunak,https://id.parliament.uk/rBcPDbnY,4414,senior,True,contains:secretary of state
Gregory,Hands,Commons,Minister without Portfolio (Cabinet Office),2023-02-07,2023-11-13,279.0,2019-12-12,2226.0,Conservative,Rishi Sunak,https://id.parliament.uk/7Tsbxzkf,1526,senior,True,contains:minister without portfolio
Stuart,Andrew,Commons,Parliamentary Under Secretary of State (Department for Business and Trade) (Minister for Equalities),2023-02-07,2024-07-05,514.0,2019-12-12,2226.0,Conservative,Rishi Sunak,https://id.parliament.uk/Gi80AXwX,4032,senior,True,contains:secretary of state
Stuart,Andrew,Commons,"Parliamentary Under Secretary of State (Department for Culture, Media and Sport)",2023-02-07,2024-07-05,514.0,2019-12-12,2226.0,Conservative,Rishi Sunak,https://id.parliament.uk/Gi80AXwX,4032,senior,True,contains:secretary of state
Graham,Stuart,Commons,Minister of State (Department for Energy Security and Net Zero),2023-02-07,2024-04-12,430.0,2019-12-12,2226.0,Conservative,Rishi Sunak,https://id.parliament.uk/uyQOJxJ0,1482,ambiguous,False,regex:\bminister of state\b
Kevin,Hollinrake,Commons,Parliamentary Under Secretary of State (Department for Business and Trade),2023-02-07,2024-03-26,413.0,2019-12-12,2226.0,Conservative,Rishi Sunak,https://id.parliament.uk/GnSkIXdS,4474,senior,True,contains:secretary of state
Nigel,Huddleston,Commons,Minister of State (Department for Business and Trade),2023-02-07,2023-11-13,279.0,2019-12-12,2226.0,Conservative,Rishi Sunak,https://id.parliament.uk/0J37XN5v,4407,ambiguous,False,regex:\bminister of state\b
Ruth,Edwards,Commons,"Government Whip, Lord Commissioner of HM Treasury",2023-02-07,2023-02-16,9.0,2019-12-12,2226.0,Conservative,Rishi Sunak,https://id.parliament.uk/tJvPHrsK,4808,non_senior,False,regex:\bwhip\b
Olukemi,Badenoch,Commons,Secretary of State for Business and Trade,2023-02-07,2024-07-05,514.0,2019-12-12,2226.0,Conservative,Rishi Sunak,https://id.parliament.uk/pCJxGryC,4597,senior,True,contains:secretary of state
Maria,Caulfield,Commons,Parliamentary Under Secretary of State (Department for Business and Trade) (Minister for Women),2023-02-07,2024-07-05,514.0,2019-12-12,2226.0,Conservative,Rishi Sunak,https://id.parliament.uk/2GfKGest,4492,senior,True,contains:secretary of state
Michelle,Donelan,Commons,"Secretary of State for Science, Innovation and Technology",2023-02-07,2023-04-28,80.0,2019-12-12,2226.0,Conservative,Rishi Sunak,https://id.parliament.uk/Ad0YHzrk,4530,senior,True,contains:secretary of state
Nusrat,Ul-Ghani,Commons,Minister of State (Department for Business and Trade) (jointly with the Cabinet Office),2023-02-07,2024-03-26,413.0,2019-12-12,2226.0,Conservative,Rishi Sunak,https://id.parliament.uk/g9m5rSVd,4460,ambiguous,False,regex:\bminister of state\b
Olukemi,Badenoch,Commons,President of the Board of Trade,2023-02-07,2024-07-05,514.0,2019-12-12,2226.0,Conservative,Rishi Sunak,https://id.parliament.uk/pCJxGryC,4597,ambiguous,False,default
Martin,Callanan,Lords,Parliamentary Under Secretary of State (Department for Energy Security and Net Zero),2023-02-08,2024-07-04,512.0,2019-12-12,2226.0,Conservative,Rishi Sunak,https://id.parliament.uk/whOXGIBF,4336,senior,True,contains:secretary of state
Oliver,Dowden,Commons,Secretary of State in the Cabinet Office,2023-02-09,2024-07-05,512.0,2019-12-12,2226.0,Conservative,Rishi Sunak,https://id.parliament.uk/atcqNbc1,4441,senior,True,contains:secretary of state
Ruth,Edwards,Commons,Assistant Whip,2023-02-16,2024-04-25,434.0,2019-12-12,2226.0,Conservative,Rishi Sunak,https://id.parliament.uk/tJvPHrsK,4808,non_senior,False,regex:\bassistant whip\b
Stuart,Anderson,Commons,"Government Whip, Lord Commissioner of HM Treasury",2023-02-16,2023-11-14,271.0,2019-12-12,2226.0,Conservative,Rishi Sunak,https://id.parliament.uk/4gedjvG8,4742,non_senior,False,regex:\bwhip\b
Julia,Lopez,Commons,"Minister of State (Department for Science, Innovation and Technology)",2023-03-07,2023-05-09,63.0,2019-12-12,2226.0,Conservative,Rishi Sunak,https://id.parliament.uk/PbwesL7w,4647,ambiguous,False,regex:\bminister of state\b
James,Cartlidge,Commons,Minister of State (Ministry of Defence),2023-04-21,2024-07-05,441.0,2019-12-12,2226.0,Conservative,Rishi Sunak,https://id.parliament.uk/KRf7T7ZN,4519,ambiguous,False,regex:\bminister of state\b
Gareth,Davies,Commons,Exchequer Secretary (HM Treasury),2023-04-21,2024-07-05,441.0,2019-12-12,2226.0,Conservative,Rishi Sunak,https://id.parliament.uk/cYFGAmI6,4850,ambiguous,False,default
Oliver,Dowden,Commons,Deputy Prime Minister,2023-04-21,2024-07-05,441.0,2019-12-12,2226.0,Conservative,Rishi Sunak,https://id.parliament.uk/atcqNbc1,4441,senior,True,contains:prime minister
Alexander,Chalk,Commons,Lord Chancellor and Secretary of State for Justice,2023-04-21,2024-07-05,441.0,2019-12-12,2226.0,Conservative,Rishi Sunak,https://id.parliament.uk/hZoVHExl,4481,senior,True,contains:lord chancellor
Chloe,Smith,Commons,"Secretary of State for Science, Innovation and Technology",2023-04-28,2023-07-20,83.0,2019-12-12,2226.0,Conservative,Rishi Sunak,https://id.parliament.uk/trjrjVxb,1609,senior,True,contains:secretary of state
Michelle,Donelan,Commons,Minister on Leave (Secretary of State),2023-04-28,2023-07-20,83.0,2019-12-12,2226.0,Conservative,Rishi Sunak,https://id.parliament.uk/Ad0YHzrk,4530,senior,True,contains:secretary of state
Julia,Lopez,Commons,Minister on Leave (Minister of State),2023-05-09,2023-12-20,225.0,2019-12-12,2226.0,Conservative,Rishi Sunak,https://id.parliament.uk/PbwesL7w,4647,ambiguous,False,regex:\bminister of state\b
John,Whittingdale,Commons,"Minister of State (Department for Science, Innovation and Technology)",2023-05-09,2023-12-20,225.0,2019-12-12,2226.0,Conservative,Rishi Sunak,https://id.parliament.uk/dNNuNQfw,39,ambiguous,False,regex:\bminister of state\b
John,Whittingdale,Commons,"Minister of State (Department for Culture, Media and Sport)",2023-05-09,2023-12-20,225.0,2019-12-12,2226.0,Conservative,Rishi Sunak,https://id.parliament.uk/dNNuNQfw,39,ambiguous,False,regex:\bminister of state\b
Michelle,Donelan,Commons,"Secretary of State for Science, Innovation and Technology",2023-07-20,2024-07-05,351.0,2019-12-12,2226.0,Conservative,Rishi Sunak,https://id.parliament.uk/Ad0YHzrk,4530,senior,True,contains:secretary of state
David,Johnston,Commons,Parliamentary Under-Secretary (Department for Education),2023-08-31,2024-07-05,309.0,2019-12-12,2226.0,Conservative,Rishi Sunak,https://id.parliament.uk/fxLCKGY6,4761,non_senior,False,regex:\bparliamentary under-?secretary\b
Claire,Coutinho,Commons,Secretary of State for Energy Security and Net Zero,2023-08-31,2024-07-05,309.0,2019-12-12,2226.0,Conservative,Rishi Sunak,https://id.parliament.uk/1SGwiZsK,4806,senior,True,contains:secretary of state
Grant,Shapps,Commons,Secretary of State for Defence,2023-08-31,2024-07-05,309.0,2019-12-12,2226.0,Conservative,Rishi Sunak,https://id.parliament.uk/ZvG45buB,1582,senior,True,contains:secretary of state
Gagan,Mohindra,Commons,Assistant Whip,2023-09-18,2024-07-05,291.0,2019-12-12,2226.0,Conservative,Rishi Sunak,https://id.parliament.uk/HczOvHhY,4804,non_senior,False,regex:\bassistant whip\b
Jacob,Young,Commons,"Parliamentary Under Secretary of State (Department for Levelling Up, Housing and Communities)",2023-09-18,2024-07-05,291.0,2019-12-12,2226.0,Conservative,Rishi Sunak,https://id.parliament.uk/4gGsOClv,4825,senior,True,contains:secretary of state
Mohammad Saqib,Bhatti,Commons,"Parliamentary Under Secretary of State (Department for Science, Innovation and Technology)",2023-11-13,2024-07-05,235.0,2019-12-12,2226.0,Conservative,Rishi Sunak,https://id.parliament.uk/C0v4NToK,4818,senior,True,contains:secretary of state
Laura,Trott,Commons,Chief Secretary to the Treasury,2023-11-13,2024-07-05,235.0,2019-12-12,2226.0,Conservative,Rishi Sunak,https://id.parliament.uk/WZ9sbj9m,4780,senior,True,contains:chief secretary to the treasury
Andrew,Stephenson,Commons,Minister of State (Department of Health and Social Care),2023-11-13,2024-07-05,235.0,2019-12-12,2226.0,Conservative,Rishi Sunak,https://id.parliament.uk/xPajTduv,4044,ambiguous,False,regex:\bminister of state\b
Abimbola,Afolami,Commons,Economic Secretary (HM Treasury),2023-11-13,2024-07-05,235.0,2019-12-12,2226.0,Conservative,Rishi Sunak,https://id.parliament.uk/cpIYUtpa,4639,ambiguous,False,regex:\beconomic secretary\b
Robert,Moore,Commons,"Parliamentary Under-Secretary (Department for Environment, Food and Rural Affairs)",2023-11-13,2024-07-05,235.0,2019-12-12,2226.0,Conservative,Rishi Sunak,https://id.parliament.uk/1qjbIZSA,4861,non_senior,False,regex:\bparliamentary under-?secretary\b
Gareth,Bacon,Commons,Parliamentary Under-Secretary (Ministry of Justice),2023-11-13,2024-07-05,235.0,2019-12-12,2226.0,Conservative,Rishi Sunak,https://id.parliament.uk/GcGtJ2IV,4798,non_senior,False,regex:\bparliamentary under-?secretary\b
Johanna,Churchill,Commons,Minister of State (Department for Work and Pensions),2023-11-13,2024-07-05,235.0,2019-12-12,2226.0,Conservative,Rishi Sunak,https://id.parliament.uk/1P3gl8pl,4380,ambiguous,False,regex:\bminister of state\b
Lee,Rowley,Commons,Minister of State (Minister for Housing),2023-11-13,2024-07-05,235.0,2019-12-12,2226.0,Conservative,Rishi Sunak,https://id.parliament.uk/o8uRVw1g,4652,ambiguous,False,regex:\bminister of state\b
Guy,Opperman,Commons,Parliamentary Under-Secretary (Department for Transport),2023-11-13,2024-07-05,235.0,2019-12-12,2226.0,Conservative,Rishi Sunak,https://id.parliament.uk/KRgnTeJ7,4142,non_senior,False,regex:\bparliamentary under-?secretary\b
Stephen,Barclay,Commons,"Secretary of State for Environment, Food and Rural Affairs",2023-11-13,2024-07-05,235.0,2019-12-12,2226.0,Conservative,Rishi Sunak,https://id.parliament.uk/nBemRbWt,4095,senior,True,contains:secretary of state
Esther,McVey,Commons,Minister without Portfolio (Cabinet Office),2023-11-13,2024-07-05,235.0,2019-12-12,2226.0,Conservative,Rishi Sunak,https://id.parliament.uk/Hxki00jc,4084,senior,True,contains:minister without portfolio
Anthony,Browne,Commons,Parliamentary Under-Secretary (Department for Transport),2023-11-13,2024-07-05,235.0,2019-12-12,2226.0,Conservative,Rishi Sunak,https://id.parliament.uk/Wg7y5qM7,4801,non_senior,False,regex:\bparliamentary under-?secretary\b
Victoria,Atkins,Commons,Secretary of State for Health and Social Care,2023-11-13,2024-07-05,235.0,2019-12-12,2226.0,Conservative,Rishi Sunak,https://id.parliament.uk/QAHSUmv8,4399,senior,True,contains:secretary of state
James,Cleverly,Commons,Home Secretary,2023-11-13,2024-07-05,235.0,2019-12-12,2226.0,Conservative,Rishi Sunak,https://id.parliament.uk/BxEyDcsA,4366,ambiguous,False,default
Paul,Maynard,Commons,Parliamentary Under-Secretary (Department for Work and Pensions),2023-11-13,2024-07-05,235.0,2019-12-12,2226.0,Conservative,Rishi Sunak,https://id.parliament.uk/hp6OdiqK,3926,non_senior,False,regex:\bparliamentary under-?secretary\b
Nigel,Huddleston,Commons,Financial Secretary (HM Treasury),2023-11-13,2024-07-05,235.0,2019-12-12,2226.0,Conservative,Rishi Sunak,https://id.parliament.uk/0J37XN5v,4407,ambiguous,False,regex:\bfinancial secretary\b
Damian,Hinds,Commons,Minister of State (Education),2023-11-13,2024-07-05,235.0,2019-12-12,2226.0,Conservative,Rishi Sunak,https://id.parliament.uk/3KZvvnyo,3969,ambiguous,False,regex:\bminister of state\b
Simon,Hoare,Commons,"Parliamentary Under Secretary of State (Department for Levelling Up, Housing and Communities)",2023-11-13,2024-07-05,235.0,2019-12-12,2226.0,Conservative,Rishi Sunak,https://id.parliament.uk/EccyPp0Q,4494,senior,True,contains:secretary of state
Richard,Holden,Commons,Minister without Portfolio (Cabinet Office),2023-11-13,2024-07-05,235.0,2019-12-12,2226.0,Conservative,Rishi Sunak,https://id.parliament.uk/uErvJDkZ,4813,senior,True,contains:minister without portfolio
Andrea,Leadsom,Commons,Parliamentary Under-Secretary (Department of Health and Social Care),2023-11-13,2024-07-05,235.0,2019-12-12,2226.0,Conservative,Rishi Sunak,https://id.parliament.uk/V37kYFxZ,4117,non_senior,False,regex:\bparliamentary under-?secretary\b
Andrew,Griffith,Commons,"Minister of State (Department for Science, Innovation and Technology)",2023-11-13,2024-07-05,235.0,2019-12-12,2226.0,Conservative,Rishi Sunak,https://id.parliament.uk/U0c9xqqa,4874,ambiguous,False,regex:\bminister of state\b
Fay,Jones,Commons,Parliamentary Under-Secretary (Wales Office),2023-11-13,2024-07-05,235.0,2019-12-12,2226.0,Conservative,Rishi Sunak,https://id.parliament.uk/Dzl5s5rL,4763,non_senior,False,regex:\bparliamentary under-?secretary\b
John,Glen,Commons,Paymaster General and Minister for the Cabinet Office,2023-11-13,2024-07-05,235.0,2019-12-12,2226.0,Conservative,Rishi Sunak,https://id.parliament.uk/26NskGIS,4051,ambiguous,False,regex:\bpaymaster general\b
Gregory,Hands,Commons,Minister of State (Department for Business and Trade),2023-11-13,2024-07-05,235.0,2019-12-12,2226.0,Conservative,Rishi Sunak,https://id.parliament.uk/7Tsbxzkf,1526,ambiguous,False,regex:\bminister of state\b
Suzanne,Webb,Commons,Assistant Whip,2023-11-14,2024-07-05,234.0,2019-12-12,2226.0,Conservative,Rishi Sunak,https://id.parliament.uk/YfiZY7ZX,4802,non_senior,False,regex:\bassistant whip\b
Aaron,Bell,Commons,Assistant Whip,2023-11-14,2024-07-05,234.0,2019-12-12,2226.0,Conservative,Rishi Sunak,https://id.parliament.uk/aqxs7FOJ,4837,non_senior,False,regex:\bassistant whip\b
Laura,Farris,Commons,Parliamentary Under Secretary of State (Ministry of Justice) (jointly with Home Office),2023-11-14,2024-07-05,234.0,2019-12-12,2226.0,Conservative,Rishi Sunak,https://id.parliament.uk/rcEyPjye,4826,senior,True,contains:secretary of state
Mark,Fletcher,Commons,Assistant Whip,2023-11-14,2024-07-05,234.0,2019-12-12,2226.0,Conservative,Rishi Sunak,https://id.parliament.uk/ykQ93j9K,4774,non_senior,False,regex:\bassistant whip\b
Mark,Jenkinson,Commons,Assistant Whip,2023-11-14,2024-07-05,234.0,2019-12-12,2226.0,Conservative,Rishi Sunak,https://id.parliament.uk/oBpqVwjP,4752,non_senior,False,regex:\bassistant whip\b
Stuart,Anderson,Commons,"Vice Chamberlain (HM Household) (Whip, House of Commons)",2023-11-14,2024-07-05,234.0,2019-12-12,2226.0,Conservative,Rishi Sunak,https://id.parliament.uk/4gedjvG8,4742,non_senior,False,regex:\bwhip\b
Charlotte,Vere,Lords,Parliamentary Secretary (HM Treasury),2023-11-14,2024-07-05,234.0,2019-12-12,2226.0,Conservative,Rishi Sunak,https://id.parliament.uk/A9lFjU0c,4580,non_senior,False,regex:\bparliamentary secretary\b
Amanda,Milling,Commons,"Government Whip, Lord Commissioner of HM Treasury",2023-11-14,2024-07-05,234.0,2019-12-12,2226.0,Conservative,Rishi Sunak,https://id.parliament.uk/SaVzFDvI,4454,non_senior,False,regex:\bwhip\b
Joy,Morrissey,Commons,"Government Whip, Lord Commissioner of HM Treasury",2023-11-14,2024-07-05,234.0,2019-12-12,2226.0,Conservative,Rishi Sunak,https://id.parliament.uk/cwSavkui,4759,non_senior,False,regex:\bwhip\b
Michael,Wood,Commons,"Government Whip, Lord Commissioner of HM Treasury",2023-11-14,2024-07-05,234.0,2019-12-12,2226.0,Conservative,Rishi Sunak,https://id.parliament.uk/8JYJIqx1,4384,non_senior,False,regex:\bwhip\b
Diana,Barran,Lords,Lords Spokesperson (Equalities),2023-12-01,2024-07-05,217.0,2019-12-12,2226.0,Conservative,Rishi Sunak,https://id.parliament.uk/s8vARVLK,4703,ambiguous,False,default
Thomas,Pursglove,Commons,Minister of State (Minister for Legal Migration and Delivery),2023-12-07,2024-07-05,211.0,2019-12-12,2226.0,Conservative,Rishi Sunak,https://id.parliament.uk/yxZXn9N5,4369,ambiguous,False,regex:\bminister of state\b
Michael,Tomlinson-Mynors,Commons,Minister of State (Minister for Illegal Migration),2023-12-07,2024-07-05,211.0,2019-12-12,2226.0,Conservative,Rishi Sunak,https://id.parliament.uk/Gcac8q7F,4497,ambiguous,False,regex:\bminister of state\b
Robert,Courts,Commons,Solicitor General (Attorney General's Office),2023-12-07,2024-07-05,211.0,2019-12-12,2226.0,Conservative,Rishi Sunak,https://id.parliament.uk/diYftgxZ,4589,ambiguous,False,regex:\battorney general\b
Julia,Lopez,Commons,"Minister of State (Department for Culture, Media and Sport)",2023-12-20,2024-07-05,198.0,2019-12-12,2226.0,Conservative,Rishi Sunak,https://id.parliament.uk/PbwesL7w,4647,ambiguous,False,regex:\bminister of state\b
Julia,Lopez,Commons,"Minister of State (Department for Science, Innovation and Technology)",2023-12-20,2024-07-05,198.0,2019-12-12,2226.0,Conservative,Rishi Sunak,https://id.parliament.uk/PbwesL7w,4647,ambiguous,False,regex:\bminister of state\b
Leo,Docherty,Commons,Minister of State (Ministry of Defence) (Minister for the Armed Forces),2024-03-26,2024-07-05,101.0,2019-12-12,2226.0,Conservative,Rishi Sunak,https://id.parliament.uk/H2iqrFlO,4600,ambiguous,False,regex:\bminister of state\b
Nusrat,Ul-Ghani,Commons,Minister of State (Minister for Europe),2024-03-26,2024-07-05,101.0,2019-12-12,2226.0,Conservative,Rishi Sunak,https://id.parliament.uk/g9m5rSVd,4460,ambiguous,False,regex:\bminister of state\b
Kevin,Hollinrake,Commons,Minister of State (Department for Business and Trade),2024-03-26,2024-07-05,101.0,2019-12-12,2226.0,Conservative,Rishi Sunak,https://id.parliament.uk/GnSkIXdS,4474,ambiguous,False,regex:\bminister of state\b
Luke,Hall,Commons,Minister of State (Education),2024-03-26,2024-07-05,101.0,2019-12-12,2226.0,Conservative,Rishi Sunak,https://id.parliament.uk/R3EgZPKO,4450,ambiguous,False,regex:\bminister of state\b
Alan,Mak,Commons,Minister of State (Department for Business and Trade) (jointly with the Cabinet Office),2024-03-26,2024-07-05,101.0,2019-12-12,2226.0,Conservative,Rishi Sunak,https://id.parliament.uk/UjhH5qiw,4484,ambiguous,False,regex:\bminister of state\b
Miriam,Davies,Commons,Minister of State (Department for Work and Pensions),2024-04-12,2024-07-05,84.0,2019-12-12,2226.0,Conservative,Rishi Sunak,https://id.parliament.uk/GR6SZK1Z,4513,ambiguous,False,regex:\bminister of state\b
Justin,Tomlinson,Commons,Minister of State (Department for Energy Security and Net Zero),2024-04-12,2024-07-05,84.0,2019-12-12,2226.0,Conservative,Rishi Sunak,https://id.parliament.uk/LNgSfXCb,4105,ambiguous,False,regex:\bminister of state\b
Paul,Holmes,Commons,Assistant Whip,2024-04-25,2024-07-05,71.0,2019-12-12,2226.0,Conservative,Rishi Sunak,https://id.parliament.uk/yDR9IevJ,4803,non_senior,False,regex:\bassistant whip\b
Lisa,Nandy,Commons,"Secretary of State for Culture, Media and Sport",2024-07-05,,,2019-12-12,2226.0,Labour,Rishi Sunak,https://id.parliament.uk/N2w0OfRR,4082,senior,True,contains:secretary of state
Louise,Haigh,Commons,Secretary of State for Transport,2024-07-05,2024-11-28,146.0,2019-12-12,2226.0,Labour,Rishi Sunak,https://id.parliament.uk/Z4VCWYcs,4473,senior,True,contains:secretary of state
Peter,Kyle,Commons,"Secretary of State for Science, Innovation and Technology",2024-07-05,2025-09-05,427.0,2019-12-12,2226.0,Labour,Rishi Sunak,https://id.parliament.uk/41vnh6xm,4505,senior,True,contains:secretary of state
Ian,Murray,Commons,Secretary of State for Scotland,2024-07-05,2025-09-05,427.0,2019-12-12,2226.0,Labour,Rishi Sunak,https://id.parliament.uk/3Qjf79xg,3966,senior,True,contains:secretary of state
Elizabeth,Kendall,Commons,Secretary of State for Work and Pensions,2024-07-05,2025-09-05,427.0,2019-12-12,2226.0,Labour,Rishi Sunak,https://id.parliament.uk/txNKSVbr,4026,senior,True,contains:secretary of state
Hilary,Benn,Commons,Secretary of State for Northern Ireland,2024-07-05,,,2019-12-12,2226.0,Labour,Rishi Sunak,https://id.parliament.uk/rbKJTCFu,413,senior,True,contains:secretary of state
John,Healey,Commons,Secretary of State for Defence,2024-07-05,,,2019-12-12,2226.0,Labour,Rishi Sunak,https://id.parliament.uk/9VjJ9Mfg,400,senior,True,contains:secretary of state
Darren,Jones,Commons,Chief Secretary to the Treasury,2024-07-05,2025-09-01,423.0,2019-12-12,2226.0,Labour,Rishi Sunak,https://id.parliament.uk/wKmcTock,4621,senior,True,contains:chief secretary to the treasury
Bridget,Phillipson,Commons,Secretary of State for Education,2024-07-05,,,2019-12-12,2226.0,Labour,Rishi Sunak,https://id.parliament.uk/oExMNqFA,4046,senior,True,contains:secretary of state
Lucy,Powell,Commons,Lord President of the Council and Leader of the House of Commons,2024-07-05,2025-09-05,427.0,2019-12-12,2226.0,Labour,Rishi Sunak,https://id.parliament.uk/YcLrHQCF,4263,senior,True,contains:lord president of the council
Angela,Rayner,Commons,"Secretary of State for Levelling Up, Housing and Communities",2024-07-05,2024-07-09,4.0,2019-12-12,2226.0,Labour,Rishi Sunak,https://id.parliament.uk/F0G8dCz1,4356,senior,True,contains:secretary of state
Angela,Rayner,Commons,Deputy Prime Minister,2024-07-05,2025-09-05,427.0,2019-12-12,2226.0,Labour,Rishi Sunak,https://id.parliament.uk/F0G8dCz1,4356,senior,True,contains:prime minister
Steven,Reed,Commons,"Secretary of State for Environment, Food and Rural Affairs",2024-07-05,2025-09-05,427.0,2019-12-12,2226.0,Labour,Rishi Sunak,https://id.parliament.uk/RN0Rbsbw,4268,senior,True,contains:secretary of state
Jonathan,Reynolds,Commons,Secretary of State for Business and Trade,2024-07-05,2025-09-05,427.0,2019-12-12,2226.0,Labour,Rishi Sunak,https://id.parliament.uk/wfDACmwh,4119,senior,True,contains:secretary of state
Rachel,Reeves,Commons,Chancellor of the Exchequer,2024-07-05,,,2019-12-12,2226.0,Labour,Rishi Sunak,https://id.parliament.uk/lDQyTymd,4031,senior,True,contains:chancellor of the exchequer
Angela,Smith,Lords,Leader of the House of Lords and Lord Privy Seal,2024-07-05,,,2019-12-12,2226.0,Labour,Rishi Sunak,https://id.parliament.uk/6lkJGvGZ,4170,senior,True,contains:lord privy seal
Wesley,Streeting,Commons,Secretary of State for Health and Social Care,2024-07-05,,,2019-12-12,2226.0,Labour,Rishi Sunak,https://id.parliament.uk/TTDZxnbe,4504,senior,True,contains:secretary of state
Jonathan,Reynolds,Commons,President of the Board of Trade,2024-07-05,2025-09-05,427.0,2019-12-12,2226.0,Labour,Rishi Sunak,https://id.parliament.uk/wfDACmwh,4119,ambiguous,False,default
Alan,Campbell,Commons,Parliamentary Secretary to the Treasury (Chief Whip),2024-07-05,2025-09-05,427.0,2019-12-12,2226.0,Labour,Rishi Sunak,https://id.parliament.uk/OA5UNsUG,529,non_senior,False,regex:\bparliamentary secretary\b
Keir,Starmer,Commons,Prime Minister and First Lord of the Treasury,2024-07-05,,,2019-12-12,2226.0,Labour,Rishi Sunak,https://id.parliament.uk/eauZKtTP,4514,senior,True,contains:prime minister
Shabana,Mahmood,Commons,Lord Chancellor and Secretary of State for Justice,2024-07-05,2025-09-05,427.0,2019-12-12,2226.0,Labour,Rishi Sunak,https://id.parliament.uk/vTIVJZpe,3914,senior,True,contains:lord chancellor
Edward,Miliband,Commons,Secretary of State for Energy Security and Net Zero,2024-07-05,,,2019-12-12,2226.0,Labour,Rishi Sunak,https://id.parliament.uk/3AEDOK86,1510,senior,True,contains:secretary of state
David,Lammy,Commons,Foreign Secretary,2024-07-05,2025-09-05,427.0,2019-12-12,2226.0,Labour,Rishi Sunak,https://id.parliament.uk/xY3sNmne,206,ambiguous,False,default
Patrick,McFadden,Commons,Chancellor of the Duchy of Lancaster,2024-07-05,2025-09-05,427.0,2019-12-12,2226.0,Labour,Rishi Sunak,https://id.parliament.uk/GdBtI6JD,1587,senior,True,contains:chancellor of the duchy of lancaster
Joanna,Stevens,Commons,Secretary of State for Wales,2024-07-05,,,2019-12-12,2226.0,Labour,Rishi Sunak,https://id.parliament.uk/SpBLFCsV,4425,senior,True,contains:secretary of state
Yvette,Cooper,Commons,Home Secretary,2024-07-05,2025-09-05,427.0,2019-12-12,2226.0,Labour,Rishi Sunak,https://id.parliament.uk/WIjC8hXZ,420,ambiguous,False,default
James,McMahon,Commons,"Minister of State (Department for Levelling Up, Housing and Communities)",2024-07-06,2024-07-09,3.0,2019-12-12,2226.0,Labour,Keir Starmer,https://id.parliament.uk/7eiejDqs,4569,ambiguous,False,regex:\bminister of state\b
Daniel,Jarvis,Commons,Minister of State (Home Office),2024-07-06,,,2019-12-12,2226.0,Labour,Keir Starmer,https://id.parliament.uk/X4L826oY,4243,ambiguous,False,regex:\bminister of state\b
Eleanor,Reeves,Commons,Minister without Portfolio (Cabinet Office),2024-07-06,2025-09-06,427.0,2019-12-12,2226.0,Labour,Keir Starmer,https://id.parliament.uk/DqY5efud,4620,senior,True,contains:minister without portfolio
Matthew,Pennycook,Commons,"Minister of State (Department for Levelling Up, Housing and Communities)",2024-07-06,2024-07-09,3.0,2019-12-12,2226.0,Labour,Keir Starmer,https://id.parliament.uk/T7XJsRgz,4520,ambiguous,False,regex:\bminister of state\b
Sarah,Jones,Commons,Minister of State (Department for Business and Trade),2024-07-08,2025-09-06,425.0,2019-12-12,2226.0,Labour,Keir Starmer,https://id.parliament.uk/fBZes1GF,4631,ambiguous,False,regex:\bminister of state\b
Nicklaus,Thomas-Symonds,Commons,Paymaster General and Minister for the Cabinet Office,2024-07-08,,,2019-12-12,2226.0,Labour,Keir Starmer,https://id.parliament.uk/tzgKY3v4,4479,ambiguous,False,regex:\bpaymaster general\b
Alison,McGovern,Commons,Minister of State (Department for Work and Pensions),2024-07-08,2025-09-06,425.0,2019-12-12,2226.0,Labour,Keir Starmer,https://id.parliament.uk/VUtOocXd,4083,ambiguous,False,regex:\bminister of state\b
Sarah,Jones,Commons,Minister of State (Department for Energy Security and Net Zero),2024-07-08,2025-09-06,425.0,2019-12-12,2226.0,Labour,Keir Starmer,https://id.parliament.uk/fBZes1GF,4631,ambiguous,False,regex:\bminister of state\b
Catherine,McKinnell,Commons,Minister of State (Education),2024-07-08,2025-09-06,425.0,2019-12-12,2226.0,Labour,Keir Starmer,https://id.parliament.uk/dLAjawUW,4125,ambiguous,False,regex:\bminister of state\b
Stephen,Timms,Commons,Minister of State (Department for Work and Pensions),2024-07-08,,,2019-12-12,2226.0,Labour,Keir Starmer,https://id.parliament.uk/R62qdyhF,163,ambiguous,False,regex:\bminister of state\b
Spencer,Livermore,Lords,Financial Secretary (HM Treasury),2024-07-08,,,2019-12-12,2226.0,Labour,Keir Starmer,https://id.parliament.uk/2NASNL67,4559,ambiguous,False,regex:\bfinancial secretary\b
Stephen,Doughty,Commons,"Minister of State (Foreign, Commonwealth and Development Office)",2024-07-08,,,2019-12-12,2226.0,Labour,Keir Starmer,https://id.parliament.uk/HqLJfw6S,4264,ambiguous,False,regex:\bminister of state\b
Diana,Johnson,Commons,Minister of State (Home Office),2024-07-08,2025-09-06,425.0,2019-12-12,2226.0,Labour,Keir Starmer,https://id.parliament.uk/N83bzqZq,1533,ambiguous,False,regex:\bminister of state\b
Anneliese,Dodds,Commons,Minister of State (Development),2024-07-08,2025-02-28,235.0,2019-12-12,2226.0,Labour,Keir Starmer,https://id.parliament.uk/C3lZJgGM,4657,ambiguous,False,regex:\bminister of state\b
Anneliese,Dodds,Commons,Minister of State (Minister for Women and Equalities),2024-07-08,2025-02-28,235.0,2019-12-12,2226.0,Labour,Keir Starmer,https://id.parliament.uk/C3lZJgGM,4657,ambiguous,False,regex:\bminister of state\b
Christopher,Bryant,Commons,"Minister of State (Department for Culture, Media and Sport)",2024-07-08,2025-09-06,425.0,2019-12-12,2226.0,Labour,Keir Starmer,https://id.parliament.uk/HMZwFU4B,1446,ambiguous,False,regex:\bminister of state\b
Daniel,Zeichner,Commons,"Minister of State (Department for Environment, Food and Rural Affairs)",2024-07-08,2025-09-06,425.0,2019-12-12,2226.0,Labour,Keir Starmer,https://id.parliament.uk/qmfjjwrP,4382,ambiguous,False,regex:\bminister of state\b
Christopher,Bryant,Commons,"Minister of State (Department for Science, Innovation and Technology)",2024-07-08,2025-09-06,425.0,2019-12-12,2226.0,Labour,Keir Starmer,https://id.parliament.uk/HMZwFU4B,1446,ambiguous,False,regex:\bminister of state\b
Stephen,Kinnock,Commons,Minister of State (Department of Health and Social Care),2024-07-08,,,2019-12-12,2226.0,Labour,Keir Starmer,https://id.parliament.uk/tVFC34am,4359,ambiguous,False,regex:\bminister of state\b
Bridget,Phillipson,Commons,Minister for Women and Equalities,2024-07-08,,,2019-12-12,2226.0,Labour,Keir Starmer,https://id.parliament.uk/oExMNqFA,4046,ambiguous,False,regex:\bminister for\b
Maria,Eagle,Commons,Minister of State (Ministry of Defence),2024-07-08,2025-09-06,425.0,2019-12-12,2226.0,Labour,Keir Starmer,https://id.parliament.uk/wr5FZYiJ,483,ambiguous,False,regex:\bminister of state\b
Karin,Smyth,Commons,Minister of State (Department of Health and Social Care),2024-07-08,,,2019-12-12,2226.0,Labour,Keir Starmer,https://id.parliament.uk/Io2j9QVA,4444,ambiguous,False,regex:\bminister of state\b
Angela,Eagle,Commons,Minister of State (Home Office),2024-07-08,2025-09-06,425.0,2019-12-12,2226.0,Labour,Keir Starmer,https://id.parliament.uk/saLBlZIO,491,ambiguous,False,regex:\bminister of state\b
Anneliese,Dodds,Commons,"Minister of State (Foreign, Commonwealth and Development Office)",2024-07-08,,,2019-12-12,2226.0,Labour,Keir Starmer,https://id.parliament.uk/C3lZJgGM,4657,ambiguous,False,regex:\bminister of state\b
Raymond,Collins,Lords,Lord in Waiting (HM Household) (Whip),2024-07-09,2024-12-31,175.0,2019-12-12,2226.0,Labour,Keir Starmer,https://id.parliament.uk/YZjk7nII,4222,non_senior,False,regex:\bwhip\b
Luke,Pollard,Commons,Parliamentary Under-Secretary (Ministry of Defence),2024-07-09,2025-09-06,424.0,2019-12-12,2226.0,Labour,Keir Starmer,https://id.parliament.uk/BJ2OL9as,4682,non_senior,False,regex:\bparliamentary under-?secretary\b
Gareth,Thomas,Commons,Parliamentary Under Secretary of State (Department for Business and Trade),2024-07-09,2025-09-07,425.0,2019-12-12,2226.0,Labour,Keir Starmer,https://id.parliament.uk/FOcypHE2,177,senior,True,contains:secretary of state
Justin,Madders,Commons,Parliamentary Under Secretary of State (Department for Business and Trade),2024-07-09,2025-09-07,425.0,2019-12-12,2226.0,Labour,Keir Starmer,https://id.parliament.uk/CQHVwEXM,4418,senior,True,contains:secretary of state
Kerry,McCarthy,Commons,Parliamentary Under Secretary of State (Department for Energy Security and Net Zero),2024-07-09,2025-09-07,425.0,2019-12-12,2226.0,Labour,Keir Starmer,https://id.parliament.uk/BrM8yN3U,1491,senior,True,contains:secretary of state
Feryal,Clark,Commons,"Parliamentary Under Secretary of State (Department for Science, Innovation and Technology)",2024-07-09,2025-09-07,425.0,2019-12-12,2226.0,Labour,Keir Starmer,https://id.parliament.uk/CEU8n4k1,4822,senior,True,contains:secretary of state
Angela,Rayner,Commons,"Secretary of State for Housing, Communities and Local Government",2024-07-09,2025-09-05,423.0,2019-12-12,2226.0,Labour,Keir Starmer,https://id.parliament.uk/F0G8dCz1,4356,senior,True,contains:secretary of state
Catherine,West,Commons,"Parliamentary Under-Secretary (Foreign, Commonwealth and Development Office)",2024-07-09,2025-09-06,424.0,2019-12-12,2226.0,Labour,Keir Starmer,https://id.parliament.uk/eD0yd5Ec,4523,non_senior,False,regex:\bparliamentary under-?secretary\b
Seema,Malhotra-Saluja,Commons,Parliamentary Under-Secretary (Home Office),2024-07-09,2025-09-06,424.0,2019-12-12,2226.0,Labour,Keir Starmer,https://id.parliament.uk/3iNlZHWi,4253,non_senior,False,regex:\bparliamentary under-?secretary\b
James,McMahon,Commons,"Minister of State (Housing, Communities and Local Government)",2024-07-09,2025-09-06,424.0,2019-12-12,2226.0,Labour,Keir Starmer,https://id.parliament.uk/7eiejDqs,4569,ambiguous,False,regex:\bminister of state\b
Raymond,Collins,Lords,Deputy Leader of the House of Lords,2024-07-09,,,2019-12-12,2226.0,Labour,Keir Starmer,https://id.parliament.uk/YZjk7nII,4222,senior,True,contains:leader of the house of lords
Raymond,Collins,Lords,"Parliamentary Under-Secretary (Foreign, Commonwealth and Development Office)",2024-07-09,,,2019-12-12,2226.0,Labour,Keir Starmer,https://id.parliament.uk/YZjk7nII,4222,non_senior,False,regex:\bparliamentary under-?secretary\b
Fleur,Anderson,Commons,Parliamentary Under-Secretary (Northern Ireland Office),2024-07-09,2025-09-07,425.0,2019-12-12,2226.0,Labour,Keir Starmer,https://id.parliament.uk/6br6Xh0z,4788,non_senior,False,regex:\bparliamentary under-?secretary\b
Margaret,Jones,Lords,"Parliamentary Under Secretary of State (Department for Science, Innovation and Technology)",2024-07-09,2025-09-07,425.0,2019-12-12,2226.0,Labour,Keir Starmer,https://id.parliament.uk/eG5EQDkB,3792,senior,True,contains:secretary of state
Philip,Hunt,Lords,Minister of State (Department for Energy Security and Net Zero),2024-07-09,2025-05-21,316.0,2019-12-12,2226.0,Labour,Keir Starmer,https://id.parliament.uk/p4clIXl7,2024,ambiguous,False,regex:\bminister of state\b
James,Murray,Commons,Exchequer Secretary (HM Treasury),2024-07-09,2025-09-01,419.0,2019-12-12,2226.0,Labour,Keir Starmer,https://id.parliament.uk/Vi9HeVra,4797,ambiguous,False,default
Nia,Griffith,Commons,Parliamentary Under-Secretary (Wales Office),2024-07-09,2025-09-07,425.0,2019-12-12,2226.0,Labour,Keir Starmer,https://id.parliament.uk/huvZA5CH,1541,non_senior,False,regex:\bparliamentary under-?secretary\b
Tulip,Siddiq,Commons,Economic Secretary (HM Treasury),2024-07-09,2025-01-14,189.0,2019-12-12,2226.0,Labour,Keir Starmer,https://id.parliament.uk/DVnVrQSQ,4518,ambiguous,False,regex:\beconomic secretary\b
Andrew,Gwynne,Commons,Parliamentary Under-Secretary (Department of Health and Social Care),2024-07-09,2025-02-08,214.0,2019-12-12,2226.0,Labour,Keir Starmer,https://id.parliament.uk/Oxgs5t0d,1506,non_senior,False,regex:\bparliamentary under-?secretary\b
Rushanara,Ali,Commons,"Parliamentary Under-Secretary (Housing, Communities and Local Government)",2024-07-09,2025-08-07,394.0,2019-12-12,2226.0,Labour,Keir Starmer,https://id.parliament.uk/Niiic8ma,4138,non_senior,False,regex:\bparliamentary under-?secretary\b
Alexandra,Davies-Jones,Commons,Parliamentary Under-Secretary (Ministry of Justice),2024-07-09,,,2019-12-12,2226.0,Labour,Keir Starmer,https://id.parliament.uk/lDZ44Lpq,4849,non_senior,False,regex:\bparliamentary under-?secretary\b
Margaret,Jones,Lords,Baroness in Waiting (HM Household) (Whip),2024-07-09,2025-09-07,425.0,2019-12-12,2226.0,Labour,Keir Starmer,https://id.parliament.uk/eG5EQDkB,3792,non_senior,False,regex:\bwhip\b
Margaret,Jones,Lords,Parliamentary Under Secretary of State (Department for Business and Trade),2024-07-09,2025-09-07,425.0,2019-12-12,2226.0,Labour,Keir Starmer,https://id.parliament.uk/eG5EQDkB,3792,senior,True,contains:secretary of state
Maeve,Sherlock,Lords,Parliamentary Under-Secretary (Department for Work and Pensions),2024-07-09,2024-12-16,160.0,2019-12-12,2226.0,Labour,Keir Starmer,https://id.parliament.uk/ks4FD5g5,4147,non_senior,False,regex:\bparliamentary under-?secretary\b
Lilian,Greenwood,Commons,Parliamentary Under-Secretary (Department for Transport),2024-07-09,2025-09-07,425.0,2019-12-12,2226.0,Labour,Keir Starmer,https://id.parliament.uk/Fbws7PDC,4029,non_senior,False,regex:\bparliamentary under-?secretary\b
Alexander,Norris,Commons,"Parliamentary Under-Secretary (Housing, Communities and Local Government)",2024-07-09,2025-09-06,424.0,2019-12-12,2226.0,Labour,Keir Starmer,https://id.parliament.uk/ANZPwclO,4641,non_senior,False,regex:\bparliamentary under-?secretary\b
Matthew,Pennycook,Commons,"Minister of State (Housing, Communities and Local Government)",2024-07-09,,,2019-12-12,2226.0,Labour,Keir Starmer,https://id.parliament.uk/T7XJsRgz,4520,ambiguous,False,regex:\bminister of state\b
Abena,Oppong-Asare,Commons,Parliamentary Secretary (Cabinet Office),2024-07-09,2025-09-06,424.0,2019-12-12,2226.0,Labour,Keir Starmer,https://id.parliament.uk/1m9UjgE0,4820,non_senior,False,regex:\bparliamentary secretary\b
Janet,Daby,Commons,Parliamentary Under-Secretary (Department for Education),2024-07-09,2025-09-07,425.0,2019-12-12,2226.0,Labour,Keir Starmer,https://id.parliament.uk/LfF8ghke,4698,non_senior,False,regex:\bparliamentary under-?secretary\b
Emma,Hardy,Commons,"Parliamentary Under-Secretary (Department for Environment, Food and Rural Affairs)",2024-07-09,,,2019-12-12,2226.0,Labour,Keir Starmer,https://id.parliament.uk/2Wur8gYZ,4645,non_senior,False,regex:\bparliamentary under-?secretary\b
Frederick,Ponsonby,Lords,Parliamentary Under-Secretary (Ministry of Justice),2024-07-09,2025-09-06,424.0,2019-12-12,2226.0,Labour,Keir Starmer,https://id.parliament.uk/Pjlj1Ral,3154,non_senior,False,regex:\bparliamentary under-?secretary\b
Jessica,Phillips,Commons,Parliamentary Under-Secretary (Home Office),2024-07-09,,,2019-12-12,2226.0,Labour,Keir Starmer,https://id.parliament.uk/QGTlEu1v,4370,non_senior,False,regex:\bparliamentary under-?secretary\b
Stephen,Morgan,Commons,Parliamentary Under-Secretary (Department for Education),2024-07-09,2025-09-07,425.0,2019-12-12,2226.0,Labour,Keir Starmer,https://id.parliament.uk/PCw1kcqM,4653,non_senior,False,regex:\bparliamentary under-?secretary\b
Stephanie,Peacock,Commons,"Parliamentary Under Secretary of State (Department for Culture, Media and Sport)",2024-07-09,,,2019-12-12,2226.0,Labour,Keir Starmer,https://id.parliament.uk/UGk5lMha,4607,senior,True,contains:secretary of state
Michael,Kane,Commons,Parliamentary Under-Secretary (Department for Transport),2024-07-09,2025-09-07,425.0,2019-12-12,2226.0,Labour,Keir Starmer,https://id.parliament.uk/jxzfDeiw,4316,non_senior,False,regex:\bparliamentary under-?secretary\b
Frederick,Ponsonby,Lords,Lord in Waiting (HM Household) (Whip),2024-07-09,2025-09-06,424.0,2019-12-12,2226.0,Labour,Keir Starmer,https://id.parliament.uk/Pjlj1Ral,3154,non_senior,False,regex:\bwhip\b
Victoria,Foxcroft,Commons,"Government Whip, Lord Commissioner of HM Treasury",2024-07-10,2025-06-19,344.0,2019-12-12,2226.0,Labour,Keir Starmer,https://id.parliament.uk/acsu6uqb,4491,non_senior,False,regex:\bwhip\b
Christian,Wakeford,Commons,Assistant Whip,2024-07-10,2025-09-07,424.0,2019-12-12,2226.0,Conservative,Keir Starmer,https://id.parliament.uk/GChHXkTm,4871,non_senior,False,regex:\bassistant whip\b
Mark,Tami,Commons,"Treasurer of HM Household (Deputy Chief Whip, House of Commons)",2024-07-10,,,2019-12-12,2226.0,Labour,Keir Starmer,https://id.parliament.uk/7BBIRiIb,1383,non_senior,False,regex:\bwhip\b
Anna,McMorrin,Commons,Assistant Whip,2024-07-10,2025-09-07,424.0,2019-12-12,2226.0,Labour,Keir Starmer,https://id.parliament.uk/0vziO0mL,4632,non_senior,False,regex:\bassistant whip\b
Taiwo,Owatemi,Commons,"Government Whip, Lord Commissioner of HM Treasury",2024-07-10,,,2019-12-12,2226.0,Labour,Keir Starmer,https://id.parliament.uk/3OrAmggM,4779,non_senior,False,regex:\bwhip\b
Christopher,Elmore,Commons,"Comptroller (HM Household) (Whip, House of Commons)",2024-07-10,2025-09-06,423.0,2019-12-12,2226.0,Labour,Keir Starmer,https://id.parliament.uk/0EuzvS63,4572,non_senior,False,regex:\bwhip\b
Margaret,Wheeler,Lords,"Captain of the King's Bodyguard of the Yeomen of the Guard (HM Household) (Deputy Chief Whip, House of Lords)",2024-07-10,,,2019-12-12,2226.0,Labour,Keir Starmer,https://id.parliament.uk/1uykmc9I,4157,non_senior,False,regex:\bwhip\b
Roy,Kennedy,Lords,"Captain of the Honourable Corps of Gentlemen-at-Arms (HM Household) (Chief Whip, House of Lords)",2024-07-10,,,2019-12-12,2226.0,Labour,Keir Starmer,https://id.parliament.uk/gUANDHNY,4153,non_senior,False,regex:\bwhip\b
Jeffrey,Smith,Commons,"Government Whip, Lord Commissioner of HM Treasury",2024-07-10,2025-09-07,424.0,2019-12-12,2226.0,Labour,Keir Starmer,https://id.parliament.uk/pamDUI6b,4456,non_senior,False,regex:\bwhip\b
Gerald,Jones,Commons,Assistant Whip,2024-07-10,2025-09-07,424.0,2019-12-12,2226.0,Labour,Keir Starmer,https://id.parliament.uk/hRJDyYE3,4501,non_senior,False,regex:\bassistant whip\b
Patrick,McFadden,Commons,Minister for Intergovernmental Relations,2024-09-05,2025-09-06,366.0,2019-12-12,2226.0,Labour,Keir Starmer,https://id.parliament.uk/GdBtI6JD,1587,ambiguous,False,regex:\bminister for\b
Nia,Griffith,Commons,Parliamentary Under-Secretary of State (Department for Education) (Equalities),2024-10-08,2025-09-07,334.0,2019-12-12,2226.0,Labour,Keir Starmer,https://id.parliament.uk/huvZA5CH,1541,senior,True,contains:secretary of state
Raymond,Collins,Lords,Lords Spokesperson (Equalities),2024-10-08,,,2019-12-12,2226.0,Labour,Keir Starmer,https://id.parliament.uk/YZjk7nII,4222,ambiguous,False,default
Seema,Malhotra-Saluja,Commons,Parliamentary Under-Secretary of State (Department for Education) (Equalities),2024-10-08,,,2019-12-12,2226.0,Labour,Keir Starmer,https://id.parliament.uk/3iNlZHWi,4253,senior,True,contains:secretary of state
John,Cryer,Commons,Lord in Waiting (HM Household) (Whip),2024-10-08,2025-02-14,129.0,2019-12-12,2226.0,Labour,Keir Starmer,https://id.parliament.uk/kqp7JkOL,181,non_senior,False,regex:\bwhip\b
Maeve,Sherlock,Lords,Minister of State (Department for Work and Pensions),2024-12-17,,,2019-12-12,2226.0,Labour,Keir Starmer,https://id.parliament.uk/ks4FD5g5,4147,ambiguous,False,regex:\bminister of state\b
James,Murray,Commons,Chief Secretary to the Treasury,2025-09-01,,,2019-12-12,2226.0,Labour,Keir Starmer,https://id.parliament.uk/Vi9HeVra,4797,senior,True,contains:chief secretary to the treasury
Darren,Jones,Commons,Minister of State (Chief Secretary to the Prime Minister),2025-09-01,,,2019-12-12,2226.0,Labour,Keir Starmer,https://id.parliament.uk/wKmcTock,4621,senior,True,contains:prime minister
Yvette,Cooper,Commons,Foreign Secretary,2025-09-05,,,2019-12-12,2226.0,Labour,Keir Starmer,https://id.parliament.uk/WIjC8hXZ,420,ambiguous,False,default
Patrick,McFadden,Commons,Secretary of State for Work and Pensions,2025-09-05,,,2019-12-12,2226.0,Labour,Keir Starmer,https://id.parliament.uk/GdBtI6JD,1587,senior,True,contains:secretary of state
David,Lammy,Commons,Lord Chancellor and Secretary of State for Justice,2025-09-05,,,2019-12-12,2226.0,Labour,Keir Starmer,https://id.parliament.uk/xY3sNmne,206,senior,True,contains:lord chancellor
David,Lammy,Commons,Deputy Prime Minister,2025-09-05,,,2019-12-12,2226.0,Labour,Keir Starmer,https://id.parliament.uk/xY3sNmne,206,senior,True,contains:prime minister
Peter,Kyle,Commons,Secretary of State for Business and Trade,2025-09-05,,,2019-12-12,2226.0,Labour,Keir Starmer,https://id.parliament.uk/41vnh6xm,4505,senior,True,contains:secretary of state
Alan,Campbell,Commons,Lord President of the Council and Leader of the House of Commons,2025-09-05,,,2019-12-12,2226.0,Labour,Keir Starmer,https://id.parliament.uk/OA5UNsUG,529,senior,True,contains:lord president of the council
Peter,Kyle,Commons,President of the Board of Trade,2025-09-05,,,2019-12-12,2226.0,Labour,Keir Starmer,https://id.parliament.uk/41vnh6xm,4505,ambiguous,False,default
Elizabeth,Kendall,Commons,"Secretary of State for Science, Innovation and Technology",2025-09-05,,,2019-12-12,2226.0,Labour,Keir Starmer,https://id.parliament.uk/txNKSVbr,4026,senior,True,contains:secretary of state
Steven,Reed,Commons,"Secretary of State for Housing, Communities and Local Government",2025-09-05,,,2019-12-12,2226.0,Labour,Keir Starmer,https://id.parliament.uk/RN0Rbsbw,4268,senior,True,contains:secretary of state
Darren,Jones,Commons,Chancellor of the Duchy of Lancaster,2025-09-05,,,2019-12-12,2226.0,Labour,Keir Starmer,https://id.parliament.uk/wKmcTock,4621,senior,True,contains:chancellor of the duchy of lancaster
Jonathan,Reynolds,Commons,Parliamentary Secretary to the Treasury (Chief Whip),2025-09-05,,,2019-12-12,2226.0,Labour,Keir Starmer,https://id.parliament.uk/wfDACmwh,4119,non_senior,False,regex:\bparliamentary secretary\b
Shabana,Mahmood,Commons,Home Secretary,2025-09-05,,,2019-12-12,2226.0,Labour,Keir Starmer,https://id.parliament.uk/vTIVJZpe,3914,ambiguous,False,default
Sarah,Jones,Commons,Minister of State (Home Office),2025-09-06,,,2019-12-12,2226.0,Labour,Keir Starmer,https://id.parliament.uk/fBZes1GF,4631,ambiguous,False,regex:\bminister of state\b
Angela,Eagle,Commons,"Minister of State (Department for Environment, Food and Rural Affairs)",2025-09-06,,,2019-12-12,2226.0,Labour,Keir Starmer,https://id.parliament.uk/saLBlZIO,491,ambiguous,False,regex:\bminister of state\b
Alison,McGovern,Commons,"Minister of State (Housing, Communities and Local Government)",2025-09-06,,,2019-12-12,2226.0,Labour,Keir Starmer,https://id.parliament.uk/VUtOocXd,4083,ambiguous,False,regex:\bminister of state\b
Daniel,Jarvis,Commons,Minister of State (Home Office) (Security),2025-09-06,,,2019-12-12,2226.0,Labour,Keir Starmer,https://id.parliament.uk/X4L826oY,4243,ambiguous,False,regex:\bminister of state\b
Daniel,Jarvis,Commons,Minister of State (Cabinet Office),2025-09-06,,,2019-12-12,2226.0,Labour,Keir Starmer,https://id.parliament.uk/X4L826oY,4243,ambiguous,False,regex:\bminister of state\b
Luke,Pollard,Commons,Minister of State (Ministry of Defence),2025-09-06,,,2019-12-12,2226.0,Labour,Keir Starmer,https://id.parliament.uk/BJ2OL9as,4682,ambiguous,False,regex:\bminister of state\b
Alexander,Norris,Commons,Minister of State (Home Office),2025-09-06,,,2019-12-12,2226.0,Labour,Keir Starmer,https://id.parliament.uk/ANZPwclO,4641,ambiguous,False,regex:\bminister of state\b
Diana,Johnson,Commons,Minister of State (Department for Work and Pensions),2025-09-06,,,2019-12-12,2226.0,Labour,Keir Starmer,https://id.parliament.uk/N83bzqZq,1533,ambiguous,False,regex:\bminister of state\b
Eleanor,Reeves,Commons,Solicitor General (Attorney General's Office),2025-09-06,,,2019-12-12,2226.0,Labour,Keir Starmer,https://id.parliament.uk/DqY5efud,4620,ambiguous,False,regex:\battorney general\b
Ian,Murray,Commons,"Minister of State (Department for Science, Innovation and Technology)",2025-09-06,,,2019-12-12,2226.0,Labour,Keir Starmer,https://id.parliament.uk/3Qjf79xg,3966,ambiguous,False,regex:\bminister of state\b
Ian,Murray,Commons,"Minister of State (Department for Culture, Media and Sport)",2025-09-06,,,2019-12-12,2226.0,Labour,Keir Starmer,https://id.parliament.uk/3Qjf79xg,3966,ambiguous,False,regex:\bminister of state\b
Christopher,Bryant,Commons,Minister of State (Department for Business and Trade),2025-09-06,,,2019-12-12,2226.0,Labour,Keir Starmer,https://id.parliament.uk/HMZwFU4B,1446,ambiguous,False,regex:\bminister of state\b
Darren,Jones,Commons,Minister for Intergovernmental Relations,2025-09-06,,,2019-12-12,2226.0,Labour,Keir Starmer,https://id.parliament.uk/wKmcTock,4621,ambiguous,False,regex:\bminister for\b
Seema,Malhotra-Saluja,Commons,"Parliamentary Under-Secretary (Foreign, Commonwealth and Development Office)",2025-09-06,,,2019-12-12,2226.0,Labour,Keir Starmer,https://id.parliament.uk/3iNlZHWi,4253,non_senior,False,regex:\bparliamentary under-?secretary\b
Raymond,Collins,Lords,Lord in Waiting (HM Household) (Whip),2025-09-07,,,2019-12-12,2226.0,Labour,Keir Starmer,https://id.parliament.uk/YZjk7nII,4222,non_senior,False,regex:\bwhip\b
Stephen,Morgan,Commons,"Government Whip, Lord Commissioner of HM Treasury",2025-09-07,,,2019-12-12,2226.0,Labour,Keir Starmer,https://id.parliament.uk/PCw1kcqM,4653,non_senior,False,regex:\bwhip\b
Lilian,Greenwood,Commons,"Vice Chamberlain (HM Household) (Whip, House of Commons)",2025-09-07,2025-09-16,9.0,2019-12-12,2226.0,Labour,Keir Starmer,https://id.parliament.uk/Fbws7PDC,4029,non_senior,False,regex:\bwhip\b
Anna,McMorrin,Commons,Parliamentary Under-Secretary (Wales Office),2025-09-07,,,2019-12-12,2226.0,Labour,Keir Starmer,https://id.parliament.uk/0vziO0mL,4632,non_senior,False,regex:\bparliamentary under-?secretary\b
Christopher,Elmore,Commons,"Parliamentary Under-Secretary (Foreign, Commonwealth and Development Office)",2025-09-07,,,2019-12-12,2226.0,Labour,Keir Starmer,https://id.parliament.uk/0EuzvS63,4572,non_senior,False,regex:\bparliamentary under-?secretary\b
Christian,Wakeford,Commons,"Government Whip, Lord Commissioner of HM Treasury",2025-09-07,,,2019-12-12,2226.0,Conservative,Keir Starmer,https://id.parliament.uk/GChHXkTm,4871,non_senior,False,regex:\bwhip\b
Lilian,Greenwood,Commons,Parliamentary Under-Secretary (Department for Transport),2025-09-16,,,2019-12-12,2226.0,Labour,Keir Starmer,https://id.parliament.uk/Fbws7PDC,4029,non_senior,False,regex:\bparliamentary under-?secretary\b
Lilian,Greenwood,Commons,"Government Whip, Lord Commissioner of HM Treasury",2025-09-16,,,2019-12-12,2226.0,Labour,Keir Starmer,https://id.parliament.uk/Fbws7PDC,4029,non_senior,False,regex:\bwhip\b
Alan,Whitehead,Commons,Minister of State (Department for Energy Security and Net Zero),2025-11-11,,,2019-12-12,2226.0,,Keir Starmer,https://id.parliament.uk/WQfVXkMX,62,ambiguous,False,regex:\bminister of state\b
