date_period,measure,cdid,value,unit,source_dataset
1801.0,Business rates,CUKY,,-,PublicFinances1800-2023
1801.0,Capital Gains Tax1,MS62,,-,PublicFinances1800-2023
1801.0,Corporation tax (profits taxes prior to 1966-67)2,CPRN,,-,PublicFinances1800-2023
1801.0,Council Tax (community charge and domestic rates prior to 1993),NMHM,,-,PublicFinances1800-2023
1801.0,Current spending3,JW2Q,,-,PublicFinances1800-2023
1801.0,Custom and excise duties5,CUDG+GTAO+MF6V+ EKED+CDDZ+CWAA,21.0,18,PublicFinances1800-2023
1801.0,Death duties/Inheritance tax,ACCH,,-,PublicFinances1800-2023
1801.0,Debt Interest9,NMFX,18.0,14,PublicFinances1800-2023
1801.0,Defence5,,33.0,32,PublicFinances1800-2023
1801.0,Education8,,,-,PublicFinances1800-2023
1801.0,Energy profits levy,JIS6,,-,PublicFinances1800-2023
1801.0,Gas Levy3,,,-,PublicFinances1800-2023
1801.0,Health6,,,-,PublicFinances1800-2023
1801.0,Income tax1,LIBR-MS62,5.0,5,PublicFinances1800-2023
1801.0,"Index, base year = 100",MM23,15.1,13.5,PublicFinances1800-2023
1801.0,Land and Assessed Taxes,,5.0,5,PublicFinances1800-2023
1801.0,License fee receipts,DH7A,,-,PublicFinances1800-2023
1801.0,National Accounts Taxes,GCSU,,-,PublicFinances1800-2023
1801.0,National Insurance Contributions1,AIIH,,-,PublicFinances1800-2023
1801.0,"Nominal GDP (March-centred, £m)4","Nominal GDP (March-centred, £m)4",373.0,393,PublicFinances1800-2023
1801.0,Nominal GDP (£m)3,Nominal GDP (£m)3,399.0,355,PublicFinances1800-2023
1801.0,Other Central Government Receipts6,Residual,5.0,3,PublicFinances1800-2023
1801.0,Other Public Sector Spending10 ,,,-,PublicFinances1800-2023
1801.0,Other business taxes1,KIH3 + N43V,,-,PublicFinances1800-2023
1801.0,Other public sector taxes and receipts8,Residual,,-,PublicFinances1800-2023
1801.0,Petroleum Revenue tax (includes supplementary petroleum duty)3,ACCJ,,-,PublicFinances1800-2023
1801.0,Petroleum royalties3,,,-,PublicFinances1800-2023
1801.0,Public sector gross investment4,JW2Z + JW2S,,-,PublicFinances1800-2023
1801.0,"Public sector net borrowing
(PSNB)1","Public sector net borrowing
(PSNB)1",23.0,21,PublicFinances1800-2023
1801.0,Public sector net debt (PSND)2,Public sector net debt (PSND)2,548.0,508,PublicFinances1800-2023
1801.0,Social Security7,,,-,PublicFinances1800-2023
1801.0,Stamp duties,GTBC,3.0,3,PublicFinances1800-2023
1801.0,Total Central Government spending1,ANLP + ANNS + NSRN,55.0,50,PublicFinances1800-2023
1801.0,Unit,Source dataset ID,1801.0,1800,PublicFinances1800-2023
1801.0,VAT (Purchase tax prior to 1973)4,NZGF,,-,PublicFinances1800-2023
1801.0,Years,Years,,1800-01,PublicFinances1800-2023
1801.0,o/w non-pensioners,,,-,PublicFinances1800-2023
1801.0,o/w pensioners,,,-,PublicFinances1800-2023
1802.0,Business rates,CUKY,,-,PublicFinances1800-2023
1802.0,Capital Gains Tax1,MS62,,-,PublicFinances1800-2023
1802.0,Corporation tax (profits taxes prior to 1966-67)2,CPRN,,-,PublicFinances1800-2023
1802.0,Council Tax (community charge and domestic rates prior to 1993),NMHM,,-,PublicFinances1800-2023
1802.0,Current spending3,JW2Q,,-,PublicFinances1800-2023
1802.0,Custom and excise duties5,CUDG+GTAO+MF6V+ EKED+CDDZ+CWAA,24.0,18,PublicFinances1800-2023
1802.0,Death duties/Inheritance tax,ACCH,,-,PublicFinances1800-2023
1802.0,Debt Interest9,NMFX,20.0,14,PublicFinances1800-2023
1802.0,Defence5,,34.0,32,PublicFinances1800-2023
1802.0,Education8,,,-,PublicFinances1800-2023
1802.0,Energy profits levy,JIS6,,-,PublicFinances1800-2023
1802.0,Gas Levy3,,,-,PublicFinances1800-2023
1802.0,Health6,,,-,PublicFinances1800-2023
1802.0,Income tax1,LIBR-MS62,3.0,5,PublicFinances1800-2023
1802.0,"Index, base year = 100",MM23,11.6,13.5,PublicFinances1800-2023
1802.0,Land and Assessed Taxes,,5.0,5,PublicFinances1800-2023
1802.0,License fee receipts,DH7A,,-,PublicFinances1800-2023
1802.0,National Accounts Taxes,GCSU,,-,PublicFinances1800-2023
1802.0,National Insurance Contributions1,AIIH,,-,PublicFinances1800-2023
1802.0,"Nominal GDP (March-centred, £m)4","Nominal GDP (March-centred, £m)4",357.0,393,PublicFinances1800-2023
1802.0,Nominal GDP (£m)3,Nominal GDP (£m)3,359.0,355,PublicFinances1800-2023
1802.0,Other Central Government Receipts6,Residual,6.0,3,PublicFinances1800-2023
1802.0,Other Public Sector Spending10 ,,,-,PublicFinances1800-2023
1802.0,Other business taxes1,KIH3 + N43V,,-,PublicFinances1800-2023
1802.0,Other public sector taxes and receipts8,Residual,,-,PublicFinances1800-2023
1802.0,Petroleum Revenue tax (includes supplementary petroleum duty)3,ACCJ,,-,PublicFinances1800-2023
1802.0,Petroleum royalties3,,,-,PublicFinances1800-2023
1802.0,Public sector gross investment4,JW2Z + JW2S,,-,PublicFinances1800-2023
1802.0,"Public sector net borrowing
(PSNB)1","Public sector net borrowing
(PSNB)1",13.0,21,PublicFinances1800-2023
1802.0,Public sector net debt (PSND)2,Public sector net debt (PSND)2,564.0,508,PublicFinances1800-2023
1802.0,Social Security7,,,-,PublicFinances1800-2023
1802.0,Stamp duties,GTBC,3.0,3,PublicFinances1800-2023
1802.0,Total Central Government spending1,ANLP + ANNS + NSRN,63.0,50,PublicFinances1800-2023
1802.0,Unit,Source dataset ID,1802.0,1800,PublicFinances1800-2023
1802.0,VAT (Purchase tax prior to 1973)4,NZGF,,-,PublicFinances1800-2023
1802.0,Years,Years,,1800-01,PublicFinances1800-2023
1802.0,o/w non-pensioners,,,-,PublicFinances1800-2023
1802.0,o/w pensioners,,,-,PublicFinances1800-2023
1803.0,Business rates,CUKY,,-,PublicFinances1800-2023
1803.0,Capital Gains Tax1,MS62,,-,PublicFinances1800-2023
1803.0,Corporation tax (profits taxes prior to 1966-67)2,CPRN,,-,PublicFinances1800-2023
1803.0,Council Tax (community charge and domestic rates prior to 1993),NMHM,,-,PublicFinances1800-2023
1803.0,Current spending3,JW2Q,,-,PublicFinances1800-2023
1803.0,Custom and excise duties5,CUDG+GTAO+MF6V+ EKED+CDDZ+CWAA,28.0,18,PublicFinances1800-2023
1803.0,Death duties/Inheritance tax,ACCH,,-,PublicFinances1800-2023
1803.0,Debt Interest9,NMFX,20.0,14,PublicFinances1800-2023
1803.0,Defence5,,25.0,32,PublicFinances1800-2023
1803.0,Education8,,,-,PublicFinances1800-2023
1803.0,Energy profits levy,JIS6,,-,PublicFinances1800-2023
1803.0,Gas Levy3,,,-,PublicFinances1800-2023
1803.0,Health6,,,-,PublicFinances1800-2023
1803.0,Income tax1,LIBR-MS62,1.0,5,PublicFinances1800-2023
1803.0,"Index, base year = 100",MM23,11.0,13.5,PublicFinances1800-2023
1803.0,Land and Assessed Taxes,,6.0,5,PublicFinances1800-2023
1803.0,License fee receipts,DH7A,,-,PublicFinances1800-2023
1803.0,National Accounts Taxes,GCSU,,-,PublicFinances1800-2023
1803.0,National Insurance Contributions1,AIIH,,-,PublicFinances1800-2023
1803.0,"Nominal GDP (March-centred, £m)4","Nominal GDP (March-centred, £m)4",372.0,393,PublicFinances1800-2023
1803.0,Nominal GDP (£m)3,Nominal GDP (£m)3,361.0,355,PublicFinances1800-2023
1803.0,Other Central Government Receipts6,Residual,6.0,3,PublicFinances1800-2023
1803.0,Other Public Sector Spending10 ,,,-,PublicFinances1800-2023
1803.0,Other business taxes1,KIH3 + N43V,,-,PublicFinances1800-2023
1803.0,Other public sector taxes and receipts8,Residual,,-,PublicFinances1800-2023
1803.0,Petroleum Revenue tax (includes supplementary petroleum duty)3,ACCJ,,-,PublicFinances1800-2023
1803.0,Petroleum royalties3,,,-,PublicFinances1800-2023
1803.0,Public sector gross investment4,JW2Z + JW2S,,-,PublicFinances1800-2023
1803.0,"Public sector net borrowing
(PSNB)1","Public sector net borrowing
(PSNB)1",11.0,21,PublicFinances1800-2023
1803.0,Public sector net debt (PSND)2,Public sector net debt (PSND)2,579.0,508,PublicFinances1800-2023
1803.0,Social Security7,,,-,PublicFinances1800-2023
1803.0,Stamp duties,GTBC,4.0,3,PublicFinances1800-2023
1803.0,Total Central Government spending1,ANLP + ANNS + NSRN,54.0,50,PublicFinances1800-2023
1803.0,Unit,Source dataset ID,1803.0,1800,PublicFinances1800-2023
1803.0,VAT (Purchase tax prior to 1973)4,NZGF,,-,PublicFinances1800-2023
1803.0,Years,Years,,1800-01,PublicFinances1800-2023
1803.0,o/w non-pensioners,,,-,PublicFinances1800-2023
1803.0,o/w pensioners,,,-,PublicFinances1800-2023
1804.0,Business rates,CUKY,,-,PublicFinances1800-2023
1804.0,Capital Gains Tax1,MS62,,-,PublicFinances1800-2023
1804.0,Corporation tax (profits taxes prior to 1966-67)2,CPRN,,-,PublicFinances1800-2023
1804.0,Council Tax (community charge and domestic rates prior to 1993),NMHM,,-,PublicFinances1800-2023
1804.0,Current spending3,JW2Q,,-,PublicFinances1800-2023
1804.0,Custom and excise duties5,CUDG+GTAO+MF6V+ EKED+CDDZ+CWAA,31.0,18,PublicFinances1800-2023
1804.0,Death duties/Inheritance tax,ACCH,,-,PublicFinances1800-2023
1804.0,Debt Interest9,NMFX,21.0,14,PublicFinances1800-2023
1804.0,Defence5,,26.0,32,PublicFinances1800-2023
1804.0,Education8,,,-,PublicFinances1800-2023
1804.0,Energy profits levy,JIS6,,-,PublicFinances1800-2023
1804.0,Gas Levy3,,,-,PublicFinances1800-2023
1804.0,Health6,,,-,PublicFinances1800-2023
1804.0,Income tax1,LIBR-MS62,4.0,5,PublicFinances1800-2023
1804.0,"Index, base year = 100",MM23,11.3,13.5,PublicFinances1800-2023
1804.0,Land and Assessed Taxes,,6.0,5,PublicFinances1800-2023
1804.0,License fee receipts,DH7A,,-,PublicFinances1800-2023
1804.0,National Accounts Taxes,GCSU,,-,PublicFinances1800-2023
1804.0,National Insurance Contributions1,AIIH,,-,PublicFinances1800-2023
1804.0,"Nominal GDP (March-centred, £m)4","Nominal GDP (March-centred, £m)4",403.0,393,PublicFinances1800-2023
1804.0,Nominal GDP (£m)3,Nominal GDP (£m)3,386.0,355,PublicFinances1800-2023
1804.0,Other Central Government Receipts6,Residual,6.0,3,PublicFinances1800-2023
1804.0,Other Public Sector Spending10 ,,,-,PublicFinances1800-2023
1804.0,Other business taxes1,KIH3 + N43V,,-,PublicFinances1800-2023
1804.0,Other public sector taxes and receipts8,Residual,,-,PublicFinances1800-2023
1804.0,Petroleum Revenue tax (includes supplementary petroleum duty)3,ACCJ,,-,PublicFinances1800-2023
1804.0,Petroleum royalties3,,,-,PublicFinances1800-2023
1804.0,Public sector gross investment4,JW2Z + JW2S,,-,PublicFinances1800-2023
1804.0,"Public sector net borrowing
(PSNB)1","Public sector net borrowing
(PSNB)1",14.0,21,PublicFinances1800-2023
1804.0,Public sector net debt (PSND)2,Public sector net debt (PSND)2,603.0,508,PublicFinances1800-2023
1804.0,Social Security7,,,-,PublicFinances1800-2023
1804.0,Stamp duties,GTBC,4.0,3,PublicFinances1800-2023
1804.0,Total Central Government spending1,ANLP + ANNS + NSRN,55.0,50,PublicFinances1800-2023
1804.0,Unit,Source dataset ID,1804.0,1800,PublicFinances1800-2023
1804.0,VAT (Purchase tax prior to 1973)4,NZGF,,-,PublicFinances1800-2023
1804.0,Years,Years,,1800-01,PublicFinances1800-2023
1804.0,o/w non-pensioners,,,-,PublicFinances1800-2023
1804.0,o/w pensioners,,,-,PublicFinances1800-2023
1805.0,Business rates,CUKY,,-,PublicFinances1800-2023
1805.0,Capital Gains Tax1,MS62,,-,PublicFinances1800-2023
1805.0,Corporation tax (profits taxes prior to 1966-67)2,CPRN,,-,PublicFinances1800-2023
1805.0,Council Tax (community charge and domestic rates prior to 1993),NMHM,,-,PublicFinances1800-2023
1805.0,Current spending3,JW2Q,,-,PublicFinances1800-2023
1805.0,Custom and excise duties5,CUDG+GTAO+MF6V+ EKED+CDDZ+CWAA,34.0,18,PublicFinances1800-2023
1805.0,Death duties/Inheritance tax,ACCH,,-,PublicFinances1800-2023
1805.0,Debt Interest9,NMFX,21.0,14,PublicFinances1800-2023
1805.0,Defence5,,36.0,32,PublicFinances1800-2023
1805.0,Education8,,,-,PublicFinances1800-2023
1805.0,Energy profits levy,JIS6,,-,PublicFinances1800-2023
1805.0,Gas Levy3,,,-,PublicFinances1800-2023
1805.0,Health6,,,-,PublicFinances1800-2023
1805.0,Income tax1,LIBR-MS62,5.0,5,PublicFinances1800-2023
1805.0,"Index, base year = 100",MM23,13.1,13.5,PublicFinances1800-2023
1805.0,Land and Assessed Taxes,,6.0,5,PublicFinances1800-2023
1805.0,License fee receipts,DH7A,,-,PublicFinances1800-2023
1805.0,National Accounts Taxes,GCSU,,-,PublicFinances1800-2023
1805.0,National Insurance Contributions1,AIIH,,-,PublicFinances1800-2023
1805.0,"Nominal GDP (March-centred, £m)4","Nominal GDP (March-centred, £m)4",416.0,393,PublicFinances1800-2023
1805.0,Nominal GDP (£m)3,Nominal GDP (£m)3,413.0,355,PublicFinances1800-2023
1805.0,Other Central Government Receipts6,Residual,7.0,3,PublicFinances1800-2023
1805.0,Other Public Sector Spending10 ,,,-,PublicFinances1800-2023
1805.0,Other business taxes1,KIH3 + N43V,,-,PublicFinances1800-2023
1805.0,Other public sector taxes and receipts8,Residual,,-,PublicFinances1800-2023
1805.0,Petroleum Revenue tax (includes supplementary petroleum duty)3,ACCJ,,-,PublicFinances1800-2023
1805.0,Petroleum royalties3,,,-,PublicFinances1800-2023
1805.0,Public sector gross investment4,JW2Z + JW2S,,-,PublicFinances1800-2023
1805.0,"Public sector net borrowing
(PSNB)1","Public sector net borrowing
(PSNB)1",16.0,21,PublicFinances1800-2023
1805.0,Public sector net debt (PSND)2,Public sector net debt (PSND)2,629.0,508,PublicFinances1800-2023
1805.0,Social Security7,,,-,PublicFinances1800-2023
1805.0,Stamp duties,GTBC,5.0,3,PublicFinances1800-2023
1805.0,Total Central Government spending1,ANLP + ANNS + NSRN,65.0,50,PublicFinances1800-2023
1805.0,Unit,Source dataset ID,1805.0,1800,PublicFinances1800-2023
1805.0,VAT (Purchase tax prior to 1973)4,NZGF,,-,PublicFinances1800-2023
1805.0,Years,Years,,1800-01,PublicFinances1800-2023
1805.0,o/w non-pensioners,,,-,PublicFinances1800-2023
1805.0,o/w pensioners,,,-,PublicFinances1800-2023
1806.0,Business rates,CUKY,,-,PublicFinances1800-2023
1806.0,Capital Gains Tax1,MS62,,-,PublicFinances1800-2023
1806.0,Corporation tax (profits taxes prior to 1966-67)2,CPRN,,-,PublicFinances1800-2023
1806.0,Council Tax (community charge and domestic rates prior to 1993),NMHM,,-,PublicFinances1800-2023
1806.0,Current spending3,JW2Q,,-,PublicFinances1800-2023
1806.0,Custom and excise duties5,CUDG+GTAO+MF6V+ EKED+CDDZ+CWAA,36.0,18,PublicFinances1800-2023
1806.0,Death duties/Inheritance tax,ACCH,,-,PublicFinances1800-2023
1806.0,Debt Interest9,NMFX,23.0,14,PublicFinances1800-2023
1806.0,Defence5,,40.0,32,PublicFinances1800-2023
1806.0,Education8,,,-,PublicFinances1800-2023
1806.0,Energy profits levy,JIS6,,-,PublicFinances1800-2023
1806.0,Gas Levy3,,,-,PublicFinances1800-2023
1806.0,Health6,,,-,PublicFinances1800-2023
1806.0,Income tax1,LIBR-MS62,7.0,5,PublicFinances1800-2023
1806.0,"Index, base year = 100",MM23,12.6,13.5,PublicFinances1800-2023
1806.0,Land and Assessed Taxes,,7.0,5,PublicFinances1800-2023
1806.0,License fee receipts,DH7A,,-,PublicFinances1800-2023
1806.0,National Accounts Taxes,GCSU,,-,PublicFinances1800-2023
1806.0,National Insurance Contributions1,AIIH,,-,PublicFinances1800-2023
1806.0,"Nominal GDP (March-centred, £m)4","Nominal GDP (March-centred, £m)4",438.0,393,PublicFinances1800-2023
1806.0,Nominal GDP (£m)3,Nominal GDP (£m)3,424.0,355,PublicFinances1800-2023
1806.0,Other Central Government Receipts6,Residual,7.0,3,PublicFinances1800-2023
1806.0,Other Public Sector Spending10 ,,,-,PublicFinances1800-2023
1806.0,Other business taxes1,KIH3 + N43V,,-,PublicFinances1800-2023
1806.0,Other public sector taxes and receipts8,Residual,,-,PublicFinances1800-2023
1806.0,Petroleum Revenue tax (includes supplementary petroleum duty)3,ACCJ,,-,PublicFinances1800-2023
1806.0,Petroleum royalties3,,,-,PublicFinances1800-2023
1806.0,Public sector gross investment4,JW2Z + JW2S,,-,PublicFinances1800-2023
1806.0,"Public sector net borrowing
(PSNB)1","Public sector net borrowing
(PSNB)1",12.0,21,PublicFinances1800-2023
1806.0,Public sector net debt (PSND)2,Public sector net debt (PSND)2,649.0,508,PublicFinances1800-2023
1806.0,Social Security7,,,-,PublicFinances1800-2023
1806.0,Stamp duties,GTBC,5.0,3,PublicFinances1800-2023
1806.0,Total Central Government spending1,ANLP + ANNS + NSRN,72.0,50,PublicFinances1800-2023
1806.0,Unit,Source dataset ID,1806.0,1800,PublicFinances1800-2023
1806.0,VAT (Purchase tax prior to 1973)4,NZGF,,-,PublicFinances1800-2023
1806.0,Years,Years,,1800-01,PublicFinances1800-2023
1806.0,o/w non-pensioners,,,-,PublicFinances1800-2023
1806.0,o/w pensioners,,,-,PublicFinances1800-2023
1807.0,Business rates,CUKY,,-,PublicFinances1800-2023
1807.0,Capital Gains Tax1,MS62,,-,PublicFinances1800-2023
1807.0,Corporation tax (profits taxes prior to 1966-67)2,CPRN,,-,PublicFinances1800-2023
1807.0,Council Tax (community charge and domestic rates prior to 1993),NMHM,,-,PublicFinances1800-2023
1807.0,Current spending3,JW2Q,,-,PublicFinances1800-2023
1807.0,Custom and excise duties5,CUDG+GTAO+MF6V+ EKED+CDDZ+CWAA,40.0,18,PublicFinances1800-2023
1807.0,Death duties/Inheritance tax,ACCH,,-,PublicFinances1800-2023
1807.0,Debt Interest9,NMFX,23.0,14,PublicFinances1800-2023
1807.0,Defence5,,41.0,32,PublicFinances1800-2023
1807.0,Education8,,,-,PublicFinances1800-2023
1807.0,Energy profits levy,JIS6,,-,PublicFinances1800-2023
1807.0,Gas Levy3,,,-,PublicFinances1800-2023
1807.0,Health6,,,-,PublicFinances1800-2023
1807.0,Income tax1,LIBR-MS62,11.0,5,PublicFinances1800-2023
1807.0,"Index, base year = 100",MM23,12.3,13.5,PublicFinances1800-2023
1807.0,Land and Assessed Taxes,,7.0,5,PublicFinances1800-2023
1807.0,License fee receipts,DH7A,,-,PublicFinances1800-2023
1807.0,National Accounts Taxes,GCSU,,-,PublicFinances1800-2023
1807.0,National Insurance Contributions1,AIIH,,-,PublicFinances1800-2023
1807.0,"Nominal GDP (March-centred, £m)4","Nominal GDP (March-centred, £m)4",438.0,393,PublicFinances1800-2023
1807.0,Nominal GDP (£m)3,Nominal GDP (£m)3,443.0,355,PublicFinances1800-2023
1807.0,Other Central Government Receipts6,Residual,3.0,3,PublicFinances1800-2023
1807.0,Other Public Sector Spending10 ,,,-,PublicFinances1800-2023
1807.0,Other business taxes1,KIH3 + N43V,,-,PublicFinances1800-2023
1807.0,Other public sector taxes and receipts8,Residual,,-,PublicFinances1800-2023
1807.0,Petroleum Revenue tax (includes supplementary petroleum duty)3,ACCJ,,-,PublicFinances1800-2023
1807.0,Petroleum royalties3,,,-,PublicFinances1800-2023
1807.0,Public sector gross investment4,JW2Z + JW2S,,-,PublicFinances1800-2023
1807.0,"Public sector net borrowing
(PSNB)1","Public sector net borrowing
(PSNB)1",9.0,21,PublicFinances1800-2023
1807.0,Public sector net debt (PSND)2,Public sector net debt (PSND)2,662.0,508,PublicFinances1800-2023
1807.0,Social Security7,,,-,PublicFinances1800-2023
1807.0,Stamp duties,GTBC,5.0,3,PublicFinances1800-2023
1807.0,Total Central Government spending1,ANLP + ANNS + NSRN,73.0,50,PublicFinances1800-2023
1807.0,Unit,Source dataset ID,1807.0,1800,PublicFinances1800-2023
1807.0,VAT (Purchase tax prior to 1973)4,NZGF,,-,PublicFinances1800-2023
1807.0,Years,Years,,1800-01,PublicFinances1800-2023
1807.0,o/w non-pensioners,,,-,PublicFinances1800-2023
1807.0,o/w pensioners,,,-,PublicFinances1800-2023
1808.0,Business rates,CUKY,,-,PublicFinances1800-2023
1808.0,Capital Gains Tax1,MS62,,-,PublicFinances1800-2023
1808.0,Corporation tax (profits taxes prior to 1966-67)2,CPRN,,-,PublicFinances1800-2023
1808.0,Council Tax (community charge and domestic rates prior to 1993),NMHM,,-,PublicFinances1800-2023
1808.0,Current spending3,JW2Q,,-,PublicFinances1800-2023
1808.0,Custom and excise duties5,CUDG+GTAO+MF6V+ EKED+CDDZ+CWAA,40.0,18,PublicFinances1800-2023
1808.0,Death duties/Inheritance tax,ACCH,,-,PublicFinances1800-2023
1808.0,Debt Interest9,NMFX,24.0,14,PublicFinances1800-2023
1808.0,Defence5,,42.0,32,PublicFinances1800-2023
1808.0,Education8,,,-,PublicFinances1800-2023
1808.0,Energy profits levy,JIS6,,-,PublicFinances1800-2023
1808.0,Gas Levy3,,,-,PublicFinances1800-2023
1808.0,Health6,,,-,PublicFinances1800-2023
1808.0,Income tax1,LIBR-MS62,12.0,5,PublicFinances1800-2023
1808.0,"Index, base year = 100",MM23,12.8,13.5,PublicFinances1800-2023
1808.0,Land and Assessed Taxes,,8.0,5,PublicFinances1800-2023
1808.0,License fee receipts,DH7A,,-,PublicFinances1800-2023
1808.0,National Accounts Taxes,GCSU,,-,PublicFinances1800-2023
1808.0,National Insurance Contributions1,AIIH,,-,PublicFinances1800-2023
1808.0,"Nominal GDP (March-centred, £m)4","Nominal GDP (March-centred, £m)4",465.0,393,PublicFinances1800-2023
1808.0,Nominal GDP (£m)3,Nominal GDP (£m)3,446.0,355,PublicFinances1800-2023
1808.0,Other Central Government Receipts6,Residual,3.0,3,PublicFinances1800-2023
1808.0,Other Public Sector Spending10 ,,,-,PublicFinances1800-2023
1808.0,Other business taxes1,KIH3 + N43V,,-,PublicFinances1800-2023
1808.0,Other public sector taxes and receipts8,Residual,,-,PublicFinances1800-2023
1808.0,Petroleum Revenue tax (includes supplementary petroleum duty)3,ACCJ,,-,PublicFinances1800-2023
1808.0,Petroleum royalties3,,,-,PublicFinances1800-2023
1808.0,Public sector gross investment4,JW2Z + JW2S,,-,PublicFinances1800-2023
1808.0,"Public sector net borrowing
(PSNB)1","Public sector net borrowing
(PSNB)1",10.0,21,PublicFinances1800-2023
1808.0,Public sector net debt (PSND)2,Public sector net debt (PSND)2,673.0,508,PublicFinances1800-2023
1808.0,Social Security7,,,-,PublicFinances1800-2023
1808.0,Stamp duties,GTBC,6.0,3,PublicFinances1800-2023
1808.0,Total Central Government spending1,ANLP + ANNS + NSRN,74.0,50,PublicFinances1800-2023
1808.0,Unit,Source dataset ID,1808.0,1800,PublicFinances1800-2023
1808.0,VAT (Purchase tax prior to 1973)4,NZGF,,-,PublicFinances1800-2023
1808.0,Years,Years,,1800-01,PublicFinances1800-2023
1808.0,o/w non-pensioners,,,-,PublicFinances1800-2023
1808.0,o/w pensioners,,,-,PublicFinances1800-2023
1809.0,Business rates,CUKY,,-,PublicFinances1800-2023
1809.0,Capital Gains Tax1,MS62,,-,PublicFinances1800-2023
1809.0,Corporation tax (profits taxes prior to 1966-67)2,CPRN,,-,PublicFinances1800-2023
1809.0,Council Tax (community charge and domestic rates prior to 1993),NMHM,,-,PublicFinances1800-2023
1809.0,Current spending3,JW2Q,,-,PublicFinances1800-2023
1809.0,Custom and excise duties5,CUDG+GTAO+MF6V+ EKED+CDDZ+CWAA,40.0,18,PublicFinances1800-2023
1809.0,Death duties/Inheritance tax,ACCH,,-,PublicFinances1800-2023
1809.0,Debt Interest9,NMFX,23.0,14,PublicFinances1800-2023
1809.0,Defence5,,46.0,32,PublicFinances1800-2023
1809.0,Education8,,,-,PublicFinances1800-2023
1809.0,Energy profits levy,JIS6,,-,PublicFinances1800-2023
1809.0,Gas Levy3,,,-,PublicFinances1800-2023
1809.0,Health6,,,-,PublicFinances1800-2023
1809.0,Income tax1,LIBR-MS62,13.0,5,PublicFinances1800-2023
1809.0,"Index, base year = 100",MM23,14.0,13.5,PublicFinances1800-2023
1809.0,Land and Assessed Taxes,,8.0,5,PublicFinances1800-2023
1809.0,License fee receipts,DH7A,,-,PublicFinances1800-2023
1809.0,National Accounts Taxes,GCSU,,-,PublicFinances1800-2023
1809.0,National Insurance Contributions1,AIIH,,-,PublicFinances1800-2023
1809.0,"Nominal GDP (March-centred, £m)4","Nominal GDP (March-centred, £m)4",510.0,393,PublicFinances1800-2023
1809.0,Nominal GDP (£m)3,Nominal GDP (£m)3,487.0,355,PublicFinances1800-2023
1809.0,Other Central Government Receipts6,Residual,3.0,3,PublicFinances1800-2023
1809.0,Other Public Sector Spending10 ,,,-,PublicFinances1800-2023
1809.0,Other business taxes1,KIH3 + N43V,,-,PublicFinances1800-2023
1809.0,Other public sector taxes and receipts8,Residual,,-,PublicFinances1800-2023
1809.0,Petroleum Revenue tax (includes supplementary petroleum duty)3,ACCJ,,-,PublicFinances1800-2023
1809.0,Petroleum royalties3,,,-,PublicFinances1800-2023
1809.0,Public sector gross investment4,JW2Z + JW2S,,-,PublicFinances1800-2023
1809.0,"Public sector net borrowing
(PSNB)1","Public sector net borrowing
(PSNB)1",11.0,21,PublicFinances1800-2023
1809.0,Public sector net debt (PSND)2,Public sector net debt (PSND)2,684.0,508,PublicFinances1800-2023
1809.0,Social Security7,,,-,PublicFinances1800-2023
1809.0,Stamp duties,GTBC,6.0,3,PublicFinances1800-2023
1809.0,Total Central Government spending1,ANLP + ANNS + NSRN,79.0,50,PublicFinances1800-2023
1809.0,Unit,Source dataset ID,1809.0,1800,PublicFinances1800-2023
1809.0,VAT (Purchase tax prior to 1973)4,NZGF,,-,PublicFinances1800-2023
1809.0,Years,Years,,1800-01,PublicFinances1800-2023
1809.0,o/w non-pensioners,,,-,PublicFinances1800-2023
1809.0,o/w pensioners,,,-,PublicFinances1800-2023
1810.0,Business rates,CUKY,,-,PublicFinances1800-2023
1810.0,Capital Gains Tax1,MS62,,-,PublicFinances1800-2023
1810.0,Corporation tax (profits taxes prior to 1966-67)2,CPRN,,-,PublicFinances1800-2023
1810.0,Council Tax (community charge and domestic rates prior to 1993),NMHM,,-,PublicFinances1800-2023
1810.0,Current spending3,JW2Q,,-,PublicFinances1800-2023
1810.0,Custom and excise duties5,CUDG+GTAO+MF6V+ EKED+CDDZ+CWAA,41.0,18,PublicFinances1800-2023
1810.0,Death duties/Inheritance tax,ACCH,,-,PublicFinances1800-2023
1810.0,Debt Interest9,NMFX,24.0,14,PublicFinances1800-2023
1810.0,Defence5,,48.0,32,PublicFinances1800-2023
1810.0,Education8,,,-,PublicFinances1800-2023
1810.0,Energy profits levy,JIS6,,-,PublicFinances1800-2023
1810.0,Gas Levy3,,,-,PublicFinances1800-2023
1810.0,Health6,,,-,PublicFinances1800-2023
1810.0,Income tax1,LIBR-MS62,13.0,5,PublicFinances1800-2023
1810.0,"Index, base year = 100",MM23,14.4,13.5,PublicFinances1800-2023
1810.0,Land and Assessed Taxes,,8.0,5,PublicFinances1800-2023
1810.0,License fee receipts,DH7A,,-,PublicFinances1800-2023
1810.0,National Accounts Taxes,GCSU,,-,PublicFinances1800-2023
1810.0,National Insurance Contributions1,AIIH,,-,PublicFinances1800-2023
1810.0,"Nominal GDP (March-centred, £m)4","Nominal GDP (March-centred, £m)4",506.0,393,PublicFinances1800-2023
1810.0,Nominal GDP (£m)3,Nominal GDP (£m)3,517.0,355,PublicFinances1800-2023
1810.0,Other Central Government Receipts6,Residual,4.0,3,PublicFinances1800-2023
1810.0,Other Public Sector Spending10 ,,,-,PublicFinances1800-2023
1810.0,Other business taxes1,KIH3 + N43V,,-,PublicFinances1800-2023
1810.0,Other public sector taxes and receipts8,Residual,,-,PublicFinances1800-2023
1810.0,Petroleum Revenue tax (includes supplementary petroleum duty)3,ACCJ,,-,PublicFinances1800-2023
1810.0,Petroleum royalties3,,,-,PublicFinances1800-2023
1810.0,Public sector gross investment4,JW2Z + JW2S,,-,PublicFinances1800-2023
1810.0,"Public sector net borrowing
(PSNB)1","Public sector net borrowing
(PSNB)1",11.0,21,PublicFinances1800-2023
1810.0,Public sector net debt (PSND)2,Public sector net debt (PSND)2,692.0,508,PublicFinances1800-2023
1810.0,Social Security7,,,-,PublicFinances1800-2023
1810.0,Stamp duties,GTBC,6.0,3,PublicFinances1800-2023
1810.0,Total Central Government spending1,ANLP + ANNS + NSRN,82.0,50,PublicFinances1800-2023
1810.0,Unit,Source dataset ID,1810.0,1800,PublicFinances1800-2023
1810.0,VAT (Purchase tax prior to 1973)4,NZGF,,-,PublicFinances1800-2023
1810.0,Years,Years,,1800-01,PublicFinances1800-2023
1810.0,o/w non-pensioners,,,-,PublicFinances1800-2023
1810.0,o/w pensioners,,,-,PublicFinances1800-2023
1811.0,Business rates,CUKY,,-,PublicFinances1800-2023
1811.0,Capital Gains Tax1,MS62,,-,PublicFinances1800-2023
1811.0,Corporation tax (profits taxes prior to 1966-67)2,CPRN,,-,PublicFinances1800-2023
1811.0,Council Tax (community charge and domestic rates prior to 1993),NMHM,,-,PublicFinances1800-2023
1811.0,Current spending3,JW2Q,,-,PublicFinances1800-2023
1811.0,Custom and excise duties5,CUDG+GTAO+MF6V+ EKED+CDDZ+CWAA,41.0,18,PublicFinances1800-2023
1811.0,Death duties/Inheritance tax,ACCH,,-,PublicFinances1800-2023
1811.0,Debt Interest9,NMFX,24.0,14,PublicFinances1800-2023
1811.0,Defence5,,49.0,32,PublicFinances1800-2023
1811.0,Education8,,,-,PublicFinances1800-2023
1811.0,Energy profits levy,JIS6,,-,PublicFinances1800-2023
1811.0,Gas Levy3,,,-,PublicFinances1800-2023
1811.0,Health6,,,-,PublicFinances1800-2023
1811.0,Income tax1,LIBR-MS62,13.0,5,PublicFinances1800-2023
1811.0,"Index, base year = 100",MM23,14.0,13.5,PublicFinances1800-2023
1811.0,Land and Assessed Taxes,,7.0,5,PublicFinances1800-2023
1811.0,License fee receipts,DH7A,,-,PublicFinances1800-2023
1811.0,National Accounts Taxes,GCSU,,-,PublicFinances1800-2023
1811.0,National Insurance Contributions1,AIIH,,-,PublicFinances1800-2023
1811.0,"Nominal GDP (March-centred, £m)4","Nominal GDP (March-centred, £m)4",507.0,393,PublicFinances1800-2023
1811.0,Nominal GDP (£m)3,Nominal GDP (£m)3,503.0,355,PublicFinances1800-2023
1811.0,Other Central Government Receipts6,Residual,3.0,3,PublicFinances1800-2023
1811.0,Other Public Sector Spending10 ,,,-,PublicFinances1800-2023
1811.0,Other business taxes1,KIH3 + N43V,,-,PublicFinances1800-2023
1811.0,Other public sector taxes and receipts8,Residual,,-,PublicFinances1800-2023
1811.0,Petroleum Revenue tax (includes supplementary petroleum duty)3,ACCJ,,-,PublicFinances1800-2023
1811.0,Petroleum royalties3,,,-,PublicFinances1800-2023
1811.0,Public sector gross investment4,JW2Z + JW2S,,-,PublicFinances1800-2023
1811.0,"Public sector net borrowing
(PSNB)1","Public sector net borrowing
(PSNB)1",18.0,21,PublicFinances1800-2023
1811.0,Public sector net debt (PSND)2,Public sector net debt (PSND)2,711.0,508,PublicFinances1800-2023
1811.0,Social Security7,,,-,PublicFinances1800-2023
1811.0,Stamp duties,GTBC,6.0,3,PublicFinances1800-2023
1811.0,Total Central Government spending1,ANLP + ANNS + NSRN,83.0,50,PublicFinances1800-2023
1811.0,Unit,Source dataset ID,1811.0,1800,PublicFinances1800-2023
1811.0,VAT (Purchase tax prior to 1973)4,NZGF,,-,PublicFinances1800-2023
1811.0,Years,Years,,1800-01,PublicFinances1800-2023
1811.0,o/w non-pensioners,,,-,PublicFinances1800-2023
1811.0,o/w pensioners,,,-,PublicFinances1800-2023
1812.0,Business rates,CUKY,,-,PublicFinances1800-2023
1812.0,Capital Gains Tax1,MS62,,-,PublicFinances1800-2023
1812.0,Corporation tax (profits taxes prior to 1966-67)2,CPRN,,-,PublicFinances1800-2023
1812.0,Council Tax (community charge and domestic rates prior to 1993),NMHM,,-,PublicFinances1800-2023
1812.0,Current spending3,JW2Q,,-,PublicFinances1800-2023
1812.0,Custom and excise duties5,CUDG+GTAO+MF6V+ EKED+CDDZ+CWAA,40.0,18,PublicFinances1800-2023
1812.0,Death duties/Inheritance tax,ACCH,,-,PublicFinances1800-2023
1812.0,Debt Interest9,NMFX,25.0,14,PublicFinances1800-2023
1812.0,Defence5,,54.0,32,PublicFinances1800-2023
1812.0,Education8,,,-,PublicFinances1800-2023
1812.0,Energy profits levy,JIS6,,-,PublicFinances1800-2023
1812.0,Gas Levy3,,,-,PublicFinances1800-2023
1812.0,Health6,,,-,PublicFinances1800-2023
1812.0,Income tax1,LIBR-MS62,13.0,5,PublicFinances1800-2023
1812.0,"Index, base year = 100",MM23,15.9,13.5,PublicFinances1800-2023
1812.0,Land and Assessed Taxes,,8.0,5,PublicFinances1800-2023
1812.0,License fee receipts,DH7A,,-,PublicFinances1800-2023
1812.0,National Accounts Taxes,GCSU,,-,PublicFinances1800-2023
1812.0,National Insurance Contributions1,AIIH,,-,PublicFinances1800-2023
1812.0,"Nominal GDP (March-centred, £m)4","Nominal GDP (March-centred, £m)4",537.0,393,PublicFinances1800-2023
1812.0,Nominal GDP (£m)3,Nominal GDP (£m)3,518.0,355,PublicFinances1800-2023
1812.0,Other Central Government Receipts6,Residual,4.0,3,PublicFinances1800-2023
1812.0,Other Public Sector Spending10 ,,,-,PublicFinances1800-2023
1812.0,Other business taxes1,KIH3 + N43V,,-,PublicFinances1800-2023
1812.0,Other public sector taxes and receipts8,Residual,,-,PublicFinances1800-2023
1812.0,Petroleum Revenue tax (includes supplementary petroleum duty)3,ACCJ,,-,PublicFinances1800-2023
1812.0,Petroleum royalties3,,,-,PublicFinances1800-2023
1812.0,Public sector gross investment4,JW2Z + JW2S,,-,PublicFinances1800-2023
1812.0,"Public sector net borrowing
(PSNB)1","Public sector net borrowing
(PSNB)1",27.0,21,PublicFinances1800-2023
1812.0,Public sector net debt (PSND)2,Public sector net debt (PSND)2,755.0,508,PublicFinances1800-2023
1812.0,Social Security7,,,-,PublicFinances1800-2023
1812.0,Stamp duties,GTBC,6.0,3,PublicFinances1800-2023
1812.0,Total Central Government spending1,ANLP + ANNS + NSRN,89.0,50,PublicFinances1800-2023
1812.0,Unit,Source dataset ID,1812.0,1800,PublicFinances1800-2023
1812.0,VAT (Purchase tax prior to 1973)4,NZGF,,-,PublicFinances1800-2023
1812.0,Years,Years,,1800-01,PublicFinances1800-2023
1812.0,o/w non-pensioners,,,-,PublicFinances1800-2023
1812.0,o/w pensioners,,,-,PublicFinances1800-2023
1813.0,Business rates,CUKY,,-,PublicFinances1800-2023
1813.0,Capital Gains Tax1,MS62,,-,PublicFinances1800-2023
1813.0,Corporation tax (profits taxes prior to 1966-67)2,CPRN,,-,PublicFinances1800-2023
1813.0,Council Tax (community charge and domestic rates prior to 1993),NMHM,,-,PublicFinances1800-2023
1813.0,Current spending3,JW2Q,,-,PublicFinances1800-2023
1813.0,Custom and excise duties5,CUDG+GTAO+MF6V+ EKED+CDDZ+CWAA,42.0,18,PublicFinances1800-2023
1813.0,Death duties/Inheritance tax,ACCH,,-,PublicFinances1800-2023
1813.0,Debt Interest9,NMFX,27.0,14,PublicFinances1800-2023
1813.0,Defence5,,61.0,32,PublicFinances1800-2023
1813.0,Education8,,,-,PublicFinances1800-2023
1813.0,Energy profits levy,JIS6,,-,PublicFinances1800-2023
1813.0,Gas Levy3,,,-,PublicFinances1800-2023
1813.0,Health6,,,-,PublicFinances1800-2023
1813.0,Income tax1,LIBR-MS62,14.0,5,PublicFinances1800-2023
1813.0,"Index, base year = 100",MM23,16.3,13.5,PublicFinances1800-2023
1813.0,Land and Assessed Taxes,,8.0,5,PublicFinances1800-2023
1813.0,License fee receipts,DH7A,,-,PublicFinances1800-2023
1813.0,National Accounts Taxes,GCSU,,-,PublicFinances1800-2023
1813.0,National Insurance Contributions1,AIIH,,-,PublicFinances1800-2023
1813.0,"Nominal GDP (March-centred, £m)4","Nominal GDP (March-centred, £m)4",529.0,393,PublicFinances1800-2023
1813.0,Nominal GDP (£m)3,Nominal GDP (£m)3,541.0,355,PublicFinances1800-2023
1813.0,Other Central Government Receipts6,Residual,5.0,3,PublicFinances1800-2023
1813.0,Other Public Sector Spending10 ,,,-,PublicFinances1800-2023
1813.0,Other business taxes1,KIH3 + N43V,,-,PublicFinances1800-2023
1813.0,Other public sector taxes and receipts8,Residual,,-,PublicFinances1800-2023
1813.0,Petroleum Revenue tax (includes supplementary petroleum duty)3,ACCJ,,-,PublicFinances1800-2023
1813.0,Petroleum royalties3,,,-,PublicFinances1800-2023
1813.0,Public sector gross investment4,JW2Z + JW2S,,-,PublicFinances1800-2023
1813.0,"Public sector net borrowing
(PSNB)1","Public sector net borrowing
(PSNB)1",36.0,21,PublicFinances1800-2023
1813.0,Public sector net debt (PSND)2,Public sector net debt (PSND)2,823.0,508,PublicFinances1800-2023
1813.0,Social Security7,,,-,PublicFinances1800-2023
1813.0,Stamp duties,GTBC,6.0,3,PublicFinances1800-2023
1813.0,Total Central Government spending1,ANLP + ANNS + NSRN,99.0,50,PublicFinances1800-2023
1813.0,Unit,Source dataset ID,1813.0,1800,PublicFinances1800-2023
1813.0,VAT (Purchase tax prior to 1973)4,NZGF,,-,PublicFinances1800-2023
1813.0,Years,Years,,1800-01,PublicFinances1800-2023
1813.0,o/w non-pensioners,,,-,PublicFinances1800-2023
1813.0,o/w pensioners,,,-,PublicFinances1800-2023
1814.0,Business rates,CUKY,,-,PublicFinances1800-2023
1814.0,Capital Gains Tax1,MS62,,-,PublicFinances1800-2023
1814.0,Corporation tax (profits taxes prior to 1966-67)2,CPRN,,-,PublicFinances1800-2023
1814.0,Council Tax (community charge and domestic rates prior to 1993),NMHM,,-,PublicFinances1800-2023
1814.0,Current spending3,JW2Q,,-,PublicFinances1800-2023
1814.0,Custom and excise duties5,CUDG+GTAO+MF6V+ EKED+CDDZ+CWAA,44.0,18,PublicFinances1800-2023
1814.0,Death duties/Inheritance tax,ACCH,,-,PublicFinances1800-2023
1814.0,Debt Interest9,NMFX,28.0,14,PublicFinances1800-2023
1814.0,Defence5,,72.0,32,PublicFinances1800-2023
1814.0,Education8,,,-,PublicFinances1800-2023
1814.0,Energy profits levy,JIS6,,-,PublicFinances1800-2023
1814.0,Gas Levy3,,,-,PublicFinances1800-2023
1814.0,Health6,,,-,PublicFinances1800-2023
1814.0,Income tax1,LIBR-MS62,15.0,5,PublicFinances1800-2023
1814.0,"Index, base year = 100",MM23,14.2,13.5,PublicFinances1800-2023
1814.0,Land and Assessed Taxes,,8.0,5,PublicFinances1800-2023
1814.0,License fee receipts,DH7A,,-,PublicFinances1800-2023
1814.0,National Accounts Taxes,GCSU,,-,PublicFinances1800-2023
1814.0,National Insurance Contributions1,AIIH,,-,PublicFinances1800-2023
1814.0,"Nominal GDP (March-centred, £m)4","Nominal GDP (March-centred, £m)4",536.0,393,PublicFinances1800-2023
1814.0,Nominal GDP (£m)3,Nominal GDP (£m)3,528.0,355,PublicFinances1800-2023
1814.0,Other Central Government Receipts6,Residual,5.0,3,PublicFinances1800-2023
1814.0,Other Public Sector Spending10 ,,,-,PublicFinances1800-2023
1814.0,Other business taxes1,KIH3 + N43V,,-,PublicFinances1800-2023
1814.0,Other public sector taxes and receipts8,Residual,,-,PublicFinances1800-2023
1814.0,Petroleum Revenue tax (includes supplementary petroleum duty)3,ACCJ,,-,PublicFinances1800-2023
1814.0,Petroleum royalties3,,,-,PublicFinances1800-2023
1814.0,Public sector gross investment4,JW2Z + JW2S,,-,PublicFinances1800-2023
1814.0,"Public sector net borrowing
(PSNB)1","Public sector net borrowing
(PSNB)1",31.0,21,PublicFinances1800-2023
1814.0,Public sector net debt (PSND)2,Public sector net debt (PSND)2,855.0,508,PublicFinances1800-2023
1814.0,Social Security7,,,-,PublicFinances1800-2023
1814.0,Stamp duties,GTBC,7.0,3,PublicFinances1800-2023
1814.0,Total Central Government spending1,ANLP + ANNS + NSRN,112.0,50,PublicFinances1800-2023
1814.0,Unit,Source dataset ID,1814.0,1800,PublicFinances1800-2023
1814.0,VAT (Purchase tax prior to 1973)4,NZGF,,-,PublicFinances1800-2023
1814.0,Years,Years,,1800-01,PublicFinances1800-2023
1814.0,o/w non-pensioners,,,-,PublicFinances1800-2023
1814.0,o/w pensioners,,,-,PublicFinances1800-2023
1815.0,Business rates,CUKY,,-,PublicFinances1800-2023
1815.0,Capital Gains Tax1,MS62,,-,PublicFinances1800-2023
1815.0,Corporation tax (profits taxes prior to 1966-67)2,CPRN,,-,PublicFinances1800-2023
1815.0,Council Tax (community charge and domestic rates prior to 1993),NMHM,,-,PublicFinances1800-2023
1815.0,Current spending3,JW2Q,,-,PublicFinances1800-2023
1815.0,Custom and excise duties5,CUDG+GTAO+MF6V+ EKED+CDDZ+CWAA,43.0,18,PublicFinances1800-2023
1815.0,Death duties/Inheritance tax,ACCH,,-,PublicFinances1800-2023
1815.0,Debt Interest9,NMFX,31.0,14,PublicFinances1800-2023
1815.0,Defence5,,68.0,32,PublicFinances1800-2023
1815.0,Education8,,,-,PublicFinances1800-2023
1815.0,Energy profits levy,JIS6,,-,PublicFinances1800-2023
1815.0,Gas Levy3,,,-,PublicFinances1800-2023
1815.0,Health6,,,-,PublicFinances1800-2023
1815.0,Income tax1,LIBR-MS62,14.0,5,PublicFinances1800-2023
1815.0,"Index, base year = 100",MM23,12.7,13.5,PublicFinances1800-2023
1815.0,Land and Assessed Taxes,,9.0,5,PublicFinances1800-2023
1815.0,License fee receipts,DH7A,,-,PublicFinances1800-2023
1815.0,National Accounts Taxes,GCSU,,-,PublicFinances1800-2023
1815.0,National Insurance Contributions1,AIIH,,-,PublicFinances1800-2023
1815.0,"Nominal GDP (March-centred, £m)4","Nominal GDP (March-centred, £m)4",497.0,393,PublicFinances1800-2023
1815.0,Nominal GDP (£m)3,Nominal GDP (£m)3,525.0,355,PublicFinances1800-2023
1815.0,Other Central Government Receipts6,Residual,4.0,3,PublicFinances1800-2023
1815.0,Other Public Sector Spending10 ,,,-,PublicFinances1800-2023
1815.0,Other business taxes1,KIH3 + N43V,,-,PublicFinances1800-2023
1815.0,Other public sector taxes and receipts8,Residual,,-,PublicFinances1800-2023
1815.0,Petroleum Revenue tax (includes supplementary petroleum duty)3,ACCJ,,-,PublicFinances1800-2023
1815.0,Petroleum royalties3,,,-,PublicFinances1800-2023
1815.0,Public sector gross investment4,JW2Z + JW2S,,-,PublicFinances1800-2023
1815.0,"Public sector net borrowing
(PSNB)1","Public sector net borrowing
(PSNB)1",16.0,21,PublicFinances1800-2023
1815.0,Public sector net debt (PSND)2,Public sector net debt (PSND)2,888.0,508,PublicFinances1800-2023
1815.0,Social Security7,,,-,PublicFinances1800-2023
1815.0,Stamp duties,GTBC,7.0,3,PublicFinances1800-2023
1815.0,Total Central Government spending1,ANLP + ANNS + NSRN,110.0,50,PublicFinances1800-2023
1815.0,Unit,Source dataset ID,1815.0,1800,PublicFinances1800-2023
1815.0,VAT (Purchase tax prior to 1973)4,NZGF,,-,PublicFinances1800-2023
1815.0,Years,Years,,1800-01,PublicFinances1800-2023
1815.0,o/w non-pensioners,,,-,PublicFinances1800-2023
1815.0,o/w pensioners,,,-,PublicFinances1800-2023
1816.0,Business rates,CUKY,,-,PublicFinances1800-2023
1816.0,Capital Gains Tax1,MS62,,-,PublicFinances1800-2023
1816.0,Corporation tax (profits taxes prior to 1966-67)2,CPRN,,-,PublicFinances1800-2023
1816.0,Council Tax (community charge and domestic rates prior to 1993),NMHM,,-,PublicFinances1800-2023
1816.0,Current spending3,JW2Q,,-,PublicFinances1800-2023
1816.0,Custom and excise duties5,CUDG+GTAO+MF6V+ EKED+CDDZ+CWAA,38.0,18,PublicFinances1800-2023
1816.0,Death duties/Inheritance tax,ACCH,,-,PublicFinances1800-2023
1816.0,Debt Interest9,NMFX,32.0,14,PublicFinances1800-2023
1816.0,Defence5,,49.0,32,PublicFinances1800-2023
1816.0,Education8,,,-,PublicFinances1800-2023
1816.0,Energy profits levy,JIS6,,-,PublicFinances1800-2023
1816.0,Gas Levy3,,,-,PublicFinances1800-2023
1816.0,Health6,,,-,PublicFinances1800-2023
1816.0,Income tax1,LIBR-MS62,9.0,5,PublicFinances1800-2023
1816.0,"Index, base year = 100",MM23,11.6,13.5,PublicFinances1800-2023
1816.0,Land and Assessed Taxes,,8.0,5,PublicFinances1800-2023
1816.0,License fee receipts,DH7A,,-,PublicFinances1800-2023
1816.0,National Accounts Taxes,GCSU,,-,PublicFinances1800-2023
1816.0,National Insurance Contributions1,AIIH,,-,PublicFinances1800-2023
1816.0,"Nominal GDP (March-centred, £m)4","Nominal GDP (March-centred, £m)4",496.0,393,PublicFinances1800-2023
1816.0,Nominal GDP (£m)3,Nominal GDP (£m)3,487.0,355,PublicFinances1800-2023
1816.0,Other Central Government Receipts6,Residual,4.0,3,PublicFinances1800-2023
1816.0,Other Public Sector Spending10 ,,,-,PublicFinances1800-2023
1816.0,Other business taxes1,KIH3 + N43V,,-,PublicFinances1800-2023
1816.0,Other public sector taxes and receipts8,Residual,,-,PublicFinances1800-2023
1816.0,Petroleum Revenue tax (includes supplementary petroleum duty)3,ACCJ,,-,PublicFinances1800-2023
1816.0,Petroleum royalties3,,,-,PublicFinances1800-2023
1816.0,Public sector gross investment4,JW2Z + JW2S,,-,PublicFinances1800-2023
1816.0,"Public sector net borrowing
(PSNB)1","Public sector net borrowing
(PSNB)1",2.0,21,PublicFinances1800-2023
1816.0,Public sector net debt (PSND)2,Public sector net debt (PSND)2,884.0,508,PublicFinances1800-2023
1816.0,Social Security7,,,-,PublicFinances1800-2023
1816.0,Stamp duties,GTBC,7.0,3,PublicFinances1800-2023
1816.0,Total Central Government spending1,ANLP + ANNS + NSRN,92.0,50,PublicFinances1800-2023
1816.0,Unit,Source dataset ID,1816.0,1800,PublicFinances1800-2023
1816.0,VAT (Purchase tax prior to 1973)4,NZGF,,-,PublicFinances1800-2023
1816.0,Years,Years,,1800-01,PublicFinances1800-2023
1816.0,o/w non-pensioners,,,-,PublicFinances1800-2023
1816.0,o/w pensioners,,,-,PublicFinances1800-2023
1817.0,Business rates,CUKY,,-,PublicFinances1800-2023
1817.0,Capital Gains Tax1,MS62,,-,PublicFinances1800-2023
1817.0,Corporation tax (profits taxes prior to 1966-67)2,CPRN,,-,PublicFinances1800-2023
1817.0,Council Tax (community charge and domestic rates prior to 1993),NMHM,,-,PublicFinances1800-2023
1817.0,Current spending3,JW2Q,,-,PublicFinances1800-2023
1817.0,Custom and excise duties5,CUDG+GTAO+MF6V+ EKED+CDDZ+CWAA,37.0,18,PublicFinances1800-2023
1817.0,Death duties/Inheritance tax,ACCH,,-,PublicFinances1800-2023
1817.0,Debt Interest9,NMFX,33.0,14,PublicFinances1800-2023
1817.0,Defence5,,26.0,32,PublicFinances1800-2023
1817.0,Education8,,,-,PublicFinances1800-2023
1817.0,Energy profits levy,JIS6,,-,PublicFinances1800-2023
1817.0,Gas Levy3,,,-,PublicFinances1800-2023
1817.0,Health6,,,-,PublicFinances1800-2023
1817.0,Income tax1,LIBR-MS62,2.0,5,PublicFinances1800-2023
1817.0,"Index, base year = 100",MM23,13.2,13.5,PublicFinances1800-2023
1817.0,Land and Assessed Taxes,,8.0,5,PublicFinances1800-2023
1817.0,License fee receipts,DH7A,,-,PublicFinances1800-2023
1817.0,National Accounts Taxes,GCSU,,-,PublicFinances1800-2023
1817.0,National Insurance Contributions1,AIIH,,-,PublicFinances1800-2023
1817.0,"Nominal GDP (March-centred, £m)4","Nominal GDP (March-centred, £m)4",514.0,393,PublicFinances1800-2023
1817.0,Nominal GDP (£m)3,Nominal GDP (£m)3,505.0,355,PublicFinances1800-2023
1817.0,Other Central Government Receipts6,Residual,4.0,3,PublicFinances1800-2023
1817.0,Other Public Sector Spending10 ,,,-,PublicFinances1800-2023
1817.0,Other business taxes1,KIH3 + N43V,,-,PublicFinances1800-2023
1817.0,Other public sector taxes and receipts8,Residual,,-,PublicFinances1800-2023
1817.0,Petroleum Revenue tax (includes supplementary petroleum duty)3,ACCJ,,-,PublicFinances1800-2023
1817.0,Petroleum royalties3,,,-,PublicFinances1800-2023
1817.0,Public sector gross investment4,JW2Z + JW2S,,-,PublicFinances1800-2023
1817.0,"Public sector net borrowing
(PSNB)1","Public sector net borrowing
(PSNB)1",0.0,21,PublicFinances1800-2023
1817.0,Public sector net debt (PSND)2,Public sector net debt (PSND)2,879.0,508,PublicFinances1800-2023
1817.0,Social Security7,,,-,PublicFinances1800-2023
1817.0,Stamp duties,GTBC,7.0,3,PublicFinances1800-2023
1817.0,Total Central Government spending1,ANLP + ANNS + NSRN,68.0,50,PublicFinances1800-2023
1817.0,Unit,Source dataset ID,1817.0,1800,PublicFinances1800-2023
1817.0,VAT (Purchase tax prior to 1973)4,NZGF,,-,PublicFinances1800-2023
1817.0,Years,Years,,1800-01,PublicFinances1800-2023
1817.0,o/w non-pensioners,,,-,PublicFinances1800-2023
1817.0,o/w pensioners,,,-,PublicFinances1800-2023
1818.0,Business rates,CUKY,,-,PublicFinances1800-2023
1818.0,Capital Gains Tax1,MS62,,-,PublicFinances1800-2023
1818.0,Corporation tax (profits taxes prior to 1966-67)2,CPRN,,-,PublicFinances1800-2023
1818.0,Council Tax (community charge and domestic rates prior to 1993),NMHM,,-,PublicFinances1800-2023
1818.0,Current spending3,JW2Q,,-,PublicFinances1800-2023
1818.0,Custom and excise duties5,CUDG+GTAO+MF6V+ EKED+CDDZ+CWAA,40.0,18,PublicFinances1800-2023
1818.0,Death duties/Inheritance tax,ACCH,,-,PublicFinances1800-2023
1818.0,Debt Interest9,NMFX,31.0,14,PublicFinances1800-2023
1818.0,Defence5,,17.0,32,PublicFinances1800-2023
1818.0,Education8,,,-,PublicFinances1800-2023
1818.0,Energy profits levy,JIS6,,-,PublicFinances1800-2023
1818.0,Gas Levy3,,,-,PublicFinances1800-2023
1818.0,Health6,,,-,PublicFinances1800-2023
1818.0,Income tax1,LIBR-MS62,1.0,5,PublicFinances1800-2023
1818.0,"Index, base year = 100",MM23,13.2,13.5,PublicFinances1800-2023
1818.0,Land and Assessed Taxes,,8.0,5,PublicFinances1800-2023
1818.0,License fee receipts,DH7A,,-,PublicFinances1800-2023
1818.0,National Accounts Taxes,GCSU,,-,PublicFinances1800-2023
1818.0,National Insurance Contributions1,AIIH,,-,PublicFinances1800-2023
1818.0,"Nominal GDP (March-centred, £m)4","Nominal GDP (March-centred, £m)4",495.0,393,PublicFinances1800-2023
1818.0,Nominal GDP (£m)3,Nominal GDP (£m)3,511.0,355,PublicFinances1800-2023
1818.0,Other Central Government Receipts6,Residual,3.0,3,PublicFinances1800-2023
1818.0,Other Public Sector Spending10 ,,,-,PublicFinances1800-2023
1818.0,Other business taxes1,KIH3 + N43V,,-,PublicFinances1800-2023
1818.0,Other public sector taxes and receipts8,Residual,,-,PublicFinances1800-2023
1818.0,Petroleum Revenue tax (includes supplementary petroleum duty)3,ACCJ,,-,PublicFinances1800-2023
1818.0,Petroleum royalties3,,,-,PublicFinances1800-2023
1818.0,Public sector gross investment4,JW2Z + JW2S,,-,PublicFinances1800-2023
1818.0,"Public sector net borrowing
(PSNB)1","Public sector net borrowing
(PSNB)1",-2.0,21,PublicFinances1800-2023
1818.0,Public sector net debt (PSND)2,Public sector net debt (PSND)2,877.0,508,PublicFinances1800-2023
1818.0,Social Security7,,,-,PublicFinances1800-2023
1818.0,Stamp duties,GTBC,7.0,3,PublicFinances1800-2023
1818.0,Total Central Government spending1,ANLP + ANNS + NSRN,58.0,50,PublicFinances1800-2023
1818.0,Unit,Source dataset ID,1818.0,1800,PublicFinances1800-2023
1818.0,VAT (Purchase tax prior to 1973)4,NZGF,,-,PublicFinances1800-2023
1818.0,Years,Years,,1800-01,PublicFinances1800-2023
1818.0,o/w non-pensioners,,,-,PublicFinances1800-2023
1818.0,o/w pensioners,,,-,PublicFinances1800-2023
1819.0,Business rates,CUKY,,-,PublicFinances1800-2023
1819.0,Capital Gains Tax1,MS62,,-,PublicFinances1800-2023
1819.0,Corporation tax (profits taxes prior to 1966-67)2,CPRN,,-,PublicFinances1800-2023
1819.0,Council Tax (community charge and domestic rates prior to 1993),NMHM,,-,PublicFinances1800-2023
1819.0,Current spending3,JW2Q,,-,PublicFinances1800-2023
1819.0,Custom and excise duties5,CUDG+GTAO+MF6V+ EKED+CDDZ+CWAA,41.0,18,PublicFinances1800-2023
1819.0,Death duties/Inheritance tax,ACCH,,-,PublicFinances1800-2023
1819.0,Debt Interest9,NMFX,31.0,14,PublicFinances1800-2023
1819.0,Defence5,,16.0,32,PublicFinances1800-2023
1819.0,Education8,,,-,PublicFinances1800-2023
1819.0,Energy profits levy,JIS6,,-,PublicFinances1800-2023
1819.0,Gas Levy3,,,-,PublicFinances1800-2023
1819.0,Health6,,,-,PublicFinances1800-2023
1819.0,Income tax1,LIBR-MS62,0.0,5,PublicFinances1800-2023
1819.0,"Index, base year = 100",MM23,12.9,13.5,PublicFinances1800-2023
1819.0,Land and Assessed Taxes,,8.0,5,PublicFinances1800-2023
1819.0,License fee receipts,DH7A,,-,PublicFinances1800-2023
1819.0,National Accounts Taxes,GCSU,,-,PublicFinances1800-2023
1819.0,National Insurance Contributions1,AIIH,,-,PublicFinances1800-2023
1819.0,"Nominal GDP (March-centred, £m)4","Nominal GDP (March-centred, £m)4",492.0,393,PublicFinances1800-2023
1819.0,Nominal GDP (£m)3,Nominal GDP (£m)3,489.0,355,PublicFinances1800-2023
1819.0,Other Central Government Receipts6,Residual,3.0,3,PublicFinances1800-2023
1819.0,Other Public Sector Spending10 ,,,-,PublicFinances1800-2023
1819.0,Other business taxes1,KIH3 + N43V,,-,PublicFinances1800-2023
1819.0,Other public sector taxes and receipts8,Residual,,-,PublicFinances1800-2023
1819.0,Petroleum Revenue tax (includes supplementary petroleum duty)3,ACCJ,,-,PublicFinances1800-2023
1819.0,Petroleum royalties3,,,-,PublicFinances1800-2023
1819.0,Public sector gross investment4,JW2Z + JW2S,,-,PublicFinances1800-2023
1819.0,"Public sector net borrowing
(PSNB)1","Public sector net borrowing
(PSNB)1",-1.0,21,PublicFinances1800-2023
1819.0,Public sector net debt (PSND)2,Public sector net debt (PSND)2,873.0,508,PublicFinances1800-2023
1819.0,Social Security7,,,-,PublicFinances1800-2023
1819.0,Stamp duties,GTBC,7.0,3,PublicFinances1800-2023
1819.0,Total Central Government spending1,ANLP + ANNS + NSRN,58.0,50,PublicFinances1800-2023
1819.0,Unit,Source dataset ID,1819.0,1800,PublicFinances1800-2023
1819.0,VAT (Purchase tax prior to 1973)4,NZGF,,-,PublicFinances1800-2023
1819.0,Years,Years,,1800-01,PublicFinances1800-2023
1819.0,o/w non-pensioners,,,-,PublicFinances1800-2023
1819.0,o/w pensioners,,,-,PublicFinances1800-2023
1820.0,Business rates,CUKY,,-,PublicFinances1800-2023
1820.0,Capital Gains Tax1,MS62,,-,PublicFinances1800-2023
1820.0,Corporation tax (profits taxes prior to 1966-67)2,CPRN,,-,PublicFinances1800-2023
1820.0,Council Tax (community charge and domestic rates prior to 1993),NMHM,,-,PublicFinances1800-2023
1820.0,Current spending3,JW2Q,,-,PublicFinances1800-2023
1820.0,Custom and excise duties5,CUDG+GTAO+MF6V+ EKED+CDDZ+CWAA,42.0,18,PublicFinances1800-2023
1820.0,Death duties/Inheritance tax,ACCH,,-,PublicFinances1800-2023
1820.0,Debt Interest9,NMFX,31.0,14,PublicFinances1800-2023
1820.0,Defence5,,17.0,32,PublicFinances1800-2023
1820.0,Education8,,,-,PublicFinances1800-2023
1820.0,Energy profits levy,JIS6,,-,PublicFinances1800-2023
1820.0,Gas Levy3,,,-,PublicFinances1800-2023
1820.0,Health6,,,-,PublicFinances1800-2023
1820.0,Income tax1,LIBR-MS62,,5,PublicFinances1800-2023
1820.0,"Index, base year = 100",MM23,11.7,13.5,PublicFinances1800-2023
1820.0,Land and Assessed Taxes,,8.0,5,PublicFinances1800-2023
1820.0,License fee receipts,DH7A,,-,PublicFinances1800-2023
1820.0,National Accounts Taxes,GCSU,,-,PublicFinances1800-2023
1820.0,National Insurance Contributions1,AIIH,,-,PublicFinances1800-2023
1820.0,"Nominal GDP (March-centred, £m)4","Nominal GDP (March-centred, £m)4",479.0,393,PublicFinances1800-2023
1820.0,Nominal GDP (£m)3,Nominal GDP (£m)3,489.0,355,PublicFinances1800-2023
1820.0,Other Central Government Receipts6,Residual,3.0,3,PublicFinances1800-2023
1820.0,Other Public Sector Spending10 ,,,-,PublicFinances1800-2023
1820.0,Other business taxes1,KIH3 + N43V,,-,PublicFinances1800-2023
1820.0,Other public sector taxes and receipts8,Residual,,-,PublicFinances1800-2023
1820.0,Petroleum Revenue tax (includes supplementary petroleum duty)3,ACCJ,,-,PublicFinances1800-2023
1820.0,Petroleum royalties3,,,-,PublicFinances1800-2023
1820.0,Public sector gross investment4,JW2Z + JW2S,,-,PublicFinances1800-2023
1820.0,"Public sector net borrowing
(PSNB)1","Public sector net borrowing
(PSNB)1",-2.0,21,PublicFinances1800-2023
1820.0,Public sector net debt (PSND)2,Public sector net debt (PSND)2,872.0,508,PublicFinances1800-2023
1820.0,Social Security7,,,-,PublicFinances1800-2023
1820.0,Stamp duties,GTBC,7.0,3,PublicFinances1800-2023
1820.0,Total Central Government spending1,ANLP + ANNS + NSRN,58.0,50,PublicFinances1800-2023
1820.0,Unit,Source dataset ID,1820.0,1800,PublicFinances1800-2023
1820.0,VAT (Purchase tax prior to 1973)4,NZGF,,-,PublicFinances1800-2023
1820.0,Years,Years,,1800-01,PublicFinances1800-2023
1820.0,o/w non-pensioners,,,-,PublicFinances1800-2023
1820.0,o/w pensioners,,,-,PublicFinances1800-2023
1821.0,Business rates,CUKY,,-,PublicFinances1800-2023
1821.0,Capital Gains Tax1,MS62,,-,PublicFinances1800-2023
1821.0,Corporation tax (profits taxes prior to 1966-67)2,CPRN,,-,PublicFinances1800-2023
1821.0,Council Tax (community charge and domestic rates prior to 1993),NMHM,,-,PublicFinances1800-2023
1821.0,Current spending3,JW2Q,,-,PublicFinances1800-2023
1821.0,Custom and excise duties5,CUDG+GTAO+MF6V+ EKED+CDDZ+CWAA,43.0,18,PublicFinances1800-2023
1821.0,Death duties/Inheritance tax,ACCH,,-,PublicFinances1800-2023
1821.0,Debt Interest9,NMFX,32.0,14,PublicFinances1800-2023
1821.0,Defence5,,17.0,32,PublicFinances1800-2023
1821.0,Education8,,,-,PublicFinances1800-2023
1821.0,Energy profits levy,JIS6,,-,PublicFinances1800-2023
1821.0,Gas Levy3,,,-,PublicFinances1800-2023
1821.0,Health6,,,-,PublicFinances1800-2023
1821.0,Income tax1,LIBR-MS62,,5,PublicFinances1800-2023
1821.0,"Index, base year = 100",MM23,10.3,13.5,PublicFinances1800-2023
1821.0,Land and Assessed Taxes,,8.0,5,PublicFinances1800-2023
1821.0,License fee receipts,DH7A,,-,PublicFinances1800-2023
1821.0,National Accounts Taxes,GCSU,,-,PublicFinances1800-2023
1821.0,National Insurance Contributions1,AIIH,,-,PublicFinances1800-2023
1821.0,"Nominal GDP (March-centred, £m)4","Nominal GDP (March-centred, £m)4",458.0,393,PublicFinances1800-2023
1821.0,Nominal GDP (£m)3,Nominal GDP (£m)3,469.0,355,PublicFinances1800-2023
1821.0,Other Central Government Receipts6,Residual,3.0,3,PublicFinances1800-2023
1821.0,Other Public Sector Spending10 ,,,-,PublicFinances1800-2023
1821.0,Other business taxes1,KIH3 + N43V,,-,PublicFinances1800-2023
1821.0,Other public sector taxes and receipts8,Residual,,-,PublicFinances1800-2023
1821.0,Petroleum Revenue tax (includes supplementary petroleum duty)3,ACCJ,,-,PublicFinances1800-2023
1821.0,Petroleum royalties3,,,-,PublicFinances1800-2023
1821.0,Public sector gross investment4,JW2Z + JW2S,,-,PublicFinances1800-2023
1821.0,"Public sector net borrowing
(PSNB)1","Public sector net borrowing
(PSNB)1",-3.0,21,PublicFinances1800-2023
1821.0,Public sector net debt (PSND)2,Public sector net debt (PSND)2,871.0,508,PublicFinances1800-2023
1821.0,Social Security7,,,-,PublicFinances1800-2023
1821.0,Stamp duties,GTBC,7.0,3,PublicFinances1800-2023
1821.0,Total Central Government spending1,ANLP + ANNS + NSRN,58.0,50,PublicFinances1800-2023
1821.0,Unit,Source dataset ID,1821.0,1800,PublicFinances1800-2023
1821.0,VAT (Purchase tax prior to 1973)4,NZGF,,-,PublicFinances1800-2023
1821.0,Years,Years,,1800-01,PublicFinances1800-2023
1821.0,o/w non-pensioners,,,-,PublicFinances1800-2023
1821.0,o/w pensioners,,,-,PublicFinances1800-2023
1822.0,Business rates,CUKY,,-,PublicFinances1800-2023
1822.0,Capital Gains Tax1,MS62,,-,PublicFinances1800-2023
1822.0,Corporation tax (profits taxes prior to 1966-67)2,CPRN,,-,PublicFinances1800-2023
1822.0,Council Tax (community charge and domestic rates prior to 1993),NMHM,,-,PublicFinances1800-2023
1822.0,Current spending3,JW2Q,,-,PublicFinances1800-2023
1822.0,Custom and excise duties5,CUDG+GTAO+MF6V+ EKED+CDDZ+CWAA,42.0,18,PublicFinances1800-2023
1822.0,Death duties/Inheritance tax,ACCH,,-,PublicFinances1800-2023
1822.0,Debt Interest9,NMFX,32.0,14,PublicFinances1800-2023
1822.0,Defence5,,16.0,32,PublicFinances1800-2023
1822.0,Education8,,,-,PublicFinances1800-2023
1822.0,Energy profits levy,JIS6,,-,PublicFinances1800-2023
1822.0,Gas Levy3,,,-,PublicFinances1800-2023
1822.0,Health6,,,-,PublicFinances1800-2023
1822.0,Income tax1,LIBR-MS62,,5,PublicFinances1800-2023
1822.0,"Index, base year = 100",MM23,8.9,13.5,PublicFinances1800-2023
1822.0,Land and Assessed Taxes,,7.0,5,PublicFinances1800-2023
1822.0,License fee receipts,DH7A,,-,PublicFinances1800-2023
1822.0,National Accounts Taxes,GCSU,,-,PublicFinances1800-2023
1822.0,National Insurance Contributions1,AIIH,,-,PublicFinances1800-2023
1822.0,"Nominal GDP (March-centred, £m)4","Nominal GDP (March-centred, £m)4",467.0,393,PublicFinances1800-2023
1822.0,Nominal GDP (£m)3,Nominal GDP (£m)3,458.0,355,PublicFinances1800-2023
1822.0,Other Central Government Receipts6,Residual,3.0,3,PublicFinances1800-2023
1822.0,Other Public Sector Spending10 ,,,-,PublicFinances1800-2023
1822.0,Other business taxes1,KIH3 + N43V,,-,PublicFinances1800-2023
1822.0,Other public sector taxes and receipts8,Residual,,-,PublicFinances1800-2023
1822.0,Petroleum Revenue tax (includes supplementary petroleum duty)3,ACCJ,,-,PublicFinances1800-2023
1822.0,Petroleum royalties3,,,-,PublicFinances1800-2023
1822.0,Public sector gross investment4,JW2Z + JW2S,,-,PublicFinances1800-2023
1822.0,"Public sector net borrowing
(PSNB)1","Public sector net borrowing
(PSNB)1",-4.0,21,PublicFinances1800-2023
1822.0,Public sector net debt (PSND)2,Public sector net debt (PSND)2,880.0,508,PublicFinances1800-2023
1822.0,Social Security7,,,-,PublicFinances1800-2023
1822.0,Stamp duties,GTBC,7.0,3,PublicFinances1800-2023
1822.0,Total Central Government spending1,ANLP + ANNS + NSRN,56.0,50,PublicFinances1800-2023
1822.0,Unit,Source dataset ID,1822.0,1800,PublicFinances1800-2023
1822.0,VAT (Purchase tax prior to 1973)4,NZGF,,-,PublicFinances1800-2023
1822.0,Years,Years,,1800-01,PublicFinances1800-2023
1822.0,o/w non-pensioners,,,-,PublicFinances1800-2023
1822.0,o/w pensioners,,,-,PublicFinances1800-2023
1823.0,Business rates,CUKY,,-,PublicFinances1800-2023
1823.0,Capital Gains Tax1,MS62,,-,PublicFinances1800-2023
1823.0,Corporation tax (profits taxes prior to 1966-67)2,CPRN,,-,PublicFinances1800-2023
1823.0,Council Tax (community charge and domestic rates prior to 1993),NMHM,,-,PublicFinances1800-2023
1823.0,Current spending3,JW2Q,,-,PublicFinances1800-2023
1823.0,Custom and excise duties5,CUDG+GTAO+MF6V+ EKED+CDDZ+CWAA,41.0,18,PublicFinances1800-2023
1823.0,Death duties/Inheritance tax,ACCH,,-,PublicFinances1800-2023
1823.0,Debt Interest9,NMFX,31.0,14,PublicFinances1800-2023
1823.0,Defence5,,14.0,32,PublicFinances1800-2023
1823.0,Education8,,,-,PublicFinances1800-2023
1823.0,Energy profits levy,JIS6,,-,PublicFinances1800-2023
1823.0,Gas Levy3,,,-,PublicFinances1800-2023
1823.0,Health6,,,-,PublicFinances1800-2023
1823.0,Income tax1,LIBR-MS62,,5,PublicFinances1800-2023
1823.0,"Index, base year = 100",MM23,9.5,13.5,PublicFinances1800-2023
1823.0,Land and Assessed Taxes,,6.0,5,PublicFinances1800-2023
1823.0,License fee receipts,DH7A,,-,PublicFinances1800-2023
1823.0,National Accounts Taxes,GCSU,,-,PublicFinances1800-2023
1823.0,National Insurance Contributions1,AIIH,,-,PublicFinances1800-2023
1823.0,"Nominal GDP (March-centred, £m)4","Nominal GDP (March-centred, £m)4",498.0,393,PublicFinances1800-2023
1823.0,Nominal GDP (£m)3,Nominal GDP (£m)3,481.0,355,PublicFinances1800-2023
1823.0,Other Central Government Receipts6,Residual,4.0,3,PublicFinances1800-2023
1823.0,Other Public Sector Spending10 ,,,-,PublicFinances1800-2023
1823.0,Other business taxes1,KIH3 + N43V,,-,PublicFinances1800-2023
1823.0,Other public sector taxes and receipts8,Residual,,-,PublicFinances1800-2023
1823.0,Petroleum Revenue tax (includes supplementary petroleum duty)3,ACCJ,,-,PublicFinances1800-2023
1823.0,Petroleum royalties3,,,-,PublicFinances1800-2023
1823.0,Public sector gross investment4,JW2Z + JW2S,,-,PublicFinances1800-2023
1823.0,"Public sector net borrowing
(PSNB)1","Public sector net borrowing
(PSNB)1",-4.0,21,PublicFinances1800-2023
1823.0,Public sector net debt (PSND)2,Public sector net debt (PSND)2,880.0,508,PublicFinances1800-2023
1823.0,Social Security7,,,-,PublicFinances1800-2023
1823.0,Stamp duties,GTBC,7.0,3,PublicFinances1800-2023
1823.0,Total Central Government spending1,ANLP + ANNS + NSRN,56.0,50,PublicFinances1800-2023
1823.0,Unit,Source dataset ID,1823.0,1800,PublicFinances1800-2023
1823.0,VAT (Purchase tax prior to 1973)4,NZGF,,-,PublicFinances1800-2023
1823.0,Years,Years,,1800-01,PublicFinances1800-2023
1823.0,o/w non-pensioners,,,-,PublicFinances1800-2023
1823.0,o/w pensioners,,,-,PublicFinances1800-2023
1824.0,Business rates,CUKY,,-,PublicFinances1800-2023
1824.0,Capital Gains Tax1,MS62,,-,PublicFinances1800-2023
1824.0,Corporation tax (profits taxes prior to 1966-67)2,CPRN,,-,PublicFinances1800-2023
1824.0,Council Tax (community charge and domestic rates prior to 1993),NMHM,,-,PublicFinances1800-2023
1824.0,Current spending3,JW2Q,,-,PublicFinances1800-2023
1824.0,Custom and excise duties5,CUDG+GTAO+MF6V+ EKED+CDDZ+CWAA,42.0,18,PublicFinances1800-2023
1824.0,Death duties/Inheritance tax,ACCH,,-,PublicFinances1800-2023
1824.0,Debt Interest9,NMFX,30.0,14,PublicFinances1800-2023
1824.0,Defence5,,15.0,32,PublicFinances1800-2023
1824.0,Education8,,,-,PublicFinances1800-2023
1824.0,Energy profits levy,JIS6,,-,PublicFinances1800-2023
1824.0,Gas Levy3,,,-,PublicFinances1800-2023
1824.0,Health6,,,-,PublicFinances1800-2023
1824.0,Income tax1,LIBR-MS62,,5,PublicFinances1800-2023
1824.0,"Index, base year = 100",MM23,10.3,13.5,PublicFinances1800-2023
1824.0,Land and Assessed Taxes,,5.0,5,PublicFinances1800-2023
1824.0,License fee receipts,DH7A,,-,PublicFinances1800-2023
1824.0,National Accounts Taxes,GCSU,,-,PublicFinances1800-2023
1824.0,National Insurance Contributions1,AIIH,,-,PublicFinances1800-2023
1824.0,"Nominal GDP (March-centred, £m)4","Nominal GDP (March-centred, £m)4",544.0,393,PublicFinances1800-2023
1824.0,Nominal GDP (£m)3,Nominal GDP (£m)3,519.0,355,PublicFinances1800-2023
1824.0,Other Central Government Receipts6,Residual,4.0,3,PublicFinances1800-2023
1824.0,Other Public Sector Spending10 ,,,-,PublicFinances1800-2023
1824.0,Other business taxes1,KIH3 + N43V,,-,PublicFinances1800-2023
1824.0,Other public sector taxes and receipts8,Residual,,-,PublicFinances1800-2023
1824.0,Petroleum Revenue tax (includes supplementary petroleum duty)3,ACCJ,,-,PublicFinances1800-2023
1824.0,Petroleum royalties3,,,-,PublicFinances1800-2023
1824.0,Public sector gross investment4,JW2Z + JW2S,,-,PublicFinances1800-2023
1824.0,"Public sector net borrowing
(PSNB)1","Public sector net borrowing
(PSNB)1",-4.0,21,PublicFinances1800-2023
1824.0,Public sector net debt (PSND)2,Public sector net debt (PSND)2,870.0,508,PublicFinances1800-2023
1824.0,Social Security7,,,-,PublicFinances1800-2023
1824.0,Stamp duties,GTBC,8.0,3,PublicFinances1800-2023
1824.0,Total Central Government spending1,ANLP + ANNS + NSRN,55.0,50,PublicFinances1800-2023
1824.0,Unit,Source dataset ID,1824.0,1800,PublicFinances1800-2023
1824.0,VAT (Purchase tax prior to 1973)4,NZGF,,-,PublicFinances1800-2023
1824.0,Years,Years,,1800-01,PublicFinances1800-2023
1824.0,o/w non-pensioners,,,-,PublicFinances1800-2023
1824.0,o/w pensioners,,,-,PublicFinances1800-2023
1825.0,Business rates,CUKY,,-,PublicFinances1800-2023
1825.0,Capital Gains Tax1,MS62,,-,PublicFinances1800-2023
1825.0,Corporation tax (profits taxes prior to 1966-67)2,CPRN,,-,PublicFinances1800-2023
1825.0,Council Tax (community charge and domestic rates prior to 1993),NMHM,,-,PublicFinances1800-2023
1825.0,Current spending3,JW2Q,,-,PublicFinances1800-2023
1825.0,Custom and excise duties5,CUDG+GTAO+MF6V+ EKED+CDDZ+CWAA,42.0,18,PublicFinances1800-2023
1825.0,Death duties/Inheritance tax,ACCH,,-,PublicFinances1800-2023
1825.0,Debt Interest9,NMFX,30.0,14,PublicFinances1800-2023
1825.0,Defence5,,15.0,32,PublicFinances1800-2023
1825.0,Education8,,,-,PublicFinances1800-2023
1825.0,Energy profits levy,JIS6,,-,PublicFinances1800-2023
1825.0,Gas Levy3,,,-,PublicFinances1800-2023
1825.0,Health6,,,-,PublicFinances1800-2023
1825.0,Income tax1,LIBR-MS62,,5,PublicFinances1800-2023
1825.0,"Index, base year = 100",MM23,12.1,13.5,PublicFinances1800-2023
1825.0,Land and Assessed Taxes,,5.0,5,PublicFinances1800-2023
1825.0,License fee receipts,DH7A,,-,PublicFinances1800-2023
1825.0,National Accounts Taxes,GCSU,,-,PublicFinances1800-2023
1825.0,National Insurance Contributions1,AIIH,,-,PublicFinances1800-2023
1825.0,"Nominal GDP (March-centred, £m)4","Nominal GDP (March-centred, £m)4",507.0,393,PublicFinances1800-2023
1825.0,Nominal GDP (£m)3,Nominal GDP (£m)3,540.0,355,PublicFinances1800-2023
1825.0,Other Central Government Receipts6,Residual,3.0,3,PublicFinances1800-2023
1825.0,Other Public Sector Spending10 ,,,-,PublicFinances1800-2023
1825.0,Other business taxes1,KIH3 + N43V,,-,PublicFinances1800-2023
1825.0,Other public sector taxes and receipts8,Residual,,-,PublicFinances1800-2023
1825.0,Petroleum Revenue tax (includes supplementary petroleum duty)3,ACCJ,,-,PublicFinances1800-2023
1825.0,Petroleum royalties3,,,-,PublicFinances1800-2023
1825.0,Public sector gross investment4,JW2Z + JW2S,,-,PublicFinances1800-2023
1825.0,"Public sector net borrowing
(PSNB)1","Public sector net borrowing
(PSNB)1",-2.0,21,PublicFinances1800-2023
1825.0,Public sector net debt (PSND)2,Public sector net debt (PSND)2,860.0,508,PublicFinances1800-2023
1825.0,Social Security7,,,-,PublicFinances1800-2023
1825.0,Stamp duties,GTBC,8.0,3,PublicFinances1800-2023
1825.0,Total Central Government spending1,ANLP + ANNS + NSRN,55.0,50,PublicFinances1800-2023
1825.0,Unit,Source dataset ID,1825.0,1800,PublicFinances1800-2023
1825.0,VAT (Purchase tax prior to 1973)4,NZGF,,-,PublicFinances1800-2023
1825.0,Years,Years,,1800-01,PublicFinances1800-2023
1825.0,o/w non-pensioners,,,-,PublicFinances1800-2023
1825.0,o/w pensioners,,,-,PublicFinances1800-2023
1826.0,Business rates,CUKY,,-,PublicFinances1800-2023
1826.0,Capital Gains Tax1,MS62,,-,PublicFinances1800-2023
1826.0,Corporation tax (profits taxes prior to 1966-67)2,CPRN,,-,PublicFinances1800-2023
1826.0,Council Tax (community charge and domestic rates prior to 1993),NMHM,,-,PublicFinances1800-2023
1826.0,Current spending3,JW2Q,,-,PublicFinances1800-2023
1826.0,Custom and excise duties5,CUDG+GTAO+MF6V+ EKED+CDDZ+CWAA,40.0,18,PublicFinances1800-2023
1826.0,Death duties/Inheritance tax,ACCH,,-,PublicFinances1800-2023
1826.0,Debt Interest9,NMFX,29.0,14,PublicFinances1800-2023
1826.0,Defence5,,15.0,32,PublicFinances1800-2023
1826.0,Education8,,,-,PublicFinances1800-2023
1826.0,Energy profits levy,JIS6,,-,PublicFinances1800-2023
1826.0,Gas Levy3,,,-,PublicFinances1800-2023
1826.0,Health6,,,-,PublicFinances1800-2023
1826.0,Income tax1,LIBR-MS62,,5,PublicFinances1800-2023
1826.0,"Index, base year = 100",MM23,11.4,13.5,PublicFinances1800-2023
1826.0,Land and Assessed Taxes,,5.0,5,PublicFinances1800-2023
1826.0,License fee receipts,DH7A,,-,PublicFinances1800-2023
1826.0,National Accounts Taxes,GCSU,,-,PublicFinances1800-2023
1826.0,National Insurance Contributions1,AIIH,,-,PublicFinances1800-2023
1826.0,"Nominal GDP (March-centred, £m)4","Nominal GDP (March-centred, £m)4",505.0,393,PublicFinances1800-2023
1826.0,Nominal GDP (£m)3,Nominal GDP (£m)3,496.0,355,PublicFinances1800-2023
1826.0,Other Central Government Receipts6,Residual,3.0,3,PublicFinances1800-2023
1826.0,Other Public Sector Spending10 ,,,-,PublicFinances1800-2023
1826.0,Other business taxes1,KIH3 + N43V,,-,PublicFinances1800-2023
1826.0,Other public sector taxes and receipts8,Residual,,-,PublicFinances1800-2023
1826.0,Petroleum Revenue tax (includes supplementary petroleum duty)3,ACCJ,,-,PublicFinances1800-2023
1826.0,Petroleum royalties3,,,-,PublicFinances1800-2023
1826.0,Public sector gross investment4,JW2Z + JW2S,,-,PublicFinances1800-2023
1826.0,"Public sector net borrowing
(PSNB)1","Public sector net borrowing
(PSNB)1",1.0,21,PublicFinances1800-2023
1826.0,Public sector net debt (PSND)2,Public sector net debt (PSND)2,859.0,508,PublicFinances1800-2023
1826.0,Social Security7,,,-,PublicFinances1800-2023
1826.0,Stamp duties,GTBC,7.0,3,PublicFinances1800-2023
1826.0,Total Central Government spending1,ANLP + ANNS + NSRN,55.0,50,PublicFinances1800-2023
1826.0,Unit,Source dataset ID,1826.0,1800,PublicFinances1800-2023
1826.0,VAT (Purchase tax prior to 1973)4,NZGF,,-,PublicFinances1800-2023
1826.0,Years,Years,,1800-01,PublicFinances1800-2023
1826.0,o/w non-pensioners,,,-,PublicFinances1800-2023
1826.0,o/w pensioners,,,-,PublicFinances1800-2023
1827.0,Business rates,CUKY,,-,PublicFinances1800-2023
1827.0,Capital Gains Tax1,MS62,,-,PublicFinances1800-2023
1827.0,Corporation tax (profits taxes prior to 1966-67)2,CPRN,,-,PublicFinances1800-2023
1827.0,Council Tax (community charge and domestic rates prior to 1993),NMHM,,-,PublicFinances1800-2023
1827.0,Current spending3,JW2Q,,-,PublicFinances1800-2023
1827.0,Custom and excise duties5,CUDG+GTAO+MF6V+ EKED+CDDZ+CWAA,40.0,18,PublicFinances1800-2023
1827.0,Death duties/Inheritance tax,ACCH,,-,PublicFinances1800-2023
1827.0,Debt Interest9,NMFX,29.0,14,PublicFinances1800-2023
1827.0,Defence5,,17.0,32,PublicFinances1800-2023
1827.0,Education8,,,-,PublicFinances1800-2023
1827.0,Energy profits levy,JIS6,,-,PublicFinances1800-2023
1827.0,Gas Levy3,,,-,PublicFinances1800-2023
1827.0,Health6,,,-,PublicFinances1800-2023
1827.0,Income tax1,LIBR-MS62,,5,PublicFinances1800-2023
1827.0,"Index, base year = 100",MM23,10.7,13.5,PublicFinances1800-2023
1827.0,Land and Assessed Taxes,,5.0,5,PublicFinances1800-2023
1827.0,License fee receipts,DH7A,,-,PublicFinances1800-2023
1827.0,National Accounts Taxes,GCSU,,-,PublicFinances1800-2023
1827.0,National Insurance Contributions1,AIIH,,-,PublicFinances1800-2023
1827.0,"Nominal GDP (March-centred, £m)4","Nominal GDP (March-centred, £m)4",510.0,393,PublicFinances1800-2023
1827.0,Nominal GDP (£m)3,Nominal GDP (£m)3,510.0,355,PublicFinances1800-2023
1827.0,Other Central Government Receipts6,Residual,3.0,3,PublicFinances1800-2023
1827.0,Other Public Sector Spending10 ,,,-,PublicFinances1800-2023
1827.0,Other business taxes1,KIH3 + N43V,,-,PublicFinances1800-2023
1827.0,Other public sector taxes and receipts8,Residual,,-,PublicFinances1800-2023
1827.0,Petroleum Revenue tax (includes supplementary petroleum duty)3,ACCJ,,-,PublicFinances1800-2023
1827.0,Petroleum royalties3,,,-,PublicFinances1800-2023
1827.0,Public sector gross investment4,JW2Z + JW2S,,-,PublicFinances1800-2023
1827.0,"Public sector net borrowing
(PSNB)1","Public sector net borrowing
(PSNB)1",0.0,21,PublicFinances1800-2023
1827.0,Public sector net debt (PSND)2,Public sector net debt (PSND)2,856.0,508,PublicFinances1800-2023
1827.0,Social Security7,,,-,PublicFinances1800-2023
1827.0,Stamp duties,GTBC,7.0,3,PublicFinances1800-2023
1827.0,Total Central Government spending1,ANLP + ANNS + NSRN,56.0,50,PublicFinances1800-2023
1827.0,Unit,Source dataset ID,1827.0,1800,PublicFinances1800-2023
1827.0,VAT (Purchase tax prior to 1973)4,NZGF,,-,PublicFinances1800-2023
1827.0,Years,Years,,1800-01,PublicFinances1800-2023
1827.0,o/w non-pensioners,,,-,PublicFinances1800-2023
1827.0,o/w pensioners,,,-,PublicFinances1800-2023
1828.0,Business rates,CUKY,,-,PublicFinances1800-2023
1828.0,Capital Gains Tax1,MS62,,-,PublicFinances1800-2023
1828.0,Corporation tax (profits taxes prior to 1966-67)2,CPRN,,-,PublicFinances1800-2023
1828.0,Council Tax (community charge and domestic rates prior to 1993),NMHM,,-,PublicFinances1800-2023
1828.0,Current spending3,JW2Q,,-,PublicFinances1800-2023
1828.0,Custom and excise duties5,CUDG+GTAO+MF6V+ EKED+CDDZ+CWAA,41.0,18,PublicFinances1800-2023
1828.0,Death duties/Inheritance tax,ACCH,,-,PublicFinances1800-2023
1828.0,Debt Interest9,NMFX,29.0,14,PublicFinances1800-2023
1828.0,Defence5,,16.0,32,PublicFinances1800-2023
1828.0,Education8,,,-,PublicFinances1800-2023
1828.0,Energy profits levy,JIS6,,-,PublicFinances1800-2023
1828.0,Gas Levy3,,,-,PublicFinances1800-2023
1828.0,Health6,,,-,PublicFinances1800-2023
1828.0,Income tax1,LIBR-MS62,,5,PublicFinances1800-2023
1828.0,"Index, base year = 100",MM23,10.4,13.5,PublicFinances1800-2023
1828.0,Land and Assessed Taxes,,5.0,5,PublicFinances1800-2023
1828.0,License fee receipts,DH7A,,-,PublicFinances1800-2023
1828.0,National Accounts Taxes,GCSU,,-,PublicFinances1800-2023
1828.0,National Insurance Contributions1,AIIH,,-,PublicFinances1800-2023
1828.0,"Nominal GDP (March-centred, £m)4","Nominal GDP (March-centred, £m)4",498.0,393,PublicFinances1800-2023
1828.0,Nominal GDP (£m)3,Nominal GDP (£m)3,506.0,355,PublicFinances1800-2023
1828.0,Other Central Government Receipts6,Residual,3.0,3,PublicFinances1800-2023
1828.0,Other Public Sector Spending10 ,,,-,PublicFinances1800-2023
1828.0,Other business taxes1,KIH3 + N43V,,-,PublicFinances1800-2023
1828.0,Other public sector taxes and receipts8,Residual,,-,PublicFinances1800-2023
1828.0,Petroleum Revenue tax (includes supplementary petroleum duty)3,ACCJ,,-,PublicFinances1800-2023
1828.0,Petroleum royalties3,,,-,PublicFinances1800-2023
1828.0,Public sector gross investment4,JW2Z + JW2S,,-,PublicFinances1800-2023
1828.0,"Public sector net borrowing
(PSNB)1","Public sector net borrowing
(PSNB)1",-3.0,21,PublicFinances1800-2023
1828.0,Public sector net debt (PSND)2,Public sector net debt (PSND)2,851.0,508,PublicFinances1800-2023
1828.0,Social Security7,,,-,PublicFinances1800-2023
1828.0,Stamp duties,GTBC,7.0,3,PublicFinances1800-2023
1828.0,Total Central Government spending1,ANLP + ANNS + NSRN,55.0,50,PublicFinances1800-2023
1828.0,Unit,Source dataset ID,1828.0,1800,PublicFinances1800-2023
1828.0,VAT (Purchase tax prior to 1973)4,NZGF,,-,PublicFinances1800-2023
1828.0,Years,Years,,1800-01,PublicFinances1800-2023
1828.0,o/w non-pensioners,,,-,PublicFinances1800-2023
1828.0,o/w pensioners,,,-,PublicFinances1800-2023
1829.0,Business rates,CUKY,,-,PublicFinances1800-2023
1829.0,Capital Gains Tax1,MS62,,-,PublicFinances1800-2023
1829.0,Corporation tax (profits taxes prior to 1966-67)2,CPRN,,-,PublicFinances1800-2023
1829.0,Council Tax (community charge and domestic rates prior to 1993),NMHM,,-,PublicFinances1800-2023
1829.0,Current spending3,JW2Q,,-,PublicFinances1800-2023
1829.0,Custom and excise duties5,CUDG+GTAO+MF6V+ EKED+CDDZ+CWAA,40.0,18,PublicFinances1800-2023
1829.0,Death duties/Inheritance tax,ACCH,,-,PublicFinances1800-2023
1829.0,Debt Interest9,NMFX,29.0,14,PublicFinances1800-2023
1829.0,Defence5,,15.0,32,PublicFinances1800-2023
1829.0,Education8,,,-,PublicFinances1800-2023
1829.0,Energy profits levy,JIS6,,-,PublicFinances1800-2023
1829.0,Gas Levy3,,,-,PublicFinances1800-2023
1829.0,Health6,,,-,PublicFinances1800-2023
1829.0,Income tax1,LIBR-MS62,,5,PublicFinances1800-2023
1829.0,"Index, base year = 100",MM23,10.3,13.5,PublicFinances1800-2023
1829.0,Land and Assessed Taxes,,5.0,5,PublicFinances1800-2023
1829.0,License fee receipts,DH7A,,-,PublicFinances1800-2023
1829.0,National Accounts Taxes,GCSU,,-,PublicFinances1800-2023
1829.0,National Insurance Contributions1,AIIH,,-,PublicFinances1800-2023
1829.0,"Nominal GDP (March-centred, £m)4","Nominal GDP (March-centred, £m)4",507.0,393,PublicFinances1800-2023
1829.0,Nominal GDP (£m)3,Nominal GDP (£m)3,498.0,355,PublicFinances1800-2023
1829.0,Other Central Government Receipts6,Residual,3.0,3,PublicFinances1800-2023
1829.0,Other Public Sector Spending10 ,,,-,PublicFinances1800-2023
1829.0,Other business taxes1,KIH3 + N43V,,-,PublicFinances1800-2023
1829.0,Other public sector taxes and receipts8,Residual,,-,PublicFinances1800-2023
1829.0,Petroleum Revenue tax (includes supplementary petroleum duty)3,ACCJ,,-,PublicFinances1800-2023
1829.0,Petroleum royalties3,,,-,PublicFinances1800-2023
1829.0,Public sector gross investment4,JW2Z + JW2S,,-,PublicFinances1800-2023
1829.0,"Public sector net borrowing
(PSNB)1","Public sector net borrowing
(PSNB)1",-2.0,21,PublicFinances1800-2023
1829.0,Public sector net debt (PSND)2,Public sector net debt (PSND)2,847.0,508,PublicFinances1800-2023
1829.0,Social Security7,,,-,PublicFinances1800-2023
1829.0,Stamp duties,GTBC,7.0,3,PublicFinances1800-2023
1829.0,Total Central Government spending1,ANLP + ANNS + NSRN,54.0,50,PublicFinances1800-2023
1829.0,Unit,Source dataset ID,1829.0,1800,PublicFinances1800-2023
1829.0,VAT (Purchase tax prior to 1973)4,NZGF,,-,PublicFinances1800-2023
1829.0,Years,Years,,1800-01,PublicFinances1800-2023
1829.0,o/w non-pensioners,,,-,PublicFinances1800-2023
1829.0,o/w pensioners,,,-,PublicFinances1800-2023
1830.0,Business rates,CUKY,,-,PublicFinances1800-2023
1830.0,Capital Gains Tax1,MS62,,-,PublicFinances1800-2023
1830.0,Corporation tax (profits taxes prior to 1966-67)2,CPRN,,-,PublicFinances1800-2023
1830.0,Council Tax (community charge and domestic rates prior to 1993),NMHM,,-,PublicFinances1800-2023
1830.0,Current spending3,JW2Q,,-,PublicFinances1800-2023
1830.0,Custom and excise duties5,CUDG+GTAO+MF6V+ EKED+CDDZ+CWAA,38.0,18,PublicFinances1800-2023
1830.0,Death duties/Inheritance tax,ACCH,,-,PublicFinances1800-2023
1830.0,Debt Interest9,NMFX,29.0,14,PublicFinances1800-2023
1830.0,Defence5,,15.0,32,PublicFinances1800-2023
1830.0,Education8,,,-,PublicFinances1800-2023
1830.0,Energy profits levy,JIS6,,-,PublicFinances1800-2023
1830.0,Gas Levy3,,,-,PublicFinances1800-2023
1830.0,Health6,,,-,PublicFinances1800-2023
1830.0,Income tax1,LIBR-MS62,,5,PublicFinances1800-2023
1830.0,"Index, base year = 100",MM23,9.9,13.5,PublicFinances1800-2023
1830.0,Land and Assessed Taxes,,5.0,5,PublicFinances1800-2023
1830.0,License fee receipts,DH7A,,-,PublicFinances1800-2023
1830.0,National Accounts Taxes,GCSU,,-,PublicFinances1800-2023
1830.0,National Insurance Contributions1,AIIH,,-,PublicFinances1800-2023
1830.0,"Nominal GDP (March-centred, £m)4","Nominal GDP (March-centred, £m)4",505.0,393,PublicFinances1800-2023
1830.0,Nominal GDP (£m)3,Nominal GDP (£m)3,509.0,355,PublicFinances1800-2023
1830.0,Other Central Government Receipts6,Residual,3.0,3,PublicFinances1800-2023
1830.0,Other Public Sector Spending10 ,,,-,PublicFinances1800-2023
1830.0,Other business taxes1,KIH3 + N43V,,-,PublicFinances1800-2023
1830.0,Other public sector taxes and receipts8,Residual,,-,PublicFinances1800-2023
1830.0,Petroleum Revenue tax (includes supplementary petroleum duty)3,ACCJ,,-,PublicFinances1800-2023
1830.0,Petroleum royalties3,,,-,PublicFinances1800-2023
1830.0,Public sector gross investment4,JW2Z + JW2S,,-,PublicFinances1800-2023
1830.0,"Public sector net borrowing
(PSNB)1","Public sector net borrowing
(PSNB)1",-2.0,21,PublicFinances1800-2023
1830.0,Public sector net debt (PSND)2,Public sector net debt (PSND)2,840.0,508,PublicFinances1800-2023
1830.0,Social Security7,,,-,PublicFinances1800-2023
1830.0,Stamp duties,GTBC,7.0,3,PublicFinances1800-2023
1830.0,Total Central Government spending1,ANLP + ANNS + NSRN,53.0,50,PublicFinances1800-2023
1830.0,Unit,Source dataset ID,1830.0,1800,PublicFinances1800-2023
1830.0,VAT (Purchase tax prior to 1973)4,NZGF,,-,PublicFinances1800-2023
1830.0,Years,Years,,1800-01,PublicFinances1800-2023
1830.0,o/w non-pensioners,,,-,PublicFinances1800-2023
1830.0,o/w pensioners,,,-,PublicFinances1800-2023
1831.0,Business rates,CUKY,,-,PublicFinances1800-2023
1831.0,Capital Gains Tax1,MS62,,-,PublicFinances1800-2023
1831.0,Corporation tax (profits taxes prior to 1966-67)2,CPRN,,-,PublicFinances1800-2023
1831.0,Council Tax (community charge and domestic rates prior to 1993),NMHM,,-,PublicFinances1800-2023
1831.0,Current spending3,JW2Q,,-,PublicFinances1800-2023
1831.0,Custom and excise duties5,CUDG+GTAO+MF6V+ EKED+CDDZ+CWAA,36.0,18,PublicFinances1800-2023
1831.0,Death duties/Inheritance tax,ACCH,,-,PublicFinances1800-2023
1831.0,Debt Interest9,NMFX,29.0,14,PublicFinances1800-2023
1831.0,Defence5,,15.0,32,PublicFinances1800-2023
1831.0,Education8,,,-,PublicFinances1800-2023
1831.0,Energy profits levy,JIS6,,-,PublicFinances1800-2023
1831.0,Gas Levy3,,,-,PublicFinances1800-2023
1831.0,Health6,,,-,PublicFinances1800-2023
1831.0,Income tax1,LIBR-MS62,,5,PublicFinances1800-2023
1831.0,"Index, base year = 100",MM23,10.9,13.5,PublicFinances1800-2023
1831.0,Land and Assessed Taxes,,5.0,5,PublicFinances1800-2023
1831.0,License fee receipts,DH7A,,-,PublicFinances1800-2023
1831.0,National Accounts Taxes,GCSU,,-,PublicFinances1800-2023
1831.0,National Insurance Contributions1,AIIH,,-,PublicFinances1800-2023
1831.0,"Nominal GDP (March-centred, £m)4","Nominal GDP (March-centred, £m)4",503.0,393,PublicFinances1800-2023
1831.0,Nominal GDP (£m)3,Nominal GDP (£m)3,503.0,355,PublicFinances1800-2023
1831.0,Other Central Government Receipts6,Residual,2.0,3,PublicFinances1800-2023
1831.0,Other Public Sector Spending10 ,,,-,PublicFinances1800-2023
1831.0,Other business taxes1,KIH3 + N43V,,-,PublicFinances1800-2023
1831.0,Other public sector taxes and receipts8,Residual,,-,PublicFinances1800-2023
1831.0,Petroleum Revenue tax (includes supplementary petroleum duty)3,ACCJ,,-,PublicFinances1800-2023
1831.0,Petroleum royalties3,,,-,PublicFinances1800-2023
1831.0,Public sector gross investment4,JW2Z + JW2S,,-,PublicFinances1800-2023
1831.0,"Public sector net borrowing
(PSNB)1","Public sector net borrowing
(PSNB)1",1.0,21,PublicFinances1800-2023
1831.0,Public sector net debt (PSND)2,Public sector net debt (PSND)2,838.0,508,PublicFinances1800-2023
1831.0,Social Security7,,,-,PublicFinances1800-2023
1831.0,Stamp duties,GTBC,7.0,3,PublicFinances1800-2023
1831.0,Total Central Government spending1,ANLP + ANNS + NSRN,52.0,50,PublicFinances1800-2023
1831.0,Unit,Source dataset ID,1831.0,1800,PublicFinances1800-2023
1831.0,VAT (Purchase tax prior to 1973)4,NZGF,,-,PublicFinances1800-2023
1831.0,Years,Years,,1800-01,PublicFinances1800-2023
1831.0,o/w non-pensioners,,,-,PublicFinances1800-2023
1831.0,o/w pensioners,,,-,PublicFinances1800-2023
1832.0,Business rates,CUKY,,-,PublicFinances1800-2023
1832.0,Capital Gains Tax1,MS62,,-,PublicFinances1800-2023
1832.0,Corporation tax (profits taxes prior to 1966-67)2,CPRN,,-,PublicFinances1800-2023
1832.0,Council Tax (community charge and domestic rates prior to 1993),NMHM,,-,PublicFinances1800-2023
1832.0,Current spending3,JW2Q,,-,PublicFinances1800-2023
1832.0,Custom and excise duties5,CUDG+GTAO+MF6V+ EKED+CDDZ+CWAA,37.0,18,PublicFinances1800-2023
1832.0,Death duties/Inheritance tax,ACCH,,-,PublicFinances1800-2023
1832.0,Debt Interest9,NMFX,28.0,14,PublicFinances1800-2023
1832.0,Defence5,,14.0,32,PublicFinances1800-2023
1832.0,Education8,,,-,PublicFinances1800-2023
1832.0,Energy profits levy,JIS6,,-,PublicFinances1800-2023
1832.0,Gas Levy3,,,-,PublicFinances1800-2023
1832.0,Health6,,,-,PublicFinances1800-2023
1832.0,Income tax1,LIBR-MS62,,5,PublicFinances1800-2023
1832.0,"Index, base year = 100",MM23,10.1,13.5,PublicFinances1800-2023
1832.0,Land and Assessed Taxes,,5.0,5,PublicFinances1800-2023
1832.0,License fee receipts,DH7A,,-,PublicFinances1800-2023
1832.0,National Accounts Taxes,GCSU,,-,PublicFinances1800-2023
1832.0,National Insurance Contributions1,AIIH,,-,PublicFinances1800-2023
1832.0,"Nominal GDP (March-centred, £m)4","Nominal GDP (March-centred, £m)4",494.0,393,PublicFinances1800-2023
1832.0,Nominal GDP (£m)3,Nominal GDP (£m)3,500.0,355,PublicFinances1800-2023
1832.0,Other Central Government Receipts6,Residual,2.0,3,PublicFinances1800-2023
1832.0,Other Public Sector Spending10 ,,,-,PublicFinances1800-2023
1832.0,Other business taxes1,KIH3 + N43V,,-,PublicFinances1800-2023
1832.0,Other public sector taxes and receipts8,Residual,,-,PublicFinances1800-2023
1832.0,Petroleum Revenue tax (includes supplementary petroleum duty)3,ACCJ,,-,PublicFinances1800-2023
1832.0,Petroleum royalties3,,,-,PublicFinances1800-2023
1832.0,Public sector gross investment4,JW2Z + JW2S,,-,PublicFinances1800-2023
1832.0,"Public sector net borrowing
(PSNB)1","Public sector net borrowing
(PSNB)1",-1.0,21,PublicFinances1800-2023
1832.0,Public sector net debt (PSND)2,Public sector net debt (PSND)2,838.0,508,PublicFinances1800-2023
1832.0,Social Security7,,,-,PublicFinances1800-2023
1832.0,Stamp duties,GTBC,7.0,3,PublicFinances1800-2023
1832.0,Total Central Government spending1,ANLP + ANNS + NSRN,51.0,50,PublicFinances1800-2023
1832.0,Unit,Source dataset ID,1832.0,1800,PublicFinances1800-2023
1832.0,VAT (Purchase tax prior to 1973)4,NZGF,,-,PublicFinances1800-2023
1832.0,Years,Years,,1800-01,PublicFinances1800-2023
1832.0,o/w non-pensioners,,,-,PublicFinances1800-2023
1832.0,o/w pensioners,,,-,PublicFinances1800-2023
1833.0,Business rates,CUKY,,-,PublicFinances1800-2023
1833.0,Capital Gains Tax1,MS62,,-,PublicFinances1800-2023
1833.0,Corporation tax (profits taxes prior to 1966-67)2,CPRN,,-,PublicFinances1800-2023
1833.0,Council Tax (community charge and domestic rates prior to 1993),NMHM,,-,PublicFinances1800-2023
1833.0,Current spending3,JW2Q,,-,PublicFinances1800-2023
1833.0,Custom and excise duties5,CUDG+GTAO+MF6V+ EKED+CDDZ+CWAA,36.0,18,PublicFinances1800-2023
1833.0,Death duties/Inheritance tax,ACCH,,-,PublicFinances1800-2023
1833.0,Debt Interest9,NMFX,28.0,14,PublicFinances1800-2023
1833.0,Defence5,,14.0,32,PublicFinances1800-2023
1833.0,Education8,,,-,PublicFinances1800-2023
1833.0,Energy profits levy,JIS6,,-,PublicFinances1800-2023
1833.0,Gas Levy3,,,-,PublicFinances1800-2023
1833.0,Health6,,,-,PublicFinances1800-2023
1833.0,Income tax1,LIBR-MS62,,5,PublicFinances1800-2023
1833.0,"Index, base year = 100",MM23,9.5,13.5,PublicFinances1800-2023
1833.0,Land and Assessed Taxes,,5.0,5,PublicFinances1800-2023
1833.0,License fee receipts,DH7A,,-,PublicFinances1800-2023
1833.0,National Accounts Taxes,GCSU,,-,PublicFinances1800-2023
1833.0,National Insurance Contributions1,AIIH,,-,PublicFinances1800-2023
1833.0,"Nominal GDP (March-centred, £m)4","Nominal GDP (March-centred, £m)4",512.0,393,PublicFinances1800-2023
1833.0,Nominal GDP (£m)3,Nominal GDP (£m)3,498.0,355,PublicFinances1800-2023
1833.0,Other Central Government Receipts6,Residual,2.0,3,PublicFinances1800-2023
1833.0,Other Public Sector Spending10 ,,,-,PublicFinances1800-2023
1833.0,Other business taxes1,KIH3 + N43V,,-,PublicFinances1800-2023
1833.0,Other public sector taxes and receipts8,Residual,,-,PublicFinances1800-2023
1833.0,Petroleum Revenue tax (includes supplementary petroleum duty)3,ACCJ,,-,PublicFinances1800-2023
1833.0,Petroleum royalties3,,,-,PublicFinances1800-2023
1833.0,Public sector gross investment4,JW2Z + JW2S,,-,PublicFinances1800-2023
1833.0,"Public sector net borrowing
(PSNB)1","Public sector net borrowing
(PSNB)1",-1.0,21,PublicFinances1800-2023
1833.0,Public sector net debt (PSND)2,Public sector net debt (PSND)2,837.0,508,PublicFinances1800-2023
1833.0,Social Security7,,,-,PublicFinances1800-2023
1833.0,Stamp duties,GTBC,7.0,3,PublicFinances1800-2023
1833.0,Total Central Government spending1,ANLP + ANNS + NSRN,50.0,50,PublicFinances1800-2023
1833.0,Unit,Source dataset ID,1833.0,1800,PublicFinances1800-2023
1833.0,VAT (Purchase tax prior to 1973)4,NZGF,,-,PublicFinances1800-2023
1833.0,Years,Years,,1800-01,PublicFinances1800-2023
1833.0,o/w non-pensioners,,,-,PublicFinances1800-2023
1833.0,o/w pensioners,,,-,PublicFinances1800-2023
1834.0,Business rates,CUKY,,-,PublicFinances1800-2023
1834.0,Capital Gains Tax1,MS62,,-,PublicFinances1800-2023
1834.0,Corporation tax (profits taxes prior to 1966-67)2,CPRN,,-,PublicFinances1800-2023
1834.0,Council Tax (community charge and domestic rates prior to 1993),NMHM,,-,PublicFinances1800-2023
1834.0,Current spending3,JW2Q,,-,PublicFinances1800-2023
1834.0,Custom and excise duties5,CUDG+GTAO+MF6V+ EKED+CDDZ+CWAA,36.0,18,PublicFinances1800-2023
1834.0,Death duties/Inheritance tax,ACCH,,-,PublicFinances1800-2023
1834.0,Debt Interest9,NMFX,29.0,14,PublicFinances1800-2023
1834.0,Defence5,,13.0,32,PublicFinances1800-2023
1834.0,Education8,,,-,PublicFinances1800-2023
1834.0,Energy profits levy,JIS6,,-,PublicFinances1800-2023
1834.0,Gas Levy3,,,-,PublicFinances1800-2023
1834.0,Health6,,,-,PublicFinances1800-2023
1834.0,Income tax1,LIBR-MS62,,5,PublicFinances1800-2023
1834.0,"Index, base year = 100",MM23,8.7,13.5,PublicFinances1800-2023
1834.0,Land and Assessed Taxes,,5.0,5,PublicFinances1800-2023
1834.0,License fee receipts,DH7A,,-,PublicFinances1800-2023
1834.0,National Accounts Taxes,GCSU,,-,PublicFinances1800-2023
1834.0,National Insurance Contributions1,AIIH,,-,PublicFinances1800-2023
1834.0,"Nominal GDP (March-centred, £m)4","Nominal GDP (March-centred, £m)4",539.0,393,PublicFinances1800-2023
1834.0,Nominal GDP (£m)3,Nominal GDP (£m)3,525.0,355,PublicFinances1800-2023
1834.0,Other Central Government Receipts6,Residual,3.0,3,PublicFinances1800-2023
1834.0,Other Public Sector Spending10 ,,,-,PublicFinances1800-2023
1834.0,Other business taxes1,KIH3 + N43V,,-,PublicFinances1800-2023
1834.0,Other public sector taxes and receipts8,Residual,,-,PublicFinances1800-2023
1834.0,Petroleum Revenue tax (includes supplementary petroleum duty)3,ACCJ,,-,PublicFinances1800-2023
1834.0,Petroleum royalties3,,,-,PublicFinances1800-2023
1834.0,Public sector gross investment4,JW2Z + JW2S,,-,PublicFinances1800-2023
1834.0,"Public sector net borrowing
(PSNB)1","Public sector net borrowing
(PSNB)1",3.0,21,PublicFinances1800-2023
1834.0,Public sector net debt (PSND)2,Public sector net debt (PSND)2,837.0,508,PublicFinances1800-2023
1834.0,Social Security7,,,-,PublicFinances1800-2023
1834.0,Stamp duties,GTBC,7.0,3,PublicFinances1800-2023
1834.0,Total Central Government spending1,ANLP + ANNS + NSRN,49.0,50,PublicFinances1800-2023
1834.0,Unit,Source dataset ID,1834.0,1800,PublicFinances1800-2023
1834.0,VAT (Purchase tax prior to 1973)4,NZGF,,-,PublicFinances1800-2023
1834.0,Years,Years,,1800-01,PublicFinances1800-2023
1834.0,o/w non-pensioners,,,-,PublicFinances1800-2023
1834.0,o/w pensioners,,,-,PublicFinances1800-2023
1835.0,Business rates,CUKY,,-,PublicFinances1800-2023
1835.0,Capital Gains Tax1,MS62,,-,PublicFinances1800-2023
1835.0,Corporation tax (profits taxes prior to 1966-67)2,CPRN,,-,PublicFinances1800-2023
1835.0,Council Tax (community charge and domestic rates prior to 1993),NMHM,,-,PublicFinances1800-2023
1835.0,Current spending3,JW2Q,,-,PublicFinances1800-2023
1835.0,Custom and excise duties5,CUDG+GTAO+MF6V+ EKED+CDDZ+CWAA,37.0,18,PublicFinances1800-2023
1835.0,Death duties/Inheritance tax,ACCH,,-,PublicFinances1800-2023
1835.0,Debt Interest9,NMFX,29.0,14,PublicFinances1800-2023
1835.0,Defence5,,12.0,32,PublicFinances1800-2023
1835.0,Education8,,,-,PublicFinances1800-2023
1835.0,Energy profits levy,JIS6,,-,PublicFinances1800-2023
1835.0,Gas Levy3,,,-,PublicFinances1800-2023
1835.0,Health6,,,-,PublicFinances1800-2023
1835.0,Income tax1,LIBR-MS62,,5,PublicFinances1800-2023
1835.0,"Index, base year = 100",MM23,8.9,13.5,PublicFinances1800-2023
1835.0,Land and Assessed Taxes,,4.0,5,PublicFinances1800-2023
1835.0,License fee receipts,DH7A,,-,PublicFinances1800-2023
1835.0,National Accounts Taxes,GCSU,,-,PublicFinances1800-2023
1835.0,National Insurance Contributions1,AIIH,,-,PublicFinances1800-2023
1835.0,"Nominal GDP (March-centred, £m)4","Nominal GDP (March-centred, £m)4",577.0,393,PublicFinances1800-2023
1835.0,Nominal GDP (£m)3,Nominal GDP (£m)3,556.0,355,PublicFinances1800-2023
1835.0,Other Central Government Receipts6,Residual,3.0,3,PublicFinances1800-2023
1835.0,Other Public Sector Spending10 ,,,-,PublicFinances1800-2023
1835.0,Other business taxes1,KIH3 + N43V,,-,PublicFinances1800-2023
1835.0,Other public sector taxes and receipts8,Residual,,-,PublicFinances1800-2023
1835.0,Petroleum Revenue tax (includes supplementary petroleum duty)3,ACCJ,,-,PublicFinances1800-2023
1835.0,Petroleum royalties3,,,-,PublicFinances1800-2023
1835.0,Public sector gross investment4,JW2Z + JW2S,,-,PublicFinances1800-2023
1835.0,"Public sector net borrowing
(PSNB)1","Public sector net borrowing
(PSNB)1",12.0,21,PublicFinances1800-2023
1835.0,Public sector net debt (PSND)2,Public sector net debt (PSND)2,846.0,508,PublicFinances1800-2023
1835.0,Social Security7,,,-,PublicFinances1800-2023
1835.0,Stamp duties,GTBC,7.0,3,PublicFinances1800-2023
1835.0,Total Central Government spending1,ANLP + ANNS + NSRN,53.0,50,PublicFinances1800-2023
1835.0,Unit,Source dataset ID,1835.0,1800,PublicFinances1800-2023
1835.0,VAT (Purchase tax prior to 1973)4,NZGF,,-,PublicFinances1800-2023
1835.0,Years,Years,,1800-01,PublicFinances1800-2023
1835.0,o/w non-pensioners,,,-,PublicFinances1800-2023
1835.0,o/w pensioners,,,-,PublicFinances1800-2023
1836.0,Business rates,CUKY,,-,PublicFinances1800-2023
1836.0,Capital Gains Tax1,MS62,,-,PublicFinances1800-2023
1836.0,Corporation tax (profits taxes prior to 1966-67)2,CPRN,,-,PublicFinances1800-2023
1836.0,Council Tax (community charge and domestic rates prior to 1993),NMHM,,-,PublicFinances1800-2023
1836.0,Current spending3,JW2Q,,-,PublicFinances1800-2023
1836.0,Custom and excise duties5,CUDG+GTAO+MF6V+ EKED+CDDZ+CWAA,39.0,18,PublicFinances1800-2023
1836.0,Death duties/Inheritance tax,ACCH,,-,PublicFinances1800-2023
1836.0,Debt Interest9,NMFX,29.0,14,PublicFinances1800-2023
1836.0,Defence5,,12.0,32,PublicFinances1800-2023
1836.0,Education8,,,-,PublicFinances1800-2023
1836.0,Energy profits levy,JIS6,,-,PublicFinances1800-2023
1836.0,Gas Levy3,,,-,PublicFinances1800-2023
1836.0,Health6,,,-,PublicFinances1800-2023
1836.0,Income tax1,LIBR-MS62,,5,PublicFinances1800-2023
1836.0,"Index, base year = 100",MM23,9.9,13.5,PublicFinances1800-2023
1836.0,Land and Assessed Taxes,,4.0,5,PublicFinances1800-2023
1836.0,License fee receipts,DH7A,,-,PublicFinances1800-2023
1836.0,National Accounts Taxes,GCSU,,-,PublicFinances1800-2023
1836.0,National Insurance Contributions1,AIIH,,-,PublicFinances1800-2023
1836.0,"Nominal GDP (March-centred, £m)4","Nominal GDP (March-centred, £m)4",577.0,393,PublicFinances1800-2023
1836.0,Nominal GDP (£m)3,Nominal GDP (£m)3,584.0,355,PublicFinances1800-2023
1836.0,Other Central Government Receipts6,Residual,2.0,3,PublicFinances1800-2023
1836.0,Other Public Sector Spending10 ,,,-,PublicFinances1800-2023
1836.0,Other business taxes1,KIH3 + N43V,,-,PublicFinances1800-2023
1836.0,Other public sector taxes and receipts8,Residual,,-,PublicFinances1800-2023
1836.0,Petroleum Revenue tax (includes supplementary petroleum duty)3,ACCJ,,-,PublicFinances1800-2023
1836.0,Petroleum royalties3,,,-,PublicFinances1800-2023
1836.0,Public sector gross investment4,JW2Z + JW2S,,-,PublicFinances1800-2023
1836.0,"Public sector net borrowing
(PSNB)1","Public sector net borrowing
(PSNB)1",1.0,21,PublicFinances1800-2023
1836.0,Public sector net debt (PSND)2,Public sector net debt (PSND)2,845.0,508,PublicFinances1800-2023
1836.0,Social Security7,,,-,PublicFinances1800-2023
1836.0,Stamp duties,GTBC,7.0,3,PublicFinances1800-2023
1836.0,Total Central Government spending1,ANLP + ANNS + NSRN,62.0,50,PublicFinances1800-2023
1836.0,Unit,Source dataset ID,1836.0,1800,PublicFinances1800-2023
1836.0,VAT (Purchase tax prior to 1973)4,NZGF,,-,PublicFinances1800-2023
1836.0,Years,Years,,1800-01,PublicFinances1800-2023
1836.0,o/w non-pensioners,,,-,PublicFinances1800-2023
1836.0,o/w pensioners,,,-,PublicFinances1800-2023
1837.0,Business rates,CUKY,,-,PublicFinances1800-2023
1837.0,Capital Gains Tax1,MS62,,-,PublicFinances1800-2023
1837.0,Corporation tax (profits taxes prior to 1966-67)2,CPRN,,-,PublicFinances1800-2023
1837.0,Council Tax (community charge and domestic rates prior to 1993),NMHM,,-,PublicFinances1800-2023
1837.0,Current spending3,JW2Q,,-,PublicFinances1800-2023
1837.0,Custom and excise duties5,CUDG+GTAO+MF6V+ EKED+CDDZ+CWAA,37.0,18,PublicFinances1800-2023
1837.0,Death duties/Inheritance tax,ACCH,,-,PublicFinances1800-2023
1837.0,Debt Interest9,NMFX,29.0,14,PublicFinances1800-2023
1837.0,Defence5,,12.0,32,PublicFinances1800-2023
1837.0,Education8,,,-,PublicFinances1800-2023
1837.0,Energy profits levy,JIS6,,-,PublicFinances1800-2023
1837.0,Gas Levy3,,,-,PublicFinances1800-2023
1837.0,Health6,,,-,PublicFinances1800-2023
1837.0,Income tax1,LIBR-MS62,,5,PublicFinances1800-2023
1837.0,"Index, base year = 100",MM23,10.1,13.5,PublicFinances1800-2023
1837.0,Land and Assessed Taxes,,4.0,5,PublicFinances1800-2023
1837.0,License fee receipts,DH7A,,-,PublicFinances1800-2023
1837.0,National Accounts Taxes,GCSU,,-,PublicFinances1800-2023
1837.0,National Insurance Contributions1,AIIH,,-,PublicFinances1800-2023
1837.0,"Nominal GDP (March-centred, £m)4","Nominal GDP (March-centred, £m)4",593.0,393,PublicFinances1800-2023
1837.0,Nominal GDP (£m)3,Nominal GDP (£m)3,579.0,355,PublicFinances1800-2023
1837.0,Other Central Government Receipts6,Residual,3.0,3,PublicFinances1800-2023
1837.0,Other Public Sector Spending10 ,,,-,PublicFinances1800-2023
1837.0,Other business taxes1,KIH3 + N43V,,-,PublicFinances1800-2023
1837.0,Other public sector taxes and receipts8,Residual,,-,PublicFinances1800-2023
1837.0,Petroleum Revenue tax (includes supplementary petroleum duty)3,ACCJ,,-,PublicFinances1800-2023
1837.0,Petroleum royalties3,,,-,PublicFinances1800-2023
1837.0,Public sector gross investment4,JW2Z + JW2S,,-,PublicFinances1800-2023
1837.0,"Public sector net borrowing
(PSNB)1","Public sector net borrowing
(PSNB)1",1.0,21,PublicFinances1800-2023
1837.0,Public sector net debt (PSND)2,Public sector net debt (PSND)2,842.0,508,PublicFinances1800-2023
1837.0,Social Security7,,,-,PublicFinances1800-2023
1837.0,Stamp duties,GTBC,7.0,3,PublicFinances1800-2023
1837.0,Total Central Government spending1,ANLP + ANNS + NSRN,53.0,50,PublicFinances1800-2023
1837.0,Unit,Source dataset ID,1837.0,1800,PublicFinances1800-2023
1837.0,VAT (Purchase tax prior to 1973)4,NZGF,,-,PublicFinances1800-2023
1837.0,Years,Years,,1800-01,PublicFinances1800-2023
1837.0,o/w non-pensioners,,,-,PublicFinances1800-2023
1837.0,o/w pensioners,,,-,PublicFinances1800-2023
1838.0,Business rates,CUKY,,-,PublicFinances1800-2023
1838.0,Capital Gains Tax1,MS62,,-,PublicFinances1800-2023
1838.0,Corporation tax (profits taxes prior to 1966-67)2,CPRN,,-,PublicFinances1800-2023
1838.0,Council Tax (community charge and domestic rates prior to 1993),NMHM,,-,PublicFinances1800-2023
1838.0,Current spending3,JW2Q,,-,PublicFinances1800-2023
1838.0,Custom and excise duties5,CUDG+GTAO+MF6V+ EKED+CDDZ+CWAA,37.0,18,PublicFinances1800-2023
1838.0,Death duties/Inheritance tax,ACCH,,-,PublicFinances1800-2023
1838.0,Debt Interest9,NMFX,30.0,14,PublicFinances1800-2023
1838.0,Defence5,,13.0,32,PublicFinances1800-2023
1838.0,Education8,,,-,PublicFinances1800-2023
1838.0,Energy profits levy,JIS6,,-,PublicFinances1800-2023
1838.0,Gas Levy3,,,-,PublicFinances1800-2023
1838.0,Health6,,,-,PublicFinances1800-2023
1838.0,Income tax1,LIBR-MS62,,5,PublicFinances1800-2023
1838.0,"Index, base year = 100",MM23,10.2,13.5,PublicFinances1800-2023
1838.0,Land and Assessed Taxes,,4.0,5,PublicFinances1800-2023
1838.0,License fee receipts,DH7A,,-,PublicFinances1800-2023
1838.0,National Accounts Taxes,GCSU,,-,PublicFinances1800-2023
1838.0,National Insurance Contributions1,AIIH,,-,PublicFinances1800-2023
1838.0,"Nominal GDP (March-centred, £m)4","Nominal GDP (March-centred, £m)4",616.0,393,PublicFinances1800-2023
1838.0,Nominal GDP (£m)3,Nominal GDP (£m)3,605.0,355,PublicFinances1800-2023
1838.0,Other Central Government Receipts6,Residual,3.0,3,PublicFinances1800-2023
1838.0,Other Public Sector Spending10 ,,,-,PublicFinances1800-2023
1838.0,Other business taxes1,KIH3 + N43V,,-,PublicFinances1800-2023
1838.0,Other public sector taxes and receipts8,Residual,,-,PublicFinances1800-2023
1838.0,Petroleum Revenue tax (includes supplementary petroleum duty)3,ACCJ,,-,PublicFinances1800-2023
1838.0,Petroleum royalties3,,,-,PublicFinances1800-2023
1838.0,Public sector gross investment4,JW2Z + JW2S,,-,PublicFinances1800-2023
1838.0,"Public sector net borrowing
(PSNB)1","Public sector net borrowing
(PSNB)1",1.0,21,PublicFinances1800-2023
1838.0,Public sector net debt (PSND)2,Public sector net debt (PSND)2,840.0,508,PublicFinances1800-2023
1838.0,Social Security7,,,-,PublicFinances1800-2023
1838.0,Stamp duties,GTBC,7.0,3,PublicFinances1800-2023
1838.0,Total Central Government spending1,ANLP + ANNS + NSRN,51.0,50,PublicFinances1800-2023
1838.0,Unit,Source dataset ID,1838.0,1800,PublicFinances1800-2023
1838.0,VAT (Purchase tax prior to 1973)4,NZGF,,-,PublicFinances1800-2023
1838.0,Years,Years,,1800-01,PublicFinances1800-2023
1838.0,o/w non-pensioners,,,-,PublicFinances1800-2023
1838.0,o/w pensioners,,,-,PublicFinances1800-2023
1839.0,Business rates,CUKY,,-,PublicFinances1800-2023
1839.0,Capital Gains Tax1,MS62,,-,PublicFinances1800-2023
1839.0,Corporation tax (profits taxes prior to 1966-67)2,CPRN,,-,PublicFinances1800-2023
1839.0,Council Tax (community charge and domestic rates prior to 1993),NMHM,,-,PublicFinances1800-2023
1839.0,Current spending3,JW2Q,,-,PublicFinances1800-2023
1839.0,Custom and excise duties5,CUDG+GTAO+MF6V+ EKED+CDDZ+CWAA,38.0,18,PublicFinances1800-2023
1839.0,Death duties/Inheritance tax,ACCH,,-,PublicFinances1800-2023
1839.0,Debt Interest9,NMFX,29.0,14,PublicFinances1800-2023
1839.0,Defence5,,13.0,32,PublicFinances1800-2023
1839.0,Education8,,,-,PublicFinances1800-2023
1839.0,Energy profits levy,JIS6,,-,PublicFinances1800-2023
1839.0,Gas Levy3,,,-,PublicFinances1800-2023
1839.0,Health6,,,-,PublicFinances1800-2023
1839.0,Income tax1,LIBR-MS62,,5,PublicFinances1800-2023
1839.0,"Index, base year = 100",MM23,10.9,13.5,PublicFinances1800-2023
1839.0,Land and Assessed Taxes,,4.0,5,PublicFinances1800-2023
1839.0,License fee receipts,DH7A,,-,PublicFinances1800-2023
1839.0,National Accounts Taxes,GCSU,,-,PublicFinances1800-2023
1839.0,National Insurance Contributions1,AIIH,,-,PublicFinances1800-2023
1839.0,"Nominal GDP (March-centred, £m)4","Nominal GDP (March-centred, £m)4",605.0,393,PublicFinances1800-2023
1839.0,Nominal GDP (£m)3,Nominal GDP (£m)3,616.0,355,PublicFinances1800-2023
1839.0,Other Central Government Receipts6,Residual,3.0,3,PublicFinances1800-2023
1839.0,Other Public Sector Spending10 ,,,-,PublicFinances1800-2023
1839.0,Other business taxes1,KIH3 + N43V,,-,PublicFinances1800-2023
1839.0,Other public sector taxes and receipts8,Residual,,-,PublicFinances1800-2023
1839.0,Petroleum Revenue tax (includes supplementary petroleum duty)3,ACCJ,,-,PublicFinances1800-2023
1839.0,Petroleum royalties3,,,-,PublicFinances1800-2023
1839.0,Public sector gross investment4,JW2Z + JW2S,,-,PublicFinances1800-2023
1839.0,"Public sector net borrowing
(PSNB)1","Public sector net borrowing
(PSNB)1",2.0,21,PublicFinances1800-2023
1839.0,Public sector net debt (PSND)2,Public sector net debt (PSND)2,839.0,508,PublicFinances1800-2023
1839.0,Social Security7,,,-,PublicFinances1800-2023
1839.0,Stamp duties,GTBC,7.0,3,PublicFinances1800-2023
1839.0,Total Central Government spending1,ANLP + ANNS + NSRN,52.0,50,PublicFinances1800-2023
1839.0,Unit,Source dataset ID,1839.0,1800,PublicFinances1800-2023
1839.0,VAT (Purchase tax prior to 1973)4,NZGF,,-,PublicFinances1800-2023
1839.0,Years,Years,,1800-01,PublicFinances1800-2023
1839.0,o/w non-pensioners,,,-,PublicFinances1800-2023
1839.0,o/w pensioners,,,-,PublicFinances1800-2023
1840.0,Business rates,CUKY,,-,PublicFinances1800-2023
1840.0,Capital Gains Tax1,MS62,,-,PublicFinances1800-2023
1840.0,Corporation tax (profits taxes prior to 1966-67)2,CPRN,,-,PublicFinances1800-2023
1840.0,Council Tax (community charge and domestic rates prior to 1993),NMHM,,-,PublicFinances1800-2023
1840.0,Current spending3,JW2Q,,-,PublicFinances1800-2023
1840.0,Custom and excise duties5,CUDG+GTAO+MF6V+ EKED+CDDZ+CWAA,38.0,18,PublicFinances1800-2023
1840.0,Death duties/Inheritance tax,ACCH,,-,PublicFinances1800-2023
1840.0,Debt Interest9,NMFX,30.0,14,PublicFinances1800-2023
1840.0,Defence5,,14.0,32,PublicFinances1800-2023
1840.0,Education8,,,-,PublicFinances1800-2023
1840.0,Energy profits levy,JIS6,,-,PublicFinances1800-2023
1840.0,Gas Levy3,,,-,PublicFinances1800-2023
1840.0,Health6,,,-,PublicFinances1800-2023
1840.0,Income tax1,LIBR-MS62,,5,PublicFinances1800-2023
1840.0,"Index, base year = 100",MM23,11.1,13.5,PublicFinances1800-2023
1840.0,Land and Assessed Taxes,,4.0,5,PublicFinances1800-2023
1840.0,License fee receipts,DH7A,,-,PublicFinances1800-2023
1840.0,National Accounts Taxes,GCSU,,-,PublicFinances1800-2023
1840.0,National Insurance Contributions1,AIIH,,-,PublicFinances1800-2023
1840.0,"Nominal GDP (March-centred, £m)4","Nominal GDP (March-centred, £m)4",588.0,393,PublicFinances1800-2023
1840.0,Nominal GDP (£m)3,Nominal GDP (£m)3,595.0,355,PublicFinances1800-2023
1840.0,Other Central Government Receipts6,Residual,2.0,3,PublicFinances1800-2023
1840.0,Other Public Sector Spending10 ,,,-,PublicFinances1800-2023
1840.0,Other business taxes1,KIH3 + N43V,,-,PublicFinances1800-2023
1840.0,Other public sector taxes and receipts8,Residual,,-,PublicFinances1800-2023
1840.0,Petroleum Revenue tax (includes supplementary petroleum duty)3,ACCJ,,-,PublicFinances1800-2023
1840.0,Petroleum royalties3,,,-,PublicFinances1800-2023
1840.0,Public sector gross investment4,JW2Z + JW2S,,-,PublicFinances1800-2023
1840.0,"Public sector net borrowing
(PSNB)1","Public sector net borrowing
(PSNB)1",2.0,21,PublicFinances1800-2023
1840.0,Public sector net debt (PSND)2,Public sector net debt (PSND)2,839.0,508,PublicFinances1800-2023
1840.0,Social Security7,,,-,PublicFinances1800-2023
1840.0,Stamp duties,GTBC,7.0,3,PublicFinances1800-2023
1840.0,Total Central Government spending1,ANLP + ANNS + NSRN,53.0,50,PublicFinances1800-2023
1840.0,Unit,Source dataset ID,1840.0,1800,PublicFinances1800-2023
1840.0,VAT (Purchase tax prior to 1973)4,NZGF,,-,PublicFinances1800-2023
1840.0,Years,Years,,1800-01,PublicFinances1800-2023
1840.0,o/w non-pensioners,,,-,PublicFinances1800-2023
1840.0,o/w pensioners,,,-,PublicFinances1800-2023
1841.0,Business rates,CUKY,,-,PublicFinances1800-2023
1841.0,Capital Gains Tax1,MS62,,-,PublicFinances1800-2023
1841.0,Corporation tax (profits taxes prior to 1966-67)2,CPRN,,-,PublicFinances1800-2023
1841.0,Council Tax (community charge and domestic rates prior to 1993),NMHM,,-,PublicFinances1800-2023
1841.0,Current spending3,JW2Q,,-,PublicFinances1800-2023
1841.0,Custom and excise duties5,CUDG+GTAO+MF6V+ EKED+CDDZ+CWAA,38.0,18,PublicFinances1800-2023
1841.0,Death duties/Inheritance tax,ACCH,,-,PublicFinances1800-2023
1841.0,Debt Interest9,NMFX,30.0,14,PublicFinances1800-2023
1841.0,Defence5,,14.0,32,PublicFinances1800-2023
1841.0,Education8,,,-,PublicFinances1800-2023
1841.0,Energy profits levy,JIS6,,-,PublicFinances1800-2023
1841.0,Gas Levy3,,,-,PublicFinances1800-2023
1841.0,Health6,,,-,PublicFinances1800-2023
1841.0,Income tax1,LIBR-MS62,0.0,5,PublicFinances1800-2023
1841.0,"Index, base year = 100",MM23,10.9,13.5,PublicFinances1800-2023
1841.0,Land and Assessed Taxes,,5.0,5,PublicFinances1800-2023
1841.0,License fee receipts,DH7A,,-,PublicFinances1800-2023
1841.0,National Accounts Taxes,GCSU,,-,PublicFinances1800-2023
1841.0,National Insurance Contributions1,AIIH,,-,PublicFinances1800-2023
1841.0,"Nominal GDP (March-centred, £m)4","Nominal GDP (March-centred, £m)4",562.0,393,PublicFinances1800-2023
1841.0,Nominal GDP (£m)3,Nominal GDP (£m)3,577.0,355,PublicFinances1800-2023
1841.0,Other Central Government Receipts6,Residual,2.0,3,PublicFinances1800-2023
1841.0,Other Public Sector Spending10 ,,,-,PublicFinances1800-2023
1841.0,Other business taxes1,KIH3 + N43V,,-,PublicFinances1800-2023
1841.0,Other public sector taxes and receipts8,Residual,,-,PublicFinances1800-2023
1841.0,Petroleum Revenue tax (includes supplementary petroleum duty)3,ACCJ,,-,PublicFinances1800-2023
1841.0,Petroleum royalties3,,,-,PublicFinances1800-2023
1841.0,Public sector gross investment4,JW2Z + JW2S,,-,PublicFinances1800-2023
1841.0,"Public sector net borrowing
(PSNB)1","Public sector net borrowing
(PSNB)1",3.0,21,PublicFinances1800-2023
1841.0,Public sector net debt (PSND)2,Public sector net debt (PSND)2,840.0,508,PublicFinances1800-2023
1841.0,Social Security7,,,-,PublicFinances1800-2023
1841.0,Stamp duties,GTBC,7.0,3,PublicFinances1800-2023
1841.0,Total Central Government spending1,ANLP + ANNS + NSRN,53.0,50,PublicFinances1800-2023
1841.0,Unit,Source dataset ID,1841.0,1800,PublicFinances1800-2023
1841.0,VAT (Purchase tax prior to 1973)4,NZGF,,-,PublicFinances1800-2023
1841.0,Years,Years,,1800-01,PublicFinances1800-2023
1841.0,o/w non-pensioners,,,-,PublicFinances1800-2023
1841.0,o/w pensioners,,,-,PublicFinances1800-2023
1842.0,Business rates,CUKY,,-,PublicFinances1800-2023
1842.0,Capital Gains Tax1,MS62,,-,PublicFinances1800-2023
1842.0,Corporation tax (profits taxes prior to 1966-67)2,CPRN,,-,PublicFinances1800-2023
1842.0,Council Tax (community charge and domestic rates prior to 1993),NMHM,,-,PublicFinances1800-2023
1842.0,Current spending3,JW2Q,,-,PublicFinances1800-2023
1842.0,Custom and excise duties5,CUDG+GTAO+MF6V+ EKED+CDDZ+CWAA,37.0,18,PublicFinances1800-2023
1842.0,Death duties/Inheritance tax,ACCH,,-,PublicFinances1800-2023
1842.0,Debt Interest9,NMFX,30.0,14,PublicFinances1800-2023
1842.0,Defence5,,14.0,32,PublicFinances1800-2023
1842.0,Education8,,,-,PublicFinances1800-2023
1842.0,Energy profits levy,JIS6,,-,PublicFinances1800-2023
1842.0,Gas Levy3,,,-,PublicFinances1800-2023
1842.0,Health6,,,-,PublicFinances1800-2023
1842.0,Income tax1,LIBR-MS62,2.0,5,PublicFinances1800-2023
1842.0,"Index, base year = 100",MM23,10.0,13.5,PublicFinances1800-2023
1842.0,Land and Assessed Taxes,,4.0,5,PublicFinances1800-2023
1842.0,License fee receipts,DH7A,,-,PublicFinances1800-2023
1842.0,National Accounts Taxes,GCSU,,-,PublicFinances1800-2023
1842.0,National Insurance Contributions1,AIIH,,-,PublicFinances1800-2023
1842.0,"Nominal GDP (March-centred, £m)4","Nominal GDP (March-centred, £m)4",558.0,393,PublicFinances1800-2023
1842.0,Nominal GDP (£m)3,Nominal GDP (£m)3,556.0,355,PublicFinances1800-2023
1842.0,Other Central Government Receipts6,Residual,2.0,3,PublicFinances1800-2023
1842.0,Other Public Sector Spending10 ,,,-,PublicFinances1800-2023
1842.0,Other business taxes1,KIH3 + N43V,,-,PublicFinances1800-2023
1842.0,Other public sector taxes and receipts8,Residual,,-,PublicFinances1800-2023
1842.0,Petroleum Revenue tax (includes supplementary petroleum duty)3,ACCJ,,-,PublicFinances1800-2023
1842.0,Petroleum royalties3,,,-,PublicFinances1800-2023
1842.0,Public sector gross investment4,JW2Z + JW2S,,-,PublicFinances1800-2023
1842.0,"Public sector net borrowing
(PSNB)1","Public sector net borrowing
(PSNB)1",3.0,21,PublicFinances1800-2023
1842.0,Public sector net debt (PSND)2,Public sector net debt (PSND)2,839.0,508,PublicFinances1800-2023
1842.0,Social Security7,,,-,PublicFinances1800-2023
1842.0,Stamp duties,GTBC,7.0,3,PublicFinances1800-2023
1842.0,Total Central Government spending1,ANLP + ANNS + NSRN,55.0,50,PublicFinances1800-2023
1842.0,Unit,Source dataset ID,1842.0,1800,PublicFinances1800-2023
1842.0,VAT (Purchase tax prior to 1973)4,NZGF,,-,PublicFinances1800-2023
1842.0,Years,Years,,1800-01,PublicFinances1800-2023
1842.0,o/w non-pensioners,,,-,PublicFinances1800-2023
1842.0,o/w pensioners,,,-,PublicFinances1800-2023
1843.0,Business rates,CUKY,,-,PublicFinances1800-2023
1843.0,Capital Gains Tax1,MS62,,-,PublicFinances1800-2023
1843.0,Corporation tax (profits taxes prior to 1966-67)2,CPRN,,-,PublicFinances1800-2023
1843.0,Council Tax (community charge and domestic rates prior to 1993),NMHM,,-,PublicFinances1800-2023
1843.0,Current spending3,JW2Q,,-,PublicFinances1800-2023
1843.0,Custom and excise duties5,CUDG+GTAO+MF6V+ EKED+CDDZ+CWAA,37.0,18,PublicFinances1800-2023
1843.0,Death duties/Inheritance tax,ACCH,,-,PublicFinances1800-2023
1843.0,Debt Interest9,NMFX,30.0,14,PublicFinances1800-2023
1843.0,Defence5,,14.0,32,PublicFinances1800-2023
1843.0,Education8,,,-,PublicFinances1800-2023
1843.0,Energy profits levy,JIS6,,-,PublicFinances1800-2023
1843.0,Gas Levy3,,,-,PublicFinances1800-2023
1843.0,Health6,,,-,PublicFinances1800-2023
1843.0,Income tax1,LIBR-MS62,5.0,5,PublicFinances1800-2023
1843.0,"Index, base year = 100",MM23,8.9,13.5,PublicFinances1800-2023
1843.0,Land and Assessed Taxes,,4.0,5,PublicFinances1800-2023
1843.0,License fee receipts,DH7A,,-,PublicFinances1800-2023
1843.0,National Accounts Taxes,GCSU,,-,PublicFinances1800-2023
1843.0,National Insurance Contributions1,AIIH,,-,PublicFinances1800-2023
1843.0,"Nominal GDP (March-centred, £m)4","Nominal GDP (March-centred, £m)4",589.0,393,PublicFinances1800-2023
1843.0,Nominal GDP (£m)3,Nominal GDP (£m)3,569.0,355,PublicFinances1800-2023
1843.0,Other Central Government Receipts6,Residual,3.0,3,PublicFinances1800-2023
1843.0,Other Public Sector Spending10 ,,,-,PublicFinances1800-2023
1843.0,Other business taxes1,KIH3 + N43V,,-,PublicFinances1800-2023
1843.0,Other public sector taxes and receipts8,Residual,,-,PublicFinances1800-2023
1843.0,Petroleum Revenue tax (includes supplementary petroleum duty)3,ACCJ,,-,PublicFinances1800-2023
1843.0,Petroleum royalties3,,,-,PublicFinances1800-2023
1843.0,Public sector gross investment4,JW2Z + JW2S,,-,PublicFinances1800-2023
1843.0,"Public sector net borrowing
(PSNB)1","Public sector net borrowing
(PSNB)1",-2.0,21,PublicFinances1800-2023
1843.0,Public sector net debt (PSND)2,Public sector net debt (PSND)2,837.0,508,PublicFinances1800-2023
1843.0,Social Security7,,,-,PublicFinances1800-2023
1843.0,Stamp duties,GTBC,7.0,3,PublicFinances1800-2023
1843.0,Total Central Government spending1,ANLP + ANNS + NSRN,55.0,50,PublicFinances1800-2023
1843.0,Unit,Source dataset ID,1843.0,1800,PublicFinances1800-2023
1843.0,VAT (Purchase tax prior to 1973)4,NZGF,,-,PublicFinances1800-2023
1843.0,Years,Years,,1800-01,PublicFinances1800-2023
1843.0,o/w non-pensioners,,,-,PublicFinances1800-2023
1843.0,o/w pensioners,,,-,PublicFinances1800-2023
1844.0,Business rates,CUKY,,-,PublicFinances1800-2023
1844.0,Capital Gains Tax1,MS62,,-,PublicFinances1800-2023
1844.0,Corporation tax (profits taxes prior to 1966-67)2,CPRN,,-,PublicFinances1800-2023
1844.0,Council Tax (community charge and domestic rates prior to 1993),NMHM,,-,PublicFinances1800-2023
1844.0,Current spending3,JW2Q,,-,PublicFinances1800-2023
1844.0,Custom and excise duties5,CUDG+GTAO+MF6V+ EKED+CDDZ+CWAA,38.0,18,PublicFinances1800-2023
1844.0,Death duties/Inheritance tax,ACCH,,-,PublicFinances1800-2023
1844.0,Debt Interest9,NMFX,30.0,14,PublicFinances1800-2023
1844.0,Defence5,,14.0,32,PublicFinances1800-2023
1844.0,Education8,,,-,PublicFinances1800-2023
1844.0,Energy profits levy,JIS6,,-,PublicFinances1800-2023
1844.0,Gas Levy3,,,-,PublicFinances1800-2023
1844.0,Health6,,,-,PublicFinances1800-2023
1844.0,Income tax1,LIBR-MS62,5.0,5,PublicFinances1800-2023
1844.0,"Index, base year = 100",MM23,8.9,13.5,PublicFinances1800-2023
1844.0,Land and Assessed Taxes,,4.0,5,PublicFinances1800-2023
1844.0,License fee receipts,DH7A,,-,PublicFinances1800-2023
1844.0,National Accounts Taxes,GCSU,,-,PublicFinances1800-2023
1844.0,National Insurance Contributions1,AIIH,,-,PublicFinances1800-2023
1844.0,"Nominal GDP (March-centred, £m)4","Nominal GDP (March-centred, £m)4",629.0,393,PublicFinances1800-2023
1844.0,Nominal GDP (£m)3,Nominal GDP (£m)3,609.0,355,PublicFinances1800-2023
1844.0,Other Central Government Receipts6,Residual,3.0,3,PublicFinances1800-2023
1844.0,Other Public Sector Spending10 ,,,-,PublicFinances1800-2023
1844.0,Other business taxes1,KIH3 + N43V,,-,PublicFinances1800-2023
1844.0,Other public sector taxes and receipts8,Residual,,-,PublicFinances1800-2023
1844.0,Petroleum Revenue tax (includes supplementary petroleum duty)3,ACCJ,,-,PublicFinances1800-2023
1844.0,Petroleum royalties3,,,-,PublicFinances1800-2023
1844.0,Public sector gross investment4,JW2Z + JW2S,,-,PublicFinances1800-2023
1844.0,"Public sector net borrowing
(PSNB)1","Public sector net borrowing
(PSNB)1",-4.0,21,PublicFinances1800-2023
1844.0,Public sector net debt (PSND)2,Public sector net debt (PSND)2,833.0,508,PublicFinances1800-2023
1844.0,Social Security7,,,-,PublicFinances1800-2023
1844.0,Stamp duties,GTBC,7.0,3,PublicFinances1800-2023
1844.0,Total Central Government spending1,ANLP + ANNS + NSRN,55.0,50,PublicFinances1800-2023
1844.0,Unit,Source dataset ID,1844.0,1800,PublicFinances1800-2023
1844.0,VAT (Purchase tax prior to 1973)4,NZGF,,-,PublicFinances1800-2023
1844.0,Years,Years,,1800-01,PublicFinances1800-2023
1844.0,o/w non-pensioners,,,-,PublicFinances1800-2023
1844.0,o/w pensioners,,,-,PublicFinances1800-2023
1845.0,Business rates,CUKY,,-,PublicFinances1800-2023
1845.0,Capital Gains Tax1,MS62,,-,PublicFinances1800-2023
1845.0,Corporation tax (profits taxes prior to 1966-67)2,CPRN,,-,PublicFinances1800-2023
1845.0,Council Tax (community charge and domestic rates prior to 1993),NMHM,,-,PublicFinances1800-2023
1845.0,Current spending3,JW2Q,,-,PublicFinances1800-2023
1845.0,Custom and excise duties5,CUDG+GTAO+MF6V+ EKED+CDDZ+CWAA,37.0,18,PublicFinances1800-2023
1845.0,Death duties/Inheritance tax,ACCH,,-,PublicFinances1800-2023
1845.0,Debt Interest9,NMFX,30.0,14,PublicFinances1800-2023
1845.0,Defence5,,14.0,32,PublicFinances1800-2023
1845.0,Education8,,,-,PublicFinances1800-2023
1845.0,Energy profits levy,JIS6,,-,PublicFinances1800-2023
1845.0,Gas Levy3,,,-,PublicFinances1800-2023
1845.0,Health6,,,-,PublicFinances1800-2023
1845.0,Income tax1,LIBR-MS62,5.0,5,PublicFinances1800-2023
1845.0,"Index, base year = 100",MM23,9.3,13.5,PublicFinances1800-2023
1845.0,Land and Assessed Taxes,,4.0,5,PublicFinances1800-2023
1845.0,License fee receipts,DH7A,,-,PublicFinances1800-2023
1845.0,National Accounts Taxes,GCSU,,-,PublicFinances1800-2023
1845.0,National Insurance Contributions1,AIIH,,-,PublicFinances1800-2023
1845.0,"Nominal GDP (March-centred, £m)4","Nominal GDP (March-centred, £m)4",646.0,393,PublicFinances1800-2023
1845.0,Nominal GDP (£m)3,Nominal GDP (£m)3,641.0,355,PublicFinances1800-2023
1845.0,Other Central Government Receipts6,Residual,3.0,3,PublicFinances1800-2023
1845.0,Other Public Sector Spending10 ,,,-,PublicFinances1800-2023
1845.0,Other business taxes1,KIH3 + N43V,,-,PublicFinances1800-2023
1845.0,Other public sector taxes and receipts8,Residual,,-,PublicFinances1800-2023
1845.0,Petroleum Revenue tax (includes supplementary petroleum duty)3,ACCJ,,-,PublicFinances1800-2023
1845.0,Petroleum royalties3,,,-,PublicFinances1800-2023
1845.0,Public sector gross investment4,JW2Z + JW2S,,-,PublicFinances1800-2023
1845.0,"Public sector net borrowing
(PSNB)1","Public sector net borrowing
(PSNB)1",-4.0,21,PublicFinances1800-2023
1845.0,Public sector net debt (PSND)2,Public sector net debt (PSND)2,829.0,508,PublicFinances1800-2023
1845.0,Social Security7,,,-,PublicFinances1800-2023
1845.0,Stamp duties,GTBC,8.0,3,PublicFinances1800-2023
1845.0,Total Central Government spending1,ANLP + ANNS + NSRN,55.0,50,PublicFinances1800-2023
1845.0,Unit,Source dataset ID,1845.0,1800,PublicFinances1800-2023
1845.0,VAT (Purchase tax prior to 1973)4,NZGF,,-,PublicFinances1800-2023
1845.0,Years,Years,,1800-01,PublicFinances1800-2023
1845.0,o/w non-pensioners,,,-,PublicFinances1800-2023
1845.0,o/w pensioners,,,-,PublicFinances1800-2023
1846.0,Business rates,CUKY,,-,PublicFinances1800-2023
1846.0,Capital Gains Tax1,MS62,,-,PublicFinances1800-2023
1846.0,Corporation tax (profits taxes prior to 1966-67)2,CPRN,,-,PublicFinances1800-2023
1846.0,Council Tax (community charge and domestic rates prior to 1993),NMHM,,-,PublicFinances1800-2023
1846.0,Current spending3,JW2Q,,-,PublicFinances1800-2023
1846.0,Custom and excise duties5,CUDG+GTAO+MF6V+ EKED+CDDZ+CWAA,37.0,18,PublicFinances1800-2023
1846.0,Death duties/Inheritance tax,ACCH,,-,PublicFinances1800-2023
1846.0,Debt Interest9,NMFX,29.0,14,PublicFinances1800-2023
1846.0,Defence5,,16.0,32,PublicFinances1800-2023
1846.0,Education8,,,-,PublicFinances1800-2023
1846.0,Energy profits levy,JIS6,,-,PublicFinances1800-2023
1846.0,Gas Levy3,,,-,PublicFinances1800-2023
1846.0,Health6,,,-,PublicFinances1800-2023
1846.0,Income tax1,LIBR-MS62,6.0,5,PublicFinances1800-2023
1846.0,"Index, base year = 100",MM23,9.7,13.5,PublicFinances1800-2023
1846.0,Land and Assessed Taxes,,5.0,5,PublicFinances1800-2023
1846.0,License fee receipts,DH7A,,-,PublicFinances1800-2023
1846.0,National Accounts Taxes,GCSU,,-,PublicFinances1800-2023
1846.0,National Insurance Contributions1,AIIH,,-,PublicFinances1800-2023
1846.0,"Nominal GDP (March-centred, £m)4","Nominal GDP (March-centred, £m)4",671.0,393,PublicFinances1800-2023
1846.0,Nominal GDP (£m)3,Nominal GDP (£m)3,656.0,355,PublicFinances1800-2023
1846.0,Other Central Government Receipts6,Residual,3.0,3,PublicFinances1800-2023
1846.0,Other Public Sector Spending10 ,,,-,PublicFinances1800-2023
1846.0,Other business taxes1,KIH3 + N43V,,-,PublicFinances1800-2023
1846.0,Other public sector taxes and receipts8,Residual,,-,PublicFinances1800-2023
1846.0,Petroleum Revenue tax (includes supplementary petroleum duty)3,ACCJ,,-,PublicFinances1800-2023
1846.0,Petroleum royalties3,,,-,PublicFinances1800-2023
1846.0,Public sector gross investment4,JW2Z + JW2S,,-,PublicFinances1800-2023
1846.0,"Public sector net borrowing
(PSNB)1","Public sector net borrowing
(PSNB)1",-1.0,21,PublicFinances1800-2023
1846.0,Public sector net debt (PSND)2,Public sector net debt (PSND)2,827.0,508,PublicFinances1800-2023
1846.0,Social Security7,,,-,PublicFinances1800-2023
1846.0,Stamp duties,GTBC,8.0,3,PublicFinances1800-2023
1846.0,Total Central Government spending1,ANLP + ANNS + NSRN,54.0,50,PublicFinances1800-2023
1846.0,Unit,Source dataset ID,1846.0,1800,PublicFinances1800-2023
1846.0,VAT (Purchase tax prior to 1973)4,NZGF,,-,PublicFinances1800-2023
1846.0,Years,Years,,1800-01,PublicFinances1800-2023
1846.0,o/w non-pensioners,,,-,PublicFinances1800-2023
1846.0,o/w pensioners,,,-,PublicFinances1800-2023
1847.0,Business rates,CUKY,,-,PublicFinances1800-2023
1847.0,Capital Gains Tax1,MS62,,-,PublicFinances1800-2023
1847.0,Corporation tax (profits taxes prior to 1966-67)2,CPRN,,-,PublicFinances1800-2023
1847.0,Council Tax (community charge and domestic rates prior to 1993),NMHM,,-,PublicFinances1800-2023
1847.0,Current spending3,JW2Q,,-,PublicFinances1800-2023
1847.0,Custom and excise duties5,CUDG+GTAO+MF6V+ EKED+CDDZ+CWAA,37.0,18,PublicFinances1800-2023
1847.0,Death duties/Inheritance tax,ACCH,,-,PublicFinances1800-2023
1847.0,Debt Interest9,NMFX,28.0,14,PublicFinances1800-2023
1847.0,Defence5,,17.0,32,PublicFinances1800-2023
1847.0,Education8,,,-,PublicFinances1800-2023
1847.0,Energy profits levy,JIS6,,-,PublicFinances1800-2023
1847.0,Gas Levy3,,,-,PublicFinances1800-2023
1847.0,Health6,,,-,PublicFinances1800-2023
1847.0,Income tax1,LIBR-MS62,6.0,5,PublicFinances1800-2023
1847.0,"Index, base year = 100",MM23,10.9,13.5,PublicFinances1800-2023
1847.0,Land and Assessed Taxes,,5.0,5,PublicFinances1800-2023
1847.0,License fee receipts,DH7A,,-,PublicFinances1800-2023
1847.0,National Accounts Taxes,GCSU,,-,PublicFinances1800-2023
1847.0,National Insurance Contributions1,AIIH,,-,PublicFinances1800-2023
1847.0,"Nominal GDP (March-centred, £m)4","Nominal GDP (March-centred, £m)4",655.0,393,PublicFinances1800-2023
1847.0,Nominal GDP (£m)3,Nominal GDP (£m)3,670.0,355,PublicFinances1800-2023
1847.0,Other Central Government Receipts6,Residual,2.0,3,PublicFinances1800-2023
1847.0,Other Public Sector Spending10 ,,,-,PublicFinances1800-2023
1847.0,Other business taxes1,KIH3 + N43V,,-,PublicFinances1800-2023
1847.0,Other public sector taxes and receipts8,Residual,,-,PublicFinances1800-2023
1847.0,Petroleum Revenue tax (includes supplementary petroleum duty)3,ACCJ,,-,PublicFinances1800-2023
1847.0,Petroleum royalties3,,,-,PublicFinances1800-2023
1847.0,Public sector gross investment4,JW2Z + JW2S,,-,PublicFinances1800-2023
1847.0,"Public sector net borrowing
(PSNB)1","Public sector net borrowing
(PSNB)1",3.0,21,PublicFinances1800-2023
1847.0,Public sector net debt (PSND)2,Public sector net debt (PSND)2,832.0,508,PublicFinances1800-2023
1847.0,Social Security7,,,-,PublicFinances1800-2023
1847.0,Stamp duties,GTBC,7.0,3,PublicFinances1800-2023
1847.0,Total Central Government spending1,ANLP + ANNS + NSRN,56.0,50,PublicFinances1800-2023
1847.0,Unit,Source dataset ID,1847.0,1800,PublicFinances1800-2023
1847.0,VAT (Purchase tax prior to 1973)4,NZGF,,-,PublicFinances1800-2023
1847.0,Years,Years,,1800-01,PublicFinances1800-2023
1847.0,o/w non-pensioners,,,-,PublicFinances1800-2023
1847.0,o/w pensioners,,,-,PublicFinances1800-2023
1848.0,Business rates,CUKY,,-,PublicFinances1800-2023
1848.0,Capital Gains Tax1,MS62,,-,PublicFinances1800-2023
1848.0,Corporation tax (profits taxes prior to 1966-67)2,CPRN,,-,PublicFinances1800-2023
1848.0,Council Tax (community charge and domestic rates prior to 1993),NMHM,,-,PublicFinances1800-2023
1848.0,Current spending3,JW2Q,,-,PublicFinances1800-2023
1848.0,Custom and excise duties5,CUDG+GTAO+MF6V+ EKED+CDDZ+CWAA,38.0,18,PublicFinances1800-2023
1848.0,Death duties/Inheritance tax,ACCH,,-,PublicFinances1800-2023
1848.0,Debt Interest9,NMFX,28.0,14,PublicFinances1800-2023
1848.0,Defence5,,18.0,32,PublicFinances1800-2023
1848.0,Education8,,,-,PublicFinances1800-2023
1848.0,Energy profits levy,JIS6,,-,PublicFinances1800-2023
1848.0,Gas Levy3,,,-,PublicFinances1800-2023
1848.0,Health6,,,-,PublicFinances1800-2023
1848.0,Income tax1,LIBR-MS62,6.0,5,PublicFinances1800-2023
1848.0,"Index, base year = 100",MM23,9.5,13.5,PublicFinances1800-2023
1848.0,Land and Assessed Taxes,,5.0,5,PublicFinances1800-2023
1848.0,License fee receipts,DH7A,,-,PublicFinances1800-2023
1848.0,National Accounts Taxes,GCSU,,-,PublicFinances1800-2023
1848.0,National Insurance Contributions1,AIIH,,-,PublicFinances1800-2023
1848.0,"Nominal GDP (March-centred, £m)4","Nominal GDP (March-centred, £m)4",657.0,393,PublicFinances1800-2023
1848.0,Nominal GDP (£m)3,Nominal GDP (£m)3,651.0,355,PublicFinances1800-2023
1848.0,Other Central Government Receipts6,Residual,3.0,3,PublicFinances1800-2023
1848.0,Other Public Sector Spending10 ,,,-,PublicFinances1800-2023
1848.0,Other business taxes1,KIH3 + N43V,,-,PublicFinances1800-2023
1848.0,Other public sector taxes and receipts8,Residual,,-,PublicFinances1800-2023
1848.0,Petroleum Revenue tax (includes supplementary petroleum duty)3,ACCJ,,-,PublicFinances1800-2023
1848.0,Petroleum royalties3,,,-,PublicFinances1800-2023
1848.0,Public sector gross investment4,JW2Z + JW2S,,-,PublicFinances1800-2023
1848.0,"Public sector net borrowing
(PSNB)1","Public sector net borrowing
(PSNB)1",1.0,21,PublicFinances1800-2023
1848.0,Public sector net debt (PSND)2,Public sector net debt (PSND)2,831.0,508,PublicFinances1800-2023
1848.0,Social Security7,,,-,PublicFinances1800-2023
1848.0,Stamp duties,GTBC,7.0,3,PublicFinances1800-2023
1848.0,Total Central Government spending1,ANLP + ANNS + NSRN,59.0,50,PublicFinances1800-2023
1848.0,Unit,Source dataset ID,1848.0,1800,PublicFinances1800-2023
1848.0,VAT (Purchase tax prior to 1973)4,NZGF,,-,PublicFinances1800-2023
1848.0,Years,Years,,1800-01,PublicFinances1800-2023
1848.0,o/w non-pensioners,,,-,PublicFinances1800-2023
1848.0,o/w pensioners,,,-,PublicFinances1800-2023
1849.0,Business rates,CUKY,,-,PublicFinances1800-2023
1849.0,Capital Gains Tax1,MS62,,-,PublicFinances1800-2023
1849.0,Corporation tax (profits taxes prior to 1966-67)2,CPRN,,-,PublicFinances1800-2023
1849.0,Council Tax (community charge and domestic rates prior to 1993),NMHM,,-,PublicFinances1800-2023
1849.0,Current spending3,JW2Q,,-,PublicFinances1800-2023
1849.0,Custom and excise duties5,CUDG+GTAO+MF6V+ EKED+CDDZ+CWAA,37.0,18,PublicFinances1800-2023
1849.0,Death duties/Inheritance tax,ACCH,,-,PublicFinances1800-2023
1849.0,Debt Interest9,NMFX,29.0,14,PublicFinances1800-2023
1849.0,Defence5,,17.0,32,PublicFinances1800-2023
1849.0,Education8,,,-,PublicFinances1800-2023
1849.0,Energy profits levy,JIS6,,-,PublicFinances1800-2023
1849.0,Gas Levy3,,,-,PublicFinances1800-2023
1849.0,Health6,,,-,PublicFinances1800-2023
1849.0,Income tax1,LIBR-MS62,6.0,5,PublicFinances1800-2023
1849.0,"Index, base year = 100",MM23,8.9,13.5,PublicFinances1800-2023
1849.0,Land and Assessed Taxes,,5.0,5,PublicFinances1800-2023
1849.0,License fee receipts,DH7A,,-,PublicFinances1800-2023
1849.0,National Accounts Taxes,GCSU,,-,PublicFinances1800-2023
1849.0,National Insurance Contributions1,AIIH,,-,PublicFinances1800-2023
1849.0,"Nominal GDP (March-centred, £m)4","Nominal GDP (March-centred, £m)4",623.0,393,PublicFinances1800-2023
1849.0,Nominal GDP (£m)3,Nominal GDP (£m)3,648.0,355,PublicFinances1800-2023
1849.0,Other Central Government Receipts6,Residual,3.0,3,PublicFinances1800-2023
1849.0,Other Public Sector Spending10 ,,,-,PublicFinances1800-2023
1849.0,Other business taxes1,KIH3 + N43V,,-,PublicFinances1800-2023
1849.0,Other public sector taxes and receipts8,Residual,,-,PublicFinances1800-2023
1849.0,Petroleum Revenue tax (includes supplementary petroleum duty)3,ACCJ,,-,PublicFinances1800-2023
1849.0,Petroleum royalties3,,,-,PublicFinances1800-2023
1849.0,Public sector gross investment4,JW2Z + JW2S,,-,PublicFinances1800-2023
1849.0,"Public sector net borrowing
(PSNB)1","Public sector net borrowing
(PSNB)1",-2.0,21,PublicFinances1800-2023
1849.0,Public sector net debt (PSND)2,Public sector net debt (PSND)2,828.0,508,PublicFinances1800-2023
1849.0,Social Security7,,,-,PublicFinances1800-2023
1849.0,Stamp duties,GTBC,7.0,3,PublicFinances1800-2023
1849.0,Total Central Government spending1,ANLP + ANNS + NSRN,58.0,50,PublicFinances1800-2023
1849.0,Unit,Source dataset ID,1849.0,1800,PublicFinances1800-2023
1849.0,VAT (Purchase tax prior to 1973)4,NZGF,,-,PublicFinances1800-2023
1849.0,Years,Years,,1800-01,PublicFinances1800-2023
1849.0,o/w non-pensioners,,,-,PublicFinances1800-2023
1849.0,o/w pensioners,,,-,PublicFinances1800-2023
1850.0,Business rates,CUKY,,-,PublicFinances1800-2023
1850.0,Capital Gains Tax1,MS62,,-,PublicFinances1800-2023
1850.0,Corporation tax (profits taxes prior to 1966-67)2,CPRN,,-,PublicFinances1800-2023
1850.0,Council Tax (community charge and domestic rates prior to 1993),NMHM,,-,PublicFinances1800-2023
1850.0,Current spending3,JW2Q,,-,PublicFinances1800-2023
1850.0,Custom and excise duties5,CUDG+GTAO+MF6V+ EKED+CDDZ+CWAA,37.0,18,PublicFinances1800-2023
1850.0,Death duties/Inheritance tax,ACCH,,-,PublicFinances1800-2023
1850.0,Debt Interest9,NMFX,28.0,14,PublicFinances1800-2023
1850.0,Defence5,,15.0,32,PublicFinances1800-2023
1850.0,Education8,,,-,PublicFinances1800-2023
1850.0,Energy profits levy,JIS6,,-,PublicFinances1800-2023
1850.0,Gas Levy3,,,-,PublicFinances1800-2023
1850.0,Health6,,,-,PublicFinances1800-2023
1850.0,Income tax1,LIBR-MS62,5.0,5,PublicFinances1800-2023
1850.0,"Index, base year = 100",MM23,8.4,13.5,PublicFinances1800-2023
1850.0,Land and Assessed Taxes,,4.0,5,PublicFinances1800-2023
1850.0,License fee receipts,DH7A,,-,PublicFinances1800-2023
1850.0,National Accounts Taxes,GCSU,,-,PublicFinances1800-2023
1850.0,National Insurance Contributions1,AIIH,,-,PublicFinances1800-2023
1850.0,"Nominal GDP (March-centred, £m)4","Nominal GDP (March-centred, £m)4",624.0,393,PublicFinances1800-2023
1850.0,Nominal GDP (£m)3,Nominal GDP (£m)3,615.0,355,PublicFinances1800-2023
1850.0,Other Central Government Receipts6,Residual,3.0,3,PublicFinances1800-2023
1850.0,Other Public Sector Spending10 ,,,-,PublicFinances1800-2023
1850.0,Other business taxes1,KIH3 + N43V,,-,PublicFinances1800-2023
1850.0,Other public sector taxes and receipts8,Residual,,-,PublicFinances1800-2023
1850.0,Petroleum Revenue tax (includes supplementary petroleum duty)3,ACCJ,,-,PublicFinances1800-2023
1850.0,Petroleum royalties3,,,-,PublicFinances1800-2023
1850.0,Public sector gross investment4,JW2Z + JW2S,,-,PublicFinances1800-2023
1850.0,"Public sector net borrowing
(PSNB)1","Public sector net borrowing
(PSNB)1",-2.0,21,PublicFinances1800-2023
1850.0,Public sector net debt (PSND)2,Public sector net debt (PSND)2,822.0,508,PublicFinances1800-2023
1850.0,Social Security7,,,-,PublicFinances1800-2023
1850.0,Stamp duties,GTBC,7.0,3,PublicFinances1800-2023
1850.0,Total Central Government spending1,ANLP + ANNS + NSRN,55.0,50,PublicFinances1800-2023
1850.0,Unit,Source dataset ID,1850.0,1800,PublicFinances1800-2023
1850.0,VAT (Purchase tax prior to 1973)4,NZGF,,-,PublicFinances1800-2023
1850.0,Years,Years,,1800-01,PublicFinances1800-2023
1850.0,o/w non-pensioners,,,-,PublicFinances1800-2023
1850.0,o/w pensioners,,,-,PublicFinances1800-2023
1851.0,Business rates,CUKY,,-,PublicFinances1800-2023
1851.0,Capital Gains Tax1,MS62,,-,PublicFinances1800-2023
1851.0,Corporation tax (profits taxes prior to 1966-67)2,CPRN,,-,PublicFinances1800-2023
1851.0,Council Tax (community charge and domestic rates prior to 1993),NMHM,,-,PublicFinances1800-2023
1851.0,Current spending3,JW2Q,,-,PublicFinances1800-2023
1851.0,Custom and excise duties5,CUDG+GTAO+MF6V+ EKED+CDDZ+CWAA,37.0,18,PublicFinances1800-2023
1851.0,Death duties/Inheritance tax,ACCH,,-,PublicFinances1800-2023
1851.0,Debt Interest9,NMFX,28.0,14,PublicFinances1800-2023
1851.0,Defence5,,14.0,32,PublicFinances1800-2023
1851.0,Education8,,,-,PublicFinances1800-2023
1851.0,Energy profits levy,JIS6,,-,PublicFinances1800-2023
1851.0,Gas Levy3,,,-,PublicFinances1800-2023
1851.0,Health6,,,-,PublicFinances1800-2023
1851.0,Income tax1,LIBR-MS62,5.0,5,PublicFinances1800-2023
1851.0,"Index, base year = 100",MM23,8.1,13.5,PublicFinances1800-2023
1851.0,Land and Assessed Taxes,,4.0,5,PublicFinances1800-2023
1851.0,License fee receipts,DH7A,,-,PublicFinances1800-2023
1851.0,National Accounts Taxes,GCSU,,-,PublicFinances1800-2023
1851.0,National Insurance Contributions1,AIIH,,-,PublicFinances1800-2023
1851.0,"Nominal GDP (March-centred, £m)4","Nominal GDP (March-centred, £m)4",645.0,393,PublicFinances1800-2023
1851.0,Nominal GDP (£m)3,Nominal GDP (£m)3,633.0,355,PublicFinances1800-2023
1851.0,Other Central Government Receipts6,Residual,3.0,3,PublicFinances1800-2023
1851.0,Other Public Sector Spending10 ,,,-,PublicFinances1800-2023
1851.0,Other business taxes1,KIH3 + N43V,,-,PublicFinances1800-2023
1851.0,Other public sector taxes and receipts8,Residual,,-,PublicFinances1800-2023
1851.0,Petroleum Revenue tax (includes supplementary petroleum duty)3,ACCJ,,-,PublicFinances1800-2023
1851.0,Petroleum royalties3,,,-,PublicFinances1800-2023
1851.0,Public sector gross investment4,JW2Z + JW2S,,-,PublicFinances1800-2023
1851.0,"Public sector net borrowing
(PSNB)1","Public sector net borrowing
(PSNB)1",-2.0,21,PublicFinances1800-2023
1851.0,Public sector net debt (PSND)2,Public sector net debt (PSND)2,817.0,508,PublicFinances1800-2023
1851.0,Social Security7,,,-,PublicFinances1800-2023
1851.0,Stamp duties,GTBC,7.0,3,PublicFinances1800-2023
1851.0,Total Central Government spending1,ANLP + ANNS + NSRN,55.0,50,PublicFinances1800-2023
1851.0,Unit,Source dataset ID,1851.0,1800,PublicFinances1800-2023
1851.0,VAT (Purchase tax prior to 1973)4,NZGF,,-,PublicFinances1800-2023
1851.0,Years,Years,,1800-01,PublicFinances1800-2023
1851.0,o/w non-pensioners,,,-,PublicFinances1800-2023
1851.0,o/w pensioners,,,-,PublicFinances1800-2023
1852.0,Business rates,CUKY,,-,PublicFinances1800-2023
1852.0,Capital Gains Tax1,MS62,,-,PublicFinances1800-2023
1852.0,Corporation tax (profits taxes prior to 1966-67)2,CPRN,,-,PublicFinances1800-2023
1852.0,Council Tax (community charge and domestic rates prior to 1993),NMHM,,-,PublicFinances1800-2023
1852.0,Current spending3,JW2Q,,-,PublicFinances1800-2023
1852.0,Custom and excise duties5,CUDG+GTAO+MF6V+ EKED+CDDZ+CWAA,38.0,18,PublicFinances1800-2023
1852.0,Death duties/Inheritance tax,ACCH,,-,PublicFinances1800-2023
1852.0,Debt Interest9,NMFX,28.0,14,PublicFinances1800-2023
1852.0,Defence5,,14.0,32,PublicFinances1800-2023
1852.0,Education8,,,-,PublicFinances1800-2023
1852.0,Energy profits levy,JIS6,,-,PublicFinances1800-2023
1852.0,Gas Levy3,,,-,PublicFinances1800-2023
1852.0,Health6,,,-,PublicFinances1800-2023
1852.0,Income tax1,LIBR-MS62,6.0,5,PublicFinances1800-2023
1852.0,"Index, base year = 100",MM23,8.1,13.5,PublicFinances1800-2023
1852.0,Land and Assessed Taxes,,4.0,5,PublicFinances1800-2023
1852.0,License fee receipts,DH7A,,-,PublicFinances1800-2023
1852.0,National Accounts Taxes,GCSU,,-,PublicFinances1800-2023
1852.0,National Insurance Contributions1,AIIH,,-,PublicFinances1800-2023
1852.0,"Nominal GDP (March-centred, £m)4","Nominal GDP (March-centred, £m)4",708.0,393,PublicFinances1800-2023
1852.0,Nominal GDP (£m)3,Nominal GDP (£m)3,669.0,355,PublicFinances1800-2023
1852.0,Other Central Government Receipts6,Residual,3.0,3,PublicFinances1800-2023
1852.0,Other Public Sector Spending10 ,,,-,PublicFinances1800-2023
1852.0,Other business taxes1,KIH3 + N43V,,-,PublicFinances1800-2023
1852.0,Other public sector taxes and receipts8,Residual,,-,PublicFinances1800-2023
1852.0,Petroleum Revenue tax (includes supplementary petroleum duty)3,ACCJ,,-,PublicFinances1800-2023
1852.0,Petroleum royalties3,,,-,PublicFinances1800-2023
1852.0,Public sector gross investment4,JW2Z + JW2S,,-,PublicFinances1800-2023
1852.0,"Public sector net borrowing
(PSNB)1","Public sector net borrowing
(PSNB)1",-2.0,21,PublicFinances1800-2023
1852.0,Public sector net debt (PSND)2,Public sector net debt (PSND)2,811.0,508,PublicFinances1800-2023
1852.0,Social Security7,,,-,PublicFinances1800-2023
1852.0,Stamp duties,GTBC,7.0,3,PublicFinances1800-2023
1852.0,Total Central Government spending1,ANLP + ANNS + NSRN,54.0,50,PublicFinances1800-2023
1852.0,Unit,Source dataset ID,1852.0,1800,PublicFinances1800-2023
1852.0,VAT (Purchase tax prior to 1973)4,NZGF,,-,PublicFinances1800-2023
1852.0,Years,Years,,1800-01,PublicFinances1800-2023
1852.0,o/w non-pensioners,,,-,PublicFinances1800-2023
1852.0,o/w pensioners,,,-,PublicFinances1800-2023
1853.0,Business rates,CUKY,,-,PublicFinances1800-2023
1853.0,Capital Gains Tax1,MS62,,-,PublicFinances1800-2023
1853.0,Corporation tax (profits taxes prior to 1966-67)2,CPRN,,-,PublicFinances1800-2023
1853.0,Council Tax (community charge and domestic rates prior to 1993),NMHM,,-,PublicFinances1800-2023
1853.0,Current spending3,JW2Q,,-,PublicFinances1800-2023
1853.0,Custom and excise duties5,CUDG+GTAO+MF6V+ EKED+CDDZ+CWAA,37.0,18,PublicFinances1800-2023
1853.0,Death duties/Inheritance tax,ACCH,,-,PublicFinances1800-2023
1853.0,Debt Interest9,NMFX,28.0,14,PublicFinances1800-2023
1853.0,Defence5,,16.0,32,PublicFinances1800-2023
1853.0,Education8,,,-,PublicFinances1800-2023
1853.0,Energy profits levy,JIS6,,-,PublicFinances1800-2023
1853.0,Gas Levy3,,,-,PublicFinances1800-2023
1853.0,Health6,,,-,PublicFinances1800-2023
1853.0,Income tax1,LIBR-MS62,7.0,5,PublicFinances1800-2023
1853.0,"Index, base year = 100",MM23,8.9,13.5,PublicFinances1800-2023
1853.0,Land and Assessed Taxes,,3.0,5,PublicFinances1800-2023
1853.0,License fee receipts,DH7A,,-,PublicFinances1800-2023
1853.0,National Accounts Taxes,GCSU,,-,PublicFinances1800-2023
1853.0,National Insurance Contributions1,AIIH,,-,PublicFinances1800-2023
1853.0,"Nominal GDP (March-centred, £m)4","Nominal GDP (March-centred, £m)4",769.0,393,PublicFinances1800-2023
1853.0,Nominal GDP (£m)3,Nominal GDP (£m)3,741.0,355,PublicFinances1800-2023
1853.0,Other Central Government Receipts6,Residual,3.0,3,PublicFinances1800-2023
1853.0,Other Public Sector Spending10 ,,,-,PublicFinances1800-2023
1853.0,Other business taxes1,KIH3 + N43V,,-,PublicFinances1800-2023
1853.0,Other public sector taxes and receipts8,Residual,,-,PublicFinances1800-2023
1853.0,Petroleum Revenue tax (includes supplementary petroleum duty)3,ACCJ,,-,PublicFinances1800-2023
1853.0,Petroleum royalties3,,,-,PublicFinances1800-2023
1853.0,Public sector gross investment4,JW2Z + JW2S,,-,PublicFinances1800-2023
1853.0,"Public sector net borrowing
(PSNB)1","Public sector net borrowing
(PSNB)1",-1.0,21,PublicFinances1800-2023
1853.0,Public sector net debt (PSND)2,Public sector net debt (PSND)2,804.0,508,PublicFinances1800-2023
1853.0,Social Security7,,,-,PublicFinances1800-2023
1853.0,Stamp duties,GTBC,7.0,3,PublicFinances1800-2023
1853.0,Total Central Government spending1,ANLP + ANNS + NSRN,55.0,50,PublicFinances1800-2023
1853.0,Unit,Source dataset ID,1853.0,1800,PublicFinances1800-2023
1853.0,VAT (Purchase tax prior to 1973)4,NZGF,,-,PublicFinances1800-2023
1853.0,Years,Years,,1800-01,PublicFinances1800-2023
1853.0,o/w non-pensioners,,,-,PublicFinances1800-2023
1853.0,o/w pensioners,,,-,PublicFinances1800-2023
1854.0,Business rates,CUKY,,-,PublicFinances1800-2023
1854.0,Capital Gains Tax1,MS62,,-,PublicFinances1800-2023
1854.0,Corporation tax (profits taxes prior to 1966-67)2,CPRN,,-,PublicFinances1800-2023
1854.0,Council Tax (community charge and domestic rates prior to 1993),NMHM,,-,PublicFinances1800-2023
1854.0,Current spending3,JW2Q,,-,PublicFinances1800-2023
1854.0,Custom and excise duties5,CUDG+GTAO+MF6V+ EKED+CDDZ+CWAA,39.0,18,PublicFinances1800-2023
1854.0,Death duties/Inheritance tax,ACCH,,-,PublicFinances1800-2023
1854.0,Debt Interest9,NMFX,28.0,14,PublicFinances1800-2023
1854.0,Defence5,,17.0,32,PublicFinances1800-2023
1854.0,Education8,,,-,PublicFinances1800-2023
1854.0,Energy profits levy,JIS6,,-,PublicFinances1800-2023
1854.0,Gas Levy3,,,-,PublicFinances1800-2023
1854.0,Health6,,,-,PublicFinances1800-2023
1854.0,Income tax1,LIBR-MS62,11.0,5,PublicFinances1800-2023
1854.0,"Index, base year = 100",MM23,10.2,13.5,PublicFinances1800-2023
1854.0,Land and Assessed Taxes,,3.0,5,PublicFinances1800-2023
1854.0,License fee receipts,DH7A,,-,PublicFinances1800-2023
1854.0,National Accounts Taxes,GCSU,,-,PublicFinances1800-2023
1854.0,National Insurance Contributions1,AIIH,,-,PublicFinances1800-2023
1854.0,"Nominal GDP (March-centred, £m)4","Nominal GDP (March-centred, £m)4",787.0,393,PublicFinances1800-2023
1854.0,Nominal GDP (£m)3,Nominal GDP (£m)3,784.0,355,PublicFinances1800-2023
1854.0,Other Central Government Receipts6,Residual,2.0,3,PublicFinances1800-2023
1854.0,Other Public Sector Spending10 ,,,-,PublicFinances1800-2023
1854.0,Other business taxes1,KIH3 + N43V,,-,PublicFinances1800-2023
1854.0,Other public sector taxes and receipts8,Residual,,-,PublicFinances1800-2023
1854.0,Petroleum Revenue tax (includes supplementary petroleum duty)3,ACCJ,,-,PublicFinances1800-2023
1854.0,Petroleum royalties3,,,-,PublicFinances1800-2023
1854.0,Public sector gross investment4,JW2Z + JW2S,,-,PublicFinances1800-2023
1854.0,"Public sector net borrowing
(PSNB)1","Public sector net borrowing
(PSNB)1",9.0,21,PublicFinances1800-2023
1854.0,Public sector net debt (PSND)2,Public sector net debt (PSND)2,811.0,508,PublicFinances1800-2023
1854.0,Social Security7,,,-,PublicFinances1800-2023
1854.0,Stamp duties,GTBC,7.0,3,PublicFinances1800-2023
1854.0,Total Central Government spending1,ANLP + ANNS + NSRN,59.0,50,PublicFinances1800-2023
1854.0,Unit,Source dataset ID,1854.0,1800,PublicFinances1800-2023
1854.0,VAT (Purchase tax prior to 1973)4,NZGF,,-,PublicFinances1800-2023
1854.0,Years,Years,,1800-01,PublicFinances1800-2023
1854.0,o/w non-pensioners,,,-,PublicFinances1800-2023
1854.0,o/w pensioners,,,-,PublicFinances1800-2023
1855.0,Business rates,CUKY,,-,PublicFinances1800-2023
1855.0,Capital Gains Tax1,MS62,,-,PublicFinances1800-2023
1855.0,Corporation tax (profits taxes prior to 1966-67)2,CPRN,,-,PublicFinances1800-2023
1855.0,Council Tax (community charge and domestic rates prior to 1993),NMHM,,-,PublicFinances1800-2023
1855.0,Current spending3,JW2Q,,-,PublicFinances1800-2023
1855.0,Custom and excise duties5,CUDG+GTAO+MF6V+ EKED+CDDZ+CWAA,40.0,18,PublicFinances1800-2023
1855.0,Death duties/Inheritance tax,ACCH,,-,PublicFinances1800-2023
1855.0,Debt Interest9,NMFX,28.0,14,PublicFinances1800-2023
1855.0,Defence5,,41.0,32,PublicFinances1800-2023
1855.0,Education8,,,-,PublicFinances1800-2023
1855.0,Energy profits levy,JIS6,,-,PublicFinances1800-2023
1855.0,Gas Levy3,,,-,PublicFinances1800-2023
1855.0,Health6,,,-,PublicFinances1800-2023
1855.0,Income tax1,LIBR-MS62,15.0,5,PublicFinances1800-2023
1855.0,"Index, base year = 100",MM23,10.5,13.5,PublicFinances1800-2023
1855.0,Land and Assessed Taxes,,3.0,5,PublicFinances1800-2023
1855.0,License fee receipts,DH7A,,-,PublicFinances1800-2023
1855.0,National Accounts Taxes,GCSU,,-,PublicFinances1800-2023
1855.0,National Insurance Contributions1,AIIH,,-,PublicFinances1800-2023
1855.0,"Nominal GDP (March-centred, £m)4","Nominal GDP (March-centred, £m)4",819.0,393,PublicFinances1800-2023
1855.0,Nominal GDP (£m)3,Nominal GDP (£m)3,799.0,355,PublicFinances1800-2023
1855.0,Other Central Government Receipts6,Residual,4.0,3,PublicFinances1800-2023
1855.0,Other Public Sector Spending10 ,,,-,PublicFinances1800-2023
1855.0,Other business taxes1,KIH3 + N43V,,-,PublicFinances1800-2023
1855.0,Other public sector taxes and receipts8,Residual,,-,PublicFinances1800-2023
1855.0,Petroleum Revenue tax (includes supplementary petroleum duty)3,ACCJ,,-,PublicFinances1800-2023
1855.0,Petroleum royalties3,,,-,PublicFinances1800-2023
1855.0,Public sector gross investment4,JW2Z + JW2S,,-,PublicFinances1800-2023
1855.0,"Public sector net borrowing
(PSNB)1","Public sector net borrowing
(PSNB)1",17.0,21,PublicFinances1800-2023
1855.0,Public sector net debt (PSND)2,Public sector net debt (PSND)2,829.0,508,PublicFinances1800-2023
1855.0,Social Security7,,,-,PublicFinances1800-2023
1855.0,Stamp duties,GTBC,7.0,3,PublicFinances1800-2023
1855.0,Total Central Government spending1,ANLP + ANNS + NSRN,75.0,50,PublicFinances1800-2023
1855.0,Unit,Source dataset ID,1855.0,1800,PublicFinances1800-2023
1855.0,VAT (Purchase tax prior to 1973)4,NZGF,,-,PublicFinances1800-2023
1855.0,Years,Years,,1800-01,PublicFinances1800-2023
1855.0,o/w non-pensioners,,,-,PublicFinances1800-2023
1855.0,o/w pensioners,,,-,PublicFinances1800-2023
1856.0,Business rates,CUKY,,-,PublicFinances1800-2023
1856.0,Capital Gains Tax1,MS62,,-,PublicFinances1800-2023
1856.0,Corporation tax (profits taxes prior to 1966-67)2,CPRN,,-,PublicFinances1800-2023
1856.0,Council Tax (community charge and domestic rates prior to 1993),NMHM,,-,PublicFinances1800-2023
1856.0,Current spending3,JW2Q,,-,PublicFinances1800-2023
1856.0,Custom and excise duties5,CUDG+GTAO+MF6V+ EKED+CDDZ+CWAA,42.0,18,PublicFinances1800-2023
1856.0,Death duties/Inheritance tax,ACCH,,-,PublicFinances1800-2023
1856.0,Debt Interest9,NMFX,29.0,14,PublicFinances1800-2023
1856.0,Defence5,,34.0,32,PublicFinances1800-2023
1856.0,Education8,,,-,PublicFinances1800-2023
1856.0,Energy profits levy,JIS6,,-,PublicFinances1800-2023
1856.0,Gas Levy3,,,-,PublicFinances1800-2023
1856.0,Health6,,,-,PublicFinances1800-2023
1856.0,Income tax1,LIBR-MS62,16.0,5,PublicFinances1800-2023
1856.0,"Index, base year = 100",MM23,10.5,13.5,PublicFinances1800-2023
1856.0,Land and Assessed Taxes,,3.0,5,PublicFinances1800-2023
1856.0,License fee receipts,DH7A,,-,PublicFinances1800-2023
1856.0,National Accounts Taxes,GCSU,,-,PublicFinances1800-2023
1856.0,National Insurance Contributions1,AIIH,,-,PublicFinances1800-2023
1856.0,"Nominal GDP (March-centred, £m)4","Nominal GDP (March-centred, £m)4",823.0,393,PublicFinances1800-2023
1856.0,Nominal GDP (£m)3,Nominal GDP (£m)3,827.0,355,PublicFinances1800-2023
1856.0,Other Central Government Receipts6,Residual,4.0,3,PublicFinances1800-2023
1856.0,Other Public Sector Spending10 ,,,-,PublicFinances1800-2023
1856.0,Other business taxes1,KIH3 + N43V,,-,PublicFinances1800-2023
1856.0,Other public sector taxes and receipts8,Residual,,-,PublicFinances1800-2023
1856.0,Petroleum Revenue tax (includes supplementary petroleum duty)3,ACCJ,,-,PublicFinances1800-2023
1856.0,Petroleum royalties3,,,-,PublicFinances1800-2023
1856.0,Public sector gross investment4,JW2Z + JW2S,4.0,-,PublicFinances1800-2023
1856.0,"Public sector net borrowing
(PSNB)1","Public sector net borrowing
(PSNB)1",7.0,21,PublicFinances1800-2023
1856.0,Public sector net debt (PSND)2,Public sector net debt (PSND)2,835.0,508,PublicFinances1800-2023
1856.0,Social Security7,,,-,PublicFinances1800-2023
1856.0,Stamp duties,GTBC,7.0,3,PublicFinances1800-2023
1856.0,Total Central Government spending1,ANLP + ANNS + NSRN,89.0,50,PublicFinances1800-2023
1856.0,Unit,Source dataset ID,1856.0,1800,PublicFinances1800-2023
1856.0,VAT (Purchase tax prior to 1973)4,NZGF,,-,PublicFinances1800-2023
1856.0,Years,Years,,1800-01,PublicFinances1800-2023
1856.0,o/w non-pensioners,,,-,PublicFinances1800-2023
1856.0,o/w pensioners,,,-,PublicFinances1800-2023
1857.0,Business rates,CUKY,,-,PublicFinances1800-2023
1857.0,Capital Gains Tax1,MS62,,-,PublicFinances1800-2023
1857.0,Corporation tax (profits taxes prior to 1966-67)2,CPRN,,-,PublicFinances1800-2023
1857.0,Council Tax (community charge and domestic rates prior to 1993),NMHM,,-,PublicFinances1800-2023
1857.0,Current spending3,JW2Q,,-,PublicFinances1800-2023
1857.0,Custom and excise duties5,CUDG+GTAO+MF6V+ EKED+CDDZ+CWAA,41.0,18,PublicFinances1800-2023
1857.0,Death duties/Inheritance tax,ACCH,,-,PublicFinances1800-2023
1857.0,Debt Interest9,NMFX,29.0,14,PublicFinances1800-2023
1857.0,Defence5,,24.0,32,PublicFinances1800-2023
1857.0,Education8,,,-,PublicFinances1800-2023
1857.0,Energy profits levy,JIS6,,-,PublicFinances1800-2023
1857.0,Gas Levy3,,,-,PublicFinances1800-2023
1857.0,Health6,,,-,PublicFinances1800-2023
1857.0,Income tax1,LIBR-MS62,12.0,5,PublicFinances1800-2023
1857.0,"Index, base year = 100",MM23,10.0,13.5,PublicFinances1800-2023
1857.0,Land and Assessed Taxes,,3.0,5,PublicFinances1800-2023
1857.0,License fee receipts,DH7A,,-,PublicFinances1800-2023
1857.0,National Accounts Taxes,GCSU,,-,PublicFinances1800-2023
1857.0,National Insurance Contributions1,AIIH,,-,PublicFinances1800-2023
1857.0,"Nominal GDP (March-centred, £m)4","Nominal GDP (March-centred, £m)4",794.0,393,PublicFinances1800-2023
1857.0,Nominal GDP (£m)3,Nominal GDP (£m)3,812.0,355,PublicFinances1800-2023
1857.0,Other Central Government Receipts6,Residual,4.0,3,PublicFinances1800-2023
1857.0,Other Public Sector Spending10 ,,,-,PublicFinances1800-2023
1857.0,Other business taxes1,KIH3 + N43V,,-,PublicFinances1800-2023
1857.0,Other public sector taxes and receipts8,Residual,,-,PublicFinances1800-2023
1857.0,Petroleum Revenue tax (includes supplementary petroleum duty)3,ACCJ,,-,PublicFinances1800-2023
1857.0,Petroleum royalties3,,,-,PublicFinances1800-2023
1857.0,Public sector gross investment4,JW2Z + JW2S,4.0,-,PublicFinances1800-2023
1857.0,"Public sector net borrowing
(PSNB)1","Public sector net borrowing
(PSNB)1",2.0,21,PublicFinances1800-2023
1857.0,Public sector net debt (PSND)2,Public sector net debt (PSND)2,832.0,508,PublicFinances1800-2023
1857.0,Social Security7,,,-,PublicFinances1800-2023
1857.0,Stamp duties,GTBC,7.0,3,PublicFinances1800-2023
1857.0,Total Central Government spending1,ANLP + ANNS + NSRN,74.0,50,PublicFinances1800-2023
1857.0,Unit,Source dataset ID,1857.0,1800,PublicFinances1800-2023
1857.0,VAT (Purchase tax prior to 1973)4,NZGF,,-,PublicFinances1800-2023
1857.0,Years,Years,,1800-01,PublicFinances1800-2023
1857.0,o/w non-pensioners,,,-,PublicFinances1800-2023
1857.0,o/w pensioners,,,-,PublicFinances1800-2023
1858.0,Business rates,CUKY,,-,PublicFinances1800-2023
1858.0,Capital Gains Tax1,MS62,,-,PublicFinances1800-2023
1858.0,Corporation tax (profits taxes prior to 1966-67)2,CPRN,,-,PublicFinances1800-2023
1858.0,Council Tax (community charge and domestic rates prior to 1993),NMHM,,-,PublicFinances1800-2023
1858.0,Current spending3,JW2Q,,-,PublicFinances1800-2023
1858.0,Custom and excise duties5,CUDG+GTAO+MF6V+ EKED+CDDZ+CWAA,42.0,18,PublicFinances1800-2023
1858.0,Death duties/Inheritance tax,ACCH,,-,PublicFinances1800-2023
1858.0,Debt Interest9,NMFX,29.0,14,PublicFinances1800-2023
1858.0,Defence5,,22.0,32,PublicFinances1800-2023
1858.0,Education8,,,-,PublicFinances1800-2023
1858.0,Energy profits levy,JIS6,,-,PublicFinances1800-2023
1858.0,Gas Levy3,,,-,PublicFinances1800-2023
1858.0,Health6,,,-,PublicFinances1800-2023
1858.0,Income tax1,LIBR-MS62,7.0,5,PublicFinances1800-2023
1858.0,"Index, base year = 100",MM23,9.1,13.5,PublicFinances1800-2023
1858.0,Land and Assessed Taxes,,3.0,5,PublicFinances1800-2023
1858.0,License fee receipts,DH7A,,-,PublicFinances1800-2023
1858.0,National Accounts Taxes,GCSU,,-,PublicFinances1800-2023
1858.0,National Insurance Contributions1,AIIH,,-,PublicFinances1800-2023
1858.0,"Nominal GDP (March-centred, £m)4","Nominal GDP (March-centred, £m)4",826.0,393,PublicFinances1800-2023
1858.0,Nominal GDP (£m)3,Nominal GDP (£m)3,798.0,355,PublicFinances1800-2023
1858.0,Other Central Government Receipts6,Residual,4.0,3,PublicFinances1800-2023
1858.0,Other Public Sector Spending10 ,,,-,PublicFinances1800-2023
1858.0,Other business taxes1,KIH3 + N43V,,-,PublicFinances1800-2023
1858.0,Other public sector taxes and receipts8,Residual,,-,PublicFinances1800-2023
1858.0,Petroleum Revenue tax (includes supplementary petroleum duty)3,ACCJ,,-,PublicFinances1800-2023
1858.0,Petroleum royalties3,,,-,PublicFinances1800-2023
1858.0,Public sector gross investment4,JW2Z + JW2S,4.0,-,PublicFinances1800-2023
1858.0,"Public sector net borrowing
(PSNB)1","Public sector net borrowing
(PSNB)1",0.0,21,PublicFinances1800-2023
1858.0,Public sector net debt (PSND)2,Public sector net debt (PSND)2,828.0,508,PublicFinances1800-2023
1858.0,Social Security7,,,-,PublicFinances1800-2023
1858.0,Stamp duties,GTBC,8.0,3,PublicFinances1800-2023
1858.0,Total Central Government spending1,ANLP + ANNS + NSRN,67.0,50,PublicFinances1800-2023
1858.0,Unit,Source dataset ID,1858.0,1800,PublicFinances1800-2023
1858.0,VAT (Purchase tax prior to 1973)4,NZGF,,-,PublicFinances1800-2023
1858.0,Years,Years,,1800-01,PublicFinances1800-2023
1858.0,o/w non-pensioners,,,-,PublicFinances1800-2023
1858.0,o/w pensioners,,,-,PublicFinances1800-2023
1859.0,Business rates,CUKY,,-,PublicFinances1800-2023
1859.0,Capital Gains Tax1,MS62,,-,PublicFinances1800-2023
1859.0,Corporation tax (profits taxes prior to 1966-67)2,CPRN,,-,PublicFinances1800-2023
1859.0,Council Tax (community charge and domestic rates prior to 1993),NMHM,,-,PublicFinances1800-2023
1859.0,Current spending3,JW2Q,,-,PublicFinances1800-2023
1859.0,Custom and excise duties5,CUDG+GTAO+MF6V+ EKED+CDDZ+CWAA,44.0,18,PublicFinances1800-2023
1859.0,Death duties/Inheritance tax,ACCH,,-,PublicFinances1800-2023
1859.0,Debt Interest9,NMFX,29.0,14,PublicFinances1800-2023
1859.0,Defence5,,25.0,32,PublicFinances1800-2023
1859.0,Education8,,,-,PublicFinances1800-2023
1859.0,Energy profits levy,JIS6,,-,PublicFinances1800-2023
1859.0,Gas Levy3,,,-,PublicFinances1800-2023
1859.0,Health6,,,-,PublicFinances1800-2023
1859.0,Income tax1,LIBR-MS62,10.0,5,PublicFinances1800-2023
1859.0,"Index, base year = 100",MM23,9.0,13.5,PublicFinances1800-2023
1859.0,Land and Assessed Taxes,,3.0,5,PublicFinances1800-2023
1859.0,License fee receipts,DH7A,,-,PublicFinances1800-2023
1859.0,National Accounts Taxes,GCSU,,-,PublicFinances1800-2023
1859.0,National Insurance Contributions1,AIIH,,-,PublicFinances1800-2023
1859.0,"Nominal GDP (March-centred, £m)4","Nominal GDP (March-centred, £m)4",852.0,393,PublicFinances1800-2023
1859.0,Nominal GDP (£m)3,Nominal GDP (£m)3,844.0,355,PublicFinances1800-2023
1859.0,Other Central Government Receipts6,Residual,5.0,3,PublicFinances1800-2023
1859.0,Other Public Sector Spending10 ,,,-,PublicFinances1800-2023
1859.0,Other business taxes1,KIH3 + N43V,,-,PublicFinances1800-2023
1859.0,Other public sector taxes and receipts8,Residual,,-,PublicFinances1800-2023
1859.0,Petroleum Revenue tax (includes supplementary petroleum duty)3,ACCJ,,-,PublicFinances1800-2023
1859.0,Petroleum royalties3,,,-,PublicFinances1800-2023
1859.0,Public sector gross investment4,JW2Z + JW2S,5.0,-,PublicFinances1800-2023
1859.0,"Public sector net borrowing
(PSNB)1","Public sector net borrowing
(PSNB)1",0.0,21,PublicFinances1800-2023
1859.0,Public sector net debt (PSND)2,Public sector net debt (PSND)2,824.0,508,PublicFinances1800-2023
1859.0,Social Security7,,,-,PublicFinances1800-2023
1859.0,Stamp duties,GTBC,8.0,3,PublicFinances1800-2023
1859.0,Total Central Government spending1,ANLP + ANNS + NSRN,66.0,50,PublicFinances1800-2023
1859.0,Unit,Source dataset ID,1859.0,1800,PublicFinances1800-2023
1859.0,VAT (Purchase tax prior to 1973)4,NZGF,,-,PublicFinances1800-2023
1859.0,Years,Years,,1800-01,PublicFinances1800-2023
1859.0,o/w non-pensioners,,,-,PublicFinances1800-2023
1859.0,o/w pensioners,,,-,PublicFinances1800-2023
1860.0,Business rates,CUKY,,-,PublicFinances1800-2023
1860.0,Capital Gains Tax1,MS62,,-,PublicFinances1800-2023
1860.0,Corporation tax (profits taxes prior to 1966-67)2,CPRN,,-,PublicFinances1800-2023
1860.0,Council Tax (community charge and domestic rates prior to 1993),NMHM,,-,PublicFinances1800-2023
1860.0,Current spending3,JW2Q,,-,PublicFinances1800-2023
1860.0,Custom and excise duties5,CUDG+GTAO+MF6V+ EKED+CDDZ+CWAA,42.0,18,PublicFinances1800-2023
1860.0,Death duties/Inheritance tax,ACCH,,-,PublicFinances1800-2023
1860.0,Debt Interest9,NMFX,26.0,14,PublicFinances1800-2023
1860.0,Defence5,,28.0,32,PublicFinances1800-2023
1860.0,Education8,,,-,PublicFinances1800-2023
1860.0,Energy profits levy,JIS6,,-,PublicFinances1800-2023
1860.0,Gas Levy3,,,-,PublicFinances1800-2023
1860.0,Health6,,,-,PublicFinances1800-2023
1860.0,Income tax1,LIBR-MS62,11.0,5,PublicFinances1800-2023
1860.0,"Index, base year = 100",MM23,9.3,13.5,PublicFinances1800-2023
1860.0,Land and Assessed Taxes,,3.0,5,PublicFinances1800-2023
1860.0,License fee receipts,DH7A,,-,PublicFinances1800-2023
1860.0,National Accounts Taxes,GCSU,,-,PublicFinances1800-2023
1860.0,National Insurance Contributions1,AIIH,,-,PublicFinances1800-2023
1860.0,"Nominal GDP (March-centred, £m)4","Nominal GDP (March-centred, £m)4",880.0,393,PublicFinances1800-2023
1860.0,Nominal GDP (£m)3,Nominal GDP (£m)3,864.0,355,PublicFinances1800-2023
1860.0,Other Central Government Receipts6,Residual,5.0,3,PublicFinances1800-2023
1860.0,Other Public Sector Spending10 ,,,-,PublicFinances1800-2023
1860.0,Other business taxes1,KIH3 + N43V,,-,PublicFinances1800-2023
1860.0,Other public sector taxes and receipts8,Residual,,-,PublicFinances1800-2023
1860.0,Petroleum Revenue tax (includes supplementary petroleum duty)3,ACCJ,,-,PublicFinances1800-2023
1860.0,Petroleum royalties3,,,-,PublicFinances1800-2023
1860.0,Public sector gross investment4,JW2Z + JW2S,5.0,-,PublicFinances1800-2023
1860.0,"Public sector net borrowing
(PSNB)1","Public sector net borrowing
(PSNB)1",3.0,21,PublicFinances1800-2023
1860.0,Public sector net debt (PSND)2,Public sector net debt (PSND)2,822.0,508,PublicFinances1800-2023
1860.0,Social Security7,,,-,PublicFinances1800-2023
1860.0,Stamp duties,GTBC,8.0,3,PublicFinances1800-2023
1860.0,Total Central Government spending1,ANLP + ANNS + NSRN,70.0,50,PublicFinances1800-2023
1860.0,Unit,Source dataset ID,1860.0,1800,PublicFinances1800-2023
1860.0,VAT (Purchase tax prior to 1973)4,NZGF,,-,PublicFinances1800-2023
1860.0,Years,Years,,1800-01,PublicFinances1800-2023
1860.0,o/w non-pensioners,,,-,PublicFinances1800-2023
1860.0,o/w pensioners,,,-,PublicFinances1800-2023
1861.0,Business rates,CUKY,,-,PublicFinances1800-2023
1861.0,Capital Gains Tax1,MS62,,-,PublicFinances1800-2023
1861.0,Corporation tax (profits taxes prior to 1966-67)2,CPRN,,-,PublicFinances1800-2023
1861.0,Council Tax (community charge and domestic rates prior to 1993),NMHM,,-,PublicFinances1800-2023
1861.0,Current spending3,JW2Q,,-,PublicFinances1800-2023
1861.0,Custom and excise duties5,CUDG+GTAO+MF6V+ EKED+CDDZ+CWAA,42.0,18,PublicFinances1800-2023
1861.0,Death duties/Inheritance tax,ACCH,,-,PublicFinances1800-2023
1861.0,Debt Interest9,NMFX,26.0,14,PublicFinances1800-2023
1861.0,Defence5,,29.0,32,PublicFinances1800-2023
1861.0,Education8,,,-,PublicFinances1800-2023
1861.0,Energy profits levy,JIS6,,-,PublicFinances1800-2023
1861.0,Gas Levy3,,,-,PublicFinances1800-2023
1861.0,Health6,,,-,PublicFinances1800-2023
1861.0,Income tax1,LIBR-MS62,10.0,5,PublicFinances1800-2023
1861.0,"Index, base year = 100",MM23,9.5,13.5,PublicFinances1800-2023
1861.0,Land and Assessed Taxes,,3.0,5,PublicFinances1800-2023
1861.0,License fee receipts,DH7A,,-,PublicFinances1800-2023
1861.0,National Accounts Taxes,GCSU,,-,PublicFinances1800-2023
1861.0,National Insurance Contributions1,AIIH,,-,PublicFinances1800-2023
1861.0,"Nominal GDP (March-centred, £m)4","Nominal GDP (March-centred, £m)4",890.0,393,PublicFinances1800-2023
1861.0,Nominal GDP (£m)3,Nominal GDP (£m)3,889.0,355,PublicFinances1800-2023
1861.0,Other Central Government Receipts6,Residual,5.0,3,PublicFinances1800-2023
1861.0,Other Public Sector Spending10 ,,,-,PublicFinances1800-2023
1861.0,Other business taxes1,KIH3 + N43V,,-,PublicFinances1800-2023
1861.0,Other public sector taxes and receipts8,Residual,,-,PublicFinances1800-2023
1861.0,Petroleum Revenue tax (includes supplementary petroleum duty)3,ACCJ,,-,PublicFinances1800-2023
1861.0,Petroleum royalties3,,,-,PublicFinances1800-2023
1861.0,Public sector gross investment4,JW2Z + JW2S,5.0,-,PublicFinances1800-2023
1861.0,"Public sector net borrowing
(PSNB)1","Public sector net borrowing
(PSNB)1",3.0,21,PublicFinances1800-2023
1861.0,Public sector net debt (PSND)2,Public sector net debt (PSND)2,821.0,508,PublicFinances1800-2023
1861.0,Social Security7,,,-,PublicFinances1800-2023
1861.0,Stamp duties,GTBC,9.0,3,PublicFinances1800-2023
1861.0,Total Central Government spending1,ANLP + ANNS + NSRN,73.0,50,PublicFinances1800-2023
1861.0,Unit,Source dataset ID,1861.0,1800,PublicFinances1800-2023
1861.0,VAT (Purchase tax prior to 1973)4,NZGF,,-,PublicFinances1800-2023
1861.0,Years,Years,,1800-01,PublicFinances1800-2023
1861.0,o/w non-pensioners,,,-,PublicFinances1800-2023
1861.0,o/w pensioners,,,-,PublicFinances1800-2023
1862.0,Business rates,CUKY,,-,PublicFinances1800-2023
1862.0,Capital Gains Tax1,MS62,,-,PublicFinances1800-2023
1862.0,Corporation tax (profits taxes prior to 1966-67)2,CPRN,,-,PublicFinances1800-2023
1862.0,Council Tax (community charge and domestic rates prior to 1993),NMHM,,-,PublicFinances1800-2023
1862.0,Current spending3,JW2Q,,-,PublicFinances1800-2023
1862.0,Custom and excise duties5,CUDG+GTAO+MF6V+ EKED+CDDZ+CWAA,41.0,18,PublicFinances1800-2023
1862.0,Death duties/Inheritance tax,ACCH,,-,PublicFinances1800-2023
1862.0,Debt Interest9,NMFX,26.0,14,PublicFinances1800-2023
1862.0,Defence5,,28.0,32,PublicFinances1800-2023
1862.0,Education8,,,-,PublicFinances1800-2023
1862.0,Energy profits levy,JIS6,,-,PublicFinances1800-2023
1862.0,Gas Levy3,,,-,PublicFinances1800-2023
1862.0,Health6,,,-,PublicFinances1800-2023
1862.0,Income tax1,LIBR-MS62,11.0,5,PublicFinances1800-2023
1862.0,"Index, base year = 100",MM23,9.3,13.5,PublicFinances1800-2023
1862.0,Land and Assessed Taxes,,3.0,5,PublicFinances1800-2023
1862.0,License fee receipts,DH7A,,-,PublicFinances1800-2023
1862.0,National Accounts Taxes,GCSU,,-,PublicFinances1800-2023
1862.0,National Insurance Contributions1,AIIH,,-,PublicFinances1800-2023
1862.0,"Nominal GDP (March-centred, £m)4","Nominal GDP (March-centred, £m)4",946.0,393,PublicFinances1800-2023
1862.0,Nominal GDP (£m)3,Nominal GDP (£m)3,909.0,355,PublicFinances1800-2023
1862.0,Other Central Government Receipts6,Residual,5.0,3,PublicFinances1800-2023
1862.0,Other Public Sector Spending10 ,,,-,PublicFinances1800-2023
1862.0,Other business taxes1,KIH3 + N43V,,-,PublicFinances1800-2023
1862.0,Other public sector taxes and receipts8,Residual,,-,PublicFinances1800-2023
1862.0,Petroleum Revenue tax (includes supplementary petroleum duty)3,ACCJ,,-,PublicFinances1800-2023
1862.0,Petroleum royalties3,,,-,PublicFinances1800-2023
1862.0,Public sector gross investment4,JW2Z + JW2S,5.0,-,PublicFinances1800-2023
1862.0,"Public sector net borrowing
(PSNB)1","Public sector net borrowing
(PSNB)1",1.0,21,PublicFinances1800-2023
1862.0,Public sector net debt (PSND)2,Public sector net debt (PSND)2,821.0,508,PublicFinances1800-2023
1862.0,Social Security7,,,-,PublicFinances1800-2023
1862.0,Stamp duties,GTBC,9.0,3,PublicFinances1800-2023
1862.0,Total Central Government spending1,ANLP + ANNS + NSRN,72.0,50,PublicFinances1800-2023
1862.0,Unit,Source dataset ID,1862.0,1800,PublicFinances1800-2023
1862.0,VAT (Purchase tax prior to 1973)4,NZGF,,-,PublicFinances1800-2023
1862.0,Years,Years,,1800-01,PublicFinances1800-2023
1862.0,o/w non-pensioners,,,-,PublicFinances1800-2023
1862.0,o/w pensioners,,,-,PublicFinances1800-2023
1863.0,Business rates,CUKY,,-,PublicFinances1800-2023
1863.0,Capital Gains Tax1,MS62,,-,PublicFinances1800-2023
1863.0,Corporation tax (profits taxes prior to 1966-67)2,CPRN,,-,PublicFinances1800-2023
1863.0,Council Tax (community charge and domestic rates prior to 1993),NMHM,,-,PublicFinances1800-2023
1863.0,Current spending3,JW2Q,,-,PublicFinances1800-2023
1863.0,Custom and excise duties5,CUDG+GTAO+MF6V+ EKED+CDDZ+CWAA,41.0,18,PublicFinances1800-2023
1863.0,Death duties/Inheritance tax,ACCH,,-,PublicFinances1800-2023
1863.0,Debt Interest9,NMFX,26.0,14,PublicFinances1800-2023
1863.0,Defence5,,27.0,32,PublicFinances1800-2023
1863.0,Education8,,,-,PublicFinances1800-2023
1863.0,Energy profits levy,JIS6,,-,PublicFinances1800-2023
1863.0,Gas Levy3,,,-,PublicFinances1800-2023
1863.0,Health6,,,-,PublicFinances1800-2023
1863.0,Income tax1,LIBR-MS62,9.0,5,PublicFinances1800-2023
1863.0,"Index, base year = 100",MM23,9.0,13.5,PublicFinances1800-2023
1863.0,Land and Assessed Taxes,,3.0,5,PublicFinances1800-2023
1863.0,License fee receipts,DH7A,,-,PublicFinances1800-2023
1863.0,National Accounts Taxes,GCSU,,-,PublicFinances1800-2023
1863.0,National Insurance Contributions1,AIIH,,-,PublicFinances1800-2023
1863.0,"Nominal GDP (March-centred, £m)4","Nominal GDP (March-centred, £m)4",1000.0,393,PublicFinances1800-2023
1863.0,Nominal GDP (£m)3,Nominal GDP (£m)3,976.0,355,PublicFinances1800-2023
1863.0,Other Central Government Receipts6,Residual,6.0,3,PublicFinances1800-2023
1863.0,Other Public Sector Spending10 ,,,-,PublicFinances1800-2023
1863.0,Other business taxes1,KIH3 + N43V,,-,PublicFinances1800-2023
1863.0,Other public sector taxes and receipts8,Residual,,-,PublicFinances1800-2023
1863.0,Petroleum Revenue tax (includes supplementary petroleum duty)3,ACCJ,,-,PublicFinances1800-2023
1863.0,Petroleum royalties3,,,-,PublicFinances1800-2023
1863.0,Public sector gross investment4,JW2Z + JW2S,5.0,-,PublicFinances1800-2023
1863.0,"Public sector net borrowing
(PSNB)1","Public sector net borrowing
(PSNB)1",0.0,21,PublicFinances1800-2023
1863.0,Public sector net debt (PSND)2,Public sector net debt (PSND)2,817.0,508,PublicFinances1800-2023
1863.0,Social Security7,,,-,PublicFinances1800-2023
1863.0,Stamp duties,GTBC,9.0,3,PublicFinances1800-2023
1863.0,Total Central Government spending1,ANLP + ANNS + NSRN,70.0,50,PublicFinances1800-2023
1863.0,Unit,Source dataset ID,1863.0,1800,PublicFinances1800-2023
1863.0,VAT (Purchase tax prior to 1973)4,NZGF,,-,PublicFinances1800-2023
1863.0,Years,Years,,1800-01,PublicFinances1800-2023
1863.0,o/w non-pensioners,,,-,PublicFinances1800-2023
1863.0,o/w pensioners,,,-,PublicFinances1800-2023
1864.0,Business rates,CUKY,,-,PublicFinances1800-2023
1864.0,Capital Gains Tax1,MS62,,-,PublicFinances1800-2023
1864.0,Corporation tax (profits taxes prior to 1966-67)2,CPRN,,-,PublicFinances1800-2023
1864.0,Council Tax (community charge and domestic rates prior to 1993),NMHM,,-,PublicFinances1800-2023
1864.0,Current spending3,JW2Q,,-,PublicFinances1800-2023
1864.0,Custom and excise duties5,CUDG+GTAO+MF6V+ EKED+CDDZ+CWAA,43.0,18,PublicFinances1800-2023
1864.0,Death duties/Inheritance tax,ACCH,,-,PublicFinances1800-2023
1864.0,Debt Interest9,NMFX,26.0,14,PublicFinances1800-2023
1864.0,Defence5,,26.0,32,PublicFinances1800-2023
1864.0,Education8,,,-,PublicFinances1800-2023
1864.0,Energy profits levy,JIS6,,-,PublicFinances1800-2023
1864.0,Gas Levy3,,,-,PublicFinances1800-2023
1864.0,Health6,,,-,PublicFinances1800-2023
1864.0,Income tax1,LIBR-MS62,8.0,5,PublicFinances1800-2023
1864.0,"Index, base year = 100",MM23,8.9,13.5,PublicFinances1800-2023
1864.0,Land and Assessed Taxes,,3.0,5,PublicFinances1800-2023
1864.0,License fee receipts,DH7A,,-,PublicFinances1800-2023
1864.0,National Accounts Taxes,GCSU,,-,PublicFinances1800-2023
1864.0,National Insurance Contributions1,AIIH,,-,PublicFinances1800-2023
1864.0,"Nominal GDP (March-centred, £m)4","Nominal GDP (March-centred, £m)4",1024.0,393,PublicFinances1800-2023
1864.0,Nominal GDP (£m)3,Nominal GDP (£m)3,1016.0,355,PublicFinances1800-2023
1864.0,Other Central Government Receipts6,Residual,5.0,3,PublicFinances1800-2023
1864.0,Other Public Sector Spending10 ,,,-,PublicFinances1800-2023
1864.0,Other business taxes1,KIH3 + N43V,,-,PublicFinances1800-2023
1864.0,Other public sector taxes and receipts8,Residual,,-,PublicFinances1800-2023
1864.0,Petroleum Revenue tax (includes supplementary petroleum duty)3,ACCJ,,-,PublicFinances1800-2023
1864.0,Petroleum royalties3,,,-,PublicFinances1800-2023
1864.0,Public sector gross investment4,JW2Z + JW2S,6.0,-,PublicFinances1800-2023
1864.0,"Public sector net borrowing
(PSNB)1","Public sector net borrowing
(PSNB)1",-1.0,21,PublicFinances1800-2023
1864.0,Public sector net debt (PSND)2,Public sector net debt (PSND)2,812.0,508,PublicFinances1800-2023
1864.0,Social Security7,,,-,PublicFinances1800-2023
1864.0,Stamp duties,GTBC,10.0,3,PublicFinances1800-2023
1864.0,Total Central Government spending1,ANLP + ANNS + NSRN,68.0,50,PublicFinances1800-2023
1864.0,Unit,Source dataset ID,1864.0,1800,PublicFinances1800-2023
1864.0,VAT (Purchase tax prior to 1973)4,NZGF,,-,PublicFinances1800-2023
1864.0,Years,Years,,1800-01,PublicFinances1800-2023
1864.0,o/w non-pensioners,,,-,PublicFinances1800-2023
1864.0,o/w pensioners,,,-,PublicFinances1800-2023
1865.0,Business rates,CUKY,,-,PublicFinances1800-2023
1865.0,Capital Gains Tax1,MS62,,-,PublicFinances1800-2023
1865.0,Corporation tax (profits taxes prior to 1966-67)2,CPRN,,-,PublicFinances1800-2023
1865.0,Council Tax (community charge and domestic rates prior to 1993),NMHM,,-,PublicFinances1800-2023
1865.0,Current spending3,JW2Q,,-,PublicFinances1800-2023
1865.0,Custom and excise duties5,CUDG+GTAO+MF6V+ EKED+CDDZ+CWAA,41.0,18,PublicFinances1800-2023
1865.0,Death duties/Inheritance tax,ACCH,,-,PublicFinances1800-2023
1865.0,Debt Interest9,NMFX,26.0,14,PublicFinances1800-2023
1865.0,Defence5,,25.0,32,PublicFinances1800-2023
1865.0,Education8,,,-,PublicFinances1800-2023
1865.0,Energy profits levy,JIS6,,-,PublicFinances1800-2023
1865.0,Gas Levy3,,,-,PublicFinances1800-2023
1865.0,Health6,,,-,PublicFinances1800-2023
1865.0,Income tax1,LIBR-MS62,6.0,5,PublicFinances1800-2023
1865.0,"Index, base year = 100",MM23,9.0,13.5,PublicFinances1800-2023
1865.0,Land and Assessed Taxes,,3.0,5,PublicFinances1800-2023
1865.0,License fee receipts,DH7A,,-,PublicFinances1800-2023
1865.0,National Accounts Taxes,GCSU,,-,PublicFinances1800-2023
1865.0,National Insurance Contributions1,AIIH,,-,PublicFinances1800-2023
1865.0,"Nominal GDP (March-centred, £m)4","Nominal GDP (March-centred, £m)4",1053.0,393,PublicFinances1800-2023
1865.0,Nominal GDP (£m)3,Nominal GDP (£m)3,1037.0,355,PublicFinances1800-2023
1865.0,Other Central Government Receipts6,Residual,6.0,3,PublicFinances1800-2023
1865.0,Other Public Sector Spending10 ,,,-,PublicFinances1800-2023
1865.0,Other business taxes1,KIH3 + N43V,,-,PublicFinances1800-2023
1865.0,Other public sector taxes and receipts8,Residual,,-,PublicFinances1800-2023
1865.0,Petroleum Revenue tax (includes supplementary petroleum duty)3,ACCJ,,-,PublicFinances1800-2023
1865.0,Petroleum royalties3,,,-,PublicFinances1800-2023
1865.0,Public sector gross investment4,JW2Z + JW2S,7.0,-,PublicFinances1800-2023
1865.0,"Public sector net borrowing
(PSNB)1","Public sector net borrowing
(PSNB)1",0.0,21,PublicFinances1800-2023
1865.0,Public sector net debt (PSND)2,Public sector net debt (PSND)2,805.0,508,PublicFinances1800-2023
1865.0,Social Security7,,,-,PublicFinances1800-2023
1865.0,Stamp duties,GTBC,10.0,3,PublicFinances1800-2023
1865.0,Total Central Government spending1,ANLP + ANNS + NSRN,67.0,50,PublicFinances1800-2023
1865.0,Unit,Source dataset ID,1865.0,1800,PublicFinances1800-2023
1865.0,VAT (Purchase tax prior to 1973)4,NZGF,,-,PublicFinances1800-2023
1865.0,Years,Years,,1800-01,PublicFinances1800-2023
1865.0,o/w non-pensioners,,,-,PublicFinances1800-2023
1865.0,o/w pensioners,,,-,PublicFinances1800-2023
1866.0,Business rates,CUKY,,-,PublicFinances1800-2023
1866.0,Capital Gains Tax1,MS62,,-,PublicFinances1800-2023
1866.0,Corporation tax (profits taxes prior to 1966-67)2,CPRN,,-,PublicFinances1800-2023
1866.0,Council Tax (community charge and domestic rates prior to 1993),NMHM,,-,PublicFinances1800-2023
1866.0,Current spending3,JW2Q,,-,PublicFinances1800-2023
1866.0,Custom and excise duties5,CUDG+GTAO+MF6V+ EKED+CDDZ+CWAA,43.0,18,PublicFinances1800-2023
1866.0,Death duties/Inheritance tax,ACCH,,-,PublicFinances1800-2023
1866.0,Debt Interest9,NMFX,26.0,14,PublicFinances1800-2023
1866.0,Defence5,,26.0,32,PublicFinances1800-2023
1866.0,Education8,,,-,PublicFinances1800-2023
1866.0,Energy profits levy,JIS6,,-,PublicFinances1800-2023
1866.0,Gas Levy3,,,-,PublicFinances1800-2023
1866.0,Health6,,,-,PublicFinances1800-2023
1866.0,Income tax1,LIBR-MS62,6.0,5,PublicFinances1800-2023
1866.0,"Index, base year = 100",MM23,9.5,13.5,PublicFinances1800-2023
1866.0,Land and Assessed Taxes,,4.0,5,PublicFinances1800-2023
1866.0,License fee receipts,DH7A,,-,PublicFinances1800-2023
1866.0,National Accounts Taxes,GCSU,,-,PublicFinances1800-2023
1866.0,National Insurance Contributions1,AIIH,,-,PublicFinances1800-2023
1866.0,"Nominal GDP (March-centred, £m)4","Nominal GDP (March-centred, £m)4",1056.0,393,PublicFinances1800-2023
1866.0,Nominal GDP (£m)3,Nominal GDP (£m)3,1059.0,355,PublicFinances1800-2023
1866.0,Other Central Government Receipts6,Residual,6.0,3,PublicFinances1800-2023
1866.0,Other Public Sector Spending10 ,,,-,PublicFinances1800-2023
1866.0,Other business taxes1,KIH3 + N43V,,-,PublicFinances1800-2023
1866.0,Other public sector taxes and receipts8,Residual,,-,PublicFinances1800-2023
1866.0,Petroleum Revenue tax (includes supplementary petroleum duty)3,ACCJ,,-,PublicFinances1800-2023
1866.0,Petroleum royalties3,,,-,PublicFinances1800-2023
1866.0,Public sector gross investment4,JW2Z + JW2S,7.0,-,PublicFinances1800-2023
1866.0,"Public sector net borrowing
(PSNB)1","Public sector net borrowing
(PSNB)1",0.0,21,PublicFinances1800-2023
1866.0,Public sector net debt (PSND)2,Public sector net debt (PSND)2,801.0,508,PublicFinances1800-2023
1866.0,Social Security7,,,-,PublicFinances1800-2023
1866.0,Stamp duties,GTBC,9.0,3,PublicFinances1800-2023
1866.0,Total Central Government spending1,ANLP + ANNS + NSRN,67.0,50,PublicFinances1800-2023
1866.0,Unit,Source dataset ID,1866.0,1800,PublicFinances1800-2023
1866.0,VAT (Purchase tax prior to 1973)4,NZGF,,-,PublicFinances1800-2023
1866.0,Years,Years,,1800-01,PublicFinances1800-2023
1866.0,o/w non-pensioners,,,-,PublicFinances1800-2023
1866.0,o/w pensioners,,,-,PublicFinances1800-2023
1867.0,Business rates,CUKY,,-,PublicFinances1800-2023
1867.0,Capital Gains Tax1,MS62,,-,PublicFinances1800-2023
1867.0,Corporation tax (profits taxes prior to 1966-67)2,CPRN,,-,PublicFinances1800-2023
1867.0,Council Tax (community charge and domestic rates prior to 1993),NMHM,,-,PublicFinances1800-2023
1867.0,Current spending3,JW2Q,,-,PublicFinances1800-2023
1867.0,Custom and excise duties5,CUDG+GTAO+MF6V+ EKED+CDDZ+CWAA,43.0,18,PublicFinances1800-2023
1867.0,Death duties/Inheritance tax,ACCH,,-,PublicFinances1800-2023
1867.0,Debt Interest9,NMFX,27.0,14,PublicFinances1800-2023
1867.0,Defence5,,27.0,32,PublicFinances1800-2023
1867.0,Education8,,,-,PublicFinances1800-2023
1867.0,Energy profits levy,JIS6,,-,PublicFinances1800-2023
1867.0,Gas Levy3,,,-,PublicFinances1800-2023
1867.0,Health6,,,-,PublicFinances1800-2023
1867.0,Income tax1,LIBR-MS62,6.0,5,PublicFinances1800-2023
1867.0,"Index, base year = 100",MM23,10.1,13.5,PublicFinances1800-2023
1867.0,Land and Assessed Taxes,,4.0,5,PublicFinances1800-2023
1867.0,License fee receipts,DH7A,,-,PublicFinances1800-2023
1867.0,National Accounts Taxes,GCSU,,-,PublicFinances1800-2023
1867.0,National Insurance Contributions1,AIIH,,-,PublicFinances1800-2023
1867.0,"Nominal GDP (March-centred, £m)4","Nominal GDP (March-centred, £m)4",1061.0,393,PublicFinances1800-2023
1867.0,Nominal GDP (£m)3,Nominal GDP (£m)3,1056.0,355,PublicFinances1800-2023
1867.0,Other Central Government Receipts6,Residual,6.0,3,PublicFinances1800-2023
1867.0,Other Public Sector Spending10 ,,,-,PublicFinances1800-2023
1867.0,Other business taxes1,KIH3 + N43V,,-,PublicFinances1800-2023
1867.0,Other public sector taxes and receipts8,Residual,,-,PublicFinances1800-2023
1867.0,Petroleum Revenue tax (includes supplementary petroleum duty)3,ACCJ,,-,PublicFinances1800-2023
1867.0,Petroleum royalties3,,,-,PublicFinances1800-2023
1867.0,Public sector gross investment4,JW2Z + JW2S,6.0,-,PublicFinances1800-2023
1867.0,"Public sector net borrowing
(PSNB)1","Public sector net borrowing
(PSNB)1",3.0,21,PublicFinances1800-2023
1867.0,Public sector net debt (PSND)2,Public sector net debt (PSND)2,798.0,508,PublicFinances1800-2023
1867.0,Social Security7,,,-,PublicFinances1800-2023
1867.0,Stamp duties,GTBC,10.0,3,PublicFinances1800-2023
1867.0,Total Central Government spending1,ANLP + ANNS + NSRN,77.0,50,PublicFinances1800-2023
1867.0,Unit,Source dataset ID,1867.0,1800,PublicFinances1800-2023
1867.0,VAT (Purchase tax prior to 1973)4,NZGF,,-,PublicFinances1800-2023
1867.0,Years,Years,,1800-01,PublicFinances1800-2023
1867.0,o/w non-pensioners,,,-,PublicFinances1800-2023
1867.0,o/w pensioners,,,-,PublicFinances1800-2023
1868.0,Business rates,CUKY,,-,PublicFinances1800-2023
1868.0,Capital Gains Tax1,MS62,,-,PublicFinances1800-2023
1868.0,Corporation tax (profits taxes prior to 1966-67)2,CPRN,,-,PublicFinances1800-2023
1868.0,Council Tax (community charge and domestic rates prior to 1993),NMHM,,-,PublicFinances1800-2023
1868.0,Current spending3,JW2Q,,-,PublicFinances1800-2023
1868.0,Custom and excise duties5,CUDG+GTAO+MF6V+ EKED+CDDZ+CWAA,42.0,18,PublicFinances1800-2023
1868.0,Death duties/Inheritance tax,ACCH,,-,PublicFinances1800-2023
1868.0,Debt Interest9,NMFX,27.0,14,PublicFinances1800-2023
1868.0,Defence5,,26.0,32,PublicFinances1800-2023
1868.0,Education8,,,-,PublicFinances1800-2023
1868.0,Energy profits levy,JIS6,,-,PublicFinances1800-2023
1868.0,Gas Levy3,,,-,PublicFinances1800-2023
1868.0,Health6,,,-,PublicFinances1800-2023
1868.0,Income tax1,LIBR-MS62,9.0,5,PublicFinances1800-2023
1868.0,"Index, base year = 100",MM23,10.0,13.5,PublicFinances1800-2023
1868.0,Land and Assessed Taxes,,4.0,5,PublicFinances1800-2023
1868.0,License fee receipts,DH7A,,-,PublicFinances1800-2023
1868.0,National Accounts Taxes,GCSU,,-,PublicFinances1800-2023
1868.0,National Insurance Contributions1,AIIH,,-,PublicFinances1800-2023
1868.0,"Nominal GDP (March-centred, £m)4","Nominal GDP (March-centred, £m)4",1082.0,393,PublicFinances1800-2023
1868.0,Nominal GDP (£m)3,Nominal GDP (£m)3,1070.0,355,PublicFinances1800-2023
1868.0,Other Central Government Receipts6,Residual,7.0,3,PublicFinances1800-2023
1868.0,Other Public Sector Spending10 ,,,-,PublicFinances1800-2023
1868.0,Other business taxes1,KIH3 + N43V,,-,PublicFinances1800-2023
1868.0,Other public sector taxes and receipts8,Residual,,-,PublicFinances1800-2023
1868.0,Petroleum Revenue tax (includes supplementary petroleum duty)3,ACCJ,,-,PublicFinances1800-2023
1868.0,Petroleum royalties3,,,-,PublicFinances1800-2023
1868.0,Public sector gross investment4,JW2Z + JW2S,6.0,-,PublicFinances1800-2023
1868.0,"Public sector net borrowing
(PSNB)1","Public sector net borrowing
(PSNB)1",2.0,21,PublicFinances1800-2023
1868.0,Public sector net debt (PSND)2,Public sector net debt (PSND)2,797.0,508,PublicFinances1800-2023
1868.0,Social Security7,,,-,PublicFinances1800-2023
1868.0,Stamp duties,GTBC,9.0,3,PublicFinances1800-2023
1868.0,Total Central Government spending1,ANLP + ANNS + NSRN,106.0,50,PublicFinances1800-2023
1868.0,Unit,Source dataset ID,1868.0,1800,PublicFinances1800-2023
1868.0,VAT (Purchase tax prior to 1973)4,NZGF,,-,PublicFinances1800-2023
1868.0,Years,Years,,1800-01,PublicFinances1800-2023
1868.0,o/w non-pensioners,,,-,PublicFinances1800-2023
1868.0,o/w pensioners,,,-,PublicFinances1800-2023
1869.0,Business rates,CUKY,,-,PublicFinances1800-2023
1869.0,Capital Gains Tax1,MS62,,-,PublicFinances1800-2023
1869.0,Corporation tax (profits taxes prior to 1966-67)2,CPRN,,-,PublicFinances1800-2023
1869.0,Council Tax (community charge and domestic rates prior to 1993),NMHM,,-,PublicFinances1800-2023
1869.0,Current spending3,JW2Q,,-,PublicFinances1800-2023
1869.0,Custom and excise duties5,CUDG+GTAO+MF6V+ EKED+CDDZ+CWAA,44.0,18,PublicFinances1800-2023
1869.0,Death duties/Inheritance tax,ACCH,5.0,-,PublicFinances1800-2023
1869.0,Debt Interest9,NMFX,27.0,14,PublicFinances1800-2023
1869.0,Defence5,,22.0,32,PublicFinances1800-2023
1869.0,Education8,,,-,PublicFinances1800-2023
1869.0,Energy profits levy,JIS6,,-,PublicFinances1800-2023
1869.0,Gas Levy3,,,-,PublicFinances1800-2023
1869.0,Health6,,,-,PublicFinances1800-2023
1869.0,Income tax1,LIBR-MS62,10.0,5,PublicFinances1800-2023
1869.0,"Index, base year = 100",MM23,9.5,13.5,PublicFinances1800-2023
1869.0,Land and Assessed Taxes,,5.0,5,PublicFinances1800-2023
1869.0,License fee receipts,DH7A,,-,PublicFinances1800-2023
1869.0,National Accounts Taxes,GCSU,,-,PublicFinances1800-2023
1869.0,National Insurance Contributions1,AIIH,,-,PublicFinances1800-2023
1869.0,"Nominal GDP (March-centred, £m)4","Nominal GDP (March-centred, £m)4",1142.0,393,PublicFinances1800-2023
1869.0,Nominal GDP (£m)3,Nominal GDP (£m)3,1106.0,355,PublicFinances1800-2023
1869.0,Other Central Government Receipts6,Residual,7.0,3,PublicFinances1800-2023
1869.0,Other Public Sector Spending10 ,,,-,PublicFinances1800-2023
1869.0,Other business taxes1,KIH3 + N43V,,-,PublicFinances1800-2023
1869.0,Other public sector taxes and receipts8,Residual,,-,PublicFinances1800-2023
1869.0,Petroleum Revenue tax (includes supplementary petroleum duty)3,ACCJ,,-,PublicFinances1800-2023
1869.0,Petroleum royalties3,,,-,PublicFinances1800-2023
1869.0,Public sector gross investment4,JW2Z + JW2S,6.0,-,PublicFinances1800-2023
1869.0,"Public sector net borrowing
(PSNB)1","Public sector net borrowing
(PSNB)1",-3.0,21,PublicFinances1800-2023
1869.0,Public sector net debt (PSND)2,Public sector net debt (PSND)2,793.0,508,PublicFinances1800-2023
1869.0,Social Security7,,,-,PublicFinances1800-2023
1869.0,Stamp duties,GTBC,4.0,3,PublicFinances1800-2023
1869.0,Total Central Government spending1,ANLP + ANNS + NSRN,105.0,50,PublicFinances1800-2023
1869.0,Unit,Source dataset ID,1869.0,1800,PublicFinances1800-2023
1869.0,VAT (Purchase tax prior to 1973)4,NZGF,,-,PublicFinances1800-2023
1869.0,Years,Years,,1800-01,PublicFinances1800-2023
1869.0,o/w non-pensioners,,,-,PublicFinances1800-2023
1869.0,o/w pensioners,,,-,PublicFinances1800-2023
1870.0,Business rates,CUKY,,-,PublicFinances1800-2023
1870.0,Capital Gains Tax1,MS62,,-,PublicFinances1800-2023
1870.0,Corporation tax (profits taxes prior to 1966-67)2,CPRN,,-,PublicFinances1800-2023
1870.0,Council Tax (community charge and domestic rates prior to 1993),NMHM,,-,PublicFinances1800-2023
1870.0,Current spending3,JW2Q,,-,PublicFinances1800-2023
1870.0,Custom and excise duties5,CUDG+GTAO+MF6V+ EKED+CDDZ+CWAA,43.0,18,PublicFinances1800-2023
1870.0,Death duties/Inheritance tax,ACCH,5.0,-,PublicFinances1800-2023
1870.0,Debt Interest9,NMFX,27.0,14,PublicFinances1800-2023
1870.0,Defence5,,22.0,32,PublicFinances1800-2023
1870.0,Education8,,,-,PublicFinances1800-2023
1870.0,Energy profits levy,JIS6,,-,PublicFinances1800-2023
1870.0,Gas Levy3,,,-,PublicFinances1800-2023
1870.0,Health6,,,-,PublicFinances1800-2023
1870.0,Income tax1,LIBR-MS62,6.0,5,PublicFinances1800-2023
1870.0,"Index, base year = 100",MM23,9.5,13.5,PublicFinances1800-2023
1870.0,Land and Assessed Taxes,,3.0,5,PublicFinances1800-2023
1870.0,License fee receipts,DH7A,,-,PublicFinances1800-2023
1870.0,National Accounts Taxes,GCSU,,-,PublicFinances1800-2023
1870.0,National Insurance Contributions1,AIIH,,-,PublicFinances1800-2023
1870.0,"Nominal GDP (March-centred, £m)4","Nominal GDP (March-centred, £m)4",1222.0,393,PublicFinances1800-2023
1870.0,Nominal GDP (£m)3,Nominal GDP (£m)3,1181.0,355,PublicFinances1800-2023
1870.0,Other Central Government Receipts6,Residual,8.0,3,PublicFinances1800-2023
1870.0,Other Public Sector Spending10 ,,,-,PublicFinances1800-2023
1870.0,Other business taxes1,KIH3 + N43V,,-,PublicFinances1800-2023
1870.0,Other public sector taxes and receipts8,Residual,,-,PublicFinances1800-2023
1870.0,Petroleum Revenue tax (includes supplementary petroleum duty)3,ACCJ,,-,PublicFinances1800-2023
1870.0,Petroleum royalties3,,,-,PublicFinances1800-2023
1870.0,Public sector gross investment4,JW2Z + JW2S,7.0,-,PublicFinances1800-2023
1870.0,"Public sector net borrowing
(PSNB)1","Public sector net borrowing
(PSNB)1",-2.0,21,PublicFinances1800-2023
1870.0,Public sector net debt (PSND)2,Public sector net debt (PSND)2,788.0,508,PublicFinances1800-2023
1870.0,Social Security7,,,-,PublicFinances1800-2023
1870.0,Stamp duties,GTBC,4.0,3,PublicFinances1800-2023
1870.0,Total Central Government spending1,ANLP + ANNS + NSRN,98.0,50,PublicFinances1800-2023
1870.0,Unit,Source dataset ID,1870.0,1800,PublicFinances1800-2023
1870.0,VAT (Purchase tax prior to 1973)4,NZGF,,-,PublicFinances1800-2023
1870.0,Years,Years,,1800-01,PublicFinances1800-2023
1870.0,o/w non-pensioners,,,-,PublicFinances1800-2023
1870.0,o/w pensioners,,,-,PublicFinances1800-2023
1871.0,Business rates,CUKY,,-,PublicFinances1800-2023
1871.0,Capital Gains Tax1,MS62,,-,PublicFinances1800-2023
1871.0,Corporation tax (profits taxes prior to 1966-67)2,CPRN,,-,PublicFinances1800-2023
1871.0,Council Tax (community charge and domestic rates prior to 1993),NMHM,,-,PublicFinances1800-2023
1871.0,Current spending3,JW2Q,,-,PublicFinances1800-2023
1871.0,Custom and excise duties5,CUDG+GTAO+MF6V+ EKED+CDDZ+CWAA,43.0,18,PublicFinances1800-2023
1871.0,Death duties/Inheritance tax,ACCH,5.0,-,PublicFinances1800-2023
1871.0,Debt Interest9,NMFX,27.0,14,PublicFinances1800-2023
1871.0,Defence5,,23.0,32,PublicFinances1800-2023
1871.0,Education8,,,-,PublicFinances1800-2023
1871.0,Energy profits levy,JIS6,,-,PublicFinances1800-2023
1871.0,Gas Levy3,,,-,PublicFinances1800-2023
1871.0,Health6,,,-,PublicFinances1800-2023
1871.0,Income tax1,LIBR-MS62,9.0,5,PublicFinances1800-2023
1871.0,"Index, base year = 100",MM23,9.6,13.5,PublicFinances1800-2023
1871.0,Land and Assessed Taxes,,2.0,5,PublicFinances1800-2023
1871.0,License fee receipts,DH7A,,-,PublicFinances1800-2023
1871.0,National Accounts Taxes,GCSU,,-,PublicFinances1800-2023
1871.0,National Insurance Contributions1,AIIH,,-,PublicFinances1800-2023
1871.0,"Nominal GDP (March-centred, £m)4","Nominal GDP (March-centred, £m)4",1295.0,393,PublicFinances1800-2023
1871.0,Nominal GDP (£m)3,Nominal GDP (£m)3,1260.0,355,PublicFinances1800-2023
1871.0,Other Central Government Receipts6,Residual,10.0,3,PublicFinances1800-2023
1871.0,Other Public Sector Spending10 ,,,-,PublicFinances1800-2023
1871.0,Other business taxes1,KIH3 + N43V,,-,PublicFinances1800-2023
1871.0,Other public sector taxes and receipts8,Residual,,-,PublicFinances1800-2023
1871.0,Petroleum Revenue tax (includes supplementary petroleum duty)3,ACCJ,,-,PublicFinances1800-2023
1871.0,Petroleum royalties3,,,-,PublicFinances1800-2023
1871.0,Public sector gross investment4,JW2Z + JW2S,7.0,-,PublicFinances1800-2023
1871.0,"Public sector net borrowing
(PSNB)1","Public sector net borrowing
(PSNB)1",-3.0,21,PublicFinances1800-2023
1871.0,Public sector net debt (PSND)2,Public sector net debt (PSND)2,784.0,508,PublicFinances1800-2023
1871.0,Social Security7,,,-,PublicFinances1800-2023
1871.0,Stamp duties,GTBC,4.0,3,PublicFinances1800-2023
1871.0,Total Central Government spending1,ANLP + ANNS + NSRN,102.0,50,PublicFinances1800-2023
1871.0,Unit,Source dataset ID,1871.0,1800,PublicFinances1800-2023
1871.0,VAT (Purchase tax prior to 1973)4,NZGF,,-,PublicFinances1800-2023
1871.0,Years,Years,,1800-01,PublicFinances1800-2023
1871.0,o/w non-pensioners,,,-,PublicFinances1800-2023
1871.0,o/w pensioners,,,-,PublicFinances1800-2023
1872.0,Business rates,CUKY,,-,PublicFinances1800-2023
1872.0,Capital Gains Tax1,MS62,,-,PublicFinances1800-2023
1872.0,Corporation tax (profits taxes prior to 1966-67)2,CPRN,,-,PublicFinances1800-2023
1872.0,Council Tax (community charge and domestic rates prior to 1993),NMHM,,-,PublicFinances1800-2023
1872.0,Current spending3,JW2Q,,-,PublicFinances1800-2023
1872.0,Custom and excise duties5,CUDG+GTAO+MF6V+ EKED+CDDZ+CWAA,47.0,18,PublicFinances1800-2023
1872.0,Death duties/Inheritance tax,ACCH,5.0,-,PublicFinances1800-2023
1872.0,Debt Interest9,NMFX,27.0,14,PublicFinances1800-2023
1872.0,Defence5,,23.0,32,PublicFinances1800-2023
1872.0,Education8,,,-,PublicFinances1800-2023
1872.0,Energy profits levy,JIS6,,-,PublicFinances1800-2023
1872.0,Gas Levy3,,,-,PublicFinances1800-2023
1872.0,Health6,,,-,PublicFinances1800-2023
1872.0,Income tax1,LIBR-MS62,8.0,5,PublicFinances1800-2023
1872.0,"Index, base year = 100",MM23,10.0,13.5,PublicFinances1800-2023
1872.0,Land and Assessed Taxes,,2.0,5,PublicFinances1800-2023
1872.0,License fee receipts,DH7A,,-,PublicFinances1800-2023
1872.0,National Accounts Taxes,GCSU,,-,PublicFinances1800-2023
1872.0,National Insurance Contributions1,AIIH,,-,PublicFinances1800-2023
1872.0,"Nominal GDP (March-centred, £m)4","Nominal GDP (March-centred, £m)4",1356.0,393,PublicFinances1800-2023
1872.0,Nominal GDP (£m)3,Nominal GDP (£m)3,1327.0,355,PublicFinances1800-2023
1872.0,Other Central Government Receipts6,Residual,9.0,3,PublicFinances1800-2023
1872.0,Other Public Sector Spending10 ,,,-,PublicFinances1800-2023
1872.0,Other business taxes1,KIH3 + N43V,,-,PublicFinances1800-2023
1872.0,Other public sector taxes and receipts8,Residual,,-,PublicFinances1800-2023
1872.0,Petroleum Revenue tax (includes supplementary petroleum duty)3,ACCJ,,-,PublicFinances1800-2023
1872.0,Petroleum royalties3,,,-,PublicFinances1800-2023
1872.0,Public sector gross investment4,JW2Z + JW2S,8.0,-,PublicFinances1800-2023
1872.0,"Public sector net borrowing
(PSNB)1","Public sector net borrowing
(PSNB)1",-4.0,21,PublicFinances1800-2023
1872.0,Public sector net debt (PSND)2,Public sector net debt (PSND)2,778.0,508,PublicFinances1800-2023
1872.0,Social Security7,,,-,PublicFinances1800-2023
1872.0,Stamp duties,GTBC,4.0,3,PublicFinances1800-2023
1872.0,Total Central Government spending1,ANLP + ANNS + NSRN,104.0,50,PublicFinances1800-2023
1872.0,Unit,Source dataset ID,1872.0,1800,PublicFinances1800-2023
1872.0,VAT (Purchase tax prior to 1973)4,NZGF,,-,PublicFinances1800-2023
1872.0,Years,Years,,1800-01,PublicFinances1800-2023
1872.0,o/w non-pensioners,,,-,PublicFinances1800-2023
1872.0,o/w pensioners,,,-,PublicFinances1800-2023
1873.0,Business rates,CUKY,,-,PublicFinances1800-2023
1873.0,Capital Gains Tax1,MS62,,-,PublicFinances1800-2023
1873.0,Corporation tax (profits taxes prior to 1966-67)2,CPRN,,-,PublicFinances1800-2023
1873.0,Council Tax (community charge and domestic rates prior to 1993),NMHM,,-,PublicFinances1800-2023
1873.0,Current spending3,JW2Q,,-,PublicFinances1800-2023
1873.0,Custom and excise duties5,CUDG+GTAO+MF6V+ EKED+CDDZ+CWAA,47.0,18,PublicFinances1800-2023
1873.0,Death duties/Inheritance tax,ACCH,6.0,-,PublicFinances1800-2023
1873.0,Debt Interest9,NMFX,27.0,14,PublicFinances1800-2023
1873.0,Defence5,,24.0,32,PublicFinances1800-2023
1873.0,Education8,,,-,PublicFinances1800-2023
1873.0,Energy profits levy,JIS6,,-,PublicFinances1800-2023
1873.0,Gas Levy3,,,-,PublicFinances1800-2023
1873.0,Health6,,,-,PublicFinances1800-2023
1873.0,Income tax1,LIBR-MS62,6.0,5,PublicFinances1800-2023
1873.0,"Index, base year = 100",MM23,10.4,13.5,PublicFinances1800-2023
1873.0,Land and Assessed Taxes,,2.0,5,PublicFinances1800-2023
1873.0,License fee receipts,DH7A,,-,PublicFinances1800-2023
1873.0,National Accounts Taxes,GCSU,,-,PublicFinances1800-2023
1873.0,National Insurance Contributions1,AIIH,,-,PublicFinances1800-2023
1873.0,"Nominal GDP (March-centred, £m)4","Nominal GDP (March-centred, £m)4",1368.0,393,PublicFinances1800-2023
1873.0,Nominal GDP (£m)3,Nominal GDP (£m)3,1370.0,355,PublicFinances1800-2023
1873.0,Other Central Government Receipts6,Residual,11.0,3,PublicFinances1800-2023
1873.0,Other Public Sector Spending10 ,,,-,PublicFinances1800-2023
1873.0,Other business taxes1,KIH3 + N43V,,-,PublicFinances1800-2023
1873.0,Other public sector taxes and receipts8,Residual,,-,PublicFinances1800-2023
1873.0,Petroleum Revenue tax (includes supplementary petroleum duty)3,ACCJ,,-,PublicFinances1800-2023
1873.0,Petroleum royalties3,,,-,PublicFinances1800-2023
1873.0,Public sector gross investment4,JW2Z + JW2S,10.0,-,PublicFinances1800-2023
1873.0,"Public sector net borrowing
(PSNB)1","Public sector net borrowing
(PSNB)1",-2.0,21,PublicFinances1800-2023
1873.0,Public sector net debt (PSND)2,Public sector net debt (PSND)2,772.0,508,PublicFinances1800-2023
1873.0,Social Security7,,,-,PublicFinances1800-2023
1873.0,Stamp duties,GTBC,4.0,3,PublicFinances1800-2023
1873.0,Total Central Government spending1,ANLP + ANNS + NSRN,107.0,50,PublicFinances1800-2023
1873.0,Unit,Source dataset ID,1873.0,1800,PublicFinances1800-2023
1873.0,VAT (Purchase tax prior to 1973)4,NZGF,,-,PublicFinances1800-2023
1873.0,Years,Years,,1800-01,PublicFinances1800-2023
1873.0,o/w non-pensioners,,,-,PublicFinances1800-2023
1873.0,o/w pensioners,,,-,PublicFinances1800-2023
1874.0,Business rates,CUKY,,-,PublicFinances1800-2023
1874.0,Capital Gains Tax1,MS62,,-,PublicFinances1800-2023
1874.0,Corporation tax (profits taxes prior to 1966-67)2,CPRN,,-,PublicFinances1800-2023
1874.0,Council Tax (community charge and domestic rates prior to 1993),NMHM,,-,PublicFinances1800-2023
1874.0,Current spending3,JW2Q,,-,PublicFinances1800-2023
1874.0,Custom and excise duties5,CUDG+GTAO+MF6V+ EKED+CDDZ+CWAA,46.0,18,PublicFinances1800-2023
1874.0,Death duties/Inheritance tax,ACCH,6.0,-,PublicFinances1800-2023
1874.0,Debt Interest9,NMFX,27.0,14,PublicFinances1800-2023
1874.0,Defence5,,24.0,32,PublicFinances1800-2023
1874.0,Education8,,,-,PublicFinances1800-2023
1874.0,Energy profits levy,JIS6,,-,PublicFinances1800-2023
1874.0,Gas Levy3,,,-,PublicFinances1800-2023
1874.0,Health6,,,-,PublicFinances1800-2023
1874.0,Income tax1,LIBR-MS62,4.0,5,PublicFinances1800-2023
1874.0,"Index, base year = 100",MM23,10.0,13.5,PublicFinances1800-2023
1874.0,Land and Assessed Taxes,,2.0,5,PublicFinances1800-2023
1874.0,License fee receipts,DH7A,,-,PublicFinances1800-2023
1874.0,National Accounts Taxes,GCSU,,-,PublicFinances1800-2023
1874.0,National Insurance Contributions1,AIIH,,-,PublicFinances1800-2023
1874.0,"Nominal GDP (March-centred, £m)4","Nominal GDP (March-centred, £m)4",1345.0,393,PublicFinances1800-2023
1874.0,Nominal GDP (£m)3,Nominal GDP (£m)3,1360.0,355,PublicFinances1800-2023
1874.0,Other Central Government Receipts6,Residual,11.0,3,PublicFinances1800-2023
1874.0,Other Public Sector Spending10 ,,,-,PublicFinances1800-2023
1874.0,Other business taxes1,KIH3 + N43V,,-,PublicFinances1800-2023
1874.0,Other public sector taxes and receipts8,Residual,,-,PublicFinances1800-2023
1874.0,Petroleum Revenue tax (includes supplementary petroleum duty)3,ACCJ,,-,PublicFinances1800-2023
1874.0,Petroleum royalties3,,,-,PublicFinances1800-2023
1874.0,Public sector gross investment4,JW2Z + JW2S,12.0,-,PublicFinances1800-2023
1874.0,"Public sector net borrowing
(PSNB)1","Public sector net borrowing
(PSNB)1",-1.0,21,PublicFinances1800-2023
1874.0,Public sector net debt (PSND)2,Public sector net debt (PSND)2,768.0,508,PublicFinances1800-2023
1874.0,Social Security7,,,-,PublicFinances1800-2023
1874.0,Stamp duties,GTBC,4.0,3,PublicFinances1800-2023
1874.0,Total Central Government spending1,ANLP + ANNS + NSRN,115.0,50,PublicFinances1800-2023
1874.0,Unit,Source dataset ID,1874.0,1800,PublicFinances1800-2023
1874.0,VAT (Purchase tax prior to 1973)4,NZGF,,-,PublicFinances1800-2023
1874.0,Years,Years,,1800-01,PublicFinances1800-2023
1874.0,o/w non-pensioners,,,-,PublicFinances1800-2023
1874.0,o/w pensioners,,,-,PublicFinances1800-2023
1875.0,Business rates,CUKY,,-,PublicFinances1800-2023
1875.0,Capital Gains Tax1,MS62,,-,PublicFinances1800-2023
1875.0,Corporation tax (profits taxes prior to 1966-67)2,CPRN,,-,PublicFinances1800-2023
1875.0,Council Tax (community charge and domestic rates prior to 1993),NMHM,,-,PublicFinances1800-2023
1875.0,Current spending3,JW2Q,,-,PublicFinances1800-2023
1875.0,Custom and excise duties5,CUDG+GTAO+MF6V+ EKED+CDDZ+CWAA,48.0,18,PublicFinances1800-2023
1875.0,Death duties/Inheritance tax,ACCH,6.0,-,PublicFinances1800-2023
1875.0,Debt Interest9,NMFX,27.0,14,PublicFinances1800-2023
1875.0,Defence5,,25.0,32,PublicFinances1800-2023
1875.0,Education8,,,-,PublicFinances1800-2023
1875.0,Energy profits levy,JIS6,,-,PublicFinances1800-2023
1875.0,Gas Levy3,,,-,PublicFinances1800-2023
1875.0,Health6,,,-,PublicFinances1800-2023
1875.0,Income tax1,LIBR-MS62,4.0,5,PublicFinances1800-2023
1875.0,"Index, base year = 100",MM23,9.8,13.5,PublicFinances1800-2023
1875.0,Land and Assessed Taxes,,3.0,5,PublicFinances1800-2023
1875.0,License fee receipts,DH7A,,-,PublicFinances1800-2023
1875.0,National Accounts Taxes,GCSU,,-,PublicFinances1800-2023
1875.0,National Insurance Contributions1,AIIH,,-,PublicFinances1800-2023
1875.0,"Nominal GDP (March-centred, £m)4","Nominal GDP (March-centred, £m)4",1325.0,393,PublicFinances1800-2023
1875.0,Nominal GDP (£m)3,Nominal GDP (£m)3,1334.0,355,PublicFinances1800-2023
1875.0,Other Central Government Receipts6,Residual,11.0,3,PublicFinances1800-2023
1875.0,Other Public Sector Spending10 ,,,-,PublicFinances1800-2023
1875.0,Other business taxes1,KIH3 + N43V,,-,PublicFinances1800-2023
1875.0,Other public sector taxes and receipts8,Residual,,-,PublicFinances1800-2023
1875.0,Petroleum Revenue tax (includes supplementary petroleum duty)3,ACCJ,,-,PublicFinances1800-2023
1875.0,Petroleum royalties3,,,-,PublicFinances1800-2023
1875.0,Public sector gross investment4,JW2Z + JW2S,12.0,-,PublicFinances1800-2023
1875.0,"Public sector net borrowing
(PSNB)1","Public sector net borrowing
(PSNB)1",-1.0,21,PublicFinances1800-2023
1875.0,Public sector net debt (PSND)2,Public sector net debt (PSND)2,769.0,508,PublicFinances1800-2023
1875.0,Social Security7,,,-,PublicFinances1800-2023
1875.0,Stamp duties,GTBC,4.0,3,PublicFinances1800-2023
1875.0,Total Central Government spending1,ANLP + ANNS + NSRN,118.0,50,PublicFinances1800-2023
1875.0,Unit,Source dataset ID,1875.0,1800,PublicFinances1800-2023
1875.0,VAT (Purchase tax prior to 1973)4,NZGF,,-,PublicFinances1800-2023
1875.0,Years,Years,,1800-01,PublicFinances1800-2023
1875.0,o/w non-pensioners,,,-,PublicFinances1800-2023
1875.0,o/w pensioners,,,-,PublicFinances1800-2023
1876.0,Business rates,CUKY,,-,PublicFinances1800-2023
1876.0,Capital Gains Tax1,MS62,,-,PublicFinances1800-2023
1876.0,Corporation tax (profits taxes prior to 1966-67)2,CPRN,,-,PublicFinances1800-2023
1876.0,Council Tax (community charge and domestic rates prior to 1993),NMHM,,-,PublicFinances1800-2023
1876.0,Current spending3,JW2Q,,-,PublicFinances1800-2023
1876.0,Custom and excise duties5,CUDG+GTAO+MF6V+ EKED+CDDZ+CWAA,48.0,18,PublicFinances1800-2023
1876.0,Death duties/Inheritance tax,ACCH,6.0,-,PublicFinances1800-2023
1876.0,Debt Interest9,NMFX,27.0,14,PublicFinances1800-2023
1876.0,Defence5,,25.0,32,PublicFinances1800-2023
1876.0,Education8,,,-,PublicFinances1800-2023
1876.0,Energy profits levy,JIS6,,-,PublicFinances1800-2023
1876.0,Gas Levy3,,,-,PublicFinances1800-2023
1876.0,Health6,,,-,PublicFinances1800-2023
1876.0,Income tax1,LIBR-MS62,5.0,5,PublicFinances1800-2023
1876.0,"Index, base year = 100",MM23,9.8,13.5,PublicFinances1800-2023
1876.0,Land and Assessed Taxes,,3.0,5,PublicFinances1800-2023
1876.0,License fee receipts,DH7A,,-,PublicFinances1800-2023
1876.0,National Accounts Taxes,GCSU,,-,PublicFinances1800-2023
1876.0,National Insurance Contributions1,AIIH,,-,PublicFinances1800-2023
1876.0,"Nominal GDP (March-centred, £m)4","Nominal GDP (March-centred, £m)4",1310.0,393,PublicFinances1800-2023
1876.0,Nominal GDP (£m)3,Nominal GDP (£m)3,1317.0,355,PublicFinances1800-2023
1876.0,Other Central Government Receipts6,Residual,11.0,3,PublicFinances1800-2023
1876.0,Other Public Sector Spending10 ,,,-,PublicFinances1800-2023
1876.0,Other business taxes1,KIH3 + N43V,,-,PublicFinances1800-2023
1876.0,Other public sector taxes and receipts8,Residual,,-,PublicFinances1800-2023
1876.0,Petroleum Revenue tax (includes supplementary petroleum duty)3,ACCJ,,-,PublicFinances1800-2023
1876.0,Petroleum royalties3,,,-,PublicFinances1800-2023
1876.0,Public sector gross investment4,JW2Z + JW2S,14.0,-,PublicFinances1800-2023
1876.0,"Public sector net borrowing
(PSNB)1","Public sector net borrowing
(PSNB)1",0.0,21,PublicFinances1800-2023
1876.0,Public sector net debt (PSND)2,Public sector net debt (PSND)2,769.0,508,PublicFinances1800-2023
1876.0,Social Security7,,,-,PublicFinances1800-2023
1876.0,Stamp duties,GTBC,4.0,3,PublicFinances1800-2023
1876.0,Total Central Government spending1,ANLP + ANNS + NSRN,123.0,50,PublicFinances1800-2023
1876.0,Unit,Source dataset ID,1876.0,1800,PublicFinances1800-2023
1876.0,VAT (Purchase tax prior to 1973)4,NZGF,,-,PublicFinances1800-2023
1876.0,Years,Years,,1800-01,PublicFinances1800-2023
1876.0,o/w non-pensioners,,,-,PublicFinances1800-2023
1876.0,o/w pensioners,,,-,PublicFinances1800-2023
1877.0,Business rates,CUKY,,-,PublicFinances1800-2023
1877.0,Capital Gains Tax1,MS62,,-,PublicFinances1800-2023
1877.0,Corporation tax (profits taxes prior to 1966-67)2,CPRN,,-,PublicFinances1800-2023
1877.0,Council Tax (community charge and domestic rates prior to 1993),NMHM,,-,PublicFinances1800-2023
1877.0,Current spending3,JW2Q,,-,PublicFinances1800-2023
1877.0,Custom and excise duties5,CUDG+GTAO+MF6V+ EKED+CDDZ+CWAA,47.0,18,PublicFinances1800-2023
1877.0,Death duties/Inheritance tax,ACCH,6.0,-,PublicFinances1800-2023
1877.0,Debt Interest9,NMFX,28.0,14,PublicFinances1800-2023
1877.0,Defence5,,26.0,32,PublicFinances1800-2023
1877.0,Education8,,,-,PublicFinances1800-2023
1877.0,Energy profits levy,JIS6,,-,PublicFinances1800-2023
1877.0,Gas Levy3,,,-,PublicFinances1800-2023
1877.0,Health6,,,-,PublicFinances1800-2023
1877.0,Income tax1,LIBR-MS62,6.0,5,PublicFinances1800-2023
1877.0,"Index, base year = 100",MM23,9.7,13.5,PublicFinances1800-2023
1877.0,Land and Assessed Taxes,,3.0,5,PublicFinances1800-2023
1877.0,License fee receipts,DH7A,,-,PublicFinances1800-2023
1877.0,National Accounts Taxes,GCSU,,-,PublicFinances1800-2023
1877.0,National Insurance Contributions1,AIIH,,-,PublicFinances1800-2023
1877.0,"Nominal GDP (March-centred, £m)4","Nominal GDP (March-centred, £m)4",1287.0,393,PublicFinances1800-2023
1877.0,Nominal GDP (£m)3,Nominal GDP (£m)3,1300.0,355,PublicFinances1800-2023
1877.0,Other Central Government Receipts6,Residual,12.0,3,PublicFinances1800-2023
1877.0,Other Public Sector Spending10 ,,,-,PublicFinances1800-2023
1877.0,Other business taxes1,KIH3 + N43V,,-,PublicFinances1800-2023
1877.0,Other public sector taxes and receipts8,Residual,,-,PublicFinances1800-2023
1877.0,Petroleum Revenue tax (includes supplementary petroleum duty)3,ACCJ,,-,PublicFinances1800-2023
1877.0,Petroleum royalties3,,,-,PublicFinances1800-2023
1877.0,Public sector gross investment4,JW2Z + JW2S,17.0,-,PublicFinances1800-2023
1877.0,"Public sector net borrowing
(PSNB)1","Public sector net borrowing
(PSNB)1",1.0,21,PublicFinances1800-2023
1877.0,Public sector net debt (PSND)2,Public sector net debt (PSND)2,771.0,508,PublicFinances1800-2023
1877.0,Social Security7,,,-,PublicFinances1800-2023
1877.0,Stamp duties,GTBC,4.0,3,PublicFinances1800-2023
1877.0,Total Central Government spending1,ANLP + ANNS + NSRN,129.0,50,PublicFinances1800-2023
1877.0,Unit,Source dataset ID,1877.0,1800,PublicFinances1800-2023
1877.0,VAT (Purchase tax prior to 1973)4,NZGF,,-,PublicFinances1800-2023
1877.0,Years,Years,,1800-01,PublicFinances1800-2023
1877.0,o/w non-pensioners,,,-,PublicFinances1800-2023
1877.0,o/w pensioners,,,-,PublicFinances1800-2023
1878.0,Business rates,CUKY,,-,PublicFinances1800-2023
1878.0,Capital Gains Tax1,MS62,,-,PublicFinances1800-2023
1878.0,Corporation tax (profits taxes prior to 1966-67)2,CPRN,,-,PublicFinances1800-2023
1878.0,Council Tax (community charge and domestic rates prior to 1993),NMHM,,-,PublicFinances1800-2023
1878.0,Current spending3,JW2Q,,-,PublicFinances1800-2023
1878.0,Custom and excise duties5,CUDG+GTAO+MF6V+ EKED+CDDZ+CWAA,47.0,18,PublicFinances1800-2023
1878.0,Death duties/Inheritance tax,ACCH,6.0,-,PublicFinances1800-2023
1878.0,Debt Interest9,NMFX,28.0,14,PublicFinances1800-2023
1878.0,Defence5,,27.0,32,PublicFinances1800-2023
1878.0,Education8,,,-,PublicFinances1800-2023
1878.0,Energy profits levy,JIS6,,-,PublicFinances1800-2023
1878.0,Gas Levy3,,,-,PublicFinances1800-2023
1878.0,Health6,,,-,PublicFinances1800-2023
1878.0,Income tax1,LIBR-MS62,9.0,5,PublicFinances1800-2023
1878.0,"Index, base year = 100",MM23,9.5,13.5,PublicFinances1800-2023
1878.0,Land and Assessed Taxes,,3.0,5,PublicFinances1800-2023
1878.0,License fee receipts,DH7A,,-,PublicFinances1800-2023
1878.0,National Accounts Taxes,GCSU,,-,PublicFinances1800-2023
1878.0,National Insurance Contributions1,AIIH,,-,PublicFinances1800-2023
1878.0,"Nominal GDP (March-centred, £m)4","Nominal GDP (March-centred, £m)4",1245.0,393,PublicFinances1800-2023
1878.0,Nominal GDP (£m)3,Nominal GDP (£m)3,1269.0,355,PublicFinances1800-2023
1878.0,Other Central Government Receipts6,Residual,13.0,3,PublicFinances1800-2023
1878.0,Other Public Sector Spending10 ,,,-,PublicFinances1800-2023
1878.0,Other business taxes1,KIH3 + N43V,,-,PublicFinances1800-2023
1878.0,Other public sector taxes and receipts8,Residual,,-,PublicFinances1800-2023
1878.0,Petroleum Revenue tax (includes supplementary petroleum duty)3,ACCJ,,-,PublicFinances1800-2023
1878.0,Petroleum royalties3,,,-,PublicFinances1800-2023
1878.0,Public sector gross investment4,JW2Z + JW2S,17.0,-,PublicFinances1800-2023
1878.0,"Public sector net borrowing
(PSNB)1","Public sector net borrowing
(PSNB)1",3.0,21,PublicFinances1800-2023
1878.0,Public sector net debt (PSND)2,Public sector net debt (PSND)2,771.0,508,PublicFinances1800-2023
1878.0,Social Security7,,,-,PublicFinances1800-2023
1878.0,Stamp duties,GTBC,4.0,3,PublicFinances1800-2023
1878.0,Total Central Government spending1,ANLP + ANNS + NSRN,134.0,50,PublicFinances1800-2023
1878.0,Unit,Source dataset ID,1878.0,1800,PublicFinances1800-2023
1878.0,VAT (Purchase tax prior to 1973)4,NZGF,,-,PublicFinances1800-2023
1878.0,Years,Years,,1800-01,PublicFinances1800-2023
1878.0,o/w non-pensioners,,,-,PublicFinances1800-2023
1878.0,o/w pensioners,,,-,PublicFinances1800-2023
1879.0,Business rates,CUKY,,-,PublicFinances1800-2023
1879.0,Capital Gains Tax1,MS62,,-,PublicFinances1800-2023
1879.0,Corporation tax (profits taxes prior to 1966-67)2,CPRN,,-,PublicFinances1800-2023
1879.0,Council Tax (community charge and domestic rates prior to 1993),NMHM,,-,PublicFinances1800-2023
1879.0,Current spending3,JW2Q,,-,PublicFinances1800-2023
1879.0,Custom and excise duties5,CUDG+GTAO+MF6V+ EKED+CDDZ+CWAA,44.0,18,PublicFinances1800-2023
1879.0,Death duties/Inheritance tax,ACCH,6.0,-,PublicFinances1800-2023
1879.0,Debt Interest9,NMFX,28.0,14,PublicFinances1800-2023
1879.0,Defence5,,26.0,32,PublicFinances1800-2023
1879.0,Education8,,,-,PublicFinances1800-2023
1879.0,Energy profits levy,JIS6,,-,PublicFinances1800-2023
1879.0,Gas Levy3,,,-,PublicFinances1800-2023
1879.0,Health6,,,-,PublicFinances1800-2023
1879.0,Income tax1,LIBR-MS62,9.0,5,PublicFinances1800-2023
1879.0,"Index, base year = 100",MM23,9.1,13.5,PublicFinances1800-2023
1879.0,Land and Assessed Taxes,,3.0,5,PublicFinances1800-2023
1879.0,License fee receipts,DH7A,,-,PublicFinances1800-2023
1879.0,National Accounts Taxes,GCSU,,-,PublicFinances1800-2023
1879.0,National Insurance Contributions1,AIIH,,-,PublicFinances1800-2023
1879.0,"Nominal GDP (March-centred, £m)4","Nominal GDP (March-centred, £m)4",1295.0,393,PublicFinances1800-2023
1879.0,Nominal GDP (£m)3,Nominal GDP (£m)3,1254.0,355,PublicFinances1800-2023
1879.0,Other Central Government Receipts6,Residual,7.0,3,PublicFinances1800-2023
1879.0,Other Public Sector Spending10 ,,,-,PublicFinances1800-2023
1879.0,Other business taxes1,KIH3 + N43V,,-,PublicFinances1800-2023
1879.0,Other public sector taxes and receipts8,Residual,,-,PublicFinances1800-2023
1879.0,Petroleum Revenue tax (includes supplementary petroleum duty)3,ACCJ,,-,PublicFinances1800-2023
1879.0,Petroleum royalties3,,,-,PublicFinances1800-2023
1879.0,Public sector gross investment4,JW2Z + JW2S,16.0,-,PublicFinances1800-2023
1879.0,"Public sector net borrowing
(PSNB)1","Public sector net borrowing
(PSNB)1",5.0,21,PublicFinances1800-2023
1879.0,Public sector net debt (PSND)2,Public sector net debt (PSND)2,770.0,508,PublicFinances1800-2023
1879.0,Social Security7,,,-,PublicFinances1800-2023
1879.0,Stamp duties,GTBC,4.0,3,PublicFinances1800-2023
1879.0,Total Central Government spending1,ANLP + ANNS + NSRN,138.0,50,PublicFinances1800-2023
1879.0,Unit,Source dataset ID,1879.0,1800,PublicFinances1800-2023
1879.0,VAT (Purchase tax prior to 1973)4,NZGF,,-,PublicFinances1800-2023
1879.0,Years,Years,,1800-01,PublicFinances1800-2023
1879.0,o/w non-pensioners,,,-,PublicFinances1800-2023
1879.0,o/w pensioners,,,-,PublicFinances1800-2023
1880.0,Business rates,CUKY,,-,PublicFinances1800-2023
1880.0,Capital Gains Tax1,MS62,,-,PublicFinances1800-2023
1880.0,Corporation tax (profits taxes prior to 1966-67)2,CPRN,,-,PublicFinances1800-2023
1880.0,Council Tax (community charge and domestic rates prior to 1993),NMHM,,-,PublicFinances1800-2023
1880.0,Current spending3,JW2Q,,-,PublicFinances1800-2023
1880.0,Custom and excise duties5,CUDG+GTAO+MF6V+ EKED+CDDZ+CWAA,44.0,18,PublicFinances1800-2023
1880.0,Death duties/Inheritance tax,ACCH,7.0,-,PublicFinances1800-2023
1880.0,Debt Interest9,NMFX,29.0,14,PublicFinances1800-2023
1880.0,Defence5,,25.0,32,PublicFinances1800-2023
1880.0,Education8,,,-,PublicFinances1800-2023
1880.0,Energy profits levy,JIS6,,-,PublicFinances1800-2023
1880.0,Gas Levy3,,,-,PublicFinances1800-2023
1880.0,Health6,,,-,PublicFinances1800-2023
1880.0,Income tax1,LIBR-MS62,11.0,5,PublicFinances1800-2023
1880.0,"Index, base year = 100",MM23,9.4,13.5,PublicFinances1800-2023
1880.0,Land and Assessed Taxes,,3.0,5,PublicFinances1800-2023
1880.0,License fee receipts,DH7A,,-,PublicFinances1800-2023
1880.0,National Accounts Taxes,GCSU,,-,PublicFinances1800-2023
1880.0,National Insurance Contributions1,AIIH,,-,PublicFinances1800-2023
1880.0,"Nominal GDP (March-centred, £m)4","Nominal GDP (March-centred, £m)4",1330.0,393,PublicFinances1800-2023
1880.0,Nominal GDP (£m)3,Nominal GDP (£m)3,1321.0,355,PublicFinances1800-2023
1880.0,Other Central Government Receipts6,Residual,13.0,3,PublicFinances1800-2023
1880.0,Other Public Sector Spending10 ,,,-,PublicFinances1800-2023
1880.0,Other business taxes1,KIH3 + N43V,,-,PublicFinances1800-2023
1880.0,Other public sector taxes and receipts8,Residual,,-,PublicFinances1800-2023
1880.0,Petroleum Revenue tax (includes supplementary petroleum duty)3,ACCJ,,-,PublicFinances1800-2023
1880.0,Petroleum royalties3,,,-,PublicFinances1800-2023
1880.0,Public sector gross investment4,JW2Z + JW2S,15.0,-,PublicFinances1800-2023
1880.0,"Public sector net borrowing
(PSNB)1","Public sector net borrowing
(PSNB)1",1.0,21,PublicFinances1800-2023
1880.0,Public sector net debt (PSND)2,Public sector net debt (PSND)2,765.0,508,PublicFinances1800-2023
1880.0,Social Security7,,,-,PublicFinances1800-2023
1880.0,Stamp duties,GTBC,4.0,3,PublicFinances1800-2023
1880.0,Total Central Government spending1,ANLP + ANNS + NSRN,136.0,50,PublicFinances1800-2023
1880.0,Unit,Source dataset ID,1880.0,1800,PublicFinances1800-2023
1880.0,VAT (Purchase tax prior to 1973)4,NZGF,,-,PublicFinances1800-2023
1880.0,Years,Years,,1800-01,PublicFinances1800-2023
1880.0,o/w non-pensioners,,,-,PublicFinances1800-2023
1880.0,o/w pensioners,,,-,PublicFinances1800-2023
1881.0,Business rates,CUKY,,-,PublicFinances1800-2023
1881.0,Capital Gains Tax1,MS62,,-,PublicFinances1800-2023
1881.0,Corporation tax (profits taxes prior to 1966-67)2,CPRN,,-,PublicFinances1800-2023
1881.0,Council Tax (community charge and domestic rates prior to 1993),NMHM,,-,PublicFinances1800-2023
1881.0,Current spending3,JW2Q,,-,PublicFinances1800-2023
1881.0,Custom and excise duties5,CUDG+GTAO+MF6V+ EKED+CDDZ+CWAA,46.0,18,PublicFinances1800-2023
1881.0,Death duties/Inheritance tax,ACCH,7.0,-,PublicFinances1800-2023
1881.0,Debt Interest9,NMFX,29.0,14,PublicFinances1800-2023
1881.0,Defence5,,26.0,32,PublicFinances1800-2023
1881.0,Education8,,,-,PublicFinances1800-2023
1881.0,Energy profits levy,JIS6,,-,PublicFinances1800-2023
1881.0,Gas Levy3,,,-,PublicFinances1800-2023
1881.0,Health6,,,-,PublicFinances1800-2023
1881.0,Income tax1,LIBR-MS62,10.0,5,PublicFinances1800-2023
1881.0,"Index, base year = 100",MM23,9.3,13.5,PublicFinances1800-2023
1881.0,Land and Assessed Taxes,,3.0,5,PublicFinances1800-2023
1881.0,License fee receipts,DH7A,,-,PublicFinances1800-2023
1881.0,National Accounts Taxes,GCSU,,-,PublicFinances1800-2023
1881.0,National Insurance Contributions1,AIIH,,-,PublicFinances1800-2023
1881.0,"Nominal GDP (March-centred, £m)4","Nominal GDP (March-centred, £m)4",1364.0,393,PublicFinances1800-2023
1881.0,Nominal GDP (£m)3,Nominal GDP (£m)3,1345.0,355,PublicFinances1800-2023
1881.0,Other Central Government Receipts6,Residual,14.0,3,PublicFinances1800-2023
1881.0,Other Public Sector Spending10 ,,,-,PublicFinances1800-2023
1881.0,Other business taxes1,KIH3 + N43V,,-,PublicFinances1800-2023
1881.0,Other public sector taxes and receipts8,Residual,,-,PublicFinances1800-2023
1881.0,Petroleum Revenue tax (includes supplementary petroleum duty)3,ACCJ,,-,PublicFinances1800-2023
1881.0,Petroleum royalties3,,,-,PublicFinances1800-2023
1881.0,Public sector gross investment4,JW2Z + JW2S,13.0,-,PublicFinances1800-2023
1881.0,"Public sector net borrowing
(PSNB)1","Public sector net borrowing
(PSNB)1",-1.0,21,PublicFinances1800-2023
1881.0,Public sector net debt (PSND)2,Public sector net debt (PSND)2,760.0,508,PublicFinances1800-2023
1881.0,Social Security7,,,-,PublicFinances1800-2023
1881.0,Stamp duties,GTBC,4.0,3,PublicFinances1800-2023
1881.0,Total Central Government spending1,ANLP + ANNS + NSRN,139.0,50,PublicFinances1800-2023
1881.0,Unit,Source dataset ID,1881.0,1800,PublicFinances1800-2023
1881.0,VAT (Purchase tax prior to 1973)4,NZGF,,-,PublicFinances1800-2023
1881.0,Years,Years,,1800-01,PublicFinances1800-2023
1881.0,o/w non-pensioners,,,-,PublicFinances1800-2023
1881.0,o/w pensioners,,,-,PublicFinances1800-2023
1882.0,Business rates,CUKY,,-,PublicFinances1800-2023
1882.0,Capital Gains Tax1,MS62,,-,PublicFinances1800-2023
1882.0,Corporation tax (profits taxes prior to 1966-67)2,CPRN,,-,PublicFinances1800-2023
1882.0,Council Tax (community charge and domestic rates prior to 1993),NMHM,,-,PublicFinances1800-2023
1882.0,Current spending3,JW2Q,,-,PublicFinances1800-2023
1882.0,Custom and excise duties5,CUDG+GTAO+MF6V+ EKED+CDDZ+CWAA,47.0,18,PublicFinances1800-2023
1882.0,Death duties/Inheritance tax,ACCH,7.0,-,PublicFinances1800-2023
1882.0,Debt Interest9,NMFX,30.0,14,PublicFinances1800-2023
1882.0,Defence5,,26.0,32,PublicFinances1800-2023
1882.0,Education8,,,-,PublicFinances1800-2023
1882.0,Energy profits levy,JIS6,,-,PublicFinances1800-2023
1882.0,Gas Levy3,,,-,PublicFinances1800-2023
1882.0,Health6,,,-,PublicFinances1800-2023
1882.0,Income tax1,LIBR-MS62,12.0,5,PublicFinances1800-2023
1882.0,"Index, base year = 100",MM23,9.4,13.5,PublicFinances1800-2023
1882.0,Land and Assessed Taxes,,3.0,5,PublicFinances1800-2023
1882.0,License fee receipts,DH7A,,-,PublicFinances1800-2023
1882.0,National Accounts Taxes,GCSU,,-,PublicFinances1800-2023
1882.0,National Insurance Contributions1,AIIH,,-,PublicFinances1800-2023
1882.0,"Nominal GDP (March-centred, £m)4","Nominal GDP (March-centred, £m)4",1378.0,393,PublicFinances1800-2023
1882.0,Nominal GDP (£m)3,Nominal GDP (£m)3,1375.0,355,PublicFinances1800-2023
1882.0,Other Central Government Receipts6,Residual,14.0,3,PublicFinances1800-2023
1882.0,Other Public Sector Spending10 ,,,-,PublicFinances1800-2023
1882.0,Other business taxes1,KIH3 + N43V,,-,PublicFinances1800-2023
1882.0,Other public sector taxes and receipts8,Residual,,-,PublicFinances1800-2023
1882.0,Petroleum Revenue tax (includes supplementary petroleum duty)3,ACCJ,,-,PublicFinances1800-2023
1882.0,Petroleum royalties3,,,-,PublicFinances1800-2023
1882.0,Public sector gross investment4,JW2Z + JW2S,12.0,-,PublicFinances1800-2023
1882.0,"Public sector net borrowing
(PSNB)1","Public sector net borrowing
(PSNB)1",0.0,21,PublicFinances1800-2023
1882.0,Public sector net debt (PSND)2,Public sector net debt (PSND)2,753.0,508,PublicFinances1800-2023
1882.0,Social Security7,,,-,PublicFinances1800-2023
1882.0,Stamp duties,GTBC,5.0,3,PublicFinances1800-2023
1882.0,Total Central Government spending1,ANLP + ANNS + NSRN,143.0,50,PublicFinances1800-2023
1882.0,Unit,Source dataset ID,1882.0,1800,PublicFinances1800-2023
1882.0,VAT (Purchase tax prior to 1973)4,NZGF,,-,PublicFinances1800-2023
1882.0,Years,Years,,1800-01,PublicFinances1800-2023
1882.0,o/w non-pensioners,,,-,PublicFinances1800-2023
1882.0,o/w pensioners,,,-,PublicFinances1800-2023
1883.0,Business rates,CUKY,,-,PublicFinances1800-2023
1883.0,Capital Gains Tax1,MS62,,-,PublicFinances1800-2023
1883.0,Corporation tax (profits taxes prior to 1966-67)2,CPRN,,-,PublicFinances1800-2023
1883.0,Council Tax (community charge and domestic rates prior to 1993),NMHM,,-,PublicFinances1800-2023
1883.0,Current spending3,JW2Q,,-,PublicFinances1800-2023
1883.0,Custom and excise duties5,CUDG+GTAO+MF6V+ EKED+CDDZ+CWAA,47.0,18,PublicFinances1800-2023
1883.0,Death duties/Inheritance tax,ACCH,7.0,-,PublicFinances1800-2023
1883.0,Debt Interest9,NMFX,29.0,14,PublicFinances1800-2023
1883.0,Defence5,,27.0,32,PublicFinances1800-2023
1883.0,Education8,,,-,PublicFinances1800-2023
1883.0,Energy profits levy,JIS6,,-,PublicFinances1800-2023
1883.0,Gas Levy3,,,-,PublicFinances1800-2023
1883.0,Health6,,,-,PublicFinances1800-2023
1883.0,Income tax1,LIBR-MS62,11.0,5,PublicFinances1800-2023
1883.0,"Index, base year = 100",MM23,9.3,13.5,PublicFinances1800-2023
1883.0,Land and Assessed Taxes,,3.0,5,PublicFinances1800-2023
1883.0,License fee receipts,DH7A,,-,PublicFinances1800-2023
1883.0,National Accounts Taxes,GCSU,,-,PublicFinances1800-2023
1883.0,National Insurance Contributions1,AIIH,,-,PublicFinances1800-2023
1883.0,"Nominal GDP (March-centred, £m)4","Nominal GDP (March-centred, £m)4",1351.0,393,PublicFinances1800-2023
1883.0,Nominal GDP (£m)3,Nominal GDP (£m)3,1370.0,355,PublicFinances1800-2023
1883.0,Other Central Government Receipts6,Residual,14.0,3,PublicFinances1800-2023
1883.0,Other Public Sector Spending10 ,,,-,PublicFinances1800-2023
1883.0,Other business taxes1,KIH3 + N43V,,-,PublicFinances1800-2023
1883.0,Other public sector taxes and receipts8,Residual,,-,PublicFinances1800-2023
1883.0,Petroleum Revenue tax (includes supplementary petroleum duty)3,ACCJ,,-,PublicFinances1800-2023
1883.0,Petroleum royalties3,,,-,PublicFinances1800-2023
1883.0,Public sector gross investment4,JW2Z + JW2S,12.0,-,PublicFinances1800-2023
1883.0,"Public sector net borrowing
(PSNB)1","Public sector net borrowing
(PSNB)1",0.0,21,PublicFinances1800-2023
1883.0,Public sector net debt (PSND)2,Public sector net debt (PSND)2,746.0,508,PublicFinances1800-2023
1883.0,Social Security7,,,-,PublicFinances1800-2023
1883.0,Stamp duties,GTBC,4.0,3,PublicFinances1800-2023
1883.0,Total Central Government spending1,ANLP + ANNS + NSRN,144.0,50,PublicFinances1800-2023
1883.0,Unit,Source dataset ID,1883.0,1800,PublicFinances1800-2023
1883.0,VAT (Purchase tax prior to 1973)4,NZGF,,-,PublicFinances1800-2023
1883.0,Years,Years,,1800-01,PublicFinances1800-2023
1883.0,o/w non-pensioners,,,-,PublicFinances1800-2023
1883.0,o/w pensioners,,,-,PublicFinances1800-2023
1884.0,Business rates,CUKY,,-,PublicFinances1800-2023
1884.0,Capital Gains Tax1,MS62,,-,PublicFinances1800-2023
1884.0,Corporation tax (profits taxes prior to 1966-67)2,CPRN,,-,PublicFinances1800-2023
1884.0,Council Tax (community charge and domestic rates prior to 1993),NMHM,,-,PublicFinances1800-2023
1884.0,Current spending3,JW2Q,,-,PublicFinances1800-2023
1884.0,Custom and excise duties5,CUDG+GTAO+MF6V+ EKED+CDDZ+CWAA,47.0,18,PublicFinances1800-2023
1884.0,Death duties/Inheritance tax,ACCH,8.0,-,PublicFinances1800-2023
1884.0,Debt Interest9,NMFX,29.0,14,PublicFinances1800-2023
1884.0,Defence5,,29.0,32,PublicFinances1800-2023
1884.0,Education8,,,-,PublicFinances1800-2023
1884.0,Energy profits levy,JIS6,,-,PublicFinances1800-2023
1884.0,Gas Levy3,,,-,PublicFinances1800-2023
1884.0,Health6,,,-,PublicFinances1800-2023
1884.0,Income tax1,LIBR-MS62,12.0,5,PublicFinances1800-2023
1884.0,"Index, base year = 100",MM23,9.1,13.5,PublicFinances1800-2023
1884.0,Land and Assessed Taxes,,3.0,5,PublicFinances1800-2023
1884.0,License fee receipts,DH7A,,-,PublicFinances1800-2023
1884.0,National Accounts Taxes,GCSU,,-,PublicFinances1800-2023
1884.0,National Insurance Contributions1,AIIH,,-,PublicFinances1800-2023
1884.0,"Nominal GDP (March-centred, £m)4","Nominal GDP (March-centred, £m)4",1319.0,393,PublicFinances1800-2023
1884.0,Nominal GDP (£m)3,Nominal GDP (£m)3,1334.0,355,PublicFinances1800-2023
1884.0,Other Central Government Receipts6,Residual,14.0,3,PublicFinances1800-2023
1884.0,Other Public Sector Spending10 ,,,-,PublicFinances1800-2023
1884.0,Other business taxes1,KIH3 + N43V,,-,PublicFinances1800-2023
1884.0,Other public sector taxes and receipts8,Residual,,-,PublicFinances1800-2023
1884.0,Petroleum Revenue tax (includes supplementary petroleum duty)3,ACCJ,,-,PublicFinances1800-2023
1884.0,Petroleum royalties3,,,-,PublicFinances1800-2023
1884.0,Public sector gross investment4,JW2Z + JW2S,13.0,-,PublicFinances1800-2023
1884.0,"Public sector net borrowing
(PSNB)1","Public sector net borrowing
(PSNB)1",1.0,21,PublicFinances1800-2023
1884.0,Public sector net debt (PSND)2,Public sector net debt (PSND)2,741.0,508,PublicFinances1800-2023
1884.0,Social Security7,,,-,PublicFinances1800-2023
1884.0,Stamp duties,GTBC,4.0,3,PublicFinances1800-2023
1884.0,Total Central Government spending1,ANLP + ANNS + NSRN,143.0,50,PublicFinances1800-2023
1884.0,Unit,Source dataset ID,1884.0,1800,PublicFinances1800-2023
1884.0,VAT (Purchase tax prior to 1973)4,NZGF,,-,PublicFinances1800-2023
1884.0,Years,Years,,1800-01,PublicFinances1800-2023
1884.0,o/w non-pensioners,,,-,PublicFinances1800-2023
1884.0,o/w pensioners,,,-,PublicFinances1800-2023
1885.0,Business rates,CUKY,,-,PublicFinances1800-2023
1885.0,Capital Gains Tax1,MS62,,-,PublicFinances1800-2023
1885.0,Corporation tax (profits taxes prior to 1966-67)2,CPRN,,-,PublicFinances1800-2023
1885.0,Council Tax (community charge and domestic rates prior to 1993),NMHM,,-,PublicFinances1800-2023
1885.0,Current spending3,JW2Q,,-,PublicFinances1800-2023
1885.0,Custom and excise duties5,CUDG+GTAO+MF6V+ EKED+CDDZ+CWAA,45.0,18,PublicFinances1800-2023
1885.0,Death duties/Inheritance tax,ACCH,7.0,-,PublicFinances1800-2023
1885.0,Debt Interest9,NMFX,24.0,14,PublicFinances1800-2023
1885.0,Defence5,,30.0,32,PublicFinances1800-2023
1885.0,Education8,,,-,PublicFinances1800-2023
1885.0,Energy profits levy,JIS6,,-,PublicFinances1800-2023
1885.0,Gas Levy3,,,-,PublicFinances1800-2023
1885.0,Health6,,,-,PublicFinances1800-2023
1885.0,Income tax1,LIBR-MS62,15.0,5,PublicFinances1800-2023
1885.0,"Index, base year = 100",MM23,8.8,13.5,PublicFinances1800-2023
1885.0,Land and Assessed Taxes,,3.0,5,PublicFinances1800-2023
1885.0,License fee receipts,DH7A,,-,PublicFinances1800-2023
1885.0,National Accounts Taxes,GCSU,,-,PublicFinances1800-2023
1885.0,National Insurance Contributions1,AIIH,,-,PublicFinances1800-2023
1885.0,"Nominal GDP (March-centred, £m)4","Nominal GDP (March-centred, £m)4",1318.0,393,PublicFinances1800-2023
1885.0,Nominal GDP (£m)3,Nominal GDP (£m)3,1314.0,355,PublicFinances1800-2023
1885.0,Other Central Government Receipts6,Residual,15.0,3,PublicFinances1800-2023
1885.0,Other Public Sector Spending10 ,,,-,PublicFinances1800-2023
1885.0,Other business taxes1,KIH3 + N43V,,-,PublicFinances1800-2023
1885.0,Other public sector taxes and receipts8,Residual,,-,PublicFinances1800-2023
1885.0,Petroleum Revenue tax (includes supplementary petroleum duty)3,ACCJ,,-,PublicFinances1800-2023
1885.0,Petroleum royalties3,,,-,PublicFinances1800-2023
1885.0,Public sector gross investment4,JW2Z + JW2S,12.0,-,PublicFinances1800-2023
1885.0,"Public sector net borrowing
(PSNB)1","Public sector net borrowing
(PSNB)1",2.0,21,PublicFinances1800-2023
1885.0,Public sector net debt (PSND)2,Public sector net debt (PSND)2,741.0,508,PublicFinances1800-2023
1885.0,Social Security7,,,-,PublicFinances1800-2023
1885.0,Stamp duties,GTBC,4.0,3,PublicFinances1800-2023
1885.0,Total Central Government spending1,ANLP + ANNS + NSRN,148.0,50,PublicFinances1800-2023
1885.0,Unit,Source dataset ID,1885.0,1800,PublicFinances1800-2023
1885.0,VAT (Purchase tax prior to 1973)4,NZGF,,-,PublicFinances1800-2023
1885.0,Years,Years,,1800-01,PublicFinances1800-2023
1885.0,o/w non-pensioners,,,-,PublicFinances1800-2023
1885.0,o/w pensioners,,,-,PublicFinances1800-2023
1886.0,Business rates,CUKY,,-,PublicFinances1800-2023
1886.0,Capital Gains Tax1,MS62,,-,PublicFinances1800-2023
1886.0,Corporation tax (profits taxes prior to 1966-67)2,CPRN,,-,PublicFinances1800-2023
1886.0,Council Tax (community charge and domestic rates prior to 1993),NMHM,,-,PublicFinances1800-2023
1886.0,Current spending3,JW2Q,,-,PublicFinances1800-2023
1886.0,Custom and excise duties5,CUDG+GTAO+MF6V+ EKED+CDDZ+CWAA,45.0,18,PublicFinances1800-2023
1886.0,Death duties/Inheritance tax,ACCH,7.0,-,PublicFinances1800-2023
1886.0,Debt Interest9,NMFX,28.0,14,PublicFinances1800-2023
1886.0,Defence5,,31.0,32,PublicFinances1800-2023
1886.0,Education8,,,-,PublicFinances1800-2023
1886.0,Energy profits levy,JIS6,,-,PublicFinances1800-2023
1886.0,Gas Levy3,,,-,PublicFinances1800-2023
1886.0,Health6,,,-,PublicFinances1800-2023
1886.0,Income tax1,LIBR-MS62,16.0,5,PublicFinances1800-2023
1886.0,"Index, base year = 100",MM23,8.7,13.5,PublicFinances1800-2023
1886.0,Land and Assessed Taxes,,3.0,5,PublicFinances1800-2023
1886.0,License fee receipts,DH7A,,-,PublicFinances1800-2023
1886.0,National Accounts Taxes,GCSU,,-,PublicFinances1800-2023
1886.0,National Insurance Contributions1,AIIH,,-,PublicFinances1800-2023
1886.0,"Nominal GDP (March-centred, £m)4","Nominal GDP (March-centred, £m)4",1358.0,393,PublicFinances1800-2023
1886.0,Nominal GDP (£m)3,Nominal GDP (£m)3,1333.0,355,PublicFinances1800-2023
1886.0,Other Central Government Receipts6,Residual,15.0,3,PublicFinances1800-2023
1886.0,Other Public Sector Spending10 ,,,-,PublicFinances1800-2023
1886.0,Other business taxes1,KIH3 + N43V,,-,PublicFinances1800-2023
1886.0,Other public sector taxes and receipts8,Residual,,-,PublicFinances1800-2023
1886.0,Petroleum Revenue tax (includes supplementary petroleum duty)3,ACCJ,,-,PublicFinances1800-2023
1886.0,Petroleum royalties3,,,-,PublicFinances1800-2023
1886.0,Public sector gross investment4,JW2Z + JW2S,12.0,-,PublicFinances1800-2023
1886.0,"Public sector net borrowing
(PSNB)1","Public sector net borrowing
(PSNB)1",-1.0,21,PublicFinances1800-2023
1886.0,Public sector net debt (PSND)2,Public sector net debt (PSND)2,731.0,508,PublicFinances1800-2023
1886.0,Social Security7,,,-,PublicFinances1800-2023
1886.0,Stamp duties,GTBC,4.0,3,PublicFinances1800-2023
1886.0,Total Central Government spending1,ANLP + ANNS + NSRN,150.0,50,PublicFinances1800-2023
1886.0,Unit,Source dataset ID,1886.0,1800,PublicFinances1800-2023
1886.0,VAT (Purchase tax prior to 1973)4,NZGF,,-,PublicFinances1800-2023
1886.0,Years,Years,,1800-01,PublicFinances1800-2023
1886.0,o/w non-pensioners,,,-,PublicFinances1800-2023
1886.0,o/w pensioners,,,-,PublicFinances1800-2023
1887.0,Business rates,CUKY,,-,PublicFinances1800-2023
1887.0,Capital Gains Tax1,MS62,,-,PublicFinances1800-2023
1887.0,Corporation tax (profits taxes prior to 1966-67)2,CPRN,,-,PublicFinances1800-2023
1887.0,Council Tax (community charge and domestic rates prior to 1993),NMHM,,-,PublicFinances1800-2023
1887.0,Current spending3,JW2Q,,-,PublicFinances1800-2023
1887.0,Custom and excise duties5,CUDG+GTAO+MF6V+ EKED+CDDZ+CWAA,46.0,18,PublicFinances1800-2023
1887.0,Death duties/Inheritance tax,ACCH,8.0,-,PublicFinances1800-2023
1887.0,Debt Interest9,NMFX,26.0,14,PublicFinances1800-2023
1887.0,Defence5,,30.0,32,PublicFinances1800-2023
1887.0,Education8,,,-,PublicFinances1800-2023
1887.0,Energy profits levy,JIS6,,-,PublicFinances1800-2023
1887.0,Gas Levy3,,,-,PublicFinances1800-2023
1887.0,Health6,,,-,PublicFinances1800-2023
1887.0,Income tax1,LIBR-MS62,14.0,5,PublicFinances1800-2023
1887.0,"Index, base year = 100",MM23,8.6,13.5,PublicFinances1800-2023
1887.0,Land and Assessed Taxes,,3.0,5,PublicFinances1800-2023
1887.0,License fee receipts,DH7A,,-,PublicFinances1800-2023
1887.0,National Accounts Taxes,GCSU,,-,PublicFinances1800-2023
1887.0,National Insurance Contributions1,AIIH,,-,PublicFinances1800-2023
1887.0,"Nominal GDP (March-centred, £m)4","Nominal GDP (March-centred, £m)4",1409.0,393,PublicFinances1800-2023
1887.0,Nominal GDP (£m)3,Nominal GDP (£m)3,1384.0,355,PublicFinances1800-2023
1887.0,Other Central Government Receipts6,Residual,13.0,3,PublicFinances1800-2023
1887.0,Other Public Sector Spending10 ,,,-,PublicFinances1800-2023
1887.0,Other business taxes1,KIH3 + N43V,,-,PublicFinances1800-2023
1887.0,Other public sector taxes and receipts8,Residual,,-,PublicFinances1800-2023
1887.0,Petroleum Revenue tax (includes supplementary petroleum duty)3,ACCJ,,-,PublicFinances1800-2023
1887.0,Petroleum royalties3,,,-,PublicFinances1800-2023
1887.0,Public sector gross investment4,JW2Z + JW2S,12.0,-,PublicFinances1800-2023
1887.0,"Public sector net borrowing
(PSNB)1","Public sector net borrowing
(PSNB)1",-3.0,21,PublicFinances1800-2023
1887.0,Public sector net debt (PSND)2,Public sector net debt (PSND)2,709.0,508,PublicFinances1800-2023
1887.0,Social Security7,,,-,PublicFinances1800-2023
1887.0,Stamp duties,GTBC,5.0,3,PublicFinances1800-2023
1887.0,Total Central Government spending1,ANLP + ANNS + NSRN,147.0,50,PublicFinances1800-2023
1887.0,Unit,Source dataset ID,1887.0,1800,PublicFinances1800-2023
1887.0,VAT (Purchase tax prior to 1973)4,NZGF,,-,PublicFinances1800-2023
1887.0,Years,Years,,1800-01,PublicFinances1800-2023
1887.0,o/w non-pensioners,,,-,PublicFinances1800-2023
1887.0,o/w pensioners,,,-,PublicFinances1800-2023
1888.0,Business rates,CUKY,,-,PublicFinances1800-2023
1888.0,Capital Gains Tax1,MS62,,-,PublicFinances1800-2023
1888.0,Corporation tax (profits taxes prior to 1966-67)2,CPRN,,-,PublicFinances1800-2023
1888.0,Council Tax (community charge and domestic rates prior to 1993),NMHM,,-,PublicFinances1800-2023
1888.0,Current spending3,JW2Q,,-,PublicFinances1800-2023
1888.0,Custom and excise duties5,CUDG+GTAO+MF6V+ EKED+CDDZ+CWAA,46.0,18,PublicFinances1800-2023
1888.0,Death duties/Inheritance tax,ACCH,8.0,-,PublicFinances1800-2023
1888.0,Debt Interest9,NMFX,25.0,14,PublicFinances1800-2023
1888.0,Defence5,,30.0,32,PublicFinances1800-2023
1888.0,Education8,,,-,PublicFinances1800-2023
1888.0,Energy profits levy,JIS6,,-,PublicFinances1800-2023
1888.0,Gas Levy3,,,-,PublicFinances1800-2023
1888.0,Health6,,,-,PublicFinances1800-2023
1888.0,Income tax1,LIBR-MS62,13.0,5,PublicFinances1800-2023
1888.0,"Index, base year = 100",MM23,8.7,13.5,PublicFinances1800-2023
1888.0,Land and Assessed Taxes,,3.0,5,PublicFinances1800-2023
1888.0,License fee receipts,DH7A,,-,PublicFinances1800-2023
1888.0,National Accounts Taxes,GCSU,,-,PublicFinances1800-2023
1888.0,National Insurance Contributions1,AIIH,,-,PublicFinances1800-2023
1888.0,"Nominal GDP (March-centred, £m)4","Nominal GDP (March-centred, £m)4",1477.0,393,PublicFinances1800-2023
1888.0,Nominal GDP (£m)3,Nominal GDP (£m)3,1440.0,355,PublicFinances1800-2023
1888.0,Other Central Government Receipts6,Residual,16.0,3,PublicFinances1800-2023
1888.0,Other Public Sector Spending10 ,,,-,PublicFinances1800-2023
1888.0,Other business taxes1,KIH3 + N43V,,-,PublicFinances1800-2023
1888.0,Other public sector taxes and receipts8,Residual,,-,PublicFinances1800-2023
1888.0,Petroleum Revenue tax (includes supplementary petroleum duty)3,ACCJ,,-,PublicFinances1800-2023
1888.0,Petroleum royalties3,,,-,PublicFinances1800-2023
1888.0,Public sector gross investment4,JW2Z + JW2S,10.0,-,PublicFinances1800-2023
1888.0,"Public sector net borrowing
(PSNB)1","Public sector net borrowing
(PSNB)1",-3.0,21,PublicFinances1800-2023
1888.0,Public sector net debt (PSND)2,Public sector net debt (PSND)2,697.0,508,PublicFinances1800-2023
1888.0,Social Security7,,,-,PublicFinances1800-2023
1888.0,Stamp duties,GTBC,4.0,3,PublicFinances1800-2023
1888.0,Total Central Government spending1,ANLP + ANNS + NSRN,146.0,50,PublicFinances1800-2023
1888.0,Unit,Source dataset ID,1888.0,1800,PublicFinances1800-2023
1888.0,VAT (Purchase tax prior to 1973)4,NZGF,,-,PublicFinances1800-2023
1888.0,Years,Years,,1800-01,PublicFinances1800-2023
1888.0,o/w non-pensioners,,,-,PublicFinances1800-2023
1888.0,o/w pensioners,,,-,PublicFinances1800-2023
1889.0,Business rates,CUKY,,-,PublicFinances1800-2023
1889.0,Capital Gains Tax1,MS62,,-,PublicFinances1800-2023
1889.0,Corporation tax (profits taxes prior to 1966-67)2,CPRN,,-,PublicFinances1800-2023
1889.0,Council Tax (community charge and domestic rates prior to 1993),NMHM,,-,PublicFinances1800-2023
1889.0,Current spending3,JW2Q,,-,PublicFinances1800-2023
1889.0,Custom and excise duties5,CUDG+GTAO+MF6V+ EKED+CDDZ+CWAA,47.0,18,PublicFinances1800-2023
1889.0,Death duties/Inheritance tax,ACCH,9.0,-,PublicFinances1800-2023
1889.0,Debt Interest9,NMFX,25.0,14,PublicFinances1800-2023
1889.0,Defence5,,32.0,32,PublicFinances1800-2023
1889.0,Education8,,,-,PublicFinances1800-2023
1889.0,Energy profits levy,JIS6,,-,PublicFinances1800-2023
1889.0,Gas Levy3,,,-,PublicFinances1800-2023
1889.0,Health6,,,-,PublicFinances1800-2023
1889.0,Income tax1,LIBR-MS62,13.0,5,PublicFinances1800-2023
1889.0,"Index, base year = 100",MM23,8.8,13.5,PublicFinances1800-2023
1889.0,Land and Assessed Taxes,,3.0,5,PublicFinances1800-2023
1889.0,License fee receipts,DH7A,,-,PublicFinances1800-2023
1889.0,National Accounts Taxes,GCSU,,-,PublicFinances1800-2023
1889.0,National Insurance Contributions1,AIIH,,-,PublicFinances1800-2023
1889.0,"Nominal GDP (March-centred, £m)4","Nominal GDP (March-centred, £m)4",1521.0,393,PublicFinances1800-2023
1889.0,Nominal GDP (£m)3,Nominal GDP (£m)3,1504.0,355,PublicFinances1800-2023
1889.0,Other Central Government Receipts6,Residual,18.0,3,PublicFinances1800-2023
1889.0,Other Public Sector Spending10 ,,,-,PublicFinances1800-2023
1889.0,Other business taxes1,KIH3 + N43V,,-,PublicFinances1800-2023
1889.0,Other public sector taxes and receipts8,Residual,,-,PublicFinances1800-2023
1889.0,Petroleum Revenue tax (includes supplementary petroleum duty)3,ACCJ,,-,PublicFinances1800-2023
1889.0,Petroleum royalties3,,,-,PublicFinances1800-2023
1889.0,Public sector gross investment4,JW2Z + JW2S,10.0,-,PublicFinances1800-2023
1889.0,"Public sector net borrowing
(PSNB)1","Public sector net borrowing
(PSNB)1",-4.0,21,PublicFinances1800-2023
1889.0,Public sector net debt (PSND)2,Public sector net debt (PSND)2,690.0,508,PublicFinances1800-2023
1889.0,Social Security7,,,-,PublicFinances1800-2023
1889.0,Stamp duties,GTBC,5.0,3,PublicFinances1800-2023
1889.0,Total Central Government spending1,ANLP + ANNS + NSRN,146.0,50,PublicFinances1800-2023
1889.0,Unit,Source dataset ID,1889.0,1800,PublicFinances1800-2023
1889.0,VAT (Purchase tax prior to 1973)4,NZGF,,-,PublicFinances1800-2023
1889.0,Years,Years,,1800-01,PublicFinances1800-2023
1889.0,o/w non-pensioners,,,-,PublicFinances1800-2023
1889.0,o/w pensioners,,,-,PublicFinances1800-2023
1890.0,Business rates,CUKY,,-,PublicFinances1800-2023
1890.0,Capital Gains Tax1,MS62,,-,PublicFinances1800-2023
1890.0,Corporation tax (profits taxes prior to 1966-67)2,CPRN,,-,PublicFinances1800-2023
1890.0,Council Tax (community charge and domestic rates prior to 1993),NMHM,,-,PublicFinances1800-2023
1890.0,Current spending3,JW2Q,,-,PublicFinances1800-2023
1890.0,Custom and excise duties5,CUDG+GTAO+MF6V+ EKED+CDDZ+CWAA,49.0,18,PublicFinances1800-2023
1890.0,Death duties/Inheritance tax,ACCH,10.0,-,PublicFinances1800-2023
1890.0,Debt Interest9,NMFX,24.0,14,PublicFinances1800-2023
1890.0,Defence5,,33.0,32,PublicFinances1800-2023
1890.0,Education8,,,-,PublicFinances1800-2023
1890.0,Energy profits levy,JIS6,,-,PublicFinances1800-2023
1890.0,Gas Levy3,,,-,PublicFinances1800-2023
1890.0,Health6,,,-,PublicFinances1800-2023
1890.0,Income tax1,LIBR-MS62,13.0,5,PublicFinances1800-2023
1890.0,"Index, base year = 100",MM23,8.8,13.5,PublicFinances1800-2023
1890.0,Land and Assessed Taxes,,3.0,5,PublicFinances1800-2023
1890.0,License fee receipts,DH7A,,-,PublicFinances1800-2023
1890.0,National Accounts Taxes,GCSU,,-,PublicFinances1800-2023
1890.0,National Insurance Contributions1,AIIH,,-,PublicFinances1800-2023
1890.0,"Nominal GDP (March-centred, £m)4","Nominal GDP (March-centred, £m)4",1532.0,393,PublicFinances1800-2023
1890.0,Nominal GDP (£m)3,Nominal GDP (£m)3,1531.0,355,PublicFinances1800-2023
1890.0,Other Central Government Receipts6,Residual,16.0,3,PublicFinances1800-2023
1890.0,Other Public Sector Spending10 ,,,-,PublicFinances1800-2023
1890.0,Other business taxes1,KIH3 + N43V,,-,PublicFinances1800-2023
1890.0,Other public sector taxes and receipts8,Residual,,-,PublicFinances1800-2023
1890.0,Petroleum Revenue tax (includes supplementary petroleum duty)3,ACCJ,,-,PublicFinances1800-2023
1890.0,Petroleum royalties3,,,-,PublicFinances1800-2023
1890.0,Public sector gross investment4,JW2Z + JW2S,11.0,-,PublicFinances1800-2023
1890.0,"Public sector net borrowing
(PSNB)1","Public sector net borrowing
(PSNB)1",-3.0,21,PublicFinances1800-2023
1890.0,Public sector net debt (PSND)2,Public sector net debt (PSND)2,683.0,508,PublicFinances1800-2023
1890.0,Social Security7,,,-,PublicFinances1800-2023
1890.0,Stamp duties,GTBC,6.0,3,PublicFinances1800-2023
1890.0,Total Central Government spending1,ANLP + ANNS + NSRN,152.0,50,PublicFinances1800-2023
1890.0,Unit,Source dataset ID,1890.0,1800,PublicFinances1800-2023
1890.0,VAT (Purchase tax prior to 1973)4,NZGF,,-,PublicFinances1800-2023
1890.0,Years,Years,,1800-01,PublicFinances1800-2023
1890.0,o/w non-pensioners,,,-,PublicFinances1800-2023
1890.0,o/w pensioners,,,-,PublicFinances1800-2023
1891.0,Business rates,CUKY,,-,PublicFinances1800-2023
1891.0,Capital Gains Tax1,MS62,,-,PublicFinances1800-2023
1891.0,Corporation tax (profits taxes prior to 1966-67)2,CPRN,,-,PublicFinances1800-2023
1891.0,Council Tax (community charge and domestic rates prior to 1993),NMHM,,-,PublicFinances1800-2023
1891.0,Current spending3,JW2Q,,-,PublicFinances1800-2023
1891.0,Custom and excise duties5,CUDG+GTAO+MF6V+ EKED+CDDZ+CWAA,50.0,18,PublicFinances1800-2023
1891.0,Death duties/Inheritance tax,ACCH,11.0,-,PublicFinances1800-2023
1891.0,Debt Interest9,NMFX,24.0,14,PublicFinances1800-2023
1891.0,Defence5,,33.0,32,PublicFinances1800-2023
1891.0,Education8,,,-,PublicFinances1800-2023
1891.0,Energy profits levy,JIS6,,-,PublicFinances1800-2023
1891.0,Gas Levy3,,,-,PublicFinances1800-2023
1891.0,Health6,,,-,PublicFinances1800-2023
1891.0,Income tax1,LIBR-MS62,14.0,5,PublicFinances1800-2023
1891.0,"Index, base year = 100",MM23,8.9,13.5,PublicFinances1800-2023
1891.0,Land and Assessed Taxes,,3.0,5,PublicFinances1800-2023
1891.0,License fee receipts,DH7A,,-,PublicFinances1800-2023
1891.0,National Accounts Taxes,GCSU,,-,PublicFinances1800-2023
1891.0,National Insurance Contributions1,AIIH,,-,PublicFinances1800-2023
1891.0,"Nominal GDP (March-centred, £m)4","Nominal GDP (March-centred, £m)4",1506.0,393,PublicFinances1800-2023
1891.0,Nominal GDP (£m)3,Nominal GDP (£m)3,1524.0,355,PublicFinances1800-2023
1891.0,Other Central Government Receipts6,Residual,16.0,3,PublicFinances1800-2023
1891.0,Other Public Sector Spending10 ,,,-,PublicFinances1800-2023
1891.0,Other business taxes1,KIH3 + N43V,,-,PublicFinances1800-2023
1891.0,Other public sector taxes and receipts8,Residual,,-,PublicFinances1800-2023
1891.0,Petroleum Revenue tax (includes supplementary petroleum duty)3,ACCJ,,-,PublicFinances1800-2023
1891.0,Petroleum royalties3,,,-,PublicFinances1800-2023
1891.0,Public sector gross investment4,JW2Z + JW2S,14.0,-,PublicFinances1800-2023
1891.0,"Public sector net borrowing
(PSNB)1","Public sector net borrowing
(PSNB)1",-3.0,21,PublicFinances1800-2023
1891.0,Public sector net debt (PSND)2,Public sector net debt (PSND)2,677.0,508,PublicFinances1800-2023
1891.0,Social Security7,,,-,PublicFinances1800-2023
1891.0,Stamp duties,GTBC,5.0,3,PublicFinances1800-2023
1891.0,Total Central Government spending1,ANLP + ANNS + NSRN,158.0,50,PublicFinances1800-2023
1891.0,Unit,Source dataset ID,1891.0,1800,PublicFinances1800-2023
1891.0,VAT (Purchase tax prior to 1973)4,NZGF,,-,PublicFinances1800-2023
1891.0,Years,Years,,1800-01,PublicFinances1800-2023
1891.0,o/w non-pensioners,,,-,PublicFinances1800-2023
1891.0,o/w pensioners,,,-,PublicFinances1800-2023
1892.0,Business rates,CUKY,,-,PublicFinances1800-2023
1892.0,Capital Gains Tax1,MS62,,-,PublicFinances1800-2023
1892.0,Corporation tax (profits taxes prior to 1966-67)2,CPRN,,-,PublicFinances1800-2023
1892.0,Council Tax (community charge and domestic rates prior to 1993),NMHM,,-,PublicFinances1800-2023
1892.0,Current spending3,JW2Q,,-,PublicFinances1800-2023
1892.0,Custom and excise duties5,CUDG+GTAO+MF6V+ EKED+CDDZ+CWAA,50.0,18,PublicFinances1800-2023
1892.0,Death duties/Inheritance tax,ACCH,11.0,-,PublicFinances1800-2023
1892.0,Debt Interest9,NMFX,24.0,14,PublicFinances1800-2023
1892.0,Defence5,,33.0,32,PublicFinances1800-2023
1892.0,Education8,,,-,PublicFinances1800-2023
1892.0,Energy profits levy,JIS6,,-,PublicFinances1800-2023
1892.0,Gas Levy3,,,-,PublicFinances1800-2023
1892.0,Health6,,,-,PublicFinances1800-2023
1892.0,Income tax1,LIBR-MS62,14.0,5,PublicFinances1800-2023
1892.0,"Index, base year = 100",MM23,8.9,13.5,PublicFinances1800-2023
1892.0,Land and Assessed Taxes,,3.0,5,PublicFinances1800-2023
1892.0,License fee receipts,DH7A,,-,PublicFinances1800-2023
1892.0,National Accounts Taxes,GCSU,,-,PublicFinances1800-2023
1892.0,National Insurance Contributions1,AIIH,,-,PublicFinances1800-2023
1892.0,"Nominal GDP (March-centred, £m)4","Nominal GDP (March-centred, £m)4",1496.0,393,PublicFinances1800-2023
1892.0,Nominal GDP (£m)3,Nominal GDP (£m)3,1497.0,355,PublicFinances1800-2023
1892.0,Other Central Government Receipts6,Residual,16.0,3,PublicFinances1800-2023
1892.0,Other Public Sector Spending10 ,,,-,PublicFinances1800-2023
1892.0,Other business taxes1,KIH3 + N43V,,-,PublicFinances1800-2023
1892.0,Other public sector taxes and receipts8,Residual,,-,PublicFinances1800-2023
1892.0,Petroleum Revenue tax (includes supplementary petroleum duty)3,ACCJ,,-,PublicFinances1800-2023
1892.0,Petroleum royalties3,,,-,PublicFinances1800-2023
1892.0,Public sector gross investment4,JW2Z + JW2S,15.0,-,PublicFinances1800-2023
1892.0,"Public sector net borrowing
(PSNB)1","Public sector net borrowing
(PSNB)1",-2.0,21,PublicFinances1800-2023
1892.0,Public sector net debt (PSND)2,Public sector net debt (PSND)2,672.0,508,PublicFinances1800-2023
1892.0,Social Security7,,,-,PublicFinances1800-2023
1892.0,Stamp duties,GTBC,6.0,3,PublicFinances1800-2023
1892.0,Total Central Government spending1,ANLP + ANNS + NSRN,167.0,50,PublicFinances1800-2023
1892.0,Unit,Source dataset ID,1892.0,1800,PublicFinances1800-2023
1892.0,VAT (Purchase tax prior to 1973)4,NZGF,,-,PublicFinances1800-2023
1892.0,Years,Years,,1800-01,PublicFinances1800-2023
1892.0,o/w non-pensioners,,,-,PublicFinances1800-2023
1892.0,o/w pensioners,,,-,PublicFinances1800-2023
1893.0,Business rates,CUKY,,-,PublicFinances1800-2023
1893.0,Capital Gains Tax1,MS62,,-,PublicFinances1800-2023
1893.0,Corporation tax (profits taxes prior to 1966-67)2,CPRN,,-,PublicFinances1800-2023
1893.0,Council Tax (community charge and domestic rates prior to 1993),NMHM,,-,PublicFinances1800-2023
1893.0,Current spending3,JW2Q,,-,PublicFinances1800-2023
1893.0,Custom and excise duties5,CUDG+GTAO+MF6V+ EKED+CDDZ+CWAA,50.0,18,PublicFinances1800-2023
1893.0,Death duties/Inheritance tax,ACCH,10.0,-,PublicFinances1800-2023
1893.0,Debt Interest9,NMFX,23.0,14,PublicFinances1800-2023
1893.0,Defence5,,34.0,32,PublicFinances1800-2023
1893.0,Education8,,,-,PublicFinances1800-2023
1893.0,Energy profits levy,JIS6,,-,PublicFinances1800-2023
1893.0,Gas Levy3,,,-,PublicFinances1800-2023
1893.0,Health6,,,-,PublicFinances1800-2023
1893.0,Income tax1,LIBR-MS62,15.0,5,PublicFinances1800-2023
1893.0,"Index, base year = 100",MM23,8.8,13.5,PublicFinances1800-2023
1893.0,Land and Assessed Taxes,,3.0,5,PublicFinances1800-2023
1893.0,License fee receipts,DH7A,,-,PublicFinances1800-2023
1893.0,National Accounts Taxes,GCSU,,-,PublicFinances1800-2023
1893.0,National Insurance Contributions1,AIIH,,-,PublicFinances1800-2023
1893.0,"Nominal GDP (March-centred, £m)4","Nominal GDP (March-centred, £m)4",1554.0,393,PublicFinances1800-2023
1893.0,Nominal GDP (£m)3,Nominal GDP (£m)3,1515.0,355,PublicFinances1800-2023
1893.0,Other Central Government Receipts6,Residual,16.0,3,PublicFinances1800-2023
1893.0,Other Public Sector Spending10 ,,,-,PublicFinances1800-2023
1893.0,Other business taxes1,KIH3 + N43V,,-,PublicFinances1800-2023
1893.0,Other public sector taxes and receipts8,Residual,,-,PublicFinances1800-2023
1893.0,Petroleum Revenue tax (includes supplementary petroleum duty)3,ACCJ,,-,PublicFinances1800-2023
1893.0,Petroleum royalties3,,,-,PublicFinances1800-2023
1893.0,Public sector gross investment4,JW2Z + JW2S,18.0,-,PublicFinances1800-2023
1893.0,"Public sector net borrowing
(PSNB)1","Public sector net borrowing
(PSNB)1",0.0,21,PublicFinances1800-2023
1893.0,Public sector net debt (PSND)2,Public sector net debt (PSND)2,666.0,508,PublicFinances1800-2023
1893.0,Social Security7,,,-,PublicFinances1800-2023
1893.0,Stamp duties,GTBC,5.0,3,PublicFinances1800-2023
1893.0,Total Central Government spending1,ANLP + ANNS + NSRN,178.0,50,PublicFinances1800-2023
1893.0,Unit,Source dataset ID,1893.0,1800,PublicFinances1800-2023
1893.0,VAT (Purchase tax prior to 1973)4,NZGF,,-,PublicFinances1800-2023
1893.0,Years,Years,,1800-01,PublicFinances1800-2023
1893.0,o/w non-pensioners,,,-,PublicFinances1800-2023
1893.0,o/w pensioners,,,-,PublicFinances1800-2023
1894.0,Business rates,CUKY,,-,PublicFinances1800-2023
1894.0,Capital Gains Tax1,MS62,,-,PublicFinances1800-2023
1894.0,Corporation tax (profits taxes prior to 1966-67)2,CPRN,,-,PublicFinances1800-2023
1894.0,Council Tax (community charge and domestic rates prior to 1993),NMHM,,-,PublicFinances1800-2023
1894.0,Current spending3,JW2Q,,-,PublicFinances1800-2023
1894.0,Custom and excise duties5,CUDG+GTAO+MF6V+ EKED+CDDZ+CWAA,51.0,18,PublicFinances1800-2023
1894.0,Death duties/Inheritance tax,ACCH,11.0,-,PublicFinances1800-2023
1894.0,Debt Interest9,NMFX,23.0,14,PublicFinances1800-2023
1894.0,Defence5,,36.0,32,PublicFinances1800-2023
1894.0,Education8,,,-,PublicFinances1800-2023
1894.0,Energy profits levy,JIS6,,-,PublicFinances1800-2023
1894.0,Gas Levy3,,,-,PublicFinances1800-2023
1894.0,Health6,,,-,PublicFinances1800-2023
1894.0,Income tax1,LIBR-MS62,16.0,5,PublicFinances1800-2023
1894.0,"Index, base year = 100",MM23,8.7,13.5,PublicFinances1800-2023
1894.0,Land and Assessed Taxes,,3.0,5,PublicFinances1800-2023
1894.0,License fee receipts,DH7A,,-,PublicFinances1800-2023
1894.0,National Accounts Taxes,GCSU,,-,PublicFinances1800-2023
1894.0,National Insurance Contributions1,AIIH,,-,PublicFinances1800-2023
1894.0,"Nominal GDP (March-centred, £m)4","Nominal GDP (March-centred, £m)4",1599.0,393,PublicFinances1800-2023
1894.0,Nominal GDP (£m)3,Nominal GDP (£m)3,1582.0,355,PublicFinances1800-2023
1894.0,Other Central Government Receipts6,Residual,16.0,3,PublicFinances1800-2023
1894.0,Other Public Sector Spending10 ,,,-,PublicFinances1800-2023
1894.0,Other business taxes1,KIH3 + N43V,,-,PublicFinances1800-2023
1894.0,Other public sector taxes and receipts8,Residual,,-,PublicFinances1800-2023
1894.0,Petroleum Revenue tax (includes supplementary petroleum duty)3,ACCJ,,-,PublicFinances1800-2023
1894.0,Petroleum royalties3,,,-,PublicFinances1800-2023
1894.0,Public sector gross investment4,JW2Z + JW2S,17.0,-,PublicFinances1800-2023
1894.0,"Public sector net borrowing
(PSNB)1","Public sector net borrowing
(PSNB)1",-1.0,21,PublicFinances1800-2023
1894.0,Public sector net debt (PSND)2,Public sector net debt (PSND)2,659.0,508,PublicFinances1800-2023
1894.0,Social Security7,,,-,PublicFinances1800-2023
1894.0,Stamp duties,GTBC,6.0,3,PublicFinances1800-2023
1894.0,Total Central Government spending1,ANLP + ANNS + NSRN,187.0,50,PublicFinances1800-2023
1894.0,Unit,Source dataset ID,1894.0,1800,PublicFinances1800-2023
1894.0,VAT (Purchase tax prior to 1973)4,NZGF,,-,PublicFinances1800-2023
1894.0,Years,Years,,1800-01,PublicFinances1800-2023
1894.0,o/w non-pensioners,,,-,PublicFinances1800-2023
1894.0,o/w pensioners,,,-,PublicFinances1800-2023
1895.0,Business rates,CUKY,,-,PublicFinances1800-2023
1895.0,Capital Gains Tax1,MS62,,-,PublicFinances1800-2023
1895.0,Corporation tax (profits taxes prior to 1966-67)2,CPRN,,-,PublicFinances1800-2023
1895.0,Council Tax (community charge and domestic rates prior to 1993),NMHM,,-,PublicFinances1800-2023
1895.0,Current spending3,JW2Q,,-,PublicFinances1800-2023
1895.0,Custom and excise duties5,CUDG+GTAO+MF6V+ EKED+CDDZ+CWAA,53.0,18,PublicFinances1800-2023
1895.0,Death duties/Inheritance tax,ACCH,14.0,-,PublicFinances1800-2023
1895.0,Debt Interest9,NMFX,23.0,14,PublicFinances1800-2023
1895.0,Defence5,,38.0,32,PublicFinances1800-2023
1895.0,Education8,,,-,PublicFinances1800-2023
1895.0,Energy profits levy,JIS6,,-,PublicFinances1800-2023
1895.0,Gas Levy3,,,-,PublicFinances1800-2023
1895.0,Health6,,,-,PublicFinances1800-2023
1895.0,Income tax1,LIBR-MS62,16.0,5,PublicFinances1800-2023
1895.0,"Index, base year = 100",MM23,8.6,13.5,PublicFinances1800-2023
1895.0,Land and Assessed Taxes,,3.0,5,PublicFinances1800-2023
1895.0,License fee receipts,DH7A,,-,PublicFinances1800-2023
1895.0,National Accounts Taxes,GCSU,,-,PublicFinances1800-2023
1895.0,National Insurance Contributions1,AIIH,,-,PublicFinances1800-2023
1895.0,"Nominal GDP (March-centred, £m)4","Nominal GDP (March-centred, £m)4",1646.0,393,PublicFinances1800-2023
1895.0,Nominal GDP (£m)3,Nominal GDP (£m)3,1621.0,355,PublicFinances1800-2023
1895.0,Other Central Government Receipts6,Residual,16.0,3,PublicFinances1800-2023
1895.0,Other Public Sector Spending10 ,,,-,PublicFinances1800-2023
1895.0,Other business taxes1,KIH3 + N43V,,-,PublicFinances1800-2023
1895.0,Other public sector taxes and receipts8,Residual,,-,PublicFinances1800-2023
1895.0,Petroleum Revenue tax (includes supplementary petroleum duty)3,ACCJ,,-,PublicFinances1800-2023
1895.0,Petroleum royalties3,,,-,PublicFinances1800-2023
1895.0,Public sector gross investment4,JW2Z + JW2S,17.0,-,PublicFinances1800-2023
1895.0,"Public sector net borrowing
(PSNB)1","Public sector net borrowing
(PSNB)1",-3.0,21,PublicFinances1800-2023
1895.0,Public sector net debt (PSND)2,Public sector net debt (PSND)2,652.0,508,PublicFinances1800-2023
1895.0,Social Security7,,,-,PublicFinances1800-2023
1895.0,Stamp duties,GTBC,7.0,3,PublicFinances1800-2023
1895.0,Total Central Government spending1,ANLP + ANNS + NSRN,192.0,50,PublicFinances1800-2023
1895.0,Unit,Source dataset ID,1895.0,1800,PublicFinances1800-2023
1895.0,VAT (Purchase tax prior to 1973)4,NZGF,,-,PublicFinances1800-2023
1895.0,Years,Years,,1800-01,PublicFinances1800-2023
1895.0,o/w non-pensioners,,,-,PublicFinances1800-2023
1895.0,o/w pensioners,,,-,PublicFinances1800-2023
1896.0,Business rates,CUKY,,-,PublicFinances1800-2023
1896.0,Capital Gains Tax1,MS62,,-,PublicFinances1800-2023
1896.0,Corporation tax (profits taxes prior to 1966-67)2,CPRN,,-,PublicFinances1800-2023
1896.0,Council Tax (community charge and domestic rates prior to 1993),NMHM,,-,PublicFinances1800-2023
1896.0,Current spending3,JW2Q,,-,PublicFinances1800-2023
1896.0,Custom and excise duties5,CUDG+GTAO+MF6V+ EKED+CDDZ+CWAA,53.0,18,PublicFinances1800-2023
1896.0,Death duties/Inheritance tax,ACCH,14.0,-,PublicFinances1800-2023
1896.0,Debt Interest9,NMFX,24.0,14,PublicFinances1800-2023
1896.0,Defence5,,40.0,32,PublicFinances1800-2023
1896.0,Education8,,,-,PublicFinances1800-2023
1896.0,Energy profits levy,JIS6,,-,PublicFinances1800-2023
1896.0,Gas Levy3,,,-,PublicFinances1800-2023
1896.0,Health6,,,-,PublicFinances1800-2023
1896.0,Income tax1,LIBR-MS62,17.0,5,PublicFinances1800-2023
1896.0,"Index, base year = 100",MM23,8.5,13.5,PublicFinances1800-2023
1896.0,Land and Assessed Taxes,,2.0,5,PublicFinances1800-2023
1896.0,License fee receipts,DH7A,,-,PublicFinances1800-2023
1896.0,National Accounts Taxes,GCSU,,-,PublicFinances1800-2023
1896.0,National Insurance Contributions1,AIIH,,-,PublicFinances1800-2023
1896.0,"Nominal GDP (March-centred, £m)4","Nominal GDP (March-centred, £m)4",1690.0,393,PublicFinances1800-2023
1896.0,Nominal GDP (£m)3,Nominal GDP (£m)3,1669.0,355,PublicFinances1800-2023
1896.0,Other Central Government Receipts6,Residual,19.0,3,PublicFinances1800-2023
1896.0,Other Public Sector Spending10 ,,,-,PublicFinances1800-2023
1896.0,Other business taxes1,KIH3 + N43V,,-,PublicFinances1800-2023
1896.0,Other public sector taxes and receipts8,Residual,,-,PublicFinances1800-2023
1896.0,Petroleum Revenue tax (includes supplementary petroleum duty)3,ACCJ,,-,PublicFinances1800-2023
1896.0,Petroleum royalties3,,,-,PublicFinances1800-2023
1896.0,Public sector gross investment4,JW2Z + JW2S,19.0,-,PublicFinances1800-2023
1896.0,"Public sector net borrowing
(PSNB)1","Public sector net borrowing
(PSNB)1",-3.0,21,PublicFinances1800-2023
1896.0,Public sector net debt (PSND)2,Public sector net debt (PSND)2,645.0,508,PublicFinances1800-2023
1896.0,Social Security7,,,-,PublicFinances1800-2023
1896.0,Stamp duties,GTBC,7.0,3,PublicFinances1800-2023
1896.0,Total Central Government spending1,ANLP + ANNS + NSRN,199.0,50,PublicFinances1800-2023
1896.0,Unit,Source dataset ID,1896.0,1800,PublicFinances1800-2023
1896.0,VAT (Purchase tax prior to 1973)4,NZGF,,-,PublicFinances1800-2023
1896.0,Years,Years,,1800-01,PublicFinances1800-2023
1896.0,o/w non-pensioners,,,-,PublicFinances1800-2023
1896.0,o/w pensioners,,,-,PublicFinances1800-2023
1897.0,Business rates,CUKY,,-,PublicFinances1800-2023
1897.0,Capital Gains Tax1,MS62,,-,PublicFinances1800-2023
1897.0,Corporation tax (profits taxes prior to 1966-67)2,CPRN,,-,PublicFinances1800-2023
1897.0,Council Tax (community charge and domestic rates prior to 1993),NMHM,,-,PublicFinances1800-2023
1897.0,Current spending3,JW2Q,,-,PublicFinances1800-2023
1897.0,Custom and excise duties5,CUDG+GTAO+MF6V+ EKED+CDDZ+CWAA,55.0,18,PublicFinances1800-2023
1897.0,Death duties/Inheritance tax,ACCH,15.0,-,PublicFinances1800-2023
1897.0,Debt Interest9,NMFX,24.0,14,PublicFinances1800-2023
1897.0,Defence5,,41.0,32,PublicFinances1800-2023
1897.0,Education8,,,-,PublicFinances1800-2023
1897.0,Energy profits levy,JIS6,,-,PublicFinances1800-2023
1897.0,Gas Levy3,,,-,PublicFinances1800-2023
1897.0,Health6,,,-,PublicFinances1800-2023
1897.0,Income tax1,LIBR-MS62,17.0,5,PublicFinances1800-2023
1897.0,"Index, base year = 100",MM23,8.7,13.5,PublicFinances1800-2023
1897.0,Land and Assessed Taxes,,2.0,5,PublicFinances1800-2023
1897.0,License fee receipts,DH7A,,-,PublicFinances1800-2023
1897.0,National Accounts Taxes,GCSU,,-,PublicFinances1800-2023
1897.0,National Insurance Contributions1,AIIH,,-,PublicFinances1800-2023
1897.0,"Nominal GDP (March-centred, £m)4","Nominal GDP (March-centred, £m)4",1767.0,393,PublicFinances1800-2023
1897.0,Nominal GDP (£m)3,Nominal GDP (£m)3,1722.0,355,PublicFinances1800-2023
1897.0,Other Central Government Receipts6,Residual,18.0,3,PublicFinances1800-2023
1897.0,Other Public Sector Spending10 ,,,-,PublicFinances1800-2023
1897.0,Other business taxes1,KIH3 + N43V,,-,PublicFinances1800-2023
1897.0,Other public sector taxes and receipts8,Residual,,-,PublicFinances1800-2023
1897.0,Petroleum Revenue tax (includes supplementary petroleum duty)3,ACCJ,,-,PublicFinances1800-2023
1897.0,Petroleum royalties3,,,-,PublicFinances1800-2023
1897.0,Public sector gross investment4,JW2Z + JW2S,22.0,-,PublicFinances1800-2023
1897.0,"Public sector net borrowing
(PSNB)1","Public sector net borrowing
(PSNB)1",-3.0,21,PublicFinances1800-2023
1897.0,Public sector net debt (PSND)2,Public sector net debt (PSND)2,639.0,508,PublicFinances1800-2023
1897.0,Social Security7,,,-,PublicFinances1800-2023
1897.0,Stamp duties,GTBC,8.0,3,PublicFinances1800-2023
1897.0,Total Central Government spending1,ANLP + ANNS + NSRN,208.0,50,PublicFinances1800-2023
1897.0,Unit,Source dataset ID,1897.0,1800,PublicFinances1800-2023
1897.0,VAT (Purchase tax prior to 1973)4,NZGF,,-,PublicFinances1800-2023
1897.0,Years,Years,,1800-01,PublicFinances1800-2023
1897.0,o/w non-pensioners,,,-,PublicFinances1800-2023
1897.0,o/w pensioners,,,-,PublicFinances1800-2023
1898.0,Business rates,CUKY,,-,PublicFinances1800-2023
1898.0,Capital Gains Tax1,MS62,,-,PublicFinances1800-2023
1898.0,Corporation tax (profits taxes prior to 1966-67)2,CPRN,,-,PublicFinances1800-2023
1898.0,Council Tax (community charge and domestic rates prior to 1993),NMHM,,-,PublicFinances1800-2023
1898.0,Current spending3,JW2Q,,-,PublicFinances1800-2023
1898.0,Custom and excise duties5,CUDG+GTAO+MF6V+ EKED+CDDZ+CWAA,55.0,18,PublicFinances1800-2023
1898.0,Death duties/Inheritance tax,ACCH,16.0,-,PublicFinances1800-2023
1898.0,Debt Interest9,NMFX,24.0,14,PublicFinances1800-2023
1898.0,Defence5,,48.0,32,PublicFinances1800-2023
1898.0,Education8,,,-,PublicFinances1800-2023
1898.0,Energy profits levy,JIS6,,-,PublicFinances1800-2023
1898.0,Gas Levy3,,,-,PublicFinances1800-2023
1898.0,Health6,,,-,PublicFinances1800-2023
1898.0,Income tax1,LIBR-MS62,18.0,5,PublicFinances1800-2023
1898.0,"Index, base year = 100",MM23,8.7,13.5,PublicFinances1800-2023
1898.0,Land and Assessed Taxes,,2.0,5,PublicFinances1800-2023
1898.0,License fee receipts,DH7A,,-,PublicFinances1800-2023
1898.0,National Accounts Taxes,GCSU,,-,PublicFinances1800-2023
1898.0,National Insurance Contributions1,AIIH,,-,PublicFinances1800-2023
1898.0,"Nominal GDP (March-centred, £m)4","Nominal GDP (March-centred, £m)4",1869.0,393,PublicFinances1800-2023
1898.0,Nominal GDP (£m)3,Nominal GDP (£m)3,1816.0,355,PublicFinances1800-2023
1898.0,Other Central Government Receipts6,Residual,19.0,3,PublicFinances1800-2023
1898.0,Other Public Sector Spending10 ,,,-,PublicFinances1800-2023
1898.0,Other business taxes1,KIH3 + N43V,,-,PublicFinances1800-2023
1898.0,Other public sector taxes and receipts8,Residual,,-,PublicFinances1800-2023
1898.0,Petroleum Revenue tax (includes supplementary petroleum duty)3,ACCJ,,-,PublicFinances1800-2023
1898.0,Petroleum royalties3,,,-,PublicFinances1800-2023
1898.0,Public sector gross investment4,JW2Z + JW2S,27.0,-,PublicFinances1800-2023
1898.0,"Public sector net borrowing
(PSNB)1","Public sector net borrowing
(PSNB)1",2.0,21,PublicFinances1800-2023
1898.0,Public sector net debt (PSND)2,Public sector net debt (PSND)2,637.0,508,PublicFinances1800-2023
1898.0,Social Security7,,,-,PublicFinances1800-2023
1898.0,Stamp duties,GTBC,8.0,3,PublicFinances1800-2023
1898.0,Total Central Government spending1,ANLP + ANNS + NSRN,219.0,50,PublicFinances1800-2023
1898.0,Unit,Source dataset ID,1898.0,1800,PublicFinances1800-2023
1898.0,VAT (Purchase tax prior to 1973)4,NZGF,,-,PublicFinances1800-2023
1898.0,Years,Years,,1800-01,PublicFinances1800-2023
1898.0,o/w non-pensioners,,,-,PublicFinances1800-2023
1898.0,o/w pensioners,,,-,PublicFinances1800-2023
1899.0,Business rates,CUKY,,-,PublicFinances1800-2023
1899.0,Capital Gains Tax1,MS62,,-,PublicFinances1800-2023
1899.0,Corporation tax (profits taxes prior to 1966-67)2,CPRN,,-,PublicFinances1800-2023
1899.0,Council Tax (community charge and domestic rates prior to 1993),NMHM,,-,PublicFinances1800-2023
1899.0,Current spending3,JW2Q,,-,PublicFinances1800-2023
1899.0,Custom and excise duties5,CUDG+GTAO+MF6V+ EKED+CDDZ+CWAA,61.0,18,PublicFinances1800-2023
1899.0,Death duties/Inheritance tax,ACCH,19.0,-,PublicFinances1800-2023
1899.0,Debt Interest9,NMFX,23.0,14,PublicFinances1800-2023
1899.0,Defence5,,74.0,32,PublicFinances1800-2023
1899.0,Education8,,,-,PublicFinances1800-2023
1899.0,Energy profits levy,JIS6,,-,PublicFinances1800-2023
1899.0,Gas Levy3,,,-,PublicFinances1800-2023
1899.0,Health6,,,-,PublicFinances1800-2023
1899.0,Income tax1,LIBR-MS62,19.0,5,PublicFinances1800-2023
1899.0,"Index, base year = 100",MM23,8.8,13.5,PublicFinances1800-2023
1899.0,Land and Assessed Taxes,,3.0,5,PublicFinances1800-2023
1899.0,License fee receipts,DH7A,,-,PublicFinances1800-2023
1899.0,National Accounts Taxes,GCSU,,-,PublicFinances1800-2023
1899.0,National Insurance Contributions1,AIIH,,-,PublicFinances1800-2023
1899.0,"Nominal GDP (March-centred, £m)4","Nominal GDP (March-centred, £m)4",1950.0,393,PublicFinances1800-2023
1899.0,Nominal GDP (£m)3,Nominal GDP (£m)3,1913.0,355,PublicFinances1800-2023
1899.0,Other Central Government Receipts6,Residual,21.0,3,PublicFinances1800-2023
1899.0,Other Public Sector Spending10 ,,,-,PublicFinances1800-2023
1899.0,Other business taxes1,KIH3 + N43V,,-,PublicFinances1800-2023
1899.0,Other public sector taxes and receipts8,Residual,,-,PublicFinances1800-2023
1899.0,Petroleum Revenue tax (includes supplementary petroleum duty)3,ACCJ,,-,PublicFinances1800-2023
1899.0,Petroleum royalties3,,,-,PublicFinances1800-2023
1899.0,Public sector gross investment4,JW2Z + JW2S,31.0,-,PublicFinances1800-2023
1899.0,"Public sector net borrowing
(PSNB)1","Public sector net borrowing
(PSNB)1",19.0,21,PublicFinances1800-2023
1899.0,Public sector net debt (PSND)2,Public sector net debt (PSND)2,651.0,508,PublicFinances1800-2023
1899.0,Social Security7,,,-,PublicFinances1800-2023
1899.0,Stamp duties,GTBC,9.0,3,PublicFinances1800-2023
1899.0,Total Central Government spending1,ANLP + ANNS + NSRN,238.0,50,PublicFinances1800-2023
1899.0,Unit,Source dataset ID,1899.0,1800,PublicFinances1800-2023
1899.0,VAT (Purchase tax prior to 1973)4,NZGF,,-,PublicFinances1800-2023
1899.0,Years,Years,,1800-01,PublicFinances1800-2023
1899.0,o/w non-pensioners,,,-,PublicFinances1800-2023
1899.0,o/w pensioners,,,-,PublicFinances1800-2023
1900.0,Business rates,CUKY,,-,PublicFinances1800-2023
1900.0,Capital Gains Tax1,MS62,,-,PublicFinances1800-2023
1900.0,Corporation tax (profits taxes prior to 1966-67)2,CPRN,,-,PublicFinances1800-2023
1900.0,Council Tax (community charge and domestic rates prior to 1993),NMHM,,-,PublicFinances1800-2023
1900.0,Current spending3,JW2Q,231.0,-,PublicFinances1800-2023
1900.0,Custom and excise duties5,CUDG+GTAO+MF6V+ EKED+CDDZ+CWAA,65.0,18,PublicFinances1800-2023
1900.0,Death duties/Inheritance tax,ACCH,17.0,-,PublicFinances1800-2023
1900.0,Debt Interest9,NMFX,20.0,14,PublicFinances1800-2023
1900.0,Defence5,,112.0,32,PublicFinances1800-2023
1900.0,Education8,,,-,PublicFinances1800-2023
1900.0,Energy profits levy,JIS6,,-,PublicFinances1800-2023
1900.0,Gas Levy3,,,-,PublicFinances1800-2023
1900.0,Health6,,,-,PublicFinances1800-2023
1900.0,Income tax1,LIBR-MS62,27.0,5,PublicFinances1800-2023
1900.0,"Index, base year = 100",MM23,9.2,13.5,PublicFinances1800-2023
1900.0,Land and Assessed Taxes,,3.0,5,PublicFinances1800-2023
1900.0,License fee receipts,DH7A,,-,PublicFinances1800-2023
1900.0,National Accounts Taxes,GCSU,,-,PublicFinances1800-2023
1900.0,National Insurance Contributions1,AIIH,,-,PublicFinances1800-2023
1900.0,"Nominal GDP (March-centred, £m)4","Nominal GDP (March-centred, £m)4",1887.0,393,PublicFinances1800-2023
1900.0,Nominal GDP (£m)3,Nominal GDP (£m)3,1879.0,355,PublicFinances1800-2023
1900.0,Other Central Government Receipts6,Residual,21.0,3,PublicFinances1800-2023
1900.0,Other Public Sector Spending10 ,,136.0,-,PublicFinances1800-2023
1900.0,Other business taxes1,KIH3 + N43V,,-,PublicFinances1800-2023
1900.0,Other public sector taxes and receipts8,Residual,53.0,-,PublicFinances1800-2023
1900.0,Petroleum Revenue tax (includes supplementary petroleum duty)3,ACCJ,,-,PublicFinances1800-2023
1900.0,Petroleum royalties3,,,-,PublicFinances1800-2023
1900.0,Public sector gross investment4,JW2Z + JW2S,36.0,-,PublicFinances1800-2023
1900.0,"Public sector net borrowing
(PSNB)1","Public sector net borrowing
(PSNB)1",79.0,21,PublicFinances1800-2023
1900.0,Public sector net debt (PSND)2,Public sector net debt (PSND)2,706.0,508,PublicFinances1800-2023
1900.0,Social Security7,,,-,PublicFinances1800-2023
1900.0,Stamp duties,GTBC,8.0,3,PublicFinances1800-2023
1900.0,Total Central Government spending1,ANLP + ANNS + NSRN,193.0,50,PublicFinances1800-2023
1900.0,Unit,Source dataset ID,1900.0,1800,PublicFinances1800-2023
1900.0,VAT (Purchase tax prior to 1973)4,NZGF,,-,PublicFinances1800-2023
1900.0,Years,Years,,1800-01,PublicFinances1800-2023
1900.0,o/w non-pensioners,,,-,PublicFinances1800-2023
1900.0,o/w pensioners,,,-,PublicFinances1800-2023
1901.0,Business rates,CUKY,,-,PublicFinances1800-2023
1901.0,Capital Gains Tax1,MS62,,-,PublicFinances1800-2023
1901.0,Corporation tax (profits taxes prior to 1966-67)2,CPRN,,-,PublicFinances1800-2023
1901.0,Council Tax (community charge and domestic rates prior to 1993),NMHM,,-,PublicFinances1800-2023
1901.0,Current spending3,JW2Q,248.0,-,PublicFinances1800-2023
1901.0,Custom and excise duties5,CUDG+GTAO+MF6V+ EKED+CDDZ+CWAA,68.0,18,PublicFinances1800-2023
1901.0,Death duties/Inheritance tax,ACCH,19.0,-,PublicFinances1800-2023
1901.0,Debt Interest9,NMFX,22.0,14,PublicFinances1800-2023
1901.0,Defence5,,119.0,32,PublicFinances1800-2023
1901.0,Education8,,,-,PublicFinances1800-2023
1901.0,Energy profits levy,JIS6,,-,PublicFinances1800-2023
1901.0,Gas Levy3,,,-,PublicFinances1800-2023
1901.0,Health6,,,-,PublicFinances1800-2023
1901.0,Income tax1,LIBR-MS62,35.0,5,PublicFinances1800-2023
1901.0,"Index, base year = 100",MM23,9.2,13.5,PublicFinances1800-2023
1901.0,Land and Assessed Taxes,,3.0,5,PublicFinances1800-2023
1901.0,License fee receipts,DH7A,,-,PublicFinances1800-2023
1901.0,National Accounts Taxes,GCSU,,-,PublicFinances1800-2023
1901.0,National Insurance Contributions1,AIIH,,-,PublicFinances1800-2023
1901.0,"Nominal GDP (March-centred, £m)4","Nominal GDP (March-centred, £m)4",1896.0,393,PublicFinances1800-2023
1901.0,Nominal GDP (£m)3,Nominal GDP (£m)3,1892.0,355,PublicFinances1800-2023
1901.0,Other Central Government Receipts6,Residual,21.0,3,PublicFinances1800-2023
1901.0,Other Public Sector Spending10 ,,149.0,-,PublicFinances1800-2023
1901.0,Other business taxes1,KIH3 + N43V,,-,PublicFinances1800-2023
1901.0,Other public sector taxes and receipts8,Residual,59.0,-,PublicFinances1800-2023
1901.0,Petroleum Revenue tax (includes supplementary petroleum duty)3,ACCJ,,-,PublicFinances1800-2023
1901.0,Petroleum royalties3,,,-,PublicFinances1800-2023
1901.0,Public sector gross investment4,JW2Z + JW2S,42.0,-,PublicFinances1800-2023
1901.0,"Public sector net borrowing
(PSNB)1","Public sector net borrowing
(PSNB)1",82.0,21,PublicFinances1800-2023
1901.0,Public sector net debt (PSND)2,Public sector net debt (PSND)2,768.0,508,PublicFinances1800-2023
1901.0,Social Security7,,,-,PublicFinances1800-2023
1901.0,Stamp duties,GTBC,8.0,3,PublicFinances1800-2023
1901.0,Total Central Government spending1,ANLP + ANNS + NSRN,205.0,50,PublicFinances1800-2023
1901.0,Unit,Source dataset ID,1901.0,1800,PublicFinances1800-2023
1901.0,VAT (Purchase tax prior to 1973)4,NZGF,,-,PublicFinances1800-2023
1901.0,Years,Years,,1800-01,PublicFinances1800-2023
1901.0,o/w non-pensioners,,,-,PublicFinances1800-2023
1901.0,o/w pensioners,,,-,PublicFinances1800-2023
1902.0,Business rates,CUKY,,-,PublicFinances1800-2023
1902.0,Capital Gains Tax1,MS62,,-,PublicFinances1800-2023
1902.0,Corporation tax (profits taxes prior to 1966-67)2,CPRN,,-,PublicFinances1800-2023
1902.0,Council Tax (community charge and domestic rates prior to 1993),NMHM,,-,PublicFinances1800-2023
1902.0,Current spending3,JW2Q,237.0,-,PublicFinances1800-2023
1902.0,Custom and excise duties5,CUDG+GTAO+MF6V+ EKED+CDDZ+CWAA,72.0,18,PublicFinances1800-2023
1902.0,Death duties/Inheritance tax,ACCH,18.0,-,PublicFinances1800-2023
1902.0,Debt Interest9,NMFX,27.0,14,PublicFinances1800-2023
1902.0,Defence5,,100.0,32,PublicFinances1800-2023
1902.0,Education8,,,-,PublicFinances1800-2023
1902.0,Energy profits levy,JIS6,,-,PublicFinances1800-2023
1902.0,Gas Levy3,,,-,PublicFinances1800-2023
1902.0,Health6,,,-,PublicFinances1800-2023
1902.0,Income tax1,LIBR-MS62,39.0,5,PublicFinances1800-2023
1902.0,"Index, base year = 100",MM23,9.2,13.5,PublicFinances1800-2023
1902.0,Land and Assessed Taxes,,3.0,5,PublicFinances1800-2023
1902.0,License fee receipts,DH7A,,-,PublicFinances1800-2023
1902.0,National Accounts Taxes,GCSU,,-,PublicFinances1800-2023
1902.0,National Insurance Contributions1,AIIH,,-,PublicFinances1800-2023
1902.0,"Nominal GDP (March-centred, £m)4","Nominal GDP (March-centred, £m)4",1877.0,393,PublicFinances1800-2023
1902.0,Nominal GDP (£m)3,Nominal GDP (£m)3,1891.0,355,PublicFinances1800-2023
1902.0,Other Central Government Receipts6,Residual,22.0,3,PublicFinances1800-2023
1902.0,Other Public Sector Spending10 ,,152.0,-,PublicFinances1800-2023
1902.0,Other business taxes1,KIH3 + N43V,,-,PublicFinances1800-2023
1902.0,Other public sector taxes and receipts8,Residual,65.0,-,PublicFinances1800-2023
1902.0,Petroleum Revenue tax (includes supplementary petroleum duty)3,ACCJ,,-,PublicFinances1800-2023
1902.0,Petroleum royalties3,,,-,PublicFinances1800-2023
1902.0,Public sector gross investment4,JW2Z + JW2S,42.0,-,PublicFinances1800-2023
1902.0,"Public sector net borrowing
(PSNB)1","Public sector net borrowing
(PSNB)1",55.0,21,PublicFinances1800-2023
1902.0,Public sector net debt (PSND)2,Public sector net debt (PSND)2,798.0,508,PublicFinances1800-2023
1902.0,Social Security7,,,-,PublicFinances1800-2023
1902.0,Stamp duties,GTBC,8.0,3,PublicFinances1800-2023
1902.0,Total Central Government spending1,ANLP + ANNS + NSRN,194.0,50,PublicFinances1800-2023
1902.0,Unit,Source dataset ID,1902.0,1800,PublicFinances1800-2023
1902.0,VAT (Purchase tax prior to 1973)4,NZGF,,-,PublicFinances1800-2023
1902.0,Years,Years,,1800-01,PublicFinances1800-2023
1902.0,o/w non-pensioners,,,-,PublicFinances1800-2023
1902.0,o/w pensioners,,,-,PublicFinances1800-2023
1903.0,Business rates,CUKY,,-,PublicFinances1800-2023
1903.0,Capital Gains Tax1,MS62,,-,PublicFinances1800-2023
1903.0,Corporation tax (profits taxes prior to 1966-67)2,CPRN,,-,PublicFinances1800-2023
1903.0,Council Tax (community charge and domestic rates prior to 1993),NMHM,,-,PublicFinances1800-2023
1903.0,Current spending3,JW2Q,217.0,-,PublicFinances1800-2023
1903.0,Custom and excise duties5,CUDG+GTAO+MF6V+ EKED+CDDZ+CWAA,71.0,18,PublicFinances1800-2023
1903.0,Death duties/Inheritance tax,ACCH,17.0,-,PublicFinances1800-2023
1903.0,Debt Interest9,NMFX,26.0,14,PublicFinances1800-2023
1903.0,Defence5,,76.0,32,PublicFinances1800-2023
1903.0,Education8,,,-,PublicFinances1800-2023
1903.0,Energy profits levy,JIS6,,-,PublicFinances1800-2023
1903.0,Gas Levy3,,,-,PublicFinances1800-2023
1903.0,Health6,,,-,PublicFinances1800-2023
1903.0,Income tax1,LIBR-MS62,31.0,5,PublicFinances1800-2023
1903.0,"Index, base year = 100",MM23,9.3,13.5,PublicFinances1800-2023
1903.0,Land and Assessed Taxes,,3.0,5,PublicFinances1800-2023
1903.0,License fee receipts,DH7A,,-,PublicFinances1800-2023
1903.0,National Accounts Taxes,GCSU,,-,PublicFinances1800-2023
1903.0,National Insurance Contributions1,AIIH,,-,PublicFinances1800-2023
1903.0,"Nominal GDP (March-centred, £m)4","Nominal GDP (March-centred, £m)4",1873.0,393,PublicFinances1800-2023
1903.0,Nominal GDP (£m)3,Nominal GDP (£m)3,1871.0,355,PublicFinances1800-2023
1903.0,Other Central Government Receipts6,Residual,22.0,3,PublicFinances1800-2023
1903.0,Other Public Sector Spending10 ,,153.0,-,PublicFinances1800-2023
1903.0,Other business taxes1,KIH3 + N43V,,-,PublicFinances1800-2023
1903.0,Other public sector taxes and receipts8,Residual,78.0,-,PublicFinances1800-2023
1903.0,Petroleum Revenue tax (includes supplementary petroleum duty)3,ACCJ,,-,PublicFinances1800-2023
1903.0,Petroleum royalties3,,,-,PublicFinances1800-2023
1903.0,Public sector gross investment4,JW2Z + JW2S,38.0,-,PublicFinances1800-2023
1903.0,"Public sector net borrowing
(PSNB)1","Public sector net borrowing
(PSNB)1",27.0,21,PublicFinances1800-2023
1903.0,Public sector net debt (PSND)2,Public sector net debt (PSND)2,795.0,508,PublicFinances1800-2023
1903.0,Social Security7,,,-,PublicFinances1800-2023
1903.0,Stamp duties,GTBC,8.0,3,PublicFinances1800-2023
1903.0,Total Central Government spending1,ANLP + ANNS + NSRN,155.0,50,PublicFinances1800-2023
1903.0,Unit,Source dataset ID,1903.0,1800,PublicFinances1800-2023
1903.0,VAT (Purchase tax prior to 1973)4,NZGF,,-,PublicFinances1800-2023
1903.0,Years,Years,,1800-01,PublicFinances1800-2023
1903.0,o/w non-pensioners,,,-,PublicFinances1800-2023
1903.0,o/w pensioners,,,-,PublicFinances1800-2023
1904.0,Business rates,CUKY,,-,PublicFinances1800-2023
1904.0,Capital Gains Tax1,MS62,,-,PublicFinances1800-2023
1904.0,Corporation tax (profits taxes prior to 1966-67)2,CPRN,,-,PublicFinances1800-2023
1904.0,Council Tax (community charge and domestic rates prior to 1993),NMHM,,-,PublicFinances1800-2023
1904.0,Current spending3,JW2Q,209.0,-,PublicFinances1800-2023
1904.0,Custom and excise duties5,CUDG+GTAO+MF6V+ EKED+CDDZ+CWAA,72.0,18,PublicFinances1800-2023
1904.0,Death duties/Inheritance tax,ACCH,17.0,-,PublicFinances1800-2023
1904.0,Debt Interest9,NMFX,25.0,14,PublicFinances1800-2023
1904.0,Defence5,,66.0,32,PublicFinances1800-2023
1904.0,Education8,,,-,PublicFinances1800-2023
1904.0,Energy profits levy,JIS6,,-,PublicFinances1800-2023
1904.0,Gas Levy3,,,-,PublicFinances1800-2023
1904.0,Health6,,,-,PublicFinances1800-2023
1904.0,Income tax1,LIBR-MS62,31.0,5,PublicFinances1800-2023
1904.0,"Index, base year = 100",MM23,9.3,13.5,PublicFinances1800-2023
1904.0,Land and Assessed Taxes,,3.0,5,PublicFinances1800-2023
1904.0,License fee receipts,DH7A,,-,PublicFinances1800-2023
1904.0,National Accounts Taxes,GCSU,,-,PublicFinances1800-2023
1904.0,National Insurance Contributions1,AIIH,,-,PublicFinances1800-2023
1904.0,"Nominal GDP (March-centred, £m)4","Nominal GDP (March-centred, £m)4",1927.0,393,PublicFinances1800-2023
1904.0,Nominal GDP (£m)3,Nominal GDP (£m)3,1892.0,355,PublicFinances1800-2023
1904.0,Other Central Government Receipts6,Residual,23.0,3,PublicFinances1800-2023
1904.0,Other Public Sector Spending10 ,,155.0,-,PublicFinances1800-2023
1904.0,Other business taxes1,KIH3 + N43V,,-,PublicFinances1800-2023
1904.0,Other public sector taxes and receipts8,Residual,77.0,-,PublicFinances1800-2023
1904.0,Petroleum Revenue tax (includes supplementary petroleum duty)3,ACCJ,,-,PublicFinances1800-2023
1904.0,Petroleum royalties3,,,-,PublicFinances1800-2023
1904.0,Public sector gross investment4,JW2Z + JW2S,37.0,-,PublicFinances1800-2023
1904.0,"Public sector net borrowing
(PSNB)1","Public sector net borrowing
(PSNB)1",17.0,21,PublicFinances1800-2023
1904.0,Public sector net debt (PSND)2,Public sector net debt (PSND)2,797.0,508,PublicFinances1800-2023
1904.0,Social Security7,,,-,PublicFinances1800-2023
1904.0,Stamp duties,GTBC,8.0,3,PublicFinances1800-2023
1904.0,Total Central Government spending1,ANLP + ANNS + NSRN,150.0,50,PublicFinances1800-2023
1904.0,Unit,Source dataset ID,1904.0,1800,PublicFinances1800-2023
1904.0,VAT (Purchase tax prior to 1973)4,NZGF,,-,PublicFinances1800-2023
1904.0,Years,Years,,1800-01,PublicFinances1800-2023
1904.0,o/w non-pensioners,,,-,PublicFinances1800-2023
1904.0,o/w pensioners,,,-,PublicFinances1800-2023
1905.0,Business rates,CUKY,,-,PublicFinances1800-2023
1905.0,Capital Gains Tax1,MS62,,-,PublicFinances1800-2023
1905.0,Corporation tax (profits taxes prior to 1966-67)2,CPRN,,-,PublicFinances1800-2023
1905.0,Council Tax (community charge and domestic rates prior to 1993),NMHM,,-,PublicFinances1800-2023
1905.0,Current spending3,JW2Q,210.0,-,PublicFinances1800-2023
1905.0,Custom and excise duties5,CUDG+GTAO+MF6V+ EKED+CDDZ+CWAA,71.0,18,PublicFinances1800-2023
1905.0,Death duties/Inheritance tax,ACCH,17.0,-,PublicFinances1800-2023
1905.0,Debt Interest9,NMFX,25.0,14,PublicFinances1800-2023
1905.0,Defence5,,62.0,32,PublicFinances1800-2023
1905.0,Education8,,,-,PublicFinances1800-2023
1905.0,Energy profits levy,JIS6,,-,PublicFinances1800-2023
1905.0,Gas Levy3,,,-,PublicFinances1800-2023
1905.0,Health6,,,-,PublicFinances1800-2023
1905.0,Income tax1,LIBR-MS62,31.0,5,PublicFinances1800-2023
1905.0,"Index, base year = 100",MM23,9.3,13.5,PublicFinances1800-2023
1905.0,Land and Assessed Taxes,,3.0,5,PublicFinances1800-2023
1905.0,License fee receipts,DH7A,,-,PublicFinances1800-2023
1905.0,National Accounts Taxes,GCSU,,-,PublicFinances1800-2023
1905.0,National Insurance Contributions1,AIIH,,-,PublicFinances1800-2023
1905.0,"Nominal GDP (March-centred, £m)4","Nominal GDP (March-centred, £m)4",2002.0,393,PublicFinances1800-2023
1905.0,Nominal GDP (£m)3,Nominal GDP (£m)3,1963.0,355,PublicFinances1800-2023
1905.0,Other Central Government Receipts6,Residual,23.0,3,PublicFinances1800-2023
1905.0,Other Public Sector Spending10 ,,155.0,-,PublicFinances1800-2023
1905.0,Other business taxes1,KIH3 + N43V,,-,PublicFinances1800-2023
1905.0,Other public sector taxes and receipts8,Residual,80.0,-,PublicFinances1800-2023
1905.0,Petroleum Revenue tax (includes supplementary petroleum duty)3,ACCJ,,-,PublicFinances1800-2023
1905.0,Petroleum royalties3,,,-,PublicFinances1800-2023
1905.0,Public sector gross investment4,JW2Z + JW2S,32.0,-,PublicFinances1800-2023
1905.0,"Public sector net borrowing
(PSNB)1","Public sector net borrowing
(PSNB)1",8.0,21,PublicFinances1800-2023
1905.0,Public sector net debt (PSND)2,Public sector net debt (PSND)2,789.0,508,PublicFinances1800-2023
1905.0,Social Security7,,,-,PublicFinances1800-2023
1905.0,Stamp duties,GTBC,8.0,3,PublicFinances1800-2023
1905.0,Total Central Government spending1,ANLP + ANNS + NSRN,147.0,50,PublicFinances1800-2023
1905.0,Unit,Source dataset ID,1905.0,1800,PublicFinances1800-2023
1905.0,VAT (Purchase tax prior to 1973)4,NZGF,,-,PublicFinances1800-2023
1905.0,Years,Years,,1800-01,PublicFinances1800-2023
1905.0,o/w non-pensioners,,,-,PublicFinances1800-2023
1905.0,o/w pensioners,,,-,PublicFinances1800-2023
1906.0,Business rates,CUKY,,-,PublicFinances1800-2023
1906.0,Capital Gains Tax1,MS62,,-,PublicFinances1800-2023
1906.0,Corporation tax (profits taxes prior to 1966-67)2,CPRN,,-,PublicFinances1800-2023
1906.0,Council Tax (community charge and domestic rates prior to 1993),NMHM,,-,PublicFinances1800-2023
1906.0,Current spending3,JW2Q,210.0,-,PublicFinances1800-2023
1906.0,Custom and excise duties5,CUDG+GTAO+MF6V+ EKED+CDDZ+CWAA,69.0,18,PublicFinances1800-2023
1906.0,Death duties/Inheritance tax,ACCH,19.0,-,PublicFinances1800-2023
1906.0,Debt Interest9,NMFX,23.0,14,PublicFinances1800-2023
1906.0,Defence5,,60.0,32,PublicFinances1800-2023
1906.0,Education8,,,-,PublicFinances1800-2023
1906.0,Energy profits levy,JIS6,,-,PublicFinances1800-2023
1906.0,Gas Levy3,,,-,PublicFinances1800-2023
1906.0,Health6,,,-,PublicFinances1800-2023
1906.0,Income tax1,LIBR-MS62,32.0,5,PublicFinances1800-2023
1906.0,"Index, base year = 100",MM23,9.3,13.5,PublicFinances1800-2023
1906.0,Land and Assessed Taxes,,3.0,5,PublicFinances1800-2023
1906.0,License fee receipts,DH7A,,-,PublicFinances1800-2023
1906.0,National Accounts Taxes,GCSU,,-,PublicFinances1800-2023
1906.0,National Insurance Contributions1,AIIH,,-,PublicFinances1800-2023
1906.0,"Nominal GDP (March-centred, £m)4","Nominal GDP (March-centred, £m)4",2076.0,393,PublicFinances1800-2023
1906.0,Nominal GDP (£m)3,Nominal GDP (£m)3,2040.0,355,PublicFinances1800-2023
1906.0,Other Central Government Receipts6,Residual,25.0,3,PublicFinances1800-2023
1906.0,Other Public Sector Spending10 ,,156.0,-,PublicFinances1800-2023
1906.0,Other business taxes1,KIH3 + N43V,,-,PublicFinances1800-2023
1906.0,Other public sector taxes and receipts8,Residual,83.0,-,PublicFinances1800-2023
1906.0,Petroleum Revenue tax (includes supplementary petroleum duty)3,ACCJ,,-,PublicFinances1800-2023
1906.0,Petroleum royalties3,,,-,PublicFinances1800-2023
1906.0,Public sector gross investment4,JW2Z + JW2S,28.0,-,PublicFinances1800-2023
1906.0,"Public sector net borrowing
(PSNB)1","Public sector net borrowing
(PSNB)1",0.0,21,PublicFinances1800-2023
1906.0,Public sector net debt (PSND)2,Public sector net debt (PSND)2,779.0,508,PublicFinances1800-2023
1906.0,Social Security7,,,-,PublicFinances1800-2023
1906.0,Stamp duties,GTBC,8.0,3,PublicFinances1800-2023
1906.0,Total Central Government spending1,ANLP + ANNS + NSRN,144.0,50,PublicFinances1800-2023
1906.0,Unit,Source dataset ID,1906.0,1800,PublicFinances1800-2023
1906.0,VAT (Purchase tax prior to 1973)4,NZGF,,-,PublicFinances1800-2023
1906.0,Years,Years,,1800-01,PublicFinances1800-2023
1906.0,o/w non-pensioners,,,-,PublicFinances1800-2023
1906.0,o/w pensioners,,,-,PublicFinances1800-2023
1907.0,Business rates,CUKY,,-,PublicFinances1800-2023
1907.0,Capital Gains Tax1,MS62,,-,PublicFinances1800-2023
1907.0,Corporation tax (profits taxes prior to 1966-67)2,CPRN,,-,PublicFinances1800-2023
1907.0,Council Tax (community charge and domestic rates prior to 1993),NMHM,,-,PublicFinances1800-2023
1907.0,Current spending3,JW2Q,211.0,-,PublicFinances1800-2023
1907.0,Custom and excise duties5,CUDG+GTAO+MF6V+ EKED+CDDZ+CWAA,68.0,18,PublicFinances1800-2023
1907.0,Death duties/Inheritance tax,ACCH,19.0,-,PublicFinances1800-2023
1907.0,Debt Interest9,NMFX,21.0,14,PublicFinances1800-2023
1907.0,Defence5,,59.0,32,PublicFinances1800-2023
1907.0,Education8,,,-,PublicFinances1800-2023
1907.0,Energy profits levy,JIS6,,-,PublicFinances1800-2023
1907.0,Gas Levy3,,,-,PublicFinances1800-2023
1907.0,Health6,,,-,PublicFinances1800-2023
1907.0,Income tax1,LIBR-MS62,32.0,5,PublicFinances1800-2023
1907.0,"Index, base year = 100",MM23,9.4,13.5,PublicFinances1800-2023
1907.0,Land and Assessed Taxes,,3.0,5,PublicFinances1800-2023
1907.0,License fee receipts,DH7A,,-,PublicFinances1800-2023
1907.0,National Accounts Taxes,GCSU,,-,PublicFinances1800-2023
1907.0,National Insurance Contributions1,AIIH,,-,PublicFinances1800-2023
1907.0,"Nominal GDP (March-centred, £m)4","Nominal GDP (March-centred, £m)4",2018.0,393,PublicFinances1800-2023
1907.0,Nominal GDP (£m)3,Nominal GDP (£m)3,2069.0,355,PublicFinances1800-2023
1907.0,Other Central Government Receipts6,Residual,26.0,3,PublicFinances1800-2023
1907.0,Other Public Sector Spending10 ,,157.0,-,PublicFinances1800-2023
1907.0,Other business taxes1,KIH3 + N43V,,-,PublicFinances1800-2023
1907.0,Other public sector taxes and receipts8,Residual,85.0,-,PublicFinances1800-2023
1907.0,Petroleum Revenue tax (includes supplementary petroleum duty)3,ACCJ,,-,PublicFinances1800-2023
1907.0,Petroleum royalties3,,,-,PublicFinances1800-2023
1907.0,Public sector gross investment4,JW2Z + JW2S,26.0,-,PublicFinances1800-2023
1907.0,"Public sector net borrowing
(PSNB)1","Public sector net borrowing
(PSNB)1",-5.0,21,PublicFinances1800-2023
1907.0,Public sector net debt (PSND)2,Public sector net debt (PSND)2,762.0,508,PublicFinances1800-2023
1907.0,Social Security7,,,-,PublicFinances1800-2023
1907.0,Stamp duties,GTBC,8.0,3,PublicFinances1800-2023
1907.0,Total Central Government spending1,ANLP + ANNS + NSRN,143.0,50,PublicFinances1800-2023
1907.0,Unit,Source dataset ID,1907.0,1800,PublicFinances1800-2023
1907.0,VAT (Purchase tax prior to 1973)4,NZGF,,-,PublicFinances1800-2023
1907.0,Years,Years,,1800-01,PublicFinances1800-2023
1907.0,o/w non-pensioners,,,-,PublicFinances1800-2023
1907.0,o/w pensioners,,,-,PublicFinances1800-2023
1908.0,Business rates,CUKY,,-,PublicFinances1800-2023
1908.0,Capital Gains Tax1,MS62,,-,PublicFinances1800-2023
1908.0,Corporation tax (profits taxes prior to 1966-67)2,CPRN,,-,PublicFinances1800-2023
1908.0,Council Tax (community charge and domestic rates prior to 1993),NMHM,,-,PublicFinances1800-2023
1908.0,Current spending3,JW2Q,217.0,-,PublicFinances1800-2023
1908.0,Custom and excise duties5,CUDG+GTAO+MF6V+ EKED+CDDZ+CWAA,63.0,18,PublicFinances1800-2023
1908.0,Death duties/Inheritance tax,ACCH,18.0,-,PublicFinances1800-2023
1908.0,Debt Interest9,NMFX,22.0,14,PublicFinances1800-2023
1908.0,Defence5,,60.0,32,PublicFinances1800-2023
1908.0,Education8,,,-,PublicFinances1800-2023
1908.0,Energy profits levy,JIS6,,-,PublicFinances1800-2023
1908.0,Gas Levy3,,,-,PublicFinances1800-2023
1908.0,Health6,,,-,PublicFinances1800-2023
1908.0,Income tax1,LIBR-MS62,34.0,5,PublicFinances1800-2023
1908.0,"Index, base year = 100",MM23,9.4,13.5,PublicFinances1800-2023
1908.0,Land and Assessed Taxes,,3.0,5,PublicFinances1800-2023
1908.0,License fee receipts,DH7A,,-,PublicFinances1800-2023
1908.0,National Accounts Taxes,GCSU,,-,PublicFinances1800-2023
1908.0,National Insurance Contributions1,AIIH,,-,PublicFinances1800-2023
1908.0,"Nominal GDP (March-centred, £m)4","Nominal GDP (March-centred, £m)4",2025.0,393,PublicFinances1800-2023
1908.0,Nominal GDP (£m)3,Nominal GDP (£m)3,2003.0,355,PublicFinances1800-2023
1908.0,Other Central Government Receipts6,Residual,26.0,3,PublicFinances1800-2023
1908.0,Other Public Sector Spending10 ,,160.0,-,PublicFinances1800-2023
1908.0,Other business taxes1,KIH3 + N43V,,-,PublicFinances1800-2023
1908.0,Other public sector taxes and receipts8,Residual,89.0,-,PublicFinances1800-2023
1908.0,Petroleum Revenue tax (includes supplementary petroleum duty)3,ACCJ,,-,PublicFinances1800-2023
1908.0,Petroleum royalties3,,,-,PublicFinances1800-2023
1908.0,Public sector gross investment4,JW2Z + JW2S,24.0,-,PublicFinances1800-2023
1908.0,"Public sector net borrowing
(PSNB)1","Public sector net borrowing
(PSNB)1",1.0,21,PublicFinances1800-2023
1908.0,Public sector net debt (PSND)2,Public sector net debt (PSND)2,754.0,508,PublicFinances1800-2023
1908.0,Social Security7,,,-,PublicFinances1800-2023
1908.0,Stamp duties,GTBC,8.0,3,PublicFinances1800-2023
1908.0,Total Central Government spending1,ANLP + ANNS + NSRN,145.0,50,PublicFinances1800-2023
1908.0,Unit,Source dataset ID,1908.0,1800,PublicFinances1800-2023
1908.0,VAT (Purchase tax prior to 1973)4,NZGF,,-,PublicFinances1800-2023
1908.0,Years,Years,,1800-01,PublicFinances1800-2023
1908.0,o/w non-pensioners,,,-,PublicFinances1800-2023
1908.0,o/w pensioners,,,-,PublicFinances1800-2023
1909.0,Business rates,CUKY,,-,PublicFinances1800-2023
1909.0,Capital Gains Tax1,MS62,,-,PublicFinances1800-2023
1909.0,Corporation tax (profits taxes prior to 1966-67)2,CPRN,,-,PublicFinances1800-2023
1909.0,Council Tax (community charge and domestic rates prior to 1993),NMHM,,-,PublicFinances1800-2023
1909.0,Current spending3,JW2Q,231.0,-,PublicFinances1800-2023
1909.0,Custom and excise duties5,CUDG+GTAO+MF6V+ EKED+CDDZ+CWAA,61.0,18,PublicFinances1800-2023
1909.0,Death duties/Inheritance tax,ACCH,22.0,-,PublicFinances1800-2023
1909.0,Debt Interest9,NMFX,21.0,14,PublicFinances1800-2023
1909.0,Defence5,,63.0,32,PublicFinances1800-2023
1909.0,Education8,,,-,PublicFinances1800-2023
1909.0,Energy profits levy,JIS6,,-,PublicFinances1800-2023
1909.0,Gas Levy3,,,-,PublicFinances1800-2023
1909.0,Health6,,,-,PublicFinances1800-2023
1909.0,Income tax1,LIBR-MS62,13.0,5,PublicFinances1800-2023
1909.0,"Index, base year = 100",MM23,9.5,13.5,PublicFinances1800-2023
1909.0,Land and Assessed Taxes,,1.0,5,PublicFinances1800-2023
1909.0,License fee receipts,DH7A,,-,PublicFinances1800-2023
1909.0,National Accounts Taxes,GCSU,,-,PublicFinances1800-2023
1909.0,National Insurance Contributions1,AIIH,,-,PublicFinances1800-2023
1909.0,"Nominal GDP (March-centred, £m)4","Nominal GDP (March-centred, £m)4",2100.0,393,PublicFinances1800-2023
1909.0,Nominal GDP (£m)3,Nominal GDP (£m)3,2057.0,355,PublicFinances1800-2023
1909.0,Other Central Government Receipts6,Residual,27.0,3,PublicFinances1800-2023
1909.0,Other Public Sector Spending10 ,,171.0,-,PublicFinances1800-2023
1909.0,Other business taxes1,KIH3 + N43V,,-,PublicFinances1800-2023
1909.0,Other public sector taxes and receipts8,Residual,118.0,-,PublicFinances1800-2023
1909.0,Petroleum Revenue tax (includes supplementary petroleum duty)3,ACCJ,,-,PublicFinances1800-2023
1909.0,Petroleum royalties3,,,-,PublicFinances1800-2023
1909.0,Public sector gross investment4,JW2Z + JW2S,24.0,-,PublicFinances1800-2023
1909.0,"Public sector net borrowing
(PSNB)1","Public sector net borrowing
(PSNB)1",5.0,21,PublicFinances1800-2023
1909.0,Public sector net debt (PSND)2,Public sector net debt (PSND)2,763.0,508,PublicFinances1800-2023
1909.0,Social Security7,,,-,PublicFinances1800-2023
1909.0,Stamp duties,GTBC,8.0,3,PublicFinances1800-2023
1909.0,Total Central Government spending1,ANLP + ANNS + NSRN,157.0,50,PublicFinances1800-2023
1909.0,Unit,Source dataset ID,1909.0,1800,PublicFinances1800-2023
1909.0,VAT (Purchase tax prior to 1973)4,NZGF,,-,PublicFinances1800-2023
1909.0,Years,Years,,1800-01,PublicFinances1800-2023
1909.0,o/w non-pensioners,,,-,PublicFinances1800-2023
1909.0,o/w pensioners,,,-,PublicFinances1800-2023
1910.0,Business rates,CUKY,,-,PublicFinances1800-2023
1910.0,Capital Gains Tax1,MS62,,-,PublicFinances1800-2023
1910.0,Corporation tax (profits taxes prior to 1966-67)2,CPRN,,-,PublicFinances1800-2023
1910.0,Council Tax (community charge and domestic rates prior to 1993),NMHM,,-,PublicFinances1800-2023
1910.0,Current spending3,JW2Q,240.0,-,PublicFinances1800-2023
1910.0,Custom and excise duties5,CUDG+GTAO+MF6V+ EKED+CDDZ+CWAA,73.0,18,PublicFinances1800-2023
1910.0,Death duties/Inheritance tax,ACCH,26.0,-,PublicFinances1800-2023
1910.0,Debt Interest9,NMFX,20.0,14,PublicFinances1800-2023
1910.0,Defence5,,67.0,32,PublicFinances1800-2023
1910.0,Education8,,,-,PublicFinances1800-2023
1910.0,Energy profits levy,JIS6,,-,PublicFinances1800-2023
1910.0,Gas Levy3,,,-,PublicFinances1800-2023
1910.0,Health6,,,-,PublicFinances1800-2023
1910.0,Income tax1,LIBR-MS62,62.0,5,PublicFinances1800-2023
1910.0,"Index, base year = 100",MM23,9.6,13.5,PublicFinances1800-2023
1910.0,Land and Assessed Taxes,,4.0,5,PublicFinances1800-2023
1910.0,License fee receipts,DH7A,,-,PublicFinances1800-2023
1910.0,National Accounts Taxes,GCSU,,-,PublicFinances1800-2023
1910.0,National Insurance Contributions1,AIIH,,-,PublicFinances1800-2023
1910.0,"Nominal GDP (March-centred, £m)4","Nominal GDP (March-centred, £m)4",2187.0,393,PublicFinances1800-2023
1910.0,Nominal GDP (£m)3,Nominal GDP (£m)3,2144.0,355,PublicFinances1800-2023
1910.0,Other Central Government Receipts6,Residual,29.0,3,PublicFinances1800-2023
1910.0,Other Public Sector Spending10 ,,176.0,-,PublicFinances1800-2023
1910.0,Other business taxes1,KIH3 + N43V,,-,PublicFinances1800-2023
1910.0,Other public sector taxes and receipts8,Residual,66.0,-,PublicFinances1800-2023
1910.0,Petroleum Revenue tax (includes supplementary petroleum duty)3,ACCJ,,-,PublicFinances1800-2023
1910.0,Petroleum royalties3,,,-,PublicFinances1800-2023
1910.0,Public sector gross investment4,JW2Z + JW2S,24.0,-,PublicFinances1800-2023
1910.0,"Public sector net borrowing
(PSNB)1","Public sector net borrowing
(PSNB)1",-7.0,21,PublicFinances1800-2023
1910.0,Public sector net debt (PSND)2,Public sector net debt (PSND)2,733.0,508,PublicFinances1800-2023
1910.0,Social Security7,,,-,PublicFinances1800-2023
1910.0,Stamp duties,GTBC,10.0,3,PublicFinances1800-2023
1910.0,Total Central Government spending1,ANLP + ANNS + NSRN,168.0,50,PublicFinances1800-2023
1910.0,Unit,Source dataset ID,1910.0,1800,PublicFinances1800-2023
1910.0,VAT (Purchase tax prior to 1973)4,NZGF,,-,PublicFinances1800-2023
1910.0,Years,Years,,1800-01,PublicFinances1800-2023
1910.0,o/w non-pensioners,,,-,PublicFinances1800-2023
1910.0,o/w pensioners,,,-,PublicFinances1800-2023
1911.0,Business rates,CUKY,,-,PublicFinances1800-2023
1911.0,Capital Gains Tax1,MS62,,-,PublicFinances1800-2023
1911.0,Corporation tax (profits taxes prior to 1966-67)2,CPRN,,-,PublicFinances1800-2023
1911.0,Council Tax (community charge and domestic rates prior to 1993),NMHM,,-,PublicFinances1800-2023
1911.0,Current spending3,JW2Q,249.0,-,PublicFinances1800-2023
1911.0,Custom and excise duties5,CUDG+GTAO+MF6V+ EKED+CDDZ+CWAA,72.0,18,PublicFinances1800-2023
1911.0,Death duties/Inheritance tax,ACCH,25.0,-,PublicFinances1800-2023
1911.0,Debt Interest9,NMFX,20.0,14,PublicFinances1800-2023
1911.0,Defence5,,70.0,32,PublicFinances1800-2023
1911.0,Education8,,,-,PublicFinances1800-2023
1911.0,Energy profits levy,JIS6,,-,PublicFinances1800-2023
1911.0,Gas Levy3,,,-,PublicFinances1800-2023
1911.0,Health6,,,-,PublicFinances1800-2023
1911.0,Income tax1,LIBR-MS62,45.0,5,PublicFinances1800-2023
1911.0,"Index, base year = 100",MM23,9.6,13.5,PublicFinances1800-2023
1911.0,Land and Assessed Taxes,,3.0,5,PublicFinances1800-2023
1911.0,License fee receipts,DH7A,,-,PublicFinances1800-2023
1911.0,National Accounts Taxes,GCSU,,-,PublicFinances1800-2023
1911.0,National Insurance Contributions1,AIIH,3.0,-,PublicFinances1800-2023
1911.0,"Nominal GDP (March-centred, £m)4","Nominal GDP (March-centred, £m)4",2280.0,393,PublicFinances1800-2023
1911.0,Nominal GDP (£m)3,Nominal GDP (£m)3,2232.0,355,PublicFinances1800-2023
1911.0,Other Central Government Receipts6,Residual,28.0,3,PublicFinances1800-2023
1911.0,Other Public Sector Spending10 ,,182.0,-,PublicFinances1800-2023
1911.0,Other business taxes1,KIH3 + N43V,,-,PublicFinances1800-2023
1911.0,Other public sector taxes and receipts8,Residual,96.0,-,PublicFinances1800-2023
1911.0,Petroleum Revenue tax (includes supplementary petroleum duty)3,ACCJ,,-,PublicFinances1800-2023
1911.0,Petroleum royalties3,,,-,PublicFinances1800-2023
1911.0,Public sector gross investment4,JW2Z + JW2S,23.0,-,PublicFinances1800-2023
1911.0,"Public sector net borrowing
(PSNB)1","Public sector net borrowing
(PSNB)1",-9.0,21,PublicFinances1800-2023
1911.0,Public sector net debt (PSND)2,Public sector net debt (PSND)2,718.0,508,PublicFinances1800-2023
1911.0,Social Security7,,,-,PublicFinances1800-2023
1911.0,Stamp duties,GTBC,10.0,3,PublicFinances1800-2023
1911.0,Total Central Government spending1,ANLP + ANNS + NSRN,174.0,50,PublicFinances1800-2023
1911.0,Unit,Source dataset ID,1911.0,1800,PublicFinances1800-2023
1911.0,VAT (Purchase tax prior to 1973)4,NZGF,,-,PublicFinances1800-2023
1911.0,Years,Years,,1800-01,PublicFinances1800-2023
1911.0,o/w non-pensioners,,,-,PublicFinances1800-2023
1911.0,o/w pensioners,,,-,PublicFinances1800-2023
1912.0,Business rates,CUKY,,-,PublicFinances1800-2023
1912.0,Capital Gains Tax1,MS62,,-,PublicFinances1800-2023
1912.0,Corporation tax (profits taxes prior to 1966-67)2,CPRN,,-,PublicFinances1800-2023
1912.0,Council Tax (community charge and domestic rates prior to 1993),NMHM,,-,PublicFinances1800-2023
1912.0,Current spending3,JW2Q,261.0,-,PublicFinances1800-2023
1912.0,Custom and excise duties5,CUDG+GTAO+MF6V+ EKED+CDDZ+CWAA,71.0,18,PublicFinances1800-2023
1912.0,Death duties/Inheritance tax,ACCH,25.0,-,PublicFinances1800-2023
1912.0,Debt Interest9,NMFX,20.0,14,PublicFinances1800-2023
1912.0,Defence5,,73.0,32,PublicFinances1800-2023
1912.0,Education8,,,-,PublicFinances1800-2023
1912.0,Energy profits levy,JIS6,,-,PublicFinances1800-2023
1912.0,Gas Levy3,,,-,PublicFinances1800-2023
1912.0,Health6,,,-,PublicFinances1800-2023
1912.0,Income tax1,LIBR-MS62,45.0,5,PublicFinances1800-2023
1912.0,"Index, base year = 100",MM23,9.9,13.5,PublicFinances1800-2023
1912.0,Land and Assessed Taxes,,3.0,5,PublicFinances1800-2023
1912.0,License fee receipts,DH7A,,-,PublicFinances1800-2023
1912.0,National Accounts Taxes,GCSU,,-,PublicFinances1800-2023
1912.0,National Insurance Contributions1,AIIH,12.0,-,PublicFinances1800-2023
1912.0,"Nominal GDP (March-centred, £m)4","Nominal GDP (March-centred, £m)4",2379.0,393,PublicFinances1800-2023
1912.0,Nominal GDP (£m)3,Nominal GDP (£m)3,2329.0,355,PublicFinances1800-2023
1912.0,Other Central Government Receipts6,Residual,23.0,3,PublicFinances1800-2023
1912.0,Other Public Sector Spending10 ,,194.0,-,PublicFinances1800-2023
1912.0,Other business taxes1,KIH3 + N43V,,-,PublicFinances1800-2023
1912.0,Other public sector taxes and receipts8,Residual,112.0,-,PublicFinances1800-2023
1912.0,Petroleum Revenue tax (includes supplementary petroleum duty)3,ACCJ,,-,PublicFinances1800-2023
1912.0,Petroleum royalties3,,,-,PublicFinances1800-2023
1912.0,Public sector gross investment4,JW2Z + JW2S,26.0,-,PublicFinances1800-2023
1912.0,"Public sector net borrowing
(PSNB)1","Public sector net borrowing
(PSNB)1",-14.0,21,PublicFinances1800-2023
1912.0,Public sector net debt (PSND)2,Public sector net debt (PSND)2,711.0,508,PublicFinances1800-2023
1912.0,Social Security7,,,-,PublicFinances1800-2023
1912.0,Stamp duties,GTBC,10.0,3,PublicFinances1800-2023
1912.0,Total Central Government spending1,ANLP + ANNS + NSRN,184.0,50,PublicFinances1800-2023
1912.0,Unit,Source dataset ID,1912.0,1800,PublicFinances1800-2023
1912.0,VAT (Purchase tax prior to 1973)4,NZGF,,-,PublicFinances1800-2023
1912.0,Years,Years,,1800-01,PublicFinances1800-2023
1912.0,o/w non-pensioners,,,-,PublicFinances1800-2023
1912.0,o/w pensioners,,,-,PublicFinances1800-2023
1913.0,Business rates,CUKY,,-,PublicFinances1800-2023
1913.0,Capital Gains Tax1,MS62,,-,PublicFinances1800-2023
1913.0,Corporation tax (profits taxes prior to 1966-67)2,CPRN,,-,PublicFinances1800-2023
1913.0,Council Tax (community charge and domestic rates prior to 1993),NMHM,,-,PublicFinances1800-2023
1913.0,Current spending3,JW2Q,304.0,-,PublicFinances1800-2023
1913.0,Custom and excise duties5,CUDG+GTAO+MF6V+ EKED+CDDZ+CWAA,73.0,18,PublicFinances1800-2023
1913.0,Death duties/Inheritance tax,ACCH,27.0,-,PublicFinances1800-2023
1913.0,Debt Interest9,NMFX,19.0,14,PublicFinances1800-2023
1913.0,Defence5,,144.0,32,PublicFinances1800-2023
1913.0,Education8,,,-,PublicFinances1800-2023
1913.0,Energy profits levy,JIS6,,-,PublicFinances1800-2023
1913.0,Gas Levy3,,,-,PublicFinances1800-2023
1913.0,Health6,,,-,PublicFinances1800-2023
1913.0,Income tax1,LIBR-MS62,47.0,5,PublicFinances1800-2023
1913.0,"Index, base year = 100",MM23,9.8,13.5,PublicFinances1800-2023
1913.0,Land and Assessed Taxes,,3.0,5,PublicFinances1800-2023
1913.0,License fee receipts,DH7A,,-,PublicFinances1800-2023
1913.0,National Accounts Taxes,GCSU,,-,PublicFinances1800-2023
1913.0,National Insurance Contributions1,AIIH,19.0,-,PublicFinances1800-2023
1913.0,"Nominal GDP (March-centred, £m)4","Nominal GDP (March-centred, £m)4",2427.0,393,PublicFinances1800-2023
1913.0,Nominal GDP (£m)3,Nominal GDP (£m)3,2412.0,355,PublicFinances1800-2023
1913.0,Other Central Government Receipts6,Residual,19.0,3,PublicFinances1800-2023
1913.0,Other Public Sector Spending10 ,,170.0,-,PublicFinances1800-2023
1913.0,Other business taxes1,KIH3 + N43V,,-,PublicFinances1800-2023
1913.0,Other public sector taxes and receipts8,Residual,115.0,-,PublicFinances1800-2023
1913.0,Petroleum Revenue tax (includes supplementary petroleum duty)3,ACCJ,,-,PublicFinances1800-2023
1913.0,Petroleum royalties3,,,-,PublicFinances1800-2023
1913.0,Public sector gross investment4,JW2Z + JW2S,30.0,-,PublicFinances1800-2023
1913.0,"Public sector net borrowing
(PSNB)1","Public sector net borrowing
(PSNB)1",22.0,21,PublicFinances1800-2023
1913.0,Public sector net debt (PSND)2,Public sector net debt (PSND)2,706.0,508,PublicFinances1800-2023
1913.0,Social Security7,,,-,PublicFinances1800-2023
1913.0,Stamp duties,GTBC,10.0,3,PublicFinances1800-2023
1913.0,Total Central Government spending1,ANLP + ANNS + NSRN,192.0,50,PublicFinances1800-2023
1913.0,Unit,Source dataset ID,1913.0,1800,PublicFinances1800-2023
1913.0,VAT (Purchase tax prior to 1973)4,NZGF,,-,PublicFinances1800-2023
1913.0,Years,Years,,1800-01,PublicFinances1800-2023
1913.0,o/w non-pensioners,,,-,PublicFinances1800-2023
1913.0,o/w pensioners,,,-,PublicFinances1800-2023
1914.0,Business rates,CUKY,,-,PublicFinances1800-2023
1914.0,Capital Gains Tax1,MS62,,-,PublicFinances1800-2023
1914.0,Corporation tax (profits taxes prior to 1966-67)2,CPRN,,-,PublicFinances1800-2023
1914.0,Council Tax (community charge and domestic rates prior to 1993),NMHM,,-,PublicFinances1800-2023
1914.0,Current spending3,JW2Q,592.0,-,PublicFinances1800-2023
1914.0,Custom and excise duties5,CUDG+GTAO+MF6V+ EKED+CDDZ+CWAA,81.0,18,PublicFinances1800-2023
1914.0,Death duties/Inheritance tax,ACCH,28.0,-,PublicFinances1800-2023
1914.0,Debt Interest9,NMFX,22.0,14,PublicFinances1800-2023
1914.0,Defence5,,550.0,32,PublicFinances1800-2023
1914.0,Education8,,,-,PublicFinances1800-2023
1914.0,Energy profits levy,JIS6,,-,PublicFinances1800-2023
1914.0,Gas Levy3,,,-,PublicFinances1800-2023
1914.0,Health6,,,-,PublicFinances1800-2023
1914.0,Income tax1,LIBR-MS62,69.0,5,PublicFinances1800-2023
1914.0,"Index, base year = 100",MM23,9.8,13.5,PublicFinances1800-2023
1914.0,Land and Assessed Taxes,,3.0,5,PublicFinances1800-2023
1914.0,License fee receipts,DH7A,,-,PublicFinances1800-2023
1914.0,National Accounts Taxes,GCSU,,-,PublicFinances1800-2023
1914.0,National Insurance Contributions1,AIIH,20.0,-,PublicFinances1800-2023
1914.0,"Nominal GDP (March-centred, £m)4","Nominal GDP (March-centred, £m)4",2796.0,393,PublicFinances1800-2023
1914.0,Nominal GDP (£m)3,Nominal GDP (£m)3,2555.0,355,PublicFinances1800-2023
1914.0,Other Central Government Receipts6,Residual,17.0,3,PublicFinances1800-2023
1914.0,Other Public Sector Spending10 ,,47.0,-,PublicFinances1800-2023
1914.0,Other business taxes1,KIH3 + N43V,,-,PublicFinances1800-2023
1914.0,Other public sector taxes and receipts8,Residual,113.0,-,PublicFinances1800-2023
1914.0,Petroleum Revenue tax (includes supplementary petroleum duty)3,ACCJ,,-,PublicFinances1800-2023
1914.0,Petroleum royalties3,,,-,PublicFinances1800-2023
1914.0,Public sector gross investment4,JW2Z + JW2S,27.0,-,PublicFinances1800-2023
1914.0,"Public sector net borrowing
(PSNB)1","Public sector net borrowing
(PSNB)1",294.0,21,PublicFinances1800-2023
1914.0,Public sector net debt (PSND)2,Public sector net debt (PSND)2,1162.0,508,PublicFinances1800-2023
1914.0,Social Security7,,,-,PublicFinances1800-2023
1914.0,Stamp duties,GTBC,8.0,3,PublicFinances1800-2023
1914.0,Total Central Government spending1,ANLP + ANNS + NSRN,560.0,50,PublicFinances1800-2023
1914.0,Unit,Source dataset ID,1914.0,1800,PublicFinances1800-2023
1914.0,VAT (Purchase tax prior to 1973)4,NZGF,,-,PublicFinances1800-2023
1914.0,Years,Years,,1800-01,PublicFinances1800-2023
1914.0,o/w non-pensioners,,,-,PublicFinances1800-2023
1914.0,o/w pensioners,,,-,PublicFinances1800-2023
1915.0,Business rates,CUKY,,-,PublicFinances1800-2023
1915.0,Capital Gains Tax1,MS62,,-,PublicFinances1800-2023
1915.0,Corporation tax (profits taxes prior to 1966-67)2,CPRN,,-,PublicFinances1800-2023
1915.0,Council Tax (community charge and domestic rates prior to 1993),NMHM,,-,PublicFinances1800-2023
1915.0,Current spending3,JW2Q,1544.0,-,PublicFinances1800-2023
1915.0,Custom and excise duties5,CUDG+GTAO+MF6V+ EKED+CDDZ+CWAA,121.0,18,PublicFinances1800-2023
1915.0,Death duties/Inheritance tax,ACCH,31.0,-,PublicFinances1800-2023
1915.0,Debt Interest9,NMFX,60.0,14,PublicFinances1800-2023
1915.0,Defence5,,1327.0,32,PublicFinances1800-2023
1915.0,Education8,,,-,PublicFinances1800-2023
1915.0,Energy profits levy,JIS6,,-,PublicFinances1800-2023
1915.0,Gas Levy3,,,-,PublicFinances1800-2023
1915.0,Health6,,,-,PublicFinances1800-2023
1915.0,Income tax1,LIBR-MS62,128.0,5,PublicFinances1800-2023
1915.0,"Index, base year = 100",MM23,11.0,13.5,PublicFinances1800-2023
1915.0,Land and Assessed Taxes,,3.0,5,PublicFinances1800-2023
1915.0,License fee receipts,DH7A,,-,PublicFinances1800-2023
1915.0,National Accounts Taxes,GCSU,,-,PublicFinances1800-2023
1915.0,National Insurance Contributions1,AIIH,21.0,-,PublicFinances1800-2023
1915.0,"Nominal GDP (March-centred, £m)4","Nominal GDP (March-centred, £m)4",3265.0,393,PublicFinances1800-2023
1915.0,Nominal GDP (£m)3,Nominal GDP (£m)3,3033.0,355,PublicFinances1800-2023
1915.0,Other Central Government Receipts6,Residual,26.0,3,PublicFinances1800-2023
1915.0,Other Public Sector Spending10 ,,172.0,-,PublicFinances1800-2023
1915.0,Other business taxes1,KIH3 + N43V,,-,PublicFinances1800-2023
1915.0,Other public sector taxes and receipts8,Residual,110.0,-,PublicFinances1800-2023
1915.0,Petroleum Revenue tax (includes supplementary petroleum duty)3,ACCJ,,-,PublicFinances1800-2023
1915.0,Petroleum royalties3,,,-,PublicFinances1800-2023
1915.0,Public sector gross investment4,JW2Z + JW2S,15.0,-,PublicFinances1800-2023
1915.0,"Public sector net borrowing
(PSNB)1","Public sector net borrowing
(PSNB)1",854.0,21,PublicFinances1800-2023
1915.0,Public sector net debt (PSND)2,Public sector net debt (PSND)2,2190.0,508,PublicFinances1800-2023
1915.0,Social Security7,,,-,PublicFinances1800-2023
1915.0,Stamp duties,GTBC,7.0,3,PublicFinances1800-2023
1915.0,Total Central Government spending1,ANLP + ANNS + NSRN,1559.0,50,PublicFinances1800-2023
1915.0,Unit,Source dataset ID,1915.0,1800,PublicFinances1800-2023
1915.0,VAT (Purchase tax prior to 1973)4,NZGF,,-,PublicFinances1800-2023
1915.0,Years,Years,,1800-01,PublicFinances1800-2023
1915.0,o/w non-pensioners,,,-,PublicFinances1800-2023
1915.0,o/w pensioners,,,-,PublicFinances1800-2023
1916.0,Business rates,CUKY,,-,PublicFinances1800-2023
1916.0,Capital Gains Tax1,MS62,,-,PublicFinances1800-2023
1916.0,Corporation tax (profits taxes prior to 1966-67)2,CPRN,140.0,-,PublicFinances1800-2023
1916.0,Council Tax (community charge and domestic rates prior to 1993),NMHM,,-,PublicFinances1800-2023
1916.0,Current spending3,JW2Q,2190.0,-,PublicFinances1800-2023
1916.0,Custom and excise duties5,CUDG+GTAO+MF6V+ EKED+CDDZ+CWAA,127.0,18,PublicFinances1800-2023
1916.0,Death duties/Inheritance tax,ACCH,31.0,-,PublicFinances1800-2023
1916.0,Debt Interest9,NMFX,127.0,14,PublicFinances1800-2023
1916.0,Defence5,,1947.0,32,PublicFinances1800-2023
1916.0,Education8,,,-,PublicFinances1800-2023
1916.0,Energy profits levy,JIS6,,-,PublicFinances1800-2023
1916.0,Gas Levy3,,,-,PublicFinances1800-2023
1916.0,Health6,,,-,PublicFinances1800-2023
1916.0,Income tax1,LIBR-MS62,205.0,5,PublicFinances1800-2023
1916.0,"Index, base year = 100",MM23,13.0,13.5,PublicFinances1800-2023
1916.0,Land and Assessed Taxes,,3.0,5,PublicFinances1800-2023
1916.0,License fee receipts,DH7A,,-,PublicFinances1800-2023
1916.0,National Accounts Taxes,GCSU,,-,PublicFinances1800-2023
1916.0,National Insurance Contributions1,AIIH,21.0,-,PublicFinances1800-2023
1916.0,"Nominal GDP (March-centred, £m)4","Nominal GDP (March-centred, £m)4",3984.0,393,PublicFinances1800-2023
1916.0,Nominal GDP (£m)3,Nominal GDP (£m)3,3582.0,355,PublicFinances1800-2023
1916.0,Other Central Government Receipts6,Residual,39.0,3,PublicFinances1800-2023
1916.0,Other Public Sector Spending10 ,,124.0,-,PublicFinances1800-2023
1916.0,Other business taxes1,KIH3 + N43V,,-,PublicFinances1800-2023
1916.0,Other public sector taxes and receipts8,Residual,71.0,-,PublicFinances1800-2023
1916.0,Petroleum Revenue tax (includes supplementary petroleum duty)3,ACCJ,,-,PublicFinances1800-2023
1916.0,Petroleum royalties3,,,-,PublicFinances1800-2023
1916.0,Public sector gross investment4,JW2Z + JW2S,8.0,-,PublicFinances1800-2023
1916.0,"Public sector net borrowing
(PSNB)1","Public sector net borrowing
(PSNB)1",1034.0,21,PublicFinances1800-2023
1916.0,Public sector net debt (PSND)2,Public sector net debt (PSND)2,4064.0,508,PublicFinances1800-2023
1916.0,Social Security7,,,-,PublicFinances1800-2023
1916.0,Stamp duties,GTBC,8.0,3,PublicFinances1800-2023
1916.0,Total Central Government spending1,ANLP + ANNS + NSRN,2198.0,50,PublicFinances1800-2023
1916.0,Unit,Source dataset ID,1916.0,1800,PublicFinances1800-2023
1916.0,VAT (Purchase tax prior to 1973)4,NZGF,,-,PublicFinances1800-2023
1916.0,Years,Years,,1800-01,PublicFinances1800-2023
1916.0,o/w non-pensioners,,,-,PublicFinances1800-2023
1916.0,o/w pensioners,,,-,PublicFinances1800-2023
1917.0,Business rates,CUKY,,-,PublicFinances1800-2023
1917.0,Capital Gains Tax1,MS62,,-,PublicFinances1800-2023
1917.0,Corporation tax (profits taxes prior to 1966-67)2,CPRN,220.0,-,PublicFinances1800-2023
1917.0,Council Tax (community charge and domestic rates prior to 1993),NMHM,,-,PublicFinances1800-2023
1917.0,Current spending3,JW2Q,2690.0,-,PublicFinances1800-2023
1917.0,Custom and excise duties5,CUDG+GTAO+MF6V+ EKED+CDDZ+CWAA,110.0,18,PublicFinances1800-2023
1917.0,Death duties/Inheritance tax,ACCH,32.0,-,PublicFinances1800-2023
1917.0,Debt Interest9,NMFX,190.0,14,PublicFinances1800-2023
1917.0,Defence5,,2284.0,32,PublicFinances1800-2023
1917.0,Education8,,,-,PublicFinances1800-2023
1917.0,Energy profits levy,JIS6,,-,PublicFinances1800-2023
1917.0,Gas Levy3,,,-,PublicFinances1800-2023
1917.0,Health6,,,-,PublicFinances1800-2023
1917.0,Income tax1,LIBR-MS62,240.0,5,PublicFinances1800-2023
1917.0,"Index, base year = 100",MM23,16.3,13.5,PublicFinances1800-2023
1917.0,Land and Assessed Taxes,,3.0,5,PublicFinances1800-2023
1917.0,License fee receipts,DH7A,,-,PublicFinances1800-2023
1917.0,National Accounts Taxes,GCSU,,-,PublicFinances1800-2023
1917.0,National Insurance Contributions1,AIIH,22.0,-,PublicFinances1800-2023
1917.0,"Nominal GDP (March-centred, £m)4","Nominal GDP (March-centred, £m)4",4772.0,393,PublicFinances1800-2023
1917.0,Nominal GDP (£m)3,Nominal GDP (£m)3,4380.0,355,PublicFinances1800-2023
1917.0,Other Central Government Receipts6,Residual,73.0,3,PublicFinances1800-2023
1917.0,Other Public Sector Spending10 ,,222.0,-,PublicFinances1800-2023
1917.0,Other business taxes1,KIH3 + N43V,,-,PublicFinances1800-2023
1917.0,Other public sector taxes and receipts8,Residual,157.0,-,PublicFinances1800-2023
1917.0,Petroleum Revenue tax (includes supplementary petroleum duty)3,ACCJ,,-,PublicFinances1800-2023
1917.0,Petroleum royalties3,,,-,PublicFinances1800-2023
1917.0,Public sector gross investment4,JW2Z + JW2S,7.0,-,PublicFinances1800-2023
1917.0,"Public sector net borrowing
(PSNB)1","Public sector net borrowing
(PSNB)1",1240.0,21,PublicFinances1800-2023
1917.0,Public sector net debt (PSND)2,Public sector net debt (PSND)2,5921.0,508,PublicFinances1800-2023
1917.0,Social Security7,,,-,PublicFinances1800-2023
1917.0,Stamp duties,GTBC,8.0,3,PublicFinances1800-2023
1917.0,Total Central Government spending1,ANLP + ANNS + NSRN,2696.0,50,PublicFinances1800-2023
1917.0,Unit,Source dataset ID,1917.0,1800,PublicFinances1800-2023
1917.0,VAT (Purchase tax prior to 1973)4,NZGF,,-,PublicFinances1800-2023
1917.0,Years,Years,,1800-01,PublicFinances1800-2023
1917.0,o/w non-pensioners,,,-,PublicFinances1800-2023
1917.0,o/w pensioners,,,-,PublicFinances1800-2023
1918.0,Business rates,CUKY,,-,PublicFinances1800-2023
1918.0,Capital Gains Tax1,MS62,,-,PublicFinances1800-2023
1918.0,Corporation tax (profits taxes prior to 1966-67)2,CPRN,285.0,-,PublicFinances1800-2023
1918.0,Council Tax (community charge and domestic rates prior to 1993),NMHM,,-,PublicFinances1800-2023
1918.0,Current spending3,JW2Q,2565.0,-,PublicFinances1800-2023
1918.0,Custom and excise duties5,CUDG+GTAO+MF6V+ EKED+CDDZ+CWAA,162.0,18,PublicFinances1800-2023
1918.0,Death duties/Inheritance tax,ACCH,30.0,-,PublicFinances1800-2023
1918.0,Debt Interest9,NMFX,270.0,14,PublicFinances1800-2023
1918.0,Defence5,,1824.0,32,PublicFinances1800-2023
1918.0,Education8,,,-,PublicFinances1800-2023
1918.0,Energy profits levy,JIS6,,-,PublicFinances1800-2023
1918.0,Gas Levy3,,,-,PublicFinances1800-2023
1918.0,Health6,,,-,PublicFinances1800-2023
1918.0,Income tax1,LIBR-MS62,291.0,5,PublicFinances1800-2023
1918.0,"Index, base year = 100",MM23,19.9,13.5,PublicFinances1800-2023
1918.0,Land and Assessed Taxes,,3.0,5,PublicFinances1800-2023
1918.0,License fee receipts,DH7A,,-,PublicFinances1800-2023
1918.0,National Accounts Taxes,GCSU,,-,PublicFinances1800-2023
1918.0,National Insurance Contributions1,AIIH,22.0,-,PublicFinances1800-2023
1918.0,"Nominal GDP (March-centred, £m)4","Nominal GDP (March-centred, £m)4",5245.0,393,PublicFinances1800-2023
1918.0,Nominal GDP (£m)3,Nominal GDP (£m)3,5060.0,355,PublicFinances1800-2023
1918.0,Other Central Government Receipts6,Residual,84.0,3,PublicFinances1800-2023
1918.0,Other Public Sector Spending10 ,,485.0,-,PublicFinances1800-2023
1918.0,Other business taxes1,KIH3 + N43V,,-,PublicFinances1800-2023
1918.0,Other public sector taxes and receipts8,Residual,155.0,-,PublicFinances1800-2023
1918.0,Petroleum Revenue tax (includes supplementary petroleum duty)3,ACCJ,,-,PublicFinances1800-2023
1918.0,Petroleum royalties3,,,-,PublicFinances1800-2023
1918.0,Public sector gross investment4,JW2Z + JW2S,14.0,-,PublicFinances1800-2023
1918.0,"Public sector net borrowing
(PSNB)1","Public sector net borrowing
(PSNB)1",1124.0,21,PublicFinances1800-2023
1918.0,Public sector net debt (PSND)2,Public sector net debt (PSND)2,7481.0,508,PublicFinances1800-2023
1918.0,Social Security7,,,-,PublicFinances1800-2023
1918.0,Stamp duties,GTBC,12.0,3,PublicFinances1800-2023
1918.0,Total Central Government spending1,ANLP + ANNS + NSRN,2579.0,50,PublicFinances1800-2023
1918.0,Unit,Source dataset ID,1918.0,1800,PublicFinances1800-2023
1918.0,VAT (Purchase tax prior to 1973)4,NZGF,,-,PublicFinances1800-2023
1918.0,Years,Years,,1800-01,PublicFinances1800-2023
1918.0,o/w non-pensioners,,,-,PublicFinances1800-2023
1918.0,o/w pensioners,,,-,PublicFinances1800-2023
1919.0,Business rates,CUKY,,-,PublicFinances1800-2023
1919.0,Capital Gains Tax1,MS62,,-,PublicFinances1800-2023
1919.0,Corporation tax (profits taxes prior to 1966-67)2,CPRN,290.0,-,PublicFinances1800-2023
1919.0,Council Tax (community charge and domestic rates prior to 1993),NMHM,,-,PublicFinances1800-2023
1919.0,Current spending3,JW2Q,1615.0,-,PublicFinances1800-2023
1919.0,Custom and excise duties5,CUDG+GTAO+MF6V+ EKED+CDDZ+CWAA,283.0,18,PublicFinances1800-2023
1919.0,Death duties/Inheritance tax,ACCH,41.0,-,PublicFinances1800-2023
1919.0,Debt Interest9,NMFX,332.0,14,PublicFinances1800-2023
1919.0,Defence5,,459.0,32,PublicFinances1800-2023
1919.0,Education8,,,-,PublicFinances1800-2023
1919.0,Energy profits levy,JIS6,,-,PublicFinances1800-2023
1919.0,Gas Levy3,,,-,PublicFinances1800-2023
1919.0,Health6,,,-,PublicFinances1800-2023
1919.0,Income tax1,LIBR-MS62,359.0,5,PublicFinances1800-2023
1919.0,"Index, base year = 100",MM23,21.9,13.5,PublicFinances1800-2023
1919.0,Land and Assessed Taxes,,3.0,5,PublicFinances1800-2023
1919.0,License fee receipts,DH7A,,-,PublicFinances1800-2023
1919.0,National Accounts Taxes,GCSU,,-,PublicFinances1800-2023
1919.0,National Insurance Contributions1,AIIH,24.0,-,PublicFinances1800-2023
1919.0,"Nominal GDP (March-centred, £m)4","Nominal GDP (March-centred, £m)4",5716.0,393,PublicFinances1800-2023
1919.0,Nominal GDP (£m)3,Nominal GDP (£m)3,5464.0,355,PublicFinances1800-2023
1919.0,Other Central Government Receipts6,Residual,21.0,3,PublicFinances1800-2023
1919.0,Other Public Sector Spending10 ,,875.0,-,PublicFinances1800-2023
1919.0,Other business taxes1,KIH3 + N43V,,-,PublicFinances1800-2023
1919.0,Other public sector taxes and receipts8,Residual,155.0,-,PublicFinances1800-2023
1919.0,Petroleum Revenue tax (includes supplementary petroleum duty)3,ACCJ,,-,PublicFinances1800-2023
1919.0,Petroleum royalties3,,,-,PublicFinances1800-2023
1919.0,Public sector gross investment4,JW2Z + JW2S,51.0,-,PublicFinances1800-2023
1919.0,"Public sector net borrowing
(PSNB)1","Public sector net borrowing
(PSNB)1",319.0,21,PublicFinances1800-2023
1919.0,Public sector net debt (PSND)2,Public sector net debt (PSND)2,7876.0,508,PublicFinances1800-2023
1919.0,Social Security7,,,-,PublicFinances1800-2023
1919.0,Stamp duties,GTBC,23.0,3,PublicFinances1800-2023
1919.0,Total Central Government spending1,ANLP + ANNS + NSRN,1666.0,50,PublicFinances1800-2023
1919.0,Unit,Source dataset ID,1919.0,1800,PublicFinances1800-2023
1919.0,VAT (Purchase tax prior to 1973)4,NZGF,,-,PublicFinances1800-2023
1919.0,Years,Years,,1800-01,PublicFinances1800-2023
1919.0,o/w non-pensioners,,,-,PublicFinances1800-2023
1919.0,o/w pensioners,,,-,PublicFinances1800-2023
1920.0,Business rates,CUKY,,-,PublicFinances1800-2023
1920.0,Capital Gains Tax1,MS62,,-,PublicFinances1800-2023
1920.0,Corporation tax (profits taxes prior to 1966-67)2,CPRN,219.0,-,PublicFinances1800-2023
1920.0,Council Tax (community charge and domestic rates prior to 1993),NMHM,,-,PublicFinances1800-2023
1920.0,Current spending3,JW2Q,1136.0,-,PublicFinances1800-2023
1920.0,Custom and excise duties5,CUDG+GTAO+MF6V+ EKED+CDDZ+CWAA,334.0,18,PublicFinances1800-2023
1920.0,Death duties/Inheritance tax,ACCH,48.0,-,PublicFinances1800-2023
1920.0,Debt Interest9,NMFX,342.0,14,PublicFinances1800-2023
1920.0,Defence5,,181.0,32,PublicFinances1800-2023
1920.0,Education8,,120.0,-,PublicFinances1800-2023
1920.0,Energy profits levy,JIS6,,-,PublicFinances1800-2023
1920.0,Gas Levy3,,,-,PublicFinances1800-2023
1920.0,Health6,,40.0,-,PublicFinances1800-2023
1920.0,Income tax1,LIBR-MS62,394.0,5,PublicFinances1800-2023
1920.0,"Index, base year = 100",MM23,25.3,13.5,PublicFinances1800-2023
1920.0,Land and Assessed Taxes,,3.0,5,PublicFinances1800-2023
1920.0,License fee receipts,DH7A,,-,PublicFinances1800-2023
1920.0,National Accounts Taxes,GCSU,,-,PublicFinances1800-2023
1920.0,National Insurance Contributions1,AIIH,33.0,-,PublicFinances1800-2023
1920.0,"Nominal GDP (March-centred, £m)4","Nominal GDP (March-centred, £m)4",5060.0,393,PublicFinances1800-2023
1920.0,Nominal GDP (£m)3,Nominal GDP (£m)3,5582.0,355,PublicFinances1800-2023
1920.0,Other Central Government Receipts6,Residual,39.0,3,PublicFinances1800-2023
1920.0,Other Public Sector Spending10 ,,570.0,-,PublicFinances1800-2023
1920.0,Other business taxes1,KIH3 + N43V,,-,PublicFinances1800-2023
1920.0,Other public sector taxes and receipts8,Residual,155.0,-,PublicFinances1800-2023
1920.0,Petroleum Revenue tax (includes supplementary petroleum duty)3,ACCJ,,-,PublicFinances1800-2023
1920.0,Petroleum royalties3,,,-,PublicFinances1800-2023
1920.0,Public sector gross investment4,JW2Z + JW2S,117.0,-,PublicFinances1800-2023
1920.0,"Public sector net borrowing
(PSNB)1","Public sector net borrowing
(PSNB)1",2.0,21,PublicFinances1800-2023
1920.0,Public sector net debt (PSND)2,Public sector net debt (PSND)2,7623.0,508,PublicFinances1800-2023
1920.0,Social Security7,,,-,PublicFinances1800-2023
1920.0,Stamp duties,GTBC,27.0,3,PublicFinances1800-2023
1920.0,Total Central Government spending1,ANLP + ANNS + NSRN,1188.0,50,PublicFinances1800-2023
1920.0,Unit,Source dataset ID,1920.0,1800,PublicFinances1800-2023
1920.0,VAT (Purchase tax prior to 1973)4,NZGF,,-,PublicFinances1800-2023
1920.0,Years,Years,,1800-01,PublicFinances1800-2023
1920.0,o/w non-pensioners,,,-,PublicFinances1800-2023
1920.0,o/w pensioners,,,-,PublicFinances1800-2023
1921.0,Business rates,CUKY,,-,PublicFinances1800-2023
1921.0,Capital Gains Tax1,MS62,,-,PublicFinances1800-2023
1921.0,Corporation tax (profits taxes prior to 1966-67)2,CPRN,48.0,-,PublicFinances1800-2023
1921.0,Council Tax (community charge and domestic rates prior to 1993),NMHM,,-,PublicFinances1800-2023
1921.0,Current spending3,JW2Q,1137.0,-,PublicFinances1800-2023
1921.0,Custom and excise duties5,CUDG+GTAO+MF6V+ EKED+CDDZ+CWAA,324.0,18,PublicFinances1800-2023
1921.0,Death duties/Inheritance tax,ACCH,52.0,-,PublicFinances1800-2023
1921.0,Debt Interest9,NMFX,323.0,14,PublicFinances1800-2023
1921.0,Defence5,,155.0,32,PublicFinances1800-2023
1921.0,Education8,,123.0,-,PublicFinances1800-2023
1921.0,Energy profits levy,JIS6,,-,PublicFinances1800-2023
1921.0,Gas Levy3,,,-,PublicFinances1800-2023
1921.0,Health6,,42.0,-,PublicFinances1800-2023
1921.0,Income tax1,LIBR-MS62,399.0,5,PublicFinances1800-2023
1921.0,"Index, base year = 100",MM23,23.1,13.5,PublicFinances1800-2023
1921.0,Land and Assessed Taxes,,3.0,5,PublicFinances1800-2023
1921.0,License fee receipts,DH7A,,-,PublicFinances1800-2023
1921.0,National Accounts Taxes,GCSU,,-,PublicFinances1800-2023
1921.0,National Insurance Contributions1,AIIH,50.0,-,PublicFinances1800-2023
1921.0,"Nominal GDP (March-centred, £m)4","Nominal GDP (March-centred, £m)4",4471.0,393,PublicFinances1800-2023
1921.0,Nominal GDP (£m)3,Nominal GDP (£m)3,4690.0,355,PublicFinances1800-2023
1921.0,Other Central Government Receipts6,Residual,230.0,3,PublicFinances1800-2023
1921.0,Other Public Sector Spending10 ,,643.0,-,PublicFinances1800-2023
1921.0,Other business taxes1,KIH3 + N43V,,-,PublicFinances1800-2023
1921.0,Other public sector taxes and receipts8,Residual,108.0,-,PublicFinances1800-2023
1921.0,Petroleum Revenue tax (includes supplementary petroleum duty)3,ACCJ,,-,PublicFinances1800-2023
1921.0,Petroleum royalties3,,,-,PublicFinances1800-2023
1921.0,Public sector gross investment4,JW2Z + JW2S,149.0,-,PublicFinances1800-2023
1921.0,"Public sector net borrowing
(PSNB)1","Public sector net borrowing
(PSNB)1",53.0,21,PublicFinances1800-2023
1921.0,Public sector net debt (PSND)2,Public sector net debt (PSND)2,7721.0,508,PublicFinances1800-2023
1921.0,Social Security7,,,-,PublicFinances1800-2023
1921.0,Stamp duties,GTBC,20.0,3,PublicFinances1800-2023
1921.0,Total Central Government spending1,ANLP + ANNS + NSRN,1070.0,50,PublicFinances1800-2023
1921.0,Unit,Source dataset ID,1921.0,1800,PublicFinances1800-2023
1921.0,VAT (Purchase tax prior to 1973)4,NZGF,,-,PublicFinances1800-2023
1921.0,Years,Years,,1800-01,PublicFinances1800-2023
1921.0,o/w non-pensioners,,,-,PublicFinances1800-2023
1921.0,o/w pensioners,,,-,PublicFinances1800-2023
1922.0,Business rates,CUKY,,-,PublicFinances1800-2023
1922.0,Capital Gains Tax1,MS62,,-,PublicFinances1800-2023
1922.0,Corporation tax (profits taxes prior to 1966-67)2,CPRN,19.0,-,PublicFinances1800-2023
1922.0,Council Tax (community charge and domestic rates prior to 1993),NMHM,,-,PublicFinances1800-2023
1922.0,Current spending3,JW2Q,1029.0,-,PublicFinances1800-2023
1922.0,Custom and excise duties5,CUDG+GTAO+MF6V+ EKED+CDDZ+CWAA,280.0,18,PublicFinances1800-2023
1922.0,Death duties/Inheritance tax,ACCH,57.0,-,PublicFinances1800-2023
1922.0,Debt Interest9,NMFX,324.0,14,PublicFinances1800-2023
1922.0,Defence5,,117.0,32,PublicFinances1800-2023
1922.0,Education8,,115.0,-,PublicFinances1800-2023
1922.0,Energy profits levy,JIS6,,-,PublicFinances1800-2023
1922.0,Gas Levy3,,,-,PublicFinances1800-2023
1922.0,Health6,,38.0,-,PublicFinances1800-2023
1922.0,Income tax1,LIBR-MS62,379.0,5,PublicFinances1800-2023
1922.0,"Index, base year = 100",MM23,19.9,13.5,PublicFinances1800-2023
1922.0,Land and Assessed Taxes,,3.0,5,PublicFinances1800-2023
1922.0,License fee receipts,DH7A,,-,PublicFinances1800-2023
1922.0,National Accounts Taxes,GCSU,,-,PublicFinances1800-2023
1922.0,National Insurance Contributions1,AIIH,60.0,-,PublicFinances1800-2023
1922.0,"Nominal GDP (March-centred, £m)4","Nominal GDP (March-centred, £m)4",4212.0,393,PublicFinances1800-2023
1922.0,Nominal GDP (£m)3,Nominal GDP (£m)3,4312.0,355,PublicFinances1800-2023
1922.0,Other Central Government Receipts6,Residual,94.0,3,PublicFinances1800-2023
1922.0,Other Public Sector Spending10 ,,547.0,-,PublicFinances1800-2023
1922.0,Other business taxes1,KIH3 + N43V,,-,PublicFinances1800-2023
1922.0,Other public sector taxes and receipts8,Residual,239.0,-,PublicFinances1800-2023
1922.0,Petroleum Revenue tax (includes supplementary petroleum duty)3,ACCJ,,-,PublicFinances1800-2023
1922.0,Petroleum royalties3,,,-,PublicFinances1800-2023
1922.0,Public sector gross investment4,JW2Z + JW2S,112.0,-,PublicFinances1800-2023
1922.0,"Public sector net borrowing
(PSNB)1","Public sector net borrowing
(PSNB)1",-12.0,21,PublicFinances1800-2023
1922.0,Public sector net debt (PSND)2,Public sector net debt (PSND)2,7813.0,508,PublicFinances1800-2023
1922.0,Social Security7,,,-,PublicFinances1800-2023
1922.0,Stamp duties,GTBC,22.0,3,PublicFinances1800-2023
1922.0,Total Central Government spending1,ANLP + ANNS + NSRN,813.0,50,PublicFinances1800-2023
1922.0,Unit,Source dataset ID,1922.0,1800,PublicFinances1800-2023
1922.0,VAT (Purchase tax prior to 1973)4,NZGF,,-,PublicFinances1800-2023
1922.0,Years,Years,,1800-01,PublicFinances1800-2023
1922.0,o/w non-pensioners,,,-,PublicFinances1800-2023
1922.0,o/w pensioners,,,-,PublicFinances1800-2023
1923.0,Business rates,CUKY,,-,PublicFinances1800-2023
1923.0,Capital Gains Tax1,MS62,,-,PublicFinances1800-2023
1923.0,Corporation tax (profits taxes prior to 1966-67)2,CPRN,23.0,-,PublicFinances1800-2023
1923.0,Council Tax (community charge and domestic rates prior to 1993),NMHM,,-,PublicFinances1800-2023
1923.0,Current spending3,JW2Q,956.0,-,PublicFinances1800-2023
1923.0,Custom and excise duties5,CUDG+GTAO+MF6V+ EKED+CDDZ+CWAA,268.0,18,PublicFinances1800-2023
1923.0,Death duties/Inheritance tax,ACCH,58.0,-,PublicFinances1800-2023
1923.0,Debt Interest9,NMFX,307.0,14,PublicFinances1800-2023
1923.0,Defence5,,104.0,32,PublicFinances1800-2023
1923.0,Education8,,110.0,-,PublicFinances1800-2023
1923.0,Energy profits levy,JIS6,,-,PublicFinances1800-2023
1923.0,Gas Levy3,,,-,PublicFinances1800-2023
1923.0,Health6,,37.0,-,PublicFinances1800-2023
1923.0,Income tax1,LIBR-MS62,330.0,5,PublicFinances1800-2023
1923.0,"Index, base year = 100",MM23,18.7,13.5,PublicFinances1800-2023
1923.0,Land and Assessed Taxes,,3.0,5,PublicFinances1800-2023
1923.0,License fee receipts,DH7A,,-,PublicFinances1800-2023
1923.0,National Accounts Taxes,GCSU,,-,PublicFinances1800-2023
1923.0,National Insurance Contributions1,AIIH,63.0,-,PublicFinances1800-2023
1923.0,"Nominal GDP (March-centred, £m)4","Nominal GDP (March-centred, £m)4",4244.0,393,PublicFinances1800-2023
1923.0,Nominal GDP (£m)3,Nominal GDP (£m)3,4190.0,355,PublicFinances1800-2023
1923.0,Other Central Government Receipts6,Residual,72.0,3,PublicFinances1800-2023
1923.0,Other Public Sector Spending10 ,,488.0,-,PublicFinances1800-2023
1923.0,Other business taxes1,KIH3 + N43V,,-,PublicFinances1800-2023
1923.0,Other public sector taxes and receipts8,Residual,237.0,-,PublicFinances1800-2023
1923.0,Petroleum Revenue tax (includes supplementary petroleum duty)3,ACCJ,,-,PublicFinances1800-2023
1923.0,Petroleum royalties3,,,-,PublicFinances1800-2023
1923.0,Public sector gross investment4,JW2Z + JW2S,90.0,-,PublicFinances1800-2023
1923.0,"Public sector net borrowing
(PSNB)1","Public sector net borrowing
(PSNB)1",-29.0,21,PublicFinances1800-2023
1923.0,Public sector net debt (PSND)2,Public sector net debt (PSND)2,7708.0,508,PublicFinances1800-2023
1923.0,Social Security7,,,-,PublicFinances1800-2023
1923.0,Stamp duties,GTBC,22.0,3,PublicFinances1800-2023
1923.0,Total Central Government spending1,ANLP + ANNS + NSRN,749.0,50,PublicFinances1800-2023
1923.0,Unit,Source dataset ID,1923.0,1800,PublicFinances1800-2023
1923.0,VAT (Purchase tax prior to 1973)4,NZGF,,-,PublicFinances1800-2023
1923.0,Years,Years,,1800-01,PublicFinances1800-2023
1923.0,o/w non-pensioners,,,-,PublicFinances1800-2023
1923.0,o/w pensioners,,,-,PublicFinances1800-2023
1924.0,Business rates,CUKY,,-,PublicFinances1800-2023
1924.0,Capital Gains Tax1,MS62,,-,PublicFinances1800-2023
1924.0,Corporation tax (profits taxes prior to 1966-67)2,CPRN,18.0,-,PublicFinances1800-2023
1924.0,Council Tax (community charge and domestic rates prior to 1993),NMHM,,-,PublicFinances1800-2023
1924.0,Current spending3,JW2Q,952.0,-,PublicFinances1800-2023
1924.0,Custom and excise duties5,CUDG+GTAO+MF6V+ EKED+CDDZ+CWAA,234.0,18,PublicFinances1800-2023
1924.0,Death duties/Inheritance tax,ACCH,60.0,-,PublicFinances1800-2023
1924.0,Debt Interest9,NMFX,312.0,14,PublicFinances1800-2023
1924.0,Defence5,,106.0,32,PublicFinances1800-2023
1924.0,Education8,,111.0,-,PublicFinances1800-2023
1924.0,Energy profits levy,JIS6,,-,PublicFinances1800-2023
1924.0,Gas Levy3,,,-,PublicFinances1800-2023
1924.0,Health6,,38.0,-,PublicFinances1800-2023
1924.0,Income tax1,LIBR-MS62,337.0,5,PublicFinances1800-2023
1924.0,"Index, base year = 100",MM23,18.6,13.5,PublicFinances1800-2023
1924.0,Land and Assessed Taxes,,1.0,5,PublicFinances1800-2023
1924.0,License fee receipts,DH7A,,-,PublicFinances1800-2023
1924.0,National Accounts Taxes,GCSU,,-,PublicFinances1800-2023
1924.0,National Insurance Contributions1,AIIH,64.0,-,PublicFinances1800-2023
1924.0,"Nominal GDP (March-centred, £m)4","Nominal GDP (March-centred, £m)4",4376.0,393,PublicFinances1800-2023
1924.0,Nominal GDP (£m)3,Nominal GDP (£m)3,4306.0,355,PublicFinances1800-2023
1924.0,Other Central Government Receipts6,Residual,63.0,3,PublicFinances1800-2023
1924.0,Other Public Sector Spending10 ,,488.0,-,PublicFinances1800-2023
1924.0,Other business taxes1,KIH3 + N43V,,-,PublicFinances1800-2023
1924.0,Other public sector taxes and receipts8,Residual,234.0,-,PublicFinances1800-2023
1924.0,Petroleum Revenue tax (includes supplementary petroleum duty)3,ACCJ,,-,PublicFinances1800-2023
1924.0,Petroleum royalties3,,,-,PublicFinances1800-2023
1924.0,Public sector gross investment4,JW2Z + JW2S,103.0,-,PublicFinances1800-2023
1924.0,"Public sector net borrowing
(PSNB)1","Public sector net borrowing
(PSNB)1",22.0,21,PublicFinances1800-2023
1924.0,Public sector net debt (PSND)2,Public sector net debt (PSND)2,7666.0,508,PublicFinances1800-2023
1924.0,Social Security7,,,-,PublicFinances1800-2023
1924.0,Stamp duties,GTBC,23.0,3,PublicFinances1800-2023
1924.0,Total Central Government spending1,ANLP + ANNS + NSRN,751.0,50,PublicFinances1800-2023
1924.0,Unit,Source dataset ID,1924.0,1800,PublicFinances1800-2023
1924.0,VAT (Purchase tax prior to 1973)4,NZGF,,-,PublicFinances1800-2023
1924.0,Years,Years,,1800-01,PublicFinances1800-2023
1924.0,o/w non-pensioners,,,-,PublicFinances1800-2023
1924.0,o/w pensioners,,,-,PublicFinances1800-2023
1925.0,Business rates,CUKY,,-,PublicFinances1800-2023
1925.0,Capital Gains Tax1,MS62,,-,PublicFinances1800-2023
1925.0,Corporation tax (profits taxes prior to 1966-67)2,CPRN,12.0,-,PublicFinances1800-2023
1925.0,Council Tax (community charge and domestic rates prior to 1993),NMHM,,-,PublicFinances1800-2023
1925.0,Current spending3,JW2Q,985.0,-,PublicFinances1800-2023
1925.0,Custom and excise duties5,CUDG+GTAO+MF6V+ EKED+CDDZ+CWAA,238.0,18,PublicFinances1800-2023
1925.0,Death duties/Inheritance tax,ACCH,61.0,-,PublicFinances1800-2023
1925.0,Debt Interest9,NMFX,308.0,14,PublicFinances1800-2023
1925.0,Defence5,,112.0,32,PublicFinances1800-2023
1925.0,Education8,,114.0,-,PublicFinances1800-2023
1925.0,Energy profits levy,JIS6,,-,PublicFinances1800-2023
1925.0,Gas Levy3,,,-,PublicFinances1800-2023
1925.0,Health6,,39.0,-,PublicFinances1800-2023
1925.0,Income tax1,LIBR-MS62,328.0,5,PublicFinances1800-2023
1925.0,"Index, base year = 100",MM23,18.6,13.5,PublicFinances1800-2023
1925.0,Land and Assessed Taxes,,1.0,5,PublicFinances1800-2023
1925.0,License fee receipts,DH7A,,-,PublicFinances1800-2023
1925.0,National Accounts Taxes,GCSU,,-,PublicFinances1800-2023
1925.0,National Insurance Contributions1,AIIH,68.0,-,PublicFinances1800-2023
1925.0,"Nominal GDP (March-centred, £m)4","Nominal GDP (March-centred, £m)4",4294.0,393,PublicFinances1800-2023
1925.0,Nominal GDP (£m)3,Nominal GDP (£m)3,4372.0,355,PublicFinances1800-2023
1925.0,Other Central Government Receipts6,Residual,80.0,3,PublicFinances1800-2023
1925.0,Other Public Sector Spending10 ,,537.0,-,PublicFinances1800-2023
1925.0,Other business taxes1,KIH3 + N43V,,-,PublicFinances1800-2023
1925.0,Other public sector taxes and receipts8,Residual,238.0,-,PublicFinances1800-2023
1925.0,Petroleum Revenue tax (includes supplementary petroleum duty)3,ACCJ,,-,PublicFinances1800-2023
1925.0,Petroleum royalties3,,,-,PublicFinances1800-2023
1925.0,Public sector gross investment4,JW2Z + JW2S,126.0,-,PublicFinances1800-2023
1925.0,"Public sector net borrowing
(PSNB)1","Public sector net borrowing
(PSNB)1",61.0,21,PublicFinances1800-2023
1925.0,Public sector net debt (PSND)2,Public sector net debt (PSND)2,7634.0,508,PublicFinances1800-2023
1925.0,Social Security7,,,-,PublicFinances1800-2023
1925.0,Stamp duties,GTBC,25.0,3,PublicFinances1800-2023
1925.0,Total Central Government spending1,ANLP + ANNS + NSRN,776.0,50,PublicFinances1800-2023
1925.0,Unit,Source dataset ID,1925.0,1800,PublicFinances1800-2023
1925.0,VAT (Purchase tax prior to 1973)4,NZGF,,-,PublicFinances1800-2023
1925.0,Years,Years,,1800-01,PublicFinances1800-2023
1925.0,o/w non-pensioners,,,-,PublicFinances1800-2023
1925.0,o/w pensioners,,,-,PublicFinances1800-2023
1926.0,Business rates,CUKY,,-,PublicFinances1800-2023
1926.0,Capital Gains Tax1,MS62,,-,PublicFinances1800-2023
1926.0,Corporation tax (profits taxes prior to 1966-67)2,CPRN,4.0,-,PublicFinances1800-2023
1926.0,Council Tax (community charge and domestic rates prior to 1993),NMHM,,-,PublicFinances1800-2023
1926.0,Current spending3,JW2Q,1011.0,-,PublicFinances1800-2023
1926.0,Custom and excise duties5,CUDG+GTAO+MF6V+ EKED+CDDZ+CWAA,241.0,18,PublicFinances1800-2023
1926.0,Death duties/Inheritance tax,ACCH,67.0,-,PublicFinances1800-2023
1926.0,Debt Interest9,NMFX,319.0,14,PublicFinances1800-2023
1926.0,Defence5,,116.0,32,PublicFinances1800-2023
1926.0,Education8,,117.0,-,PublicFinances1800-2023
1926.0,Energy profits levy,JIS6,,-,PublicFinances1800-2023
1926.0,Gas Levy3,,,-,PublicFinances1800-2023
1926.0,Health6,,41.0,-,PublicFinances1800-2023
1926.0,Income tax1,LIBR-MS62,301.0,5,PublicFinances1800-2023
1926.0,"Index, base year = 100",MM23,18.5,13.5,PublicFinances1800-2023
1926.0,Land and Assessed Taxes,,1.0,5,PublicFinances1800-2023
1926.0,License fee receipts,DH7A,,-,PublicFinances1800-2023
1926.0,National Accounts Taxes,GCSU,,-,PublicFinances1800-2023
1926.0,National Insurance Contributions1,AIIH,76.0,-,PublicFinances1800-2023
1926.0,"Nominal GDP (March-centred, £m)4","Nominal GDP (March-centred, £m)4",4439.0,393,PublicFinances1800-2023
1926.0,Nominal GDP (£m)3,Nominal GDP (£m)3,4316.0,355,PublicFinances1800-2023
1926.0,Other Central Government Receipts6,Residual,91.0,3,PublicFinances1800-2023
1926.0,Other Public Sector Spending10 ,,558.0,-,PublicFinances1800-2023
1926.0,Other business taxes1,KIH3 + N43V,,-,PublicFinances1800-2023
1926.0,Other public sector taxes and receipts8,Residual,263.0,-,PublicFinances1800-2023
1926.0,Petroleum Revenue tax (includes supplementary petroleum duty)3,ACCJ,,-,PublicFinances1800-2023
1926.0,Petroleum royalties3,,,-,PublicFinances1800-2023
1926.0,Public sector gross investment4,JW2Z + JW2S,139.0,-,PublicFinances1800-2023
1926.0,"Public sector net borrowing
(PSNB)1","Public sector net borrowing
(PSNB)1",81.0,21,PublicFinances1800-2023
1926.0,Public sector net debt (PSND)2,Public sector net debt (PSND)2,7653.0,508,PublicFinances1800-2023
1926.0,Social Security7,,,-,PublicFinances1800-2023
1926.0,Stamp duties,GTBC,25.0,3,PublicFinances1800-2023
1926.0,Total Central Government spending1,ANLP + ANNS + NSRN,782.0,50,PublicFinances1800-2023
1926.0,Unit,Source dataset ID,1926.0,1800,PublicFinances1800-2023
1926.0,VAT (Purchase tax prior to 1973)4,NZGF,,-,PublicFinances1800-2023
1926.0,Years,Years,,1800-01,PublicFinances1800-2023
1926.0,o/w non-pensioners,,,-,PublicFinances1800-2023
1926.0,o/w pensioners,,,-,PublicFinances1800-2023
1927.0,Business rates,CUKY,,-,PublicFinances1800-2023
1927.0,Capital Gains Tax1,MS62,,-,PublicFinances1800-2023
1927.0,Corporation tax (profits taxes prior to 1966-67)2,CPRN,,-,PublicFinances1800-2023
1927.0,Council Tax (community charge and domestic rates prior to 1993),NMHM,,-,PublicFinances1800-2023
1927.0,Current spending3,JW2Q,994.0,-,PublicFinances1800-2023
1927.0,Custom and excise duties5,CUDG+GTAO+MF6V+ EKED+CDDZ+CWAA,251.0,18,PublicFinances1800-2023
1927.0,Death duties/Inheritance tax,ACCH,77.0,-,PublicFinances1800-2023
1927.0,Debt Interest9,NMFX,314.0,14,PublicFinances1800-2023
1927.0,Defence5,,113.0,32,PublicFinances1800-2023
1927.0,Education8,,118.0,-,PublicFinances1800-2023
1927.0,Energy profits levy,JIS6,,-,PublicFinances1800-2023
1927.0,Gas Levy3,,,-,PublicFinances1800-2023
1927.0,Health6,,42.0,-,PublicFinances1800-2023
1927.0,Income tax1,LIBR-MS62,311.0,5,PublicFinances1800-2023
1927.0,"Index, base year = 100",MM23,18.0,13.5,PublicFinances1800-2023
1927.0,Land and Assessed Taxes,,1.0,5,PublicFinances1800-2023
1927.0,License fee receipts,DH7A,,-,PublicFinances1800-2023
1927.0,National Accounts Taxes,GCSU,,-,PublicFinances1800-2023
1927.0,National Insurance Contributions1,AIIH,81.0,-,PublicFinances1800-2023
1927.0,"Nominal GDP (March-centred, £m)4","Nominal GDP (March-centred, £m)4",4500.0,393,PublicFinances1800-2023
1927.0,Nominal GDP (£m)3,Nominal GDP (£m)3,4500.0,355,PublicFinances1800-2023
1927.0,Other Central Government Receipts6,Residual,95.0,3,PublicFinances1800-2023
1927.0,Other Public Sector Spending10 ,,546.0,-,PublicFinances1800-2023
1927.0,Other business taxes1,KIH3 + N43V,,-,PublicFinances1800-2023
1927.0,Other public sector taxes and receipts8,Residual,268.0,-,PublicFinances1800-2023
1927.0,Petroleum Revenue tax (includes supplementary petroleum duty)3,ACCJ,,-,PublicFinances1800-2023
1927.0,Petroleum royalties3,,,-,PublicFinances1800-2023
1927.0,Public sector gross investment4,JW2Z + JW2S,139.0,-,PublicFinances1800-2023
1927.0,"Public sector net borrowing
(PSNB)1","Public sector net borrowing
(PSNB)1",22.0,21,PublicFinances1800-2023
1927.0,Public sector net debt (PSND)2,Public sector net debt (PSND)2,7631.0,508,PublicFinances1800-2023
1927.0,Social Security7,,,-,PublicFinances1800-2023
1927.0,Stamp duties,GTBC,27.0,3,PublicFinances1800-2023
1927.0,Total Central Government spending1,ANLP + ANNS + NSRN,774.0,50,PublicFinances1800-2023
1927.0,Unit,Source dataset ID,1927.0,1800,PublicFinances1800-2023
1927.0,VAT (Purchase tax prior to 1973)4,NZGF,,-,PublicFinances1800-2023
1927.0,Years,Years,,1800-01,PublicFinances1800-2023
1927.0,o/w non-pensioners,,,-,PublicFinances1800-2023
1927.0,o/w pensioners,,,-,PublicFinances1800-2023
1928.0,Business rates,CUKY,,-,PublicFinances1800-2023
1928.0,Capital Gains Tax1,MS62,,-,PublicFinances1800-2023
1928.0,Corporation tax (profits taxes prior to 1966-67)2,CPRN,,-,PublicFinances1800-2023
1928.0,Council Tax (community charge and domestic rates prior to 1993),NMHM,,-,PublicFinances1800-2023
1928.0,Current spending3,JW2Q,1016.0,-,PublicFinances1800-2023
1928.0,Custom and excise duties5,CUDG+GTAO+MF6V+ EKED+CDDZ+CWAA,253.0,18,PublicFinances1800-2023
1928.0,Death duties/Inheritance tax,ACCH,81.0,-,PublicFinances1800-2023
1928.0,Debt Interest9,NMFX,312.0,14,PublicFinances1800-2023
1928.0,Defence5,,111.0,32,PublicFinances1800-2023
1928.0,Education8,,120.0,-,PublicFinances1800-2023
1928.0,Energy profits levy,JIS6,,-,PublicFinances1800-2023
1928.0,Gas Levy3,,,-,PublicFinances1800-2023
1928.0,Health6,,42.0,-,PublicFinances1800-2023
1928.0,Income tax1,LIBR-MS62,294.0,5,PublicFinances1800-2023
1928.0,"Index, base year = 100",MM23,18.0,13.5,PublicFinances1800-2023
1928.0,Land and Assessed Taxes,,1.0,5,PublicFinances1800-2023
1928.0,License fee receipts,DH7A,,-,PublicFinances1800-2023
1928.0,National Accounts Taxes,GCSU,,-,PublicFinances1800-2023
1928.0,National Insurance Contributions1,AIIH,82.0,-,PublicFinances1800-2023
1928.0,"Nominal GDP (March-centred, £m)4","Nominal GDP (March-centred, £m)4",4568.0,393,PublicFinances1800-2023
1928.0,Nominal GDP (£m)3,Nominal GDP (£m)3,4523.0,355,PublicFinances1800-2023
1928.0,Other Central Government Receipts6,Residual,96.0,3,PublicFinances1800-2023
1928.0,Other Public Sector Spending10 ,,555.0,-,PublicFinances1800-2023
1928.0,Other business taxes1,KIH3 + N43V,,-,PublicFinances1800-2023
1928.0,Other public sector taxes and receipts8,Residual,291.0,-,PublicFinances1800-2023
1928.0,Petroleum Revenue tax (includes supplementary petroleum duty)3,ACCJ,,-,PublicFinances1800-2023
1928.0,Petroleum royalties3,,,-,PublicFinances1800-2023
1928.0,Public sector gross investment4,JW2Z + JW2S,125.0,-,PublicFinances1800-2023
1928.0,"Public sector net borrowing
(PSNB)1","Public sector net borrowing
(PSNB)1",13.0,21,PublicFinances1800-2023
1928.0,Public sector net debt (PSND)2,Public sector net debt (PSND)2,7621.0,508,PublicFinances1800-2023
1928.0,Social Security7,,,-,PublicFinances1800-2023
1928.0,Stamp duties,GTBC,30.0,3,PublicFinances1800-2023
1928.0,Total Central Government spending1,ANLP + ANNS + NSRN,761.0,50,PublicFinances1800-2023
1928.0,Unit,Source dataset ID,1928.0,1800,PublicFinances1800-2023
1928.0,VAT (Purchase tax prior to 1973)4,NZGF,,-,PublicFinances1800-2023
1928.0,Years,Years,,1800-01,PublicFinances1800-2023
1928.0,o/w non-pensioners,,,-,PublicFinances1800-2023
1928.0,o/w pensioners,,,-,PublicFinances1800-2023
1929.0,Business rates,CUKY,,-,PublicFinances1800-2023
1929.0,Capital Gains Tax1,MS62,,-,PublicFinances1800-2023
1929.0,Corporation tax (profits taxes prior to 1966-67)2,CPRN,,-,PublicFinances1800-2023
1929.0,Council Tax (community charge and domestic rates prior to 1993),NMHM,,-,PublicFinances1800-2023
1929.0,Current spending3,JW2Q,1043.0,-,PublicFinances1800-2023
1929.0,Custom and excise duties5,CUDG+GTAO+MF6V+ EKED+CDDZ+CWAA,248.0,18,PublicFinances1800-2023
1929.0,Death duties/Inheritance tax,ACCH,80.0,-,PublicFinances1800-2023
1929.0,Debt Interest9,NMFX,307.0,14,PublicFinances1800-2023
1929.0,Defence5,,109.0,32,PublicFinances1800-2023
1929.0,Education8,,125.0,-,PublicFinances1800-2023
1929.0,Energy profits levy,JIS6,,-,PublicFinances1800-2023
1929.0,Gas Levy3,,,-,PublicFinances1800-2023
1929.0,Health6,,44.0,-,PublicFinances1800-2023
1929.0,Income tax1,LIBR-MS62,294.0,5,PublicFinances1800-2023
1929.0,"Index, base year = 100",MM23,17.8,13.5,PublicFinances1800-2023
1929.0,Land and Assessed Taxes,,1.0,5,PublicFinances1800-2023
1929.0,License fee receipts,DH7A,,-,PublicFinances1800-2023
1929.0,National Accounts Taxes,GCSU,,-,PublicFinances1800-2023
1929.0,National Insurance Contributions1,AIIH,82.0,-,PublicFinances1800-2023
1929.0,"Nominal GDP (March-centred, £m)4","Nominal GDP (March-centred, £m)4",4534.0,393,PublicFinances1800-2023
1929.0,Nominal GDP (£m)3,Nominal GDP (£m)3,4572.0,355,PublicFinances1800-2023
1929.0,Other Central Government Receipts6,Residual,85.0,3,PublicFinances1800-2023
1929.0,Other Public Sector Spending10 ,,582.0,-,PublicFinances1800-2023
1929.0,Other business taxes1,KIH3 + N43V,,-,PublicFinances1800-2023
1929.0,Other public sector taxes and receipts8,Residual,313.0,-,PublicFinances1800-2023
1929.0,Petroleum Revenue tax (includes supplementary petroleum duty)3,ACCJ,,-,PublicFinances1800-2023
1929.0,Petroleum royalties3,,,-,PublicFinances1800-2023
1929.0,Public sector gross investment4,JW2Z + JW2S,125.0,-,PublicFinances1800-2023
1929.0,"Public sector net borrowing
(PSNB)1","Public sector net borrowing
(PSNB)1",41.0,21,PublicFinances1800-2023
1929.0,Public sector net debt (PSND)2,Public sector net debt (PSND)2,7596.0,508,PublicFinances1800-2023
1929.0,Social Security7,,,-,PublicFinances1800-2023
1929.0,Stamp duties,GTBC,26.0,3,PublicFinances1800-2023
1929.0,Total Central Government spending1,ANLP + ANNS + NSRN,782.0,50,PublicFinances1800-2023
1929.0,Unit,Source dataset ID,1929.0,1800,PublicFinances1800-2023
1929.0,VAT (Purchase tax prior to 1973)4,NZGF,,-,PublicFinances1800-2023
1929.0,Years,Years,,1800-01,PublicFinances1800-2023
1929.0,o/w non-pensioners,,,-,PublicFinances1800-2023
1929.0,o/w pensioners,,,-,PublicFinances1800-2023
1930.0,Business rates,CUKY,,-,PublicFinances1800-2023
1930.0,Capital Gains Tax1,MS62,,-,PublicFinances1800-2023
1930.0,Corporation tax (profits taxes prior to 1966-67)2,CPRN,,-,PublicFinances1800-2023
1930.0,Council Tax (community charge and domestic rates prior to 1993),NMHM,,-,PublicFinances1800-2023
1930.0,Current spending3,JW2Q,1070.0,-,PublicFinances1800-2023
1930.0,Custom and excise duties5,CUDG+GTAO+MF6V+ EKED+CDDZ+CWAA,245.0,18,PublicFinances1800-2023
1930.0,Death duties/Inheritance tax,ACCH,83.0,-,PublicFinances1800-2023
1930.0,Debt Interest9,NMFX,293.0,14,PublicFinances1800-2023
1930.0,Defence5,,107.0,32,PublicFinances1800-2023
1930.0,Education8,,128.0,-,PublicFinances1800-2023
1930.0,Energy profits levy,JIS6,,-,PublicFinances1800-2023
1930.0,Gas Levy3,,,-,PublicFinances1800-2023
1930.0,Health6,,47.0,-,PublicFinances1800-2023
1930.0,Income tax1,LIBR-MS62,324.0,5,PublicFinances1800-2023
1930.0,"Index, base year = 100",MM23,17.3,13.5,PublicFinances1800-2023
1930.0,Land and Assessed Taxes,,1.0,5,PublicFinances1800-2023
1930.0,License fee receipts,DH7A,,-,PublicFinances1800-2023
1930.0,National Accounts Taxes,GCSU,,-,PublicFinances1800-2023
1930.0,National Insurance Contributions1,AIIH,81.0,-,PublicFinances1800-2023
1930.0,"Nominal GDP (March-centred, £m)4","Nominal GDP (March-centred, £m)4",4297.0,393,PublicFinances1800-2023
1930.0,Nominal GDP (£m)3,Nominal GDP (£m)3,4443.0,355,PublicFinances1800-2023
1930.0,Other Central Government Receipts6,Residual,104.0,3,PublicFinances1800-2023
1930.0,Other Public Sector Spending10 ,,629.0,-,PublicFinances1800-2023
1930.0,Other business taxes1,KIH3 + N43V,,-,PublicFinances1800-2023
1930.0,Other public sector taxes and receipts8,Residual,273.0,-,PublicFinances1800-2023
1930.0,Petroleum Revenue tax (includes supplementary petroleum duty)3,ACCJ,,-,PublicFinances1800-2023
1930.0,Petroleum royalties3,,,-,PublicFinances1800-2023
1930.0,Public sector gross investment4,JW2Z + JW2S,135.0,-,PublicFinances1800-2023
1930.0,"Public sector net borrowing
(PSNB)1","Public sector net borrowing
(PSNB)1",75.0,21,PublicFinances1800-2023
1930.0,Public sector net debt (PSND)2,Public sector net debt (PSND)2,7583.0,508,PublicFinances1800-2023
1930.0,Social Security7,,,-,PublicFinances1800-2023
1930.0,Stamp duties,GTBC,21.0,3,PublicFinances1800-2023
1930.0,Total Central Government spending1,ANLP + ANNS + NSRN,814.0,50,PublicFinances1800-2023
1930.0,Unit,Source dataset ID,1930.0,1800,PublicFinances1800-2023
1930.0,VAT (Purchase tax prior to 1973)4,NZGF,,-,PublicFinances1800-2023
1930.0,Years,Years,,1800-01,PublicFinances1800-2023
1930.0,o/w non-pensioners,,,-,PublicFinances1800-2023
1930.0,o/w pensioners,,,-,PublicFinances1800-2023
1931.0,Business rates,CUKY,,-,PublicFinances1800-2023
1931.0,Capital Gains Tax1,MS62,,-,PublicFinances1800-2023
1931.0,Corporation tax (profits taxes prior to 1966-67)2,CPRN,,-,PublicFinances1800-2023
1931.0,Council Tax (community charge and domestic rates prior to 1993),NMHM,,-,PublicFinances1800-2023
1931.0,Current spending3,JW2Q,1084.0,-,PublicFinances1800-2023
1931.0,Custom and excise duties5,CUDG+GTAO+MF6V+ EKED+CDDZ+CWAA,256.0,18,PublicFinances1800-2023
1931.0,Death duties/Inheritance tax,ACCH,65.0,-,PublicFinances1800-2023
1931.0,Debt Interest9,NMFX,290.0,14,PublicFinances1800-2023
1931.0,Defence5,,105.0,32,PublicFinances1800-2023
1931.0,Education8,,127.0,-,PublicFinances1800-2023
1931.0,Energy profits levy,JIS6,,-,PublicFinances1800-2023
1931.0,Gas Levy3,,,-,PublicFinances1800-2023
1931.0,Health6,,50.0,-,PublicFinances1800-2023
1931.0,Income tax1,LIBR-MS62,364.0,5,PublicFinances1800-2023
1931.0,"Index, base year = 100",MM23,16.6,13.5,PublicFinances1800-2023
1931.0,Land and Assessed Taxes,,1.0,5,PublicFinances1800-2023
1931.0,License fee receipts,DH7A,,-,PublicFinances1800-2023
1931.0,National Accounts Taxes,GCSU,,-,PublicFinances1800-2023
1931.0,National Insurance Contributions1,AIIH,84.0,-,PublicFinances1800-2023
1931.0,"Nominal GDP (March-centred, £m)4","Nominal GDP (March-centred, £m)4",4155.0,393,PublicFinances1800-2023
1931.0,Nominal GDP (£m)3,Nominal GDP (£m)3,4201.0,355,PublicFinances1800-2023
1931.0,Other Central Government Receipts6,Residual,65.0,3,PublicFinances1800-2023
1931.0,Other Public Sector Spending10 ,,648.0,-,PublicFinances1800-2023
1931.0,Other business taxes1,KIH3 + N43V,,-,PublicFinances1800-2023
1931.0,Other public sector taxes and receipts8,Residual,289.0,-,PublicFinances1800-2023
1931.0,Petroleum Revenue tax (includes supplementary petroleum duty)3,ACCJ,,-,PublicFinances1800-2023
1931.0,Petroleum royalties3,,,-,PublicFinances1800-2023
1931.0,Public sector gross investment4,JW2Z + JW2S,136.0,-,PublicFinances1800-2023
1931.0,"Public sector net borrowing
(PSNB)1","Public sector net borrowing
(PSNB)1",80.0,21,PublicFinances1800-2023
1931.0,Public sector net debt (PSND)2,Public sector net debt (PSND)2,7648.0,508,PublicFinances1800-2023
1931.0,Social Security7,,,-,PublicFinances1800-2023
1931.0,Stamp duties,GTBC,17.0,3,PublicFinances1800-2023
1931.0,Total Central Government spending1,ANLP + ANNS + NSRN,819.0,50,PublicFinances1800-2023
1931.0,Unit,Source dataset ID,1931.0,1800,PublicFinances1800-2023
1931.0,VAT (Purchase tax prior to 1973)4,NZGF,,-,PublicFinances1800-2023
1931.0,Years,Years,,1800-01,PublicFinances1800-2023
1931.0,o/w non-pensioners,,,-,PublicFinances1800-2023
1931.0,o/w pensioners,,,-,PublicFinances1800-2023
1932.0,Business rates,CUKY,,-,PublicFinances1800-2023
1932.0,Capital Gains Tax1,MS62,,-,PublicFinances1800-2023
1932.0,Corporation tax (profits taxes prior to 1966-67)2,CPRN,,-,PublicFinances1800-2023
1932.0,Council Tax (community charge and domestic rates prior to 1993),NMHM,,-,PublicFinances1800-2023
1932.0,Current spending3,JW2Q,1066.0,-,PublicFinances1800-2023
1932.0,Custom and excise duties5,CUDG+GTAO+MF6V+ EKED+CDDZ+CWAA,283.0,18,PublicFinances1800-2023
1932.0,Death duties/Inheritance tax,ACCH,77.0,-,PublicFinances1800-2023
1932.0,Debt Interest9,NMFX,282.0,14,PublicFinances1800-2023
1932.0,Defence5,,102.0,32,PublicFinances1800-2023
1932.0,Education8,,124.0,-,PublicFinances1800-2023
1932.0,Energy profits levy,JIS6,,-,PublicFinances1800-2023
1932.0,Gas Levy3,,,-,PublicFinances1800-2023
1932.0,Health6,,51.0,-,PublicFinances1800-2023
1932.0,Income tax1,LIBR-MS62,312.0,5,PublicFinances1800-2023
1932.0,"Index, base year = 100",MM23,16.2,13.5,PublicFinances1800-2023
1932.0,Land and Assessed Taxes,,1.0,5,PublicFinances1800-2023
1932.0,License fee receipts,DH7A,,-,PublicFinances1800-2023
1932.0,National Accounts Taxes,GCSU,,-,PublicFinances1800-2023
1932.0,National Insurance Contributions1,AIIH,89.0,-,PublicFinances1800-2023
1932.0,"Nominal GDP (March-centred, £m)4","Nominal GDP (March-centred, £m)4",4188.0,393,PublicFinances1800-2023
1932.0,Nominal GDP (£m)3,Nominal GDP (£m)3,4151.0,355,PublicFinances1800-2023
1932.0,Other Central Government Receipts6,Residual,46.0,3,PublicFinances1800-2023
1932.0,Other Public Sector Spending10 ,,619.0,-,PublicFinances1800-2023
1932.0,Other business taxes1,KIH3 + N43V,,-,PublicFinances1800-2023
1932.0,Other public sector taxes and receipts8,Residual,339.0,-,PublicFinances1800-2023
1932.0,Petroleum Revenue tax (includes supplementary petroleum duty)3,ACCJ,,-,PublicFinances1800-2023
1932.0,Petroleum royalties3,,,-,PublicFinances1800-2023
1932.0,Public sector gross investment4,JW2Z + JW2S,113.0,-,PublicFinances1800-2023
1932.0,"Public sector net borrowing
(PSNB)1","Public sector net borrowing
(PSNB)1",13.0,21,PublicFinances1800-2023
1932.0,Public sector net debt (PSND)2,Public sector net debt (PSND)2,7860.0,508,PublicFinances1800-2023
1932.0,Social Security7,,,-,PublicFinances1800-2023
1932.0,Stamp duties,GTBC,19.0,3,PublicFinances1800-2023
1932.0,Total Central Government spending1,ANLP + ANNS + NSRN,833.0,50,PublicFinances1800-2023
1932.0,Unit,Source dataset ID,1932.0,1800,PublicFinances1800-2023
1932.0,VAT (Purchase tax prior to 1973)4,NZGF,,-,PublicFinances1800-2023
1932.0,Years,Years,,1800-01,PublicFinances1800-2023
1932.0,o/w non-pensioners,,,-,PublicFinances1800-2023
1932.0,o/w pensioners,,,-,PublicFinances1800-2023
1933.0,Business rates,CUKY,,-,PublicFinances1800-2023
1933.0,Capital Gains Tax1,MS62,,-,PublicFinances1800-2023
1933.0,Corporation tax (profits taxes prior to 1966-67)2,CPRN,,-,PublicFinances1800-2023
1933.0,Council Tax (community charge and domestic rates prior to 1993),NMHM,,-,PublicFinances1800-2023
1933.0,Current spending3,JW2Q,1034.0,-,PublicFinances1800-2023
1933.0,Custom and excise duties5,CUDG+GTAO+MF6V+ EKED+CDDZ+CWAA,286.0,18,PublicFinances1800-2023
1933.0,Death duties/Inheritance tax,ACCH,85.0,-,PublicFinances1800-2023
1933.0,Debt Interest9,NMFX,216.0,14,PublicFinances1800-2023
1933.0,Defence5,,104.0,32,PublicFinances1800-2023
1933.0,Education8,,126.0,-,PublicFinances1800-2023
1933.0,Energy profits levy,JIS6,,-,PublicFinances1800-2023
1933.0,Gas Levy3,,,-,PublicFinances1800-2023
1933.0,Health6,,52.0,-,PublicFinances1800-2023
1933.0,Income tax1,LIBR-MS62,282.0,5,PublicFinances1800-2023
1933.0,"Index, base year = 100",MM23,15.8,13.5,PublicFinances1800-2023
1933.0,Land and Assessed Taxes,,1.0,5,PublicFinances1800-2023
1933.0,License fee receipts,DH7A,,-,PublicFinances1800-2023
1933.0,National Accounts Taxes,GCSU,,-,PublicFinances1800-2023
1933.0,National Insurance Contributions1,AIIH,91.0,-,PublicFinances1800-2023
1933.0,"Nominal GDP (March-centred, £m)4","Nominal GDP (March-centred, £m)4",4367.0,393,PublicFinances1800-2023
1933.0,Nominal GDP (£m)3,Nominal GDP (£m)3,4260.0,355,PublicFinances1800-2023
1933.0,Other Central Government Receipts6,Residual,42.0,3,PublicFinances1800-2023
1933.0,Other Public Sector Spending10 ,,630.0,-,PublicFinances1800-2023
1933.0,Other business taxes1,KIH3 + N43V,,-,PublicFinances1800-2023
1933.0,Other public sector taxes and receipts8,Residual,340.0,-,PublicFinances1800-2023
1933.0,Petroleum Revenue tax (includes supplementary petroleum duty)3,ACCJ,,-,PublicFinances1800-2023
1933.0,Petroleum royalties3,,,-,PublicFinances1800-2023
1933.0,Public sector gross investment4,JW2Z + JW2S,95.0,-,PublicFinances1800-2023
1933.0,"Public sector net borrowing
(PSNB)1","Public sector net borrowing
(PSNB)1",-20.0,21,PublicFinances1800-2023
1933.0,Public sector net debt (PSND)2,Public sector net debt (PSND)2,8030.0,508,PublicFinances1800-2023
1933.0,Social Security7,,,-,PublicFinances1800-2023
1933.0,Stamp duties,GTBC,23.0,3,PublicFinances1800-2023
1933.0,Total Central Government spending1,ANLP + ANNS + NSRN,771.0,50,PublicFinances1800-2023
1933.0,Unit,Source dataset ID,1933.0,1800,PublicFinances1800-2023
1933.0,VAT (Purchase tax prior to 1973)4,NZGF,,-,PublicFinances1800-2023
1933.0,Years,Years,,1800-01,PublicFinances1800-2023
1933.0,o/w non-pensioners,,,-,PublicFinances1800-2023
1933.0,o/w pensioners,,,-,PublicFinances1800-2023
1934.0,Business rates,CUKY,,-,PublicFinances1800-2023
1934.0,Capital Gains Tax1,MS62,,-,PublicFinances1800-2023
1934.0,Corporation tax (profits taxes prior to 1966-67)2,CPRN,,-,PublicFinances1800-2023
1934.0,Council Tax (community charge and domestic rates prior to 1993),NMHM,,-,PublicFinances1800-2023
1934.0,Current spending3,JW2Q,1047.0,-,PublicFinances1800-2023
1934.0,Custom and excise duties5,CUDG+GTAO+MF6V+ EKED+CDDZ+CWAA,290.0,18,PublicFinances1800-2023
1934.0,Death duties/Inheritance tax,ACCH,81.0,-,PublicFinances1800-2023
1934.0,Debt Interest9,NMFX,212.0,14,PublicFinances1800-2023
1934.0,Defence5,,115.0,32,PublicFinances1800-2023
1934.0,Education8,,133.0,-,PublicFinances1800-2023
1934.0,Energy profits levy,JIS6,,-,PublicFinances1800-2023
1934.0,Gas Levy3,,,-,PublicFinances1800-2023
1934.0,Health6,,54.0,-,PublicFinances1800-2023
1934.0,Income tax1,LIBR-MS62,280.0,5,PublicFinances1800-2023
1934.0,"Index, base year = 100",MM23,15.8,13.5,PublicFinances1800-2023
1934.0,Land and Assessed Taxes,,1.0,5,PublicFinances1800-2023
1934.0,License fee receipts,DH7A,,-,PublicFinances1800-2023
1934.0,National Accounts Taxes,GCSU,,-,PublicFinances1800-2023
1934.0,National Insurance Contributions1,AIIH,95.0,-,PublicFinances1800-2023
1934.0,"Nominal GDP (March-centred, £m)4","Nominal GDP (March-centred, £m)4",4569.0,393,PublicFinances1800-2023
1934.0,Nominal GDP (£m)3,Nominal GDP (£m)3,4470.0,355,PublicFinances1800-2023
1934.0,Other Central Government Receipts6,Residual,34.0,3,PublicFinances1800-2023
1934.0,Other Public Sector Spending10 ,,634.0,-,PublicFinances1800-2023
1934.0,Other business taxes1,KIH3 + N43V,,-,PublicFinances1800-2023
1934.0,Other public sector taxes and receipts8,Residual,357.0,-,PublicFinances1800-2023
1934.0,Petroleum Revenue tax (includes supplementary petroleum duty)3,ACCJ,,-,PublicFinances1800-2023
1934.0,Petroleum royalties3,,,-,PublicFinances1800-2023
1934.0,Public sector gross investment4,JW2Z + JW2S,102.0,-,PublicFinances1800-2023
1934.0,"Public sector net borrowing
(PSNB)1","Public sector net borrowing
(PSNB)1",-14.0,21,PublicFinances1800-2023
1934.0,Public sector net debt (PSND)2,Public sector net debt (PSND)2,7902.0,508,PublicFinances1800-2023
1934.0,Social Security7,,,-,PublicFinances1800-2023
1934.0,Stamp duties,GTBC,24.0,3,PublicFinances1800-2023
1934.0,Total Central Government spending1,ANLP + ANNS + NSRN,785.0,50,PublicFinances1800-2023
1934.0,Unit,Source dataset ID,1934.0,1800,PublicFinances1800-2023
1934.0,VAT (Purchase tax prior to 1973)4,NZGF,,-,PublicFinances1800-2023
1934.0,Years,Years,,1800-01,PublicFinances1800-2023
1934.0,o/w non-pensioners,,,-,PublicFinances1800-2023
1934.0,o/w pensioners,,,-,PublicFinances1800-2023
1935.0,Business rates,CUKY,,-,PublicFinances1800-2023
1935.0,Capital Gains Tax1,MS62,,-,PublicFinances1800-2023
1935.0,Corporation tax (profits taxes prior to 1966-67)2,CPRN,,-,PublicFinances1800-2023
1935.0,Council Tax (community charge and domestic rates prior to 1993),NMHM,,-,PublicFinances1800-2023
1935.0,Current spending3,JW2Q,1091.0,-,PublicFinances1800-2023
1935.0,Custom and excise duties5,CUDG+GTAO+MF6V+ EKED+CDDZ+CWAA,304.0,18,PublicFinances1800-2023
1935.0,Death duties/Inheritance tax,ACCH,88.0,-,PublicFinances1800-2023
1935.0,Debt Interest9,NMFX,212.0,14,PublicFinances1800-2023
1935.0,Defence5,,141.0,32,PublicFinances1800-2023
1935.0,Education8,,141.0,-,PublicFinances1800-2023
1935.0,Energy profits levy,JIS6,,-,PublicFinances1800-2023
1935.0,Gas Levy3,,,-,PublicFinances1800-2023
1935.0,Health6,,57.0,-,PublicFinances1800-2023
1935.0,Income tax1,LIBR-MS62,289.0,5,PublicFinances1800-2023
1935.0,"Index, base year = 100",MM23,15.9,13.5,PublicFinances1800-2023
1935.0,Land and Assessed Taxes,,1.0,5,PublicFinances1800-2023
1935.0,License fee receipts,DH7A,,-,PublicFinances1800-2023
1935.0,National Accounts Taxes,GCSU,,-,PublicFinances1800-2023
1935.0,National Insurance Contributions1,AIIH,100.0,-,PublicFinances1800-2023
1935.0,"Nominal GDP (March-centred, £m)4","Nominal GDP (March-centred, £m)4",4815.0,393,PublicFinances1800-2023
1935.0,Nominal GDP (£m)3,Nominal GDP (£m)3,4684.0,355,PublicFinances1800-2023
1935.0,Other Central Government Receipts6,Residual,38.0,3,PublicFinances1800-2023
1935.0,Other Public Sector Spending10 ,,663.0,-,PublicFinances1800-2023
1935.0,Other business taxes1,KIH3 + N43V,,-,PublicFinances1800-2023
1935.0,Other public sector taxes and receipts8,Residual,347.0,-,PublicFinances1800-2023
1935.0,Petroleum Revenue tax (includes supplementary petroleum duty)3,ACCJ,,-,PublicFinances1800-2023
1935.0,Petroleum royalties3,,,-,PublicFinances1800-2023
1935.0,Public sector gross investment4,JW2Z + JW2S,121.0,-,PublicFinances1800-2023
1935.0,"Public sector net borrowing
(PSNB)1","Public sector net borrowing
(PSNB)1",20.0,21,PublicFinances1800-2023
1935.0,Public sector net debt (PSND)2,Public sector net debt (PSND)2,7902.0,508,PublicFinances1800-2023
1935.0,Social Security7,,,-,PublicFinances1800-2023
1935.0,Stamp duties,GTBC,26.0,3,PublicFinances1800-2023
1935.0,Total Central Government spending1,ANLP + ANNS + NSRN,829.0,50,PublicFinances1800-2023
1935.0,Unit,Source dataset ID,1935.0,1800,PublicFinances1800-2023
1935.0,VAT (Purchase tax prior to 1973)4,NZGF,,-,PublicFinances1800-2023
1935.0,Years,Years,,1800-01,PublicFinances1800-2023
1935.0,o/w non-pensioners,,,-,PublicFinances1800-2023
1935.0,o/w pensioners,,,-,PublicFinances1800-2023
1936.0,Business rates,CUKY,,-,PublicFinances1800-2023
1936.0,Capital Gains Tax1,MS62,,-,PublicFinances1800-2023
1936.0,Corporation tax (profits taxes prior to 1966-67)2,CPRN,,-,PublicFinances1800-2023
1936.0,Council Tax (community charge and domestic rates prior to 1993),NMHM,,-,PublicFinances1800-2023
1936.0,Current spending3,JW2Q,1141.0,-,PublicFinances1800-2023
1936.0,Custom and excise duties5,CUDG+GTAO+MF6V+ EKED+CDDZ+CWAA,321.0,18,PublicFinances1800-2023
1936.0,Death duties/Inheritance tax,ACCH,88.0,-,PublicFinances1800-2023
1936.0,Debt Interest9,NMFX,211.0,14,PublicFinances1800-2023
1936.0,Defence5,,190.0,32,PublicFinances1800-2023
1936.0,Education8,,146.0,-,PublicFinances1800-2023
1936.0,Energy profits levy,JIS6,,-,PublicFinances1800-2023
1936.0,Gas Levy3,,,-,PublicFinances1800-2023
1936.0,Health6,,61.0,-,PublicFinances1800-2023
1936.0,Income tax1,LIBR-MS62,311.0,5,PublicFinances1800-2023
1936.0,"Index, base year = 100",MM23,16.0,13.5,PublicFinances1800-2023
1936.0,Land and Assessed Taxes,,1.0,5,PublicFinances1800-2023
1936.0,License fee receipts,DH7A,,-,PublicFinances1800-2023
1936.0,National Accounts Taxes,GCSU,,-,PublicFinances1800-2023
1936.0,National Insurance Contributions1,AIIH,105.0,-,PublicFinances1800-2023
1936.0,"Nominal GDP (March-centred, £m)4","Nominal GDP (March-centred, £m)4",5135.0,393,PublicFinances1800-2023
1936.0,Nominal GDP (£m)3,Nominal GDP (£m)3,4965.0,355,PublicFinances1800-2023
1936.0,Other Central Government Receipts6,Residual,42.0,3,PublicFinances1800-2023
1936.0,Other Public Sector Spending10 ,,683.0,-,PublicFinances1800-2023
1936.0,Other business taxes1,KIH3 + N43V,,-,PublicFinances1800-2023
1936.0,Other public sector taxes and receipts8,Residual,346.0,-,PublicFinances1800-2023
1936.0,Petroleum Revenue tax (includes supplementary petroleum duty)3,ACCJ,,-,PublicFinances1800-2023
1936.0,Petroleum royalties3,,,-,PublicFinances1800-2023
1936.0,Public sector gross investment4,JW2Z + JW2S,149.0,-,PublicFinances1800-2023
1936.0,"Public sector net borrowing
(PSNB)1","Public sector net borrowing
(PSNB)1",47.0,21,PublicFinances1800-2023
1936.0,Public sector net debt (PSND)2,Public sector net debt (PSND)2,7910.0,508,PublicFinances1800-2023
1936.0,Social Security7,,,-,PublicFinances1800-2023
1936.0,Stamp duties,GTBC,29.0,3,PublicFinances1800-2023
1936.0,Total Central Government spending1,ANLP + ANNS + NSRN,889.0,50,PublicFinances1800-2023
1936.0,Unit,Source dataset ID,1936.0,1800,PublicFinances1800-2023
1936.0,VAT (Purchase tax prior to 1973)4,NZGF,,-,PublicFinances1800-2023
1936.0,Years,Years,,1800-01,PublicFinances1800-2023
1936.0,o/w non-pensioners,,,-,PublicFinances1800-2023
1936.0,o/w pensioners,,,-,PublicFinances1800-2023
1937.0,Business rates,CUKY,,-,PublicFinances1800-2023
1937.0,Capital Gains Tax1,MS62,,-,PublicFinances1800-2023
1937.0,Corporation tax (profits taxes prior to 1966-67)2,CPRN,1.0,-,PublicFinances1800-2023
1937.0,Council Tax (community charge and domestic rates prior to 1993),NMHM,,-,PublicFinances1800-2023
1937.0,Current spending3,JW2Q,1244.0,-,PublicFinances1800-2023
1937.0,Custom and excise duties5,CUDG+GTAO+MF6V+ EKED+CDDZ+CWAA,336.0,18,PublicFinances1800-2023
1937.0,Death duties/Inheritance tax,ACCH,89.0,-,PublicFinances1800-2023
1937.0,Debt Interest9,NMFX,216.0,14,PublicFinances1800-2023
1937.0,Defence5,,270.0,32,PublicFinances1800-2023
1937.0,Education8,,150.0,-,PublicFinances1800-2023
1937.0,Energy profits levy,JIS6,,-,PublicFinances1800-2023
1937.0,Gas Levy3,,,-,PublicFinances1800-2023
1937.0,Health6,,65.0,-,PublicFinances1800-2023
1937.0,Income tax1,LIBR-MS62,354.0,5,PublicFinances1800-2023
1937.0,"Index, base year = 100",MM23,16.6,13.5,PublicFinances1800-2023
1937.0,Land and Assessed Taxes,,,5,PublicFinances1800-2023
1937.0,License fee receipts,DH7A,,-,PublicFinances1800-2023
1937.0,National Accounts Taxes,GCSU,,-,PublicFinances1800-2023
1937.0,National Insurance Contributions1,AIIH,108.0,-,PublicFinances1800-2023
1937.0,"Nominal GDP (March-centred, £m)4","Nominal GDP (March-centred, £m)4",5343.0,393,PublicFinances1800-2023
1937.0,Nominal GDP (£m)3,Nominal GDP (£m)3,5261.0,355,PublicFinances1800-2023
1937.0,Other Central Government Receipts6,Residual,37.0,3,PublicFinances1800-2023
1937.0,Other Public Sector Spending10 ,,724.0,-,PublicFinances1800-2023
1937.0,Other business taxes1,KIH3 + N43V,,-,PublicFinances1800-2023
1937.0,Other public sector taxes and receipts8,Residual,365.0,-,PublicFinances1800-2023
1937.0,Petroleum Revenue tax (includes supplementary petroleum duty)3,ACCJ,,-,PublicFinances1800-2023
1937.0,Petroleum royalties3,,,-,PublicFinances1800-2023
1937.0,Public sector gross investment4,JW2Z + JW2S,180.0,-,PublicFinances1800-2023
1937.0,"Public sector net borrowing
(PSNB)1","Public sector net borrowing
(PSNB)1",112.0,21,PublicFinances1800-2023
1937.0,Public sector net debt (PSND)2,Public sector net debt (PSND)2,8149.0,508,PublicFinances1800-2023
1937.0,Social Security7,,,-,PublicFinances1800-2023
1937.0,Stamp duties,GTBC,24.0,3,PublicFinances1800-2023
1937.0,Total Central Government spending1,ANLP + ANNS + NSRN,909.0,50,PublicFinances1800-2023
1937.0,Unit,Source dataset ID,1937.0,1800,PublicFinances1800-2023
1937.0,VAT (Purchase tax prior to 1973)4,NZGF,,-,PublicFinances1800-2023
1937.0,Years,Years,,1800-01,PublicFinances1800-2023
1937.0,o/w non-pensioners,,,-,PublicFinances1800-2023
1937.0,o/w pensioners,,,-,PublicFinances1800-2023
1938.0,Business rates,CUKY,,-,PublicFinances1800-2023
1938.0,Capital Gains Tax1,MS62,,-,PublicFinances1800-2023
1938.0,Corporation tax (profits taxes prior to 1966-67)2,CPRN,22.0,-,PublicFinances1800-2023
1938.0,Council Tax (community charge and domestic rates prior to 1993),NMHM,,-,PublicFinances1800-2023
1938.0,Current spending3,JW2Q,1520.0,-,PublicFinances1800-2023
1938.0,Custom and excise duties5,CUDG+GTAO+MF6V+ EKED+CDDZ+CWAA,340.0,18,PublicFinances1800-2023
1938.0,Death duties/Inheritance tax,ACCH,77.0,-,PublicFinances1800-2023
1938.0,Debt Interest9,NMFX,217.0,14,PublicFinances1800-2023
1938.0,Defence5,,397.0,32,PublicFinances1800-2023
1938.0,Education8,,115.0,-,PublicFinances1800-2023
1938.0,Energy profits levy,JIS6,,-,PublicFinances1800-2023
1938.0,Gas Levy3,,,-,PublicFinances1800-2023
1938.0,Health6,,51.0,-,PublicFinances1800-2023
1938.0,Income tax1,LIBR-MS62,398.0,5,PublicFinances1800-2023
1938.0,"Index, base year = 100",MM23,16.8,13.5,PublicFinances1800-2023
1938.0,Land and Assessed Taxes,,,5,PublicFinances1800-2023
1938.0,License fee receipts,DH7A,,-,PublicFinances1800-2023
1938.0,National Accounts Taxes,GCSU,,-,PublicFinances1800-2023
1938.0,National Insurance Contributions1,AIIH,109.0,-,PublicFinances1800-2023
1938.0,"Nominal GDP (March-centred, £m)4","Nominal GDP (March-centred, £m)4",5690.0,393,PublicFinances1800-2023
1938.0,Nominal GDP (£m)3,Nominal GDP (£m)3,5486.0,355,PublicFinances1800-2023
1938.0,Other Central Government Receipts6,Residual,38.0,3,PublicFinances1800-2023
1938.0,Other Public Sector Spending10 ,,889.0,-,PublicFinances1800-2023
1938.0,Other business taxes1,KIH3 + N43V,,-,PublicFinances1800-2023
1938.0,Other public sector taxes and receipts8,Residual,386.0,-,PublicFinances1800-2023
1938.0,Petroleum Revenue tax (includes supplementary petroleum duty)3,ACCJ,,-,PublicFinances1800-2023
1938.0,Petroleum royalties3,,,-,PublicFinances1800-2023
1938.0,Public sector gross investment4,JW2Z + JW2S,149.0,-,PublicFinances1800-2023
1938.0,"Public sector net borrowing
(PSNB)1","Public sector net borrowing
(PSNB)1",280.0,21,PublicFinances1800-2023
1938.0,Public sector net debt (PSND)2,Public sector net debt (PSND)2,8301.0,508,PublicFinances1800-2023
1938.0,Social Security7,,,-,PublicFinances1800-2023
1938.0,Stamp duties,GTBC,21.0,3,PublicFinances1800-2023
1938.0,Total Central Government spending1,ANLP + ANNS + NSRN,1006.0,50,PublicFinances1800-2023
1938.0,Unit,Source dataset ID,1938.0,1800,PublicFinances1800-2023
1938.0,VAT (Purchase tax prior to 1973)4,NZGF,,-,PublicFinances1800-2023
1938.0,Years,Years,,1800-01,PublicFinances1800-2023
1938.0,o/w non-pensioners,,,-,PublicFinances1800-2023
1938.0,o/w pensioners,,,-,PublicFinances1800-2023
1939.0,Business rates,CUKY,,-,PublicFinances1800-2023
1939.0,Capital Gains Tax1,MS62,,-,PublicFinances1800-2023
1939.0,Corporation tax (profits taxes prior to 1966-67)2,CPRN,27.0,-,PublicFinances1800-2023
1939.0,Council Tax (community charge and domestic rates prior to 1993),NMHM,,-,PublicFinances1800-2023
1939.0,Current spending3,JW2Q,2420.0,-,PublicFinances1800-2023
1939.0,Custom and excise duties5,CUDG+GTAO+MF6V+ EKED+CDDZ+CWAA,400.0,18,PublicFinances1800-2023
1939.0,Death duties/Inheritance tax,ACCH,78.0,-,PublicFinances1800-2023
1939.0,Debt Interest9,NMFX,229.0,14,PublicFinances1800-2023
1939.0,Defence5,,1043.0,32,PublicFinances1800-2023
1939.0,Education8,,,-,PublicFinances1800-2023
1939.0,Energy profits levy,JIS6,,-,PublicFinances1800-2023
1939.0,Gas Levy3,,,-,PublicFinances1800-2023
1939.0,Health6,,,-,PublicFinances1800-2023
1939.0,Income tax1,LIBR-MS62,460.0,5,PublicFinances1800-2023
1939.0,"Index, base year = 100",MM23,17.3,13.5,PublicFinances1800-2023
1939.0,Land and Assessed Taxes,,,5,PublicFinances1800-2023
1939.0,License fee receipts,DH7A,,-,PublicFinances1800-2023
1939.0,National Accounts Taxes,GCSU,,-,PublicFinances1800-2023
1939.0,National Insurance Contributions1,AIIH,113.0,-,PublicFinances1800-2023
1939.0,"Nominal GDP (March-centred, £m)4","Nominal GDP (March-centred, £m)4",6720.0,393,PublicFinances1800-2023
1939.0,Nominal GDP (£m)3,Nominal GDP (£m)3,6101.0,355,PublicFinances1800-2023
1939.0,Other Central Government Receipts6,Residual,38.0,3,PublicFinances1800-2023
1939.0,Other Public Sector Spending10 ,,1148.0,-,PublicFinances1800-2023
1939.0,Other business taxes1,KIH3 + N43V,,-,PublicFinances1800-2023
1939.0,Other public sector taxes and receipts8,Residual,455.0,-,PublicFinances1800-2023
1939.0,Petroleum Revenue tax (includes supplementary petroleum duty)3,ACCJ,,-,PublicFinances1800-2023
1939.0,Petroleum royalties3,,,-,PublicFinances1800-2023
1939.0,Public sector gross investment4,JW2Z + JW2S,,-,PublicFinances1800-2023
1939.0,"Public sector net borrowing
(PSNB)1","Public sector net borrowing
(PSNB)1",842.0,21,PublicFinances1800-2023
1939.0,Public sector net debt (PSND)2,Public sector net debt (PSND)2,9083.0,508,PublicFinances1800-2023
1939.0,Social Security7,,,-,PublicFinances1800-2023
1939.0,Stamp duties,GTBC,17.0,3,PublicFinances1800-2023
1939.0,Total Central Government spending1,ANLP + ANNS + NSRN,1401.0,50,PublicFinances1800-2023
1939.0,Unit,Source dataset ID,1939.0,1800,PublicFinances1800-2023
1939.0,VAT (Purchase tax prior to 1973)4,NZGF,,-,PublicFinances1800-2023
1939.0,Years,Years,,1800-01,PublicFinances1800-2023
1939.0,o/w non-pensioners,,,-,PublicFinances1800-2023
1939.0,o/w pensioners,,,-,PublicFinances1800-2023
1940.0,Business rates,CUKY,,-,PublicFinances1800-2023
1940.0,Capital Gains Tax1,MS62,,-,PublicFinances1800-2023
1940.0,Corporation tax (profits taxes prior to 1966-67)2,CPRN,96.0,-,PublicFinances1800-2023
1940.0,Council Tax (community charge and domestic rates prior to 1993),NMHM,,-,PublicFinances1800-2023
1940.0,Current spending3,JW2Q,4056.0,-,PublicFinances1800-2023
1940.0,Custom and excise duties5,CUDG+GTAO+MF6V+ EKED+CDDZ+CWAA,529.0,18,PublicFinances1800-2023
1940.0,Death duties/Inheritance tax,ACCH,81.0,-,PublicFinances1800-2023
1940.0,Debt Interest9,NMFX,234.0,14,PublicFinances1800-2023
1940.0,Defence5,,2896.0,32,PublicFinances1800-2023
1940.0,Education8,,,-,PublicFinances1800-2023
1940.0,Energy profits levy,JIS6,,-,PublicFinances1800-2023
1940.0,Gas Levy3,,,-,PublicFinances1800-2023
1940.0,Health6,,,-,PublicFinances1800-2023
1940.0,Income tax1,LIBR-MS62,600.0,5,PublicFinances1800-2023
1940.0,"Index, base year = 100",MM23,20.2,13.5,PublicFinances1800-2023
1940.0,Land and Assessed Taxes,,,5,PublicFinances1800-2023
1940.0,License fee receipts,DH7A,,-,PublicFinances1800-2023
1940.0,National Accounts Taxes,GCSU,,-,PublicFinances1800-2023
1940.0,National Insurance Contributions1,AIIH,121.0,-,PublicFinances1800-2023
1940.0,"Nominal GDP (March-centred, £m)4","Nominal GDP (March-centred, £m)4",8110.0,393,PublicFinances1800-2023
1940.0,Nominal GDP (£m)3,Nominal GDP (£m)3,7390.0,355,PublicFinances1800-2023
1940.0,Other Central Government Receipts6,Residual,54.0,3,PublicFinances1800-2023
1940.0,Other Public Sector Spending10 ,,927.0,-,PublicFinances1800-2023
1940.0,Other business taxes1,KIH3 + N43V,,-,PublicFinances1800-2023
1940.0,Other public sector taxes and receipts8,Residual,600.0,-,PublicFinances1800-2023
1940.0,Petroleum Revenue tax (includes supplementary petroleum duty)3,ACCJ,,-,PublicFinances1800-2023
1940.0,Petroleum royalties3,,,-,PublicFinances1800-2023
1940.0,Public sector gross investment4,JW2Z + JW2S,,-,PublicFinances1800-2023
1940.0,"Public sector net borrowing
(PSNB)1","Public sector net borrowing
(PSNB)1",1984.0,21,PublicFinances1800-2023
1940.0,Public sector net debt (PSND)2,Public sector net debt (PSND)2,11553.0,508,PublicFinances1800-2023
1940.0,Social Security7,,,-,PublicFinances1800-2023
1940.0,Stamp duties,GTBC,14.0,3,PublicFinances1800-2023
1940.0,Total Central Government spending1,ANLP + ANNS + NSRN,3954.0,50,PublicFinances1800-2023
1940.0,Unit,Source dataset ID,1940.0,1800,PublicFinances1800-2023
1940.0,VAT (Purchase tax prior to 1973)4,NZGF,,-,PublicFinances1800-2023
1940.0,Years,Years,,1800-01,PublicFinances1800-2023
1940.0,o/w non-pensioners,,,-,PublicFinances1800-2023
1940.0,o/w pensioners,,,-,PublicFinances1800-2023
1941.0,Business rates,CUKY,,-,PublicFinances1800-2023
1941.0,Capital Gains Tax1,MS62,,-,PublicFinances1800-2023
1941.0,Corporation tax (profits taxes prior to 1966-67)2,CPRN,269.0,-,PublicFinances1800-2023
1941.0,Council Tax (community charge and domestic rates prior to 1993),NMHM,,-,PublicFinances1800-2023
1941.0,Current spending3,JW2Q,5118.0,-,PublicFinances1800-2023
1941.0,Custom and excise duties5,CUDG+GTAO+MF6V+ EKED+CDDZ+CWAA,704.0,18,PublicFinances1800-2023
1941.0,Death duties/Inheritance tax,ACCH,91.0,-,PublicFinances1800-2023
1941.0,Debt Interest9,NMFX,278.0,14,PublicFinances1800-2023
1941.0,Defence5,,4064.0,32,PublicFinances1800-2023
1941.0,Education8,,,-,PublicFinances1800-2023
1941.0,Energy profits levy,JIS6,,-,PublicFinances1800-2023
1941.0,Gas Levy3,,,-,PublicFinances1800-2023
1941.0,Health6,,,-,PublicFinances1800-2023
1941.0,Income tax1,LIBR-MS62,845.0,5,PublicFinances1800-2023
1941.0,"Index, base year = 100",MM23,22.4,13.5,PublicFinances1800-2023
1941.0,Land and Assessed Taxes,,,5,PublicFinances1800-2023
1941.0,License fee receipts,DH7A,,-,PublicFinances1800-2023
1941.0,National Accounts Taxes,GCSU,,-,PublicFinances1800-2023
1941.0,National Insurance Contributions1,AIIH,130.0,-,PublicFinances1800-2023
1941.0,"Nominal GDP (March-centred, £m)4","Nominal GDP (March-centred, £m)4",9078.0,393,PublicFinances1800-2023
1941.0,Nominal GDP (£m)3,Nominal GDP (£m)3,8673.0,355,PublicFinances1800-2023
1941.0,Other Central Government Receipts6,Residual,122.0,3,PublicFinances1800-2023
1941.0,Other Public Sector Spending10 ,,775.0,-,PublicFinances1800-2023
1941.0,Other business taxes1,KIH3 + N43V,,-,PublicFinances1800-2023
1941.0,Other public sector taxes and receipts8,Residual,623.0,-,PublicFinances1800-2023
1941.0,Petroleum Revenue tax (includes supplementary petroleum duty)3,ACCJ,,-,PublicFinances1800-2023
1941.0,Petroleum royalties3,,,-,PublicFinances1800-2023
1941.0,Public sector gross investment4,JW2Z + JW2S,,-,PublicFinances1800-2023
1941.0,"Public sector net borrowing
(PSNB)1","Public sector net borrowing
(PSNB)1",2347.0,21,PublicFinances1800-2023
1941.0,Public sector net debt (PSND)2,Public sector net debt (PSND)2,14226.0,508,PublicFinances1800-2023
1941.0,Social Security7,,,-,PublicFinances1800-2023
1941.0,Stamp duties,GTBC,14.0,3,PublicFinances1800-2023
1941.0,Total Central Government spending1,ANLP + ANNS + NSRN,4876.0,50,PublicFinances1800-2023
1941.0,Unit,Source dataset ID,1941.0,1800,PublicFinances1800-2023
1941.0,VAT (Purchase tax prior to 1973)4,NZGF,,-,PublicFinances1800-2023
1941.0,Years,Years,,1800-01,PublicFinances1800-2023
1941.0,o/w non-pensioners,,,-,PublicFinances1800-2023
1941.0,o/w pensioners,,,-,PublicFinances1800-2023
1942.0,Business rates,CUKY,,-,PublicFinances1800-2023
1942.0,Capital Gains Tax1,MS62,,-,PublicFinances1800-2023
1942.0,Corporation tax (profits taxes prior to 1966-67)2,CPRN,378.0,-,PublicFinances1800-2023
1942.0,Council Tax (community charge and domestic rates prior to 1993),NMHM,,-,PublicFinances1800-2023
1942.0,Current spending3,JW2Q,5726.0,-,PublicFinances1800-2023
1942.0,Custom and excise duties5,CUDG+GTAO+MF6V+ EKED+CDDZ+CWAA,885.0,18,PublicFinances1800-2023
1942.0,Death duties/Inheritance tax,ACCH,93.0,-,PublicFinances1800-2023
1942.0,Debt Interest9,NMFX,332.0,14,PublicFinances1800-2023
1942.0,Defence5,,4719.0,32,PublicFinances1800-2023
1942.0,Education8,,,-,PublicFinances1800-2023
1942.0,Energy profits levy,JIS6,,-,PublicFinances1800-2023
1942.0,Gas Levy3,,,-,PublicFinances1800-2023
1942.0,Health6,,,-,PublicFinances1800-2023
1942.0,Income tax1,LIBR-MS62,1082.0,5,PublicFinances1800-2023
1942.0,"Index, base year = 100",MM23,24.0,13.5,PublicFinances1800-2023
1942.0,Land and Assessed Taxes,,,5,PublicFinances1800-2023
1942.0,License fee receipts,DH7A,,-,PublicFinances1800-2023
1942.0,National Accounts Taxes,GCSU,,-,PublicFinances1800-2023
1942.0,National Insurance Contributions1,AIIH,143.0,-,PublicFinances1800-2023
1942.0,"Nominal GDP (March-centred, £m)4","Nominal GDP (March-centred, £m)4",9729.0,393,PublicFinances1800-2023
1942.0,Nominal GDP (£m)3,Nominal GDP (£m)3,9430.0,355,PublicFinances1800-2023
1942.0,Other Central Government Receipts6,Residual,326.0,3,PublicFinances1800-2023
1942.0,Other Public Sector Spending10 ,,675.0,-,PublicFinances1800-2023
1942.0,Other business taxes1,KIH3 + N43V,,-,PublicFinances1800-2023
1942.0,Other public sector taxes and receipts8,Residual,364.0,-,PublicFinances1800-2023
1942.0,Petroleum Revenue tax (includes supplementary petroleum duty)3,ACCJ,,-,PublicFinances1800-2023
1942.0,Petroleum royalties3,,,-,PublicFinances1800-2023
1942.0,Public sector gross investment4,JW2Z + JW2S,,-,PublicFinances1800-2023
1942.0,"Public sector net borrowing
(PSNB)1","Public sector net borrowing
(PSNB)1",2422.0,21,PublicFinances1800-2023
1942.0,Public sector net debt (PSND)2,Public sector net debt (PSND)2,17006.0,508,PublicFinances1800-2023
1942.0,Social Security7,,,-,PublicFinances1800-2023
1942.0,Stamp duties,GTBC,15.0,3,PublicFinances1800-2023
1942.0,Total Central Government spending1,ANLP + ANNS + NSRN,5726.0,50,PublicFinances1800-2023
1942.0,Unit,Source dataset ID,1942.0,1800,PublicFinances1800-2023
1942.0,VAT (Purchase tax prior to 1973)4,NZGF,,-,PublicFinances1800-2023
1942.0,Years,Years,,1800-01,PublicFinances1800-2023
1942.0,o/w non-pensioners,,,-,PublicFinances1800-2023
1942.0,o/w pensioners,,,-,PublicFinances1800-2023
1943.0,Business rates,CUKY,,-,PublicFinances1800-2023
1943.0,Capital Gains Tax1,MS62,,-,PublicFinances1800-2023
1943.0,Corporation tax (profits taxes prior to 1966-67)2,CPRN,500.0,-,PublicFinances1800-2023
1943.0,Council Tax (community charge and domestic rates prior to 1993),NMHM,,-,PublicFinances1800-2023
1943.0,Current spending3,JW2Q,6090.0,-,PublicFinances1800-2023
1943.0,Custom and excise duties5,CUDG+GTAO+MF6V+ EKED+CDDZ+CWAA,1043.0,18,PublicFinances1800-2023
1943.0,Death duties/Inheritance tax,ACCH,100.0,-,PublicFinances1800-2023
1943.0,Debt Interest9,NMFX,385.0,14,PublicFinances1800-2023
1943.0,Defence5,,4962.0,32,PublicFinances1800-2023
1943.0,Education8,,,-,PublicFinances1800-2023
1943.0,Energy profits levy,JIS6,,-,PublicFinances1800-2023
1943.0,Gas Levy3,,,-,PublicFinances1800-2023
1943.0,Health6,,,-,PublicFinances1800-2023
1943.0,Income tax1,LIBR-MS62,1260.0,5,PublicFinances1800-2023
1943.0,"Index, base year = 100",MM23,24.8,13.5,PublicFinances1800-2023
1943.0,Land and Assessed Taxes,,,5,PublicFinances1800-2023
1943.0,License fee receipts,DH7A,,-,PublicFinances1800-2023
1943.0,National Accounts Taxes,GCSU,,-,PublicFinances1800-2023
1943.0,National Insurance Contributions1,AIIH,143.0,-,PublicFinances1800-2023
1943.0,"Nominal GDP (March-centred, £m)4","Nominal GDP (March-centred, £m)4",9942.0,393,PublicFinances1800-2023
1943.0,Nominal GDP (£m)3,Nominal GDP (£m)3,9899.0,355,PublicFinances1800-2023
1943.0,Other Central Government Receipts6,Residual,86.0,3,PublicFinances1800-2023
1943.0,Other Public Sector Spending10 ,,743.0,-,PublicFinances1800-2023
1943.0,Other business taxes1,KIH3 + N43V,,-,PublicFinances1800-2023
1943.0,Other public sector taxes and receipts8,Residual,567.0,-,PublicFinances1800-2023
1943.0,Petroleum Revenue tax (includes supplementary petroleum duty)3,ACCJ,,-,PublicFinances1800-2023
1943.0,Petroleum royalties3,,,-,PublicFinances1800-2023
1943.0,Public sector gross investment4,JW2Z + JW2S,,-,PublicFinances1800-2023
1943.0,"Public sector net borrowing
(PSNB)1","Public sector net borrowing
(PSNB)1",2402.0,21,PublicFinances1800-2023
1943.0,Public sector net debt (PSND)2,Public sector net debt (PSND)2,19743.0,508,PublicFinances1800-2023
1943.0,Social Security7,,,-,PublicFinances1800-2023
1943.0,Stamp duties,GTBC,18.0,3,PublicFinances1800-2023
1943.0,Total Central Government spending1,ANLP + ANNS + NSRN,5899.0,50,PublicFinances1800-2023
1943.0,Unit,Source dataset ID,1943.0,1800,PublicFinances1800-2023
1943.0,VAT (Purchase tax prior to 1973)4,NZGF,,-,PublicFinances1800-2023
1943.0,Years,Years,,1800-01,PublicFinances1800-2023
1943.0,o/w non-pensioners,,,-,PublicFinances1800-2023
1943.0,o/w pensioners,,,-,PublicFinances1800-2023
1944.0,Business rates,CUKY,,-,PublicFinances1800-2023
1944.0,Capital Gains Tax1,MS62,,-,PublicFinances1800-2023
1944.0,Corporation tax (profits taxes prior to 1966-67)2,CPRN,510.0,-,PublicFinances1800-2023
1944.0,Council Tax (community charge and domestic rates prior to 1993),NMHM,,-,PublicFinances1800-2023
1944.0,Current spending3,JW2Q,6174.0,-,PublicFinances1800-2023
1944.0,Custom and excise duties5,CUDG+GTAO+MF6V+ EKED+CDDZ+CWAA,1076.0,18,PublicFinances1800-2023
1944.0,Death duties/Inheritance tax,ACCH,111.0,-,PublicFinances1800-2023
1944.0,Debt Interest9,NMFX,435.0,14,PublicFinances1800-2023
1944.0,Defence5,,4958.0,32,PublicFinances1800-2023
1944.0,Education8,,,-,PublicFinances1800-2023
1944.0,Energy profits levy,JIS6,,-,PublicFinances1800-2023
1944.0,Gas Levy3,,,-,PublicFinances1800-2023
1944.0,Health6,,,-,PublicFinances1800-2023
1944.0,Income tax1,LIBR-MS62,1390.0,5,PublicFinances1800-2023
1944.0,"Index, base year = 100",MM23,25.5,13.5,PublicFinances1800-2023
1944.0,Land and Assessed Taxes,,,5,PublicFinances1800-2023
1944.0,License fee receipts,DH7A,,-,PublicFinances1800-2023
1944.0,National Accounts Taxes,GCSU,,-,PublicFinances1800-2023
1944.0,National Insurance Contributions1,AIIH,140.0,-,PublicFinances1800-2023
1944.0,"Nominal GDP (March-centred, £m)4","Nominal GDP (March-centred, £m)4",9763.0,393,PublicFinances1800-2023
1944.0,Nominal GDP (£m)3,Nominal GDP (£m)3,9897.0,355,PublicFinances1800-2023
1944.0,Other Central Government Receipts6,Residual,110.0,3,PublicFinances1800-2023
1944.0,Other Public Sector Spending10 ,,781.0,-,PublicFinances1800-2023
1944.0,Other business taxes1,KIH3 + N43V,,-,PublicFinances1800-2023
1944.0,Other public sector taxes and receipts8,Residual,499.0,-,PublicFinances1800-2023
1944.0,Petroleum Revenue tax (includes supplementary petroleum duty)3,ACCJ,,-,PublicFinances1800-2023
1944.0,Petroleum royalties3,,,-,PublicFinances1800-2023
1944.0,Public sector gross investment4,JW2Z + JW2S,,-,PublicFinances1800-2023
1944.0,"Public sector net borrowing
(PSNB)1","Public sector net borrowing
(PSNB)1",2216.0,21,PublicFinances1800-2023
1944.0,Public sector net debt (PSND)2,Public sector net debt (PSND)2,22541.0,508,PublicFinances1800-2023
1944.0,Social Security7,,,-,PublicFinances1800-2023
1944.0,Stamp duties,GTBC,17.0,3,PublicFinances1800-2023
1944.0,Total Central Government spending1,ANLP + ANNS + NSRN,6174.0,50,PublicFinances1800-2023
1944.0,Unit,Source dataset ID,1944.0,1800,PublicFinances1800-2023
1944.0,VAT (Purchase tax prior to 1973)4,NZGF,,-,PublicFinances1800-2023
1944.0,Years,Years,,1800-01,PublicFinances1800-2023
1944.0,o/w non-pensioners,,,-,PublicFinances1800-2023
1944.0,o/w pensioners,,,-,PublicFinances1800-2023
1945.0,Business rates,CUKY,,-,PublicFinances1800-2023
1945.0,Capital Gains Tax1,MS62,,-,PublicFinances1800-2023
1945.0,Corporation tax (profits taxes prior to 1966-67)2,CPRN,466.0,-,PublicFinances1800-2023
1945.0,Council Tax (community charge and domestic rates prior to 1993),NMHM,,-,PublicFinances1800-2023
1945.0,Current spending3,JW2Q,5592.0,-,PublicFinances1800-2023
1945.0,Custom and excise duties5,CUDG+GTAO+MF6V+ EKED+CDDZ+CWAA,1111.0,18,PublicFinances1800-2023
1945.0,Death duties/Inheritance tax,ACCH,120.0,-,PublicFinances1800-2023
1945.0,Debt Interest9,NMFX,475.0,14,PublicFinances1800-2023
1945.0,Defence5,,3950.0,32,PublicFinances1800-2023
1945.0,Education8,,,-,PublicFinances1800-2023
1945.0,Energy profits levy,JIS6,,-,PublicFinances1800-2023
1945.0,Gas Levy3,,,-,PublicFinances1800-2023
1945.0,Health6,,,-,PublicFinances1800-2023
1945.0,Income tax1,LIBR-MS62,1430.0,5,PublicFinances1800-2023
1945.0,"Index, base year = 100",MM23,26.2,13.5,PublicFinances1800-2023
1945.0,Land and Assessed Taxes,,,5,PublicFinances1800-2023
1945.0,License fee receipts,DH7A,,-,PublicFinances1800-2023
1945.0,National Accounts Taxes,GCSU,,-,PublicFinances1800-2023
1945.0,National Insurance Contributions1,AIIH,145.0,-,PublicFinances1800-2023
1945.0,"Nominal GDP (March-centred, £m)4","Nominal GDP (March-centred, £m)4",9741.0,393,PublicFinances1800-2023
1945.0,Nominal GDP (£m)3,Nominal GDP (£m)3,9712.0,355,PublicFinances1800-2023
1945.0,Other Central Government Receipts6,Residual,103.0,3,PublicFinances1800-2023
1945.0,Other Public Sector Spending10 ,,1167.0,-,PublicFinances1800-2023
1945.0,Other business taxes1,KIH3 + N43V,,-,PublicFinances1800-2023
1945.0,Other public sector taxes and receipts8,Residual,433.0,-,PublicFinances1800-2023
1945.0,Petroleum Revenue tax (includes supplementary petroleum duty)3,ACCJ,,-,PublicFinances1800-2023
1945.0,Petroleum royalties3,,,-,PublicFinances1800-2023
1945.0,Public sector gross investment4,JW2Z + JW2S,,-,PublicFinances1800-2023
1945.0,"Public sector net borrowing
(PSNB)1","Public sector net borrowing
(PSNB)1",1475.0,21,PublicFinances1800-2023
1945.0,Public sector net debt (PSND)2,Public sector net debt (PSND)2,23774.0,508,PublicFinances1800-2023
1945.0,Social Security7,,,-,PublicFinances1800-2023
1945.0,Stamp duties,GTBC,25.0,3,PublicFinances1800-2023
1945.0,Total Central Government spending1,ANLP + ANNS + NSRN,5592.0,50,PublicFinances1800-2023
1945.0,Unit,Source dataset ID,1945.0,1800,PublicFinances1800-2023
1945.0,VAT (Purchase tax prior to 1973)4,NZGF,,-,PublicFinances1800-2023
1945.0,Years,Years,,1800-01,PublicFinances1800-2023
1945.0,o/w non-pensioners,,,-,PublicFinances1800-2023
1945.0,o/w pensioners,,,-,PublicFinances1800-2023
1946.0,Business rates,CUKY,,-,PublicFinances1800-2023
1946.0,Capital Gains Tax1,MS62,,-,PublicFinances1800-2023
1946.0,Corporation tax (profits taxes prior to 1966-67)2,CPRN,358.0,-,PublicFinances1800-2023
1946.0,Council Tax (community charge and domestic rates prior to 1993),NMHM,120.0,-,PublicFinances1800-2023
1946.0,Current spending3,JW2Q,4011.0,-,PublicFinances1800-2023
1946.0,Custom and excise duties5,CUDG+GTAO+MF6V+ EKED+CDDZ+CWAA,643.0,18,PublicFinances1800-2023
1946.0,Death duties/Inheritance tax,ACCH,148.0,-,PublicFinances1800-2023
1946.0,Debt Interest9,NMFX,504.0,14,PublicFinances1800-2023
1946.0,Defence5,,1744.0,32,PublicFinances1800-2023
1946.0,Education8,,,-,PublicFinances1800-2023
1946.0,Energy profits levy,JIS6,,-,PublicFinances1800-2023
1946.0,Gas Levy3,,,-,PublicFinances1800-2023
1946.0,Health6,,,-,PublicFinances1800-2023
1946.0,Income tax1,LIBR-MS62,1211.0,5,PublicFinances1800-2023
1946.0,"Index, base year = 100",MM23,27.0,13.5,PublicFinances1800-2023
1946.0,Land and Assessed Taxes,,,5,PublicFinances1800-2023
1946.0,License fee receipts,DH7A,11.0,-,PublicFinances1800-2023
1946.0,National Accounts Taxes,GCSU,3547.0,-,PublicFinances1800-2023
1946.0,National Insurance Contributions1,AIIH,186.0,-,PublicFinances1800-2023
1946.0,"Nominal GDP (March-centred, £m)4","Nominal GDP (March-centred, £m)4",10347.0,393,PublicFinances1800-2023
1946.0,Nominal GDP (£m)3,Nominal GDP (£m)3,9953.0,355,PublicFinances1800-2023
1946.0,Other Central Government Receipts6,Residual,309.0,3,PublicFinances1800-2023
1946.0,Other Public Sector Spending10 ,,2119.0,-,PublicFinances1800-2023
1946.0,Other business taxes1,KIH3 + N43V,,-,PublicFinances1800-2023
1946.0,Other public sector taxes and receipts8,Residual,172.0,-,PublicFinances1800-2023
1946.0,Petroleum Revenue tax (includes supplementary petroleum duty)3,ACCJ,,-,PublicFinances1800-2023
1946.0,Petroleum royalties3,,,-,PublicFinances1800-2023
1946.0,Public sector gross investment4,JW2Z + JW2S,356.0,-,PublicFinances1800-2023
1946.0,"Public sector net borrowing
(PSNB)1","Public sector net borrowing
(PSNB)1",629.0,21,PublicFinances1800-2023
1946.0,Public sector net debt (PSND)2,Public sector net debt (PSND)2,25771.0,508,PublicFinances1800-2023
1946.0,Social Security7,,,-,PublicFinances1800-2023
1946.0,Stamp duties,GTBC,39.0,3,PublicFinances1800-2023
1946.0,Total Central Government spending1,ANLP + ANNS + NSRN,3890.0,50,PublicFinances1800-2023
1946.0,Unit,Source dataset ID,1946.0,1800,PublicFinances1800-2023
1946.0,VAT (Purchase tax prior to 1973)4,NZGF,464.0,-,PublicFinances1800-2023
1946.0,Years,Years,,1800-01,PublicFinances1800-2023
1946.0,o/w non-pensioners,,,-,PublicFinances1800-2023
1946.0,o/w pensioners,,,-,PublicFinances1800-2023
1947.0,Business rates,CUKY,,-,PublicFinances1800-2023
1947.0,Capital Gains Tax1,MS62,,-,PublicFinances1800-2023
1947.0,Corporation tax (profits taxes prior to 1966-67)2,CPRN,289.0,-,PublicFinances1800-2023
1947.0,Council Tax (community charge and domestic rates prior to 1993),NMHM,128.0,-,PublicFinances1800-2023
1947.0,Current spending3,JW2Q,3602.0,-,PublicFinances1800-2023
1947.0,Custom and excise duties5,CUDG+GTAO+MF6V+ EKED+CDDZ+CWAA,753.0,18,PublicFinances1800-2023
1947.0,Death duties/Inheritance tax,ACCH,172.0,-,PublicFinances1800-2023
1947.0,Debt Interest9,NMFX,527.0,14,PublicFinances1800-2023
1947.0,Defence5,,860.0,32,PublicFinances1800-2023
1947.0,Education8,,,-,PublicFinances1800-2023
1947.0,Energy profits levy,JIS6,,-,PublicFinances1800-2023
1947.0,Gas Levy3,,,-,PublicFinances1800-2023
1947.0,Health6,,,-,PublicFinances1800-2023
1947.0,Income tax1,LIBR-MS62,1139.0,5,PublicFinances1800-2023
1947.0,"Index, base year = 100",MM23,28.9,13.5,PublicFinances1800-2023
1947.0,Land and Assessed Taxes,,,5,PublicFinances1800-2023
1947.0,License fee receipts,DH7A,11.0,-,PublicFinances1800-2023
1947.0,National Accounts Taxes,GCSU,3717.0,-,PublicFinances1800-2023
1947.0,National Insurance Contributions1,AIIH,257.0,-,PublicFinances1800-2023
1947.0,"Nominal GDP (March-centred, £m)4","Nominal GDP (March-centred, £m)4",11322.0,393,PublicFinances1800-2023
1947.0,Nominal GDP (£m)3,Nominal GDP (£m)3,10803.0,355,PublicFinances1800-2023
1947.0,Other Central Government Receipts6,Residual,347.0,3,PublicFinances1800-2023
1947.0,Other Public Sector Spending10 ,,2747.0,-,PublicFinances1800-2023
1947.0,Other business taxes1,KIH3 + N43V,,-,PublicFinances1800-2023
1947.0,Other public sector taxes and receipts8,Residual,257.0,-,PublicFinances1800-2023
1947.0,Petroleum Revenue tax (includes supplementary petroleum duty)3,ACCJ,,-,PublicFinances1800-2023
1947.0,Petroleum royalties3,,,-,PublicFinances1800-2023
1947.0,Public sector gross investment4,JW2Z + JW2S,533.0,-,PublicFinances1800-2023
1947.0,"Public sector net borrowing
(PSNB)1","Public sector net borrowing
(PSNB)1",79.0,21,PublicFinances1800-2023
1947.0,Public sector net debt (PSND)2,Public sector net debt (PSND)2,25773.0,508,PublicFinances1800-2023
1947.0,Social Security7,,,-,PublicFinances1800-2023
1947.0,Stamp duties,GTBC,52.0,3,PublicFinances1800-2023
1947.0,Total Central Government spending1,ANLP + ANNS + NSRN,3447.0,50,PublicFinances1800-2023
1947.0,Unit,Source dataset ID,1947.0,1800,PublicFinances1800-2023
1947.0,VAT (Purchase tax prior to 1973)4,NZGF,555.0,-,PublicFinances1800-2023
1947.0,Years,Years,,1800-01,PublicFinances1800-2023
1947.0,o/w non-pensioners,,,-,PublicFinances1800-2023
1947.0,o/w pensioners,,,-,PublicFinances1800-2023
1948.0,Business rates,CUKY,,-,PublicFinances1800-2023
1948.0,Capital Gains Tax1,MS62,,-,PublicFinances1800-2023
1948.0,Corporation tax (profits taxes prior to 1966-67)2,CPRN,279.0,-,PublicFinances1800-2023
1948.0,Council Tax (community charge and domestic rates prior to 1993),NMHM,151.0,-,PublicFinances1800-2023
1948.0,Current spending3,JW2Q,3781.0,-,PublicFinances1800-2023
1948.0,Custom and excise duties5,CUDG+GTAO+MF6V+ EKED+CDDZ+CWAA,895.0,18,PublicFinances1800-2023
1948.0,Death duties/Inheritance tax,ACCH,177.0,-,PublicFinances1800-2023
1948.0,Debt Interest9,NMFX,520.0,14,PublicFinances1800-2023
1948.0,Defence5,,809.0,32,PublicFinances1800-2023
1948.0,Education8,,314.0,-,PublicFinances1800-2023
1948.0,Energy profits levy,JIS6,,-,PublicFinances1800-2023
1948.0,Gas Levy3,,,-,PublicFinances1800-2023
1948.0,Health6,,253.0,-,PublicFinances1800-2023
1948.0,Income tax1,LIBR-MS62,1347.0,5,PublicFinances1800-2023
1948.0,"Index, base year = 100",MM23,31.1,13.5,PublicFinances1800-2023
1948.0,Land and Assessed Taxes,,,5,PublicFinances1800-2023
1948.0,License fee receipts,DH7A,12.0,-,PublicFinances1800-2023
1948.0,National Accounts Taxes,GCSU,4251.0,-,PublicFinances1800-2023
1948.0,National Insurance Contributions1,AIIH,361.0,-,PublicFinances1800-2023
1948.0,"Nominal GDP (March-centred, £m)4","Nominal GDP (March-centred, £m)4",12153.0,393,PublicFinances1800-2023
1948.0,Nominal GDP (£m)3,Nominal GDP (£m)3,11425.0,355,PublicFinances1800-2023
1948.0,Other Central Government Receipts6,Residual,478.0,3,PublicFinances1800-2023
1948.0,Other Public Sector Spending10 ,,2617.0,-,PublicFinances1800-2023
1948.0,Other business taxes1,KIH3 + N43V,,-,PublicFinances1800-2023
1948.0,Other public sector taxes and receipts8,Residual,562.0,-,PublicFinances1800-2023
1948.0,Petroleum Revenue tax (includes supplementary petroleum duty)3,ACCJ,,-,PublicFinances1800-2023
1948.0,Petroleum royalties3,,,-,PublicFinances1800-2023
1948.0,Public sector gross investment4,JW2Z + JW2S,733.0,-,PublicFinances1800-2023
1948.0,"Public sector net borrowing
(PSNB)1","Public sector net borrowing
(PSNB)1",-496.0,21,PublicFinances1800-2023
1948.0,Public sector net debt (PSND)2,Public sector net debt (PSND)2,25332.0,508,PublicFinances1800-2023
1948.0,Social Security7,,,-,PublicFinances1800-2023
1948.0,Stamp duties,GTBC,58.0,3,PublicFinances1800-2023
1948.0,Total Central Government spending1,ANLP + ANNS + NSRN,3595.0,50,PublicFinances1800-2023
1948.0,Unit,Source dataset ID,1948.0,1800,PublicFinances1800-2023
1948.0,VAT (Purchase tax prior to 1973)4,NZGF,598.0,-,PublicFinances1800-2023
1948.0,Years,Years,,1800-01,PublicFinances1800-2023
1948.0,o/w non-pensioners,,,-,PublicFinances1800-2023
1948.0,o/w pensioners,,,-,PublicFinances1800-2023
1949.0,Business rates,CUKY,,-,PublicFinances1800-2023
1949.0,Capital Gains Tax1,MS62,,-,PublicFinances1800-2023
1949.0,Corporation tax (profits taxes prior to 1966-67)2,CPRN,297.0,-,PublicFinances1800-2023
1949.0,Council Tax (community charge and domestic rates prior to 1993),NMHM,123.0,-,PublicFinances1800-2023
1949.0,Current spending3,JW2Q,3972.0,-,PublicFinances1800-2023
1949.0,Custom and excise duties5,CUDG+GTAO+MF6V+ EKED+CDDZ+CWAA,871.0,18,PublicFinances1800-2023
1949.0,Death duties/Inheritance tax,ACCH,190.0,-,PublicFinances1800-2023
1949.0,Debt Interest9,NMFX,519.0,14,PublicFinances1800-2023
1949.0,Defence5,,838.0,32,PublicFinances1800-2023
1949.0,Education8,,332.0,-,PublicFinances1800-2023
1949.0,Energy profits levy,JIS6,,-,PublicFinances1800-2023
1949.0,Gas Levy3,,,-,PublicFinances1800-2023
1949.0,Health6,,419.0,-,PublicFinances1800-2023
1949.0,Income tax1,LIBR-MS62,1510.0,5,PublicFinances1800-2023
1949.0,"Index, base year = 100",MM23,32.0,13.5,PublicFinances1800-2023
1949.0,Land and Assessed Taxes,,,5,PublicFinances1800-2023
1949.0,License fee receipts,DH7A,13.0,-,PublicFinances1800-2023
1949.0,National Accounts Taxes,GCSU,4494.0,-,PublicFinances1800-2023
1949.0,National Insurance Contributions1,AIIH,437.0,-,PublicFinances1800-2023
1949.0,"Nominal GDP (March-centred, £m)4","Nominal GDP (March-centred, £m)4",12776.0,393,PublicFinances1800-2023
1949.0,Nominal GDP (£m)3,Nominal GDP (£m)3,12169.0,355,PublicFinances1800-2023
1949.0,Other Central Government Receipts6,Residual,535.0,3,PublicFinances1800-2023
1949.0,Other Public Sector Spending10 ,,2687.0,-,PublicFinances1800-2023
1949.0,Other business taxes1,KIH3 + N43V,,-,PublicFinances1800-2023
1949.0,Other public sector taxes and receipts8,Residual,653.0,-,PublicFinances1800-2023
1949.0,Petroleum Revenue tax (includes supplementary petroleum duty)3,ACCJ,,-,PublicFinances1800-2023
1949.0,Petroleum royalties3,,,-,PublicFinances1800-2023
1949.0,Public sector gross investment4,JW2Z + JW2S,822.0,-,PublicFinances1800-2023
1949.0,"Public sector net borrowing
(PSNB)1","Public sector net borrowing
(PSNB)1",-587.0,21,PublicFinances1800-2023
1949.0,Public sector net debt (PSND)2,Public sector net debt (PSND)2,25900.0,508,PublicFinances1800-2023
1949.0,Social Security7,,,-,PublicFinances1800-2023
1949.0,Stamp duties,GTBC,53.0,3,PublicFinances1800-2023
1949.0,Total Central Government spending1,ANLP + ANNS + NSRN,3780.0,50,PublicFinances1800-2023
1949.0,Unit,Source dataset ID,1949.0,1800,PublicFinances1800-2023
1949.0,VAT (Purchase tax prior to 1973)4,NZGF,600.0,-,PublicFinances1800-2023
1949.0,Years,Years,,1800-01,PublicFinances1800-2023
1949.0,o/w non-pensioners,,,-,PublicFinances1800-2023
1949.0,o/w pensioners,,,-,PublicFinances1800-2023
1950.0,Business rates,CUKY,,-,PublicFinances1800-2023
1950.0,Capital Gains Tax1,MS62,,-,PublicFinances1800-2023
1950.0,Corporation tax (profits taxes prior to 1966-67)2,CPRN,268.0,-,PublicFinances1800-2023
1950.0,Council Tax (community charge and domestic rates prior to 1993),NMHM,137.0,-,PublicFinances1800-2023
1950.0,Current spending3,JW2Q,4194.0,-,PublicFinances1800-2023
1950.0,Custom and excise duties5,CUDG+GTAO+MF6V+ EKED+CDDZ+CWAA,941.0,18,PublicFinances1800-2023
1950.0,Death duties/Inheritance tax,ACCH,185.0,-,PublicFinances1800-2023
1950.0,Debt Interest9,NMFX,520.0,14,PublicFinances1800-2023
1950.0,Defence5,,917.0,32,PublicFinances1800-2023
1950.0,Education8,,342.0,-,PublicFinances1800-2023
1950.0,Energy profits levy,JIS6,,-,PublicFinances1800-2023
1950.0,Gas Levy3,,,-,PublicFinances1800-2023
1950.0,Health6,,457.0,-,PublicFinances1800-2023
1950.0,Income tax1,LIBR-MS62,1570.0,5,PublicFinances1800-2023
1950.0,"Index, base year = 100",MM23,33.0,13.5,PublicFinances1800-2023
1950.0,Land and Assessed Taxes,,,5,PublicFinances1800-2023
1950.0,License fee receipts,DH7A,13.0,-,PublicFinances1800-2023
1950.0,National Accounts Taxes,GCSU,4596.0,-,PublicFinances1800-2023
1950.0,National Insurance Contributions1,AIIH,443.0,-,PublicFinances1800-2023
1950.0,"Nominal GDP (March-centred, £m)4","Nominal GDP (March-centred, £m)4",14111.0,393,PublicFinances1800-2023
1950.0,Nominal GDP (£m)3,Nominal GDP (£m)3,12740.0,355,PublicFinances1800-2023
1950.0,Other Central Government Receipts6,Residual,541.0,3,PublicFinances1800-2023
1950.0,Other Public Sector Spending10 ,,2868.0,-,PublicFinances1800-2023
1950.0,Other business taxes1,KIH3 + N43V,,-,PublicFinances1800-2023
1950.0,Other public sector taxes and receipts8,Residual,712.0,-,PublicFinances1800-2023
1950.0,Petroleum Revenue tax (includes supplementary petroleum duty)3,ACCJ,,-,PublicFinances1800-2023
1950.0,Petroleum royalties3,,,-,PublicFinances1800-2023
1950.0,Public sector gross investment4,JW2Z + JW2S,912.0,-,PublicFinances1800-2023
1950.0,"Public sector net borrowing
(PSNB)1","Public sector net borrowing
(PSNB)1",-466.0,21,PublicFinances1800-2023
1950.0,Public sector net debt (PSND)2,Public sector net debt (PSND)2,25922.0,508,PublicFinances1800-2023
1950.0,Social Security7,,,-,PublicFinances1800-2023
1950.0,Stamp duties,GTBC,55.0,3,PublicFinances1800-2023
1950.0,Total Central Government spending1,ANLP + ANNS + NSRN,3946.0,50,PublicFinances1800-2023
1950.0,Unit,Source dataset ID,1950.0,1800,PublicFinances1800-2023
1950.0,VAT (Purchase tax prior to 1973)4,NZGF,606.0,-,PublicFinances1800-2023
1950.0,Years,Years,,1800-01,PublicFinances1800-2023
1950.0,o/w non-pensioners,,,-,PublicFinances1800-2023
1950.0,o/w pensioners,,,-,PublicFinances1800-2023
1951.0,Business rates,CUKY,,-,PublicFinances1800-2023
1951.0,Capital Gains Tax1,MS62,,-,PublicFinances1800-2023
1951.0,Corporation tax (profits taxes prior to 1966-67)2,CPRN,315.0,-,PublicFinances1800-2023
1951.0,Council Tax (community charge and domestic rates prior to 1993),NMHM,149.0,-,PublicFinances1800-2023
1951.0,Current spending3,JW2Q,4850.0,-,PublicFinances1800-2023
1951.0,Custom and excise duties5,CUDG+GTAO+MF6V+ EKED+CDDZ+CWAA,1031.0,18,PublicFinances1800-2023
1951.0,Death duties/Inheritance tax,ACCH,183.0,-,PublicFinances1800-2023
1951.0,Debt Interest9,NMFX,564.0,14,PublicFinances1800-2023
1951.0,Defence5,,1222.0,32,PublicFinances1800-2023
1951.0,Education8,,389.0,-,PublicFinances1800-2023
1951.0,Energy profits levy,JIS6,,-,PublicFinances1800-2023
1951.0,Gas Levy3,,,-,PublicFinances1800-2023
1951.0,Health6,,471.0,-,PublicFinances1800-2023
1951.0,Income tax1,LIBR-MS62,1733.0,5,PublicFinances1800-2023
1951.0,"Index, base year = 100",MM23,36.0,13.5,PublicFinances1800-2023
1951.0,Land and Assessed Taxes,,,5,PublicFinances1800-2023
1951.0,License fee receipts,DH7A,14.0,-,PublicFinances1800-2023
1951.0,National Accounts Taxes,GCSU,4975.0,-,PublicFinances1800-2023
1951.0,National Insurance Contributions1,AIIH,458.0,-,PublicFinances1800-2023
1951.0,"Nominal GDP (March-centred, £m)4","Nominal GDP (March-centred, £m)4",15446.0,393,PublicFinances1800-2023
1951.0,Nominal GDP (£m)3,Nominal GDP (£m)3,14303.0,355,PublicFinances1800-2023
1951.0,Other Central Government Receipts6,Residual,578.0,3,PublicFinances1800-2023
1951.0,Other Public Sector Spending10 ,,3299.0,-,PublicFinances1800-2023
1951.0,Other business taxes1,KIH3 + N43V,,-,PublicFinances1800-2023
1951.0,Other public sector taxes and receipts8,Residual,757.0,-,PublicFinances1800-2023
1951.0,Petroleum Revenue tax (includes supplementary petroleum duty)3,ACCJ,,-,PublicFinances1800-2023
1951.0,Petroleum royalties3,,,-,PublicFinances1800-2023
1951.0,Public sector gross investment4,JW2Z + JW2S,1094.0,-,PublicFinances1800-2023
1951.0,"Public sector net borrowing
(PSNB)1","Public sector net borrowing
(PSNB)1",-69.0,21,PublicFinances1800-2023
1951.0,Public sector net debt (PSND)2,Public sector net debt (PSND)2,25891.0,508,PublicFinances1800-2023
1951.0,Social Security7,,,-,PublicFinances1800-2023
1951.0,Stamp duties,GTBC,61.0,3,PublicFinances1800-2023
1951.0,Total Central Government spending1,ANLP + ANNS + NSRN,4687.0,50,PublicFinances1800-2023
1951.0,Unit,Source dataset ID,1951.0,1800,PublicFinances1800-2023
1951.0,VAT (Purchase tax prior to 1973)4,NZGF,618.0,-,PublicFinances1800-2023
1951.0,Years,Years,,1800-01,PublicFinances1800-2023
1951.0,o/w non-pensioners,,,-,PublicFinances1800-2023
1951.0,o/w pensioners,,,-,PublicFinances1800-2023
1952.0,Business rates,CUKY,,-,PublicFinances1800-2023
1952.0,Capital Gains Tax1,MS62,,-,PublicFinances1800-2023
1952.0,Corporation tax (profits taxes prior to 1966-67)2,CPRN,379.0,-,PublicFinances1800-2023
1952.0,Council Tax (community charge and domestic rates prior to 1993),NMHM,158.0,-,PublicFinances1800-2023
1952.0,Current spending3,JW2Q,5262.0,-,PublicFinances1800-2023
1952.0,Custom and excise duties5,CUDG+GTAO+MF6V+ EKED+CDDZ+CWAA,1066.0,18,PublicFinances1800-2023
1952.0,Death duties/Inheritance tax,ACCH,152.0,-,PublicFinances1800-2023
1952.0,Debt Interest9,NMFX,625.0,14,PublicFinances1800-2023
1952.0,Defence5,,1531.0,32,PublicFinances1800-2023
1952.0,Education8,,424.0,-,PublicFinances1800-2023
1952.0,Energy profits levy,JIS6,,-,PublicFinances1800-2023
1952.0,Gas Levy3,,,-,PublicFinances1800-2023
1952.0,Health6,,483.0,-,PublicFinances1800-2023
1952.0,Income tax1,LIBR-MS62,1934.0,5,PublicFinances1800-2023
1952.0,"Index, base year = 100",MM23,39.3,13.5,PublicFinances1800-2023
1952.0,Land and Assessed Taxes,,,5,PublicFinances1800-2023
1952.0,License fee receipts,DH7A,14.0,-,PublicFinances1800-2023
1952.0,National Accounts Taxes,GCSU,5275.0,-,PublicFinances1800-2023
1952.0,National Insurance Contributions1,AIIH,488.0,-,PublicFinances1800-2023
1952.0,"Nominal GDP (March-centred, £m)4","Nominal GDP (March-centred, £m)4",16617.0,393,PublicFinances1800-2023
1952.0,Nominal GDP (£m)3,Nominal GDP (£m)3,15536.0,355,PublicFinances1800-2023
1952.0,Other Central Government Receipts6,Residual,544.0,3,PublicFinances1800-2023
1952.0,Other Public Sector Spending10 ,,3478.0,-,PublicFinances1800-2023
1952.0,Other business taxes1,KIH3 + N43V,,-,PublicFinances1800-2023
1952.0,Other public sector taxes and receipts8,Residual,813.0,-,PublicFinances1800-2023
1952.0,Petroleum Revenue tax (includes supplementary petroleum duty)3,ACCJ,,-,PublicFinances1800-2023
1952.0,Petroleum royalties3,,,-,PublicFinances1800-2023
1952.0,Public sector gross investment4,JW2Z + JW2S,1279.0,-,PublicFinances1800-2023
1952.0,"Public sector net borrowing
(PSNB)1","Public sector net borrowing
(PSNB)1",209.0,21,PublicFinances1800-2023
1952.0,Public sector net debt (PSND)2,Public sector net debt (PSND)2,26051.0,508,PublicFinances1800-2023
1952.0,Social Security7,,,-,PublicFinances1800-2023
1952.0,Stamp duties,GTBC,53.0,3,PublicFinances1800-2023
1952.0,Total Central Government spending1,ANLP + ANNS + NSRN,5031.0,50,PublicFinances1800-2023
1952.0,Unit,Source dataset ID,1952.0,1800,PublicFinances1800-2023
1952.0,VAT (Purchase tax prior to 1973)4,NZGF,616.0,-,PublicFinances1800-2023
1952.0,Years,Years,,1800-01,PublicFinances1800-2023
1952.0,o/w non-pensioners,,,-,PublicFinances1800-2023
1952.0,o/w pensioners,,,-,PublicFinances1800-2023
1953.0,Business rates,CUKY,,-,PublicFinances1800-2023
1953.0,Capital Gains Tax1,MS62,,-,PublicFinances1800-2023
1953.0,Corporation tax (profits taxes prior to 1966-67)2,CPRN,254.0,-,PublicFinances1800-2023
1953.0,Council Tax (community charge and domestic rates prior to 1993),NMHM,180.0,-,PublicFinances1800-2023
1953.0,Current spending3,JW2Q,5498.0,-,PublicFinances1800-2023
1953.0,Custom and excise duties5,CUDG+GTAO+MF6V+ EKED+CDDZ+CWAA,1101.0,18,PublicFinances1800-2023
1953.0,Death duties/Inheritance tax,ACCH,165.0,-,PublicFinances1800-2023
1953.0,Debt Interest9,NMFX,658.0,14,PublicFinances1800-2023
1953.0,Defence5,,1600.0,32,PublicFinances1800-2023
1953.0,Education8,,464.0,-,PublicFinances1800-2023
1953.0,Energy profits levy,JIS6,,-,PublicFinances1800-2023
1953.0,Gas Levy3,,,-,PublicFinances1800-2023
1953.0,Health6,,499.0,-,PublicFinances1800-2023
1953.0,Income tax1,LIBR-MS62,1925.0,5,PublicFinances1800-2023
1953.0,"Index, base year = 100",MM23,40.5,13.5,PublicFinances1800-2023
1953.0,Land and Assessed Taxes,,,5,PublicFinances1800-2023
1953.0,License fee receipts,DH7A,17.0,-,PublicFinances1800-2023
1953.0,National Accounts Taxes,GCSU,5290.0,-,PublicFinances1800-2023
1953.0,National Insurance Contributions1,AIIH,527.0,-,PublicFinances1800-2023
1953.0,"Nominal GDP (March-centred, £m)4","Nominal GDP (March-centred, £m)4",17601.0,393,PublicFinances1800-2023
1953.0,Nominal GDP (£m)3,Nominal GDP (£m)3,16685.0,355,PublicFinances1800-2023
1953.0,Other Central Government Receipts6,Residual,584.0,3,PublicFinances1800-2023
1953.0,Other Public Sector Spending10 ,,3664.0,-,PublicFinances1800-2023
1953.0,Other business taxes1,KIH3 + N43V,,-,PublicFinances1800-2023
1953.0,Other public sector taxes and receipts8,Residual,912.0,-,PublicFinances1800-2023
1953.0,Petroleum Revenue tax (includes supplementary petroleum duty)3,ACCJ,,-,PublicFinances1800-2023
1953.0,Petroleum royalties3,,,-,PublicFinances1800-2023
1953.0,Public sector gross investment4,JW2Z + JW2S,1387.0,-,PublicFinances1800-2023
1953.0,"Public sector net borrowing
(PSNB)1","Public sector net borrowing
(PSNB)1",418.0,21,PublicFinances1800-2023
1953.0,Public sector net debt (PSND)2,Public sector net debt (PSND)2,26583.0,508,PublicFinances1800-2023
1953.0,Social Security7,,,-,PublicFinances1800-2023
1953.0,Stamp duties,GTBC,60.0,3,PublicFinances1800-2023
1953.0,Total Central Government spending1,ANLP + ANNS + NSRN,5181.0,50,PublicFinances1800-2023
1953.0,Unit,Source dataset ID,1953.0,1800,PublicFinances1800-2023
1953.0,VAT (Purchase tax prior to 1973)4,NZGF,633.0,-,PublicFinances1800-2023
1953.0,Years,Years,,1800-01,PublicFinances1800-2023
1953.0,o/w non-pensioners,,,-,PublicFinances1800-2023
1953.0,o/w pensioners,,,-,PublicFinances1800-2023
1954.0,Business rates,CUKY,,-,PublicFinances1800-2023
1954.0,Capital Gains Tax1,MS62,,-,PublicFinances1800-2023
1954.0,Corporation tax (profits taxes prior to 1966-67)2,CPRN,249.0,-,PublicFinances1800-2023
1954.0,Council Tax (community charge and domestic rates prior to 1993),NMHM,193.0,-,PublicFinances1800-2023
1954.0,Current spending3,JW2Q,5587.0,-,PublicFinances1800-2023
1954.0,Custom and excise duties5,CUDG+GTAO+MF6V+ EKED+CDDZ+CWAA,1110.0,18,PublicFinances1800-2023
1954.0,Death duties/Inheritance tax,ACCH,188.0,-,PublicFinances1800-2023
1954.0,Debt Interest9,NMFX,656.0,14,PublicFinances1800-2023
1954.0,Defence5,,1586.0,32,PublicFinances1800-2023
1954.0,Education8,,519.0,-,PublicFinances1800-2023
1954.0,Energy profits levy,JIS6,,-,PublicFinances1800-2023
1954.0,Gas Levy3,,,-,PublicFinances1800-2023
1954.0,Health6,,518.0,-,PublicFinances1800-2023
1954.0,Income tax1,LIBR-MS62,1951.0,5,PublicFinances1800-2023
1954.0,"Index, base year = 100",MM23,41.3,13.5,PublicFinances1800-2023
1954.0,Land and Assessed Taxes,,,5,PublicFinances1800-2023
1954.0,License fee receipts,DH7A,23.0,-,PublicFinances1800-2023
1954.0,National Accounts Taxes,GCSU,5441.0,-,PublicFinances1800-2023
1954.0,National Insurance Contributions1,AIIH,531.0,-,PublicFinances1800-2023
1954.0,"Nominal GDP (March-centred, £m)4","Nominal GDP (March-centred, £m)4",18999.0,393,PublicFinances1800-2023
1954.0,Nominal GDP (£m)3,Nominal GDP (£m)3,17601.0,355,PublicFinances1800-2023
1954.0,Other Central Government Receipts6,Residual,676.0,3,PublicFinances1800-2023
1954.0,Other Public Sector Spending10 ,,3690.0,-,PublicFinances1800-2023
1954.0,Other business taxes1,KIH3 + N43V,,-,PublicFinances1800-2023
1954.0,Other public sector taxes and receipts8,Residual,969.0,-,PublicFinances1800-2023
1954.0,Petroleum Revenue tax (includes supplementary petroleum duty)3,ACCJ,,-,PublicFinances1800-2023
1954.0,Petroleum royalties3,,,-,PublicFinances1800-2023
1954.0,Public sector gross investment4,JW2Z + JW2S,1382.0,-,PublicFinances1800-2023
1954.0,"Public sector net borrowing
(PSNB)1","Public sector net borrowing
(PSNB)1",257.0,21,PublicFinances1800-2023
1954.0,Public sector net debt (PSND)2,Public sector net debt (PSND)2,26934.0,508,PublicFinances1800-2023
1954.0,Social Security7,,,-,PublicFinances1800-2023
1954.0,Stamp duties,GTBC,73.0,3,PublicFinances1800-2023
1954.0,Total Central Government spending1,ANLP + ANNS + NSRN,5225.0,50,PublicFinances1800-2023
1954.0,Unit,Source dataset ID,1954.0,1800,PublicFinances1800-2023
1954.0,VAT (Purchase tax prior to 1973)4,NZGF,654.0,-,PublicFinances1800-2023
1954.0,Years,Years,,1800-01,PublicFinances1800-2023
1954.0,o/w non-pensioners,,,-,PublicFinances1800-2023
1954.0,o/w pensioners,,,-,PublicFinances1800-2023
1955.0,Business rates,CUKY,,-,PublicFinances1800-2023
1955.0,Capital Gains Tax1,MS62,,-,PublicFinances1800-2023
1955.0,Corporation tax (profits taxes prior to 1966-67)2,CPRN,211.0,-,PublicFinances1800-2023
1955.0,Council Tax (community charge and domestic rates prior to 1993),NMHM,211.0,-,PublicFinances1800-2023
1955.0,Current spending3,JW2Q,5754.0,-,PublicFinances1800-2023
1955.0,Custom and excise duties5,CUDG+GTAO+MF6V+ EKED+CDDZ+CWAA,1256.0,18,PublicFinances1800-2023
1955.0,Death duties/Inheritance tax,ACCH,180.0,-,PublicFinances1800-2023
1955.0,Debt Interest9,NMFX,726.0,14,PublicFinances1800-2023
1955.0,Defence5,,1493.0,32,PublicFinances1800-2023
1955.0,Education8,,549.0,-,PublicFinances1800-2023
1955.0,Energy profits levy,JIS6,,-,PublicFinances1800-2023
1955.0,Gas Levy3,,,-,PublicFinances1800-2023
1955.0,Health6,,549.0,-,PublicFinances1800-2023
1955.0,Income tax1,LIBR-MS62,2083.0,5,PublicFinances1800-2023
1955.0,"Index, base year = 100",MM23,43.1,13.5,PublicFinances1800-2023
1955.0,Land and Assessed Taxes,,,5,PublicFinances1800-2023
1955.0,License fee receipts,DH7A,26.0,-,PublicFinances1800-2023
1955.0,National Accounts Taxes,GCSU,5803.0,-,PublicFinances1800-2023
1955.0,National Insurance Contributions1,AIIH,621.0,-,PublicFinances1800-2023
1955.0,"Nominal GDP (March-centred, £m)4","Nominal GDP (March-centred, £m)4",20636.0,393,PublicFinances1800-2023
1955.0,Nominal GDP (£m)3,Nominal GDP (£m)3,19573.0,355,PublicFinances1800-2023
1955.0,Other Central Government Receipts6,Residual,735.0,3,PublicFinances1800-2023
1955.0,Other Public Sector Spending10 ,,2857.0,-,PublicFinances1800-2023
1955.0,Other business taxes1,KIH3 + N43V,,-,PublicFinances1800-2023
1955.0,Other public sector taxes and receipts8,Residual,1004.0,-,PublicFinances1800-2023
1955.0,Petroleum Revenue tax (includes supplementary petroleum duty)3,ACCJ,,-,PublicFinances1800-2023
1955.0,Petroleum royalties3,,,-,PublicFinances1800-2023
1955.0,Public sector gross investment4,JW2Z + JW2S,1391.0,-,PublicFinances1800-2023
1955.0,"Public sector net borrowing
(PSNB)1","Public sector net borrowing
(PSNB)1",-38.0,21,PublicFinances1800-2023
1955.0,Public sector net debt (PSND)2,Public sector net debt (PSND)2,27039.0,508,PublicFinances1800-2023
1955.0,Social Security7,,972.0,-,PublicFinances1800-2023
1955.0,Stamp duties,GTBC,72.0,3,PublicFinances1800-2023
1955.0,Total Central Government spending1,ANLP + ANNS + NSRN,5373.0,50,PublicFinances1800-2023
1955.0,Unit,Source dataset ID,1955.0,1800,PublicFinances1800-2023
1955.0,VAT (Purchase tax prior to 1973)4,NZGF,667.0,-,PublicFinances1800-2023
1955.0,Years,Years,,1800-01,PublicFinances1800-2023
1955.0,o/w non-pensioners,,,-,PublicFinances1800-2023
1955.0,o/w pensioners,,,-,PublicFinances1800-2023
1956.0,Business rates,CUKY,,-,PublicFinances1800-2023
1956.0,Capital Gains Tax1,MS62,,-,PublicFinances1800-2023
1956.0,Corporation tax (profits taxes prior to 1966-67)2,CPRN,200.0,-,PublicFinances1800-2023
1956.0,Council Tax (community charge and domestic rates prior to 1993),NMHM,255.0,-,PublicFinances1800-2023
1956.0,Current spending3,JW2Q,6269.0,-,PublicFinances1800-2023
1956.0,Custom and excise duties5,CUDG+GTAO+MF6V+ EKED+CDDZ+CWAA,1326.0,18,PublicFinances1800-2023
1956.0,Death duties/Inheritance tax,ACCH,168.0,-,PublicFinances1800-2023
1956.0,Debt Interest9,NMFX,743.0,14,PublicFinances1800-2023
1956.0,Defence5,,1553.0,32,PublicFinances1800-2023
1956.0,Education8,,635.0,-,PublicFinances1800-2023
1956.0,Energy profits levy,JIS6,,-,PublicFinances1800-2023
1956.0,Gas Levy3,,,-,PublicFinances1800-2023
1956.0,Health6,,598.0,-,PublicFinances1800-2023
1956.0,Income tax1,LIBR-MS62,2288.0,5,PublicFinances1800-2023
1956.0,"Index, base year = 100",MM23,45.3,13.5,PublicFinances1800-2023
1956.0,Land and Assessed Taxes,,,5,PublicFinances1800-2023
1956.0,License fee receipts,DH7A,28.0,-,PublicFinances1800-2023
1956.0,National Accounts Taxes,GCSU,6190.0,-,PublicFinances1800-2023
1956.0,National Insurance Contributions1,AIIH,644.0,-,PublicFinances1800-2023
1956.0,"Nominal GDP (March-centred, £m)4","Nominal GDP (March-centred, £m)4",22005.0,393,PublicFinances1800-2023
1956.0,Nominal GDP (£m)3,Nominal GDP (£m)3,21162.0,355,PublicFinances1800-2023
1956.0,Other Central Government Receipts6,Residual,767.0,3,PublicFinances1800-2023
1956.0,Other Public Sector Spending10 ,,3226.0,-,PublicFinances1800-2023
1956.0,Other business taxes1,KIH3 + N43V,,-,PublicFinances1800-2023
1956.0,Other public sector taxes and receipts8,Residual,1123.0,-,PublicFinances1800-2023
1956.0,Petroleum Revenue tax (includes supplementary petroleum duty)3,ACCJ,,-,PublicFinances1800-2023
1956.0,Petroleum royalties3,,,-,PublicFinances1800-2023
1956.0,Public sector gross investment4,JW2Z + JW2S,1497.0,-,PublicFinances1800-2023
1956.0,"Public sector net borrowing
(PSNB)1","Public sector net borrowing
(PSNB)1",82.0,21,PublicFinances1800-2023
1956.0,Public sector net debt (PSND)2,Public sector net debt (PSND)2,27008.0,508,PublicFinances1800-2023
1956.0,Social Security7,,1012.0,-,PublicFinances1800-2023
1956.0,Stamp duties,GTBC,64.0,3,PublicFinances1800-2023
1956.0,Total Central Government spending1,ANLP + ANNS + NSRN,5882.0,50,PublicFinances1800-2023
1956.0,Unit,Source dataset ID,1956.0,1800,PublicFinances1800-2023
1956.0,VAT (Purchase tax prior to 1973)4,NZGF,693.0,-,PublicFinances1800-2023
1956.0,Years,Years,,1800-01,PublicFinances1800-2023
1956.0,o/w non-pensioners,,,-,PublicFinances1800-2023
1956.0,o/w pensioners,,,-,PublicFinances1800-2023
1957.0,Business rates,CUKY,,-,PublicFinances1800-2023
1957.0,Capital Gains Tax1,MS62,,-,PublicFinances1800-2023
1957.0,Corporation tax (profits taxes prior to 1966-67)2,CPRN,255.0,-,PublicFinances1800-2023
1957.0,Council Tax (community charge and domestic rates prior to 1993),NMHM,276.0,-,PublicFinances1800-2023
1957.0,Current spending3,JW2Q,6546.0,-,PublicFinances1800-2023
1957.0,Custom and excise duties5,CUDG+GTAO+MF6V+ EKED+CDDZ+CWAA,1334.0,18,PublicFinances1800-2023
1957.0,Death duties/Inheritance tax,ACCH,178.0,-,PublicFinances1800-2023
1957.0,Debt Interest9,NMFX,728.0,14,PublicFinances1800-2023
1957.0,Defence5,,1526.0,32,PublicFinances1800-2023
1957.0,Education8,,715.0,-,PublicFinances1800-2023
1957.0,Energy profits levy,JIS6,,-,PublicFinances1800-2023
1957.0,Gas Levy3,,,-,PublicFinances1800-2023
1957.0,Health6,,644.0,-,PublicFinances1800-2023
1957.0,Income tax1,LIBR-MS62,2382.0,5,PublicFinances1800-2023
1957.0,"Index, base year = 100",MM23,46.9,13.5,PublicFinances1800-2023
1957.0,Land and Assessed Taxes,,,5,PublicFinances1800-2023
1957.0,License fee receipts,DH7A,31.0,-,PublicFinances1800-2023
1957.0,National Accounts Taxes,GCSU,6509.0,-,PublicFinances1800-2023
1957.0,National Insurance Contributions1,AIIH,693.0,-,PublicFinances1800-2023
1957.0,"Nominal GDP (March-centred, £m)4","Nominal GDP (March-centred, £m)4",23004.0,393,PublicFinances1800-2023
1957.0,Nominal GDP (£m)3,Nominal GDP (£m)3,22509.0,355,PublicFinances1800-2023
1957.0,Other Central Government Receipts6,Residual,831.0,3,PublicFinances1800-2023
1957.0,Other Public Sector Spending10 ,,3383.0,-,PublicFinances1800-2023
1957.0,Other business taxes1,KIH3 + N43V,,-,PublicFinances1800-2023
1957.0,Other public sector taxes and receipts8,Residual,1182.0,-,PublicFinances1800-2023
1957.0,Petroleum Revenue tax (includes supplementary petroleum duty)3,ACCJ,,-,PublicFinances1800-2023
1957.0,Petroleum royalties3,,,-,PublicFinances1800-2023
1957.0,Public sector gross investment4,JW2Z + JW2S,1534.0,-,PublicFinances1800-2023
1957.0,"Public sector net borrowing
(PSNB)1","Public sector net borrowing
(PSNB)1",6.0,21,PublicFinances1800-2023
1957.0,Public sector net debt (PSND)2,Public sector net debt (PSND)2,27232.0,508,PublicFinances1800-2023
1957.0,Social Security7,,1084.0,-,PublicFinances1800-2023
1957.0,Stamp duties,GTBC,66.0,3,PublicFinances1800-2023
1957.0,Total Central Government spending1,ANLP + ANNS + NSRN,6102.0,50,PublicFinances1800-2023
1957.0,Unit,Source dataset ID,1957.0,1800,PublicFinances1800-2023
1957.0,VAT (Purchase tax prior to 1973)4,NZGF,719.0,-,PublicFinances1800-2023
1957.0,Years,Years,,1800-01,PublicFinances1800-2023
1957.0,o/w non-pensioners,,,-,PublicFinances1800-2023
1957.0,o/w pensioners,,,-,PublicFinances1800-2023
1958.0,Business rates,CUKY,,-,PublicFinances1800-2023
1958.0,Capital Gains Tax1,MS62,,-,PublicFinances1800-2023
1958.0,Corporation tax (profits taxes prior to 1966-67)2,CPRN,275.0,-,PublicFinances1800-2023
1958.0,Council Tax (community charge and domestic rates prior to 1993),NMHM,290.0,-,PublicFinances1800-2023
1958.0,Current spending3,JW2Q,6929.0,-,PublicFinances1800-2023
1958.0,Custom and excise duties5,CUDG+GTAO+MF6V+ EKED+CDDZ+CWAA,1324.0,18,PublicFinances1800-2023
1958.0,Death duties/Inheritance tax,ACCH,189.0,-,PublicFinances1800-2023
1958.0,Debt Interest9,NMFX,804.0,14,PublicFinances1800-2023
1958.0,Defence5,,1486.0,32,PublicFinances1800-2023
1958.0,Education8,,771.0,-,PublicFinances1800-2023
1958.0,Energy profits levy,JIS6,,-,PublicFinances1800-2023
1958.0,Gas Levy3,,,-,PublicFinances1800-2023
1958.0,Health6,,689.0,-,PublicFinances1800-2023
1958.0,Income tax1,LIBR-MS62,2484.0,5,PublicFinances1800-2023
1958.0,"Index, base year = 100",MM23,48.4,13.5,PublicFinances1800-2023
1958.0,Land and Assessed Taxes,,,5,PublicFinances1800-2023
1958.0,License fee receipts,DH7A,33.0,-,PublicFinances1800-2023
1958.0,National Accounts Taxes,GCSU,6892.0,-,PublicFinances1800-2023
1958.0,National Insurance Contributions1,AIIH,880.0,-,PublicFinances1800-2023
1958.0,"Nominal GDP (March-centred, £m)4","Nominal GDP (March-centred, £m)4",23956.0,393,PublicFinances1800-2023
1958.0,Nominal GDP (£m)3,Nominal GDP (£m)3,23334.0,355,PublicFinances1800-2023
1958.0,Other Central Government Receipts6,Residual,896.0,3,PublicFinances1800-2023
1958.0,Other Public Sector Spending10 ,,3475.0,-,PublicFinances1800-2023
1958.0,Other business taxes1,KIH3 + N43V,,-,PublicFinances1800-2023
1958.0,Other public sector taxes and receipts8,Residual,1167.0,-,PublicFinances1800-2023
1958.0,Petroleum Revenue tax (includes supplementary petroleum duty)3,ACCJ,,-,PublicFinances1800-2023
1958.0,Petroleum royalties3,,,-,PublicFinances1800-2023
1958.0,Public sector gross investment4,JW2Z + JW2S,1624.0,-,PublicFinances1800-2023
1958.0,"Public sector net borrowing
(PSNB)1","Public sector net borrowing
(PSNB)1",71.0,21,PublicFinances1800-2023
1958.0,Public sector net debt (PSND)2,Public sector net debt (PSND)2,27376.0,508,PublicFinances1800-2023
1958.0,Social Security7,,1328.0,-,PublicFinances1800-2023
1958.0,Stamp duties,GTBC,69.0,3,PublicFinances1800-2023
1958.0,Total Central Government spending1,ANLP + ANNS + NSRN,6460.0,50,PublicFinances1800-2023
1958.0,Unit,Source dataset ID,1958.0,1800,PublicFinances1800-2023
1958.0,VAT (Purchase tax prior to 1973)4,NZGF,745.0,-,PublicFinances1800-2023
1958.0,Years,Years,,1800-01,PublicFinances1800-2023
1958.0,o/w non-pensioners,,,-,PublicFinances1800-2023
1958.0,o/w pensioners,,,-,PublicFinances1800-2023
1959.0,Business rates,CUKY,,-,PublicFinances1800-2023
1959.0,Capital Gains Tax1,MS62,,-,PublicFinances1800-2023
1959.0,Corporation tax (profits taxes prior to 1966-67)2,CPRN,262.0,-,PublicFinances1800-2023
1959.0,Council Tax (community charge and domestic rates prior to 1993),NMHM,324.0,-,PublicFinances1800-2023
1959.0,Current spending3,JW2Q,7401.0,-,PublicFinances1800-2023
1959.0,Custom and excise duties5,CUDG+GTAO+MF6V+ EKED+CDDZ+CWAA,1382.0,18,PublicFinances1800-2023
1959.0,Death duties/Inheritance tax,ACCH,226.0,-,PublicFinances1800-2023
1959.0,Debt Interest9,NMFX,799.0,14,PublicFinances1800-2023
1959.0,Defence5,,1524.0,32,PublicFinances1800-2023
1959.0,Education8,,833.0,-,PublicFinances1800-2023
1959.0,Energy profits levy,JIS6,,-,PublicFinances1800-2023
1959.0,Gas Levy3,,,-,PublicFinances1800-2023
1959.0,Health6,,749.0,-,PublicFinances1800-2023
1959.0,Income tax1,LIBR-MS62,2398.0,5,PublicFinances1800-2023
1959.0,"Index, base year = 100",MM23,48.6,13.5,PublicFinances1800-2023
1959.0,Land and Assessed Taxes,,,5,PublicFinances1800-2023
1959.0,License fee receipts,DH7A,36.0,-,PublicFinances1800-2023
1959.0,National Accounts Taxes,GCSU,7072.0,-,PublicFinances1800-2023
1959.0,National Insurance Contributions1,AIIH,906.0,-,PublicFinances1800-2023
1959.0,"Nominal GDP (March-centred, £m)4","Nominal GDP (March-centred, £m)4",25788.0,393,PublicFinances1800-2023
1959.0,Nominal GDP (£m)3,Nominal GDP (£m)3,24872.0,355,PublicFinances1800-2023
1959.0,Other Central Government Receipts6,Residual,983.0,3,PublicFinances1800-2023
1959.0,Other Public Sector Spending10 ,,3812.0,-,PublicFinances1800-2023
1959.0,Other business taxes1,KIH3 + N43V,,-,PublicFinances1800-2023
1959.0,Other public sector taxes and receipts8,Residual,1016.0,-,PublicFinances1800-2023
1959.0,Petroleum Revenue tax (includes supplementary petroleum duty)3,ACCJ,,-,PublicFinances1800-2023
1959.0,Petroleum royalties3,,,-,PublicFinances1800-2023
1959.0,Public sector gross investment4,JW2Z + JW2S,1709.0,-,PublicFinances1800-2023
1959.0,"Public sector net borrowing
(PSNB)1","Public sector net borrowing
(PSNB)1",569.0,21,PublicFinances1800-2023
1959.0,Public sector net debt (PSND)2,Public sector net debt (PSND)2,27733.0,508,PublicFinances1800-2023
1959.0,Social Security7,,1393.0,-,PublicFinances1800-2023
1959.0,Stamp duties,GTBC,94.0,3,PublicFinances1800-2023
1959.0,Total Central Government spending1,ANLP + ANNS + NSRN,6876.0,50,PublicFinances1800-2023
1959.0,Unit,Source dataset ID,1959.0,1800,PublicFinances1800-2023
1959.0,VAT (Purchase tax prior to 1973)4,NZGF,781.0,-,PublicFinances1800-2023
1959.0,Years,Years,,1800-01,PublicFinances1800-2023
1959.0,o/w non-pensioners,,,-,PublicFinances1800-2023
1959.0,o/w pensioners,,,-,PublicFinances1800-2023
1960.0,Business rates,CUKY,,-,PublicFinances1800-2023
1960.0,Capital Gains Tax1,MS62,,-,PublicFinances1800-2023
1960.0,Corporation tax (profits taxes prior to 1966-67)2,CPRN,263.0,-,PublicFinances1800-2023
1960.0,Council Tax (community charge and domestic rates prior to 1993),NMHM,345.0,-,PublicFinances1800-2023
1960.0,Current spending3,JW2Q,7920.0,-,PublicFinances1800-2023
1960.0,Custom and excise duties5,CUDG+GTAO+MF6V+ EKED+CDDZ+CWAA,1399.0,18,PublicFinances1800-2023
1960.0,Death duties/Inheritance tax,ACCH,236.0,-,PublicFinances1800-2023
1960.0,Debt Interest9,NMFX,888.0,14,PublicFinances1800-2023
1960.0,Defence5,,1583.0,32,PublicFinances1800-2023
1960.0,Education8,,906.0,-,PublicFinances1800-2023
1960.0,Energy profits levy,JIS6,,-,PublicFinances1800-2023
1960.0,Gas Levy3,,,-,PublicFinances1800-2023
1960.0,Health6,,812.0,-,PublicFinances1800-2023
1960.0,Income tax1,LIBR-MS62,2620.0,5,PublicFinances1800-2023
1960.0,"Index, base year = 100",MM23,49.1,13.5,PublicFinances1800-2023
1960.0,Land and Assessed Taxes,,,5,PublicFinances1800-2023
1960.0,License fee receipts,DH7A,38.0,-,PublicFinances1800-2023
1960.0,National Accounts Taxes,GCSU,7429.0,-,PublicFinances1800-2023
1960.0,National Insurance Contributions1,AIIH,913.0,-,PublicFinances1800-2023
1960.0,"Nominal GDP (March-centred, £m)4","Nominal GDP (March-centred, £m)4",27584.0,393,PublicFinances1800-2023
1960.0,Nominal GDP (£m)3,Nominal GDP (£m)3,26641.0,355,PublicFinances1800-2023
1960.0,Other Central Government Receipts6,Residual,1075.0,3,PublicFinances1800-2023
1960.0,Other Public Sector Spending10 ,,4105.0,-,PublicFinances1800-2023
1960.0,Other business taxes1,KIH3 + N43V,,-,PublicFinances1800-2023
1960.0,Other public sector taxes and receipts8,Residual,1140.0,-,PublicFinances1800-2023
1960.0,Petroleum Revenue tax (includes supplementary petroleum duty)3,ACCJ,,-,PublicFinances1800-2023
1960.0,Petroleum royalties3,,,-,PublicFinances1800-2023
1960.0,Public sector gross investment4,JW2Z + JW2S,1808.0,-,PublicFinances1800-2023
1960.0,"Public sector net borrowing
(PSNB)1","Public sector net borrowing
(PSNB)1",662.0,21,PublicFinances1800-2023
1960.0,Public sector net debt (PSND)2,Public sector net debt (PSND)2,28252.0,508,PublicFinances1800-2023
1960.0,Social Security7,,1434.0,-,PublicFinances1800-2023
1960.0,Stamp duties,GTBC,94.0,3,PublicFinances1800-2023
1960.0,Total Central Government spending1,ANLP + ANNS + NSRN,7330.0,50,PublicFinances1800-2023
1960.0,Unit,Source dataset ID,1960.0,1800,PublicFinances1800-2023
1960.0,VAT (Purchase tax prior to 1973)4,NZGF,828.0,-,PublicFinances1800-2023
1960.0,Years,Years,,1800-01,PublicFinances1800-2023
1960.0,o/w non-pensioners,,,-,PublicFinances1800-2023
1960.0,o/w pensioners,,,-,PublicFinances1800-2023
1961.0,Business rates,CUKY,,-,PublicFinances1800-2023
1961.0,Capital Gains Tax1,MS62,,-,PublicFinances1800-2023
1961.0,Corporation tax (profits taxes prior to 1966-67)2,CPRN,335.0,-,PublicFinances1800-2023
1961.0,Council Tax (community charge and domestic rates prior to 1993),NMHM,373.0,-,PublicFinances1800-2023
1961.0,Current spending3,JW2Q,8578.0,-,PublicFinances1800-2023
1961.0,Custom and excise duties5,CUDG+GTAO+MF6V+ EKED+CDDZ+CWAA,1576.0,18,PublicFinances1800-2023
1961.0,Death duties/Inheritance tax,ACCH,261.0,-,PublicFinances1800-2023
1961.0,Debt Interest9,NMFX,928.0,14,PublicFinances1800-2023
1961.0,Defence5,,1679.0,32,PublicFinances1800-2023
1961.0,Education8,,1014.0,-,PublicFinances1800-2023
1961.0,Energy profits levy,JIS6,,-,PublicFinances1800-2023
1961.0,Gas Levy3,,,-,PublicFinances1800-2023
1961.0,Health6,,868.0,-,PublicFinances1800-2023
1961.0,Income tax1,LIBR-MS62,2943.0,5,PublicFinances1800-2023
1961.0,"Index, base year = 100",MM23,50.8,13.5,PublicFinances1800-2023
1961.0,Land and Assessed Taxes,,,5,PublicFinances1800-2023
1961.0,License fee receipts,DH7A,38.0,-,PublicFinances1800-2023
1961.0,National Accounts Taxes,GCSU,8400.0,-,PublicFinances1800-2023
1961.0,National Insurance Contributions1,AIIH,1144.0,-,PublicFinances1800-2023
1961.0,"Nominal GDP (March-centred, £m)4","Nominal GDP (March-centred, £m)4",28844.0,393,PublicFinances1800-2023
1961.0,Nominal GDP (£m)3,Nominal GDP (£m)3,28140.0,355,PublicFinances1800-2023
1961.0,Other Central Government Receipts6,Residual,1061.0,3,PublicFinances1800-2023
1961.0,Other Public Sector Spending10 ,,4590.0,-,PublicFinances1800-2023
1961.0,Other business taxes1,KIH3 + N43V,,-,PublicFinances1800-2023
1961.0,Other public sector taxes and receipts8,Residual,1327.0,-,PublicFinances1800-2023
1961.0,Petroleum Revenue tax (includes supplementary petroleum duty)3,ACCJ,,-,PublicFinances1800-2023
1961.0,Petroleum royalties3,,,-,PublicFinances1800-2023
1961.0,Public sector gross investment4,JW2Z + JW2S,2104.0,-,PublicFinances1800-2023
1961.0,"Public sector net borrowing
(PSNB)1","Public sector net borrowing
(PSNB)1",610.0,21,PublicFinances1800-2023
1961.0,Public sector net debt (PSND)2,Public sector net debt (PSND)2,28674.0,508,PublicFinances1800-2023
1961.0,Social Security7,,1602.0,-,PublicFinances1800-2023
1961.0,Stamp duties,GTBC,97.0,3,PublicFinances1800-2023
1961.0,Total Central Government spending1,ANLP + ANNS + NSRN,7861.0,50,PublicFinances1800-2023
1961.0,Unit,Source dataset ID,1961.0,1800,PublicFinances1800-2023
1961.0,VAT (Purchase tax prior to 1973)4,NZGF,863.0,-,PublicFinances1800-2023
1961.0,Years,Years,,1800-01,PublicFinances1800-2023
1961.0,o/w non-pensioners,,,-,PublicFinances1800-2023
1961.0,o/w pensioners,,,-,PublicFinances1800-2023
1962.0,Business rates,CUKY,,-,PublicFinances1800-2023
1962.0,Capital Gains Tax1,MS62,,-,PublicFinances1800-2023
1962.0,Corporation tax (profits taxes prior to 1966-67)2,CPRN,383.0,-,PublicFinances1800-2023
1962.0,Council Tax (community charge and domestic rates prior to 1993),NMHM,412.0,-,PublicFinances1800-2023
1962.0,Current spending3,JW2Q,8920.0,-,PublicFinances1800-2023
1962.0,Custom and excise duties5,CUDG+GTAO+MF6V+ EKED+CDDZ+CWAA,1624.0,18,PublicFinances1800-2023
1962.0,Death duties/Inheritance tax,ACCH,270.0,-,PublicFinances1800-2023
1962.0,Debt Interest9,NMFX,910.0,14,PublicFinances1800-2023
1962.0,Defence5,,1774.0,32,PublicFinances1800-2023
1962.0,Education8,,1157.0,-,PublicFinances1800-2023
1962.0,Energy profits levy,JIS6,,-,PublicFinances1800-2023
1962.0,Gas Levy3,,,-,PublicFinances1800-2023
1962.0,Health6,,911.0,-,PublicFinances1800-2023
1962.0,Income tax1,LIBR-MS62,2972.0,5,PublicFinances1800-2023
1962.0,"Index, base year = 100",MM23,53.0,13.5,PublicFinances1800-2023
1962.0,Land and Assessed Taxes,,,5,PublicFinances1800-2023
1962.0,License fee receipts,DH7A,42.0,-,PublicFinances1800-2023
1962.0,National Accounts Taxes,GCSU,8731.0,-,PublicFinances1800-2023
1962.0,National Insurance Contributions1,AIIH,1194.0,-,PublicFinances1800-2023
1962.0,"Nominal GDP (March-centred, £m)4","Nominal GDP (March-centred, £m)4",30385.0,393,PublicFinances1800-2023
1962.0,Nominal GDP (£m)3,Nominal GDP (£m)3,29451.0,355,PublicFinances1800-2023
1962.0,Other Central Government Receipts6,Residual,1164.0,3,PublicFinances1800-2023
1962.0,Other Public Sector Spending10 ,,4649.0,-,PublicFinances1800-2023
1962.0,Other business taxes1,KIH3 + N43V,,-,PublicFinances1800-2023
1962.0,Other public sector taxes and receipts8,Residual,1450.0,-,PublicFinances1800-2023
1962.0,Petroleum Revenue tax (includes supplementary petroleum duty)3,ACCJ,,-,PublicFinances1800-2023
1962.0,Petroleum royalties3,,,-,PublicFinances1800-2023
1962.0,Public sector gross investment4,JW2Z + JW2S,2179.0,-,PublicFinances1800-2023
1962.0,"Public sector net borrowing
(PSNB)1","Public sector net borrowing
(PSNB)1",538.0,21,PublicFinances1800-2023
1962.0,Public sector net debt (PSND)2,Public sector net debt (PSND)2,29848.0,508,PublicFinances1800-2023
1962.0,Social Security7,,1698.0,-,PublicFinances1800-2023
1962.0,Stamp duties,GTBC,97.0,3,PublicFinances1800-2023
1962.0,Total Central Government spending1,ANLP + ANNS + NSRN,8229.0,50,PublicFinances1800-2023
1962.0,Unit,Source dataset ID,1962.0,1800,PublicFinances1800-2023
1962.0,VAT (Purchase tax prior to 1973)4,NZGF,883.0,-,PublicFinances1800-2023
1962.0,Years,Years,,1800-01,PublicFinances1800-2023
1962.0,o/w non-pensioners,,,-,PublicFinances1800-2023
1962.0,o/w pensioners,,,-,PublicFinances1800-2023
1963.0,Business rates,CUKY,,-,PublicFinances1800-2023
1963.0,Capital Gains Tax1,MS62,,-,PublicFinances1800-2023
1963.0,Corporation tax (profits taxes prior to 1966-67)2,CPRN,390.0,-,PublicFinances1800-2023
1963.0,Council Tax (community charge and domestic rates prior to 1993),NMHM,450.0,-,PublicFinances1800-2023
1963.0,Current spending3,JW2Q,9342.0,-,PublicFinances1800-2023
1963.0,Custom and excise duties5,CUDG+GTAO+MF6V+ EKED+CDDZ+CWAA,1696.0,18,PublicFinances1800-2023
1963.0,Death duties/Inheritance tax,ACCH,313.0,-,PublicFinances1800-2023
1963.0,Debt Interest9,NMFX,969.0,14,PublicFinances1800-2023
1963.0,Defence5,,1835.0,32,PublicFinances1800-2023
1963.0,Education8,,1268.0,-,PublicFinances1800-2023
1963.0,Energy profits levy,JIS6,,-,PublicFinances1800-2023
1963.0,Gas Levy3,,,-,PublicFinances1800-2023
1963.0,Health6,,981.0,-,PublicFinances1800-2023
1963.0,Income tax1,LIBR-MS62,2944.0,5,PublicFinances1800-2023
1963.0,"Index, base year = 100",MM23,54.0,13.5,PublicFinances1800-2023
1963.0,Land and Assessed Taxes,,,5,PublicFinances1800-2023
1963.0,License fee receipts,DH7A,55.0,-,PublicFinances1800-2023
1963.0,National Accounts Taxes,GCSU,9160.0,-,PublicFinances1800-2023
1963.0,National Insurance Contributions1,AIIH,1361.0,-,PublicFinances1800-2023
1963.0,"Nominal GDP (March-centred, £m)4","Nominal GDP (March-centred, £m)4",33343.0,393,PublicFinances1800-2023
1963.0,Nominal GDP (£m)3,Nominal GDP (£m)3,31925.0,355,PublicFinances1800-2023
1963.0,Other Central Government Receipts6,Residual,1239.0,3,PublicFinances1800-2023
1963.0,Other Public Sector Spending10 ,,5108.0,-,PublicFinances1800-2023
1963.0,Other business taxes1,KIH3 + N43V,,-,PublicFinances1800-2023
1963.0,Other public sector taxes and receipts8,Residual,1670.0,-,PublicFinances1800-2023
1963.0,Petroleum Revenue tax (includes supplementary petroleum duty)3,ACCJ,,-,PublicFinances1800-2023
1963.0,Petroleum royalties3,,,-,PublicFinances1800-2023
1963.0,Public sector gross investment4,JW2Z + JW2S,2769.0,-,PublicFinances1800-2023
1963.0,"Public sector net borrowing
(PSNB)1","Public sector net borrowing
(PSNB)1",863.0,21,PublicFinances1800-2023
1963.0,Public sector net debt (PSND)2,Public sector net debt (PSND)2,30226.0,508,PublicFinances1800-2023
1963.0,Social Security7,,1951.0,-,PublicFinances1800-2023
1963.0,Stamp duties,GTBC,87.0,3,PublicFinances1800-2023
1963.0,Total Central Government spending1,ANLP + ANNS + NSRN,9222.0,50,PublicFinances1800-2023
1963.0,Unit,Source dataset ID,1963.0,1800,PublicFinances1800-2023
1963.0,VAT (Purchase tax prior to 1973)4,NZGF,906.0,-,PublicFinances1800-2023
1963.0,Years,Years,,1800-01,PublicFinances1800-2023
1963.0,o/w non-pensioners,,,-,PublicFinances1800-2023
1963.0,o/w pensioners,,,-,PublicFinances1800-2023
1964.0,Business rates,CUKY,,-,PublicFinances1800-2023
1964.0,Capital Gains Tax1,MS62,,-,PublicFinances1800-2023
1964.0,Corporation tax (profits taxes prior to 1966-67)2,CPRN,423.0,-,PublicFinances1800-2023
1964.0,Council Tax (community charge and domestic rates prior to 1993),NMHM,490.0,-,PublicFinances1800-2023
1964.0,Current spending3,JW2Q,9923.0,-,PublicFinances1800-2023
1964.0,Custom and excise duties5,CUDG+GTAO+MF6V+ EKED+CDDZ+CWAA,1977.0,18,PublicFinances1800-2023
1964.0,Death duties/Inheritance tax,ACCH,297.0,-,PublicFinances1800-2023
1964.0,Debt Interest9,NMFX,980.0,14,PublicFinances1800-2023
1964.0,Defence5,,1933.0,32,PublicFinances1800-2023
1964.0,Education8,,1406.0,-,PublicFinances1800-2023
1964.0,Energy profits levy,JIS6,,-,PublicFinances1800-2023
1964.0,Gas Levy3,,,-,PublicFinances1800-2023
1964.0,Health6,,1088.0,-,PublicFinances1800-2023
1964.0,Income tax1,LIBR-MS62,3316.0,5,PublicFinances1800-2023
1964.0,"Index, base year = 100",MM23,55.8,13.5,PublicFinances1800-2023
1964.0,Land and Assessed Taxes,,,5,PublicFinances1800-2023
1964.0,License fee receipts,DH7A,56.0,-,PublicFinances1800-2023
1964.0,National Accounts Taxes,GCSU,10137.0,-,PublicFinances1800-2023
1964.0,National Insurance Contributions1,AIIH,1461.0,-,PublicFinances1800-2023
1964.0,"Nominal GDP (March-centred, £m)4","Nominal GDP (March-centred, £m)4",36165.0,393,PublicFinances1800-2023
1964.0,Nominal GDP (£m)3,Nominal GDP (£m)3,34856.0,355,PublicFinances1800-2023
1964.0,Other Central Government Receipts6,Residual,1410.0,3,PublicFinances1800-2023
1964.0,Other Public Sector Spending10 ,,5676.0,-,PublicFinances1800-2023
1964.0,Other business taxes1,KIH3 + N43V,,-,PublicFinances1800-2023
1964.0,Other public sector taxes and receipts8,Residual,1847.0,-,PublicFinances1800-2023
1964.0,Petroleum Revenue tax (includes supplementary petroleum duty)3,ACCJ,,-,PublicFinances1800-2023
1964.0,Petroleum royalties3,,,-,PublicFinances1800-2023
1964.0,Public sector gross investment4,JW2Z + JW2S,3184.0,-,PublicFinances1800-2023
1964.0,"Public sector net borrowing
(PSNB)1","Public sector net borrowing
(PSNB)1",651.0,21,PublicFinances1800-2023
1964.0,Public sector net debt (PSND)2,Public sector net debt (PSND)2,30441.0,508,PublicFinances1800-2023
1964.0,Social Security7,,2024.0,-,PublicFinances1800-2023
1964.0,Stamp duties,GTBC,80.0,3,PublicFinances1800-2023
1964.0,Total Central Government spending1,ANLP + ANNS + NSRN,9327.0,50,PublicFinances1800-2023
1964.0,Unit,Source dataset ID,1964.0,1800,PublicFinances1800-2023
1964.0,VAT (Purchase tax prior to 1973)4,NZGF,956.0,-,PublicFinances1800-2023
1964.0,Years,Years,,1800-01,PublicFinances1800-2023
1964.0,o/w non-pensioners,,,-,PublicFinances1800-2023
1964.0,o/w pensioners,,,-,PublicFinances1800-2023
1965.0,Business rates,CUKY,,-,PublicFinances1800-2023
1965.0,Capital Gains Tax1,MS62,,-,PublicFinances1800-2023
1965.0,Corporation tax (profits taxes prior to 1966-67)2,CPRN,438.0,-,PublicFinances1800-2023
1965.0,Council Tax (community charge and domestic rates prior to 1993),NMHM,555.0,-,PublicFinances1800-2023
1965.0,Current spending3,JW2Q,11166.0,-,PublicFinances1800-2023
1965.0,Custom and excise duties5,CUDG+GTAO+MF6V+ EKED+CDDZ+CWAA,2097.0,18,PublicFinances1800-2023
1965.0,Death duties/Inheritance tax,ACCH,293.0,-,PublicFinances1800-2023
1965.0,Debt Interest9,NMFX,1011.0,14,PublicFinances1800-2023
1965.0,Defence5,,2040.0,32,PublicFinances1800-2023
1965.0,Education8,,1572.0,-,PublicFinances1800-2023
1965.0,Energy profits levy,JIS6,,-,PublicFinances1800-2023
1965.0,Gas Levy3,,,-,PublicFinances1800-2023
1965.0,Health6,,1233.0,-,PublicFinances1800-2023
1965.0,Income tax1,LIBR-MS62,3955.0,5,PublicFinances1800-2023
1965.0,"Index, base year = 100",MM23,58.4,13.5,PublicFinances1800-2023
1965.0,Land and Assessed Taxes,,,5,PublicFinances1800-2023
1965.0,License fee receipts,DH7A,73.0,-,PublicFinances1800-2023
1965.0,National Accounts Taxes,GCSU,11498.0,-,PublicFinances1800-2023
1965.0,National Insurance Contributions1,AIIH,1755.0,-,PublicFinances1800-2023
1965.0,"Nominal GDP (March-centred, £m)4","Nominal GDP (March-centred, £m)4",38759.0,393,PublicFinances1800-2023
1965.0,Nominal GDP (£m)3,Nominal GDP (£m)3,37465.0,355,PublicFinances1800-2023
1965.0,Other Central Government Receipts6,Residual,1629.0,3,PublicFinances1800-2023
1965.0,Other Public Sector Spending10 ,,6366.0,-,PublicFinances1800-2023
1965.0,Other business taxes1,KIH3 + N43V,,-,PublicFinances1800-2023
1965.0,Other public sector taxes and receipts8,Residual,2040.0,-,PublicFinances1800-2023
1965.0,Petroleum Revenue tax (includes supplementary petroleum duty)3,ACCJ,,-,PublicFinances1800-2023
1965.0,Petroleum royalties3,,,-,PublicFinances1800-2023
1965.0,Public sector gross investment4,JW2Z + JW2S,3451.0,-,PublicFinances1800-2023
1965.0,"Public sector net borrowing
(PSNB)1","Public sector net borrowing
(PSNB)1",571.0,21,PublicFinances1800-2023
1965.0,Public sector net debt (PSND)2,Public sector net debt (PSND)2,31341.0,508,PublicFinances1800-2023
1965.0,Social Security7,,2396.0,-,PublicFinances1800-2023
1965.0,Stamp duties,GTBC,77.0,3,PublicFinances1800-2023
1965.0,Total Central Government spending1,ANLP + ANNS + NSRN,10996.0,50,PublicFinances1800-2023
1965.0,Unit,Source dataset ID,1965.0,1800,PublicFinances1800-2023
1965.0,VAT (Purchase tax prior to 1973)4,NZGF,1007.0,-,PublicFinances1800-2023
1965.0,Years,Years,,1800-01,PublicFinances1800-2023
1965.0,o/w non-pensioners,,,-,PublicFinances1800-2023
1965.0,o/w pensioners,,,-,PublicFinances1800-2023
1966.0,Business rates,CUKY,,-,PublicFinances1800-2023
1966.0,Capital Gains Tax1,MS62,7.0,-,PublicFinances1800-2023
1966.0,Corporation tax (profits taxes prior to 1966-67)2,CPRN,1049.0,-,PublicFinances1800-2023
1966.0,Council Tax (community charge and domestic rates prior to 1993),NMHM,614.0,-,PublicFinances1800-2023
1966.0,Current spending3,JW2Q,12140.0,-,PublicFinances1800-2023
1966.0,Custom and excise duties5,CUDG+GTAO+MF6V+ EKED+CDDZ+CWAA,2276.0,18,PublicFinances1800-2023
1966.0,Death duties/Inheritance tax,ACCH,301.0,-,PublicFinances1800-2023
1966.0,Debt Interest9,NMFX,1088.0,14,PublicFinances1800-2023
1966.0,Defence5,,2162.0,32,PublicFinances1800-2023
1966.0,Education8,,1734.0,-,PublicFinances1800-2023
1966.0,Energy profits levy,JIS6,,-,PublicFinances1800-2023
1966.0,Gas Levy3,,,-,PublicFinances1800-2023
1966.0,Health6,,1359.0,-,PublicFinances1800-2023
1966.0,Income tax1,LIBR-MS62,3747.0,5,PublicFinances1800-2023
1966.0,"Index, base year = 100",MM23,60.7,13.5,PublicFinances1800-2023
1966.0,Land and Assessed Taxes,,,5,PublicFinances1800-2023
1966.0,License fee receipts,DH7A,75.0,-,PublicFinances1800-2023
1966.0,National Accounts Taxes,GCSU,12541.0,-,PublicFinances1800-2023
1966.0,National Insurance Contributions1,AIIH,1827.0,-,PublicFinances1800-2023
1966.0,"Nominal GDP (March-centred, £m)4","Nominal GDP (March-centred, £m)4",41156.0,393,PublicFinances1800-2023
1966.0,Nominal GDP (£m)3,Nominal GDP (£m)3,39955.0,355,PublicFinances1800-2023
1966.0,Other Central Government Receipts6,Residual,1960.0,3,PublicFinances1800-2023
1966.0,Other Public Sector Spending10 ,,7299.0,-,PublicFinances1800-2023
1966.0,Other business taxes1,KIH3 + N43V,,-,PublicFinances1800-2023
1966.0,Other public sector taxes and receipts8,Residual,2146.0,-,PublicFinances1800-2023
1966.0,Petroleum Revenue tax (includes supplementary petroleum duty)3,ACCJ,,-,PublicFinances1800-2023
1966.0,Petroleum royalties3,,,-,PublicFinances1800-2023
1966.0,Public sector gross investment4,JW2Z + JW2S,4036.0,-,PublicFinances1800-2023
1966.0,"Public sector net borrowing
(PSNB)1","Public sector net borrowing
(PSNB)1",957.0,21,PublicFinances1800-2023
1966.0,Public sector net debt (PSND)2,Public sector net debt (PSND)2,31986.0,508,PublicFinances1800-2023
1966.0,Social Security7,,2534.0,-,PublicFinances1800-2023
1966.0,Stamp duties,GTBC,78.0,3,PublicFinances1800-2023
1966.0,Total Central Government spending1,ANLP + ANNS + NSRN,11480.0,50,PublicFinances1800-2023
1966.0,Unit,Source dataset ID,1966.0,1800,PublicFinances1800-2023
1966.0,VAT (Purchase tax prior to 1973)4,NZGF,1032.0,-,PublicFinances1800-2023
1966.0,Years,Years,,1800-01,PublicFinances1800-2023
1966.0,o/w non-pensioners,,,-,PublicFinances1800-2023
1966.0,o/w pensioners,,,-,PublicFinances1800-2023
1967.0,Business rates,CUKY,,-,PublicFinances1800-2023
1967.0,Capital Gains Tax1,MS62,16.0,-,PublicFinances1800-2023
1967.0,Corporation tax (profits taxes prior to 1966-67)2,CPRN,1214.0,-,PublicFinances1800-2023
1967.0,Council Tax (community charge and domestic rates prior to 1993),NMHM,627.0,-,PublicFinances1800-2023
1967.0,Current spending3,JW2Q,13629.0,-,PublicFinances1800-2023
1967.0,Custom and excise duties5,CUDG+GTAO+MF6V+ EKED+CDDZ+CWAA,2557.0,18,PublicFinances1800-2023
1967.0,Death duties/Inheritance tax,ACCH,329.0,-,PublicFinances1800-2023
1967.0,Debt Interest9,NMFX,1158.0,14,PublicFinances1800-2023
1967.0,Defence5,,2317.0,32,PublicFinances1800-2023
1967.0,Education8,,1873.0,-,PublicFinances1800-2023
1967.0,Energy profits levy,JIS6,,-,PublicFinances1800-2023
1967.0,Gas Levy3,,,-,PublicFinances1800-2023
1967.0,Health6,,1475.0,-,PublicFinances1800-2023
1967.0,Income tax1,LIBR-MS62,4134.0,5,PublicFinances1800-2023
1967.0,"Index, base year = 100",MM23,62.3,13.5,PublicFinances1800-2023
1967.0,Land and Assessed Taxes,,,5,PublicFinances1800-2023
1967.0,License fee receipts,DH7A,79.0,-,PublicFinances1800-2023
1967.0,National Accounts Taxes,GCSU,13861.0,-,PublicFinances1800-2023
1967.0,National Insurance Contributions1,AIIH,1975.0,-,PublicFinances1800-2023
1967.0,"Nominal GDP (March-centred, £m)4","Nominal GDP (March-centred, £m)4",44400.0,393,PublicFinances1800-2023
1967.0,Nominal GDP (£m)3,Nominal GDP (£m)3,42518.0,355,PublicFinances1800-2023
1967.0,Other Central Government Receipts6,Residual,2261.0,3,PublicFinances1800-2023
1967.0,Other Public Sector Spending10 ,,8761.0,-,PublicFinances1800-2023
1967.0,Other business taxes1,KIH3 + N43V,,-,PublicFinances1800-2023
1967.0,Other public sector taxes and receipts8,Residual,2354.0,-,PublicFinances1800-2023
1967.0,Petroleum Revenue tax (includes supplementary petroleum duty)3,ACCJ,,-,PublicFinances1800-2023
1967.0,Petroleum royalties3,,,-,PublicFinances1800-2023
1967.0,Public sector gross investment4,JW2Z + JW2S,4833.0,-,PublicFinances1800-2023
1967.0,"Public sector net borrowing
(PSNB)1","Public sector net borrowing
(PSNB)1",1637.0,21,PublicFinances1800-2023
1967.0,Public sector net debt (PSND)2,Public sector net debt (PSND)2,34194.0,508,PublicFinances1800-2023
1967.0,Social Security7,,2878.0,-,PublicFinances1800-2023
1967.0,Stamp duties,GTBC,99.0,3,PublicFinances1800-2023
1967.0,Total Central Government spending1,ANLP + ANNS + NSRN,13282.0,50,PublicFinances1800-2023
1967.0,Unit,Source dataset ID,1967.0,1800,PublicFinances1800-2023
1967.0,VAT (Purchase tax prior to 1973)4,NZGF,1049.0,-,PublicFinances1800-2023
1967.0,Years,Years,,1800-01,PublicFinances1800-2023
1967.0,o/w non-pensioners,,,-,PublicFinances1800-2023
1967.0,o/w pensioners,,,-,PublicFinances1800-2023
1968.0,Business rates,CUKY,,-,PublicFinances1800-2023
1968.0,Capital Gains Tax1,MS62,47.0,-,PublicFinances1800-2023
1968.0,Corporation tax (profits taxes prior to 1966-67)2,CPRN,1342.0,-,PublicFinances1800-2023
1968.0,Council Tax (community charge and domestic rates prior to 1993),NMHM,658.0,-,PublicFinances1800-2023
1968.0,Current spending3,JW2Q,14617.0,-,PublicFinances1800-2023
1968.0,Custom and excise duties5,CUDG+GTAO+MF6V+ EKED+CDDZ+CWAA,3018.0,18,PublicFinances1800-2023
1968.0,Death duties/Inheritance tax,ACCH,382.0,-,PublicFinances1800-2023
1968.0,Debt Interest9,NMFX,1295.0,14,PublicFinances1800-2023
1968.0,Defence5,,2303.0,32,PublicFinances1800-2023
1968.0,Education8,,2057.0,-,PublicFinances1800-2023
1968.0,Energy profits levy,JIS6,,-,PublicFinances1800-2023
1968.0,Gas Levy3,,,-,PublicFinances1800-2023
1968.0,Health6,,1579.0,-,PublicFinances1800-2023
1968.0,Income tax1,LIBR-MS62,4757.0,5,PublicFinances1800-2023
1968.0,"Index, base year = 100",MM23,65.2,13.5,PublicFinances1800-2023
1968.0,Land and Assessed Taxes,,,5,PublicFinances1800-2023
1968.0,License fee receipts,DH7A,86.0,-,PublicFinances1800-2023
1968.0,National Accounts Taxes,GCSU,15814.0,-,PublicFinances1800-2023
1968.0,National Insurance Contributions1,AIIH,2192.0,-,PublicFinances1800-2023
1968.0,"Nominal GDP (March-centred, £m)4","Nominal GDP (March-centred, £m)4",48714.0,393,PublicFinances1800-2023
1968.0,Nominal GDP (£m)3,Nominal GDP (£m)3,46778.0,355,PublicFinances1800-2023
1968.0,Other Central Government Receipts6,Residual,2809.0,3,PublicFinances1800-2023
1968.0,Other Public Sector Spending10 ,,8998.0,-,PublicFinances1800-2023
1968.0,Other business taxes1,KIH3 + N43V,,-,PublicFinances1800-2023
1968.0,Other public sector taxes and receipts8,Residual,2647.0,-,PublicFinances1800-2023
1968.0,Petroleum Revenue tax (includes supplementary petroleum duty)3,ACCJ,,-,PublicFinances1800-2023
1968.0,Petroleum royalties3,,1.0,-,PublicFinances1800-2023
1968.0,Public sector gross investment4,JW2Z + JW2S,4888.0,-,PublicFinances1800-2023
1968.0,"Public sector net borrowing
(PSNB)1","Public sector net borrowing
(PSNB)1",270.0,21,PublicFinances1800-2023
1968.0,Public sector net debt (PSND)2,Public sector net debt (PSND)2,33984.0,508,PublicFinances1800-2023
1968.0,Social Security7,,3273.0,-,PublicFinances1800-2023
1968.0,Stamp duties,GTBC,126.0,3,PublicFinances1800-2023
1968.0,Total Central Government spending1,ANLP + ANNS + NSRN,14382.0,50,PublicFinances1800-2023
1968.0,Unit,Source dataset ID,1968.0,1800,PublicFinances1800-2023
1968.0,VAT (Purchase tax prior to 1973)4,NZGF,1104.0,-,PublicFinances1800-2023
1968.0,Years,Years,,1800-01,PublicFinances1800-2023
1968.0,o/w non-pensioners,,,-,PublicFinances1800-2023
1968.0,o/w pensioners,,,-,PublicFinances1800-2023
1969.0,Business rates,CUKY,,-,PublicFinances1800-2023
1969.0,Capital Gains Tax1,MS62,126.0,-,PublicFinances1800-2023
1969.0,Corporation tax (profits taxes prior to 1966-67)2,CPRN,1696.0,-,PublicFinances1800-2023
1969.0,Council Tax (community charge and domestic rates prior to 1993),NMHM,699.0,-,PublicFinances1800-2023
1969.0,Current spending3,JW2Q,15486.0,-,PublicFinances1800-2023
1969.0,Custom and excise duties5,CUDG+GTAO+MF6V+ EKED+CDDZ+CWAA,3430.0,18,PublicFinances1800-2023
1969.0,Death duties/Inheritance tax,ACCH,364.0,-,PublicFinances1800-2023
1969.0,Debt Interest9,NMFX,1333.0,14,PublicFinances1800-2023
1969.0,Defence5,,2236.0,32,PublicFinances1800-2023
1969.0,Education8,,2236.0,-,PublicFinances1800-2023
1969.0,Energy profits levy,JIS6,,-,PublicFinances1800-2023
1969.0,Gas Levy3,,,-,PublicFinances1800-2023
1969.0,Health6,,1684.0,-,PublicFinances1800-2023
1969.0,Income tax1,LIBR-MS62,5298.0,5,PublicFinances1800-2023
1969.0,"Index, base year = 100",MM23,68.7,13.5,PublicFinances1800-2023
1969.0,Land and Assessed Taxes,,,5,PublicFinances1800-2023
1969.0,License fee receipts,DH7A,100.0,-,PublicFinances1800-2023
1969.0,National Accounts Taxes,GCSU,17863.0,-,PublicFinances1800-2023
1969.0,National Insurance Contributions1,AIIH,2324.0,-,PublicFinances1800-2023
1969.0,"Nominal GDP (March-centred, £m)4","Nominal GDP (March-centred, £m)4",54113.0,393,PublicFinances1800-2023
1969.0,Nominal GDP (£m)3,Nominal GDP (£m)3,50863.0,355,PublicFinances1800-2023
1969.0,Other Central Government Receipts6,Residual,3326.0,3,PublicFinances1800-2023
1969.0,Other Public Sector Spending10 ,,9499.0,-,PublicFinances1800-2023
1969.0,Other business taxes1,KIH3 + N43V,,-,PublicFinances1800-2023
1969.0,Other public sector taxes and receipts8,Residual,2754.0,-,PublicFinances1800-2023
1969.0,Petroleum Revenue tax (includes supplementary petroleum duty)3,ACCJ,,-,PublicFinances1800-2023
1969.0,Petroleum royalties3,,2.0,-,PublicFinances1800-2023
1969.0,Public sector gross investment4,JW2Z + JW2S,5002.0,-,PublicFinances1800-2023
1969.0,"Public sector net borrowing
(PSNB)1","Public sector net borrowing
(PSNB)1",-872.0,21,PublicFinances1800-2023
1969.0,Public sector net debt (PSND)2,Public sector net debt (PSND)2,33079.0,508,PublicFinances1800-2023
1969.0,Social Security7,,3500.0,-,PublicFinances1800-2023
1969.0,Stamp duties,GTBC,120.0,3,PublicFinances1800-2023
1969.0,Total Central Government spending1,ANLP + ANNS + NSRN,16567.0,50,PublicFinances1800-2023
1969.0,Unit,Source dataset ID,1969.0,1800,PublicFinances1800-2023
1969.0,VAT (Purchase tax prior to 1973)4,NZGF,1140.0,-,PublicFinances1800-2023
1969.0,Years,Years,,1800-01,PublicFinances1800-2023
1969.0,o/w non-pensioners,,,-,PublicFinances1800-2023
1969.0,o/w pensioners,,,-,PublicFinances1800-2023
1970.0,Business rates,CUKY,,-,PublicFinances1800-2023
1970.0,Capital Gains Tax1,MS62,136.0,-,PublicFinances1800-2023
1970.0,Corporation tax (profits taxes prior to 1966-67)2,CPRN,1582.0,-,PublicFinances1800-2023
1970.0,Council Tax (community charge and domestic rates prior to 1993),NMHM,745.0,-,PublicFinances1800-2023
1970.0,Current spending3,JW2Q,17142.0,-,PublicFinances1800-2023
1970.0,Custom and excise duties5,CUDG+GTAO+MF6V+ EKED+CDDZ+CWAA,3777.0,18,PublicFinances1800-2023
1970.0,Death duties/Inheritance tax,ACCH,356.0,-,PublicFinances1800-2023
1970.0,Debt Interest9,NMFX,1347.0,14,PublicFinances1800-2023
1970.0,Defence5,,2426.0,32,PublicFinances1800-2023
1970.0,Education8,,2528.0,-,PublicFinances1800-2023
1970.0,Energy profits levy,JIS6,,-,PublicFinances1800-2023
1970.0,Gas Levy3,,,-,PublicFinances1800-2023
1970.0,Health6,,1920.0,-,PublicFinances1800-2023
1970.0,Income tax1,LIBR-MS62,6129.0,5,PublicFinances1800-2023
1970.0,"Index, base year = 100",MM23,73.1,13.5,PublicFinances1800-2023
1970.0,Land and Assessed Taxes,,,5,PublicFinances1800-2023
1970.0,License fee receipts,DH7A,103.0,-,PublicFinances1800-2023
1970.0,National Accounts Taxes,GCSU,19457.0,-,PublicFinances1800-2023
1970.0,National Insurance Contributions1,AIIH,2660.0,-,PublicFinances1800-2023
1970.0,"Nominal GDP (March-centred, £m)4","Nominal GDP (March-centred, £m)4",61180.0,393,PublicFinances1800-2023
1970.0,Nominal GDP (£m)3,Nominal GDP (£m)3,57742.0,355,PublicFinances1800-2023
1970.0,Other Central Government Receipts6,Residual,3651.0,3,PublicFinances1800-2023
1970.0,Other Public Sector Spending10 ,,10912.0,-,PublicFinances1800-2023
1970.0,Other business taxes1,KIH3 + N43V,,-,PublicFinances1800-2023
1970.0,Other public sector taxes and receipts8,Residual,2817.0,-,PublicFinances1800-2023
1970.0,Petroleum Revenue tax (includes supplementary petroleum duty)3,ACCJ,,-,PublicFinances1800-2023
1970.0,Petroleum royalties3,,3.0,-,PublicFinances1800-2023
1970.0,Public sector gross investment4,JW2Z + JW2S,5744.0,-,PublicFinances1800-2023
1970.0,"Public sector net borrowing
(PSNB)1","Public sector net borrowing
(PSNB)1",-323.0,21,PublicFinances1800-2023
1970.0,Public sector net debt (PSND)2,Public sector net debt (PSND)2,33442.0,508,PublicFinances1800-2023
1970.0,Social Security7,,3752.0,-,PublicFinances1800-2023
1970.0,Stamp duties,GTBC,118.0,3,PublicFinances1800-2023
1970.0,Total Central Government spending1,ANLP + ANNS + NSRN,17217.0,50,PublicFinances1800-2023
1970.0,Unit,Source dataset ID,1970.0,1800,PublicFinances1800-2023
1970.0,VAT (Purchase tax prior to 1973)4,NZGF,1143.0,-,PublicFinances1800-2023
1970.0,Years,Years,,1800-01,PublicFinances1800-2023
1970.0,o/w non-pensioners,,,-,PublicFinances1800-2023
1970.0,o/w pensioners,,,-,PublicFinances1800-2023
1971.0,Business rates,CUKY,,-,PublicFinances1800-2023
1971.0,Capital Gains Tax1,MS62,155.0,-,PublicFinances1800-2023
1971.0,Corporation tax (profits taxes prior to 1966-67)2,CPRN,1552.0,-,PublicFinances1800-2023
1971.0,Council Tax (community charge and domestic rates prior to 1993),NMHM,870.0,-,PublicFinances1800-2023
1971.0,Current spending3,JW2Q,19583.0,-,PublicFinances1800-2023
1971.0,Custom and excise duties5,CUDG+GTAO+MF6V+ EKED+CDDZ+CWAA,3991.0,18,PublicFinances1800-2023
1971.0,Death duties/Inheritance tax,ACCH,452.0,-,PublicFinances1800-2023
1971.0,Debt Interest9,NMFX,1461.0,14,PublicFinances1800-2023
1971.0,Defence5,,2712.0,32,PublicFinances1800-2023
1971.0,Education8,,2916.0,-,PublicFinances1800-2023
1971.0,Energy profits levy,JIS6,,-,PublicFinances1800-2023
1971.0,Gas Levy3,,,-,PublicFinances1800-2023
1971.0,Health6,,2186.0,-,PublicFinances1800-2023
1971.0,Income tax1,LIBR-MS62,6640.0,5,PublicFinances1800-2023
1971.0,"Index, base year = 100",MM23,80.0,13.5,PublicFinances1800-2023
1971.0,Land and Assessed Taxes,,,5,PublicFinances1800-2023
1971.0,License fee receipts,DH7A,121.0,-,PublicFinances1800-2023
1971.0,National Accounts Taxes,GCSU,20708.0,-,PublicFinances1800-2023
1971.0,National Insurance Contributions1,AIIH,2985.0,-,PublicFinances1800-2023
1971.0,"Nominal GDP (March-centred, £m)4","Nominal GDP (March-centred, £m)4",68143.0,393,PublicFinances1800-2023
1971.0,Nominal GDP (£m)3,Nominal GDP (£m)3,64593.0,355,PublicFinances1800-2023
1971.0,Other Central Government Receipts6,Residual,3760.0,3,PublicFinances1800-2023
1971.0,Other Public Sector Spending10 ,,11863.0,-,PublicFinances1800-2023
1971.0,Other business taxes1,KIH3 + N43V,,-,PublicFinances1800-2023
1971.0,Other public sector taxes and receipts8,Residual,3076.0,-,PublicFinances1800-2023
1971.0,Petroleum Revenue tax (includes supplementary petroleum duty)3,ACCJ,,-,PublicFinances1800-2023
1971.0,Petroleum royalties3,,6.0,-,PublicFinances1800-2023
1971.0,Public sector gross investment4,JW2Z + JW2S,5919.0,-,PublicFinances1800-2023
1971.0,"Public sector net borrowing
(PSNB)1","Public sector net borrowing
(PSNB)1",634.0,21,PublicFinances1800-2023
1971.0,Public sector net debt (PSND)2,Public sector net debt (PSND)2,35840.0,508,PublicFinances1800-2023
1971.0,Social Security7,,4364.0,-,PublicFinances1800-2023
1971.0,Stamp duties,GTBC,168.0,3,PublicFinances1800-2023
1971.0,Total Central Government spending1,ANLP + ANNS + NSRN,19294.0,50,PublicFinances1800-2023
1971.0,Unit,Source dataset ID,1971.0,1800,PublicFinances1800-2023
1971.0,VAT (Purchase tax prior to 1973)4,NZGF,1125.0,-,PublicFinances1800-2023
1971.0,Years,Years,,1800-01,PublicFinances1800-2023
1971.0,o/w non-pensioners,,,-,PublicFinances1800-2023
1971.0,o/w pensioners,,,-,PublicFinances1800-2023
1972.0,Business rates,CUKY,,-,PublicFinances1800-2023
1972.0,Capital Gains Tax1,MS62,207.0,-,PublicFinances1800-2023
1972.0,Corporation tax (profits taxes prior to 1966-67)2,CPRN,1533.0,-,PublicFinances1800-2023
1972.0,Council Tax (community charge and domestic rates prior to 1993),NMHM,984.0,-,PublicFinances1800-2023
1972.0,Current spending3,JW2Q,22126.0,-,PublicFinances1800-2023
1972.0,Custom and excise duties5,CUDG+GTAO+MF6V+ EKED+CDDZ+CWAA,4223.0,18,PublicFinances1800-2023
1972.0,Death duties/Inheritance tax,ACCH,459.0,-,PublicFinances1800-2023
1972.0,Debt Interest9,NMFX,1696.0,14,PublicFinances1800-2023
1972.0,Defence5,,3028.0,32,PublicFinances1800-2023
1972.0,Education8,,3425.0,-,PublicFinances1800-2023
1972.0,Energy profits levy,JIS6,,-,PublicFinances1800-2023
1972.0,Gas Levy3,,,-,PublicFinances1800-2023
1972.0,Health6,,2513.0,-,PublicFinances1800-2023
1972.0,Income tax1,LIBR-MS62,6794.0,5,PublicFinances1800-2023
1972.0,"Index, base year = 100",MM23,85.7,13.5,PublicFinances1800-2023
1972.0,Land and Assessed Taxes,,,5,PublicFinances1800-2023
1972.0,License fee receipts,DH7A,138.0,-,PublicFinances1800-2023
1972.0,National Accounts Taxes,GCSU,22053.0,-,PublicFinances1800-2023
1972.0,National Insurance Contributions1,AIIH,3492.0,-,PublicFinances1800-2023
1972.0,"Nominal GDP (March-centred, £m)4","Nominal GDP (March-centred, £m)4",79228.0,393,PublicFinances1800-2023
1972.0,Nominal GDP (£m)3,Nominal GDP (£m)3,73937.0,355,PublicFinances1800-2023
1972.0,Other Central Government Receipts6,Residual,3884.0,3,PublicFinances1800-2023
1972.0,Other Public Sector Spending10 ,,12812.0,-,PublicFinances1800-2023
1972.0,Other business taxes1,KIH3 + N43V,,-,PublicFinances1800-2023
1972.0,Other public sector taxes and receipts8,Residual,3525.0,-,PublicFinances1800-2023
1972.0,Petroleum Revenue tax (includes supplementary petroleum duty)3,ACCJ,,-,PublicFinances1800-2023
1972.0,Petroleum royalties3,,11.0,-,PublicFinances1800-2023
1972.0,Public sector gross investment4,JW2Z + JW2S,6401.0,-,PublicFinances1800-2023
1972.0,"Public sector net borrowing
(PSNB)1","Public sector net borrowing
(PSNB)1",1913.0,21,PublicFinances1800-2023
1972.0,Public sector net debt (PSND)2,Public sector net debt (PSND)2,36885.0,508,PublicFinances1800-2023
1972.0,Social Security7,,5053.0,-,PublicFinances1800-2023
1972.0,Stamp duties,GTBC,227.0,3,PublicFinances1800-2023
1972.0,Total Central Government spending1,ANLP + ANNS + NSRN,22028.0,50,PublicFinances1800-2023
1972.0,Unit,Source dataset ID,1972.0,1800,PublicFinances1800-2023
1972.0,VAT (Purchase tax prior to 1973)4,NZGF,1185.0,-,PublicFinances1800-2023
1972.0,Years,Years,,1800-01,PublicFinances1800-2023
1972.0,o/w non-pensioners,,,-,PublicFinances1800-2023
1972.0,o/w pensioners,,,-,PublicFinances1800-2023
1973.0,Business rates,CUKY,,-,PublicFinances1800-2023
1973.0,Capital Gains Tax1,MS62,322.0,-,PublicFinances1800-2023
1973.0,Corporation tax (profits taxes prior to 1966-67)2,CPRN,2264.0,-,PublicFinances1800-2023
1973.0,Council Tax (community charge and domestic rates prior to 1993),NMHM,1100.0,-,PublicFinances1800-2023
1973.0,Current spending3,JW2Q,25769.0,-,PublicFinances1800-2023
1973.0,Custom and excise duties5,CUDG+GTAO+MF6V+ EKED+CDDZ+CWAA,3945.0,18,PublicFinances1800-2023
1973.0,Death duties/Inheritance tax,ACCH,412.0,-,PublicFinances1800-2023
1973.0,Debt Interest9,NMFX,1896.0,14,PublicFinances1800-2023
1973.0,Defence5,,3467.0,32,PublicFinances1800-2023
1973.0,Education8,,4007.0,-,PublicFinances1800-2023
1973.0,Energy profits levy,JIS6,,-,PublicFinances1800-2023
1973.0,Gas Levy3,,,-,PublicFinances1800-2023
1973.0,Health6,,2979.0,-,PublicFinances1800-2023
1973.0,Income tax1,LIBR-MS62,7579.0,5,PublicFinances1800-2023
1973.0,"Index, base year = 100",MM23,93.5,13.5,PublicFinances1800-2023
1973.0,Land and Assessed Taxes,,,5,PublicFinances1800-2023
1973.0,License fee receipts,DH7A,150.0,-,PublicFinances1800-2023
1973.0,National Accounts Taxes,GCSU,24688.0,-,PublicFinances1800-2023
1973.0,National Insurance Contributions1,AIIH,4106.0,-,PublicFinances1800-2023
1973.0,"Nominal GDP (March-centred, £m)4","Nominal GDP (March-centred, £m)4",88835.0,393,PublicFinances1800-2023
1973.0,Nominal GDP (£m)3,Nominal GDP (£m)3,82863.0,355,PublicFinances1800-2023
1973.0,Other Central Government Receipts6,Residual,3984.0,3,PublicFinances1800-2023
1973.0,Other Public Sector Spending10 ,,15413.0,-,PublicFinances1800-2023
1973.0,Other business taxes1,KIH3 + N43V,,-,PublicFinances1800-2023
1973.0,Other public sector taxes and receipts8,Residual,4088.0,-,PublicFinances1800-2023
1973.0,Petroleum Revenue tax (includes supplementary petroleum duty)3,ACCJ,,-,PublicFinances1800-2023
1973.0,Petroleum royalties3,,12.0,-,PublicFinances1800-2023
1973.0,Public sector gross investment4,JW2Z + JW2S,7673.0,-,PublicFinances1800-2023
1973.0,"Public sector net borrowing
(PSNB)1","Public sector net borrowing
(PSNB)1",3383.0,21,PublicFinances1800-2023
1973.0,Public sector net debt (PSND)2,Public sector net debt (PSND)2,40125.0,508,PublicFinances1800-2023
1973.0,Social Security7,,5680.0,-,PublicFinances1800-2023
1973.0,Stamp duties,GTBC,191.0,3,PublicFinances1800-2023
1973.0,Total Central Government spending1,ANLP + ANNS + NSRN,25496.0,50,PublicFinances1800-2023
1973.0,Unit,Source dataset ID,1973.0,1800,PublicFinances1800-2023
1973.0,VAT (Purchase tax prior to 1973)4,NZGF,1971.0,-,PublicFinances1800-2023
1973.0,Years,Years,,1800-01,PublicFinances1800-2023
1973.0,o/w non-pensioners,,,-,PublicFinances1800-2023
1973.0,o/w pensioners,,,-,PublicFinances1800-2023
1974.0,Business rates,CUKY,,-,PublicFinances1800-2023
1974.0,Capital Gains Tax1,MS62,382.0,-,PublicFinances1800-2023
1974.0,Corporation tax (profits taxes prior to 1966-67)2,CPRN,2859.0,-,PublicFinances1800-2023
1974.0,Council Tax (community charge and domestic rates prior to 1993),NMHM,1264.0,-,PublicFinances1800-2023
1974.0,Current spending3,JW2Q,34112.0,-,PublicFinances1800-2023
1974.0,Custom and excise duties5,CUDG+GTAO+MF6V+ EKED+CDDZ+CWAA,4366.0,18,PublicFinances1800-2023
1974.0,Death duties/Inheritance tax,ACCH,338.0,-,PublicFinances1800-2023
1974.0,Debt Interest9,NMFX,2257.0,14,PublicFinances1800-2023
1974.0,Defence5,,4168.0,32,PublicFinances1800-2023
1974.0,Education8,,4956.0,-,PublicFinances1800-2023
1974.0,Energy profits levy,JIS6,,-,PublicFinances1800-2023
1974.0,Gas Levy3,,,-,PublicFinances1800-2023
1974.0,Health6,,3921.0,-,PublicFinances1800-2023
1974.0,Income tax1,LIBR-MS62,11044.0,5,PublicFinances1800-2023
1974.0,"Index, base year = 100",MM23,108.5,13.5,PublicFinances1800-2023
1974.0,Land and Assessed Taxes,,,5,PublicFinances1800-2023
1974.0,License fee receipts,DH7A,164.0,-,PublicFinances1800-2023
1974.0,National Accounts Taxes,GCSU,31902.0,-,PublicFinances1800-2023
1974.0,National Insurance Contributions1,AIIH,5410.0,-,PublicFinances1800-2023
1974.0,"Nominal GDP (March-centred, £m)4","Nominal GDP (March-centred, £m)4",109120.0,393,PublicFinances1800-2023
1974.0,Nominal GDP (£m)3,Nominal GDP (£m)3,98190.0,355,PublicFinances1800-2023
1974.0,Other Central Government Receipts6,Residual,4559.0,3,PublicFinances1800-2023
1974.0,Other Public Sector Spending10 ,,21445.0,-,PublicFinances1800-2023
1974.0,Other business taxes1,KIH3 + N43V,,-,PublicFinances1800-2023
1974.0,Other public sector taxes and receipts8,Residual,5083.0,-,PublicFinances1800-2023
1974.0,Petroleum Revenue tax (includes supplementary petroleum duty)3,ACCJ,,-,PublicFinances1800-2023
1974.0,Petroleum royalties3,,15.0,-,PublicFinances1800-2023
1974.0,Public sector gross investment4,JW2Z + JW2S,9756.0,-,PublicFinances1800-2023
1974.0,"Public sector net borrowing
(PSNB)1","Public sector net borrowing
(PSNB)1",5592.0,21,PublicFinances1800-2023
1974.0,Public sector net debt (PSND)2,Public sector net debt (PSND)2,52100.0,508,PublicFinances1800-2023
1974.0,Social Security7,,7121.0,-,PublicFinances1800-2023
1974.0,Stamp duties,GTBC,198.0,3,PublicFinances1800-2023
1974.0,Total Central Government spending1,ANLP + ANNS + NSRN,32665.0,50,PublicFinances1800-2023
1974.0,Unit,Source dataset ID,1974.0,1800,PublicFinances1800-2023
1974.0,VAT (Purchase tax prior to 1973)4,NZGF,2785.0,-,PublicFinances1800-2023
1974.0,Years,Years,,1800-01,PublicFinances1800-2023
1974.0,o/w non-pensioners,,,-,PublicFinances1800-2023
1974.0,o/w pensioners,,,-,PublicFinances1800-2023
1975.0,Business rates,CUKY,,-,PublicFinances1800-2023
1975.0,Capital Gains Tax1,MS62,387.0,-,PublicFinances1800-2023
1975.0,Corporation tax (profits taxes prior to 1966-67)2,CPRN,1996.0,-,PublicFinances1800-2023
1975.0,Council Tax (community charge and domestic rates prior to 1993),NMHM,1696.0,-,PublicFinances1800-2023
1975.0,Current spending3,JW2Q,43885.0,-,PublicFinances1800-2023
1975.0,Custom and excise duties5,CUDG+GTAO+MF6V+ EKED+CDDZ+CWAA,5208.0,18,PublicFinances1800-2023
1975.0,Death duties/Inheritance tax,ACCH,329.0,-,PublicFinances1800-2023
1975.0,Debt Interest9,NMFX,2840.0,14,PublicFinances1800-2023
1975.0,Defence5,,5195.0,32,PublicFinances1800-2023
1975.0,Education8,,6552.0,-,PublicFinances1800-2023
1975.0,Energy profits levy,JIS6,,-,PublicFinances1800-2023
1975.0,Gas Levy3,,,-,PublicFinances1800-2023
1975.0,Health6,,5079.0,-,PublicFinances1800-2023
1975.0,Income tax1,LIBR-MS62,15375.0,5,PublicFinances1800-2023
1975.0,"Index, base year = 100",MM23,134.8,13.5,PublicFinances1800-2023
1975.0,Land and Assessed Taxes,,,5,PublicFinances1800-2023
1975.0,License fee receipts,DH7A,234.0,-,PublicFinances1800-2023
1975.0,National Accounts Taxes,GCSU,40306.0,-,PublicFinances1800-2023
1975.0,National Insurance Contributions1,AIIH,7173.0,-,PublicFinances1800-2023
1975.0,"Nominal GDP (March-centred, £m)4","Nominal GDP (March-centred, £m)4",131165.0,393,PublicFinances1800-2023
1975.0,Nominal GDP (£m)3,Nominal GDP (£m)3,120851.0,355,PublicFinances1800-2023
1975.0,Other Central Government Receipts6,Residual,5679.0,3,PublicFinances1800-2023
1975.0,Other Public Sector Spending10 ,,26798.0,-,PublicFinances1800-2023
1975.0,Other business taxes1,KIH3 + N43V,,-,PublicFinances1800-2023
1975.0,Other public sector taxes and receipts8,Residual,6629.0,-,PublicFinances1800-2023
1975.0,Petroleum Revenue tax (includes supplementary petroleum duty)3,ACCJ,,-,PublicFinances1800-2023
1975.0,Petroleum royalties3,,20.0,-,PublicFinances1800-2023
1975.0,Public sector gross investment4,JW2Z + JW2S,12213.0,-,PublicFinances1800-2023
1975.0,"Public sector net borrowing
(PSNB)1","Public sector net borrowing
(PSNB)1",7651.0,21,PublicFinances1800-2023
1975.0,Public sector net debt (PSND)2,Public sector net debt (PSND)2,64700.0,508,PublicFinances1800-2023
1975.0,Social Security7,,9634.0,-,PublicFinances1800-2023
1975.0,Stamp duties,GTBC,283.0,3,PublicFinances1800-2023
1975.0,Total Central Government spending1,ANLP + ANNS + NSRN,43234.0,50,PublicFinances1800-2023
1975.0,Unit,Source dataset ID,1975.0,1800,PublicFinances1800-2023
1975.0,VAT (Purchase tax prior to 1973)4,NZGF,3707.0,-,PublicFinances1800-2023
1975.0,Years,Years,,1800-01,PublicFinances1800-2023
1975.0,o/w non-pensioners,,,-,PublicFinances1800-2023
1975.0,o/w pensioners,,,-,PublicFinances1800-2023
1976.0,Business rates,CUKY,,-,PublicFinances1800-2023
1976.0,Capital Gains Tax1,MS62,324.0,-,PublicFinances1800-2023
1976.0,Corporation tax (profits taxes prior to 1966-67)2,CPRN,2655.0,-,PublicFinances1800-2023
1976.0,Council Tax (community charge and domestic rates prior to 1993),NMHM,1868.0,-,PublicFinances1800-2023
1976.0,Current spending3,JW2Q,51232.0,-,PublicFinances1800-2023
1976.0,Custom and excise duties5,CUDG+GTAO+MF6V+ EKED+CDDZ+CWAA,6350.0,18,PublicFinances1800-2023
1976.0,Death duties/Inheritance tax,ACCH,384.0,-,PublicFinances1800-2023
1976.0,Debt Interest9,NMFX,3833.0,14,PublicFinances1800-2023
1976.0,Defence5,,6100.0,32,PublicFinances1800-2023
1976.0,Education8,,7299.0,-,PublicFinances1800-2023
1976.0,Energy profits levy,JIS6,,-,PublicFinances1800-2023
1976.0,Gas Levy3,,,-,PublicFinances1800-2023
1976.0,Health6,,5901.0,-,PublicFinances1800-2023
1976.0,Income tax1,LIBR-MS62,17293.0,5,PublicFinances1800-2023
1976.0,"Index, base year = 100",MM23,157.1,13.5,PublicFinances1800-2023
1976.0,Land and Assessed Taxes,,,5,PublicFinances1800-2023
1976.0,License fee receipts,DH7A,249.0,-,PublicFinances1800-2023
1976.0,National Accounts Taxes,GCSU,46543.0,-,PublicFinances1800-2023
1976.0,National Insurance Contributions1,AIIH,8833.0,-,PublicFinances1800-2023
1976.0,"Nominal GDP (March-centred, £m)4","Nominal GDP (March-centred, £m)4",154027.0,393,PublicFinances1800-2023
1976.0,Nominal GDP (£m)3,Nominal GDP (£m)3,142088.0,355,PublicFinances1800-2023
1976.0,Other Central Government Receipts6,Residual,6533.0,3,PublicFinances1800-2023
1976.0,Other Public Sector Spending10 ,,29498.0,-,PublicFinances1800-2023
1976.0,Other business taxes1,KIH3 + N43V,,-,PublicFinances1800-2023
1976.0,Other public sector taxes and receipts8,Residual,8586.0,-,PublicFinances1800-2023
1976.0,Petroleum Revenue tax (includes supplementary petroleum duty)3,ACCJ,,-,PublicFinances1800-2023
1976.0,Petroleum royalties3,,71.0,-,PublicFinances1800-2023
1976.0,Public sector gross investment4,JW2Z + JW2S,12866.0,-,PublicFinances1800-2023
1976.0,"Public sector net borrowing
(PSNB)1","Public sector net borrowing
(PSNB)1",7004.0,21,PublicFinances1800-2023
1976.0,Public sector net debt (PSND)2,Public sector net debt (PSND)2,73600.0,508,PublicFinances1800-2023
1976.0,Social Security7,,11467.0,-,PublicFinances1800-2023
1976.0,Stamp duties,GTBC,271.0,3,PublicFinances1800-2023
1976.0,Total Central Government spending1,ANLP + ANNS + NSRN,49652.0,50,PublicFinances1800-2023
1976.0,Unit,Source dataset ID,1976.0,1800,PublicFinances1800-2023
1976.0,VAT (Purchase tax prior to 1973)4,NZGF,3960.0,-,PublicFinances1800-2023
1976.0,Years,Years,,1800-01,PublicFinances1800-2023
1976.0,o/w non-pensioners,,,-,PublicFinances1800-2023
1976.0,o/w pensioners,,,-,PublicFinances1800-2023
1977.0,Business rates,CUKY,,-,PublicFinances1800-2023
1977.0,Capital Gains Tax1,MS62,340.0,-,PublicFinances1800-2023
1977.0,Corporation tax (profits taxes prior to 1966-67)2,CPRN,3344.0,-,PublicFinances1800-2023
1977.0,Council Tax (community charge and domestic rates prior to 1993),NMHM,2247.0,-,PublicFinances1800-2023
1977.0,Current spending3,JW2Q,57540.0,-,PublicFinances1800-2023
1977.0,Custom and excise duties5,CUDG+GTAO+MF6V+ EKED+CDDZ+CWAA,7142.0,18,PublicFinances1800-2023
1977.0,Death duties/Inheritance tax,ACCH,399.0,-,PublicFinances1800-2023
1977.0,Debt Interest9,NMFX,4692.0,14,PublicFinances1800-2023
1977.0,Defence5,,6747.0,32,PublicFinances1800-2023
1977.0,Education8,,8234.0,-,PublicFinances1800-2023
1977.0,Energy profits levy,JIS6,,-,PublicFinances1800-2023
1977.0,Gas Levy3,,,-,PublicFinances1800-2023
1977.0,Health6,,6590.0,-,PublicFinances1800-2023
1977.0,Income tax1,LIBR-MS62,17571.0,5,PublicFinances1800-2023
1977.0,"Index, base year = 100",MM23,182.0,13.5,PublicFinances1800-2023
1977.0,Land and Assessed Taxes,,,5,PublicFinances1800-2023
1977.0,License fee receipts,DH7A,287.0,-,PublicFinances1800-2023
1977.0,National Accounts Taxes,GCSU,52516.0,-,PublicFinances1800-2023
1977.0,National Insurance Contributions1,AIIH,9751.0,-,PublicFinances1800-2023
1977.0,"Nominal GDP (March-centred, £m)4","Nominal GDP (March-centred, £m)4",179407.0,393,PublicFinances1800-2023
1977.0,Nominal GDP (£m)3,Nominal GDP (£m)3,166127.0,355,PublicFinances1800-2023
1977.0,Other Central Government Receipts6,Residual,8559.0,3,PublicFinances1800-2023
1977.0,Other Public Sector Spending10 ,,30115.0,-,PublicFinances1800-2023
1977.0,Other business taxes1,KIH3 + N43V,,-,PublicFinances1800-2023
1977.0,Other public sector taxes and receipts8,Residual,9211.0,-,PublicFinances1800-2023
1977.0,Petroleum Revenue tax (includes supplementary petroleum duty)3,ACCJ,,-,PublicFinances1800-2023
1977.0,Petroleum royalties3,,228.0,-,PublicFinances1800-2023
1977.0,Public sector gross investment4,JW2Z + JW2S,12628.0,-,PublicFinances1800-2023
1977.0,"Public sector net borrowing
(PSNB)1","Public sector net borrowing
(PSNB)1",6424.0,21,PublicFinances1800-2023
1977.0,Public sector net debt (PSND)2,Public sector net debt (PSND)2,79500.0,508,PublicFinances1800-2023
1977.0,Social Security7,,13791.0,-,PublicFinances1800-2023
1977.0,Stamp duties,GTBC,376.0,3,PublicFinances1800-2023
1977.0,Total Central Government spending1,ANLP + ANNS + NSRN,56002.0,50,PublicFinances1800-2023
1977.0,Unit,Source dataset ID,1977.0,1800,PublicFinances1800-2023
1977.0,VAT (Purchase tax prior to 1973)4,NZGF,4591.0,-,PublicFinances1800-2023
1977.0,Years,Years,,1800-01,PublicFinances1800-2023
1977.0,o/w non-pensioners,,,-,PublicFinances1800-2023
1977.0,o/w pensioners,,,-,PublicFinances1800-2023
1978.0,Business rates,CUKY,,-,PublicFinances1800-2023
1978.0,Capital Gains Tax1,MS62,353.0,-,PublicFinances1800-2023
1978.0,Corporation tax (profits taxes prior to 1966-67)2,CPRN,3940.0,-,PublicFinances1800-2023
1978.0,Council Tax (community charge and domestic rates prior to 1993),NMHM,2474.0,-,PublicFinances1800-2023
1978.0,Current spending3,JW2Q,66106.0,-,PublicFinances1800-2023
1978.0,Custom and excise duties5,CUDG+GTAO+MF6V+ EKED+CDDZ+CWAA,8049.0,18,PublicFinances1800-2023
1978.0,Death duties/Inheritance tax,ACCH,369.0,-,PublicFinances1800-2023
1978.0,Debt Interest9,NMFX,5645.0,14,PublicFinances1800-2023
1978.0,Defence5,,7680.0,32,PublicFinances1800-2023
1978.0,Education8,,9457.0,-,PublicFinances1800-2023
1978.0,Energy profits levy,JIS6,,-,PublicFinances1800-2023
1978.0,Gas Levy3,,,-,PublicFinances1800-2023
1978.0,Health6,,7506.0,-,PublicFinances1800-2023
1978.0,Income tax1,LIBR-MS62,19214.0,5,PublicFinances1800-2023
1978.0,"Index, base year = 100",MM23,197.1,13.5,PublicFinances1800-2023
1978.0,Land and Assessed Taxes,,,5,PublicFinances1800-2023
1978.0,License fee receipts,DH7A,337.0,-,PublicFinances1800-2023
1978.0,National Accounts Taxes,GCSU,58432.0,-,PublicFinances1800-2023
1978.0,National Insurance Contributions1,AIIH,10238.0,-,PublicFinances1800-2023
1978.0,"Nominal GDP (March-centred, £m)4","Nominal GDP (March-centred, £m)4",210106.0,393,PublicFinances1800-2023
1978.0,Nominal GDP (£m)3,Nominal GDP (£m)3,192400.0,355,PublicFinances1800-2023
1978.0,Other Central Government Receipts6,Residual,10004.0,3,PublicFinances1800-2023
1978.0,Other Public Sector Spending10 ,,33039.0,-,PublicFinances1800-2023
1978.0,Other business taxes1,KIH3 + N43V,,-,PublicFinances1800-2023
1978.0,Other public sector taxes and receipts8,Residual,10377.0,-,PublicFinances1800-2023
1978.0,Petroleum Revenue tax (includes supplementary petroleum duty)3,ACCJ,183.0,-,PublicFinances1800-2023
1978.0,Petroleum royalties3,,289.0,-,PublicFinances1800-2023
1978.0,Public sector gross investment4,JW2Z + JW2S,13598.0,-,PublicFinances1800-2023
1978.0,"Public sector net borrowing
(PSNB)1","Public sector net borrowing
(PSNB)1",8685.0,21,PublicFinances1800-2023
1978.0,Public sector net debt (PSND)2,Public sector net debt (PSND)2,88600.0,508,PublicFinances1800-2023
1978.0,Social Security7,,16376.0,-,PublicFinances1800-2023
1978.0,Stamp duties,GTBC,434.0,3,PublicFinances1800-2023
1978.0,Total Central Government spending1,ANLP + ANNS + NSRN,63630.0,50,PublicFinances1800-2023
1978.0,Unit,Source dataset ID,1978.0,1800,PublicFinances1800-2023
1978.0,VAT (Purchase tax prior to 1973)4,NZGF,5060.0,-,PublicFinances1800-2023
1978.0,Years,Years,,1800-01,PublicFinances1800-2023
1978.0,o/w non-pensioners,,6737.0,-,PublicFinances1800-2023
1978.0,o/w pensioners,,9639.0,-,PublicFinances1800-2023
1979.0,Business rates,CUKY,,-,PublicFinances1800-2023
1979.0,Capital Gains Tax1,MS62,431.0,-,PublicFinances1800-2023
1979.0,Corporation tax (profits taxes prior to 1966-67)2,CPRN,4646.0,-,PublicFinances1800-2023
1979.0,Council Tax (community charge and domestic rates prior to 1993),NMHM,2921.0,-,PublicFinances1800-2023
1979.0,Current spending3,JW2Q,79600.0,-,PublicFinances1800-2023
1979.0,Custom and excise duties5,CUDG+GTAO+MF6V+ EKED+CDDZ+CWAA,8830.0,18,PublicFinances1800-2023
1979.0,Death duties/Inheritance tax,ACCH,435.0,-,PublicFinances1800-2023
1979.0,Debt Interest9,NMFX,6915.0,14,PublicFinances1800-2023
1979.0,Defence5,,9499.0,32,PublicFinances1800-2023
1979.0,Education8,,10912.0,-,PublicFinances1800-2023
1979.0,Energy profits levy,JIS6,,-,PublicFinances1800-2023
1979.0,Gas Levy3,,,-,PublicFinances1800-2023
1979.0,Health6,,8956.0,-,PublicFinances1800-2023
1979.0,Income tax1,LIBR-MS62,21568.0,5,PublicFinances1800-2023
1979.0,"Index, base year = 100",MM23,223.5,13.5,PublicFinances1800-2023
1979.0,Land and Assessed Taxes,,,5,PublicFinances1800-2023
1979.0,License fee receipts,DH7A,427.0,-,PublicFinances1800-2023
1979.0,National Accounts Taxes,GCSU,72543.0,-,PublicFinances1800-2023
1979.0,National Insurance Contributions1,AIIH,12020.0,-,PublicFinances1800-2023
1979.0,"Nominal GDP (March-centred, £m)4","Nominal GDP (March-centred, £m)4",251372.0,393,PublicFinances1800-2023
1979.0,Nominal GDP (£m)3,Nominal GDP (£m)3,232651.0,355,PublicFinances1800-2023
1979.0,Other Central Government Receipts6,Residual,12608.0,3,PublicFinances1800-2023
1979.0,Other Public Sector Spending10 ,,39678.0,-,PublicFinances1800-2023
1979.0,Other business taxes1,KIH3 + N43V,,-,PublicFinances1800-2023
1979.0,Other public sector taxes and receipts8,Residual,11519.0,-,PublicFinances1800-2023
1979.0,Petroleum Revenue tax (includes supplementary petroleum duty)3,ACCJ,1435.0,-,PublicFinances1800-2023
1979.0,Petroleum royalties3,,,-,PublicFinances1800-2023
1979.0,Public sector gross investment4,JW2Z + JW2S,15732.0,-,PublicFinances1800-2023
1979.0,"Public sector net borrowing
(PSNB)1","Public sector net borrowing
(PSNB)1",8546.0,21,PublicFinances1800-2023
1979.0,Public sector net debt (PSND)2,Public sector net debt (PSND)2,98200.0,508,PublicFinances1800-2023
1979.0,Social Security7,,19372.0,-,PublicFinances1800-2023
1979.0,Stamp duties,GTBC,622.0,3,PublicFinances1800-2023
1979.0,Total Central Government spending1,ANLP + ANNS + NSRN,75849.0,50,PublicFinances1800-2023
1979.0,Unit,Source dataset ID,1979.0,1800,PublicFinances1800-2023
1979.0,VAT (Purchase tax prior to 1973)4,NZGF,9642.0,-,PublicFinances1800-2023
1979.0,Years,Years,,1800-01,PublicFinances1800-2023
1979.0,o/w non-pensioners,,8262.0,-,PublicFinances1800-2023
1979.0,o/w pensioners,,11110.0,-,PublicFinances1800-2023
1980.0,Business rates,CUKY,,-,PublicFinances1800-2023
1980.0,Capital Gains Tax1,MS62,508.0,-,PublicFinances1800-2023
1980.0,Corporation tax (profits taxes prior to 1966-67)2,CPRN,4645.0,-,PublicFinances1800-2023
1980.0,Council Tax (community charge and domestic rates prior to 1993),NMHM,3755.0,-,PublicFinances1800-2023
1980.0,Current spending3,JW2Q,96846.0,-,PublicFinances1800-2023
1980.0,Custom and excise duties5,CUDG+GTAO+MF6V+ EKED+CDDZ+CWAA,9935.0,18,PublicFinances1800-2023
1980.0,Death duties/Inheritance tax,ACCH,452.0,-,PublicFinances1800-2023
1980.0,Debt Interest9,NMFX,8674.0,14,PublicFinances1800-2023
1980.0,Defence5,,11622.0,32,PublicFinances1800-2023
1980.0,Education8,,13302.0,-,PublicFinances1800-2023
1980.0,Energy profits levy,JIS6,,-,PublicFinances1800-2023
1980.0,Gas Levy3,,129.0,-,PublicFinances1800-2023
1980.0,Health6,,11037.0,-,PublicFinances1800-2023
1980.0,Income tax1,LIBR-MS62,25506.0,5,PublicFinances1800-2023
1980.0,"Index, base year = 100",MM23,263.7,13.5,PublicFinances1800-2023
1980.0,Land and Assessed Taxes,,,5,PublicFinances1800-2023
1980.0,License fee receipts,DH7A,533.0,-,PublicFinances1800-2023
1980.0,National Accounts Taxes,GCSU,85908.0,-,PublicFinances1800-2023
1980.0,National Insurance Contributions1,AIIH,14400.0,-,PublicFinances1800-2023
1980.0,"Nominal GDP (March-centred, £m)4","Nominal GDP (March-centred, £m)4",282242.0,393,PublicFinances1800-2023
1980.0,Nominal GDP (£m)3,Nominal GDP (£m)3,267589.0,355,PublicFinances1800-2023
1980.0,Other Central Government Receipts6,Residual,15070.0,3,PublicFinances1800-2023
1980.0,Other Public Sector Spending10 ,,46719.0,-,PublicFinances1800-2023
1980.0,Other business taxes1,KIH3 + N43V,,-,PublicFinances1800-2023
1980.0,Other public sector taxes and receipts8,Residual,13703.0,-,PublicFinances1800-2023
1980.0,Petroleum Revenue tax (includes supplementary petroleum duty)3,ACCJ,2410.0,-,PublicFinances1800-2023
1980.0,Petroleum royalties3,,,-,PublicFinances1800-2023
1980.0,Public sector gross investment4,JW2Z + JW2S,17885.0,-,PublicFinances1800-2023
1980.0,"Public sector net borrowing
(PSNB)1","Public sector net borrowing
(PSNB)1",11537.0,21,PublicFinances1800-2023
1980.0,Public sector net debt (PSND)2,Public sector net debt (PSND)2,113800.0,508,PublicFinances1800-2023
1980.0,Social Security7,,23376.0,-,PublicFinances1800-2023
1980.0,Stamp duties,GTBC,641.0,3,PublicFinances1800-2023
1980.0,Total Central Government spending1,ANLP + ANNS + NSRN,92837.0,50,PublicFinances1800-2023
1980.0,Unit,Source dataset ID,1980.0,1800,PublicFinances1800-2023
1980.0,VAT (Purchase tax prior to 1973)4,NZGF,11830.0,-,PublicFinances1800-2023
1980.0,Years,Years,,1800-01,PublicFinances1800-2023
1980.0,o/w non-pensioners,,10073.0,-,PublicFinances1800-2023
1980.0,o/w pensioners,,13303.0,-,PublicFinances1800-2023
1981.0,Business rates,CUKY,,-,PublicFinances1800-2023
1981.0,Capital Gains Tax1,MS62,526.0,-,PublicFinances1800-2023
1981.0,Corporation tax (profits taxes prior to 1966-67)2,CPRN,4930.0,-,PublicFinances1800-2023
1981.0,Council Tax (community charge and domestic rates prior to 1993),NMHM,4524.0,-,PublicFinances1800-2023
1981.0,Current spending3,JW2Q,110820.0,-,PublicFinances1800-2023
1981.0,Custom and excise duties5,CUDG+GTAO+MF6V+ EKED+CDDZ+CWAA,12667.0,18,PublicFinances1800-2023
1981.0,Death duties/Inheritance tax,ACCH,497.0,-,PublicFinances1800-2023
1981.0,Debt Interest9,NMFX,10623.0,14,PublicFinances1800-2023
1981.0,Defence5,,12935.0,32,PublicFinances1800-2023
1981.0,Education8,,14445.0,-,PublicFinances1800-2023
1981.0,Energy profits levy,JIS6,,-,PublicFinances1800-2023
1981.0,Gas Levy3,,394.0,-,PublicFinances1800-2023
1981.0,Health6,,12478.0,-,PublicFinances1800-2023
1981.0,Income tax1,LIBR-MS62,31807.0,5,PublicFinances1800-2023
1981.0,"Index, base year = 100",MM23,295.0,13.5,PublicFinances1800-2023
1981.0,Land and Assessed Taxes,,,5,PublicFinances1800-2023
1981.0,License fee receipts,DH7A,602.0,-,PublicFinances1800-2023
1981.0,National Accounts Taxes,GCSU,101480.0,-,PublicFinances1800-2023
1981.0,National Insurance Contributions1,AIIH,16477.0,-,PublicFinances1800-2023
1981.0,"Nominal GDP (March-centred, £m)4","Nominal GDP (March-centred, £m)4",312915.0,393,PublicFinances1800-2023
1981.0,Nominal GDP (£m)3,Nominal GDP (£m)3,298340.0,355,PublicFinances1800-2023
1981.0,Other Central Government Receipts6,Residual,15053.0,3,PublicFinances1800-2023
1981.0,Other Public Sector Spending10 ,,49096.0,-,PublicFinances1800-2023
1981.0,Other business taxes1,KIH3 + N43V,,-,PublicFinances1800-2023
1981.0,Other public sector taxes and receipts8,Residual,17010.0,-,PublicFinances1800-2023
1981.0,Petroleum Revenue tax (includes supplementary petroleum duty)3,ACCJ,4415.0,-,PublicFinances1800-2023
1981.0,Petroleum royalties3,,,-,PublicFinances1800-2023
1981.0,Public sector gross investment4,JW2Z + JW2S,17334.0,-,PublicFinances1800-2023
1981.0,"Public sector net borrowing
(PSNB)1","Public sector net borrowing
(PSNB)1",5999.0,21,PublicFinances1800-2023
1981.0,Public sector net debt (PSND)2,Public sector net debt (PSND)2,125200.0,508,PublicFinances1800-2023
1981.0,Social Security7,,28577.0,-,PublicFinances1800-2023
1981.0,Stamp duties,GTBC,797.0,3,PublicFinances1800-2023
1981.0,Total Central Government spending1,ANLP + ANNS + NSRN,109378.0,50,PublicFinances1800-2023
1981.0,Unit,Source dataset ID,1981.0,1800,PublicFinances1800-2023
1981.0,VAT (Purchase tax prior to 1973)4,NZGF,12825.0,-,PublicFinances1800-2023
1981.0,Years,Years,,1800-01,PublicFinances1800-2023
1981.0,o/w non-pensioners,,12827.0,-,PublicFinances1800-2023
1981.0,o/w pensioners,,15750.0,-,PublicFinances1800-2023
1982.0,Business rates,CUKY,,-,PublicFinances1800-2023
1982.0,Capital Gains Tax1,MS62,632.0,-,PublicFinances1800-2023
1982.0,Corporation tax (profits taxes prior to 1966-67)2,CPRN,5679.0,-,PublicFinances1800-2023
1982.0,Council Tax (community charge and domestic rates prior to 1993),NMHM,5178.0,-,PublicFinances1800-2023
1982.0,Current spending3,JW2Q,121643.0,-,PublicFinances1800-2023
1982.0,Custom and excise duties5,CUDG+GTAO+MF6V+ EKED+CDDZ+CWAA,13696.0,18,PublicFinances1800-2023
1982.0,Death duties/Inheritance tax,ACCH,511.0,-,PublicFinances1800-2023
1982.0,Debt Interest9,NMFX,12008.0,14,PublicFinances1800-2023
1982.0,Defence5,,14754.0,32,PublicFinances1800-2023
1982.0,Education8,,15588.0,-,PublicFinances1800-2023
1982.0,Energy profits levy,JIS6,,-,PublicFinances1800-2023
1982.0,Gas Levy3,,524.0,-,PublicFinances1800-2023
1982.0,Health6,,13522.0,-,PublicFinances1800-2023
1982.0,Income tax1,LIBR-MS62,33506.0,5,PublicFinances1800-2023
1982.0,"Index, base year = 100",MM23,320.4,13.5,PublicFinances1800-2023
1982.0,Land and Assessed Taxes,,,5,PublicFinances1800-2023
1982.0,License fee receipts,DH7A,740.0,-,PublicFinances1800-2023
1982.0,National Accounts Taxes,GCSU,110421.0,-,PublicFinances1800-2023
1982.0,National Insurance Contributions1,AIIH,18732.0,-,PublicFinances1800-2023
1982.0,"Nominal GDP (March-centred, £m)4","Nominal GDP (March-centred, £m)4",342781.0,393,PublicFinances1800-2023
1982.0,Nominal GDP (£m)3,Nominal GDP (£m)3,327518.0,355,PublicFinances1800-2023
1982.0,Other Central Government Receipts6,Residual,14306.0,3,PublicFinances1800-2023
1982.0,Other Public Sector Spending10 ,,53124.0,-,PublicFinances1800-2023
1982.0,Other business taxes1,KIH3 + N43V,,-,PublicFinances1800-2023
1982.0,Other public sector taxes and receipts8,Residual,18806.0,-,PublicFinances1800-2023
1982.0,Petroleum Revenue tax (includes supplementary petroleum duty)3,ACCJ,5669.0,-,PublicFinances1800-2023
1982.0,Petroleum royalties3,,,-,PublicFinances1800-2023
1982.0,Public sector gross investment4,JW2Z + JW2S,19985.0,-,PublicFinances1800-2023
1982.0,"Public sector net borrowing
(PSNB)1","Public sector net borrowing
(PSNB)1",8542.0,21,PublicFinances1800-2023
1982.0,Public sector net debt (PSND)2,Public sector net debt (PSND)2,132500.0,508,PublicFinances1800-2023
1982.0,Social Security7,,32631.0,-,PublicFinances1800-2023
1982.0,Stamp duties,GTBC,873.0,3,PublicFinances1800-2023
1982.0,Total Central Government spending1,ANLP + ANNS + NSRN,117455.0,50,PublicFinances1800-2023
1982.0,Unit,Source dataset ID,1982.0,1800,PublicFinances1800-2023
1982.0,VAT (Purchase tax prior to 1973)4,NZGF,14767.0,-,PublicFinances1800-2023
1982.0,Years,Years,,1800-01,PublicFinances1800-2023
1982.0,o/w non-pensioners,,14943.0,-,PublicFinances1800-2023
1982.0,o/w pensioners,,17688.0,-,PublicFinances1800-2023
1983.0,Business rates,CUKY,,-,PublicFinances1800-2023
1983.0,Capital Gains Tax1,MS62,671.0,-,PublicFinances1800-2023
1983.0,Corporation tax (profits taxes prior to 1966-67)2,CPRN,6184.0,-,PublicFinances1800-2023
1983.0,Council Tax (community charge and domestic rates prior to 1993),NMHM,4956.0,-,PublicFinances1800-2023
1983.0,Current spending3,JW2Q,131273.0,-,PublicFinances1800-2023
1983.0,Custom and excise duties5,CUDG+GTAO+MF6V+ EKED+CDDZ+CWAA,15073.0,18,PublicFinances1800-2023
1983.0,Death duties/Inheritance tax,ACCH,608.0,-,PublicFinances1800-2023
1983.0,Debt Interest9,NMFX,12885.0,14,PublicFinances1800-2023
1983.0,Defence5,,15866.0,32,PublicFinances1800-2023
1983.0,Education8,,16420.0,-,PublicFinances1800-2023
1983.0,Energy profits levy,JIS6,,-,PublicFinances1800-2023
1983.0,Gas Levy3,,528.0,-,PublicFinances1800-2023
1983.0,Health6,,14457.0,-,PublicFinances1800-2023
1983.0,Income tax1,LIBR-MS62,32453.0,5,PublicFinances1800-2023
1983.0,"Index, base year = 100",MM23,335.1,13.5,PublicFinances1800-2023
1983.0,Land and Assessed Taxes,,,5,PublicFinances1800-2023
1983.0,License fee receipts,DH7A,759.0,-,PublicFinances1800-2023
1983.0,National Accounts Taxes,GCSU,118310.0,-,PublicFinances1800-2023
1983.0,National Insurance Contributions1,AIIH,21336.0,-,PublicFinances1800-2023
1983.0,"Nominal GDP (March-centred, £m)4","Nominal GDP (March-centred, £m)4",369934.0,393,PublicFinances1800-2023
1983.0,Nominal GDP (£m)3,Nominal GDP (£m)3,358116.0,355,PublicFinances1800-2023
1983.0,Other Central Government Receipts6,Residual,16507.0,3,PublicFinances1800-2023
1983.0,Other Public Sector Spending10 ,,57329.0,-,PublicFinances1800-2023
1983.0,Other business taxes1,KIH3 + N43V,,-,PublicFinances1800-2023
1983.0,Other public sector taxes and receipts8,Residual,19434.0,-,PublicFinances1800-2023
1983.0,Petroleum Revenue tax (includes supplementary petroleum duty)3,ACCJ,6017.0,-,PublicFinances1800-2023
1983.0,Petroleum royalties3,,,-,PublicFinances1800-2023
1983.0,Public sector gross investment4,JW2Z + JW2S,22136.0,-,PublicFinances1800-2023
1983.0,"Public sector net borrowing
(PSNB)1","Public sector net borrowing
(PSNB)1",11802.0,21,PublicFinances1800-2023
1983.0,Public sector net debt (PSND)2,Public sector net debt (PSND)2,143600.0,508,PublicFinances1800-2023
1983.0,Social Security7,,36452.0,-,PublicFinances1800-2023
1983.0,Stamp duties,GTBC,1138.0,3,PublicFinances1800-2023
1983.0,Total Central Government spending1,ANLP + ANNS + NSRN,127289.0,50,PublicFinances1800-2023
1983.0,Unit,Source dataset ID,1983.0,1800,PublicFinances1800-2023
1983.0,VAT (Purchase tax prior to 1973)4,NZGF,16456.0,-,PublicFinances1800-2023
1983.0,Years,Years,,1800-01,PublicFinances1800-2023
1983.0,o/w non-pensioners,,17230.0,-,PublicFinances1800-2023
1983.0,o/w pensioners,,19222.0,-,PublicFinances1800-2023
1984.0,Business rates,CUKY,,-,PublicFinances1800-2023
1984.0,Capital Gains Tax1,MS62,730.0,-,PublicFinances1800-2023
1984.0,Corporation tax (profits taxes prior to 1966-67)2,CPRN,8341.0,-,PublicFinances1800-2023
1984.0,Council Tax (community charge and domestic rates prior to 1993),NMHM,5314.0,-,PublicFinances1800-2023
1984.0,Current spending3,JW2Q,141970.0,-,PublicFinances1800-2023
1984.0,Custom and excise duties5,CUDG+GTAO+MF6V+ EKED+CDDZ+CWAA,16311.0,18,PublicFinances1800-2023
1984.0,Death duties/Inheritance tax,ACCH,664.0,-,PublicFinances1800-2023
1984.0,Debt Interest9,NMFX,14884.0,14,PublicFinances1800-2023
1984.0,Defence5,,17584.0,32,PublicFinances1800-2023
1984.0,Education8,,17043.0,-,PublicFinances1800-2023
1984.0,Energy profits levy,JIS6,,-,PublicFinances1800-2023
1984.0,Gas Levy3,,504.0,-,PublicFinances1800-2023
1984.0,Health6,,15373.0,-,PublicFinances1800-2023
1984.0,Income tax1,LIBR-MS62,34087.0,5,PublicFinances1800-2023
1984.0,"Index, base year = 100",MM23,351.8,13.5,PublicFinances1800-2023
1984.0,Land and Assessed Taxes,,,5,PublicFinances1800-2023
1984.0,License fee receipts,DH7A,775.0,-,PublicFinances1800-2023
1984.0,National Accounts Taxes,GCSU,129747.0,-,PublicFinances1800-2023
1984.0,National Insurance Contributions1,AIIH,22748.0,-,PublicFinances1800-2023
1984.0,"Nominal GDP (March-centred, £m)4","Nominal GDP (March-centred, £m)4",405823.0,393,PublicFinances1800-2023
1984.0,Nominal GDP (£m)3,Nominal GDP (£m)3,386018.0,355,PublicFinances1800-2023
1984.0,Other Central Government Receipts6,Residual,17219.0,3,PublicFinances1800-2023
1984.0,Other Public Sector Spending10 ,,59703.0,-,PublicFinances1800-2023
1984.0,Other business taxes1,KIH3 + N43V,,-,PublicFinances1800-2023
1984.0,Other public sector taxes and receipts8,Residual,17058.0,-,PublicFinances1800-2023
1984.0,Petroleum Revenue tax (includes supplementary petroleum duty)3,ACCJ,7177.0,-,PublicFinances1800-2023
1984.0,Petroleum royalties3,,,-,PublicFinances1800-2023
1984.0,Public sector gross investment4,JW2Z + JW2S,22081.0,-,PublicFinances1800-2023
1984.0,"Public sector net borrowing
(PSNB)1","Public sector net borrowing
(PSNB)1",12535.0,21,PublicFinances1800-2023
1984.0,Public sector net debt (PSND)2,Public sector net debt (PSND)2,157000.0,508,PublicFinances1800-2023
1984.0,Social Security7,,39464.0,-,PublicFinances1800-2023
1984.0,Stamp duties,GTBC,911.0,3,PublicFinances1800-2023
1984.0,Total Central Government spending1,ANLP + ANNS + NSRN,137337.0,50,PublicFinances1800-2023
1984.0,Unit,Source dataset ID,1984.0,1800,PublicFinances1800-2023
1984.0,VAT (Purchase tax prior to 1973)4,NZGF,20301.0,-,PublicFinances1800-2023
1984.0,Years,Years,,1800-01,PublicFinances1800-2023
1984.0,o/w non-pensioners,,18984.0,-,PublicFinances1800-2023
1984.0,o/w pensioners,,20480.0,-,PublicFinances1800-2023
1985.0,Business rates,CUKY,,-,PublicFinances1800-2023
1985.0,Capital Gains Tax1,MS62,908.0,-,PublicFinances1800-2023
1985.0,Corporation tax (profits taxes prior to 1966-67)2,CPRN,10708.0,-,PublicFinances1800-2023
1985.0,Council Tax (community charge and domestic rates prior to 1993),NMHM,5834.0,-,PublicFinances1800-2023
1985.0,Current spending3,JW2Q,150543.0,-,PublicFinances1800-2023
1985.0,Custom and excise duties5,CUDG+GTAO+MF6V+ EKED+CDDZ+CWAA,17192.0,18,PublicFinances1800-2023
1985.0,Death duties/Inheritance tax,ACCH,888.0,-,PublicFinances1800-2023
1985.0,Debt Interest9,NMFX,16197.0,14,PublicFinances1800-2023
1985.0,Defence5,,18393.0,32,PublicFinances1800-2023
1985.0,Education8,,17563.0,-,PublicFinances1800-2023
1985.0,Energy profits levy,JIS6,,-,PublicFinances1800-2023
1985.0,Gas Levy3,,520.0,-,PublicFinances1800-2023
1985.0,Health6,,16477.0,-,PublicFinances1800-2023
1985.0,Income tax1,LIBR-MS62,36552.0,5,PublicFinances1800-2023
1985.0,"Index, base year = 100",MM23,373.2,13.5,PublicFinances1800-2023
1985.0,Land and Assessed Taxes,,,5,PublicFinances1800-2023
1985.0,License fee receipts,DH7A,979.0,-,PublicFinances1800-2023
1985.0,National Accounts Taxes,GCSU,138577.0,-,PublicFinances1800-2023
1985.0,National Insurance Contributions1,AIIH,24639.0,-,PublicFinances1800-2023
1985.0,"Nominal GDP (March-centred, £m)4","Nominal GDP (March-centred, £m)4",438305.0,393,PublicFinances1800-2023
1985.0,Nominal GDP (£m)3,Nominal GDP (£m)3,423777.0,355,PublicFinances1800-2023
1985.0,Other Central Government Receipts6,Residual,18298.0,3,PublicFinances1800-2023
1985.0,Other Public Sector Spending10 ,,59539.0,-,PublicFinances1800-2023
1985.0,Other business taxes1,KIH3 + N43V,,-,PublicFinances1800-2023
1985.0,Other public sector taxes and receipts8,Residual,18119.0,-,PublicFinances1800-2023
1985.0,Petroleum Revenue tax (includes supplementary petroleum duty)3,ACCJ,6375.0,-,PublicFinances1800-2023
1985.0,Petroleum royalties3,,,-,PublicFinances1800-2023
1985.0,Public sector gross investment4,JW2Z + JW2S,20718.0,-,PublicFinances1800-2023
1985.0,"Public sector net borrowing
(PSNB)1","Public sector net borrowing
(PSNB)1",9034.0,21,PublicFinances1800-2023
1985.0,Public sector net debt (PSND)2,Public sector net debt (PSND)2,162500.0,508,PublicFinances1800-2023
1985.0,Social Security7,,43092.0,-,PublicFinances1800-2023
1985.0,Stamp duties,GTBC,1226.0,3,PublicFinances1800-2023
1985.0,Total Central Government spending1,ANLP + ANNS + NSRN,145364.0,50,PublicFinances1800-2023
1985.0,Unit,Source dataset ID,1985.0,1800,PublicFinances1800-2023
1985.0,VAT (Purchase tax prior to 1973)4,NZGF,20986.0,-,PublicFinances1800-2023
1985.0,Years,Years,,1800-01,PublicFinances1800-2023
1985.0,o/w non-pensioners,,20618.0,-,PublicFinances1800-2023
1985.0,o/w pensioners,,22474.0,-,PublicFinances1800-2023
1986.0,Business rates,CUKY,,-,PublicFinances1800-2023
1986.0,Capital Gains Tax1,MS62,1064.0,-,PublicFinances1800-2023
1986.0,Corporation tax (profits taxes prior to 1966-67)2,CPRN,13495.0,-,PublicFinances1800-2023
1986.0,Council Tax (community charge and domestic rates prior to 1993),NMHM,6746.0,-,PublicFinances1800-2023
1986.0,Current spending3,JW2Q,158745.0,-,PublicFinances1800-2023
1986.0,Custom and excise duties5,CUDG+GTAO+MF6V+ EKED+CDDZ+CWAA,18545.0,18,PublicFinances1800-2023
1986.0,Death duties/Inheritance tax,ACCH,995.0,-,PublicFinances1800-2023
1986.0,Debt Interest9,NMFX,17069.0,14,PublicFinances1800-2023
1986.0,Defence5,,18595.0,32,PublicFinances1800-2023
1986.0,Education8,,19329.0,-,PublicFinances1800-2023
1986.0,Energy profits levy,JIS6,,-,PublicFinances1800-2023
1986.0,Gas Levy3,,504.0,-,PublicFinances1800-2023
1986.0,Health6,,17899.0,-,PublicFinances1800-2023
1986.0,Income tax1,LIBR-MS62,38943.0,5,PublicFinances1800-2023
1986.0,"Index, base year = 100",MM23,385.9,13.5,PublicFinances1800-2023
1986.0,Land and Assessed Taxes,,,5,PublicFinances1800-2023
1986.0,License fee receipts,DH7A,1021.0,-,PublicFinances1800-2023
1986.0,National Accounts Taxes,GCSU,147979.0,-,PublicFinances1800-2023
1986.0,National Insurance Contributions1,AIIH,26687.0,-,PublicFinances1800-2023
1986.0,"Nominal GDP (March-centred, £m)4","Nominal GDP (March-centred, £m)4",482008.0,393,PublicFinances1800-2023
1986.0,Nominal GDP (£m)3,Nominal GDP (£m)3,455595.0,355,PublicFinances1800-2023
1986.0,Other Central Government Receipts6,Residual,18238.0,3,PublicFinances1800-2023
1986.0,Other Public Sector Spending10 ,,59242.0,-,PublicFinances1800-2023
1986.0,Other business taxes1,KIH3 + N43V,,-,PublicFinances1800-2023
1986.0,Other public sector taxes and receipts8,Residual,18390.0,-,PublicFinances1800-2023
1986.0,Petroleum Revenue tax (includes supplementary petroleum duty)3,ACCJ,1188.0,-,PublicFinances1800-2023
1986.0,Petroleum royalties3,,,-,PublicFinances1800-2023
1986.0,Public sector gross investment4,JW2Z + JW2S,19731.0,-,PublicFinances1800-2023
1986.0,"Public sector net borrowing
(PSNB)1","Public sector net borrowing
(PSNB)1",8740.0,21,PublicFinances1800-2023
1986.0,Public sector net debt (PSND)2,Public sector net debt (PSND)2,167800.0,508,PublicFinances1800-2023
1986.0,Social Security7,,46342.0,-,PublicFinances1800-2023
1986.0,Stamp duties,GTBC,1860.0,3,PublicFinances1800-2023
1986.0,Total Central Government spending1,ANLP + ANNS + NSRN,152879.0,50,PublicFinances1800-2023
1986.0,Unit,Source dataset ID,1986.0,1800,PublicFinances1800-2023
1986.0,VAT (Purchase tax prior to 1973)4,NZGF,23621.0,-,PublicFinances1800-2023
1986.0,Years,Years,,1800-01,PublicFinances1800-2023
1986.0,o/w non-pensioners,,22116.0,-,PublicFinances1800-2023
1986.0,o/w pensioners,,24225.0,-,PublicFinances1800-2023
1987.0,Business rates,CUKY,,-,PublicFinances1800-2023
1987.0,Capital Gains Tax1,MS62,1379.0,-,PublicFinances1800-2023
1987.0,Corporation tax (profits taxes prior to 1966-67)2,CPRN,15734.0,-,PublicFinances1800-2023
1987.0,Council Tax (community charge and domestic rates prior to 1993),NMHM,7409.0,-,PublicFinances1800-2023
1987.0,Current spending3,JW2Q,170354.0,-,PublicFinances1800-2023
1987.0,Custom and excise duties5,CUDG+GTAO+MF6V+ EKED+CDDZ+CWAA,19467.0,18,PublicFinances1800-2023
1987.0,Death duties/Inheritance tax,ACCH,1078.0,-,PublicFinances1800-2023
1987.0,Debt Interest9,NMFX,18604.0,14,PublicFinances1800-2023
1987.0,Defence5,,19100.0,32,PublicFinances1800-2023
1987.0,Education8,,21200.0,-,PublicFinances1800-2023
1987.0,Energy profits levy,JIS6,,-,PublicFinances1800-2023
1987.0,Gas Levy3,,469.0,-,PublicFinances1800-2023
1987.0,Health6,,20510.0,-,PublicFinances1800-2023
1987.0,Income tax1,LIBR-MS62,42023.0,5,PublicFinances1800-2023
1987.0,"Index, base year = 100",MM23,402.0,13.5,PublicFinances1800-2023
1987.0,Land and Assessed Taxes,,,5,PublicFinances1800-2023
1987.0,License fee receipts,DH7A,1080.0,-,PublicFinances1800-2023
1987.0,National Accounts Taxes,GCSU,161997.0,-,PublicFinances1800-2023
1987.0,National Insurance Contributions1,AIIH,28140.0,-,PublicFinances1800-2023
1987.0,"Nominal GDP (March-centred, £m)4","Nominal GDP (March-centred, £m)4",541097.0,393,PublicFinances1800-2023
1987.0,Nominal GDP (£m)3,Nominal GDP (£m)3,511862.0,355,PublicFinances1800-2023
1987.0,Other Central Government Receipts6,Residual,20044.0,3,PublicFinances1800-2023
1987.0,Other Public Sector Spending10 ,,62372.0,-,PublicFinances1800-2023
1987.0,Other business taxes1,KIH3 + N43V,,-,PublicFinances1800-2023
1987.0,Other public sector taxes and receipts8,Residual,18366.0,-,PublicFinances1800-2023
1987.0,Petroleum Revenue tax (includes supplementary petroleum duty)3,ACCJ,2296.0,-,PublicFinances1800-2023
1987.0,Petroleum royalties3,,,-,PublicFinances1800-2023
1987.0,Public sector gross investment4,JW2Z + JW2S,19613.0,-,PublicFinances1800-2023
1987.0,"Public sector net borrowing
(PSNB)1","Public sector net borrowing
(PSNB)1",5074.0,21,PublicFinances1800-2023
1987.0,Public sector net debt (PSND)2,Public sector net debt (PSND)2,167400.0,508,PublicFinances1800-2023
1987.0,Social Security7,,48181.0,-,PublicFinances1800-2023
1987.0,Stamp duties,GTBC,2440.0,3,PublicFinances1800-2023
1987.0,Total Central Government spending1,ANLP + ANNS + NSRN,163222.0,50,PublicFinances1800-2023
1987.0,Unit,Source dataset ID,1987.0,1800,PublicFinances1800-2023
1987.0,VAT (Purchase tax prior to 1973)4,NZGF,26313.0,-,PublicFinances1800-2023
1987.0,Years,Years,,1800-01,PublicFinances1800-2023
1987.0,o/w non-pensioners,,22536.0,-,PublicFinances1800-2023
1987.0,o/w pensioners,,25646.0,-,PublicFinances1800-2023
1988.0,Business rates,CUKY,,-,PublicFinances1800-2023
1988.0,Capital Gains Tax1,MS62,2323.0,-,PublicFinances1800-2023
1988.0,Corporation tax (profits taxes prior to 1966-67)2,CPRN,18537.0,-,PublicFinances1800-2023
1988.0,Council Tax (community charge and domestic rates prior to 1993),NMHM,8668.0,-,PublicFinances1800-2023
1988.0,Current spending3,JW2Q,177247.0,-,PublicFinances1800-2023
1988.0,Custom and excise duties5,CUDG+GTAO+MF6V+ EKED+CDDZ+CWAA,20659.0,18,PublicFinances1800-2023
1988.0,Death duties/Inheritance tax,ACCH,1071.0,-,PublicFinances1800-2023
1988.0,Debt Interest9,NMFX,18941.0,14,PublicFinances1800-2023
1988.0,Defence5,,19400.0,32,PublicFinances1800-2023
1988.0,Education8,,23100.0,-,PublicFinances1800-2023
1988.0,Energy profits levy,JIS6,,-,PublicFinances1800-2023
1988.0,Gas Levy3,,377.0,-,PublicFinances1800-2023
1988.0,Health6,,22684.0,-,PublicFinances1800-2023
1988.0,Income tax1,LIBR-MS62,44313.0,5,PublicFinances1800-2023
1988.0,"Index, base year = 100",MM23,421.7,13.5,PublicFinances1800-2023
1988.0,Land and Assessed Taxes,,,5,PublicFinances1800-2023
1988.0,License fee receipts,DH7A,1150.0,-,PublicFinances1800-2023
1988.0,National Accounts Taxes,GCSU,177701.0,-,PublicFinances1800-2023
1988.0,National Insurance Contributions1,AIIH,31517.0,-,PublicFinances1800-2023
1988.0,"Nominal GDP (March-centred, £m)4","Nominal GDP (March-centred, £m)4",600032.0,393,PublicFinances1800-2023
1988.0,Nominal GDP (£m)3,Nominal GDP (£m)3,570572.0,355,PublicFinances1800-2023
1988.0,Other Central Government Receipts6,Residual,21293.0,3,PublicFinances1800-2023
1988.0,Other Public Sector Spending10 ,,63887.0,-,PublicFinances1800-2023
1988.0,Other business taxes1,KIH3 + N43V,,-,PublicFinances1800-2023
1988.0,Other public sector taxes and receipts8,Residual,20541.0,-,PublicFinances1800-2023
1988.0,Petroleum Revenue tax (includes supplementary petroleum duty)3,ACCJ,1371.0,-,PublicFinances1800-2023
1988.0,Petroleum royalties3,,,-,PublicFinances1800-2023
1988.0,Public sector gross investment4,JW2Z + JW2S,19583.0,-,PublicFinances1800-2023
1988.0,"Public sector net borrowing
(PSNB)1","Public sector net borrowing
(PSNB)1",-5530.0,21,PublicFinances1800-2023
1988.0,Public sector net debt (PSND)2,Public sector net debt (PSND)2,153700.0,508,PublicFinances1800-2023
1988.0,Social Security7,,48818.0,-,PublicFinances1800-2023
1988.0,Stamp duties,GTBC,2255.0,3,PublicFinances1800-2023
1988.0,Total Central Government spending1,ANLP + ANNS + NSRN,168318.0,50,PublicFinances1800-2023
1988.0,Unit,Source dataset ID,1988.0,1800,PublicFinances1800-2023
1988.0,VAT (Purchase tax prior to 1973)4,NZGF,29869.0,-,PublicFinances1800-2023
1988.0,Years,Years,,1800-01,PublicFinances1800-2023
1988.0,o/w non-pensioners,,21935.0,-,PublicFinances1800-2023
1988.0,o/w pensioners,,26883.0,-,PublicFinances1800-2023
1989.0,Business rates,CUKY,,-,PublicFinances1800-2023
1989.0,Capital Gains Tax1,MS62,1854.0,-,PublicFinances1800-2023
1989.0,Corporation tax (profits taxes prior to 1966-67)2,CPRN,21495.0,-,PublicFinances1800-2023
1989.0,Council Tax (community charge and domestic rates prior to 1993),NMHM,9481.0,-,PublicFinances1800-2023
1989.0,Current spending3,JW2Q,192426.0,-,PublicFinances1800-2023
1989.0,Custom and excise duties5,CUDG+GTAO+MF6V+ EKED+CDDZ+CWAA,21378.0,18,PublicFinances1800-2023
1989.0,Death duties/Inheritance tax,ACCH,1232.0,-,PublicFinances1800-2023
1989.0,Debt Interest9,NMFX,19947.0,14,PublicFinances1800-2023
1989.0,Defence5,,21000.0,32,PublicFinances1800-2023
1989.0,Education8,,25900.0,-,PublicFinances1800-2023
1989.0,Energy profits levy,JIS6,,-,PublicFinances1800-2023
1989.0,Gas Levy3,,338.0,-,PublicFinances1800-2023
1989.0,Health6,,24388.0,-,PublicFinances1800-2023
1989.0,Income tax1,LIBR-MS62,50181.0,5,PublicFinances1800-2023
1989.0,"Index, base year = 100",MM23,454.5,13.5,PublicFinances1800-2023
1989.0,Land and Assessed Taxes,,,5,PublicFinances1800-2023
1989.0,License fee receipts,DH7A,1236.0,-,PublicFinances1800-2023
1989.0,National Accounts Taxes,GCSU,193243.0,-,PublicFinances1800-2023
1989.0,National Insurance Contributions1,AIIH,33519.0,-,PublicFinances1800-2023
1989.0,"Nominal GDP (March-centred, £m)4","Nominal GDP (March-centred, £m)4",659994.0,393,PublicFinances1800-2023
1989.0,Nominal GDP (£m)3,Nominal GDP (£m)3,630291.0,355,PublicFinances1800-2023
1989.0,Other Central Government Receipts6,Residual,23418.0,3,PublicFinances1800-2023
1989.0,Other Public Sector Spending10 ,,75008.0,-,PublicFinances1800-2023
1989.0,Other business taxes1,KIH3 + N43V,,-,PublicFinances1800-2023
1989.0,Other public sector taxes and receipts8,Residual,20145.0,-,PublicFinances1800-2023
1989.0,Petroleum Revenue tax (includes supplementary petroleum duty)3,ACCJ,1050.0,-,PublicFinances1800-2023
1989.0,Petroleum royalties3,,,-,PublicFinances1800-2023
1989.0,Public sector gross investment4,JW2Z + JW2S,25727.0,-,PublicFinances1800-2023
1989.0,"Public sector net borrowing
(PSNB)1","Public sector net borrowing
(PSNB)1",124.0,21,PublicFinances1800-2023
1989.0,Public sector net debt (PSND)2,Public sector net debt (PSND)2,151900.0,508,PublicFinances1800-2023
1989.0,Social Security7,,51910.0,-,PublicFinances1800-2023
1989.0,Stamp duties,GTBC,2117.0,3,PublicFinances1800-2023
1989.0,Total Central Government spending1,ANLP + ANNS + NSRN,187738.0,50,PublicFinances1800-2023
1989.0,Unit,Source dataset ID,1989.0,1800,PublicFinances1800-2023
1989.0,VAT (Purchase tax prior to 1973)4,NZGF,32557.0,-,PublicFinances1800-2023
1989.0,Years,Years,,1800-01,PublicFinances1800-2023
1989.0,o/w non-pensioners,,22571.0,-,PublicFinances1800-2023
1989.0,o/w pensioners,,29338.0,-,PublicFinances1800-2023
1990.0,Business rates,CUKY,10057.0,-,PublicFinances1800-2023
1990.0,Capital Gains Tax1,MS62,1852.0,-,PublicFinances1800-2023
1990.0,Corporation tax (profits taxes prior to 1966-67)2,CPRN,21495.0,-,PublicFinances1800-2023
1990.0,Council Tax (community charge and domestic rates prior to 1993),NMHM,9071.0,-,PublicFinances1800-2023
1990.0,Current spending3,JW2Q,209798.0,-,PublicFinances1800-2023
1990.0,Custom and excise duties5,CUDG+GTAO+MF6V+ EKED+CDDZ+CWAA,23749.0,18,PublicFinances1800-2023
1990.0,Death duties/Inheritance tax,ACCH,1262.0,-,PublicFinances1800-2023
1990.0,Debt Interest9,NMFX,20071.0,14,PublicFinances1800-2023
1990.0,Defence5,,22000.0,32,PublicFinances1800-2023
1990.0,Education8,,28100.0,-,PublicFinances1800-2023
1990.0,Energy profits levy,JIS6,,-,PublicFinances1800-2023
1990.0,Gas Levy3,,267.0,-,PublicFinances1800-2023
1990.0,Health6,,27100.0,-,PublicFinances1800-2023
1990.0,Income tax1,LIBR-MS62,56008.0,5,PublicFinances1800-2023
1990.0,"Index, base year = 100",MM23,497.5,13.5,PublicFinances1800-2023
1990.0,Land and Assessed Taxes,,,5,PublicFinances1800-2023
1990.0,License fee receipts,DH7A,1358.0,-,PublicFinances1800-2023
1990.0,National Accounts Taxes,GCSU,206558.0,-,PublicFinances1800-2023
1990.0,National Insurance Contributions1,AIIH,35006.0,-,PublicFinances1800-2023
1990.0,"Nominal GDP (March-centred, £m)4","Nominal GDP (March-centred, £m)4",697151.0,393,PublicFinances1800-2023
1990.0,Nominal GDP (£m)3,Nominal GDP (£m)3,679960.0,355,PublicFinances1800-2023
1990.0,Other Central Government Receipts6,Residual,25644.0,3,PublicFinances1800-2023
1990.0,Other Public Sector Spending10 ,,81228.0,-,PublicFinances1800-2023
1990.0,Other business taxes1,KIH3 + N43V,,-,PublicFinances1800-2023
1990.0,Other public sector taxes and receipts8,Residual,9528.0,-,PublicFinances1800-2023
1990.0,Petroleum Revenue tax (includes supplementary petroleum duty)3,ACCJ,860.0,-,PublicFinances1800-2023
1990.0,Petroleum royalties3,,,-,PublicFinances1800-2023
1990.0,Public sector gross investment4,JW2Z + JW2S,26971.0,-,PublicFinances1800-2023
1990.0,"Public sector net borrowing
(PSNB)1","Public sector net borrowing
(PSNB)1",7315.0,21,PublicFinances1800-2023
1990.0,Public sector net debt (PSND)2,Public sector net debt (PSND)2,151100.0,508,PublicFinances1800-2023
1990.0,Social Security7,,58270.0,-,PublicFinances1800-2023
1990.0,Stamp duties,GTBC,1703.0,3,PublicFinances1800-2023
1990.0,Total Central Government spending1,ANLP + ANNS + NSRN,218137.0,50,PublicFinances1800-2023
1990.0,Unit,Source dataset ID,1990.0,1800,PublicFinances1800-2023
1990.0,VAT (Purchase tax prior to 1973)4,NZGF,34034.0,-,PublicFinances1800-2023
1990.0,Years,Years,,1800-01,PublicFinances1800-2023
1990.0,o/w non-pensioners,,25526.0,-,PublicFinances1800-2023
1990.0,o/w pensioners,,32744.0,-,PublicFinances1800-2023
1991.0,Business rates,CUKY,11684.0,-,PublicFinances1800-2023
1991.0,Capital Gains Tax1,MS62,1140.0,-,PublicFinances1800-2023
1991.0,Corporation tax (profits taxes prior to 1966-67)2,CPRN,18263.0,-,PublicFinances1800-2023
1991.0,Council Tax (community charge and domestic rates prior to 1993),NMHM,8547.0,-,PublicFinances1800-2023
1991.0,Current spending3,JW2Q,233927.0,-,PublicFinances1800-2023
1991.0,Custom and excise duties5,CUDG+GTAO+MF6V+ EKED+CDDZ+CWAA,26062.0,18,PublicFinances1800-2023
1991.0,Death duties/Inheritance tax,ACCH,1300.0,-,PublicFinances1800-2023
1991.0,Debt Interest9,NMFX,18146.0,14,PublicFinances1800-2023
1991.0,Defence5,,23200.0,32,PublicFinances1800-2023
1991.0,Education8,,31300.0,-,PublicFinances1800-2023
1991.0,Energy profits levy,JIS6,,-,PublicFinances1800-2023
1991.0,Gas Levy3,,268.0,-,PublicFinances1800-2023
1991.0,Health6,,30900.0,-,PublicFinances1800-2023
1991.0,Income tax1,LIBR-MS62,64006.0,5,PublicFinances1800-2023
1991.0,"Index, base year = 100",MM23,526.7,13.5,PublicFinances1800-2023
1991.0,Land and Assessed Taxes,,,5,PublicFinances1800-2023
1991.0,License fee receipts,DH7A,1485.0,-,PublicFinances1800-2023
1991.0,National Accounts Taxes,GCSU,216750.0,-,PublicFinances1800-2023
1991.0,National Insurance Contributions1,AIIH,36687.0,-,PublicFinances1800-2023
1991.0,"Nominal GDP (March-centred, £m)4","Nominal GDP (March-centred, £m)4",726308.0,393,PublicFinances1800-2023
1991.0,Nominal GDP (£m)3,Nominal GDP (£m)3,716107.0,355,PublicFinances1800-2023
1991.0,Other Central Government Receipts6,Residual,26531.0,3,PublicFinances1800-2023
1991.0,Other Public Sector Spending10 ,,90885.0,-,PublicFinances1800-2023
1991.0,Other business taxes1,KIH3 + N43V,,-,PublicFinances1800-2023
1991.0,Other public sector taxes and receipts8,Residual,4337.0,-,PublicFinances1800-2023
1991.0,Petroleum Revenue tax (includes supplementary petroleum duty)3,ACCJ,-216.0,-,PublicFinances1800-2023
1991.0,Petroleum royalties3,,,-,PublicFinances1800-2023
1991.0,Public sector gross investment4,JW2Z + JW2S,28909.0,-,PublicFinances1800-2023
1991.0,"Public sector net borrowing
(PSNB)1","Public sector net borrowing
(PSNB)1",23764.0,21,PublicFinances1800-2023
1991.0,Public sector net debt (PSND)2,Public sector net debt (PSND)2,165800.0,508,PublicFinances1800-2023
1991.0,Social Security7,,68405.0,-,PublicFinances1800-2023
1991.0,Stamp duties,GTBC,1697.0,3,PublicFinances1800-2023
1991.0,Total Central Government spending1,ANLP + ANNS + NSRN,246448.0,50,PublicFinances1800-2023
1991.0,Unit,Source dataset ID,1991.0,1800,PublicFinances1800-2023
1991.0,VAT (Purchase tax prior to 1973)4,NZGF,39505.0,-,PublicFinances1800-2023
1991.0,Years,Years,,1800-01,PublicFinances1800-2023
1991.0,o/w non-pensioners,,31748.0,-,PublicFinances1800-2023
1991.0,o/w pensioners,,36657.0,-,PublicFinances1800-2023
1992.0,Business rates,CUKY,11698.0,-,PublicFinances1800-2023
1992.0,Capital Gains Tax1,MS62,982.0,-,PublicFinances1800-2023
1992.0,Corporation tax (profits taxes prior to 1966-67)2,CPRN,15783.0,-,PublicFinances1800-2023
1992.0,Council Tax (community charge and domestic rates prior to 1993),NMHM,8271.0,-,PublicFinances1800-2023
1992.0,Current spending3,JW2Q,254854.0,-,PublicFinances1800-2023
1992.0,Custom and excise duties5,CUDG+GTAO+MF6V+ EKED+CDDZ+CWAA,25674.0,18,PublicFinances1800-2023
1992.0,Death duties/Inheritance tax,ACCH,1211.0,-,PublicFinances1800-2023
1992.0,Debt Interest9,NMFX,18556.0,14,PublicFinances1800-2023
1992.0,Defence5,,23800.0,32,PublicFinances1800-2023
1992.0,Education8,,33200.0,-,PublicFinances1800-2023
1992.0,Energy profits levy,JIS6,,-,PublicFinances1800-2023
1992.0,Gas Levy3,,290.0,-,PublicFinances1800-2023
1992.0,Health6,,34200.0,-,PublicFinances1800-2023
1992.0,Income tax1,LIBR-MS62,61561.0,5,PublicFinances1800-2023
1992.0,"Index, base year = 100",MM23,546.4,13.5,PublicFinances1800-2023
1992.0,Land and Assessed Taxes,,,5,PublicFinances1800-2023
1992.0,License fee receipts,DH7A,1598.0,-,PublicFinances1800-2023
1992.0,National Accounts Taxes,GCSU,214796.0,-,PublicFinances1800-2023
1992.0,National Insurance Contributions1,AIIH,36972.0,-,PublicFinances1800-2023
1992.0,"Nominal GDP (March-centred, £m)4","Nominal GDP (March-centred, £m)4",758349.0,393,PublicFinances1800-2023
1992.0,Nominal GDP (£m)3,Nominal GDP (£m)3,738364.0,355,PublicFinances1800-2023
1992.0,Other Central Government Receipts6,Residual,26342.0,3,PublicFinances1800-2023
1992.0,Other Public Sector Spending10 ,,96795.0,-,PublicFinances1800-2023
1992.0,Other business taxes1,KIH3 + N43V,,-,PublicFinances1800-2023
1992.0,Other public sector taxes and receipts8,Residual,5867.0,-,PublicFinances1800-2023
1992.0,Petroleum Revenue tax (includes supplementary petroleum duty)3,ACCJ,69.0,-,PublicFinances1800-2023
1992.0,Petroleum royalties3,,,-,PublicFinances1800-2023
1992.0,Public sector gross investment4,JW2Z + JW2S,29341.0,-,PublicFinances1800-2023
1992.0,"Public sector net borrowing
(PSNB)1","Public sector net borrowing
(PSNB)1",46347.0,21,PublicFinances1800-2023
1992.0,Public sector net debt (PSND)2,Public sector net debt (PSND)2,201900.0,508,PublicFinances1800-2023
1992.0,Social Security7,,77644.0,-,PublicFinances1800-2023
1992.0,Stamp duties,GTBC,1268.0,3,PublicFinances1800-2023
1992.0,Total Central Government spending1,ANLP + ANNS + NSRN,272535.0,50,PublicFinances1800-2023
1992.0,Unit,Source dataset ID,1992.0,1800,PublicFinances1800-2023
1992.0,VAT (Purchase tax prior to 1973)4,NZGF,41112.0,-,PublicFinances1800-2023
1992.0,Years,Years,,1800-01,PublicFinances1800-2023
1992.0,o/w non-pensioners,,37664.0,-,PublicFinances1800-2023
1992.0,o/w pensioners,,39980.0,-,PublicFinances1800-2023
1993.0,Business rates,CUKY,11002.0,-,PublicFinances1800-2023
1993.0,Capital Gains Tax1,MS62,710.0,-,PublicFinances1800-2023
1993.0,Corporation tax (profits taxes prior to 1966-67)2,CPRN,14887.0,-,PublicFinances1800-2023
1993.0,Council Tax (community charge and domestic rates prior to 1993),NMHM,7988.0,-,PublicFinances1800-2023
1993.0,Current spending3,JW2Q,268889.0,-,PublicFinances1800-2023
1993.0,Custom and excise duties5,CUDG+GTAO+MF6V+ EKED+CDDZ+CWAA,27072.0,18,PublicFinances1800-2023
1993.0,Death duties/Inheritance tax,ACCH,1335.0,-,PublicFinances1800-2023
1993.0,Debt Interest9,NMFX,19827.0,14,PublicFinances1800-2023
1993.0,Defence5,,23500.0,32,PublicFinances1800-2023
1993.0,Education8,,34700.0,-,PublicFinances1800-2023
1993.0,Energy profits levy,JIS6,,-,PublicFinances1800-2023
1993.0,Gas Levy3,,149.0,-,PublicFinances1800-2023
1993.0,Health6,,36600.0,-,PublicFinances1800-2023
1993.0,Income tax1,LIBR-MS62,62810.0,5,PublicFinances1800-2023
1993.0,"Index, base year = 100",MM23,555.1,13.5,PublicFinances1800-2023
1993.0,Land and Assessed Taxes,,,5,PublicFinances1800-2023
1993.0,License fee receipts,DH7A,1683.0,-,PublicFinances1800-2023
1993.0,National Accounts Taxes,GCSU,221792.0,-,PublicFinances1800-2023
1993.0,National Insurance Contributions1,AIIH,40136.0,-,PublicFinances1800-2023
1993.0,"Nominal GDP (March-centred, £m)4","Nominal GDP (March-centred, £m)4",803082.0,393,PublicFinances1800-2023
1993.0,Nominal GDP (£m)3,Nominal GDP (£m)3,782760.0,355,PublicFinances1800-2023
1993.0,Other Central Government Receipts6,Residual,27096.0,3,PublicFinances1800-2023
1993.0,Other Public Sector Spending10 ,,96730.0,-,PublicFinances1800-2023
1993.0,Other business taxes1,KIH3 + N43V,,-,PublicFinances1800-2023
1993.0,Other public sector taxes and receipts8,Residual,6157.0,-,PublicFinances1800-2023
1993.0,Petroleum Revenue tax (includes supplementary petroleum duty)3,ACCJ,359.0,-,PublicFinances1800-2023
1993.0,Petroleum royalties3,,,-,PublicFinances1800-2023
1993.0,Public sector gross investment4,JW2Z + JW2S,27519.0,-,PublicFinances1800-2023
1993.0,"Public sector net borrowing
(PSNB)1","Public sector net borrowing
(PSNB)1",51342.0,21,PublicFinances1800-2023
1993.0,Public sector net debt (PSND)2,Public sector net debt (PSND)2,249800.0,508,PublicFinances1800-2023
1993.0,Social Security7,,85051.0,-,PublicFinances1800-2023
1993.0,Stamp duties,GTBC,1736.0,3,PublicFinances1800-2023
1993.0,Total Central Government spending1,ANLP + ANNS + NSRN,281089.0,50,PublicFinances1800-2023
1993.0,Unit,Source dataset ID,1993.0,1800,PublicFinances1800-2023
1993.0,VAT (Purchase tax prior to 1973)4,NZGF,43446.0,-,PublicFinances1800-2023
1993.0,Years,Years,,1800-01,PublicFinances1800-2023
1993.0,o/w non-pensioners,,42019.0,-,PublicFinances1800-2023
1993.0,o/w pensioners,,43033.0,-,PublicFinances1800-2023
1994.0,Business rates,CUKY,10862.0,-,PublicFinances1800-2023
1994.0,Capital Gains Tax1,MS62,926.0,-,PublicFinances1800-2023
1994.0,Corporation tax (profits taxes prior to 1966-67)2,CPRN,19390.0,-,PublicFinances1800-2023
1994.0,Council Tax (community charge and domestic rates prior to 1993),NMHM,8611.0,-,PublicFinances1800-2023
1994.0,Current spending3,JW2Q,280560.0,-,PublicFinances1800-2023
1994.0,Custom and excise duties5,CUDG+GTAO+MF6V+ EKED+CDDZ+CWAA,30087.0,18,PublicFinances1800-2023
1994.0,Death duties/Inheritance tax,ACCH,1409.0,-,PublicFinances1800-2023
1994.0,Debt Interest9,NMFX,22658.0,14,PublicFinances1800-2023
1994.0,Defence5,,23300.0,32,PublicFinances1800-2023
1994.0,Education8,,36200.0,-,PublicFinances1800-2023
1994.0,Energy profits levy,JIS6,,-,PublicFinances1800-2023
1994.0,Gas Levy3,,211.0,-,PublicFinances1800-2023
1994.0,Health6,,39400.0,-,PublicFinances1800-2023
1994.0,Income tax1,LIBR-MS62,67132.0,5,PublicFinances1800-2023
1994.0,"Index, base year = 100",MM23,568.5,13.5,PublicFinances1800-2023
1994.0,Land and Assessed Taxes,,,5,PublicFinances1800-2023
1994.0,License fee receipts,DH7A,1752.0,-,PublicFinances1800-2023
1994.0,National Accounts Taxes,GCSU,240980.0,-,PublicFinances1800-2023
1994.0,National Insurance Contributions1,AIIH,42832.0,-,PublicFinances1800-2023
1994.0,"Nominal GDP (March-centred, £m)4","Nominal GDP (March-centred, £m)4",841425.0,393,PublicFinances1800-2023
1994.0,Nominal GDP (£m)3,Nominal GDP (£m)3,821496.0,355,PublicFinances1800-2023
1994.0,Other Central Government Receipts6,Residual,27566.0,3,PublicFinances1800-2023
1994.0,Other Public Sector Spending10 ,,99370.0,-,PublicFinances1800-2023
1994.0,Other business taxes1,KIH3 + N43V,,-,PublicFinances1800-2023
1994.0,Other public sector taxes and receipts8,Residual,6664.0,-,PublicFinances1800-2023
1994.0,Petroleum Revenue tax (includes supplementary petroleum duty)3,ACCJ,712.0,-,PublicFinances1800-2023
1994.0,Petroleum royalties3,,,-,PublicFinances1800-2023
1994.0,Public sector gross investment4,JW2Z + JW2S,27921.0,-,PublicFinances1800-2023
1994.0,"Public sector net borrowing
(PSNB)1","Public sector net borrowing
(PSNB)1",43924.0,21,PublicFinances1800-2023
1994.0,Public sector net debt (PSND)2,Public sector net debt (PSND)2,290000.0,508,PublicFinances1800-2023
1994.0,Social Security7,,87553.0,-,PublicFinances1800-2023
1994.0,Stamp duties,GTBC,1799.0,3,PublicFinances1800-2023
1994.0,Total Central Government spending1,ANLP + ANNS + NSRN,292082.0,50,PublicFinances1800-2023
1994.0,Unit,Source dataset ID,1994.0,1800,PublicFinances1800-2023
1994.0,VAT (Purchase tax prior to 1973)4,NZGF,46526.0,-,PublicFinances1800-2023
1994.0,Years,Years,,1800-01,PublicFinances1800-2023
1994.0,o/w non-pensioners,,43420.0,-,PublicFinances1800-2023
1994.0,o/w pensioners,,44134.0,-,PublicFinances1800-2023
1995.0,Business rates,CUKY,11439.0,-,PublicFinances1800-2023
1995.0,Capital Gains Tax1,MS62,796.0,-,PublicFinances1800-2023
1995.0,Corporation tax (profits taxes prior to 1966-67)2,CPRN,23569.0,-,PublicFinances1800-2023
1995.0,Council Tax (community charge and domestic rates prior to 1993),NMHM,9324.0,-,PublicFinances1800-2023
1995.0,Current spending3,JW2Q,294506.0,-,PublicFinances1800-2023
1995.0,Custom and excise duties5,CUDG+GTAO+MF6V+ EKED+CDDZ+CWAA,34373.0,18,PublicFinances1800-2023
1995.0,Death duties/Inheritance tax,ACCH,1518.0,-,PublicFinances1800-2023
1995.0,Debt Interest9,NMFX,25899.0,14,PublicFinances1800-2023
1995.0,Defence5,,22500.0,32,PublicFinances1800-2023
1995.0,Education8,,37000.0,-,PublicFinances1800-2023
1995.0,Energy profits levy,JIS6,,-,PublicFinances1800-2023
1995.0,Gas Levy3,,171.0,-,PublicFinances1800-2023
1995.0,Health6,,41400.0,-,PublicFinances1800-2023
1995.0,Income tax1,LIBR-MS62,71400.0,5,PublicFinances1800-2023
1995.0,"Index, base year = 100",MM23,588.2,13.5,PublicFinances1800-2023
1995.0,Land and Assessed Taxes,,,5,PublicFinances1800-2023
1995.0,License fee receipts,DH7A,1820.0,-,PublicFinances1800-2023
1995.0,National Accounts Taxes,GCSU,260558.0,-,PublicFinances1800-2023
1995.0,National Insurance Contributions1,AIIH,45007.0,-,PublicFinances1800-2023
1995.0,"Nominal GDP (March-centred, £m)4","Nominal GDP (March-centred, £m)4",895885.0,393,PublicFinances1800-2023
1995.0,Nominal GDP (£m)3,Nominal GDP (£m)3,866221.0,355,PublicFinances1800-2023
1995.0,Other Central Government Receipts6,Residual,29161.0,3,PublicFinances1800-2023
1995.0,Other Public Sector Spending10 ,,104421.0,-,PublicFinances1800-2023
1995.0,Other business taxes1,KIH3 + N43V,,-,PublicFinances1800-2023
1995.0,Other public sector taxes and receipts8,Residual,9292.0,-,PublicFinances1800-2023
1995.0,Petroleum Revenue tax (includes supplementary petroleum duty)3,ACCJ,968.0,-,PublicFinances1800-2023
1995.0,Petroleum royalties3,,,-,PublicFinances1800-2023
1995.0,Public sector gross investment4,JW2Z + JW2S,28238.0,-,PublicFinances1800-2023
1995.0,"Public sector net borrowing
(PSNB)1","Public sector net borrowing
(PSNB)1",35535.0,21,PublicFinances1800-2023
1995.0,Public sector net debt (PSND)2,Public sector net debt (PSND)2,322100.0,508,PublicFinances1800-2023
1995.0,Social Security7,,91524.0,-,PublicFinances1800-2023
1995.0,Stamp duties,GTBC,2018.0,3,PublicFinances1800-2023
1995.0,Total Central Government spending1,ANLP + ANNS + NSRN,306202.0,50,PublicFinances1800-2023
1995.0,Unit,Source dataset ID,1995.0,1800,PublicFinances1800-2023
1995.0,VAT (Purchase tax prior to 1973)4,NZGF,48432.0,-,PublicFinances1800-2023
1995.0,Years,Years,,1800-01,PublicFinances1800-2023
1995.0,o/w non-pensioners,,45597.0,-,PublicFinances1800-2023
1995.0,o/w pensioners,,45926.0,-,PublicFinances1800-2023
1996.0,Business rates,CUKY,12238.0,-,PublicFinances1800-2023
1996.0,Capital Gains Tax1,MS62,1132.0,-,PublicFinances1800-2023
1996.0,Corporation tax (profits taxes prior to 1966-67)2,CPRN,27787.0,-,PublicFinances1800-2023
1996.0,Council Tax (community charge and domestic rates prior to 1993),NMHM,10069.0,-,PublicFinances1800-2023
1996.0,Current spending3,JW2Q,303709.0,-,PublicFinances1800-2023
1996.0,Custom and excise duties5,CUDG+GTAO+MF6V+ EKED+CDDZ+CWAA,35717.0,18,PublicFinances1800-2023
1996.0,Death duties/Inheritance tax,ACCH,1558.0,-,PublicFinances1800-2023
1996.0,Debt Interest9,NMFX,27402.0,14,PublicFinances1800-2023
1996.0,Defence5,,22100.0,32,PublicFinances1800-2023
1996.0,Education8,,37800.0,-,PublicFinances1800-2023
1996.0,Energy profits levy,JIS6,,-,PublicFinances1800-2023
1996.0,Gas Levy3,,199.0,-,PublicFinances1800-2023
1996.0,Health6,,42800.0,-,PublicFinances1800-2023
1996.0,Income tax1,LIBR-MS62,72039.0,5,PublicFinances1800-2023
1996.0,"Index, base year = 100",MM23,602.4,13.5,PublicFinances1800-2023
1996.0,Land and Assessed Taxes,,,5,PublicFinances1800-2023
1996.0,License fee receipts,DH7A,1916.0,-,PublicFinances1800-2023
1996.0,National Accounts Taxes,GCSU,273893.0,-,PublicFinances1800-2023
1996.0,National Insurance Contributions1,AIIH,47219.0,-,PublicFinances1800-2023
1996.0,"Nominal GDP (March-centred, £m)4","Nominal GDP (March-centred, £m)4",948382.0,393,PublicFinances1800-2023
1996.0,Nominal GDP (£m)3,Nominal GDP (£m)3,924548.0,355,PublicFinances1800-2023
1996.0,Other Central Government Receipts6,Residual,27846.0,3,PublicFinances1800-2023
1996.0,Other Public Sector Spending10 ,,102065.0,-,PublicFinances1800-2023
1996.0,Other business taxes1,KIH3 + N43V,,-,PublicFinances1800-2023
1996.0,Other public sector taxes and receipts8,Residual,7927.0,-,PublicFinances1800-2023
1996.0,Petroleum Revenue tax (includes supplementary petroleum duty)3,ACCJ,1729.0,-,PublicFinances1800-2023
1996.0,Petroleum royalties3,,,-,PublicFinances1800-2023
1996.0,Public sector gross investment4,JW2Z + JW2S,23600.0,-,PublicFinances1800-2023
1996.0,"Public sector net borrowing
(PSNB)1","Public sector net borrowing
(PSNB)1",28924.0,21,PublicFinances1800-2023
1996.0,Public sector net debt (PSND)2,Public sector net debt (PSND)2,347000.0,508,PublicFinances1800-2023
1996.0,Social Security7,,95142.0,-,PublicFinances1800-2023
1996.0,Stamp duties,GTBC,2467.0,3,PublicFinances1800-2023
1996.0,Total Central Government spending1,ANLP + ANNS + NSRN,312647.0,50,PublicFinances1800-2023
1996.0,Unit,Source dataset ID,1996.0,1800,PublicFinances1800-2023
1996.0,VAT (Purchase tax prior to 1973)4,NZGF,51725.0,-,PublicFinances1800-2023
1996.0,Years,Years,,1800-01,PublicFinances1800-2023
1996.0,o/w non-pensioners,,46736.0,-,PublicFinances1800-2023
1996.0,o/w pensioners,,48406.0,-,PublicFinances1800-2023
1997.0,Business rates,CUKY,12850.0,-,PublicFinances1800-2023
1997.0,Capital Gains Tax1,MS62,1470.0,-,PublicFinances1800-2023
1997.0,Corporation tax (profits taxes prior to 1966-67)2,CPRN,30437.0,-,PublicFinances1800-2023
1997.0,Council Tax (community charge and domestic rates prior to 1993),NMHM,10945.0,-,PublicFinances1800-2023
1997.0,Current spending3,JW2Q,317976.0,-,PublicFinances1800-2023
1997.0,Custom and excise duties5,CUDG+GTAO+MF6V+ EKED+CDDZ+CWAA,38680.0,18,PublicFinances1800-2023
1997.0,Death duties/Inheritance tax,ACCH,1684.0,-,PublicFinances1800-2023
1997.0,Debt Interest9,NMFX,29430.0,14,PublicFinances1800-2023
1997.0,Defence5,,21700.0,32,PublicFinances1800-2023
1997.0,Education8,,38600.0,-,PublicFinances1800-2023
1997.0,Energy profits levy,JIS6,,-,PublicFinances1800-2023
1997.0,Gas Levy3,,188.0,-,PublicFinances1800-2023
1997.0,Health6,,44500.0,-,PublicFinances1800-2023
1997.0,Income tax1,LIBR-MS62,79838.0,5,PublicFinances1800-2023
1997.0,"Index, base year = 100",MM23,621.3,13.5,PublicFinances1800-2023
1997.0,Land and Assessed Taxes,,,5,PublicFinances1800-2023
1997.0,License fee receipts,DH7A,2009.0,-,PublicFinances1800-2023
1997.0,National Accounts Taxes,GCSU,301039.0,-,PublicFinances1800-2023
1997.0,National Insurance Contributions1,AIIH,51692.0,-,PublicFinances1800-2023
1997.0,"Nominal GDP (March-centred, £m)4","Nominal GDP (March-centred, £m)4",985802.0,393,PublicFinances1800-2023
1997.0,Nominal GDP (£m)3,Nominal GDP (£m)3,965482.0,355,PublicFinances1800-2023
1997.0,Other Central Government Receipts6,Residual,28916.0,3,PublicFinances1800-2023
1997.0,Other Public Sector Spending10 ,,112593.0,-,PublicFinances1800-2023
1997.0,Other business taxes1,KIH3 + N43V,2610.0,-,PublicFinances1800-2023
1997.0,Other public sector taxes and receipts8,Residual,14876.0,-,PublicFinances1800-2023
1997.0,Petroleum Revenue tax (includes supplementary petroleum duty)3,ACCJ,963.0,-,PublicFinances1800-2023
1997.0,Petroleum royalties3,,,-,PublicFinances1800-2023
1997.0,Public sector gross investment4,JW2Z + JW2S,25216.0,-,PublicFinances1800-2023
1997.0,"Public sector net borrowing
(PSNB)1","Public sector net borrowing
(PSNB)1",10616.0,21,PublicFinances1800-2023
1997.0,Public sector net debt (PSND)2,Public sector net debt (PSND)2,360400.0,508,PublicFinances1800-2023
1997.0,Social Security7,,96369.0,-,PublicFinances1800-2023
1997.0,Stamp duties,GTBC,3456.0,3,PublicFinances1800-2023
1997.0,Total Central Government spending1,ANLP + ANNS + NSRN,317284.0,50,PublicFinances1800-2023
1997.0,Unit,Source dataset ID,1997.0,1800,PublicFinances1800-2023
1997.0,VAT (Purchase tax prior to 1973)4,NZGF,55586.0,-,PublicFinances1800-2023
1997.0,Years,Years,,1800-01,PublicFinances1800-2023
1997.0,o/w non-pensioners,,46041.0,-,PublicFinances1800-2023
1997.0,o/w pensioners,,50328.0,-,PublicFinances1800-2023
1998.0,Business rates,CUKY,13198.0,-,PublicFinances1800-2023
1998.0,Capital Gains Tax1,MS62,1964.0,-,PublicFinances1800-2023
1998.0,Corporation tax (profits taxes prior to 1966-67)2,CPRN,30032.0,-,PublicFinances1800-2023
1998.0,Council Tax (community charge and domestic rates prior to 1993),NMHM,12146.0,-,PublicFinances1800-2023
1998.0,Current spending3,JW2Q,327701.0,-,PublicFinances1800-2023
1998.0,Custom and excise duties5,CUDG+GTAO+MF6V+ EKED+CDDZ+CWAA,41075.0,18,PublicFinances1800-2023
1998.0,Death duties/Inheritance tax,ACCH,1785.0,-,PublicFinances1800-2023
1998.0,Debt Interest9,NMFX,30282.0,14,PublicFinances1800-2023
1998.0,Defence5,,24500.0,32,PublicFinances1800-2023
1998.0,Education8,,40000.0,-,PublicFinances1800-2023
1998.0,Energy profits levy,JIS6,,-,PublicFinances1800-2023
1998.0,Gas Levy3,,-44.0,-,PublicFinances1800-2023
1998.0,Health6,,46900.0,-,PublicFinances1800-2023
1998.0,Income tax1,LIBR-MS62,88995.0,5,PublicFinances1800-2023
1998.0,"Index, base year = 100",MM23,642.6,13.5,PublicFinances1800-2023
1998.0,Land and Assessed Taxes,,,5,PublicFinances1800-2023
1998.0,License fee receipts,DH7A,2179.0,-,PublicFinances1800-2023
1998.0,National Accounts Taxes,GCSU,321166.0,-,PublicFinances1800-2023
1998.0,National Insurance Contributions1,AIIH,54746.0,-,PublicFinances1800-2023
1998.0,"Nominal GDP (March-centred, £m)4","Nominal GDP (March-centred, £m)4",1032964.0,393,PublicFinances1800-2023
1998.0,Nominal GDP (£m)3,Nominal GDP (£m)3,1010722.0,355,PublicFinances1800-2023
1998.0,Other Central Government Receipts6,Residual,29706.0,3,PublicFinances1800-2023
1998.0,Other Public Sector Spending10 ,,113866.0,-,PublicFinances1800-2023
1998.0,Other business taxes1,KIH3 + N43V,2614.0,-,PublicFinances1800-2023
1998.0,Other public sector taxes and receipts8,Residual,15830.0,-,PublicFinances1800-2023
1998.0,Petroleum Revenue tax (includes supplementary petroleum duty)3,ACCJ,504.0,-,PublicFinances1800-2023
1998.0,Petroleum royalties3,,,-,PublicFinances1800-2023
1998.0,Public sector gross investment4,JW2Z + JW2S,26624.0,-,PublicFinances1800-2023
1998.0,"Public sector net borrowing
(PSNB)1","Public sector net borrowing
(PSNB)1",-66.0,21,PublicFinances1800-2023
1998.0,Public sector net debt (PSND)2,Public sector net debt (PSND)2,363100.0,508,PublicFinances1800-2023
1998.0,Social Security7,,98777.0,-,PublicFinances1800-2023
1998.0,Stamp duties,GTBC,4623.0,3,PublicFinances1800-2023
1998.0,Total Central Government spending1,ANLP + ANNS + NSRN,325320.0,50,PublicFinances1800-2023
1998.0,Unit,Source dataset ID,1998.0,1800,PublicFinances1800-2023
1998.0,VAT (Purchase tax prior to 1973)4,NZGF,58411.0,-,PublicFinances1800-2023
1998.0,Years,Years,,1800-01,PublicFinances1800-2023
1998.0,o/w non-pensioners,,46281.0,-,PublicFinances1800-2023
1998.0,o/w pensioners,,52496.0,-,PublicFinances1800-2023
1999.0,Business rates,CUKY,14090.0,-,PublicFinances1800-2023
1999.0,Capital Gains Tax1,MS62,2122.0,-,PublicFinances1800-2023
1999.0,Corporation tax (profits taxes prior to 1966-67)2,CPRN,34322.0,-,PublicFinances1800-2023
1999.0,Council Tax (community charge and domestic rates prior to 1993),NMHM,13031.0,-,PublicFinances1800-2023
1999.0,Current spending3,JW2Q,339399.0,-,PublicFinances1800-2023
1999.0,Custom and excise duties5,CUDG+GTAO+MF6V+ EKED+CDDZ+CWAA,42548.0,18,PublicFinances1800-2023
1999.0,Death duties/Inheritance tax,ACCH,2047.0,-,PublicFinances1800-2023
1999.0,Debt Interest9,NMFX,26746.0,14,PublicFinances1800-2023
1999.0,Defence5,,25100.0,32,PublicFinances1800-2023
1999.0,Education8,,42200.0,-,PublicFinances1800-2023
1999.0,Energy profits levy,JIS6,,-,PublicFinances1800-2023
1999.0,Gas Levy3,,,-,PublicFinances1800-2023
1999.0,Health6,,49400.0,-,PublicFinances1800-2023
1999.0,Income tax1,LIBR-MS62,96696.0,5,PublicFinances1800-2023
1999.0,"Index, base year = 100",MM23,652.5,13.5,PublicFinances1800-2023
1999.0,Land and Assessed Taxes,,,5,PublicFinances1800-2023
1999.0,License fee receipts,DH7A,2286.0,-,PublicFinances1800-2023
1999.0,National Accounts Taxes,GCSU,344323.0,-,PublicFinances1800-2023
1999.0,National Insurance Contributions1,AIIH,56935.0,-,PublicFinances1800-2023
1999.0,"Nominal GDP (March-centred, £m)4","Nominal GDP (March-centred, £m)4",1088366.0,393,PublicFinances1800-2023
1999.0,Nominal GDP (£m)3,Nominal GDP (£m)3,1058494.0,355,PublicFinances1800-2023
1999.0,Other Central Government Receipts6,Residual,28259.0,3,PublicFinances1800-2023
1999.0,Other Public Sector Spending10 ,,121164.0,-,PublicFinances1800-2023
1999.0,Other business taxes1,KIH3 + N43V,,-,PublicFinances1800-2023
1999.0,Other public sector taxes and receipts8,Residual,16858.0,-,PublicFinances1800-2023
1999.0,Petroleum Revenue tax (includes supplementary petroleum duty)3,ACCJ,853.0,-,PublicFinances1800-2023
1999.0,Petroleum royalties3,,,-,PublicFinances1800-2023
1999.0,Public sector gross investment4,JW2Z + JW2S,28701.0,-,PublicFinances1800-2023
1999.0,"Public sector net borrowing
(PSNB)1","Public sector net borrowing
(PSNB)1",-11581.0,21,PublicFinances1800-2023
1999.0,Public sector net debt (PSND)2,Public sector net debt (PSND)2,353300.0,508,PublicFinances1800-2023
1999.0,Social Security7,,103490.0,-,PublicFinances1800-2023
1999.0,Stamp duties,GTBC,6898.0,3,PublicFinances1800-2023
1999.0,Total Central Government spending1,ANLP + ANNS + NSRN,335431.0,50,PublicFinances1800-2023
1999.0,Unit,Source dataset ID,1999.0,1800,PublicFinances1800-2023
1999.0,VAT (Purchase tax prior to 1973)4,NZGF,62807.0,-,PublicFinances1800-2023
1999.0,Years,Years,,1800-01,PublicFinances1800-2023
1999.0,o/w non-pensioners,,47758.0,-,PublicFinances1800-2023
1999.0,o/w pensioners,,55732.0,-,PublicFinances1800-2023
2000.0,Business rates,CUKY,15258.0,-,PublicFinances1800-2023
2000.0,Capital Gains Tax1,MS62,3236.0,-,PublicFinances1800-2023
2000.0,Corporation tax (profits taxes prior to 1966-67)2,CPRN,34868.0,-,PublicFinances1800-2023
2000.0,Council Tax (community charge and domestic rates prior to 1993),NMHM,14314.0,-,PublicFinances1800-2023
2000.0,Current spending3,JW2Q,361764.0,-,PublicFinances1800-2023
2000.0,Custom and excise duties5,CUDG+GTAO+MF6V+ EKED+CDDZ+CWAA,42105.0,18,PublicFinances1800-2023
2000.0,Death duties/Inheritance tax,ACCH,2223.0,-,PublicFinances1800-2023
2000.0,Debt Interest9,NMFX,26802.0,14,PublicFinances1800-2023
2000.0,Defence5,,25700.0,32,PublicFinances1800-2023
2000.0,Education8,,45900.0,-,PublicFinances1800-2023
2000.0,Energy profits levy,JIS6,,-,PublicFinances1800-2023
2000.0,Gas Levy3,,,-,PublicFinances1800-2023
2000.0,Health6,,54200.0,-,PublicFinances1800-2023
2000.0,Income tax1,LIBR-MS62,107088.0,5,PublicFinances1800-2023
2000.0,"Index, base year = 100",MM23,671.8,13.5,PublicFinances1800-2023
2000.0,Land and Assessed Taxes,,,5,PublicFinances1800-2023
2000.0,License fee receipts,DH7A,2064.0,-,PublicFinances1800-2023
2000.0,National Accounts Taxes,GCSU,368484.0,-,PublicFinances1800-2023
2000.0,National Insurance Contributions1,AIIH,62068.0,-,PublicFinances1800-2023
2000.0,"Nominal GDP (March-centred, £m)4","Nominal GDP (March-centred, £m)4",1137120.0,393,PublicFinances1800-2023
2000.0,Nominal GDP (£m)3,Nominal GDP (£m)3,1114341.0,355,PublicFinances1800-2023
2000.0,Other Central Government Receipts6,Residual,31230.0,3,PublicFinances1800-2023
2000.0,Other Public Sector Spending10 ,,128848.0,-,PublicFinances1800-2023
2000.0,Other business taxes1,KIH3 + N43V,,-,PublicFinances1800-2023
2000.0,Other public sector taxes and receipts8,Residual,16820.0,-,PublicFinances1800-2023
2000.0,Petroleum Revenue tax (includes supplementary petroleum duty)3,ACCJ,1518.0,-,PublicFinances1800-2023
2000.0,Petroleum royalties3,,,-,PublicFinances1800-2023
2000.0,Public sector gross investment4,JW2Z + JW2S,28907.0,-,PublicFinances1800-2023
2000.0,"Public sector net borrowing
(PSNB)1","Public sector net borrowing
(PSNB)1",-15247.0,21,PublicFinances1800-2023
2000.0,Public sector net debt (PSND)2,Public sector net debt (PSND)2,322000.0,508,PublicFinances1800-2023
2000.0,Social Security7,,109221.0,-,PublicFinances1800-2023
2000.0,Stamp duties,GTBC,8165.0,3,PublicFinances1800-2023
2000.0,Total Central Government spending1,ANLP + ANNS + NSRN,356603.0,50,PublicFinances1800-2023
2000.0,Unit,Source dataset ID,2000.0,1800,PublicFinances1800-2023
2000.0,VAT (Purchase tax prior to 1973)4,NZGF,65479.0,-,PublicFinances1800-2023
2000.0,Years,Years,,1800-01,PublicFinances1800-2023
2000.0,o/w non-pensioners,,50236.0,-,PublicFinances1800-2023
2000.0,o/w pensioners,,58985.0,-,PublicFinances1800-2023
2001.0,Business rates,CUKY,16403.0,-,PublicFinances1800-2023
2001.0,Capital Gains Tax1,MS62,3034.0,-,PublicFinances1800-2023
2001.0,Corporation tax (profits taxes prior to 1966-67)2,CPRN,32608.0,-,PublicFinances1800-2023
2001.0,Council Tax (community charge and domestic rates prior to 1993),NMHM,15391.0,-,PublicFinances1800-2023
2001.0,Current spending3,JW2Q,380275.0,-,PublicFinances1800-2023
2001.0,Custom and excise duties5,CUDG+GTAO+MF6V+ EKED+CDDZ+CWAA,41623.0,18,PublicFinances1800-2023
2001.0,Death duties/Inheritance tax,ACCH,2357.0,-,PublicFinances1800-2023
2001.0,Debt Interest9,NMFX,24314.0,14,PublicFinances1800-2023
2001.0,Defence5,,25400.0,32,PublicFinances1800-2023
2001.0,Education8,,51200.0,-,PublicFinances1800-2023
2001.0,Energy profits levy,JIS6,,-,PublicFinances1800-2023
2001.0,Gas Levy3,,,-,PublicFinances1800-2023
2001.0,Health6,,59800.0,-,PublicFinances1800-2023
2001.0,Income tax1,LIBR-MS62,108654.0,5,PublicFinances1800-2023
2001.0,"Index, base year = 100",MM23,683.7,13.5,PublicFinances1800-2023
2001.0,Land and Assessed Taxes,,,5,PublicFinances1800-2023
2001.0,License fee receipts,DH7A,2183.0,-,PublicFinances1800-2023
2001.0,National Accounts Taxes,GCSU,374527.0,-,PublicFinances1800-2023
2001.0,National Insurance Contributions1,AIIH,63162.0,-,PublicFinances1800-2023
2001.0,"Nominal GDP (March-centred, £m)4","Nominal GDP (March-centred, £m)4",1175810.0,393,PublicFinances1800-2023
2001.0,Nominal GDP (£m)3,Nominal GDP (£m)3,1152999.0,355,PublicFinances1800-2023
2001.0,Other Central Government Receipts6,Residual,32312.0,3,PublicFinances1800-2023
2001.0,Other Public Sector Spending10 ,,140736.0,-,PublicFinances1800-2023
2001.0,Other business taxes1,KIH3 + N43V,,-,PublicFinances1800-2023
2001.0,Other public sector taxes and receipts8,Residual,16840.0,-,PublicFinances1800-2023
2001.0,Petroleum Revenue tax (includes supplementary petroleum duty)3,ACCJ,1310.0,-,PublicFinances1800-2023
2001.0,Petroleum royalties3,,,-,PublicFinances1800-2023
2001.0,Public sector gross investment4,JW2Z + JW2S,37167.0,-,PublicFinances1800-2023
2001.0,"Public sector net borrowing
(PSNB)1","Public sector net borrowing
(PSNB)1",6579.0,21,PublicFinances1800-2023
2001.0,Public sector net debt (PSND)2,Public sector net debt (PSND)2,330600.0,508,PublicFinances1800-2023
2001.0,Social Security7,,115992.0,-,PublicFinances1800-2023
2001.0,Stamp duties,GTBC,6983.0,3,PublicFinances1800-2023
2001.0,Total Central Government spending1,ANLP + ANNS + NSRN,381078.0,50,PublicFinances1800-2023
2001.0,Unit,Source dataset ID,2001.0,1800,PublicFinances1800-2023
2001.0,VAT (Purchase tax prior to 1973)4,NZGF,69349.0,-,PublicFinances1800-2023
2001.0,Years,Years,,1800-01,PublicFinances1800-2023
2001.0,o/w non-pensioners,,52663.0,-,PublicFinances1800-2023
2001.0,o/w pensioners,,63329.0,-,PublicFinances1800-2023
2002.0,Business rates,CUKY,16718.0,-,PublicFinances1800-2023
2002.0,Capital Gains Tax1,MS62,1596.0,-,PublicFinances1800-2023
2002.0,Corporation tax (profits taxes prior to 1966-67)2,CPRN,30122.0,-,PublicFinances1800-2023
2002.0,Council Tax (community charge and domestic rates prior to 1993),NMHM,16797.0,-,PublicFinances1800-2023
2002.0,Current spending3,JW2Q,408626.0,-,PublicFinances1800-2023
2002.0,Custom and excise duties5,CUDG+GTAO+MF6V+ EKED+CDDZ+CWAA,42689.0,18,PublicFinances1800-2023
2002.0,Death duties/Inheritance tax,ACCH,2356.0,-,PublicFinances1800-2023
2002.0,Debt Interest9,NMFX,22117.0,14,PublicFinances1800-2023
2002.0,Defence5,,27000.0,32,PublicFinances1800-2023
2002.0,Education8,,54700.0,-,PublicFinances1800-2023
2002.0,Energy profits levy,JIS6,,-,PublicFinances1800-2023
2002.0,Gas Levy3,,,-,PublicFinances1800-2023
2002.0,Health6,,66200.0,-,PublicFinances1800-2023
2002.0,Income tax1,LIBR-MS62,110777.0,5,PublicFinances1800-2023
2002.0,"Index, base year = 100",MM23,695.1,13.5,PublicFinances1800-2023
2002.0,Land and Assessed Taxes,,,5,PublicFinances1800-2023
2002.0,License fee receipts,DH7A,2287.0,-,PublicFinances1800-2023
2002.0,National Accounts Taxes,GCSU,380164.0,-,PublicFinances1800-2023
2002.0,National Insurance Contributions1,AIIH,63529.0,-,PublicFinances1800-2023
2002.0,"Nominal GDP (March-centred, £m)4","Nominal GDP (March-centred, £m)4",1241522.0,393,PublicFinances1800-2023
2002.0,Nominal GDP (£m)3,Nominal GDP (£m)3,1209047.0,355,PublicFinances1800-2023
2002.0,Other Central Government Receipts6,Residual,34436.0,3,PublicFinances1800-2023
2002.0,Other Public Sector Spending10 ,,161083.0,-,PublicFinances1800-2023
2002.0,Other business taxes1,KIH3 + N43V,,-,PublicFinances1800-2023
2002.0,Other public sector taxes and receipts8,Residual,15324.0,-,PublicFinances1800-2023
2002.0,Petroleum Revenue tax (includes supplementary petroleum duty)3,ACCJ,958.0,-,PublicFinances1800-2023
2002.0,Petroleum royalties3,,,-,PublicFinances1800-2023
2002.0,Public sector gross investment4,JW2Z + JW2S,43157.0,-,PublicFinances1800-2023
2002.0,"Public sector net borrowing
(PSNB)1","Public sector net borrowing
(PSNB)1",36402.0,21,PublicFinances1800-2023
2002.0,Public sector net debt (PSND)2,Public sector net debt (PSND)2,369200.0,508,PublicFinances1800-2023
2002.0,Social Security7,,120683.0,-,PublicFinances1800-2023
2002.0,Stamp duties,GTBC,7549.0,3,PublicFinances1800-2023
2002.0,Total Central Government spending1,ANLP + ANNS + NSRN,413402.0,50,PublicFinances1800-2023
2002.0,Unit,Source dataset ID,2002.0,1800,PublicFinances1800-2023
2002.0,VAT (Purchase tax prior to 1973)4,NZGF,72604.0,-,PublicFinances1800-2023
2002.0,Years,Years,,1800-01,PublicFinances1800-2023
2002.0,o/w non-pensioners,,55189.0,-,PublicFinances1800-2023
2002.0,o/w pensioners,,65494.0,-,PublicFinances1800-2023
2003.0,Business rates,CUKY,16555.0,-,PublicFinances1800-2023
2003.0,Capital Gains Tax1,MS62,2225.0,-,PublicFinances1800-2023
2003.0,Corporation tax (profits taxes prior to 1966-67)2,CPRN,30737.0,-,PublicFinances1800-2023
2003.0,Council Tax (community charge and domestic rates prior to 1993),NMHM,18898.0,-,PublicFinances1800-2023
2003.0,Current spending3,JW2Q,445889.0,-,PublicFinances1800-2023
2003.0,Custom and excise duties5,CUDG+GTAO+MF6V+ EKED+CDDZ+CWAA,44479.0,18,PublicFinances1800-2023
2003.0,Death duties/Inheritance tax,ACCH,2504.0,-,PublicFinances1800-2023
2003.0,Debt Interest9,NMFX,23237.0,14,PublicFinances1800-2023
2003.0,Defence5,,28800.0,32,PublicFinances1800-2023
2003.0,Education8,,61000.0,-,PublicFinances1800-2023
2003.0,Energy profits levy,JIS6,,-,PublicFinances1800-2023
2003.0,Gas Levy3,,,-,PublicFinances1800-2023
2003.0,Health6,,74900.0,-,PublicFinances1800-2023
2003.0,Income tax1,LIBR-MS62,116921.0,5,PublicFinances1800-2023
2003.0,"Index, base year = 100",MM23,715.2,13.5,PublicFinances1800-2023
2003.0,Land and Assessed Taxes,,,5,PublicFinances1800-2023
2003.0,License fee receipts,DH7A,2391.0,-,PublicFinances1800-2023
2003.0,National Accounts Taxes,GCSU,411702.0,-,PublicFinances1800-2023
2003.0,National Insurance Contributions1,AIIH,75148.0,-,PublicFinances1800-2023
2003.0,"Nominal GDP (March-centred, £m)4","Nominal GDP (March-centred, £m)4",1308493.0,393,PublicFinances1800-2023
2003.0,Nominal GDP (£m)3,Nominal GDP (£m)3,1275294.0,355,PublicFinances1800-2023
2003.0,Other Central Government Receipts6,Residual,34816.0,3,PublicFinances1800-2023
2003.0,Other Public Sector Spending10 ,,173540.0,-,PublicFinances1800-2023
2003.0,Other business taxes1,KIH3 + N43V,,-,PublicFinances1800-2023
2003.0,Other public sector taxes and receipts8,Residual,18323.0,-,PublicFinances1800-2023
2003.0,Petroleum Revenue tax (includes supplementary petroleum duty)3,ACCJ,1179.0,-,PublicFinances1800-2023
2003.0,Petroleum royalties3,,,-,PublicFinances1800-2023
2003.0,Public sector gross investment4,JW2Z + JW2S,47777.0,-,PublicFinances1800-2023
2003.0,"Public sector net borrowing
(PSNB)1","Public sector net borrowing
(PSNB)1",43695.0,21,PublicFinances1800-2023
2003.0,Public sector net debt (PSND)2,Public sector net debt (PSND)2,404500.0,508,PublicFinances1800-2023
2003.0,Social Security7,,132189.0,-,PublicFinances1800-2023
2003.0,Stamp duties,GTBC,7544.0,3,PublicFinances1800-2023
2003.0,Total Central Government spending1,ANLP + ANNS + NSRN,451054.0,50,PublicFinances1800-2023
2003.0,Unit,Source dataset ID,2003.0,1800,PublicFinances1800-2023
2003.0,VAT (Purchase tax prior to 1973)4,NZGF,80290.0,-,PublicFinances1800-2023
2003.0,Years,Years,,1800-01,PublicFinances1800-2023
2003.0,o/w non-pensioners,,63551.0,-,PublicFinances1800-2023
2003.0,o/w pensioners,,68638.0,-,PublicFinances1800-2023
2004.0,Business rates,CUKY,16941.0,-,PublicFinances1800-2023
2004.0,Capital Gains Tax1,MS62,2282.0,-,PublicFinances1800-2023
2004.0,Corporation tax (profits taxes prior to 1966-67)2,CPRN,38466.0,-,PublicFinances1800-2023
2004.0,Council Tax (community charge and domestic rates prior to 1993),NMHM,20049.0,-,PublicFinances1800-2023
2004.0,Current spending3,JW2Q,478922.0,-,PublicFinances1800-2023
2004.0,Custom and excise duties5,CUDG+GTAO+MF6V+ EKED+CDDZ+CWAA,44882.0,18,PublicFinances1800-2023
2004.0,Death duties/Inheritance tax,ACCH,2924.0,-,PublicFinances1800-2023
2004.0,Debt Interest9,NMFX,24961.0,14,PublicFinances1800-2023
2004.0,Defence5,,29800.0,32,PublicFinances1800-2023
2004.0,Education8,,65100.0,-,PublicFinances1800-2023
2004.0,Energy profits levy,JIS6,,-,PublicFinances1800-2023
2004.0,Gas Levy3,,,-,PublicFinances1800-2023
2004.0,Health6,,82900.0,-,PublicFinances1800-2023
2004.0,Income tax1,LIBR-MS62,126432.0,5,PublicFinances1800-2023
2004.0,"Index, base year = 100",MM23,736.5,13.5,PublicFinances1800-2023
2004.0,Land and Assessed Taxes,,,5,PublicFinances1800-2023
2004.0,License fee receipts,DH7A,2508.0,-,PublicFinances1800-2023
2004.0,National Accounts Taxes,GCSU,442165.0,-,PublicFinances1800-2023
2004.0,National Insurance Contributions1,AIIH,80923.0,-,PublicFinances1800-2023
2004.0,"Nominal GDP (March-centred, £m)4","Nominal GDP (March-centred, £m)4",1378668.0,393,PublicFinances1800-2023
2004.0,Nominal GDP (£m)3,Nominal GDP (£m)3,1342278.0,355,PublicFinances1800-2023
2004.0,Other Central Government Receipts6,Residual,35716.0,3,PublicFinances1800-2023
2004.0,Other Public Sector Spending10 ,,190355.0,-,PublicFinances1800-2023
2004.0,Other business taxes1,KIH3 + N43V,,-,PublicFinances1800-2023
2004.0,Other public sector taxes and receipts8,Residual,20162.0,-,PublicFinances1800-2023
2004.0,Petroleum Revenue tax (includes supplementary petroleum duty)3,ACCJ,1284.0,-,PublicFinances1800-2023
2004.0,Petroleum royalties3,,,-,PublicFinances1800-2023
2004.0,Public sector gross investment4,JW2Z + JW2S,54578.0,-,PublicFinances1800-2023
2004.0,"Public sector net borrowing
(PSNB)1","Public sector net borrowing
(PSNB)1",52548.0,21,PublicFinances1800-2023
2004.0,Public sector net debt (PSND)2,Public sector net debt (PSND)2,460900.0,508,PublicFinances1800-2023
2004.0,Social Security7,,140384.0,-,PublicFinances1800-2023
2004.0,Stamp duties,GTBC,8966.0,3,PublicFinances1800-2023
2004.0,Total Central Government spending1,ANLP + ANNS + NSRN,483848.0,50,PublicFinances1800-2023
2004.0,Unit,Source dataset ID,2004.0,1800,PublicFinances1800-2023
2004.0,VAT (Purchase tax prior to 1973)4,NZGF,82791.0,-,PublicFinances1800-2023
2004.0,Years,Years,,1800-01,PublicFinances1800-2023
2004.0,o/w non-pensioners,,66819.0,-,PublicFinances1800-2023
2004.0,o/w pensioners,,73564.0,-,PublicFinances1800-2023
2005.0,Business rates,CUKY,18000.0,-,PublicFinances1800-2023
2005.0,Capital Gains Tax1,MS62,3042.0,-,PublicFinances1800-2023
2005.0,Corporation tax (profits taxes prior to 1966-67)2,CPRN,46020.0,-,PublicFinances1800-2023
2005.0,Council Tax (community charge and domestic rates prior to 1993),NMHM,21219.0,-,PublicFinances1800-2023
2005.0,Current spending3,JW2Q,508293.0,-,PublicFinances1800-2023
2005.0,Custom and excise duties5,CUDG+GTAO+MF6V+ EKED+CDDZ+CWAA,45608.0,18,PublicFinances1800-2023
2005.0,Death duties/Inheritance tax,ACCH,3258.0,-,PublicFinances1800-2023
2005.0,Debt Interest9,NMFX,27999.0,14,PublicFinances1800-2023
2005.0,Defence5,,31000.0,32,PublicFinances1800-2023
2005.0,Education8,,69800.0,-,PublicFinances1800-2023
2005.0,Energy profits levy,JIS6,,-,PublicFinances1800-2023
2005.0,Gas Levy3,,,-,PublicFinances1800-2023
2005.0,Health6,,89800.0,-,PublicFinances1800-2023
2005.0,Income tax1,LIBR-MS62,136074.0,5,PublicFinances1800-2023
2005.0,"Index, base year = 100",MM23,757.3,13.5,PublicFinances1800-2023
2005.0,Land and Assessed Taxes,,,5,PublicFinances1800-2023
2005.0,License fee receipts,DH7A,2623.0,-,PublicFinances1800-2023
2005.0,National Accounts Taxes,GCSU,473170.0,-,PublicFinances1800-2023
2005.0,National Insurance Contributions1,AIIH,85559.0,-,PublicFinances1800-2023
2005.0,"Nominal GDP (March-centred, £m)4","Nominal GDP (March-centred, £m)4",1456514.0,393,PublicFinances1800-2023
2005.0,Nominal GDP (£m)3,Nominal GDP (£m)3,1420970.0,355,PublicFinances1800-2023
2005.0,Other Central Government Receipts6,Residual,36992.0,3,PublicFinances1800-2023
2005.0,Other Public Sector Spending10 ,,199870.0,-,PublicFinances1800-2023
2005.0,Other business taxes1,KIH3 + N43V,,-,PublicFinances1800-2023
2005.0,Other public sector taxes and receipts8,Residual,25287.0,-,PublicFinances1800-2023
2005.0,Petroleum Revenue tax (includes supplementary petroleum duty)3,ACCJ,2016.0,-,PublicFinances1800-2023
2005.0,Petroleum royalties3,,,-,PublicFinances1800-2023
2005.0,Public sector gross investment4,JW2Z + JW2S,57427.0,-,PublicFinances1800-2023
2005.0,"Public sector net borrowing
(PSNB)1","Public sector net borrowing
(PSNB)1",46110.0,21,PublicFinances1800-2023
2005.0,Public sector net debt (PSND)2,Public sector net debt (PSND)2,499400.0,508,PublicFinances1800-2023
2005.0,Social Security7,,147251.0,-,PublicFinances1800-2023
2005.0,Stamp duties,GTBC,10918.0,3,PublicFinances1800-2023
2005.0,Total Central Government spending1,ANLP + ANNS + NSRN,510626.0,50,PublicFinances1800-2023
2005.0,Unit,Source dataset ID,2005.0,1800,PublicFinances1800-2023
2005.0,VAT (Purchase tax prior to 1973)4,NZGF,84903.0,-,PublicFinances1800-2023
2005.0,Years,Years,,1800-01,PublicFinances1800-2023
2005.0,o/w non-pensioners,,69312.0,-,PublicFinances1800-2023
2005.0,o/w pensioners,,77940.0,-,PublicFinances1800-2023
2006.0,Business rates,CUKY,19111.0,-,PublicFinances1800-2023
2006.0,Capital Gains Tax1,MS62,3830.0,-,PublicFinances1800-2023
2006.0,Corporation tax (profits taxes prior to 1966-67)2,CPRN,46338.0,-,PublicFinances1800-2023
2006.0,Council Tax (community charge and domestic rates prior to 1993),NMHM,22333.0,-,PublicFinances1800-2023
2006.0,Current spending3,JW2Q,532381.0,-,PublicFinances1800-2023
2006.0,Custom and excise duties5,CUDG+GTAO+MF6V+ EKED+CDDZ+CWAA,45391.0,18,PublicFinances1800-2023
2006.0,Death duties/Inheritance tax,ACCH,3545.0,-,PublicFinances1800-2023
2006.0,Debt Interest9,NMFX,29261.0,14,PublicFinances1800-2023
2006.0,Defence5,,32200.0,32,PublicFinances1800-2023
2006.0,Education8,,73000.0,-,PublicFinances1800-2023
2006.0,Energy profits levy,JIS6,,-,PublicFinances1800-2023
2006.0,Gas Levy3,,,-,PublicFinances1800-2023
2006.0,Health6,,94700.0,-,PublicFinances1800-2023
2006.0,Income tax1,LIBR-MS62,146495.0,5,PublicFinances1800-2023
2006.0,"Index, base year = 100",MM23,781.5,13.5,PublicFinances1800-2023
2006.0,Land and Assessed Taxes,,,5,PublicFinances1800-2023
2006.0,License fee receipts,DH7A,2745.0,-,PublicFinances1800-2023
2006.0,National Accounts Taxes,GCSU,502325.0,-,PublicFinances1800-2023
2006.0,National Insurance Contributions1,AIIH,90916.0,-,PublicFinances1800-2023
2006.0,"Nominal GDP (March-centred, £m)4","Nominal GDP (March-centred, £m)4",1526479.0,393,PublicFinances1800-2023
2006.0,Nominal GDP (£m)3,Nominal GDP (£m)3,1487963.0,355,PublicFinances1800-2023
2006.0,Other Central Government Receipts6,Residual,38369.0,3,PublicFinances1800-2023
2006.0,Other Public Sector Spending10 ,,210533.0,-,PublicFinances1800-2023
2006.0,Other business taxes1,KIH3 + N43V,,-,PublicFinances1800-2023
2006.0,Other public sector taxes and receipts8,Residual,26216.0,-,PublicFinances1800-2023
2006.0,Petroleum Revenue tax (includes supplementary petroleum duty)3,ACCJ,2155.0,-,PublicFinances1800-2023
2006.0,Petroleum royalties3,,,-,PublicFinances1800-2023
2006.0,Public sector gross investment4,JW2Z + JW2S,59611.0,-,PublicFinances1800-2023
2006.0,"Public sector net borrowing
(PSNB)1","Public sector net borrowing
(PSNB)1",42172.0,21,PublicFinances1800-2023
2006.0,Public sector net debt (PSND)2,Public sector net debt (PSND)2,535200.0,508,PublicFinances1800-2023
2006.0,Social Security7,,152298.0,-,PublicFinances1800-2023
2006.0,Stamp duties,GTBC,13393.0,3,PublicFinances1800-2023
2006.0,Total Central Government spending1,ANLP + ANNS + NSRN,538726.0,50,PublicFinances1800-2023
2006.0,Unit,Source dataset ID,2006.0,1800,PublicFinances1800-2023
2006.0,VAT (Purchase tax prior to 1973)4,NZGF,91329.0,-,PublicFinances1800-2023
2006.0,Years,Years,,1800-01,PublicFinances1800-2023
2006.0,o/w non-pensioners,,71734.0,-,PublicFinances1800-2023
2006.0,o/w pensioners,,80564.0,-,PublicFinances1800-2023
2007.0,Business rates,CUKY,19522.0,-,PublicFinances1800-2023
2007.0,Capital Gains Tax1,MS62,5268.0,-,PublicFinances1800-2023
2007.0,Corporation tax (profits taxes prior to 1966-67)2,CPRN,47103.0,-,PublicFinances1800-2023
2007.0,Council Tax (community charge and domestic rates prior to 1993),NMHM,23514.0,-,PublicFinances1800-2023
2007.0,Current spending3,JW2Q,565906.0,-,PublicFinances1800-2023
2007.0,Custom and excise duties5,CUDG+GTAO+MF6V+ EKED+CDDZ+CWAA,48444.0,18,PublicFinances1800-2023
2007.0,Death duties/Inheritance tax,ACCH,3824.0,-,PublicFinances1800-2023
2007.0,Debt Interest9,NMFX,33469.0,14,PublicFinances1800-2023
2007.0,Defence5,,33700.0,32,PublicFinances1800-2023
2007.0,Education8,,78700.0,-,PublicFinances1800-2023
2007.0,Energy profits levy,JIS6,,-,PublicFinances1800-2023
2007.0,Gas Levy3,,,-,PublicFinances1800-2023
2007.0,Health6,,101100.0,-,PublicFinances1800-2023
2007.0,Income tax1,LIBR-MS62,157092.0,5,PublicFinances1800-2023
2007.0,"Index, base year = 100",MM23,815.0,13.5,PublicFinances1800-2023
2007.0,Land and Assessed Taxes,,,5,PublicFinances1800-2023
2007.0,License fee receipts,DH7A,2858.0,-,PublicFinances1800-2023
2007.0,National Accounts Taxes,GCSU,528844.0,-,PublicFinances1800-2023
2007.0,National Insurance Contributions1,AIIH,95437.0,-,PublicFinances1800-2023
2007.0,"Nominal GDP (March-centred, £m)4","Nominal GDP (March-centred, £m)4",1592423.0,393,PublicFinances1800-2023
2007.0,Nominal GDP (£m)3,Nominal GDP (£m)3,1567027.0,355,PublicFinances1800-2023
2007.0,Other Central Government Receipts6,Residual,42939.0,3,PublicFinances1800-2023
2007.0,Other Public Sector Spending10 ,,205161.0,-,PublicFinances1800-2023
2007.0,Other business taxes1,KIH3 + N43V,,-,PublicFinances1800-2023
2007.0,Other public sector taxes and receipts8,Residual,28250.0,-,PublicFinances1800-2023
2007.0,Petroleum Revenue tax (includes supplementary petroleum duty)3,ACCJ,1680.0,-,PublicFinances1800-2023
2007.0,Petroleum royalties3,,,-,PublicFinances1800-2023
2007.0,Public sector gross investment4,JW2Z + JW2S,62913.0,-,PublicFinances1800-2023
2007.0,"Public sector net borrowing
(PSNB)1","Public sector net borrowing
(PSNB)1",47125.0,21,PublicFinances1800-2023
2007.0,Public sector net debt (PSND)2,Public sector net debt (PSND)2,567200.0,508,PublicFinances1800-2023
2007.0,Social Security7,,176689.0,-,PublicFinances1800-2023
2007.0,Stamp duties,GTBC,14123.0,3,PublicFinances1800-2023
2007.0,Total Central Government spending1,ANLP + ANNS + NSRN,575875.0,50,PublicFinances1800-2023
2007.0,Unit,Source dataset ID,2007.0,1800,PublicFinances1800-2023
2007.0,VAT (Purchase tax prior to 1973)4,NZGF,93800.0,-,PublicFinances1800-2023
2007.0,Years,Years,,1800-01,PublicFinances1800-2023
2007.0,o/w non-pensioners,,82488.0,-,PublicFinances1800-2023
2007.0,o/w pensioners,,94201.0,-,PublicFinances1800-2023
2008.0,Business rates,CUKY,20853.0,-,PublicFinances1800-2023
2008.0,Capital Gains Tax1,MS62,7852.0,-,PublicFinances1800-2023
2008.0,Corporation tax (profits taxes prior to 1966-67)2,CPRN,38141.0,-,PublicFinances1800-2023
2008.0,Council Tax (community charge and domestic rates prior to 1993),NMHM,24516.0,-,PublicFinances1800-2023
2008.0,Current spending3,JW2Q,600435.0,-,PublicFinances1800-2023
2008.0,Custom and excise duties5,CUDG+GTAO+MF6V+ EKED+CDDZ+CWAA,48526.0,18,PublicFinances1800-2023
2008.0,Death duties/Inheritance tax,ACCH,2837.0,-,PublicFinances1800-2023
2008.0,Debt Interest9,NMFX,34895.0,14,PublicFinances1800-2023
2008.0,Defence5,,36800.0,32,PublicFinances1800-2023
2008.0,Education8,,83000.0,-,PublicFinances1800-2023
2008.0,Energy profits levy,JIS6,,-,PublicFinances1800-2023
2008.0,Gas Levy3,,,-,PublicFinances1800-2023
2008.0,Health6,,108700.0,-,PublicFinances1800-2023
2008.0,Income tax1,LIBR-MS62,150839.0,5,PublicFinances1800-2023
2008.0,"Index, base year = 100",MM23,847.5,13.5,PublicFinances1800-2023
2008.0,Land and Assessed Taxes,,,5,PublicFinances1800-2023
2008.0,License fee receipts,DH7A,2977.0,-,PublicFinances1800-2023
2008.0,National Accounts Taxes,GCSU,510197.0,-,PublicFinances1800-2023
2008.0,National Insurance Contributions1,AIIH,96613.0,-,PublicFinances1800-2023
2008.0,"Nominal GDP (March-centred, £m)4","Nominal GDP (March-centred, £m)4",1558283.0,393,PublicFinances1800-2023
2008.0,Nominal GDP (£m)3,Nominal GDP (£m)3,1583394.0,355,PublicFinances1800-2023
2008.0,Other Central Government Receipts6,Residual,46778.0,3,PublicFinances1800-2023
2008.0,Other Public Sector Spending10 ,,247134.0,-,PublicFinances1800-2023
2008.0,Other business taxes1,KIH3 + N43V,,-,PublicFinances1800-2023
2008.0,Other public sector taxes and receipts8,Residual,29371.0,-,PublicFinances1800-2023
2008.0,Petroleum Revenue tax (includes supplementary petroleum duty)3,ACCJ,2567.0,-,PublicFinances1800-2023
2008.0,Petroleum royalties3,,,-,PublicFinances1800-2023
2008.0,Public sector gross investment4,JW2Z + JW2S,85978.0,-,PublicFinances1800-2023
2008.0,"Public sector net borrowing
(PSNB)1","Public sector net borrowing
(PSNB)1",119372.0,21,PublicFinances1800-2023
2008.0,Public sector net debt (PSND)2,Public sector net debt (PSND)2,787200.0,508,PublicFinances1800-2023
2008.0,Social Security7,,175884.0,-,PublicFinances1800-2023
2008.0,Stamp duties,GTBC,8002.0,3,PublicFinances1800-2023
2008.0,Total Central Government spending1,ANLP + ANNS + NSRN,616360.0,50,PublicFinances1800-2023
2008.0,Unit,Source dataset ID,2008.0,1800,PublicFinances1800-2023
2008.0,VAT (Purchase tax prior to 1973)4,NZGF,89227.0,-,PublicFinances1800-2023
2008.0,Years,Years,,1800-01,PublicFinances1800-2023
2008.0,o/w non-pensioners,,82516.0,-,PublicFinances1800-2023
2008.0,o/w pensioners,,93368.0,-,PublicFinances1800-2023
2009.0,Business rates,CUKY,21317.0,-,PublicFinances1800-2023
2009.0,Capital Gains Tax1,MS62,2491.0,-,PublicFinances1800-2023
2009.0,Corporation tax (profits taxes prior to 1966-67)2,CPRN,40035.0,-,PublicFinances1800-2023
2009.0,Council Tax (community charge and domestic rates prior to 1993),NMHM,25061.0,-,PublicFinances1800-2023
2009.0,Current spending3,JW2Q,634809.0,-,PublicFinances1800-2023
2009.0,Custom and excise duties5,CUDG+GTAO+MF6V+ EKED+CDDZ+CWAA,52450.0,18,PublicFinances1800-2023
2009.0,Death duties/Inheritance tax,ACCH,2386.0,-,PublicFinances1800-2023
2009.0,Debt Interest9,NMFX,24431.0,14,PublicFinances1800-2023
2009.0,Defence5,,37700.0,32,PublicFinances1800-2023
2009.0,Education8,,88500.0,-,PublicFinances1800-2023
2009.0,Energy profits levy,JIS6,,-,PublicFinances1800-2023
2009.0,Gas Levy3,,,-,PublicFinances1800-2023
2009.0,Health6,,116900.0,-,PublicFinances1800-2023
2009.0,Income tax1,LIBR-MS62,147148.0,5,PublicFinances1800-2023
2009.0,"Index, base year = 100",MM23,843.0,13.5,PublicFinances1800-2023
2009.0,Land and Assessed Taxes,,,5,PublicFinances1800-2023
2009.0,License fee receipts,DH7A,3028.0,-,PublicFinances1800-2023
2009.0,National Accounts Taxes,GCSU,503858.0,-,PublicFinances1800-2023
2009.0,National Insurance Contributions1,AIIH,96638.0,-,PublicFinances1800-2023
2009.0,"Nominal GDP (March-centred, £m)4","Nominal GDP (March-centred, £m)4",1594090.0,393,PublicFinances1800-2023
2009.0,Nominal GDP (£m)3,Nominal GDP (£m)3,1561331.0,355,PublicFinances1800-2023
2009.0,Other Central Government Receipts6,Residual,47360.0,3,PublicFinances1800-2023
2009.0,Other Public Sector Spending10 ,,261395.0,-,PublicFinances1800-2023
2009.0,Other business taxes1,KIH3 + N43V,,-,PublicFinances1800-2023
2009.0,Other public sector taxes and receipts8,Residual,30982.0,-,PublicFinances1800-2023
2009.0,Petroleum Revenue tax (includes supplementary petroleum duty)3,ACCJ,923.0,-,PublicFinances1800-2023
2009.0,Petroleum royalties3,,,-,PublicFinances1800-2023
2009.0,Public sector gross investment4,JW2Z + JW2S,86930.0,-,PublicFinances1800-2023
2009.0,"Public sector net borrowing
(PSNB)1","Public sector net borrowing
(PSNB)1",159906.0,21,PublicFinances1800-2023
2009.0,Public sector net debt (PSND)2,Public sector net debt (PSND)2,1027900.0,508,PublicFinances1800-2023
2009.0,Social Security7,,192813.0,-,PublicFinances1800-2023
2009.0,Stamp duties,GTBC,7904.0,3,PublicFinances1800-2023
2009.0,Total Central Government spending1,ANLP + ANNS + NSRN,658340.0,50,PublicFinances1800-2023
2009.0,Unit,Source dataset ID,2009.0,1800,PublicFinances1800-2023
2009.0,VAT (Purchase tax prior to 1973)4,NZGF,86244.0,-,PublicFinances1800-2023
2009.0,Years,Years,,1800-01,PublicFinances1800-2023
2009.0,o/w non-pensioners,,93037.0,-,PublicFinances1800-2023
2009.0,o/w pensioners,,99777.0,-,PublicFinances1800-2023
2010.0,Business rates,CUKY,21254.0,-,PublicFinances1800-2023
2010.0,Capital Gains Tax1,MS62,3601.0,-,PublicFinances1800-2023
2010.0,Corporation tax (profits taxes prior to 1966-67)2,CPRN,43931.0,-,PublicFinances1800-2023
2010.0,Council Tax (community charge and domestic rates prior to 1993),NMHM,25563.0,-,PublicFinances1800-2023
2010.0,Current spending3,JW2Q,662728.0,-,PublicFinances1800-2023
2010.0,Custom and excise duties5,CUDG+GTAO+MF6V+ EKED+CDDZ+CWAA,53951.0,18,PublicFinances1800-2023
2010.0,Death duties/Inheritance tax,ACCH,2716.0,-,PublicFinances1800-2023
2010.0,Debt Interest9,NMFX,39324.0,14,PublicFinances1800-2023
2010.0,Defence5,,39300.0,32,PublicFinances1800-2023
2010.0,Education8,,91500.0,-,PublicFinances1800-2023
2010.0,Energy profits levy,JIS6,,-,PublicFinances1800-2023
2010.0,Gas Levy3,,,-,PublicFinances1800-2023
2010.0,Health6,,119900.0,-,PublicFinances1800-2023
2010.0,Income tax1,LIBR-MS62,153246.0,5,PublicFinances1800-2023
2010.0,"Index, base year = 100",MM23,881.9,13.5,PublicFinances1800-2023
2010.0,Land and Assessed Taxes,,,5,PublicFinances1800-2023
2010.0,License fee receipts,DH7A,3064.0,-,PublicFinances1800-2023
2010.0,National Accounts Taxes,GCSU,540768.0,-,PublicFinances1800-2023
2010.0,National Insurance Contributions1,AIIH,97747.0,-,PublicFinances1800-2023
2010.0,"Nominal GDP (March-centred, £m)4","Nominal GDP (March-centred, £m)4",1651191.0,393,PublicFinances1800-2023
2010.0,Nominal GDP (£m)3,Nominal GDP (£m)3,1630474.0,355,PublicFinances1800-2023
2010.0,Other Central Government Receipts6,Residual,53843.0,3,PublicFinances1800-2023
2010.0,Other Public Sector Spending10 ,,253826.0,-,PublicFinances1800-2023
2010.0,Other business taxes1,KIH3 + N43V,42.0,-,PublicFinances1800-2023
2010.0,Other public sector taxes and receipts8,Residual,32776.0,-,PublicFinances1800-2023
2010.0,Petroleum Revenue tax (includes supplementary petroleum duty)3,ACCJ,1458.0,-,PublicFinances1800-2023
2010.0,Petroleum royalties3,,,-,PublicFinances1800-2023
2010.0,Public sector gross investment4,JW2Z + JW2S,80981.0,-,PublicFinances1800-2023
2010.0,"Public sector net borrowing
(PSNB)1","Public sector net borrowing
(PSNB)1",141786.0,21,PublicFinances1800-2023
2010.0,Public sector net debt (PSND)2,Public sector net debt (PSND)2,1168700.0,508,PublicFinances1800-2023
2010.0,Social Security7,,199859.0,-,PublicFinances1800-2023
2010.0,Stamp duties,GTBC,8931.0,3,PublicFinances1800-2023
2010.0,Total Central Government spending1,ANLP + ANNS + NSRN,683528.0,50,PublicFinances1800-2023
2010.0,Unit,Source dataset ID,2010.0,1800,PublicFinances1800-2023
2010.0,VAT (Purchase tax prior to 1973)4,NZGF,101286.0,-,PublicFinances1800-2023
2010.0,Years,Years,,1800-01,PublicFinances1800-2023
2010.0,o/w non-pensioners,,96233.0,-,PublicFinances1800-2023
2010.0,o/w pensioners,,103626.0,-,PublicFinances1800-2023
2011.0,Business rates,CUKY,22868.0,-,PublicFinances1800-2023
2011.0,Capital Gains Tax1,MS62,4337.0,-,PublicFinances1800-2023
2011.0,Corporation tax (profits taxes prior to 1966-67)2,CPRN,41737.0,-,PublicFinances1800-2023
2011.0,Council Tax (community charge and domestic rates prior to 1993),NMHM,25777.0,-,PublicFinances1800-2023
2011.0,Current spending3,JW2Q,671400.0,-,PublicFinances1800-2023
2011.0,Custom and excise duties5,CUDG+GTAO+MF6V+ EKED+CDDZ+CWAA,55414.0,18,PublicFinances1800-2023
2011.0,Death duties/Inheritance tax,ACCH,2905.0,-,PublicFinances1800-2023
2011.0,Debt Interest9,NMFX,45004.0,14,PublicFinances1800-2023
2011.0,Defence5,,38700.0,32,PublicFinances1800-2023
2011.0,Education8,,86500.0,-,PublicFinances1800-2023
2011.0,Energy profits levy,JIS6,,-,PublicFinances1800-2023
2011.0,Gas Levy3,,,-,PublicFinances1800-2023
2011.0,Health6,,121300.0,-,PublicFinances1800-2023
2011.0,Income tax1,LIBR-MS62,152702.0,5,PublicFinances1800-2023
2011.0,"Index, base year = 100",MM23,927.8,13.5,PublicFinances1800-2023
2011.0,Land and Assessed Taxes,,,5,PublicFinances1800-2023
2011.0,License fee receipts,DH7A,3113.0,-,PublicFinances1800-2023
2011.0,National Accounts Taxes,GCSU,559618.0,-,PublicFinances1800-2023
2011.0,National Insurance Contributions1,AIIH,101597.0,-,PublicFinances1800-2023
2011.0,"Nominal GDP (March-centred, £m)4","Nominal GDP (March-centred, £m)4",1698631.0,393,PublicFinances1800-2023
2011.0,Nominal GDP (£m)3,Nominal GDP (£m)3,1671352.0,355,PublicFinances1800-2023
2011.0,Other Central Government Receipts6,Residual,54143.0,3,PublicFinances1800-2023
2011.0,Other Public Sector Spending10 ,,248463.0,-,PublicFinances1800-2023
2011.0,Other business taxes1,KIH3 + N43V,2382.0,-,PublicFinances1800-2023
2011.0,Other public sector taxes and receipts8,Residual,32793.0,-,PublicFinances1800-2023
2011.0,Petroleum Revenue tax (includes supplementary petroleum duty)3,ACCJ,2032.0,-,PublicFinances1800-2023
2011.0,Petroleum royalties3,,,-,PublicFinances1800-2023
2011.0,Public sector gross investment4,JW2Z + JW2S,74820.0,-,PublicFinances1800-2023
2011.0,"Public sector net borrowing
(PSNB)1","Public sector net borrowing
(PSNB)1",121290.0,21,PublicFinances1800-2023
2011.0,Public sector net debt (PSND)2,Public sector net debt (PSND)2,1261200.0,508,PublicFinances1800-2023
2011.0,Social Security7,,206253.0,-,PublicFinances1800-2023
2011.0,Stamp duties,GTBC,8919.0,3,PublicFinances1800-2023
2011.0,Total Central Government spending1,ANLP + ANNS + NSRN,679871.0,50,PublicFinances1800-2023
2011.0,Unit,Source dataset ID,2011.0,1800,PublicFinances1800-2023
2011.0,VAT (Purchase tax prior to 1973)4,NZGF,114204.0,-,PublicFinances1800-2023
2011.0,Years,Years,,1800-01,PublicFinances1800-2023
2011.0,o/w non-pensioners,,98630.0,-,PublicFinances1800-2023
2011.0,o/w pensioners,,107622.0,-,PublicFinances1800-2023
2012.0,Business rates,CUKY,23725.0,-,PublicFinances1800-2023
2012.0,Capital Gains Tax1,MS62,3927.0,-,PublicFinances1800-2023
2012.0,Corporation tax (profits taxes prior to 1966-67)2,CPRN,40748.0,-,PublicFinances1800-2023
2012.0,Council Tax (community charge and domestic rates prior to 1993),NMHM,26146.0,-,PublicFinances1800-2023
2012.0,Current spending3,JW2Q,682996.0,-,PublicFinances1800-2023
2012.0,Custom and excise duties5,CUDG+GTAO+MF6V+ EKED+CDDZ+CWAA,55105.0,18,PublicFinances1800-2023
2012.0,Death duties/Inheritance tax,ACCH,3106.0,-,PublicFinances1800-2023
2012.0,Debt Interest9,NMFX,37969.0,14,PublicFinances1800-2023
2012.0,Defence5,,36300.0,32,PublicFinances1800-2023
2012.0,Education8,,84100.0,-,PublicFinances1800-2023
2012.0,Energy profits levy,JIS6,,-,PublicFinances1800-2023
2012.0,Gas Levy3,,,-,PublicFinances1800-2023
2012.0,Health6,,124300.0,-,PublicFinances1800-2023
2012.0,Income tax1,LIBR-MS62,152291.0,5,PublicFinances1800-2023
2012.0,"Index, base year = 100",MM23,957.6,13.5,PublicFinances1800-2023
2012.0,Land and Assessed Taxes,,,5,PublicFinances1800-2023
2012.0,License fee receipts,DH7A,3085.0,-,PublicFinances1800-2023
2012.0,National Accounts Taxes,GCSU,565756.0,-,PublicFinances1800-2023
2012.0,National Insurance Contributions1,AIIH,104483.0,-,PublicFinances1800-2023
2012.0,"Nominal GDP (March-centred, £m)4","Nominal GDP (March-centred, £m)4",1762710.0,393,PublicFinances1800-2023
2012.0,Nominal GDP (£m)3,Nominal GDP (£m)3,1726983.0,355,PublicFinances1800-2023
2012.0,Other Central Government Receipts6,Residual,64873.0,3,PublicFinances1800-2023
2012.0,Other Public Sector Spending10 ,,264708.0,-,PublicFinances1800-2023
2012.0,Other business taxes1,KIH3 + N43V,1773.0,-,PublicFinances1800-2023
2012.0,Other public sector taxes and receipts8,Residual,29343.0,-,PublicFinances1800-2023
2012.0,Petroleum Revenue tax (includes supplementary petroleum duty)3,ACCJ,1737.0,-,PublicFinances1800-2023
2012.0,Petroleum royalties3,,,-,PublicFinances1800-2023
2012.0,Public sector gross investment4,JW2Z + JW2S,78402.0,-,PublicFinances1800-2023
2012.0,"Public sector net borrowing
(PSNB)1","Public sector net borrowing
(PSNB)1",123911.0,21,PublicFinances1800-2023
2012.0,Public sector net debt (PSND)2,Public sector net debt (PSND)2,1366200.0,508,PublicFinances1800-2023
2012.0,Social Security7,,214021.0,-,PublicFinances1800-2023
2012.0,Stamp duties,GTBC,9140.0,3,PublicFinances1800-2023
2012.0,Total Central Government spending1,ANLP + ANNS + NSRN,705711.0,50,PublicFinances1800-2023
2012.0,Unit,Source dataset ID,2012.0,1800,PublicFinances1800-2023
2012.0,VAT (Purchase tax prior to 1973)4,NZGF,117312.0,-,PublicFinances1800-2023
2012.0,Years,Years,,1800-01,PublicFinances1800-2023
2012.0,o/w non-pensioners,,100539.0,-,PublicFinances1800-2023
2012.0,o/w pensioners,,113482.0,-,PublicFinances1800-2023
2013.0,Business rates,CUKY,24848.0,-,PublicFinances1800-2023
2013.0,Capital Gains Tax1,MS62,3908.0,-,PublicFinances1800-2023
2013.0,Corporation tax (profits taxes prior to 1966-67)2,CPRN,40671.0,-,PublicFinances1800-2023
2013.0,Council Tax (community charge and domestic rates prior to 1993),NMHM,27364.0,-,PublicFinances1800-2023
2013.0,Current spending3,JW2Q,693627.0,-,PublicFinances1800-2023
2013.0,Custom and excise duties5,CUDG+GTAO+MF6V+ EKED+CDDZ+CWAA,55854.0,18,PublicFinances1800-2023
2013.0,Death duties/Inheritance tax,ACCH,3401.0,-,PublicFinances1800-2023
2013.0,Debt Interest9,NMFX,38472.0,14,PublicFinances1800-2023
2013.0,Defence5,,36400.0,32,PublicFinances1800-2023
2013.0,Education8,,84700.0,-,PublicFinances1800-2023
2013.0,Energy profits levy,JIS6,,-,PublicFinances1800-2023
2013.0,Gas Levy3,,,-,PublicFinances1800-2023
2013.0,Health6,,129400.0,-,PublicFinances1800-2023
2013.0,Income tax1,LIBR-MS62,157618.0,5,PublicFinances1800-2023
2013.0,"Index, base year = 100",MM23,986.7,13.5,PublicFinances1800-2023
2013.0,Land and Assessed Taxes,,,5,PublicFinances1800-2023
2013.0,License fee receipts,DH7A,3120.0,-,PublicFinances1800-2023
2013.0,National Accounts Taxes,GCSU,589649.0,-,PublicFinances1800-2023
2013.0,National Insurance Contributions1,AIIH,107306.0,-,PublicFinances1800-2023
2013.0,"Nominal GDP (March-centred, £m)4","Nominal GDP (March-centred, £m)4",1845771.0,393,PublicFinances1800-2023
2013.0,Nominal GDP (£m)3,Nominal GDP (£m)3,1806096.0,355,PublicFinances1800-2023
2013.0,Other Central Government Receipts6,Residual,72704.0,3,PublicFinances1800-2023
2013.0,Other Public Sector Spending10 ,,268501.0,-,PublicFinances1800-2023
2013.0,Other business taxes1,KIH3 + N43V,2430.0,-,PublicFinances1800-2023
2013.0,Other public sector taxes and receipts8,Residual,27414.0,-,PublicFinances1800-2023
2013.0,Petroleum Revenue tax (includes supplementary petroleum duty)3,ACCJ,1118.0,-,PublicFinances1800-2023
2013.0,Petroleum royalties3,,,-,PublicFinances1800-2023
2013.0,Public sector gross investment4,JW2Z + JW2S,74587.0,-,PublicFinances1800-2023
2013.0,"Public sector net borrowing
(PSNB)1","Public sector net borrowing
(PSNB)1",102465.0,21,PublicFinances1800-2023
2013.0,Public sector net debt (PSND)2,Public sector net debt (PSND)2,1461100.0,508,PublicFinances1800-2023
2013.0,Social Security7,,210741.0,-,PublicFinances1800-2023
2013.0,Stamp duties,GTBC,12481.0,3,PublicFinances1800-2023
2013.0,Total Central Government spending1,ANLP + ANNS + NSRN,710552.0,50,PublicFinances1800-2023
2013.0,Unit,Source dataset ID,2013.0,1800,PublicFinances1800-2023
2013.0,VAT (Purchase tax prior to 1973)4,NZGF,123592.0,-,PublicFinances1800-2023
2013.0,Years,Years,,1800-01,PublicFinances1800-2023
2013.0,o/w non-pensioners,,96346.0,-,PublicFinances1800-2023
2013.0,o/w pensioners,,114395.0,-,PublicFinances1800-2023
2014.0,Business rates,CUKY,25105.0,-,PublicFinances1800-2023
2014.0,Capital Gains Tax1,MS62,5559.0,-,PublicFinances1800-2023
2014.0,Corporation tax (profits taxes prior to 1966-67)2,CPRN,44271.0,-,PublicFinances1800-2023
2014.0,Council Tax (community charge and domestic rates prior to 1993),NMHM,28144.0,-,PublicFinances1800-2023
2014.0,Current spending3,JW2Q,704023.0,-,PublicFinances1800-2023
2014.0,Custom and excise duties5,CUDG+GTAO+MF6V+ EKED+CDDZ+CWAA,55955.0,18,PublicFinances1800-2023
2014.0,Death duties/Inheritance tax,ACCH,3802.0,-,PublicFinances1800-2023
2014.0,Debt Interest9,NMFX,37588.0,14,PublicFinances1800-2023
2014.0,Defence5,,36700.0,32,PublicFinances1800-2023
2014.0,Education8,,85100.0,-,PublicFinances1800-2023
2014.0,Energy profits levy,JIS6,,-,PublicFinances1800-2023
2014.0,Gas Levy3,,,-,PublicFinances1800-2023
2014.0,Health6,,134100.0,-,PublicFinances1800-2023
2014.0,Income tax1,LIBR-MS62,163619.0,5,PublicFinances1800-2023
2014.0,"Index, base year = 100",MM23,1010.0,13.5,PublicFinances1800-2023
2014.0,Land and Assessed Taxes,,,5,PublicFinances1800-2023
2014.0,License fee receipts,DH7A,3137.0,-,PublicFinances1800-2023
2014.0,National Accounts Taxes,GCSU,611684.0,-,PublicFinances1800-2023
2014.0,National Insurance Contributions1,AIIH,110260.0,-,PublicFinances1800-2023
2014.0,"Nominal GDP (March-centred, £m)4","Nominal GDP (March-centred, £m)4",1905355.0,393,PublicFinances1800-2023
2014.0,Nominal GDP (£m)3,Nominal GDP (£m)3,1875897.0,355,PublicFinances1800-2023
2014.0,Other Central Government Receipts6,Residual,73849.0,3,PublicFinances1800-2023
2014.0,Other Public Sector Spending10 ,,277771.0,-,PublicFinances1800-2023
2014.0,Other business taxes1,KIH3 + N43V,3117.0,-,PublicFinances1800-2023
2014.0,Other public sector taxes and receipts8,Residual,31638.0,-,PublicFinances1800-2023
2014.0,Petroleum Revenue tax (includes supplementary petroleum duty)3,ACCJ,77.0,-,PublicFinances1800-2023
2014.0,Petroleum royalties3,,,-,PublicFinances1800-2023
2014.0,Public sector gross investment4,JW2Z + JW2S,82476.0,-,PublicFinances1800-2023
2014.0,"Public sector net borrowing
(PSNB)1","Public sector net borrowing
(PSNB)1",96867.0,21,PublicFinances1800-2023
2014.0,Public sector net debt (PSND)2,Public sector net debt (PSND)2,1552900.0,508,PublicFinances1800-2023
2014.0,Social Security7,,215240.0,-,PublicFinances1800-2023
2014.0,Stamp duties,GTBC,13779.0,3,PublicFinances1800-2023
2014.0,Total Central Government spending1,ANLP + ANNS + NSRN,724389.0,50,PublicFinances1800-2023
2014.0,Unit,Source dataset ID,2014.0,1800,PublicFinances1800-2023
2014.0,VAT (Purchase tax prior to 1973)4,NZGF,128316.0,-,PublicFinances1800-2023
2014.0,Years,Years,,1800-01,PublicFinances1800-2023
2014.0,o/w non-pensioners,,97286.0,-,PublicFinances1800-2023
2014.0,o/w pensioners,,117954.0,-,PublicFinances1800-2023
2015.0,Business rates,CUKY,25584.0,-,PublicFinances1800-2023
2015.0,Capital Gains Tax1,MS62,7060.0,-,PublicFinances1800-2023
2015.0,Corporation tax (profits taxes prior to 1966-67)2,CPRN,44801.0,-,PublicFinances1800-2023
2015.0,Council Tax (community charge and domestic rates prior to 1993),NMHM,28986.0,-,PublicFinances1800-2023
2015.0,Current spending3,JW2Q,714764.0,-,PublicFinances1800-2023
2015.0,Custom and excise duties5,CUDG+GTAO+MF6V+ EKED+CDDZ+CWAA,56371.0,18,PublicFinances1800-2023
2015.0,Death duties/Inheritance tax,ACCH,4650.0,-,PublicFinances1800-2023
2015.0,Debt Interest9,NMFX,33041.0,14,PublicFinances1800-2023
2015.0,Defence5,,36600.0,32,PublicFinances1800-2023
2015.0,Education8,,84900.0,-,PublicFinances1800-2023
2015.0,Energy profits levy,JIS6,,-,PublicFinances1800-2023
2015.0,Gas Levy3,,,-,PublicFinances1800-2023
2015.0,Health6,,138500.0,-,PublicFinances1800-2023
2015.0,Income tax1,LIBR-MS62,168874.0,5,PublicFinances1800-2023
2015.0,"Index, base year = 100",MM23,1020.0,13.5,PublicFinances1800-2023
2015.0,Land and Assessed Taxes,,,5,PublicFinances1800-2023
2015.0,License fee receipts,DH7A,3115.0,-,PublicFinances1800-2023
2015.0,National Accounts Taxes,GCSU,633752.0,-,PublicFinances1800-2023
2015.0,National Insurance Contributions1,AIIH,114061.0,-,PublicFinances1800-2023
2015.0,"Nominal GDP (March-centred, £m)4","Nominal GDP (March-centred, £m)4",1973425.0,393,PublicFinances1800-2023
2015.0,Nominal GDP (£m)3,Nominal GDP (£m)3,1937570.0,355,PublicFinances1800-2023
2015.0,Other Central Government Receipts6,Residual,74315.0,3,PublicFinances1800-2023
2015.0,Other Public Sector Spending10 ,,283851.0,-,PublicFinances1800-2023
2015.0,Other business taxes1,KIH3 + N43V,3198.0,-,PublicFinances1800-2023
2015.0,Other public sector taxes and receipts8,Residual,35075.0,-,PublicFinances1800-2023
2015.0,Petroleum Revenue tax (includes supplementary petroleum duty)3,ACCJ,-562.0,-,PublicFinances1800-2023
2015.0,Petroleum royalties3,,,-,PublicFinances1800-2023
2015.0,Public sector gross investment4,JW2Z + JW2S,79979.0,-,PublicFinances1800-2023
2015.0,"Public sector net borrowing
(PSNB)1","Public sector net borrowing
(PSNB)1",81516.0,21,PublicFinances1800-2023
2015.0,Public sector net debt (PSND)2,Public sector net debt (PSND)2,1599700.0,508,PublicFinances1800-2023
2015.0,Social Security7,,217851.0,-,PublicFinances1800-2023
2015.0,Stamp duties,GTBC,14597.0,3,PublicFinances1800-2023
2015.0,Total Central Government spending1,ANLP + ANNS + NSRN,729724.0,50,PublicFinances1800-2023
2015.0,Unit,Source dataset ID,2015.0,1800,PublicFinances1800-2023
2015.0,VAT (Purchase tax prior to 1973)4,NZGF,133953.0,-,PublicFinances1800-2023
2015.0,Years,Years,,1800-01,PublicFinances1800-2023
2015.0,o/w non-pensioners,,97551.0,-,PublicFinances1800-2023
2015.0,o/w pensioners,,120300.0,-,PublicFinances1800-2023
2016.0,Business rates,CUKY,26392.0,-,PublicFinances1800-2023
2016.0,Capital Gains Tax1,MS62,8561.0,-,PublicFinances1800-2023
2016.0,Corporation tax (profits taxes prior to 1966-67)2,CPRN,53666.0,-,PublicFinances1800-2023
2016.0,Council Tax (community charge and domestic rates prior to 1993),NMHM,30361.0,-,PublicFinances1800-2023
2016.0,Current spending3,JW2Q,725217.0,-,PublicFinances1800-2023
2016.0,Custom and excise duties5,CUDG+GTAO+MF6V+ EKED+CDDZ+CWAA,56927.0,18,PublicFinances1800-2023
2016.0,Death duties/Inheritance tax,ACCH,4823.0,-,PublicFinances1800-2023
2016.0,Debt Interest9,NMFX,35659.0,14,PublicFinances1800-2023
2016.0,Defence5,,37100.0,32,PublicFinances1800-2023
2016.0,Education8,,84900.0,-,PublicFinances1800-2023
2016.0,Energy profits levy,JIS6,,-,PublicFinances1800-2023
2016.0,Gas Levy3,,,-,PublicFinances1800-2023
2016.0,Health6,,142600.0,-,PublicFinances1800-2023
2016.0,Income tax1,LIBR-MS62,176951.0,5,PublicFinances1800-2023
2016.0,"Index, base year = 100",MM23,1037.7,13.5,PublicFinances1800-2023
2016.0,Land and Assessed Taxes,,,5,PublicFinances1800-2023
2016.0,License fee receipts,DH7A,3163.0,-,PublicFinances1800-2023
2016.0,National Accounts Taxes,GCSU,676482.0,-,PublicFinances1800-2023
2016.0,National Insurance Contributions1,AIIH,125784.0,-,PublicFinances1800-2023
2016.0,"Nominal GDP (March-centred, £m)4","Nominal GDP (March-centred, £m)4",2064621.0,393,PublicFinances1800-2023
2016.0,Nominal GDP (£m)3,Nominal GDP (£m)3,2022931.0,355,PublicFinances1800-2023
2016.0,Other Central Government Receipts6,Residual,79128.0,3,PublicFinances1800-2023
2016.0,Other Public Sector Spending10 ,,294755.0,-,PublicFinances1800-2023
2016.0,Other business taxes1,KIH3 + N43V,3138.0,-,PublicFinances1800-2023
2016.0,Other public sector taxes and receipts8,Residual,33725.0,-,PublicFinances1800-2023
2016.0,Petroleum Revenue tax (includes supplementary petroleum duty)3,ACCJ,-653.0,-,PublicFinances1800-2023
2016.0,Petroleum royalties3,,,-,PublicFinances1800-2023
2016.0,Public sector gross investment4,JW2Z + JW2S,88641.0,-,PublicFinances1800-2023
2016.0,"Public sector net borrowing
(PSNB)1","Public sector net borrowing
(PSNB)1",54804.0,21,PublicFinances1800-2023
2016.0,Public sector net debt (PSND)2,Public sector net debt (PSND)2,1718000.0,508,PublicFinances1800-2023
2016.0,Social Security7,,218844.0,-,PublicFinances1800-2023
2016.0,Stamp duties,GTBC,16123.0,3,PublicFinances1800-2023
2016.0,Total Central Government spending1,ANLP + ANNS + NSRN,739061.0,50,PublicFinances1800-2023
2016.0,Unit,Source dataset ID,2016.0,1800,PublicFinances1800-2023
2016.0,VAT (Purchase tax prior to 1973)4,NZGF,139483.0,-,PublicFinances1800-2023
2016.0,Years,Years,,1800-01,PublicFinances1800-2023
2016.0,o/w non-pensioners,,96879.0,-,PublicFinances1800-2023
2016.0,o/w pensioners,,121965.0,-,PublicFinances1800-2023
2017.0,Business rates,CUKY,26636.0,-,PublicFinances1800-2023
2017.0,Capital Gains Tax1,MS62,7793.0,-,PublicFinances1800-2023
2017.0,Corporation tax (profits taxes prior to 1966-67)2,CPRN,55541.0,-,PublicFinances1800-2023
2017.0,Council Tax (community charge and domestic rates prior to 1993),NMHM,32134.0,-,PublicFinances1800-2023
2017.0,Current spending3,JW2Q,742216.0,-,PublicFinances1800-2023
2017.0,Custom and excise duties5,CUDG+GTAO+MF6V+ EKED+CDDZ+CWAA,57951.0,18,PublicFinances1800-2023
2017.0,Death duties/Inheritance tax,ACCH,5204.0,-,PublicFinances1800-2023
2017.0,Debt Interest9,NMFX,42487.0,14,PublicFinances1800-2023
2017.0,Defence5,,38700.0,32,PublicFinances1800-2023
2017.0,Education8,,86100.0,-,PublicFinances1800-2023
2017.0,Energy profits levy,JIS6,,-,PublicFinances1800-2023
2017.0,Gas Levy3,,,-,PublicFinances1800-2023
2017.0,Health6,,147300.0,-,PublicFinances1800-2023
2017.0,Income tax1,LIBR-MS62,180609.0,5,PublicFinances1800-2023
2017.0,"Index, base year = 100",MM23,1074.9,13.5,PublicFinances1800-2023
2017.0,Land and Assessed Taxes,,,5,PublicFinances1800-2023
2017.0,License fee receipts,DH7A,3181.0,-,PublicFinances1800-2023
2017.0,National Accounts Taxes,GCSU,700471.0,-,PublicFinances1800-2023
2017.0,National Insurance Contributions1,AIIH,131547.0,-,PublicFinances1800-2023
2017.0,"Nominal GDP (March-centred, £m)4","Nominal GDP (March-centred, £m)4",2141094.0,393,PublicFinances1800-2023
2017.0,Nominal GDP (£m)3,Nominal GDP (£m)3,2102925.0,355,PublicFinances1800-2023
2017.0,Other Central Government Receipts6,Residual,84537.0,3,PublicFinances1800-2023
2017.0,Other Public Sector Spending10 ,,301405.0,-,PublicFinances1800-2023
2017.0,Other business taxes1,KIH3 + N43V,2823.0,-,PublicFinances1800-2023
2017.0,Other public sector taxes and receipts8,Residual,32512.0,-,PublicFinances1800-2023
2017.0,Petroleum Revenue tax (includes supplementary petroleum duty)3,ACCJ,-568.0,-,PublicFinances1800-2023
2017.0,Petroleum royalties3,,,-,PublicFinances1800-2023
2017.0,Public sector gross investment4,JW2Z + JW2S,94686.0,-,PublicFinances1800-2023
2017.0,"Public sector net borrowing
(PSNB)1","Public sector net borrowing
(PSNB)1",58916.0,21,PublicFinances1800-2023
2017.0,Public sector net debt (PSND)2,Public sector net debt (PSND)2,1757300.0,508,PublicFinances1800-2023
2017.0,Social Security7,,220910.0,-,PublicFinances1800-2023
2017.0,Stamp duties,GTBC,17114.0,3,PublicFinances1800-2023
2017.0,Total Central Government spending1,ANLP + ANNS + NSRN,766065.0,50,PublicFinances1800-2023
2017.0,Unit,Source dataset ID,2017.0,1800,PublicFinances1800-2023
2017.0,VAT (Purchase tax prior to 1973)4,NZGF,143646.0,-,PublicFinances1800-2023
2017.0,Years,Years,,1800-01,PublicFinances1800-2023
2017.0,o/w non-pensioners,,97406.0,-,PublicFinances1800-2023
2017.0,o/w pensioners,,123504.0,-,PublicFinances1800-2023
2018.0,Business rates,CUKY,27624.0,-,PublicFinances1800-2023
2018.0,Capital Gains Tax1,MS62,9191.0,-,PublicFinances1800-2023
2018.0,Corporation tax (profits taxes prior to 1966-67)2,CPRN,56841.0,-,PublicFinances1800-2023
2018.0,Council Tax (community charge and domestic rates prior to 1993),NMHM,34832.0,-,PublicFinances1800-2023
2018.0,Current spending3,JW2Q,761139.0,-,PublicFinances1800-2023
2018.0,Custom and excise duties5,CUDG+GTAO+MF6V+ EKED+CDDZ+CWAA,59525.0,18,PublicFinances1800-2023
2018.0,Death duties/Inheritance tax,ACCH,5360.0,-,PublicFinances1800-2023
2018.0,Debt Interest9,NMFX,42094.0,14,PublicFinances1800-2023
2018.0,Defence5,,40200.0,32,PublicFinances1800-2023
2018.0,Education8,,88100.0,-,PublicFinances1800-2023
2018.0,Energy profits levy,JIS6,,-,PublicFinances1800-2023
2018.0,Gas Levy3,,,-,PublicFinances1800-2023
2018.0,Health6,,152900.0,-,PublicFinances1800-2023
2018.0,Income tax1,LIBR-MS62,192505.0,5,PublicFinances1800-2023
2018.0,"Index, base year = 100",MM23,1110.8,13.5,PublicFinances1800-2023
2018.0,Land and Assessed Taxes,,,5,PublicFinances1800-2023
2018.0,License fee receipts,DH7A,3227.0,-,PublicFinances1800-2023
2018.0,National Accounts Taxes,GCSU,735240.0,-,PublicFinances1800-2023
2018.0,National Insurance Contributions1,AIIH,137461.0,-,PublicFinances1800-2023
2018.0,"Nominal GDP (March-centred, £m)4","Nominal GDP (March-centred, £m)4",2214465.0,393,PublicFinances1800-2023
2018.0,Nominal GDP (£m)3,Nominal GDP (£m)3,2177222.0,355,PublicFinances1800-2023
2018.0,Other Central Government Receipts6,Residual,87178.0,3,PublicFinances1800-2023
2018.0,Other Public Sector Spending10 ,,306813.0,-,PublicFinances1800-2023
2018.0,Other business taxes1,KIH3 + N43V,2535.0,-,PublicFinances1800-2023
2018.0,Other public sector taxes and receipts8,Residual,29603.0,-,PublicFinances1800-2023
2018.0,Petroleum Revenue tax (includes supplementary petroleum duty)3,ACCJ,-744.0,-,PublicFinances1800-2023
2018.0,Petroleum royalties3,,,-,PublicFinances1800-2023
2018.0,Public sector gross investment4,JW2Z + JW2S,93426.0,-,PublicFinances1800-2023
2018.0,"Public sector net borrowing
(PSNB)1","Public sector net borrowing
(PSNB)1",44267.0,21,PublicFinances1800-2023
2018.0,Public sector net debt (PSND)2,Public sector net debt (PSND)2,1776900.0,508,PublicFinances1800-2023
2018.0,Social Security7,,224458.0,-,PublicFinances1800-2023
2018.0,Stamp duties,GTBC,16507.0,3,PublicFinances1800-2023
2018.0,Total Central Government spending1,ANLP + ANNS + NSRN,782544.0,50,PublicFinances1800-2023
2018.0,Unit,Source dataset ID,2018.0,1800,PublicFinances1800-2023
2018.0,VAT (Purchase tax prior to 1973)4,NZGF,151803.0,-,PublicFinances1800-2023
2018.0,Years,Years,,1800-01,PublicFinances1800-2023
2018.0,o/w non-pensioners,,98366.0,-,PublicFinances1800-2023
2018.0,o/w pensioners,,126092.0,-,PublicFinances1800-2023
2019.0,Business rates,CUKY,27918.0,-,PublicFinances1800-2023
2019.0,Capital Gains Tax1,MS62,9827.0,-,PublicFinances1800-2023
2019.0,Corporation tax (profits taxes prior to 1966-67)2,CPRN,51344.0,-,PublicFinances1800-2023
2019.0,Council Tax (community charge and domestic rates prior to 1993),NMHM,36339.0,-,PublicFinances1800-2023
2019.0,Current spending3,JW2Q,791476.0,-,PublicFinances1800-2023
2019.0,Custom and excise duties5,CUDG+GTAO+MF6V+ EKED+CDDZ+CWAA,59928.0,18,PublicFinances1800-2023
2019.0,Death duties/Inheritance tax,ACCH,5122.0,-,PublicFinances1800-2023
2019.0,Debt Interest9,NMFX,36845.0,14,PublicFinances1800-2023
2019.0,Defence5,,42200.0,32,PublicFinances1800-2023
2019.0,Education8,,92400.0,-,PublicFinances1800-2023
2019.0,Energy profits levy,JIS6,,-,PublicFinances1800-2023
2019.0,Gas Levy3,,,-,PublicFinances1800-2023
2019.0,Health6,,164100.0,-,PublicFinances1800-2023
2019.0,Income tax1,LIBR-MS62,192365.0,5,PublicFinances1800-2023
2019.0,"Index, base year = 100",MM23,1139.3,13.5,PublicFinances1800-2023
2019.0,Land and Assessed Taxes,,,5,PublicFinances1800-2023
2019.0,License fee receipts,DH7A,3259.0,-,PublicFinances1800-2023
2019.0,National Accounts Taxes,GCSU,743560.0,-,PublicFinances1800-2023
2019.0,National Insurance Contributions1,AIIH,143674.0,-,PublicFinances1800-2023
2019.0,"Nominal GDP (March-centred, £m)4","Nominal GDP (March-centred, £m)4",2139511.0,393,PublicFinances1800-2023
2019.0,Nominal GDP (£m)3,Nominal GDP (£m)3,2249423.0,355,PublicFinances1800-2023
2019.0,Other Central Government Receipts6,Residual,90881.0,3,PublicFinances1800-2023
2019.0,Other Public Sector Spending10 ,,321582.0,-,PublicFinances1800-2023
2019.0,Other business taxes1,KIH3 + N43V,2528.0,-,PublicFinances1800-2023
2019.0,Other public sector taxes and receipts8,Residual,33581.0,-,PublicFinances1800-2023
2019.0,Petroleum Revenue tax (includes supplementary petroleum duty)3,ACCJ,-409.0,-,PublicFinances1800-2023
2019.0,Petroleum royalties3,,,-,PublicFinances1800-2023
2019.0,Public sector gross investment4,JW2Z + JW2S,94479.0,-,PublicFinances1800-2023
2019.0,"Public sector net borrowing
(PSNB)1","Public sector net borrowing
(PSNB)1",61453.0,21,PublicFinances1800-2023
2019.0,Public sector net debt (PSND)2,Public sector net debt (PSND)2,1815000.0,508,PublicFinances1800-2023
2019.0,Social Security7,,228828.0,-,PublicFinances1800-2023
2019.0,Stamp duties,GTBC,16166.0,3,PublicFinances1800-2023
2019.0,Total Central Government spending1,ANLP + ANNS + NSRN,813662.0,50,PublicFinances1800-2023
2019.0,Unit,Source dataset ID,2019.0,1800,PublicFinances1800-2023
2019.0,VAT (Purchase tax prior to 1973)4,NZGF,153971.0,-,PublicFinances1800-2023
2019.0,Years,Years,,1800-01,PublicFinances1800-2023
2019.0,o/w non-pensioners,,100473.0,-,PublicFinances1800-2023
2019.0,o/w pensioners,,128355.0,-,PublicFinances1800-2023
2020.0,Business rates,CUKY,15222.0,-,PublicFinances1800-2023
2020.0,Capital Gains Tax1,MS62,11131.0,-,PublicFinances1800-2023
2020.0,Corporation tax (profits taxes prior to 1966-67)2,CPRN,54872.0,-,PublicFinances1800-2023
2020.0,Council Tax (community charge and domestic rates prior to 1993),NMHM,37577.0,-,PublicFinances1800-2023
2020.0,Current spending3,JW2Q,980813.0,-,PublicFinances1800-2023
2020.0,Custom and excise duties5,CUDG+GTAO+MF6V+ EKED+CDDZ+CWAA,50105.0,18,PublicFinances1800-2023
2020.0,Death duties/Inheritance tax,ACCH,5327.0,-,PublicFinances1800-2023
2020.0,Debt Interest9,NMFX,25132.0,14,PublicFinances1800-2023
2020.0,Defence5,,44582.0,32,PublicFinances1800-2023
2020.0,Education8,,95526.0,-,PublicFinances1800-2023
2020.0,Energy profits levy,JIS6,,-,PublicFinances1800-2023
2020.0,Gas Levy3,,,-,PublicFinances1800-2023
2020.0,Health6,,218568.0,-,PublicFinances1800-2023
2020.0,Income tax1,LIBR-MS62,195306.0,5,PublicFinances1800-2023
2020.0,"Index, base year = 100",MM23,1156.4,13.5,PublicFinances1800-2023
2020.0,Land and Assessed Taxes,,,5,PublicFinances1800-2023
2020.0,License fee receipts,DH7A,3667.0,-,PublicFinances1800-2023
2020.0,National Accounts Taxes,GCSU,709603.0,-,PublicFinances1800-2023
2020.0,National Insurance Contributions1,AIIH,144213.0,-,PublicFinances1800-2023
2020.0,"Nominal GDP (March-centred, £m)4","Nominal GDP (March-centred, £m)4",2216594.0,393,PublicFinances1800-2023
2020.0,Nominal GDP (£m)3,Nominal GDP (£m)3,2085204.0,355,PublicFinances1800-2023
2020.0,Other Central Government Receipts6,Residual,90877.0,3,PublicFinances1800-2023
2020.0,Other Public Sector Spending10 ,,473242.0,-,PublicFinances1800-2023
2020.0,Other business taxes1,KIH3 + N43V,2042.0,-,PublicFinances1800-2023
2020.0,Other public sector taxes and receipts8,Residual,32069.0,-,PublicFinances1800-2023
2020.0,Petroleum Revenue tax (includes supplementary petroleum duty)3,ACCJ,-241.0,-,PublicFinances1800-2023
2020.0,Petroleum royalties3,,,-,PublicFinances1800-2023
2020.0,Public sector gross investment4,JW2Z + JW2S,125674.0,-,PublicFinances1800-2023
2020.0,"Public sector net borrowing
(PSNB)1","Public sector net borrowing
(PSNB)1",312942.0,21,PublicFinances1800-2023
2020.0,Public sector net debt (PSND)2,Public sector net debt (PSND)2,2152900.0,508,PublicFinances1800-2023
2020.0,Social Security7,,249437.0,-,PublicFinances1800-2023
2020.0,Stamp duties,GTBC,13204.0,3,PublicFinances1800-2023
2020.0,Total Central Government spending1,ANLP + ANNS + NSRN,1046200.0,50,PublicFinances1800-2023
2020.0,Unit,Source dataset ID,2020.0,1800,PublicFinances1800-2023
2020.0,VAT (Purchase tax prior to 1973)4,NZGF,138168.0,-,PublicFinances1800-2023
2020.0,Years,Years,,1800-01,PublicFinances1800-2023
2020.0,o/w non-pensioners,,118139.0,-,PublicFinances1800-2023
2020.0,o/w pensioners,,131298.0,-,PublicFinances1800-2023
2021.0,Business rates,CUKY,22357.0,-,PublicFinances1800-2023
2021.0,Capital Gains Tax1,MS62,15267.0,-,PublicFinances1800-2023
2021.0,Corporation tax (profits taxes prior to 1966-67)2,CPRN,71677.0,-,PublicFinances1800-2023
2021.0,Council Tax (community charge and domestic rates prior to 1993),NMHM,39970.0,-,PublicFinances1800-2023
2021.0,Current spending3,JW2Q,936317.0,-,PublicFinances1800-2023
2021.0,Custom and excise duties5,CUDG+GTAO+MF6V+ EKED+CDDZ+CWAA,57635.0,18,PublicFinances1800-2023
2021.0,Death duties/Inheritance tax,ACCH,6056.0,-,PublicFinances1800-2023
2021.0,Debt Interest9,NMFX,47552.0,14,PublicFinances1800-2023
2021.0,Defence5,,48608.0,32,PublicFinances1800-2023
2021.0,Education8,,100251.0,-,PublicFinances1800-2023
2021.0,Energy profits levy,JIS6,,-,PublicFinances1800-2023
2021.0,Gas Levy3,,,-,PublicFinances1800-2023
2021.0,Health6,,216785.0,-,PublicFinances1800-2023
2021.0,Income tax1,LIBR-MS62,224992.0,5,PublicFinances1800-2023
2021.0,"Index, base year = 100",MM23,1203.2,13.5,PublicFinances1800-2023
2021.0,Land and Assessed Taxes,,,5,PublicFinances1800-2023
2021.0,License fee receipts,DH7A,3832.0,-,PublicFinances1800-2023
2021.0,National Accounts Taxes,GCSU,830996.0,-,PublicFinances1800-2023
2021.0,National Insurance Contributions1,AIIH,159698.0,-,PublicFinances1800-2023
2021.0,"Nominal GDP (March-centred, £m)4","Nominal GDP (March-centred, £m)4",2448075.0,393,PublicFinances1800-2023
2021.0,Nominal GDP (£m)3,Nominal GDP (£m)3,2337907.0,355,PublicFinances1800-2023
2021.0,Other Central Government Receipts6,Residual,92319.0,3,PublicFinances1800-2023
2021.0,Other Public Sector Spending10 ,,374538.0,-,PublicFinances1800-2023
2021.0,Other business taxes1,KIH3 + N43V,1510.0,-,PublicFinances1800-2023
2021.0,Other public sector taxes and receipts8,Residual,38800.0,-,PublicFinances1800-2023
2021.0,Petroleum Revenue tax (includes supplementary petroleum duty)3,ACCJ,-552.0,-,PublicFinances1800-2023
2021.0,Petroleum royalties3,,,-,PublicFinances1800-2023
2021.0,Public sector gross investment4,JW2Z + JW2S,104599.0,-,PublicFinances1800-2023
2021.0,"Public sector net borrowing
(PSNB)1","Public sector net borrowing
(PSNB)1",121091.0,21,PublicFinances1800-2023
2021.0,Public sector net debt (PSND)2,Public sector net debt (PSND)2,2381900.0,508,PublicFinances1800-2023
2021.0,Social Security7,,253182.0,-,PublicFinances1800-2023
2021.0,Stamp duties,GTBC,19788.0,3,PublicFinances1800-2023
2021.0,Total Central Government spending1,ANLP + ANNS + NSRN,983288.0,50,PublicFinances1800-2023
2021.0,Unit,Source dataset ID,2021.0,1800,PublicFinances1800-2023
2021.0,VAT (Purchase tax prior to 1973)4,NZGF,166576.0,-,PublicFinances1800-2023
2021.0,Years,Years,,1800-01,PublicFinances1800-2023
2021.0,o/w non-pensioners,,117137.0,-,PublicFinances1800-2023
2021.0,o/w pensioners,,136045.0,-,PublicFinances1800-2023
2022.0,Business rates,CUKY,25040.0,-,PublicFinances1800-2023
2022.0,Capital Gains Tax1,MS62,18051.0,-,PublicFinances1800-2023
2022.0,Corporation tax (profits taxes prior to 1966-67)2,CPRN,78785.0,-,PublicFinances1800-2023
2022.0,Council Tax (community charge and domestic rates prior to 1993),NMHM,41640.0,-,PublicFinances1800-2023
2022.0,Current spending3,JW2Q,1043605.0,-,PublicFinances1800-2023
2022.0,Custom and excise duties5,CUDG+GTAO+MF6V+ EKED+CDDZ+CWAA,57477.0,18,PublicFinances1800-2023
2022.0,Death duties/Inheritance tax,ACCH,7086.0,-,PublicFinances1800-2023
2022.0,Debt Interest9,NMFX,114670.0,14,PublicFinances1800-2023
2022.0,Defence5,,52998.0,32,PublicFinances1800-2023
2022.0,Education8,,105210.0,-,PublicFinances1800-2023
2022.0,Energy profits levy,JIS6,4441.0,-,PublicFinances1800-2023
2022.0,Gas Levy3,,,-,PublicFinances1800-2023
2022.0,Health6,,215017.0,-,PublicFinances1800-2023
2022.0,Income tax1,LIBR-MS62,248750.0,5,PublicFinances1800-2023
2022.0,"Index, base year = 100",MM23,1342.6,13.5,PublicFinances1800-2023
2022.0,Land and Assessed Taxes,,,5,PublicFinances1800-2023
2022.0,License fee receipts,DH7A,3749.0,-,PublicFinances1800-2023
2022.0,National Accounts Taxes,GCSU,917625.0,-,PublicFinances1800-2023
2022.0,National Insurance Contributions1,AIIH,177564.0,-,PublicFinances1800-2023
2022.0,"Nominal GDP (March-centred, £m)4","Nominal GDP (March-centred, £m)4",2530833.0,393,PublicFinances1800-2023
2022.0,Nominal GDP (£m)3,Nominal GDP (£m)3,2525544.0,355,PublicFinances1800-2023
2022.0,Other Central Government Receipts6,Residual,101687.0,3,PublicFinances1800-2023
2022.0,Other Public Sector Spending10 ,,409703.0,-,PublicFinances1800-2023
2022.0,Other business taxes1,KIH3 + N43V,1323.0,-,PublicFinances1800-2023
2022.0,Other public sector taxes and receipts8,Residual,44976.0,-,PublicFinances1800-2023
2022.0,Petroleum Revenue tax (includes supplementary petroleum duty)3,ACCJ,-234.0,-,PublicFinances1800-2023
2022.0,Petroleum royalties3,,,-,PublicFinances1800-2023
2022.0,Public sector gross investment4,JW2Z + JW2S,110975.0,-,PublicFinances1800-2023
2022.0,"Public sector net borrowing
(PSNB)1","Public sector net borrowing
(PSNB)1",139213.0,21,PublicFinances1800-2023
2022.0,Public sector net debt (PSND)2,Public sector net debt (PSND)2,2530400.0,508,PublicFinances1800-2023
2022.0,Social Security7,,256984.0,-,PublicFinances1800-2023
2022.0,Stamp duties,GTBC,20466.0,3,PublicFinances1800-2023
2022.0,Total Central Government spending1,ANLP + ANNS + NSRN,1076626.0,50,PublicFinances1800-2023
2022.0,Unit,Source dataset ID,2022.0,1800,PublicFinances1800-2023
2022.0,VAT (Purchase tax prior to 1973)4,NZGF,186687.0,-,PublicFinances1800-2023
2022.0,Years,Years,,1800-01,PublicFinances1800-2023
2022.0,o/w non-pensioners,,118896.0,-,PublicFinances1800-2023
2022.0,o/w pensioners,,138088.0,-,PublicFinances1800-2023
,Business rates,CUKY,,-,PublicFinances1800-2023
,Business rates,CUKY,,-,PublicFinances1800-2023
,Business rates,CUKY,,-,PublicFinances1800-2023
,Business rates,CUKY,,-,PublicFinances1800-2023
,Business rates,CUKY,,-,PublicFinances1800-2023
,Business rates,CUKY,,-,PublicFinances1800-2023
,Business rates,CUKY,,-,PublicFinances1800-2023
,Business rates,CUKY,,-,PublicFinances1800-2023
,Business rates,CUKY,,-,PublicFinances1800-2023
,Business rates,CUKY,,-,PublicFinances1800-2023
,Business rates,CUKY,,-,PublicFinances1800-2023
,Business rates,CUKY,,-,PublicFinances1800-2023
,Business rates,CUKY,,-,PublicFinances1800-2023
,Business rates,CUKY,,-,PublicFinances1800-2023
,Business rates,CUKY,,-,PublicFinances1800-2023
,Business rates,CUKY,,-,PublicFinances1800-2023
,Business rates,CUKY,,-,PublicFinances1800-2023
,Business rates,CUKY,,-,PublicFinances1800-2023
,Business rates,CUKY,,-,PublicFinances1800-2023
,Business rates,CUKY,,-,PublicFinances1800-2023
,Business rates,CUKY,,-,PublicFinances1800-2023
,Business rates,CUKY,,-,PublicFinances1800-2023
,Business rates,CUKY,,-,PublicFinances1800-2023
,Business rates,CUKY,,-,PublicFinances1800-2023
,Business rates,CUKY,,-,PublicFinances1800-2023
,Capital Gains Tax1,MS62,,-,PublicFinances1800-2023
,Capital Gains Tax1,MS62,,-,PublicFinances1800-2023
,Capital Gains Tax1,MS62,,-,PublicFinances1800-2023
,Capital Gains Tax1,MS62,,-,PublicFinances1800-2023
,Capital Gains Tax1,MS62,,-,PublicFinances1800-2023
,Capital Gains Tax1,MS62,,-,PublicFinances1800-2023
,Capital Gains Tax1,MS62,,-,PublicFinances1800-2023
,Capital Gains Tax1,MS62,,-,PublicFinances1800-2023
,Capital Gains Tax1,MS62,,-,PublicFinances1800-2023
,Capital Gains Tax1,MS62,,-,PublicFinances1800-2023
,Capital Gains Tax1,MS62,,-,PublicFinances1800-2023
,Capital Gains Tax1,MS62,,-,PublicFinances1800-2023
,Capital Gains Tax1,MS62,,-,PublicFinances1800-2023
,Capital Gains Tax1,MS62,,-,PublicFinances1800-2023
,Capital Gains Tax1,MS62,,-,PublicFinances1800-2023
,Capital Gains Tax1,MS62,,-,PublicFinances1800-2023
,Capital Gains Tax1,MS62,,-,PublicFinances1800-2023
,Capital Gains Tax1,MS62,,-,PublicFinances1800-2023
,Capital Gains Tax1,MS62,,-,PublicFinances1800-2023
,Capital Gains Tax1,MS62,,-,PublicFinances1800-2023
,Capital Gains Tax1,MS62,,-,PublicFinances1800-2023
,Capital Gains Tax1,MS62,,-,PublicFinances1800-2023
,Capital Gains Tax1,MS62,,-,PublicFinances1800-2023
,Capital Gains Tax1,MS62,,-,PublicFinances1800-2023
,Capital Gains Tax1,MS62,,-,PublicFinances1800-2023
,Corporation tax (profits taxes prior to 1966-67)2,CPRN,,-,PublicFinances1800-2023
,Corporation tax (profits taxes prior to 1966-67)2,CPRN,,-,PublicFinances1800-2023
,Corporation tax (profits taxes prior to 1966-67)2,CPRN,,-,PublicFinances1800-2023
,Corporation tax (profits taxes prior to 1966-67)2,CPRN,,-,PublicFinances1800-2023
,Corporation tax (profits taxes prior to 1966-67)2,CPRN,,-,PublicFinances1800-2023
,Corporation tax (profits taxes prior to 1966-67)2,CPRN,,-,PublicFinances1800-2023
,Corporation tax (profits taxes prior to 1966-67)2,CPRN,,-,PublicFinances1800-2023
,Corporation tax (profits taxes prior to 1966-67)2,CPRN,,-,PublicFinances1800-2023
,Corporation tax (profits taxes prior to 1966-67)2,CPRN,,-,PublicFinances1800-2023
,Corporation tax (profits taxes prior to 1966-67)2,CPRN,,-,PublicFinances1800-2023
,Corporation tax (profits taxes prior to 1966-67)2,CPRN,,-,PublicFinances1800-2023
,Corporation tax (profits taxes prior to 1966-67)2,CPRN,,-,PublicFinances1800-2023
,Corporation tax (profits taxes prior to 1966-67)2,CPRN,,-,PublicFinances1800-2023
,Corporation tax (profits taxes prior to 1966-67)2,CPRN,,-,PublicFinances1800-2023
,Corporation tax (profits taxes prior to 1966-67)2,CPRN,,-,PublicFinances1800-2023
,Corporation tax (profits taxes prior to 1966-67)2,CPRN,,-,PublicFinances1800-2023
,Corporation tax (profits taxes prior to 1966-67)2,CPRN,,-,PublicFinances1800-2023
,Corporation tax (profits taxes prior to 1966-67)2,CPRN,,-,PublicFinances1800-2023
,Corporation tax (profits taxes prior to 1966-67)2,CPRN,,-,PublicFinances1800-2023
,Corporation tax (profits taxes prior to 1966-67)2,CPRN,,-,PublicFinances1800-2023
,Corporation tax (profits taxes prior to 1966-67)2,CPRN,,-,PublicFinances1800-2023
,Corporation tax (profits taxes prior to 1966-67)2,CPRN,,-,PublicFinances1800-2023
,Corporation tax (profits taxes prior to 1966-67)2,CPRN,,-,PublicFinances1800-2023
,Corporation tax (profits taxes prior to 1966-67)2,CPRN,,-,PublicFinances1800-2023
,Corporation tax (profits taxes prior to 1966-67)2,CPRN,,-,PublicFinances1800-2023
,Council Tax (community charge and domestic rates prior to 1993),NMHM,,-,PublicFinances1800-2023
,Council Tax (community charge and domestic rates prior to 1993),NMHM,,-,PublicFinances1800-2023
,Council Tax (community charge and domestic rates prior to 1993),NMHM,,-,PublicFinances1800-2023
,Council Tax (community charge and domestic rates prior to 1993),NMHM,,-,PublicFinances1800-2023
,Council Tax (community charge and domestic rates prior to 1993),NMHM,,-,PublicFinances1800-2023
,Council Tax (community charge and domestic rates prior to 1993),NMHM,,-,PublicFinances1800-2023
,Council Tax (community charge and domestic rates prior to 1993),NMHM,,-,PublicFinances1800-2023
,Council Tax (community charge and domestic rates prior to 1993),NMHM,,-,PublicFinances1800-2023
,Council Tax (community charge and domestic rates prior to 1993),NMHM,,-,PublicFinances1800-2023
,Council Tax (community charge and domestic rates prior to 1993),NMHM,,-,PublicFinances1800-2023
,Council Tax (community charge and domestic rates prior to 1993),NMHM,,-,PublicFinances1800-2023
,Council Tax (community charge and domestic rates prior to 1993),NMHM,,-,PublicFinances1800-2023
,Council Tax (community charge and domestic rates prior to 1993),NMHM,,-,PublicFinances1800-2023
,Council Tax (community charge and domestic rates prior to 1993),NMHM,,-,PublicFinances1800-2023
,Council Tax (community charge and domestic rates prior to 1993),NMHM,,-,PublicFinances1800-2023
,Council Tax (community charge and domestic rates prior to 1993),NMHM,,-,PublicFinances1800-2023
,Council Tax (community charge and domestic rates prior to 1993),NMHM,,-,PublicFinances1800-2023
,Council Tax (community charge and domestic rates prior to 1993),NMHM,,-,PublicFinances1800-2023
,Council Tax (community charge and domestic rates prior to 1993),NMHM,,-,PublicFinances1800-2023
,Council Tax (community charge and domestic rates prior to 1993),NMHM,,-,PublicFinances1800-2023
,Council Tax (community charge and domestic rates prior to 1993),NMHM,,-,PublicFinances1800-2023
,Council Tax (community charge and domestic rates prior to 1993),NMHM,,-,PublicFinances1800-2023
,Council Tax (community charge and domestic rates prior to 1993),NMHM,,-,PublicFinances1800-2023
,Council Tax (community charge and domestic rates prior to 1993),NMHM,,-,PublicFinances1800-2023
,Council Tax (community charge and domestic rates prior to 1993),NMHM,,-,PublicFinances1800-2023
,Current spending3,JW2Q,,-,PublicFinances1800-2023
,Current spending3,JW2Q,,-,PublicFinances1800-2023
,Current spending3,JW2Q,,-,PublicFinances1800-2023
,Current spending3,JW2Q,,-,PublicFinances1800-2023
,Current spending3,JW2Q,,-,PublicFinances1800-2023
,Current spending3,JW2Q,,-,PublicFinances1800-2023
,Current spending3,JW2Q,,-,PublicFinances1800-2023
,Current spending3,JW2Q,,-,PublicFinances1800-2023
,Current spending3,JW2Q,,-,PublicFinances1800-2023
,Current spending3,JW2Q,,-,PublicFinances1800-2023
,Current spending3,JW2Q,,-,PublicFinances1800-2023
,Current spending3,JW2Q,,-,PublicFinances1800-2023
,Current spending3,JW2Q,,-,PublicFinances1800-2023
,Current spending3,JW2Q,,-,PublicFinances1800-2023
,Current spending3,JW2Q,,-,PublicFinances1800-2023
,Current spending3,JW2Q,,-,PublicFinances1800-2023
,Current spending3,JW2Q,,-,PublicFinances1800-2023
,Current spending3,JW2Q,,-,PublicFinances1800-2023
,Current spending3,JW2Q,,-,PublicFinances1800-2023
,Current spending3,JW2Q,,-,PublicFinances1800-2023
,Current spending3,JW2Q,,-,PublicFinances1800-2023
,Current spending3,JW2Q,,-,PublicFinances1800-2023
,Current spending3,JW2Q,,-,PublicFinances1800-2023
,Current spending3,JW2Q,,-,PublicFinances1800-2023
,Current spending3,JW2Q,,-,PublicFinances1800-2023
,Custom and excise duties5,CUDG+GTAO+MF6V+ EKED+CDDZ+CWAA,,18,PublicFinances1800-2023
,Custom and excise duties5,CUDG+GTAO+MF6V+ EKED+CDDZ+CWAA,,18,PublicFinances1800-2023
,Custom and excise duties5,CUDG+GTAO+MF6V+ EKED+CDDZ+CWAA,,18,PublicFinances1800-2023
,Custom and excise duties5,CUDG+GTAO+MF6V+ EKED+CDDZ+CWAA,,18,PublicFinances1800-2023
,Custom and excise duties5,CUDG+GTAO+MF6V+ EKED+CDDZ+CWAA,,18,PublicFinances1800-2023
,Custom and excise duties5,CUDG+GTAO+MF6V+ EKED+CDDZ+CWAA,,18,PublicFinances1800-2023
,Custom and excise duties5,CUDG+GTAO+MF6V+ EKED+CDDZ+CWAA,,18,PublicFinances1800-2023
,Custom and excise duties5,CUDG+GTAO+MF6V+ EKED+CDDZ+CWAA,,18,PublicFinances1800-2023
,Custom and excise duties5,CUDG+GTAO+MF6V+ EKED+CDDZ+CWAA,,18,PublicFinances1800-2023
,Custom and excise duties5,CUDG+GTAO+MF6V+ EKED+CDDZ+CWAA,,18,PublicFinances1800-2023
,Custom and excise duties5,CUDG+GTAO+MF6V+ EKED+CDDZ+CWAA,,18,PublicFinances1800-2023
,Custom and excise duties5,CUDG+GTAO+MF6V+ EKED+CDDZ+CWAA,,18,PublicFinances1800-2023
,Custom and excise duties5,CUDG+GTAO+MF6V+ EKED+CDDZ+CWAA,,18,PublicFinances1800-2023
,Custom and excise duties5,CUDG+GTAO+MF6V+ EKED+CDDZ+CWAA,,18,PublicFinances1800-2023
,Custom and excise duties5,CUDG+GTAO+MF6V+ EKED+CDDZ+CWAA,,18,PublicFinances1800-2023
,Custom and excise duties5,CUDG+GTAO+MF6V+ EKED+CDDZ+CWAA,,18,PublicFinances1800-2023
,Custom and excise duties5,CUDG+GTAO+MF6V+ EKED+CDDZ+CWAA,,18,PublicFinances1800-2023
,Custom and excise duties5,CUDG+GTAO+MF6V+ EKED+CDDZ+CWAA,,18,PublicFinances1800-2023
,Custom and excise duties5,CUDG+GTAO+MF6V+ EKED+CDDZ+CWAA,,18,PublicFinances1800-2023
,Custom and excise duties5,CUDG+GTAO+MF6V+ EKED+CDDZ+CWAA,,18,PublicFinances1800-2023
,Custom and excise duties5,CUDG+GTAO+MF6V+ EKED+CDDZ+CWAA,,18,PublicFinances1800-2023
,Custom and excise duties5,CUDG+GTAO+MF6V+ EKED+CDDZ+CWAA,,18,PublicFinances1800-2023
,Custom and excise duties5,CUDG+GTAO+MF6V+ EKED+CDDZ+CWAA,,18,PublicFinances1800-2023
,Custom and excise duties5,CUDG+GTAO+MF6V+ EKED+CDDZ+CWAA,,18,PublicFinances1800-2023
,Custom and excise duties5,CUDG+GTAO+MF6V+ EKED+CDDZ+CWAA,,18,PublicFinances1800-2023
,Death duties/Inheritance tax,ACCH,,-,PublicFinances1800-2023
,Death duties/Inheritance tax,ACCH,,-,PublicFinances1800-2023
,Death duties/Inheritance tax,ACCH,,-,PublicFinances1800-2023
,Death duties/Inheritance tax,ACCH,,-,PublicFinances1800-2023
,Death duties/Inheritance tax,ACCH,,-,PublicFinances1800-2023
,Death duties/Inheritance tax,ACCH,,-,PublicFinances1800-2023
,Death duties/Inheritance tax,ACCH,,-,PublicFinances1800-2023
,Death duties/Inheritance tax,ACCH,,-,PublicFinances1800-2023
,Death duties/Inheritance tax,ACCH,,-,PublicFinances1800-2023
,Death duties/Inheritance tax,ACCH,,-,PublicFinances1800-2023
,Death duties/Inheritance tax,ACCH,,-,PublicFinances1800-2023
,Death duties/Inheritance tax,ACCH,,-,PublicFinances1800-2023
,Death duties/Inheritance tax,ACCH,,-,PublicFinances1800-2023
,Death duties/Inheritance tax,ACCH,,-,PublicFinances1800-2023
,Death duties/Inheritance tax,ACCH,,-,PublicFinances1800-2023
,Death duties/Inheritance tax,ACCH,,-,PublicFinances1800-2023
,Death duties/Inheritance tax,ACCH,,-,PublicFinances1800-2023
,Death duties/Inheritance tax,ACCH,,-,PublicFinances1800-2023
,Death duties/Inheritance tax,ACCH,,-,PublicFinances1800-2023
,Death duties/Inheritance tax,ACCH,,-,PublicFinances1800-2023
,Death duties/Inheritance tax,ACCH,,-,PublicFinances1800-2023
,Death duties/Inheritance tax,ACCH,,-,PublicFinances1800-2023
,Death duties/Inheritance tax,ACCH,,-,PublicFinances1800-2023
,Death duties/Inheritance tax,ACCH,,-,PublicFinances1800-2023
,Death duties/Inheritance tax,ACCH,,-,PublicFinances1800-2023
,Debt Interest9,NMFX,,14,PublicFinances1800-2023
,Debt Interest9,NMFX,,14,PublicFinances1800-2023
,Debt Interest9,NMFX,,14,PublicFinances1800-2023
,Debt Interest9,NMFX,,14,PublicFinances1800-2023
,Debt Interest9,NMFX,,14,PublicFinances1800-2023
,Debt Interest9,NMFX,,14,PublicFinances1800-2023
,Debt Interest9,NMFX,,14,PublicFinances1800-2023
,Debt Interest9,NMFX,,14,PublicFinances1800-2023
,Debt Interest9,NMFX,,14,PublicFinances1800-2023
,Debt Interest9,NMFX,,14,PublicFinances1800-2023
,Debt Interest9,NMFX,,14,PublicFinances1800-2023
,Debt Interest9,NMFX,,14,PublicFinances1800-2023
,Debt Interest9,NMFX,,14,PublicFinances1800-2023
,Debt Interest9,NMFX,,14,PublicFinances1800-2023
,Debt Interest9,NMFX,,14,PublicFinances1800-2023
,Debt Interest9,NMFX,,14,PublicFinances1800-2023
,Debt Interest9,NMFX,,14,PublicFinances1800-2023
,Debt Interest9,NMFX,,14,PublicFinances1800-2023
,Debt Interest9,NMFX,,14,PublicFinances1800-2023
,Debt Interest9,NMFX,,14,PublicFinances1800-2023
,Debt Interest9,NMFX,,14,PublicFinances1800-2023
,Debt Interest9,NMFX,,14,PublicFinances1800-2023
,Debt Interest9,NMFX,,14,PublicFinances1800-2023
,Debt Interest9,NMFX,,14,PublicFinances1800-2023
,Debt Interest9,NMFX,,14,PublicFinances1800-2023
,Defence5,,,32,PublicFinances1800-2023
,Defence5,,,32,PublicFinances1800-2023
,Defence5,,,32,PublicFinances1800-2023
,Defence5,,,32,PublicFinances1800-2023
,Defence5,,,32,PublicFinances1800-2023
,Defence5,,,32,PublicFinances1800-2023
,Defence5,,,32,PublicFinances1800-2023
,Defence5,,,32,PublicFinances1800-2023
,Defence5,,,32,PublicFinances1800-2023
,Defence5,,,32,PublicFinances1800-2023
,Defence5,,,32,PublicFinances1800-2023
,Defence5,,,32,PublicFinances1800-2023
,Defence5,,,32,PublicFinances1800-2023
,Defence5,,,32,PublicFinances1800-2023
,Defence5,,,32,PublicFinances1800-2023
,Defence5,,,32,PublicFinances1800-2023
,Defence5,,,32,PublicFinances1800-2023
,Defence5,,,32,PublicFinances1800-2023
,Defence5,,,32,PublicFinances1800-2023
,Defence5,,,32,PublicFinances1800-2023
,Defence5,,,32,PublicFinances1800-2023
,Defence5,,,32,PublicFinances1800-2023
,Defence5,,,32,PublicFinances1800-2023
,Defence5,,,32,PublicFinances1800-2023
,Defence5,,,32,PublicFinances1800-2023
,Education8,,,-,PublicFinances1800-2023
,Education8,,,-,PublicFinances1800-2023
,Education8,,,-,PublicFinances1800-2023
,Education8,,,-,PublicFinances1800-2023
,Education8,,,-,PublicFinances1800-2023
,Education8,,,-,PublicFinances1800-2023
,Education8,,,-,PublicFinances1800-2023
,Education8,,,-,PublicFinances1800-2023
,Education8,,,-,PublicFinances1800-2023
,Education8,,,-,PublicFinances1800-2023
,Education8,,,-,PublicFinances1800-2023
,Education8,,,-,PublicFinances1800-2023
,Education8,,,-,PublicFinances1800-2023
,Education8,,,-,PublicFinances1800-2023
,Education8,,,-,PublicFinances1800-2023
,Education8,,,-,PublicFinances1800-2023
,Education8,,,-,PublicFinances1800-2023
,Education8,,,-,PublicFinances1800-2023
,Education8,,,-,PublicFinances1800-2023
,Education8,,,-,PublicFinances1800-2023
,Education8,,,-,PublicFinances1800-2023
,Education8,,,-,PublicFinances1800-2023
,Education8,,,-,PublicFinances1800-2023
,Education8,,,-,PublicFinances1800-2023
,Education8,,,-,PublicFinances1800-2023
,Energy profits levy,JIS6,,-,PublicFinances1800-2023
,Energy profits levy,JIS6,,-,PublicFinances1800-2023
,Energy profits levy,JIS6,,-,PublicFinances1800-2023
,Energy profits levy,JIS6,,-,PublicFinances1800-2023
,Energy profits levy,JIS6,,-,PublicFinances1800-2023
,Energy profits levy,JIS6,,-,PublicFinances1800-2023
,Energy profits levy,JIS6,,-,PublicFinances1800-2023
,Energy profits levy,JIS6,,-,PublicFinances1800-2023
,Energy profits levy,JIS6,,-,PublicFinances1800-2023
,Energy profits levy,JIS6,,-,PublicFinances1800-2023
,Energy profits levy,JIS6,,-,PublicFinances1800-2023
,Energy profits levy,JIS6,,-,PublicFinances1800-2023
,Energy profits levy,JIS6,,-,PublicFinances1800-2023
,Energy profits levy,JIS6,,-,PublicFinances1800-2023
,Energy profits levy,JIS6,,-,PublicFinances1800-2023
,Energy profits levy,JIS6,,-,PublicFinances1800-2023
,Energy profits levy,JIS6,,-,PublicFinances1800-2023
,Energy profits levy,JIS6,,-,PublicFinances1800-2023
,Energy profits levy,JIS6,,-,PublicFinances1800-2023
,Energy profits levy,JIS6,,-,PublicFinances1800-2023
,Energy profits levy,JIS6,,-,PublicFinances1800-2023
,Energy profits levy,JIS6,,-,PublicFinances1800-2023
,Energy profits levy,JIS6,,-,PublicFinances1800-2023
,Energy profits levy,JIS6,,-,PublicFinances1800-2023
,Energy profits levy,JIS6,,-,PublicFinances1800-2023
,Gas Levy3,,,-,PublicFinances1800-2023
,Gas Levy3,,,-,PublicFinances1800-2023
,Gas Levy3,,,-,PublicFinances1800-2023
,Gas Levy3,,,-,PublicFinances1800-2023
,Gas Levy3,,,-,PublicFinances1800-2023
,Gas Levy3,,,-,PublicFinances1800-2023
,Gas Levy3,,,-,PublicFinances1800-2023
,Gas Levy3,,,-,PublicFinances1800-2023
,Gas Levy3,,,-,PublicFinances1800-2023
,Gas Levy3,,,-,PublicFinances1800-2023
,Gas Levy3,,,-,PublicFinances1800-2023
,Gas Levy3,,,-,PublicFinances1800-2023
,Gas Levy3,,,-,PublicFinances1800-2023
,Gas Levy3,,,-,PublicFinances1800-2023
,Gas Levy3,,,-,PublicFinances1800-2023
,Gas Levy3,,,-,PublicFinances1800-2023
,Gas Levy3,,,-,PublicFinances1800-2023
,Gas Levy3,,,-,PublicFinances1800-2023
,Gas Levy3,,,-,PublicFinances1800-2023
,Gas Levy3,,,-,PublicFinances1800-2023
,Gas Levy3,,,-,PublicFinances1800-2023
,Gas Levy3,,,-,PublicFinances1800-2023
,Gas Levy3,,,-,PublicFinances1800-2023
,Gas Levy3,,,-,PublicFinances1800-2023
,Gas Levy3,,,-,PublicFinances1800-2023
,Health6,,,-,PublicFinances1800-2023
,Health6,,,-,PublicFinances1800-2023
,Health6,,,-,PublicFinances1800-2023
,Health6,,,-,PublicFinances1800-2023
,Health6,,,-,PublicFinances1800-2023
,Health6,,,-,PublicFinances1800-2023
,Health6,,,-,PublicFinances1800-2023
,Health6,,,-,PublicFinances1800-2023
,Health6,,,-,PublicFinances1800-2023
,Health6,,,-,PublicFinances1800-2023
,Health6,,,-,PublicFinances1800-2023
,Health6,,,-,PublicFinances1800-2023
,Health6,,,-,PublicFinances1800-2023
,Health6,,,-,PublicFinances1800-2023
,Health6,,,-,PublicFinances1800-2023
,Health6,,,-,PublicFinances1800-2023
,Health6,,,-,PublicFinances1800-2023
,Health6,,,-,PublicFinances1800-2023
,Health6,,,-,PublicFinances1800-2023
,Health6,,,-,PublicFinances1800-2023
,Health6,,,-,PublicFinances1800-2023
,Health6,,,-,PublicFinances1800-2023
,Health6,,,-,PublicFinances1800-2023
,Health6,,,-,PublicFinances1800-2023
,Health6,,,-,PublicFinances1800-2023
,Income tax1,LIBR-MS62,,5,PublicFinances1800-2023
,Income tax1,LIBR-MS62,,5,PublicFinances1800-2023
,Income tax1,LIBR-MS62,,5,PublicFinances1800-2023
,Income tax1,LIBR-MS62,,5,PublicFinances1800-2023
,Income tax1,LIBR-MS62,,5,PublicFinances1800-2023
,Income tax1,LIBR-MS62,,5,PublicFinances1800-2023
,Income tax1,LIBR-MS62,,5,PublicFinances1800-2023
,Income tax1,LIBR-MS62,,5,PublicFinances1800-2023
,Income tax1,LIBR-MS62,,5,PublicFinances1800-2023
,Income tax1,LIBR-MS62,,5,PublicFinances1800-2023
,Income tax1,LIBR-MS62,,5,PublicFinances1800-2023
,Income tax1,LIBR-MS62,,5,PublicFinances1800-2023
,Income tax1,LIBR-MS62,,5,PublicFinances1800-2023
,Income tax1,LIBR-MS62,,5,PublicFinances1800-2023
,Income tax1,LIBR-MS62,,5,PublicFinances1800-2023
,Income tax1,LIBR-MS62,,5,PublicFinances1800-2023
,Income tax1,LIBR-MS62,,5,PublicFinances1800-2023
,Income tax1,LIBR-MS62,,5,PublicFinances1800-2023
,Income tax1,LIBR-MS62,,5,PublicFinances1800-2023
,Income tax1,LIBR-MS62,,5,PublicFinances1800-2023
,Income tax1,LIBR-MS62,,5,PublicFinances1800-2023
,Income tax1,LIBR-MS62,,5,PublicFinances1800-2023
,Income tax1,LIBR-MS62,,5,PublicFinances1800-2023
,Income tax1,LIBR-MS62,,5,PublicFinances1800-2023
,Income tax1,LIBR-MS62,,5,PublicFinances1800-2023
,"Index, base year = 100",MM23,,13.5,PublicFinances1800-2023
,"Index, base year = 100",MM23,,13.5,PublicFinances1800-2023
,"Index, base year = 100",MM23,,13.5,PublicFinances1800-2023
,"Index, base year = 100",MM23,,13.5,PublicFinances1800-2023
,"Index, base year = 100",MM23,,13.5,PublicFinances1800-2023
,"Index, base year = 100",MM23,,13.5,PublicFinances1800-2023
,"Index, base year = 100",MM23,,13.5,PublicFinances1800-2023
,"Index, base year = 100",MM23,,13.5,PublicFinances1800-2023
,"Index, base year = 100",MM23,,13.5,PublicFinances1800-2023
,"Index, base year = 100",MM23,,13.5,PublicFinances1800-2023
,"Index, base year = 100",MM23,,13.5,PublicFinances1800-2023
,"Index, base year = 100",MM23,,13.5,PublicFinances1800-2023
,"Index, base year = 100",MM23,,13.5,PublicFinances1800-2023
,"Index, base year = 100",MM23,,13.5,PublicFinances1800-2023
,"Index, base year = 100",MM23,,13.5,PublicFinances1800-2023
,"Index, base year = 100",MM23,,13.5,PublicFinances1800-2023
,"Index, base year = 100",MM23,,13.5,PublicFinances1800-2023
,"Index, base year = 100",MM23,,13.5,PublicFinances1800-2023
,"Index, base year = 100",MM23,,13.5,PublicFinances1800-2023
,"Index, base year = 100",MM23,,13.5,PublicFinances1800-2023
,"Index, base year = 100",MM23,,13.5,PublicFinances1800-2023
,"Index, base year = 100",MM23,,13.5,PublicFinances1800-2023
,"Index, base year = 100",MM23,,13.5,PublicFinances1800-2023
,"Index, base year = 100",MM23,,13.5,PublicFinances1800-2023
,"Index, base year = 100",MM23,,13.5,PublicFinances1800-2023
,Land and Assessed Taxes,,,5,PublicFinances1800-2023
,Land and Assessed Taxes,,,5,PublicFinances1800-2023
,Land and Assessed Taxes,,,5,PublicFinances1800-2023
,Land and Assessed Taxes,,,5,PublicFinances1800-2023
,Land and Assessed Taxes,,,5,PublicFinances1800-2023
,Land and Assessed Taxes,,,5,PublicFinances1800-2023
,Land and Assessed Taxes,,,5,PublicFinances1800-2023
,Land and Assessed Taxes,,,5,PublicFinances1800-2023
,Land and Assessed Taxes,,,5,PublicFinances1800-2023
,Land and Assessed Taxes,,,5,PublicFinances1800-2023
,Land and Assessed Taxes,,,5,PublicFinances1800-2023
,Land and Assessed Taxes,,,5,PublicFinances1800-2023
,Land and Assessed Taxes,,,5,PublicFinances1800-2023
,Land and Assessed Taxes,,,5,PublicFinances1800-2023
,Land and Assessed Taxes,,,5,PublicFinances1800-2023
,Land and Assessed Taxes,,,5,PublicFinances1800-2023
,Land and Assessed Taxes,,,5,PublicFinances1800-2023
,Land and Assessed Taxes,,,5,PublicFinances1800-2023
,Land and Assessed Taxes,,,5,PublicFinances1800-2023
,Land and Assessed Taxes,,,5,PublicFinances1800-2023
,Land and Assessed Taxes,,,5,PublicFinances1800-2023
,Land and Assessed Taxes,,,5,PublicFinances1800-2023
,Land and Assessed Taxes,,,5,PublicFinances1800-2023
,Land and Assessed Taxes,,,5,PublicFinances1800-2023
,Land and Assessed Taxes,,,5,PublicFinances1800-2023
,License fee receipts,DH7A,,-,PublicFinances1800-2023
,License fee receipts,DH7A,,-,PublicFinances1800-2023
,License fee receipts,DH7A,,-,PublicFinances1800-2023
,License fee receipts,DH7A,,-,PublicFinances1800-2023
,License fee receipts,DH7A,,-,PublicFinances1800-2023
,License fee receipts,DH7A,,-,PublicFinances1800-2023
,License fee receipts,DH7A,,-,PublicFinances1800-2023
,License fee receipts,DH7A,,-,PublicFinances1800-2023
,License fee receipts,DH7A,,-,PublicFinances1800-2023
,License fee receipts,DH7A,,-,PublicFinances1800-2023
,License fee receipts,DH7A,,-,PublicFinances1800-2023
,License fee receipts,DH7A,,-,PublicFinances1800-2023
,License fee receipts,DH7A,,-,PublicFinances1800-2023
,License fee receipts,DH7A,,-,PublicFinances1800-2023
,License fee receipts,DH7A,,-,PublicFinances1800-2023
,License fee receipts,DH7A,,-,PublicFinances1800-2023
,License fee receipts,DH7A,,-,PublicFinances1800-2023
,License fee receipts,DH7A,,-,PublicFinances1800-2023
,License fee receipts,DH7A,,-,PublicFinances1800-2023
,License fee receipts,DH7A,,-,PublicFinances1800-2023
,License fee receipts,DH7A,,-,PublicFinances1800-2023
,License fee receipts,DH7A,,-,PublicFinances1800-2023
,License fee receipts,DH7A,,-,PublicFinances1800-2023
,License fee receipts,DH7A,,-,PublicFinances1800-2023
,License fee receipts,DH7A,,-,PublicFinances1800-2023
,National Accounts Taxes,GCSU,,-,PublicFinances1800-2023
,National Accounts Taxes,GCSU,,-,PublicFinances1800-2023
,National Accounts Taxes,GCSU,,-,PublicFinances1800-2023
,National Accounts Taxes,GCSU,,-,PublicFinances1800-2023
,National Accounts Taxes,GCSU,,-,PublicFinances1800-2023
,National Accounts Taxes,GCSU,,-,PublicFinances1800-2023
,National Accounts Taxes,GCSU,,-,PublicFinances1800-2023
,National Accounts Taxes,GCSU,,-,PublicFinances1800-2023
,National Accounts Taxes,GCSU,,-,PublicFinances1800-2023
,National Accounts Taxes,GCSU,,-,PublicFinances1800-2023
,National Accounts Taxes,GCSU,,-,PublicFinances1800-2023
,National Accounts Taxes,GCSU,,-,PublicFinances1800-2023
,National Accounts Taxes,GCSU,,-,PublicFinances1800-2023
,National Accounts Taxes,GCSU,,-,PublicFinances1800-2023
,National Accounts Taxes,GCSU,,-,PublicFinances1800-2023
,National Accounts Taxes,GCSU,,-,PublicFinances1800-2023
,National Accounts Taxes,GCSU,,-,PublicFinances1800-2023
,National Accounts Taxes,GCSU,,-,PublicFinances1800-2023
,National Accounts Taxes,GCSU,,-,PublicFinances1800-2023
,National Accounts Taxes,GCSU,,-,PublicFinances1800-2023
,National Accounts Taxes,GCSU,,-,PublicFinances1800-2023
,National Accounts Taxes,GCSU,,-,PublicFinances1800-2023
,National Accounts Taxes,GCSU,,-,PublicFinances1800-2023
,National Accounts Taxes,GCSU,,-,PublicFinances1800-2023
,National Accounts Taxes,GCSU,,-,PublicFinances1800-2023
,National Insurance Contributions1,AIIH,,-,PublicFinances1800-2023
,National Insurance Contributions1,AIIH,,-,PublicFinances1800-2023
,National Insurance Contributions1,AIIH,,-,PublicFinances1800-2023
,National Insurance Contributions1,AIIH,,-,PublicFinances1800-2023
,National Insurance Contributions1,AIIH,,-,PublicFinances1800-2023
,National Insurance Contributions1,AIIH,,-,PublicFinances1800-2023
,National Insurance Contributions1,AIIH,,-,PublicFinances1800-2023
,National Insurance Contributions1,AIIH,,-,PublicFinances1800-2023
,National Insurance Contributions1,AIIH,,-,PublicFinances1800-2023
,National Insurance Contributions1,AIIH,,-,PublicFinances1800-2023
,National Insurance Contributions1,AIIH,,-,PublicFinances1800-2023
,National Insurance Contributions1,AIIH,,-,PublicFinances1800-2023
,National Insurance Contributions1,AIIH,,-,PublicFinances1800-2023
,National Insurance Contributions1,AIIH,,-,PublicFinances1800-2023
,National Insurance Contributions1,AIIH,,-,PublicFinances1800-2023
,National Insurance Contributions1,AIIH,,-,PublicFinances1800-2023
,National Insurance Contributions1,AIIH,,-,PublicFinances1800-2023
,National Insurance Contributions1,AIIH,,-,PublicFinances1800-2023
,National Insurance Contributions1,AIIH,,-,PublicFinances1800-2023
,National Insurance Contributions1,AIIH,,-,PublicFinances1800-2023
,National Insurance Contributions1,AIIH,,-,PublicFinances1800-2023
,National Insurance Contributions1,AIIH,,-,PublicFinances1800-2023
,National Insurance Contributions1,AIIH,,-,PublicFinances1800-2023
,National Insurance Contributions1,AIIH,,-,PublicFinances1800-2023
,National Insurance Contributions1,AIIH,,-,PublicFinances1800-2023
,"Nominal GDP (March-centred, £m)4","Nominal GDP (March-centred, £m)4",,393,PublicFinances1800-2023
,"Nominal GDP (March-centred, £m)4","Nominal GDP (March-centred, £m)4",,393,PublicFinances1800-2023
,"Nominal GDP (March-centred, £m)4","Nominal GDP (March-centred, £m)4",,393,PublicFinances1800-2023
,"Nominal GDP (March-centred, £m)4","Nominal GDP (March-centred, £m)4",,393,PublicFinances1800-2023
,"Nominal GDP (March-centred, £m)4","Nominal GDP (March-centred, £m)4",,393,PublicFinances1800-2023
,"Nominal GDP (March-centred, £m)4","Nominal GDP (March-centred, £m)4",,393,PublicFinances1800-2023
,"Nominal GDP (March-centred, £m)4","Nominal GDP (March-centred, £m)4",,393,PublicFinances1800-2023
,"Nominal GDP (March-centred, £m)4","Nominal GDP (March-centred, £m)4",,393,PublicFinances1800-2023
,"Nominal GDP (March-centred, £m)4","Nominal GDP (March-centred, £m)4",,393,PublicFinances1800-2023
,"Nominal GDP (March-centred, £m)4","Nominal GDP (March-centred, £m)4",,393,PublicFinances1800-2023
,"Nominal GDP (March-centred, £m)4","Nominal GDP (March-centred, £m)4",,393,PublicFinances1800-2023
,"Nominal GDP (March-centred, £m)4","Nominal GDP (March-centred, £m)4",,393,PublicFinances1800-2023
,"Nominal GDP (March-centred, £m)4","Nominal GDP (March-centred, £m)4",,393,PublicFinances1800-2023
,"Nominal GDP (March-centred, £m)4","Nominal GDP (March-centred, £m)4",,393,PublicFinances1800-2023
,"Nominal GDP (March-centred, £m)4","Nominal GDP (March-centred, £m)4",,393,PublicFinances1800-2023
,"Nominal GDP (March-centred, £m)4","Nominal GDP (March-centred, £m)4",,393,PublicFinances1800-2023
,"Nominal GDP (March-centred, £m)4","Nominal GDP (March-centred, £m)4",,393,PublicFinances1800-2023
,"Nominal GDP (March-centred, £m)4","Nominal GDP (March-centred, £m)4",,393,PublicFinances1800-2023
,"Nominal GDP (March-centred, £m)4","Nominal GDP (March-centred, £m)4",,393,PublicFinances1800-2023
,"Nominal GDP (March-centred, £m)4","Nominal GDP (March-centred, £m)4",,393,PublicFinances1800-2023
,"Nominal GDP (March-centred, £m)4","Nominal GDP (March-centred, £m)4",,393,PublicFinances1800-2023
,"Nominal GDP (March-centred, £m)4","Nominal GDP (March-centred, £m)4",,393,PublicFinances1800-2023
,"Nominal GDP (March-centred, £m)4","Nominal GDP (March-centred, £m)4",,393,PublicFinances1800-2023
,"Nominal GDP (March-centred, £m)4","Nominal GDP (March-centred, £m)4",,393,PublicFinances1800-2023
,"Nominal GDP (March-centred, £m)4","Nominal GDP (March-centred, £m)4",,393,PublicFinances1800-2023
,Nominal GDP (£m)3,Nominal GDP (£m)3,,355,PublicFinances1800-2023
,Nominal GDP (£m)3,Nominal GDP (£m)3,,355,PublicFinances1800-2023
,Nominal GDP (£m)3,Nominal GDP (£m)3,,355,PublicFinances1800-2023
,Nominal GDP (£m)3,Nominal GDP (£m)3,,355,PublicFinances1800-2023
,Nominal GDP (£m)3,Nominal GDP (£m)3,,355,PublicFinances1800-2023
,Nominal GDP (£m)3,Nominal GDP (£m)3,,355,PublicFinances1800-2023
,Nominal GDP (£m)3,Nominal GDP (£m)3,,355,PublicFinances1800-2023
,Nominal GDP (£m)3,Nominal GDP (£m)3,,355,PublicFinances1800-2023
,Nominal GDP (£m)3,Nominal GDP (£m)3,,355,PublicFinances1800-2023
,Nominal GDP (£m)3,Nominal GDP (£m)3,,355,PublicFinances1800-2023
,Nominal GDP (£m)3,Nominal GDP (£m)3,,355,PublicFinances1800-2023
,Nominal GDP (£m)3,Nominal GDP (£m)3,,355,PublicFinances1800-2023
,Nominal GDP (£m)3,Nominal GDP (£m)3,,355,PublicFinances1800-2023
,Nominal GDP (£m)3,Nominal GDP (£m)3,,355,PublicFinances1800-2023
,Nominal GDP (£m)3,Nominal GDP (£m)3,,355,PublicFinances1800-2023
,Nominal GDP (£m)3,Nominal GDP (£m)3,,355,PublicFinances1800-2023
,Nominal GDP (£m)3,Nominal GDP (£m)3,,355,PublicFinances1800-2023
,Nominal GDP (£m)3,Nominal GDP (£m)3,,355,PublicFinances1800-2023
,Nominal GDP (£m)3,Nominal GDP (£m)3,,355,PublicFinances1800-2023
,Nominal GDP (£m)3,Nominal GDP (£m)3,,355,PublicFinances1800-2023
,Nominal GDP (£m)3,Nominal GDP (£m)3,,355,PublicFinances1800-2023
,Nominal GDP (£m)3,Nominal GDP (£m)3,,355,PublicFinances1800-2023
,Nominal GDP (£m)3,Nominal GDP (£m)3,,355,PublicFinances1800-2023
,Nominal GDP (£m)3,Nominal GDP (£m)3,,355,PublicFinances1800-2023
,Nominal GDP (£m)3,Nominal GDP (£m)3,,355,PublicFinances1800-2023
,Other Central Government Receipts6,Residual,,3,PublicFinances1800-2023
,Other Central Government Receipts6,Residual,,3,PublicFinances1800-2023
,Other Central Government Receipts6,Residual,,3,PublicFinances1800-2023
,Other Central Government Receipts6,Residual,,3,PublicFinances1800-2023
,Other Central Government Receipts6,Residual,,3,PublicFinances1800-2023
,Other Central Government Receipts6,Residual,,3,PublicFinances1800-2023
,Other Central Government Receipts6,Residual,,3,PublicFinances1800-2023
,Other Central Government Receipts6,Residual,,3,PublicFinances1800-2023
,Other Central Government Receipts6,Residual,,3,PublicFinances1800-2023
,Other Central Government Receipts6,Residual,,3,PublicFinances1800-2023
,Other Central Government Receipts6,Residual,,3,PublicFinances1800-2023
,Other Central Government Receipts6,Residual,,3,PublicFinances1800-2023
,Other Central Government Receipts6,Residual,,3,PublicFinances1800-2023
,Other Central Government Receipts6,Residual,,3,PublicFinances1800-2023
,Other Central Government Receipts6,Residual,,3,PublicFinances1800-2023
,Other Central Government Receipts6,Residual,,3,PublicFinances1800-2023
,Other Central Government Receipts6,Residual,,3,PublicFinances1800-2023
,Other Central Government Receipts6,Residual,,3,PublicFinances1800-2023
,Other Central Government Receipts6,Residual,,3,PublicFinances1800-2023
,Other Central Government Receipts6,Residual,,3,PublicFinances1800-2023
,Other Central Government Receipts6,Residual,,3,PublicFinances1800-2023
,Other Central Government Receipts6,Residual,,3,PublicFinances1800-2023
,Other Central Government Receipts6,Residual,,3,PublicFinances1800-2023
,Other Central Government Receipts6,Residual,,3,PublicFinances1800-2023
,Other Central Government Receipts6,Residual,,3,PublicFinances1800-2023
,Other Public Sector Spending10 ,,,-,PublicFinances1800-2023
,Other Public Sector Spending10 ,,,-,PublicFinances1800-2023
,Other Public Sector Spending10 ,,,-,PublicFinances1800-2023
,Other Public Sector Spending10 ,,,-,PublicFinances1800-2023
,Other Public Sector Spending10 ,,,-,PublicFinances1800-2023
,Other Public Sector Spending10 ,,,-,PublicFinances1800-2023
,Other Public Sector Spending10 ,,,-,PublicFinances1800-2023
,Other Public Sector Spending10 ,,,-,PublicFinances1800-2023
,Other Public Sector Spending10 ,,,-,PublicFinances1800-2023
,Other Public Sector Spending10 ,,,-,PublicFinances1800-2023
,Other Public Sector Spending10 ,,,-,PublicFinances1800-2023
,Other Public Sector Spending10 ,,,-,PublicFinances1800-2023
,Other Public Sector Spending10 ,,,-,PublicFinances1800-2023
,Other Public Sector Spending10 ,,,-,PublicFinances1800-2023
,Other Public Sector Spending10 ,,,-,PublicFinances1800-2023
,Other Public Sector Spending10 ,,,-,PublicFinances1800-2023
,Other Public Sector Spending10 ,,,-,PublicFinances1800-2023
,Other Public Sector Spending10 ,,,-,PublicFinances1800-2023
,Other Public Sector Spending10 ,,,-,PublicFinances1800-2023
,Other Public Sector Spending10 ,,,-,PublicFinances1800-2023
,Other Public Sector Spending10 ,,,-,PublicFinances1800-2023
,Other Public Sector Spending10 ,,,-,PublicFinances1800-2023
,Other Public Sector Spending10 ,,,-,PublicFinances1800-2023
,Other Public Sector Spending10 ,,,-,PublicFinances1800-2023
,Other Public Sector Spending10 ,,,-,PublicFinances1800-2023
,Other business taxes1,KIH3 + N43V,,-,PublicFinances1800-2023
,Other business taxes1,KIH3 + N43V,,-,PublicFinances1800-2023
,Other business taxes1,KIH3 + N43V,,-,PublicFinances1800-2023
,Other business taxes1,KIH3 + N43V,,-,PublicFinances1800-2023
,Other business taxes1,KIH3 + N43V,,-,PublicFinances1800-2023
,Other business taxes1,KIH3 + N43V,,-,PublicFinances1800-2023
,Other business taxes1,KIH3 + N43V,,-,PublicFinances1800-2023
,Other business taxes1,KIH3 + N43V,,-,PublicFinances1800-2023
,Other business taxes1,KIH3 + N43V,,-,PublicFinances1800-2023
,Other business taxes1,KIH3 + N43V,,-,PublicFinances1800-2023
,Other business taxes1,KIH3 + N43V,,-,PublicFinances1800-2023
,Other business taxes1,KIH3 + N43V,,-,PublicFinances1800-2023
,Other business taxes1,KIH3 + N43V,,-,PublicFinances1800-2023
,Other business taxes1,KIH3 + N43V,,-,PublicFinances1800-2023
,Other business taxes1,KIH3 + N43V,,-,PublicFinances1800-2023
,Other business taxes1,KIH3 + N43V,,-,PublicFinances1800-2023
,Other business taxes1,KIH3 + N43V,,-,PublicFinances1800-2023
,Other business taxes1,KIH3 + N43V,,-,PublicFinances1800-2023
,Other business taxes1,KIH3 + N43V,,-,PublicFinances1800-2023
,Other business taxes1,KIH3 + N43V,,-,PublicFinances1800-2023
,Other business taxes1,KIH3 + N43V,,-,PublicFinances1800-2023
,Other business taxes1,KIH3 + N43V,,-,PublicFinances1800-2023
,Other business taxes1,KIH3 + N43V,,-,PublicFinances1800-2023
,Other business taxes1,KIH3 + N43V,,-,PublicFinances1800-2023
,Other business taxes1,KIH3 + N43V,,-,PublicFinances1800-2023
,Other public sector taxes and receipts8,Residual,,-,PublicFinances1800-2023
,Other public sector taxes and receipts8,Residual,,-,PublicFinances1800-2023
,Other public sector taxes and receipts8,Residual,,-,PublicFinances1800-2023
,Other public sector taxes and receipts8,Residual,,-,PublicFinances1800-2023
,Other public sector taxes and receipts8,Residual,,-,PublicFinances1800-2023
,Other public sector taxes and receipts8,Residual,,-,PublicFinances1800-2023
,Other public sector taxes and receipts8,Residual,,-,PublicFinances1800-2023
,Other public sector taxes and receipts8,Residual,,-,PublicFinances1800-2023
,Other public sector taxes and receipts8,Residual,,-,PublicFinances1800-2023
,Other public sector taxes and receipts8,Residual,,-,PublicFinances1800-2023
,Other public sector taxes and receipts8,Residual,,-,PublicFinances1800-2023
,Other public sector taxes and receipts8,Residual,,-,PublicFinances1800-2023
,Other public sector taxes and receipts8,Residual,,-,PublicFinances1800-2023
,Other public sector taxes and receipts8,Residual,,-,PublicFinances1800-2023
,Other public sector taxes and receipts8,Residual,,-,PublicFinances1800-2023
,Other public sector taxes and receipts8,Residual,,-,PublicFinances1800-2023
,Other public sector taxes and receipts8,Residual,,-,PublicFinances1800-2023
,Other public sector taxes and receipts8,Residual,,-,PublicFinances1800-2023
,Other public sector taxes and receipts8,Residual,,-,PublicFinances1800-2023
,Other public sector taxes and receipts8,Residual,,-,PublicFinances1800-2023
,Other public sector taxes and receipts8,Residual,,-,PublicFinances1800-2023
,Other public sector taxes and receipts8,Residual,,-,PublicFinances1800-2023
,Other public sector taxes and receipts8,Residual,,-,PublicFinances1800-2023
,Other public sector taxes and receipts8,Residual,,-,PublicFinances1800-2023
,Other public sector taxes and receipts8,Residual,,-,PublicFinances1800-2023
,Petroleum Revenue tax (includes supplementary petroleum duty)3,ACCJ,,-,PublicFinances1800-2023
,Petroleum Revenue tax (includes supplementary petroleum duty)3,ACCJ,,-,PublicFinances1800-2023
,Petroleum Revenue tax (includes supplementary petroleum duty)3,ACCJ,,-,PublicFinances1800-2023
,Petroleum Revenue tax (includes supplementary petroleum duty)3,ACCJ,,-,PublicFinances1800-2023
,Petroleum Revenue tax (includes supplementary petroleum duty)3,ACCJ,,-,PublicFinances1800-2023
,Petroleum Revenue tax (includes supplementary petroleum duty)3,ACCJ,,-,PublicFinances1800-2023
,Petroleum Revenue tax (includes supplementary petroleum duty)3,ACCJ,,-,PublicFinances1800-2023
,Petroleum Revenue tax (includes supplementary petroleum duty)3,ACCJ,,-,PublicFinances1800-2023
,Petroleum Revenue tax (includes supplementary petroleum duty)3,ACCJ,,-,PublicFinances1800-2023
,Petroleum Revenue tax (includes supplementary petroleum duty)3,ACCJ,,-,PublicFinances1800-2023
,Petroleum Revenue tax (includes supplementary petroleum duty)3,ACCJ,,-,PublicFinances1800-2023
,Petroleum Revenue tax (includes supplementary petroleum duty)3,ACCJ,,-,PublicFinances1800-2023
,Petroleum Revenue tax (includes supplementary petroleum duty)3,ACCJ,,-,PublicFinances1800-2023
,Petroleum Revenue tax (includes supplementary petroleum duty)3,ACCJ,,-,PublicFinances1800-2023
,Petroleum Revenue tax (includes supplementary petroleum duty)3,ACCJ,,-,PublicFinances1800-2023
,Petroleum Revenue tax (includes supplementary petroleum duty)3,ACCJ,,-,PublicFinances1800-2023
,Petroleum Revenue tax (includes supplementary petroleum duty)3,ACCJ,,-,PublicFinances1800-2023
,Petroleum Revenue tax (includes supplementary petroleum duty)3,ACCJ,,-,PublicFinances1800-2023
,Petroleum Revenue tax (includes supplementary petroleum duty)3,ACCJ,,-,PublicFinances1800-2023
,Petroleum Revenue tax (includes supplementary petroleum duty)3,ACCJ,,-,PublicFinances1800-2023
,Petroleum Revenue tax (includes supplementary petroleum duty)3,ACCJ,,-,PublicFinances1800-2023
,Petroleum Revenue tax (includes supplementary petroleum duty)3,ACCJ,,-,PublicFinances1800-2023
,Petroleum Revenue tax (includes supplementary petroleum duty)3,ACCJ,,-,PublicFinances1800-2023
,Petroleum Revenue tax (includes supplementary petroleum duty)3,ACCJ,,-,PublicFinances1800-2023
,Petroleum Revenue tax (includes supplementary petroleum duty)3,ACCJ,,-,PublicFinances1800-2023
,Petroleum royalties3,,,-,PublicFinances1800-2023
,Petroleum royalties3,,,-,PublicFinances1800-2023
,Petroleum royalties3,,,-,PublicFinances1800-2023
,Petroleum royalties3,,,-,PublicFinances1800-2023
,Petroleum royalties3,,,-,PublicFinances1800-2023
,Petroleum royalties3,,,-,PublicFinances1800-2023
,Petroleum royalties3,,,-,PublicFinances1800-2023
,Petroleum royalties3,,,-,PublicFinances1800-2023
,Petroleum royalties3,,,-,PublicFinances1800-2023
,Petroleum royalties3,,,-,PublicFinances1800-2023
,Petroleum royalties3,,,-,PublicFinances1800-2023
,Petroleum royalties3,,,-,PublicFinances1800-2023
,Petroleum royalties3,,,-,PublicFinances1800-2023
,Petroleum royalties3,,,-,PublicFinances1800-2023
,Petroleum royalties3,,,-,PublicFinances1800-2023
,Petroleum royalties3,,,-,PublicFinances1800-2023
,Petroleum royalties3,,,-,PublicFinances1800-2023
,Petroleum royalties3,,,-,PublicFinances1800-2023
,Petroleum royalties3,,,-,PublicFinances1800-2023
,Petroleum royalties3,,,-,PublicFinances1800-2023
,Petroleum royalties3,,,-,PublicFinances1800-2023
,Petroleum royalties3,,,-,PublicFinances1800-2023
,Petroleum royalties3,,,-,PublicFinances1800-2023
,Petroleum royalties3,,,-,PublicFinances1800-2023
,Petroleum royalties3,,,-,PublicFinances1800-2023
,Public sector gross investment4,JW2Z + JW2S,,-,PublicFinances1800-2023
,Public sector gross investment4,JW2Z + JW2S,,-,PublicFinances1800-2023
,Public sector gross investment4,JW2Z + JW2S,,-,PublicFinances1800-2023
,Public sector gross investment4,JW2Z + JW2S,,-,PublicFinances1800-2023
,Public sector gross investment4,JW2Z + JW2S,,-,PublicFinances1800-2023
,Public sector gross investment4,JW2Z + JW2S,,-,PublicFinances1800-2023
,Public sector gross investment4,JW2Z + JW2S,,-,PublicFinances1800-2023
,Public sector gross investment4,JW2Z + JW2S,,-,PublicFinances1800-2023
,Public sector gross investment4,JW2Z + JW2S,,-,PublicFinances1800-2023
,Public sector gross investment4,JW2Z + JW2S,,-,PublicFinances1800-2023
,Public sector gross investment4,JW2Z + JW2S,,-,PublicFinances1800-2023
,Public sector gross investment4,JW2Z + JW2S,,-,PublicFinances1800-2023
,Public sector gross investment4,JW2Z + JW2S,,-,PublicFinances1800-2023
,Public sector gross investment4,JW2Z + JW2S,,-,PublicFinances1800-2023
,Public sector gross investment4,JW2Z + JW2S,,-,PublicFinances1800-2023
,Public sector gross investment4,JW2Z + JW2S,,-,PublicFinances1800-2023
,Public sector gross investment4,JW2Z + JW2S,,-,PublicFinances1800-2023
,Public sector gross investment4,JW2Z + JW2S,,-,PublicFinances1800-2023
,Public sector gross investment4,JW2Z + JW2S,,-,PublicFinances1800-2023
,Public sector gross investment4,JW2Z + JW2S,,-,PublicFinances1800-2023
,Public sector gross investment4,JW2Z + JW2S,,-,PublicFinances1800-2023
,Public sector gross investment4,JW2Z + JW2S,,-,PublicFinances1800-2023
,Public sector gross investment4,JW2Z + JW2S,,-,PublicFinances1800-2023
,Public sector gross investment4,JW2Z + JW2S,,-,PublicFinances1800-2023
,Public sector gross investment4,JW2Z + JW2S,,-,PublicFinances1800-2023
,"Public sector net borrowing
(PSNB)1","Public sector net borrowing
(PSNB)1",,21,PublicFinances1800-2023
,"Public sector net borrowing
(PSNB)1","Public sector net borrowing
(PSNB)1",,21,PublicFinances1800-2023
,"Public sector net borrowing
(PSNB)1","Public sector net borrowing
(PSNB)1",,21,PublicFinances1800-2023
,"Public sector net borrowing
(PSNB)1","Public sector net borrowing
(PSNB)1",,21,PublicFinances1800-2023
,"Public sector net borrowing
(PSNB)1","Public sector net borrowing
(PSNB)1",,21,PublicFinances1800-2023
,"Public sector net borrowing
(PSNB)1","Public sector net borrowing
(PSNB)1",,21,PublicFinances1800-2023
,"Public sector net borrowing
(PSNB)1","Public sector net borrowing
(PSNB)1",,21,PublicFinances1800-2023
,"Public sector net borrowing
(PSNB)1","Public sector net borrowing
(PSNB)1",,21,PublicFinances1800-2023
,"Public sector net borrowing
(PSNB)1","Public sector net borrowing
(PSNB)1",,21,PublicFinances1800-2023
,"Public sector net borrowing
(PSNB)1","Public sector net borrowing
(PSNB)1",,21,PublicFinances1800-2023
,"Public sector net borrowing
(PSNB)1","Public sector net borrowing
(PSNB)1",,21,PublicFinances1800-2023
,"Public sector net borrowing
(PSNB)1","Public sector net borrowing
(PSNB)1",,21,PublicFinances1800-2023
,"Public sector net borrowing
(PSNB)1","Public sector net borrowing
(PSNB)1",,21,PublicFinances1800-2023
,"Public sector net borrowing
(PSNB)1","Public sector net borrowing
(PSNB)1",,21,PublicFinances1800-2023
,"Public sector net borrowing
(PSNB)1","Public sector net borrowing
(PSNB)1",,21,PublicFinances1800-2023
,"Public sector net borrowing
(PSNB)1","Public sector net borrowing
(PSNB)1",,21,PublicFinances1800-2023
,"Public sector net borrowing
(PSNB)1","Public sector net borrowing
(PSNB)1",,21,PublicFinances1800-2023
,"Public sector net borrowing
(PSNB)1","Public sector net borrowing
(PSNB)1",,21,PublicFinances1800-2023
,"Public sector net borrowing
(PSNB)1","Public sector net borrowing
(PSNB)1",,21,PublicFinances1800-2023
,"Public sector net borrowing
(PSNB)1","Public sector net borrowing
(PSNB)1",,21,PublicFinances1800-2023
,"Public sector net borrowing
(PSNB)1","Public sector net borrowing
(PSNB)1",,21,PublicFinances1800-2023
,"Public sector net borrowing
(PSNB)1","Public sector net borrowing
(PSNB)1",,21,PublicFinances1800-2023
,"Public sector net borrowing
(PSNB)1","Public sector net borrowing
(PSNB)1",,21,PublicFinances1800-2023
,"Public sector net borrowing
(PSNB)1","Public sector net borrowing
(PSNB)1",,21,PublicFinances1800-2023
,"Public sector net borrowing
(PSNB)1","Public sector net borrowing
(PSNB)1",,21,PublicFinances1800-2023
,Public sector net debt (PSND)2,Public sector net debt (PSND)2,,508,PublicFinances1800-2023
,Public sector net debt (PSND)2,Public sector net debt (PSND)2,,508,PublicFinances1800-2023
,Public sector net debt (PSND)2,Public sector net debt (PSND)2,,508,PublicFinances1800-2023
,Public sector net debt (PSND)2,Public sector net debt (PSND)2,,508,PublicFinances1800-2023
,Public sector net debt (PSND)2,Public sector net debt (PSND)2,,508,PublicFinances1800-2023
,Public sector net debt (PSND)2,Public sector net debt (PSND)2,,508,PublicFinances1800-2023
,Public sector net debt (PSND)2,Public sector net debt (PSND)2,,508,PublicFinances1800-2023
,Public sector net debt (PSND)2,Public sector net debt (PSND)2,,508,PublicFinances1800-2023
,Public sector net debt (PSND)2,Public sector net debt (PSND)2,,508,PublicFinances1800-2023
,Public sector net debt (PSND)2,Public sector net debt (PSND)2,,508,PublicFinances1800-2023
,Public sector net debt (PSND)2,Public sector net debt (PSND)2,,508,PublicFinances1800-2023
,Public sector net debt (PSND)2,Public sector net debt (PSND)2,,508,PublicFinances1800-2023
,Public sector net debt (PSND)2,Public sector net debt (PSND)2,,508,PublicFinances1800-2023
,Public sector net debt (PSND)2,Public sector net debt (PSND)2,,508,PublicFinances1800-2023
,Public sector net debt (PSND)2,Public sector net debt (PSND)2,,508,PublicFinances1800-2023
,Public sector net debt (PSND)2,Public sector net debt (PSND)2,,508,PublicFinances1800-2023
,Public sector net debt (PSND)2,Public sector net debt (PSND)2,,508,PublicFinances1800-2023
,Public sector net debt (PSND)2,Public sector net debt (PSND)2,,508,PublicFinances1800-2023
,Public sector net debt (PSND)2,Public sector net debt (PSND)2,,508,PublicFinances1800-2023
,Public sector net debt (PSND)2,Public sector net debt (PSND)2,,508,PublicFinances1800-2023
,Public sector net debt (PSND)2,Public sector net debt (PSND)2,,508,PublicFinances1800-2023
,Public sector net debt (PSND)2,Public sector net debt (PSND)2,,508,PublicFinances1800-2023
,Public sector net debt (PSND)2,Public sector net debt (PSND)2,,508,PublicFinances1800-2023
,Public sector net debt (PSND)2,Public sector net debt (PSND)2,,508,PublicFinances1800-2023
,Public sector net debt (PSND)2,Public sector net debt (PSND)2,,508,PublicFinances1800-2023
,Social Security7,,,-,PublicFinances1800-2023
,Social Security7,,,-,PublicFinances1800-2023
,Social Security7,,,-,PublicFinances1800-2023
,Social Security7,,,-,PublicFinances1800-2023
,Social Security7,,,-,PublicFinances1800-2023
,Social Security7,,,-,PublicFinances1800-2023
,Social Security7,,,-,PublicFinances1800-2023
,Social Security7,,,-,PublicFinances1800-2023
,Social Security7,,,-,PublicFinances1800-2023
,Social Security7,,,-,PublicFinances1800-2023
,Social Security7,,,-,PublicFinances1800-2023
,Social Security7,,,-,PublicFinances1800-2023
,Social Security7,,,-,PublicFinances1800-2023
,Social Security7,,,-,PublicFinances1800-2023
,Social Security7,,,-,PublicFinances1800-2023
,Social Security7,,,-,PublicFinances1800-2023
,Social Security7,,,-,PublicFinances1800-2023
,Social Security7,,,-,PublicFinances1800-2023
,Social Security7,,,-,PublicFinances1800-2023
,Social Security7,,,-,PublicFinances1800-2023
,Social Security7,,,-,PublicFinances1800-2023
,Social Security7,,,-,PublicFinances1800-2023
,Social Security7,,,-,PublicFinances1800-2023
,Social Security7,,,-,PublicFinances1800-2023
,Social Security7,,,-,PublicFinances1800-2023
,Stamp duties,GTBC,,3,PublicFinances1800-2023
,Stamp duties,GTBC,,3,PublicFinances1800-2023
,Stamp duties,GTBC,,3,PublicFinances1800-2023
,Stamp duties,GTBC,,3,PublicFinances1800-2023
,Stamp duties,GTBC,,3,PublicFinances1800-2023
,Stamp duties,GTBC,,3,PublicFinances1800-2023
,Stamp duties,GTBC,,3,PublicFinances1800-2023
,Stamp duties,GTBC,,3,PublicFinances1800-2023
,Stamp duties,GTBC,,3,PublicFinances1800-2023
,Stamp duties,GTBC,,3,PublicFinances1800-2023
,Stamp duties,GTBC,,3,PublicFinances1800-2023
,Stamp duties,GTBC,,3,PublicFinances1800-2023
,Stamp duties,GTBC,,3,PublicFinances1800-2023
,Stamp duties,GTBC,,3,PublicFinances1800-2023
,Stamp duties,GTBC,,3,PublicFinances1800-2023
,Stamp duties,GTBC,,3,PublicFinances1800-2023
,Stamp duties,GTBC,,3,PublicFinances1800-2023
,Stamp duties,GTBC,,3,PublicFinances1800-2023
,Stamp duties,GTBC,,3,PublicFinances1800-2023
,Stamp duties,GTBC,,3,PublicFinances1800-2023
,Stamp duties,GTBC,,3,PublicFinances1800-2023
,Stamp duties,GTBC,,3,PublicFinances1800-2023
,Stamp duties,GTBC,,3,PublicFinances1800-2023
,Stamp duties,GTBC,,3,PublicFinances1800-2023
,Stamp duties,GTBC,,3,PublicFinances1800-2023
,Total Central Government spending1,ANLP + ANNS + NSRN,,50,PublicFinances1800-2023
,Total Central Government spending1,ANLP + ANNS + NSRN,,50,PublicFinances1800-2023
,Total Central Government spending1,ANLP + ANNS + NSRN,,50,PublicFinances1800-2023
,Total Central Government spending1,ANLP + ANNS + NSRN,,50,PublicFinances1800-2023
,Total Central Government spending1,ANLP + ANNS + NSRN,,50,PublicFinances1800-2023
,Total Central Government spending1,ANLP + ANNS + NSRN,,50,PublicFinances1800-2023
,Total Central Government spending1,ANLP + ANNS + NSRN,,50,PublicFinances1800-2023
,Total Central Government spending1,ANLP + ANNS + NSRN,,50,PublicFinances1800-2023
,Total Central Government spending1,ANLP + ANNS + NSRN,,50,PublicFinances1800-2023
,Total Central Government spending1,ANLP + ANNS + NSRN,,50,PublicFinances1800-2023
,Total Central Government spending1,ANLP + ANNS + NSRN,,50,PublicFinances1800-2023
,Total Central Government spending1,ANLP + ANNS + NSRN,,50,PublicFinances1800-2023
,Total Central Government spending1,ANLP + ANNS + NSRN,,50,PublicFinances1800-2023
,Total Central Government spending1,ANLP + ANNS + NSRN,,50,PublicFinances1800-2023
,Total Central Government spending1,ANLP + ANNS + NSRN,,50,PublicFinances1800-2023
,Total Central Government spending1,ANLP + ANNS + NSRN,,50,PublicFinances1800-2023
,Total Central Government spending1,ANLP + ANNS + NSRN,,50,PublicFinances1800-2023
,Total Central Government spending1,ANLP + ANNS + NSRN,,50,PublicFinances1800-2023
,Total Central Government spending1,ANLP + ANNS + NSRN,,50,PublicFinances1800-2023
,Total Central Government spending1,ANLP + ANNS + NSRN,,50,PublicFinances1800-2023
,Total Central Government spending1,ANLP + ANNS + NSRN,,50,PublicFinances1800-2023
,Total Central Government spending1,ANLP + ANNS + NSRN,,50,PublicFinances1800-2023
,Total Central Government spending1,ANLP + ANNS + NSRN,,50,PublicFinances1800-2023
,Total Central Government spending1,ANLP + ANNS + NSRN,,50,PublicFinances1800-2023
,Total Central Government spending1,ANLP + ANNS + NSRN,,50,PublicFinances1800-2023
,Unit,Source dataset ID,,1800,PublicFinances1800-2023
,Unit,Source dataset ID,,1800,PublicFinances1800-2023
,Unit,Source dataset ID,,1800,PublicFinances1800-2023
,Unit,Source dataset ID,,1800,PublicFinances1800-2023
,Unit,Source dataset ID,,1800,PublicFinances1800-2023
,Unit,Source dataset ID,,1800,PublicFinances1800-2023
,Unit,Source dataset ID,,1800,PublicFinances1800-2023
,Unit,Source dataset ID,,1800,PublicFinances1800-2023
,Unit,Source dataset ID,,1800,PublicFinances1800-2023
,Unit,Source dataset ID,,1800,PublicFinances1800-2023
,Unit,Source dataset ID,,1800,PublicFinances1800-2023
,Unit,Source dataset ID,,1800,PublicFinances1800-2023
,Unit,Source dataset ID,,1800,PublicFinances1800-2023
,Unit,Source dataset ID,,1800,PublicFinances1800-2023
,Unit,Source dataset ID,,1800,PublicFinances1800-2023
,Unit,Source dataset ID,,1800,PublicFinances1800-2023
,Unit,Source dataset ID,,1800,PublicFinances1800-2023
,Unit,Source dataset ID,,1800,PublicFinances1800-2023
,Unit,Source dataset ID,,1800,PublicFinances1800-2023
,Unit,Source dataset ID,,1800,PublicFinances1800-2023
,Unit,Source dataset ID,,1800,PublicFinances1800-2023
,Unit,Source dataset ID,,1800,PublicFinances1800-2023
,Unit,Source dataset ID,,1800,PublicFinances1800-2023
,Unit,Source dataset ID,,1800,PublicFinances1800-2023
,Unit,Source dataset ID,,1800,PublicFinances1800-2023
,VAT (Purchase tax prior to 1973)4,NZGF,,-,PublicFinances1800-2023
,VAT (Purchase tax prior to 1973)4,NZGF,,-,PublicFinances1800-2023
,VAT (Purchase tax prior to 1973)4,NZGF,,-,PublicFinances1800-2023
,VAT (Purchase tax prior to 1973)4,NZGF,,-,PublicFinances1800-2023
,VAT (Purchase tax prior to 1973)4,NZGF,,-,PublicFinances1800-2023
,VAT (Purchase tax prior to 1973)4,NZGF,,-,PublicFinances1800-2023
,VAT (Purchase tax prior to 1973)4,NZGF,,-,PublicFinances1800-2023
,VAT (Purchase tax prior to 1973)4,NZGF,,-,PublicFinances1800-2023
,VAT (Purchase tax prior to 1973)4,NZGF,,-,PublicFinances1800-2023
,VAT (Purchase tax prior to 1973)4,NZGF,,-,PublicFinances1800-2023
,VAT (Purchase tax prior to 1973)4,NZGF,,-,PublicFinances1800-2023
,VAT (Purchase tax prior to 1973)4,NZGF,,-,PublicFinances1800-2023
,VAT (Purchase tax prior to 1973)4,NZGF,,-,PublicFinances1800-2023
,VAT (Purchase tax prior to 1973)4,NZGF,,-,PublicFinances1800-2023
,VAT (Purchase tax prior to 1973)4,NZGF,,-,PublicFinances1800-2023
,VAT (Purchase tax prior to 1973)4,NZGF,,-,PublicFinances1800-2023
,VAT (Purchase tax prior to 1973)4,NZGF,,-,PublicFinances1800-2023
,VAT (Purchase tax prior to 1973)4,NZGF,,-,PublicFinances1800-2023
,VAT (Purchase tax prior to 1973)4,NZGF,,-,PublicFinances1800-2023
,VAT (Purchase tax prior to 1973)4,NZGF,,-,PublicFinances1800-2023
,VAT (Purchase tax prior to 1973)4,NZGF,,-,PublicFinances1800-2023
,VAT (Purchase tax prior to 1973)4,NZGF,,-,PublicFinances1800-2023
,VAT (Purchase tax prior to 1973)4,NZGF,,-,PublicFinances1800-2023
,VAT (Purchase tax prior to 1973)4,NZGF,,-,PublicFinances1800-2023
,VAT (Purchase tax prior to 1973)4,NZGF,,-,PublicFinances1800-2023
,Years,Years,,1800-01,PublicFinances1800-2023
,Years,Years,,1800-01,PublicFinances1800-2023
,Years,Years,,1800-01,PublicFinances1800-2023
,Years,Years,,1800-01,PublicFinances1800-2023
,Years,Years,,1800-01,PublicFinances1800-2023
,Years,Years,,1800-01,PublicFinances1800-2023
,Years,Years,,1800-01,PublicFinances1800-2023
,Years,Years,,1800-01,PublicFinances1800-2023
,Years,Years,,1800-01,PublicFinances1800-2023
,Years,Years,,1800-01,PublicFinances1800-2023
,Years,Years,,1800-01,PublicFinances1800-2023
,Years,Years,,1800-01,PublicFinances1800-2023
,Years,Years,,1800-01,PublicFinances1800-2023
,Years,Years,,1800-01,PublicFinances1800-2023
,Years,Years,,1800-01,PublicFinances1800-2023
,Years,Years,,1800-01,PublicFinances1800-2023
,Years,Years,,1800-01,PublicFinances1800-2023
,Years,Years,,1800-01,PublicFinances1800-2023
,Years,Years,,1800-01,PublicFinances1800-2023
,Years,Years,,1800-01,PublicFinances1800-2023
,Years,Years,,1800-01,PublicFinances1800-2023
,Years,Years,,1800-01,PublicFinances1800-2023
,Years,Years,,1800-01,PublicFinances1800-2023
,Years,Years,,1800-01,PublicFinances1800-2023
,Years,Years,,1800-01,PublicFinances1800-2023
,o/w non-pensioners,,,-,PublicFinances1800-2023
,o/w non-pensioners,,,-,PublicFinances1800-2023
,o/w non-pensioners,,,-,PublicFinances1800-2023
,o/w non-pensioners,,,-,PublicFinances1800-2023
,o/w non-pensioners,,,-,PublicFinances1800-2023
,o/w non-pensioners,,,-,PublicFinances1800-2023
,o/w non-pensioners,,,-,PublicFinances1800-2023
,o/w non-pensioners,,,-,PublicFinances1800-2023
,o/w non-pensioners,,,-,PublicFinances1800-2023
,o/w non-pensioners,,,-,PublicFinances1800-2023
,o/w non-pensioners,,,-,PublicFinances1800-2023
,o/w non-pensioners,,,-,PublicFinances1800-2023
,o/w non-pensioners,,,-,PublicFinances1800-2023
,o/w non-pensioners,,,-,PublicFinances1800-2023
,o/w non-pensioners,,,-,PublicFinances1800-2023
,o/w non-pensioners,,,-,PublicFinances1800-2023
,o/w non-pensioners,,,-,PublicFinances1800-2023
,o/w non-pensioners,,,-,PublicFinances1800-2023
,o/w non-pensioners,,,-,PublicFinances1800-2023
,o/w non-pensioners,,,-,PublicFinances1800-2023
,o/w non-pensioners,,,-,PublicFinances1800-2023
,o/w non-pensioners,,,-,PublicFinances1800-2023
,o/w non-pensioners,,,-,PublicFinances1800-2023
,o/w non-pensioners,,,-,PublicFinances1800-2023
,o/w non-pensioners,,,-,PublicFinances1800-2023
,o/w pensioners,,,-,PublicFinances1800-2023
,o/w pensioners,,,-,PublicFinances1800-2023
,o/w pensioners,,,-,PublicFinances1800-2023
,o/w pensioners,,,-,PublicFinances1800-2023
,o/w pensioners,,,-,PublicFinances1800-2023
,o/w pensioners,,,-,PublicFinances1800-2023
,o/w pensioners,,,-,PublicFinances1800-2023
,o/w pensioners,,,-,PublicFinances1800-2023
,o/w pensioners,,,-,PublicFinances1800-2023
,o/w pensioners,,,-,PublicFinances1800-2023
,o/w pensioners,,,-,PublicFinances1800-2023
,o/w pensioners,,,-,PublicFinances1800-2023
,o/w pensioners,,,-,PublicFinances1800-2023
,o/w pensioners,,,-,PublicFinances1800-2023
,o/w pensioners,,,-,PublicFinances1800-2023
,o/w pensioners,,,-,PublicFinances1800-2023
,o/w pensioners,,,-,PublicFinances1800-2023
,o/w pensioners,,,-,PublicFinances1800-2023
,o/w pensioners,,,-,PublicFinances1800-2023
,o/w pensioners,,,-,PublicFinances1800-2023
,o/w pensioners,,,-,PublicFinances1800-2023
,o/w pensioners,,,-,PublicFinances1800-2023
,o/w pensioners,,,-,PublicFinances1800-2023
,o/w pensioners,,,-,PublicFinances1800-2023
,o/w pensioners,,,-,PublicFinances1800-2023
