version,code,description,category_code,category_name,classification_confidence
ICD-6,10,Respiratory tuberculosis with mention of occupational disease of lung — Respiratory tuberculosis with mention of occupational disease of lung,L1_06,Respiratory and Environmental Disease,medium
ICD-6,20,Pulmonary tuberculosis — Pulmonary tuberculosis,L1_01,Infectious and Communicable Diseases,low
ICD-6,30,Pleural tuberculosis — Pleurisy specified as tuberculous,L1_01,Infectious and Communicable Diseases,low
ICD-6,31,Pleural tuberculosis — Pleurisy with effusion without mention of cause,L1_01,Infectious and Communicable Diseases,low
ICD-6,40,Primary tuberculosis complex with symptoms — Primary tuberculosis complex with symptoms,L1_01,Infectious and Communicable Diseases,low
ICD-6,50,Tracheobronchial glandular tuberculosis with symptoms — Tracheobronchial glandular tuberculosis with symptoms,L1_01,Infectious and Communicable Diseases,low
ICD-6,60,Radiological evidence suggestive of active respiratory tuberculosis not classifiable elsewhere — Radiological evidence suggestive of active respiratory tuberculosis not classifiable elsewhere,L1_01,Infectious and Communicable Diseases,low
ICD-6,70,Other respiratory tuberculosis — Other respiratory tuberculosis,L1_01,Infectious and Communicable Diseases,low
ICD-6,80,"Tuberculosis, unspecified site — Tuberculosis, unspecified site",L1_01,Infectious and Communicable Diseases,low
ICD-6,100,Tuberculosis of meninges and central nervous system — Tuberculosis of meninges and central nervous system,L1_01,Infectious and Communicable Diseases,low
ICD-6,110,"Tuberculosis of intestines, peritoneum, and mesenteric glands — Tuberculosis of intestines, peritoneum, and mesenteric glands",L1_01,Infectious and Communicable Diseases,low
ICD-6,120,"Tuberculosis of bones and joints, active or unspecified — Active or unspecified tuberculosis of vertebral column",L1_01,Infectious and Communicable Diseases,low
ICD-6,121,"Tuberculosis of bones and joints, active or unspecified — Active or unspecified tuberculosis of hip",L1_01,Infectious and Communicable Diseases,low
ICD-6,122,"Tuberculosis of bones and joints, active or unspecified — Active or unspecified tuberculosis of knee",L1_01,Infectious and Communicable Diseases,low
ICD-6,123,"Tuberculosis of bones and joints, active or unspecified — Active or unspecified tuberculosis of other and unspecified bones and joints",L1_01,Infectious and Communicable Diseases,low
ICD-6,130,Late effects of tuberculosis of bones and joints — Late effects of tuberculosis of vertebral column,L1_01,Infectious and Communicable Diseases,low
ICD-6,131,Late effects of tuberculosis of bones and joints — Late effects of tuberculosis of hip,L1_01,Infectious and Communicable Diseases,low
ICD-6,132,Late effects of tuberculosis of bones and joints — Late effects of tuberculosis of knee,L1_01,Infectious and Communicable Diseases,low
ICD-6,133,Late effects of tuberculosis of bones and joints — Late effects of tuberculosis of other and unspecified bones and joints,L1_01,Infectious and Communicable Diseases,low
ICD-6,140,Tuberculosis of skin and subcutaneous cellular tissue — Primary tuberculosis of skin,L1_01,Infectious and Communicable Diseases,low
ICD-6,141,Tuberculosis of skin and subcutaneous cellular tissue — Erythema nodosum specified as tuberculosus,L1_01,Infectious and Communicable Diseases,low
ICD-6,142,Tuberculosis of skin and subcutaneous cellular tissue — Lupus,L1_01,Infectious and Communicable Diseases,low
ICD-6,143,Tuberculosis of skin and subcutaneous cellular tissue — Other tuberculosis of skin and subcutaneous cellular tissue,L1_01,Infectious and Communicable Diseases,low
ICD-6,150,Tuberculosis of lymphatic system — Tuberculosis of lymphatic system,L1_01,Infectious and Communicable Diseases,low
ICD-6,160,Tuberculosis of genito-urinary system — Tuberculosis of genito-urinary system,L1_01,Infectious and Communicable Diseases,low
ICD-6,170,Tuberculosis of adrenal glands — Tuberculosis of adrenal glands,L1_01,Infectious and Communicable Diseases,low
ICD-6,180,Tuberculosis of other organs — Tuberculosis of eye,L1_01,Infectious and Communicable Diseases,low
ICD-6,181,Tuberculosis of other organs — Tuberculosis of ear,L1_01,Infectious and Communicable Diseases,low
ICD-6,182,Tuberculosis of other organs — Other,L1_01,Infectious and Communicable Diseases,low
ICD-6,190,Disseminated tuberculosis — Acute miliary tuberculosis specified as non pulmonary,L1_01,Infectious and Communicable Diseases,low
ICD-6,191,"Disseminated tuberculosis — Acute miliary tuberculosis, unspecified",L1_01,Infectious and Communicable Diseases,low
ICD-6,192,Disseminated tuberculosis — Other forms of disseminated tuberculosis,L1_01,Infectious and Communicable Diseases,low
ICD-6,200,Congenital syphilis — Interstitial keratitis,L1_03,Congenital and Developmental Conditions,low
ICD-6,201,Congenital syphilis — Juvenile neurosphilis,L1_03,Congenital and Developmental Conditions,low
ICD-6,202,Congenital syphilis — Other congenital syphilis,L1_03,Congenital and Developmental Conditions,low
ICD-6,210,"Early syphilis — Primary syphilis, except extragenital chancre",L1_01,Infectious and Communicable Diseases,low
ICD-6,211,Early syphilis — Extragenital chancre,L1_01,Infectious and Communicable Diseases,low
ICD-6,212,Early syphilis — Secondary syphilis,L1_01,Infectious and Communicable Diseases,low
ICD-6,213,"Early syphilis — Early syphilis, relapse following treatment",L1_01,Infectious and Communicable Diseases,low
ICD-6,214,"Early syphilis — Early syphilis, unspecified stage",L1_01,Infectious and Communicable Diseases,low
ICD-6,220,Aneurysm of aorta — Aneurysm of aorta,L1_05,Chronic Non-Communicable Diseases,low
ICD-6,230,Other cardiovascular syphilis — Other cardiovascular syphilis,L1_01,Infectious and Communicable Diseases,low
ICD-6,240,Tabes dorsalis — Tabes dorsalis,L1_01,Infectious and Communicable Diseases,low
ICD-6,250,General paralysis of insane — General paralysis of insane,L1_05,Chronic Non-Communicable Diseases,medium
ICD-6,260,Other syphilis of central nervous system — Other syphilis of central nervous system,L1_01,Infectious and Communicable Diseases,low
ICD-6,270,Other forms of late syphilis — Other forms of late syphilis,L1_01,Infectious and Communicable Diseases,low
ICD-6,280,Latent syphilis — Early latent,L1_01,Infectious and Communicable Diseases,low
ICD-6,281,Latent syphilis — Late latent,L1_01,Infectious and Communicable Diseases,low
ICD-6,282,Latent syphilis — Unspecified,L1_01,Infectious and Communicable Diseases,low
ICD-6,290,"Syphilis, unqualified — Syphilis, unqualified",L1_01,Infectious and Communicable Diseases,low
ICD-6,300,Acute or unspecified gonorrhoea — Acute or unspecified gonorrhoea,L1_01,Infectious and Communicable Diseases,low
ICD-6,310,Chronic gonococcal infection of genito-urinary system — Chronic gonococcal infection of genito-urinary system,L1_05,Chronic Non-Communicable Diseases,low
ICD-6,320,Gonococcal infection of joint — Gonococcal infection of joint,L1_01,Infectious and Communicable Diseases,low
ICD-6,330,Gonococcal infection of eye — Gonococcal infection of eye,L1_01,Infectious and Communicable Diseases,low
ICD-6,340,Gonococcal infection of other sites — Gonococcal infection of other sites,L1_01,Infectious and Communicable Diseases,low
ICD-6,350,Late effects of gonococcal infection — Late effects of gonococcal infection,L1_01,Infectious and Communicable Diseases,low
ICD-6,360,Chancroid — Chancroid,L1_01,Infectious and Communicable Diseases,low
ICD-6,370,Lymphogranuloma venereum — Lymphogranuloma venereum,L1_01,Infectious and Communicable Diseases,low
ICD-6,380,"Granuloma inguinale, venereal — Granuloma inguinale, venereal",L1_01,Infectious and Communicable Diseases,low
ICD-6,390,Other and unspecified venereal diseases — Other and unspecified venereal diseases,L1_01,Infectious and Communicable Diseases,low
ICD-6,400,Typhoid fever — Typhoid fever,L1_01,Infectious and Communicable Diseases,low
ICD-6,410,Paratyphoid fever — Paratyphoid fever,L1_01,Infectious and Communicable Diseases,low
ICD-6,420,Other Salmonella infections — Without mention of food as vehicle of infection,L1_07,Injury and Accidental Harm,low
ICD-6,421,Other Salmonella infections — With food as vehicle of infection,L1_07,Injury and Accidental Harm,low
ICD-6,430,Cholera — Cholera,L1_01,Infectious and Communicable Diseases,low
ICD-6,440,Brucellosis (undulant fever) — Brucellosis (undulant fever),L1_01,Infectious and Communicable Diseases,low
ICD-6,450,Bacillary dysentery — Flexner-Boyd group,L1_01,Infectious and Communicable Diseases,low
ICD-6,451,Bacillary dysentery — Schmitz,L1_01,Infectious and Communicable Diseases,low
ICD-6,452,Bacillary dysentery — Shiga,L1_01,Infectious and Communicable Diseases,low
ICD-6,453,Bacillary dysentery — Sonne,L1_01,Infectious and Communicable Diseases,low
ICD-6,454,"Bacillary dysentery — Bacillary, other and unspecified",L1_01,Infectious and Communicable Diseases,low
ICD-6,460,Amoebiasis — Without mention of liver abscess,L1_05,Chronic Non-Communicable Diseases,low
ICD-6,461,Amoebiasis — With liver abscess,L1_05,Chronic Non-Communicable Diseases,low
ICD-6,470,Other protozoal dysentery — Other protozoal dysentery,L1_01,Infectious and Communicable Diseases,low
ICD-6,480,Unspecified forms of dysentery — Unspecified forms of dysentery,L1_01,Infectious and Communicable Diseases,low
ICD-6,490,Food poisoning (infection and intoxication) — Staphylococcal,L1_01,Infectious and Communicable Diseases,medium
ICD-6,491,Food poisoning (infection and intoxication) — Botulism,L1_07,Injury and Accidental Harm,low
ICD-6,492,Food poisoning (infection and intoxication) — Unspecified,L1_07,Injury and Accidental Harm,low
ICD-6,500,Scarlet fever — Scarlet fever,L1_01,Infectious and Communicable Diseases,low
ICD-6,510,Streptococcal sore throat — Streptococcal sore throat,L1_01,Infectious and Communicable Diseases,low
ICD-6,520,Erysipelas — Erysipelas,L1_01,Infectious and Communicable Diseases,low
ICD-6,530,Septicaemia and pyaemia — Streptococcus,L1_01,Infectious and Communicable Diseases,high
ICD-6,531,Septicaemia and pyaemia — Staphylococcus,L1_01,Infectious and Communicable Diseases,high
ICD-6,532,Septicaemia and pyaemia — Pneumococcus,L1_01,Infectious and Communicable Diseases,high
ICD-6,533,Septicaemia and pyaemia — Other specified organism,L1_01,Infectious and Communicable Diseases,medium
ICD-6,534,Septicaemia and pyaemia — Organism unspecified,L1_01,Infectious and Communicable Diseases,medium
ICD-6,540,Bacterial toxaemia — Bacterial toxaemia,L1_01,Infectious and Communicable Diseases,low
ICD-6,550,Diphtheria — Diphtheria,L1_01,Infectious and Communicable Diseases,low
ICD-6,560,Whooping cough — Without mention of pneumonia,L1_01,Infectious and Communicable Diseases,low
ICD-6,561,Whooping cough — With pneumonia,L1_01,Infectious and Communicable Diseases,low
ICD-6,570,Meningococcal infections — Meningococcal meningitis,L1_01,Infectious and Communicable Diseases,low
ICD-6,571,Meningococcal infections — Acute and unspecified meningococcaemia,L1_01,Infectious and Communicable Diseases,low
ICD-6,572,Meningococcal infections — Chronic meningococcaemia,L1_05,Chronic Non-Communicable Diseases,low
ICD-6,573,Meningococcal infections — Other forms of meningococcal infection,L1_01,Infectious and Communicable Diseases,low
ICD-6,580,Plague — Bubonic,L1_01,Infectious and Communicable Diseases,low
ICD-6,581,Plague — Pneumonic,L1_01,Infectious and Communicable Diseases,low
ICD-6,582,Plague — Other,L1_01,Infectious and Communicable Diseases,low
ICD-6,590,Tularaemia — Tularaemia,L1_01,Infectious and Communicable Diseases,low
ICD-6,600,Leprosy — Lepromatous Leprosy,L1_01,Infectious and Communicable Diseases,low
ICD-6,601,Leprosy — Neuroleprosy,L1_01,Infectious and Communicable Diseases,low
ICD-6,602,Leprosy — Mixed,L1_01,Infectious and Communicable Diseases,low
ICD-6,603,Leprosy — Unspecified,L1_01,Infectious and Communicable Diseases,low
ICD-6,610,Tetanus — Tetanus,L1_01,Infectious and Communicable Diseases,low
ICD-6,620,Anthrax — Anthrax,L1_01,Infectious and Communicable Diseases,low
ICD-6,630,Gas gangrene — Gas gangrene,L1_01,Infectious and Communicable Diseases,low
ICD-6,640,Other bacterial diseases — Epidemic arthritic erythema,L1_01,Infectious and Communicable Diseases,low
ICD-6,641,Other bacterial diseases — Rat-bite fever due to Streptobacillus moniliformis,L1_01,Infectious and Communicable Diseases,low
ICD-6,642,Other bacterial diseases — Glanders,L1_01,Infectious and Communicable Diseases,low
ICD-6,643,Other bacterial diseases — Melioidosis,L1_01,Infectious and Communicable Diseases,low
ICD-6,644,Other bacterial diseases — Other,L1_01,Infectious and Communicable Diseases,low
ICD-6,700,Vincent's infection — Vincent's infection,L1_01,Infectious and Communicable Diseases,low
ICD-6,710,Relapsing fever — Louse-borne,L1_01,Infectious and Communicable Diseases,low
ICD-6,711,Relapsing fever — Tick-borne,L1_01,Infectious and Communicable Diseases,low
ICD-6,712,Relapsing fever — Unspecified,L1_01,Infectious and Communicable Diseases,low
ICD-6,720,Leptospirosis — Leptospirosis icterohaemorrhagica (Weil's disease),L1_01,Infectious and Communicable Diseases,low
ICD-6,730,Yaws — Yaws,L1_01,Infectious and Communicable Diseases,low
ICD-6,740,Other spirochaetal and leptospirochaetal infections — Rat-bite fever due to Spirochaeta morsus muris (Sodoku),L1_01,Infectious and Communicable Diseases,low
ICD-6,741,Other spirochaetal and leptospirochaetal infections — Other,L1_01,Infectious and Communicable Diseases,low
ICD-6,800,Acute poliomyelitis — Specified as bulbar or polio-encephalitis,L1_01,Infectious and Communicable Diseases,low
ICD-6,801,Acute poliomyelitis — With other paralysis,L1_01,Infectious and Communicable Diseases,low
ICD-6,802,Acute poliomyelitis — Specified as nonparalytic,L1_01,Infectious and Communicable Diseases,low
ICD-6,803,Acute poliomyelitis — Unspecified,L1_01,Infectious and Communicable Diseases,low
ICD-6,810,Late effects of acute poliomyelitis — Late effects of acute poliomyelitis,L1_01,Infectious and Communicable Diseases,low
ICD-6,820,Acute infectious encephalitis — Acute infectious encephalitis,L1_01,Infectious and Communicable Diseases,low
ICD-6,830,Late effects of acute infectious encephalitis — Postencephalitic Parkinsonism,L1_01,Infectious and Communicable Diseases,low
ICD-6,831,Late effects of acute infectious encephalitis — Postencephalitic personality and character disorders,L1_01,Infectious and Communicable Diseases,low
ICD-6,832,Late effects of acute infectious encephalitis — Postencephalitic psychosis,L1_01,Infectious and Communicable Diseases,low
ICD-6,833,Late effects of acute infectious encephalitis — Other postencephalitic conditions,L1_01,Infectious and Communicable Diseases,low
ICD-6,840,Smallpox — Smallpox,L1_01,Infectious and Communicable Diseases,low
ICD-6,850,Measles — Without mention of pneumonia,L1_01,Infectious and Communicable Diseases,low
ICD-6,851,Measles — With pneumonia,L1_01,Infectious and Communicable Diseases,low
ICD-6,860,Rubella (German measles) — Rubella (German measles),L1_01,Infectious and Communicable Diseases,high
ICD-6,870,Chickenpox — Chickenpox,L1_01,Infectious and Communicable Diseases,low
ICD-6,880,Herpes zoster — Herpes zoster,L1_01,Infectious and Communicable Diseases,low
ICD-6,890,Mumps — Mumps,L1_01,Infectious and Communicable Diseases,low
ICD-6,900,Dengue — Dengue,L1_01,Infectious and Communicable Diseases,low
ICD-6,910,Yellow fever — Yellow fever,L1_01,Infectious and Communicable Diseases,low
ICD-6,920,Infectious hepatitis — Infectious hepatitis,L1_01,Infectious and Communicable Diseases,medium
ICD-6,930,Glandular fever (infectious mononucleosis) — Glandular fever (infectious mononucleosis),L1_01,Infectious and Communicable Diseases,low
ICD-6,940,Rabies — Rabies,L1_01,Infectious and Communicable Diseases,low
ICD-6,950,Trachoma — Trachoma,L1_01,Infectious and Communicable Diseases,low
ICD-6,960,Other diseases attributable to viruses — Herpes febrilis,L1_01,Infectious and Communicable Diseases,low
ICD-6,961,Other diseases attributable to viruses — Infectious keratoconjunctivitis,L1_01,Infectious and Communicable Diseases,low
ICD-6,962,Other diseases attributable to viruses — Psittacosis and ornithosis,L1_01,Infectious and Communicable Diseases,low
ICD-6,963,Other diseases attributable to viruses — Cowpox,L1_01,Infectious and Communicable Diseases,low
ICD-6,964,Other diseases attributable to viruses — Epidemic hiccough,L1_01,Infectious and Communicable Diseases,low
ICD-6,965,Other diseases attributable to viruses — Epidemic myalgia (Bornholm disease),L1_01,Infectious and Communicable Diseases,low
ICD-6,966,Other diseases attributable to viruses — Foot and mouth disease,L1_01,Infectious and Communicable Diseases,low
ICD-6,967,Other diseases attributable to viruses — Sandfly fever,L1_01,Infectious and Communicable Diseases,low
ICD-6,968,Other diseases attributable to viruses — Rift Valley fever,L1_01,Infectious and Communicable Diseases,low
ICD-6,969,Other diseases attributable to viruses — Other,L1_01,Infectious and Communicable Diseases,low
ICD-6,1000,Louse-borne epidemic typhus — Louse-borne epidemic typhys,L1_01,Infectious and Communicable Diseases,medium
ICD-6,1010,Flea-borne endemic typhus (murine) — Flea-borne endemic typhus (murine),L1_01,Infectious and Communicable Diseases,low
ICD-6,1020,"Brill's disease, not specified as louse-or flea-borne typhus — Brill's disease, not specified as louse-or flea-borne typhus",L1_01,Infectious and Communicable Diseases,low
ICD-6,1030,"Tabardillo (Mexican typhus), not specified as louse- or flea-borne — Tabardillo (Mexican typhus), not specified as louse- or flea-borne",L1_01,Infectious and Communicable Diseases,low
ICD-6,1040,Tick-borne typhus — Tick-borne typhus,L1_01,Infectious and Communicable Diseases,low
ICD-6,1050,Mite-borne typhus — Mite-borne typhus,L1_01,Infectious and Communicable Diseases,low
ICD-6,1060,Wolhynian fever (trench fever) — Wolhynian fever (trench fever),L1_01,Infectious and Communicable Diseases,low
ICD-6,1070,"Typhus, unspecified — Typhus, unspecified",L1_01,Infectious and Communicable Diseases,low
ICD-6,1080,Other rickettsial diseases — Other rickettsial diseases,L1_01,Infectious and Communicable Diseases,low
ICD-6,1100,Vivax malaria (benign tertian) — Vivax malaria (benign tertian),L1_01,Infectious and Communicable Diseases,low
ICD-6,1110,Malariae malaria (quartan) — Malariae malaria (quartan),L1_01,Infectious and Communicable Diseases,low
ICD-6,1120,Falciparum malaria (malignant tertian) — Falciparum malaria (malignant tertian),L1_01,Infectious and Communicable Diseases,low
ICD-6,1130,Ovale malaria — Ovale malaria,L1_01,Infectious and Communicable Diseases,low
ICD-6,1140,Mixed malarial infections — Mixed malarial infections,L1_01,Infectious and Communicable Diseases,low
ICD-6,1150,Blackwater fever — Blackwater fever,L1_01,Infectious and Communicable Diseases,low
ICD-6,1160,Other and unspecified forms of malaria — Other and unspecified forms of malaria,L1_01,Infectious and Communicable Diseases,low
ICD-6,1170,Recurrent induced malaria — Recurrent induced malaria,L1_01,Infectious and Communicable Diseases,low
ICD-6,1200,Leishmaniasis — Visceral (Kala-azar),L1_01,Infectious and Communicable Diseases,low
ICD-6,1201,Leishmaniasis — Cutaneous (Oriental sore),L1_01,Infectious and Communicable Diseases,low
ICD-6,1202,Leishmaniasis — Mucocutaneous (American),L1_01,Infectious and Communicable Diseases,low
ICD-6,1203,Leishmaniasis — Unspecified,L1_01,Infectious and Communicable Diseases,low
ICD-6,1210,Trypanosomiasis — African (sleeping sickness),L1_01,Infectious and Communicable Diseases,low
ICD-6,1211,Trypanosomiasis — South American (Chagas' disease),L1_01,Infectious and Communicable Diseases,low
ICD-6,1212,Trypanosomiasis — Other,L1_01,Infectious and Communicable Diseases,low
ICD-6,1220,Other protozoal diseases — Coccidiosis,L1_01,Infectious and Communicable Diseases,low
ICD-6,1221,Other protozoal diseases — Toxoplasmosis,L1_01,Infectious and Communicable Diseases,low
ICD-6,1222,Other protozoal diseases — Other,L1_01,Infectious and Communicable Diseases,low
ICD-6,1230,Schistosomiasis — Vesical (S.haematobium),L1_01,Infectious and Communicable Diseases,low
ICD-6,1231,Schistosomiasis — Intestinal (S.Mansoni),L1_01,Infectious and Communicable Diseases,low
ICD-6,1232,Schistosomiasis — Pulmonary (S.japonicum),L1_01,Infectious and Communicable Diseases,low
ICD-6,1233,Schistosomiasis — Other and unspecified schistosomiasis,L1_01,Infectious and Communicable Diseases,low
ICD-6,1240,Other trematode infestation — Clonorchiasis,L1_01,Infectious and Communicable Diseases,low
ICD-6,1241,Other trematode infestation — Paragonimiasis,L1_01,Infectious and Communicable Diseases,low
ICD-6,1242,Other trematode infestation — Other,L1_01,Infectious and Communicable Diseases,low
ICD-6,1250,Hydatid disease — Hydatid disease,L1_01,Infectious and Communicable Diseases,low
ICD-6,1260,Other cestode infestation — Other cestode infestation,L1_01,Infectious and Communicable Diseases,low
ICD-6,1270,Filariasis — Filariasis,L1_01,Infectious and Communicable Diseases,low
ICD-6,1280,Trichiniasis — Trichiniasis,L1_01,Infectious and Communicable Diseases,low
ICD-6,1290,Ankylostomiasis — Ankylostomiasis,L1_01,Infectious and Communicable Diseases,low
ICD-6,1300,"Infestation with worms of other, mixed and unspecified type — Ascariasis",L1_01,Infectious and Communicable Diseases,low
ICD-6,1301,"Infestation with worms of other, mixed and unspecified type — Oxyuriasis",L1_01,Infectious and Communicable Diseases,low
ICD-6,1302,"Infestation with worms of other, mixed and unspecified type — Mixed intestinal helminth infestation",L1_01,Infectious and Communicable Diseases,low
ICD-6,1303,"Infestation with worms of other, mixed and unspecified type — Other",L1_01,Infectious and Communicable Diseases,low
ICD-6,1310,Dermatophytosis — Dermatophytosis,L1_01,Infectious and Communicable Diseases,low
ICD-6,1320,Actinomycosis — Actinomycosis,L1_01,Infectious and Communicable Diseases,low
ICD-6,1330,Coccidioidomycosis — Coccidioidomycosis,L1_01,Infectious and Communicable Diseases,low
ICD-6,1340,Other fungus infections — Blastomycosis,L1_01,Infectious and Communicable Diseases,low
ICD-6,1341,Other fungus infections — Cryptococcosis (torulosis),L1_01,Infectious and Communicable Diseases,low
ICD-6,1342,Other fungus infections — Histoplasmosis,L1_01,Infectious and Communicable Diseases,low
ICD-6,1343,Other fungus infections — Moniliasis,L1_01,Infectious and Communicable Diseases,low
ICD-6,1344,Other fungus infections — Sporotrichosis,L1_01,Infectious and Communicable Diseases,low
ICD-6,1345,Other fungus infections — Other,L1_01,Infectious and Communicable Diseases,low
ICD-6,1350,Scabies — Scabies,L1_01,Infectious and Communicable Diseases,low
ICD-6,1360,Pediculosis — Pediculosis,L1_01,Infectious and Communicable Diseases,low
ICD-6,1370,Other arthropod infestation — Other arthropod infestation,L1_01,Infectious and Communicable Diseases,low
ICD-6,1380,Other infective and parasitic diseases — Sarcoid of Boeck,L1_01,Infectious and Communicable Diseases,low
ICD-6,1381,Other infective and parasitic diseases — Other,L1_01,Infectious and Communicable Diseases,low
ICD-6,1400,Malignant neoplasm of lip — Malignant neoplasm of lip,L1_05,Chronic Non-Communicable Diseases,medium
ICD-6,1410,Malignant neoplasm of tongue — Malignant neoplasm of tongue,L1_05,Chronic Non-Communicable Diseases,medium
ICD-6,1420,Malignant neoplasm of salivary gland — Mixed salivary gland tumour,L1_05,Chronic Non-Communicable Diseases,high
ICD-6,1421,Malignant neoplasm of salivary gland — Other,L1_05,Chronic Non-Communicable Diseases,medium
ICD-6,1430,Malignant neoplasm of floor of mouth — Malignant neoplasm of floor of mouth,L1_05,Chronic Non-Communicable Diseases,medium
ICD-6,1440,Malignant neoplasm of other parts of mouth and mouth unspecified — Malignant neoplasm of other parts of mouth and mouth unspecified,L1_05,Chronic Non-Communicable Diseases,medium
ICD-6,1450,Malignant neoplasm of oral mesopharynx — Malignant neoplasm of oral mesopharynx,L1_05,Chronic Non-Communicable Diseases,medium
ICD-6,1460,Malignant neoplasm of nasopharynx — Malignant neoplasm of nasopharynx,L1_05,Chronic Non-Communicable Diseases,medium
ICD-6,1470,Malignant neoplasm of hypopharynx — Malignant neoplasm of hypopharynx,L1_05,Chronic Non-Communicable Diseases,medium
ICD-6,1480,"Malignant neoplasm of pharynx, unspecified — Malignant neoplasm of pharynx, unspecified",L1_05,Chronic Non-Communicable Diseases,medium
ICD-6,1500,Malignant neoplasm of oesophagus — Malignant neoplasm of oesophagus,L1_05,Chronic Non-Communicable Diseases,medium
ICD-6,1510,Malignant neoplasm of stomach — Malignant neoplasm of stomach,L1_05,Chronic Non-Communicable Diseases,medium
ICD-6,1520,"Malignant neoplasm of small intestine, including duodenum — Malignant neoplasm of small intestine, including duodenum",L1_05,Chronic Non-Communicable Diseases,medium
ICD-6,1530,"Malignant neoplasm of large intestine, except rectum — Malignant neoplasm of large intestine, except rectum",L1_05,Chronic Non-Communicable Diseases,medium
ICD-6,1540,Malignant neoplasm of rectum — Malignant neoplasm of rectum,L1_05,Chronic Non-Communicable Diseases,medium
ICD-6,1550,Malignant neoplasm of biliary passages and of liver (stated to be primary site) — Malignant neoplasm of biliary passages and of liver (stated to be primary site),L1_05,Chronic Non-Communicable Diseases,medium
ICD-6,1560,Malignant neoplasm of liver (secondary and unspecified) — Malignant neoplasm of liver (secondary and unspecified),L1_05,Chronic Non-Communicable Diseases,medium
ICD-6,1570,Malignant neoplasm of pancreas — Malignant neoplasm of pancreas,L1_05,Chronic Non-Communicable Diseases,medium
ICD-6,1580,Malignant neoplasm of peritoneum — Malignant neoplasm of peritoneum,L1_05,Chronic Non-Communicable Diseases,medium
ICD-6,1590,Malignant neoplasm of unspec. digestive organs — Malignant neoplasm of unspec. digestive organs,L1_05,Chronic Non-Communicable Diseases,medium
ICD-6,1600,"Malignant neoplasm of nose, nasal cavities, middle ear, and accessory sinuses — Malignant neoplasm of nose, nasal cavities, middle ear, and accessory sinuses",L1_05,Chronic Non-Communicable Diseases,medium
ICD-6,1610,Malignant neoplasm of larynx — Malignant neoplasm of larynx,L1_05,Chronic Non-Communicable Diseases,medium
ICD-6,1620,"Malignant neoplasm of trachea, and of bronchus and lung specified as primary — Malignant neoplasm of trachea, and of bronchus and lung specified as primary",L1_05,Chronic Non-Communicable Diseases,medium
ICD-6,1630,"Malignant neoplasm of lung and of bronchus, unspecified as to whether primary or secondary — Malignant neoplasm of lung  and of bronchus, unspecified as to whether primary or secondary",L1_05,Chronic Non-Communicable Diseases,medium
ICD-6,1640,Malignant neoplasm of mediastinum — Malignant neoplasm of mediastinum,L1_05,Chronic Non-Communicable Diseases,medium
ICD-6,1650,Malignant neoplasm of thoracic organs (sec.) — Malignant neoplasm of thoracic organs (sec.),L1_05,Chronic Non-Communicable Diseases,medium
ICD-6,1700,Malignant neoplasm of breast — Malignant neoplasm of breast,L1_05,Chronic Non-Communicable Diseases,medium
ICD-6,1710,Malignant neoplasm of cervix uteri — Malignant neoplasm of cervix uteri,L1_05,Chronic Non-Communicable Diseases,medium
ICD-6,1720,Malignant neoplasm of corpus uteri — Malignant neoplasm of corpus uteri,L1_05,Chronic Non-Communicable Diseases,medium
ICD-6,1730,"Malignant neoplasm of other parts of uterus, inc. chorionepithelioma — Malignant neoplasm of other parts of uterus, inc. chorionepithelioma",L1_05,Chronic Non-Communicable Diseases,medium
ICD-6,1740,"Malignant neoplasm of uterus, unspecified — Malignant neoplasm of uterus, unspecified",L1_05,Chronic Non-Communicable Diseases,medium
ICD-6,1750,"Malignant neoplasm of ovary, fallopian tube, and broad ligament — Malignant neoplasm of ovary, fallopian tube, and broad ligament",L1_05,Chronic Non-Communicable Diseases,medium
ICD-6,1760,Malignant neoplasm of other and unspec. female genital organs — Malignant neoplasm of other and unspec. female genital organs,L1_05,Chronic Non-Communicable Diseases,medium
ICD-6,1770,Malignant neoplasm of prostate — Malignant neoplasm of prostate,L1_05,Chronic Non-Communicable Diseases,medium
ICD-6,1780,Malignant neoplasm of testis — Malignant neoplasm of testis,L1_05,Chronic Non-Communicable Diseases,medium
ICD-6,1790,Malignant neoplasm of other and unspec. male genital organs — Malignant neoplasm of other and unspec. male genital organs,L1_05,Chronic Non-Communicable Diseases,medium
ICD-6,1800,Malignant neoplasm of kidney — Malignant neoplasm of kidney,L1_05,Chronic Non-Communicable Diseases,medium
ICD-6,1810,Malignant neoplasm of bladder and other urinary organs — Malignant neoplasm of bladder and other urinary organs,L1_05,Chronic Non-Communicable Diseases,medium
ICD-6,1900,Malignant melanoma of skin — Malignant melanoma of skin,L1_05,Chronic Non-Communicable Diseases,low
ICD-6,1910,Other malignant neoplasm of skin — Other malignant neoplasm of skin,L1_05,Chronic Non-Communicable Diseases,medium
ICD-6,1920,Malignant neoplasm of eye — Malignant neoplasm of eye,L1_05,Chronic Non-Communicable Diseases,medium
ICD-6,1930,Malignant neoplasm of brain and other parts of nervous system — Malignant neoplasm of brain and other parts of nervous system,L1_05,Chronic Non-Communicable Diseases,medium
ICD-6,1940,Malignant neoplasm of thyroid gland — Malignant neoplasm of thyroid gland,L1_05,Chronic Non-Communicable Diseases,medium
ICD-6,1950,Malignant neoplasm of other endocrine glands — Malignant neoplasm of other endocrine glands,L1_05,Chronic Non-Communicable Diseases,medium
ICD-6,1960,Malignant neoplasm of bone (incl. jaw bone) — Malignant neoplasm of bone (incl. jaw bone),L1_05,Chronic Non-Communicable Diseases,medium
ICD-6,1970,Malignant neoplasm of connective tissue — Malignant neoplasm of connective tissue,L1_05,Chronic Non-Communicable Diseases,medium
ICD-6,1980,Secondary and unspec. malignant neoplasm of lymph nodes — Secondary and unspec. malignant neoplasm of lymph nodes,L1_05,Chronic Non-Communicable Diseases,medium
ICD-6,1990,Malignant neoplasm of other and unspecified sites — Malignant neoplasm of other and unspecified sites,L1_05,Chronic Non-Communicable Diseases,medium
ICD-6,2000,Lymphosarcoma and reticulosarcoma — Reticulum cell sarcoma,L1_05,Chronic Non-Communicable Diseases,high
ICD-6,2001,Lymphosarcoma and reticulosarcoma — Lymphosarcoma,L1_05,Chronic Non-Communicable Diseases,medium
ICD-6,2002,Lymphosarcoma and reticulosarcoma — Other primary malignant neoplasm of lymphoid tissue,L1_05,Chronic Non-Communicable Diseases,high
ICD-6,2010,Hodgkin's disease — Hodgkin's disease,L1_05,Chronic Non-Communicable Diseases,low
ICD-6,2020,Other forms of lymphoma (reticulosis) — Giant follicular lymphoma (Brill-Symmer's disease),L1_01,Infectious and Communicable Diseases,low
ICD-6,2021,Other forms of lymphoma (reticulosis) — Other,L1_01,Infectious and Communicable Diseases,low
ICD-6,2030,Multiple myeloma (plasmocytoma) — Multiple myeloma (plasmocytoma),L1_01,Infectious and Communicable Diseases,low
ICD-6,2040,Leukaemia and aleukaemia — Lymphatic leukaemia,L1_05,Chronic Non-Communicable Diseases,low
ICD-6,2041,Leukaemia and aleukaemia — Myeloid leukaemia,L1_05,Chronic Non-Communicable Diseases,low
ICD-6,2042,Leukaemia and aleukaemia — Monocytic leukaemia,L1_05,Chronic Non-Communicable Diseases,low
ICD-6,2043,"Leukaemia and aleukaemia — Acute leukaemia, unspec.type",L1_05,Chronic Non-Communicable Diseases,low
ICD-6,2044,Leukaemia and aleukaemia — Other and unspecified leukaemia,L1_05,Chronic Non-Communicable Diseases,low
ICD-6,2050,Mycosis fungoides — Mycosis fungoides,L1_01,Infectious and Communicable Diseases,low
ICD-6,2100,Benign neoplasm of buccal cavity and pharynx — Benign neoplasm of buccal cavity and pharynx,L1_05,Chronic Non-Communicable Diseases,low
ICD-6,2110,Benign neoplasm of other parts of digestive system — Benign neoplasm of other parts of digestive system,L1_05,Chronic Non-Communicable Diseases,medium
ICD-6,2120,Benign neoplasm of respiratory system — Benign neoplasm of respiratory system,L1_06,Respiratory and Environmental Disease,medium
ICD-6,2130,Benign neoplasm of breast — Benign neoplasm of breast,L1_05,Chronic Non-Communicable Diseases,low
ICD-6,2140,Uterine fibromyoma — Uterine fibromyoma,L1_01,Infectious and Communicable Diseases,low
ICD-6,2150,Other benign neoplasm of uterus — Other benign neoplasm of uterus,L1_05,Chronic Non-Communicable Diseases,low
ICD-6,2160,Benign neoplasm of ovary — Benign neoplasm of ovary,L1_05,Chronic Non-Communicable Diseases,low
ICD-6,2170,Benign neoplasm of other female genital organs — Benign neoplasm of other female genital organs,L1_05,Chronic Non-Communicable Diseases,low
ICD-6,2180,Benign neoplasm of male genital organs — Benign neoplasm of male genital organs,L1_05,Chronic Non-Communicable Diseases,low
ICD-6,2190,Benign neoplasm of kidney and other urinary organs — Benign neoplasm of kidney and other urinary organs,L1_05,Chronic Non-Communicable Diseases,low
ICD-6,2200,Benign melanoma of skin — Benign melanoma of skin,L1_01,Infectious and Communicable Diseases,low
ICD-6,2210,Pilonidal cyst — Pilonidal cyst,L1_01,Infectious and Communicable Diseases,low
ICD-6,2220,Other benign neoplasm of skin — Other benign neoplasm of skin,L1_05,Chronic Non-Communicable Diseases,low
ICD-6,2230,Benign neoplasm of brain and other parts of nervous system — Benign neoplasm of brain and other parts of nervous system,L1_05,Chronic Non-Communicable Diseases,low
ICD-6,2240,Benign neoplasm of endocrine glands — Benign neoplasm of endocrine glands,L1_05,Chronic Non-Communicable Diseases,low
ICD-6,2250,Benign neoplasm of bone and cartilage — Benign neoplasm of bone and cartilage,L1_05,Chronic Non-Communicable Diseases,low
ICD-6,2260,Lipoma — Lipoma,L1_01,Infectious and Communicable Diseases,low
ICD-6,2270,Other benign neoplasm of muscular and connective tissue — Other benign neoplasm of muscular and connective tissue,L1_05,Chronic Non-Communicable Diseases,low
ICD-6,2280,Haemangioma and lymphangioma — Haemangioma and lymphangioma,L1_01,Infectious and Communicable Diseases,low
ICD-6,2290,Benign neoplasm of other and unspecified organs and tissues — Benign neoplasm of other and unspecified organs and tissues,L1_05,Chronic Non-Communicable Diseases,low
ICD-6,2300,Neoplasm of unspecified nature of digestive organs — Neoplasm of unspecified nature of digestive organs,L1_01,Infectious and Communicable Diseases,low
ICD-6,2310,Neoplasm of unspecified nature of respiratory organs — Neoplasm of unspecified nature of respiratory organs,L1_06,Respiratory and Environmental Disease,low
ICD-6,2320,Neoplasm of unspecified nature of breast — Neoplasm of unspecified nature of breast,L1_01,Infectious and Communicable Diseases,low
ICD-6,2330,Neoplasm of unspecified nature of uterus — Neoplasm of unspecified nature of uterus,L1_01,Infectious and Communicable Diseases,low
ICD-6,2340,Neoplasm of unspecified nature of ovary — Neoplasm of unspecified nature of ovary,L1_01,Infectious and Communicable Diseases,low
ICD-6,2350,Neoplasm of unspecified nature of other female genital organs — Neoplasm of unspecified nature of other female genital organs,L1_01,Infectious and Communicable Diseases,low
ICD-6,2360,Neoplasm of unspecified nature of other genito-urinary organs — Neoplasm of unspecified nature of other genito-urinary organs,L1_01,Infectious and Communicable Diseases,low
ICD-6,2370,Neoplasm of unspecified nature of brain and other parts of nervous system — Neoplasm of unspecified nature of brain and other parts of nervous system,L1_01,Infectious and Communicable Diseases,low
ICD-6,2380,Neoplasm of unspecified nature of skin and musculo-skeletal system — Neoplasm of unspecified nature of skin and musculo-skeletal system,L1_01,Infectious and Communicable Diseases,low
ICD-6,2390,Neoplasm of unspecified nature of other and unspecified organs — Neoplasm of unspecified nature of other and unspecified organs,L1_01,Infectious and Communicable Diseases,low
ICD-6,2400,Hay fever — Hay fever,L1_01,Infectious and Communicable Diseases,low
ICD-6,2410,Asthma — Asthma,L1_06,Respiratory and Environmental Disease,low
ICD-6,2420,Angioneurotic oedema — Angioneurotic oedema,L1_01,Infectious and Communicable Diseases,low
ICD-6,2430,Urticaria — Urticaria,L1_01,Infectious and Communicable Diseases,low
ICD-6,2440,Allergic eczema — Allergic eczema,L1_05,Chronic Non-Communicable Diseases,low
ICD-6,2450,Other allergic disorders — Other allergic disorders,L1_01,Infectious and Communicable Diseases,low
ICD-6,2500,Simple goitre — Simple goitre,L1_01,Infectious and Communicable Diseases,low
ICD-6,2510,Non-toxic nodular goitre — Non-toxic nodular goitre,L1_01,Infectious and Communicable Diseases,low
ICD-6,2520,Thyrotoxicosis with or without goitre — Toxic diffuse goitre,L1_03,Congenital and Developmental Conditions,low
ICD-6,2521,Thyrotoxicosis with or without goitre — Toxic nodular goitre,L1_03,Congenital and Developmental Conditions,low
ICD-6,2530,Myxoedema and cretinism — Myxoedema and cretinism,L1_03,Congenital and Developmental Conditions,medium
ICD-6,2540,Other diseases of thyroid gland — Other diseases of thyroid gland,L1_05,Chronic Non-Communicable Diseases,medium
ICD-6,2600,Diabetes mellitus — Diabetes mellitus,L1_05,Chronic Non-Communicable Diseases,low
ICD-6,2700,Disorders of pancreatic internal secretion other than diabetes mellitus — Disorders of pancreatic internal secretion other than diabetes mellitus,L1_05,Chronic Non-Communicable Diseases,medium
ICD-6,2710,Diseases of parathyroid gland — Hyperparathyroidism,L1_05,Chronic Non-Communicable Diseases,low
ICD-6,2711,Diseases of parathyroid gland — Hypoparathyroidism,L1_05,Chronic Non-Communicable Diseases,low
ICD-6,2712,Diseases of parathyroid gland — Other and unspecified,L1_05,Chronic Non-Communicable Diseases,low
ICD-6,2720,Diseases of pituitary gland — Diseases of pituitary gland,L1_05,Chronic Non-Communicable Diseases,low
ICD-6,2730,Diseases of thymus gland — Diseases of thymus gland,L1_03,Congenital and Developmental Conditions,low
ICD-6,2740,Diseases of adrenal glands — Diseases of adrenal glands,L1_05,Chronic Non-Communicable Diseases,low
ICD-6,2750,Ovarian dysfunction — Ovarian dysfunction,L1_03,Congenital and Developmental Conditions,low
ICD-6,2760,Testicular dysfunction — Testicular dysfunction,L1_03,Congenital and Developmental Conditions,low
ICD-6,2770,Polyglandular dysfunction and other diseases of endocrine glands — Polyglandular dysfunction and other diseases of endocrine glands,L1_05,Chronic Non-Communicable Diseases,medium
ICD-6,2800,Beriberi — Beriberi,L1_01,Infectious and Communicable Diseases,low
ICD-6,2810,Pellagra — Pellagra,L1_06,Respiratory and Environmental Disease,low
ICD-6,2820,Scurvy — Scurvy,L1_06,Respiratory and Environmental Disease,low
ICD-6,2830,Active rickets — Active rickets,L1_06,Respiratory and Environmental Disease,low
ICD-6,2840,Late effects of rickets — Late effects of rickets,L1_06,Respiratory and Environmental Disease,low
ICD-6,2850,Osteomalacia — Osteomalacia,L1_05,Chronic Non-Communicable Diseases,low
ICD-6,2860,Other avitaminoses and nutritional deficiency states — Steatorrhoea and sprue,L1_03,Congenital and Developmental Conditions,low
ICD-6,2861,Other avitaminoses and nutritional deficiency states — Vitamin A deficiency,L1_03,Congenital and Developmental Conditions,medium
ICD-6,2862,"Other avitaminoses and nutritional deficiency states — Vitamin B deficiency, except beriberi and pellagra",L1_03,Congenital and Developmental Conditions,low
ICD-6,2863,"Other avitaminoses and nutritional deficiency states — Vitamin C deficiency, except scurvy",L1_03,Congenital and Developmental Conditions,low
ICD-6,2864,"Other avitaminoses and nutritional deficiency states — Vitamin D deficiency, except rickets and of osteomalacia",L1_05,Chronic Non-Communicable Diseases,low
ICD-6,2865,"Other avitaminoses and nutritional deficiency states — Malnutrition, unqualified",L1_03,Congenital and Developmental Conditions,medium
ICD-6,2866,Other avitaminoses and nutritional deficiency states — Other and multiple deficiency states,L1_03,Congenital and Developmental Conditions,low
ICD-6,2870,"Obesity, not specified as of endocrine origin — Obesity, not specified as of endocrine origin",L1_03,Congenital and Developmental Conditions,low
ICD-6,2880,Gout — Gout,L1_05,Chronic Non-Communicable Diseases,low
ICD-6,2890,Other metabolic diseases — Lipidosis (disturbance of lipid metabolism),L1_01,Infectious and Communicable Diseases,low
ICD-6,2891,Other metabolic diseases — Amyloidosis,L1_01,Infectious and Communicable Diseases,low
ICD-6,2892,Other metabolic diseases — Other,L1_01,Infectious and Communicable Diseases,low
ICD-6,2900,Pernicious and other hyperchromic anaemias — Pernicious anaemia,L1_03,Congenital and Developmental Conditions,low
ICD-6,2901,Pernicious and other hyperchromic anaemias — Subacute combined degeneration of spinal cord,L1_05,Chronic Non-Communicable Diseases,low
ICD-6,2902,Pernicious and other hyperchromic anaemias — Other hyperchromic anaemias,L1_01,Infectious and Communicable Diseases,low
ICD-6,2910,Iron deficiency anaemias (hypochromic anaemias) — Iron deficiency anaemias (hypochromic anaemias),L1_03,Congenital and Developmental Conditions,medium
ICD-6,2920,Other anaemias of specified type — Familial acholuric jaundice,L1_01,Infectious and Communicable Diseases,low
ICD-6,2921,Other anaemias of specified type — Acute haemolytic anaemia,L1_01,Infectious and Communicable Diseases,low
ICD-6,2922,Other anaemias of specified type — Other haemolytic anaemias,L1_01,Infectious and Communicable Diseases,low
ICD-6,2923,Other anaemias of specified type — Leuko-erythroblastic anaemia,L1_01,Infectious and Communicable Diseases,low
ICD-6,2924,Other anaemias of specified type — Aplastic anaemia,L1_05,Chronic Non-Communicable Diseases,low
ICD-6,2925,Other anaemias of specified type — Non-regenerative anaemia,L1_01,Infectious and Communicable Diseases,low
ICD-6,2926,Other anaemias of specified type — Sickle cell anaemia,L1_01,Infectious and Communicable Diseases,low
ICD-6,2927,Other anaemias of specified type — Other specified anaemias,L1_01,Infectious and Communicable Diseases,low
ICD-6,2930,Anaemia of unspecified type — Anaemia of unspecified type,L1_01,Infectious and Communicable Diseases,low
ICD-6,2940,Polycythaemia — Polycythaemia,L1_01,Infectious and Communicable Diseases,low
ICD-6,2950,Haemophilia — Haemophilia,L1_03,Congenital and Developmental Conditions,low
ICD-6,2960,Purpura and other haemorrhagic conditions — Purpura and other haemorrhagic conditions,L1_06,Respiratory and Environmental Disease,low
ICD-6,2970,Agranulocytosis — Agranulocytosis,L1_01,Infectious and Communicable Diseases,low
ICD-6,2980,Diseases of spleen — Hepatolienal fibrosis,L1_05,Chronic Non-Communicable Diseases,medium
ICD-6,2981,Diseases of spleen — Other,L1_05,Chronic Non-Communicable Diseases,medium
ICD-6,2990,Other diseases of blood and blood-forming organs — Other diseases of blood and blood-forming organs,L1_05,Chronic Non-Communicable Diseases,medium
ICD-6,3000,Schizophrenic disorders (dementia praecox) — Simple type,L1_05,Chronic Non-Communicable Diseases,low
ICD-6,3001,Schizophrenic disorders (dementia praecox) — Hebephrenic type,L1_05,Chronic Non-Communicable Diseases,low
ICD-6,3002,Schizophrenic disorders (dementia praecox) — Catatonic type,L1_05,Chronic Non-Communicable Diseases,low
ICD-6,3003,Schizophrenic disorders (dementia praecox) — Paranoid type,L1_05,Chronic Non-Communicable Diseases,low
ICD-6,3004,Schizophrenic disorders (dementia praecox) — Acute schizophrenic reaction,L1_05,Chronic Non-Communicable Diseases,low
ICD-6,3005,Schizophrenic disorders (dementia praecox) — Latent schizophrenia,L1_05,Chronic Non-Communicable Diseases,low
ICD-6,3006,Schizophrenic disorders (dementia praecox) — Schizo-affective psychosis,L1_05,Chronic Non-Communicable Diseases,low
ICD-6,3007,Schizophrenic disorders (dementia praecox) — Other and unspecified,L1_05,Chronic Non-Communicable Diseases,low
ICD-6,3010,Manic-depressive reaction — Manic and circular,L1_01,Infectious and Communicable Diseases,low
ICD-6,3011,Manic-depressive reaction — Depressive,L1_01,Infectious and Communicable Diseases,low
ICD-6,3012,Manic-depressive reaction — Other,L1_01,Infectious and Communicable Diseases,low
ICD-6,3020,Involutional melancholia — Involutional melancholia,L1_01,Infectious and Communicable Diseases,low
ICD-6,3030,Paranoia and paranoid states — Paranoia and paranoid states,L1_05,Chronic Non-Communicable Diseases,low
ICD-6,3040,Senile psychosis — Senile psychosis,L1_04,Later-Life Mortality,low
ICD-6,3050,Presenile psychosis — Presenile psychosis,L1_01,Infectious and Communicable Diseases,low
ICD-6,3060,Psychosis with cerebral arteriosclerosis — Psychosis with cerebral arteriosclerosis,L1_01,Infectious and Communicable Diseases,low
ICD-6,3070,Alcoholic psychosis — Alcoholic psychosis,L1_09,Self-Harm and Substance Use,low
ICD-6,3080,Psychosis of other demonstrable etiology — Resulting from brain tumour,L1_05,Chronic Non-Communicable Diseases,low
ICD-6,3081,Psychosis of other demonstrable etiology — Resulting from epilepsy and other convulsive disorders,L1_05,Chronic Non-Communicable Diseases,low
ICD-6,3082,Psychosis of other demonstrable etiology — Other,L1_01,Infectious and Communicable Diseases,low
ICD-6,3090,Other and unspecified psychoses — Other and unspecified psychoses,L1_05,Chronic Non-Communicable Diseases,low
ICD-6,3100,Anxiety reaction without mention of somatic symptoms — Anxiety reaction without mention of somatic symptoms,L1_10,"Ill-Defined, Administrative, and Other Causes",low
ICD-6,3110,Hysterical reaction without mention of anxiety reaction — Hysterical reaction without mention of anxiety reaction,L1_01,Infectious and Communicable Diseases,low
ICD-6,3120,Phobic reaction — Phobic reaction,L1_01,Infectious and Communicable Diseases,low
ICD-6,3130,Obsessive-compulsive reaction — Obsessive-compulsive reaction,L1_01,Infectious and Communicable Diseases,low
ICD-6,3140,Neurotic-depressive reaction — Neurotic-depressive reaction,L1_01,Infectious and Communicable Diseases,low
ICD-6,3150,Psychoneurosis with somatic symptoms (somatization reaction) affecting circulatory system — Neurocirculatory asthenia,L1_10,"Ill-Defined, Administrative, and Other Causes",low
ICD-6,3151,Psychoneurosis with somatic symptoms (somatization reaction) affecting circulatory system — Other heart manifestations specified as of psychogenic origin,L1_10,"Ill-Defined, Administrative, and Other Causes",low
ICD-6,3152,Psychoneurosis with somatic symptoms (somatization reaction) affecting circulatory system — Other circulatory manifestations of psychogenic origin,L1_10,"Ill-Defined, Administrative, and Other Causes",low
ICD-6,3160,Psychoneurosis with somatic symptoms (somatization reaction) affecting digestive system — Mucous colitis specified as of psychogenic origin,L1_05,Chronic Non-Communicable Diseases,low
ICD-6,3161,Psychoneurosis with somatic symptoms (somatization reaction) affecting digestive system — Irritability of colon specified as of psychogenic origin,L1_05,Chronic Non-Communicable Diseases,low
ICD-6,3162,Psychoneurosis with somatic symptoms (somatization reaction) affecting digestive system — Gastric neuroses,L1_05,Chronic Non-Communicable Diseases,low
ICD-6,3163,Psychoneurosis with somatic symptoms (somatization reaction) affecting digestive system — Other digestive manifestations specified as of psychogenic origin,L1_05,Chronic Non-Communicable Diseases,low
ICD-6,3170,Psychoneurosis with somatic symptoms (somatization reactions) affecting other systems — Psychogenic reactions affecting respiratory system,L1_06,Respiratory and Environmental Disease,medium
ICD-6,3171,Psychoneurosis with somatic symptoms (somatization reactions) affecting other systems — Psychogenic reactions affecting genito-urinary system,L1_10,"Ill-Defined, Administrative, and Other Causes",low
ICD-6,3172,Psychoneurosis with somatic symptoms (somatization reactions) affecting other systems — Pruritus of psychogenic origin,L1_10,"Ill-Defined, Administrative, and Other Causes",low
ICD-6,3173,Psychoneurosis with somatic symptoms (somatization reactions) affecting other systems — Other cutaneous neuroses,L1_10,"Ill-Defined, Administrative, and Other Causes",low
ICD-6,3174,Psychoneurosis with somatic symptoms (somatization reactions) affecting other systems — Psychogenic reactions affecting musculoskeletal system,L1_10,"Ill-Defined, Administrative, and Other Causes",low
ICD-6,3175,Psychoneurosis with somatic symptoms (somatization reactions) affecting other systems — Psychogenic reactions affecting other systems,L1_10,"Ill-Defined, Administrative, and Other Causes",low
ICD-6,3180,"Psychoneurotic disorders, other, mixed, and unspecified types — Hypochrondriacal reaction",L1_05,Chronic Non-Communicable Diseases,low
ICD-6,3181,"Psychoneurotic disorders, other, mixed, and unspecified types — Depersonalisation",L1_05,Chronic Non-Communicable Diseases,low
ICD-6,3182,"Psychoneurotic disorders, other, mixed, and unspecified types — Occupational neurosis",L1_06,Respiratory and Environmental Disease,low
ICD-6,3183,"Psychoneurotic disorders, other, mixed, and unspecified types — Asthenic reaction",L1_05,Chronic Non-Communicable Diseases,low
ICD-6,3184,"Psychoneurotic disorders, other, mixed, and unspecified types — Mixed",L1_05,Chronic Non-Communicable Diseases,low
ICD-6,3185,"Psychoneurotic disorders, other, mixed, and unspecified types — Of other unspecified types",L1_05,Chronic Non-Communicable Diseases,low
ICD-6,3200,Pathological personality — Schizoid personality,L1_01,Infectious and Communicable Diseases,low
ICD-6,3201,Pathological personality — Paranoid personality,L1_01,Infectious and Communicable Diseases,low
ICD-6,3202,Pathological personality — Cyclothymic personality,L1_01,Infectious and Communicable Diseases,low
ICD-6,3203,Pathological personality — Inadequate personality,L1_01,Infectious and Communicable Diseases,low
ICD-6,3204,Pathological personality — Antisocial personality,L1_01,Infectious and Communicable Diseases,low
ICD-6,3205,Pathological personality — Asocial personality,L1_01,Infectious and Communicable Diseases,low
ICD-6,3206,Pathological personality — Sexual deviation,L1_01,Infectious and Communicable Diseases,low
ICD-6,3207,Pathological personality — Other and unspecified,L1_01,Infectious and Communicable Diseases,low
ICD-6,3210,Immature personality — Emotional instability,L1_01,Infectious and Communicable Diseases,low
ICD-6,3211,Immature personality — Passive dependency,L1_01,Infectious and Communicable Diseases,low
ICD-6,3212,Immature personality — Aggressiveness,L1_01,Infectious and Communicable Diseases,low
ICD-6,3213,Immature personality — Enuresis characterizing immature personality,L1_01,Infectious and Communicable Diseases,low
ICD-6,3214,Immature personality — Other symptomatic habits except speech impediments,L1_01,Infectious and Communicable Diseases,low
ICD-6,3215,Immature personality — Other and unspecified,L1_01,Infectious and Communicable Diseases,low
ICD-6,3220,Alcoholism — Acute,L1_09,Self-Harm and Substance Use,low
ICD-6,3221,Alcoholism — Chronic,L1_09,Self-Harm and Substance Use,low
ICD-6,3222,Alcoholism — Unspecified,L1_09,Self-Harm and Substance Use,low
ICD-6,3230,Other drug addiction — Other drug addiction,L1_09,Self-Harm and Substance Use,medium
ICD-6,3240,Primary childhood behaviour disorders — Primary childhood behaviour disorders,L1_01,Infectious and Communicable Diseases,low
ICD-6,3250,Mental deficiency — Idiocy,L1_03,Congenital and Developmental Conditions,medium
ICD-6,3251,Mental deficiency — Imbecility,L1_03,Congenital and Developmental Conditions,medium
ICD-6,3252,Mental deficiency — Moron,L1_03,Congenital and Developmental Conditions,low
ICD-6,3253,Mental deficiency — Borderline intelligence,L1_03,Congenital and Developmental Conditions,low
ICD-6,3254,Mental deficiency — Mongolism,L1_03,Congenital and Developmental Conditions,low
ICD-6,3255,Mental deficiency — Other and unspecified types,L1_03,Congenital and Developmental Conditions,low
ICD-6,3260,"Other and unspecified character, behaviour, and intelligence disorders — Specifc learning defects",L1_01,Infectious and Communicable Diseases,low
ICD-6,3261,"Other and unspecified character, behaviour, and intelligence disorders — Stammering and stuttering of nonorganic origin",L1_01,Infectious and Communicable Diseases,low
ICD-6,3262,"Other and unspecified character, behaviour, and intelligence disorders — Other speech impediments of non-organic origin",L1_01,Infectious and Communicable Diseases,low
ICD-6,3263,"Other and unspecified character, behaviour, and intelligence disorders — Acute situational maladjustment",L1_01,Infectious and Communicable Diseases,low
ICD-6,3264,"Other and unspecified character, behaviour, and intelligence disorders — Other and unspecified",L1_01,Infectious and Communicable Diseases,low
ICD-6,3300,Subarachnoid haemorrhage — Subarachnoid haemorrhage,L1_05,Chronic Non-Communicable Diseases,low
ICD-6,3310,Cerebral haemorrhage — Cerebral haemorrhage,L1_05,Chronic Non-Communicable Diseases,low
ICD-6,3320,Cerebral embolism and thrombosis — Cerebral embolism and thrombosis,L1_05,Chronic Non-Communicable Diseases,medium
ICD-6,3330,Spasm of cerebral arteries — Spasm of cerebral arteries,L1_01,Infectious and Communicable Diseases,low
ICD-6,3340,Other and ill-defined vascular lesions affecting central nervous system — Other and ill-defined vascular lesions affecting central nervous system,L1_10,"Ill-Defined, Administrative, and Other Causes",low
ICD-6,3400,"Meningitis, except meningococcal and tuberculous — H.influenzae",L1_01,Infectious and Communicable Diseases,low
ICD-6,3401,"Meningitis, except meningococcal and tuberculous — Pneumococcus",L1_01,Infectious and Communicable Diseases,low
ICD-6,3402,"Meningitis, except meningococcal and tuberculous — Due to other specified organism",L1_01,Infectious and Communicable Diseases,low
ICD-6,3403,"Meningitis, except meningococcal and tuberculous — Unspecified cause",L1_01,Infectious and Communicable Diseases,low
ICD-6,3410,Phlebitis and thrombophlebitis of intracranial venous sinuses — Phlebitis and thrombophlebitis of intracranial venous sinuses,L1_05,Chronic Non-Communicable Diseases,low
ICD-6,3420,Intracranial and intraspinal abscess — Intracranial and intraspinal abscess,L1_05,Chronic Non-Communicable Diseases,low
ICD-6,3430,"Encephalitis, myelitis, and encephalomyelitis (except acute infectious) — Encephalitis, myelitis, and encephalomyelitis (except acute infectious)",L1_01,Infectious and Communicable Diseases,low
ICD-6,3440,Late effects of intracranial abscess or pyogenic infection — Late effects of intracranial abscess or pyogenic infection,L1_05,Chronic Non-Communicable Diseases,low
ICD-6,3450,Multiple sclerosis — Multiple sclerosis,L1_01,Infectious and Communicable Diseases,low
ICD-6,3500,Paralysis agitans — Paralysis agitans,L1_01,Infectious and Communicable Diseases,low
ICD-6,3510,Cerebral spastic infantile paralysis — Cerebral spastic infantile paralysis,L1_01,Infectious and Communicable Diseases,low
ICD-6,3520,Other cerebral paralysis — Other cerebral paralysis,L1_01,Infectious and Communicable Diseases,low
ICD-6,3530,Epilepsy — Petit mal,L1_05,Chronic Non-Communicable Diseases,low
ICD-6,3531,Epilepsy — Grand mal,L1_05,Chronic Non-Communicable Diseases,low
ICD-6,3532,Epilepsy — Status epilepticus,L1_05,Chronic Non-Communicable Diseases,low
ICD-6,3533,Epilepsy — Other and unspecified,L1_05,Chronic Non-Communicable Diseases,low
ICD-6,3540,Migraine — Migraine,L1_01,Infectious and Communicable Diseases,low
ICD-6,3550,Other diseases of brain — Other diseases of brain,L1_05,Chronic Non-Communicable Diseases,medium
ICD-6,3560,Motor neurone disease and muscular atrophy — Progressive muscular atrophy,L1_05,Chronic Non-Communicable Diseases,low
ICD-6,3561,Motor neurone disease and muscular atrophy — Amyotrophic lateral sclerosis,L1_05,Chronic Non-Communicable Diseases,low
ICD-6,3562,Motor neurone disease and muscular atrophy — Spinal type of muscular atrophy,L1_05,Chronic Non-Communicable Diseases,low
ICD-6,3563,Motor neurone disease and muscular atrophy — Other and unspecified manifestations,L1_05,Chronic Non-Communicable Diseases,low
ICD-6,3570,Other diseases of spinal cord — Other diseases of spinal cord,L1_05,Chronic Non-Communicable Diseases,medium
ICD-6,3600,Facial paralysis — Facial paralysis,L1_01,Infectious and Communicable Diseases,low
ICD-6,3610,Trigeminal neuralgia — Trigeminal neuralgia,L1_05,Chronic Non-Communicable Diseases,low
ICD-6,3620,Brachial neuritis — Brachial neuritis,L1_05,Chronic Non-Communicable Diseases,low
ICD-6,3630,Sciatica — Sciatica,L1_05,Chronic Non-Communicable Diseases,low
ICD-6,3640,Polyneuritis and polyradiculitis — Polyneuritis and polyradiculitis,L1_01,Infectious and Communicable Diseases,low
ICD-6,3650,Erythroedema polyneuritica — Erythroedema polyneuritica,L1_01,Infectious and Communicable Diseases,low
ICD-6,3660,Other and unspecified forms of neuralgia and neuritis — Other and unspecified forms of neuralgia and neuritis,L1_05,Chronic Non-Communicable Diseases,medium
ICD-6,3670,Other diseases of cranial nerves — Other diseases of cranial nerves,L1_05,Chronic Non-Communicable Diseases,medium
ICD-6,3680,Other diseases of peripheral nerves except autonomic — Other diseases of peripheral nerves except autonomic,L1_05,Chronic Non-Communicable Diseases,medium
ICD-6,3690,Diseases of peripheral autonomic nervous system — Diseases of peripheral autonomic nervous system,L1_05,Chronic Non-Communicable Diseases,low
ICD-6,3700,Conjunctivitis and ophthalmia — Conjunctivitis and ophthalmia,L1_01,Infectious and Communicable Diseases,low
ICD-6,3710,Blepharitis — Blepharitis,L1_01,Infectious and Communicable Diseases,low
ICD-6,3720,Hordeolum (stye) — Hordeolum (stye),L1_01,Infectious and Communicable Diseases,low
ICD-6,3730,Iritis — Iritis,L1_01,Infectious and Communicable Diseases,low
ICD-6,3740,Keratitis — Keratitis,L1_01,Infectious and Communicable Diseases,low
ICD-6,3750,Choroiditis — Choroiditis,L1_01,Infectious and Communicable Diseases,low
ICD-6,3760,Other inflammation of uveal tract — Other inflammation of uveal tract,L1_01,Infectious and Communicable Diseases,low
ICD-6,3770,Inflammation of optic nerve and retina — Inflammation of optic nerve and retina,L1_01,Infectious and Communicable Diseases,low
ICD-6,3780,Inflammation of lachrymal glands and ducts — Inflammation of lachrymal glands and ducts,L1_01,Infectious and Communicable Diseases,low
ICD-6,3790,Other inflammatory diseases of eye — Other inflammatory diseases of eye,L1_05,Chronic Non-Communicable Diseases,low
ICD-6,3800,Refractive errors — Refractive errors,L1_01,Infectious and Communicable Diseases,low
ICD-6,3810,Corneal ulcer — Corneal ulcer,L1_05,Chronic Non-Communicable Diseases,low
ICD-6,3820,Corneal opacity — Corneal opacity,L1_01,Infectious and Communicable Diseases,low
ICD-6,3830,Pterygium — Pterygium,L1_01,Infectious and Communicable Diseases,low
ICD-6,3840,Strabismus — Strabismus,L1_01,Infectious and Communicable Diseases,low
ICD-6,3850,Cataract — Cataract,L1_01,Infectious and Communicable Diseases,low
ICD-6,3860,Detachment of retina — Detachment of retina,L1_01,Infectious and Communicable Diseases,low
ICD-6,3870,Glaucoma — Glaucoma,L1_01,Infectious and Communicable Diseases,low
ICD-6,3880,Other diseases of eye — Other diseases of eye,L1_05,Chronic Non-Communicable Diseases,medium
ICD-6,3890,"Blindness — Blindness, both eyes, specifically defined",L1_01,Infectious and Communicable Diseases,low
ICD-6,3891,"Blindness — Blindness, both eyes, not specifically defined",L1_01,Infectious and Communicable Diseases,low
ICD-6,3892,"Blindness — Blindness, one eye, specifically defined",L1_01,Infectious and Communicable Diseases,low
ICD-6,3893,"Blindness — Blindness, one eye, not specifically defined",L1_01,Infectious and Communicable Diseases,low
ICD-6,3900,Otitis externa — Otitis externa,L1_01,Infectious and Communicable Diseases,low
ICD-6,3910,Otitis media without mention of mastoiditis — Acute,L1_01,Infectious and Communicable Diseases,low
ICD-6,3911,Otitis media without mention of mastoiditis — Chronic,L1_05,Chronic Non-Communicable Diseases,low
ICD-6,3912,Otitis media without mention of mastoiditis — Unspecified,L1_01,Infectious and Communicable Diseases,low
ICD-6,3920,Otitis media with mastoiditis — Acute,L1_01,Infectious and Communicable Diseases,low
ICD-6,3921,Otitis media with mastoiditis — Chronic,L1_05,Chronic Non-Communicable Diseases,low
ICD-6,3922,Otitis media with mastoiditis — Unspecified,L1_01,Infectious and Communicable Diseases,low
ICD-6,3930,Mastoiditis without mention of otitis media — Acute,L1_01,Infectious and Communicable Diseases,low
ICD-6,3931,Mastoiditis without mention of otitis media — Chronic,L1_05,Chronic Non-Communicable Diseases,low
ICD-6,3932,Mastoiditis without mention of otitis media — Unspecified,L1_01,Infectious and Communicable Diseases,low
ICD-6,3940,Other inflammatory diseases of ear — Other inflammatory diseases of ear,L1_05,Chronic Non-Communicable Diseases,low
ICD-6,3950,Meniere's disease — Meniere's disease,L1_01,Infectious and Communicable Diseases,low
ICD-6,3960,Other diseases of ear and mastoid process — Other diseases of ear and mastoid process,L1_05,Chronic Non-Communicable Diseases,medium
ICD-6,3970,Deaf mutism — Deaf mutism,L1_01,Infectious and Communicable Diseases,low
ICD-6,3980,"Other deafness — Deafness, both ears",L1_01,Infectious and Communicable Diseases,low
ICD-6,3981,"Other deafness — Deafness, one ear, and partial deafness in other",L1_01,Infectious and Communicable Diseases,low
ICD-6,3982,"Other deafness — Deafness, one ear",L1_01,Infectious and Communicable Diseases,low
ICD-6,3983,"Other deafness — Impairment of hearing, one or both ears",L1_01,Infectious and Communicable Diseases,low
ICD-6,4000,Rheumatic fever without mention of heart involvement — Rheumatic fever without mention of heart involvement,L1_01,Infectious and Communicable Diseases,low
ICD-6,4010,Rheumatic fever with heart involvement — Active rheumatic pericarditis,L1_05,Chronic Non-Communicable Diseases,low
ICD-6,4011,Rheumatic fever with heart involvement — Active rheumatic endocarditis,L1_01,Infectious and Communicable Diseases,low
ICD-6,4012,Rheumatic fever with heart involvement — Active rheumatic myocarditis,L1_05,Chronic Non-Communicable Diseases,low
ICD-6,4013,Rheumatic fever with heart involvement — Active rheumatic fever with other and multiple types of heart involvement,L1_01,Infectious and Communicable Diseases,low
ICD-6,4020,Chorea — Without mention of heart involvement,L1_05,Chronic Non-Communicable Diseases,low
ICD-6,4021,Chorea — With heart involvement,L1_05,Chronic Non-Communicable Diseases,low
ICD-6,4100,Diseases of mitral valve — Diseases of mitral valve,L1_05,Chronic Non-Communicable Diseases,medium
ICD-6,4110,Diseases of aortic valve specified as rheumatic — Diseases of aortic valve specified as rheumatic,L1_05,Chronic Non-Communicable Diseases,low
ICD-6,4120,Diseases of tricuspid valve — Diseases of tricuspid valve,L1_05,Chronic Non-Communicable Diseases,low
ICD-6,4130,Diseases of pulmonary valve specified as rheumatic — Diseases of pulmonary valve specified as rheumatic,L1_05,Chronic Non-Communicable Diseases,low
ICD-6,4140,Other endocarditis specified as rheumatic — Other endocarditis specified as rheumatic,L1_01,Infectious and Communicable Diseases,low
ICD-6,4150,Other myocarditis specified as rheumatic — Other myocarditis specified as rheumatic,L1_05,Chronic Non-Communicable Diseases,low
ICD-6,4160,Other heart disease specified as rheumatic — Other heart disease specified as rheumatic,L1_01,Infectious and Communicable Diseases,low
ICD-6,4200,"Arteriosclerotic heart disease, including coronary disease — Arteriosclerotic heart disease so described",L1_01,Infectious and Communicable Diseases,low
ICD-6,4201,"Arteriosclerotic heart disease, including coronary disease — Heart disease specified as involving coronary arteries",L1_01,Infectious and Communicable Diseases,low
ICD-6,4202,"Arteriosclerotic heart disease, including coronary disease — Angina pectoris without mention of coronary disease",L1_05,Chronic Non-Communicable Diseases,low
ICD-6,4210,"Chronic endocarditis not specified as rheumatic — Of mitral valve, specified as non-rheumatic",L1_05,Chronic Non-Communicable Diseases,low
ICD-6,4211,"Chronic endocarditis not specified as rheumatic — Of aortic valve, not specified as rheumatic",L1_05,Chronic Non-Communicable Diseases,low
ICD-6,4212,"Chronic endocarditis not specified as rheumatic — Of  tricuspid valve, specified as non-rheumatic",L1_05,Chronic Non-Communicable Diseases,low
ICD-6,4213,"Chronic endocarditis not specified as rheumatic — Of pulmonary valve, not specified as rheumatic",L1_05,Chronic Non-Communicable Diseases,low
ICD-6,4214,"Chronic endocarditis not specified as rheumatic — Other ill-defined, not specified as rheumatic",L1_10,"Ill-Defined, Administrative, and Other Causes",medium
ICD-6,4220,Other myocardial degeneration — Fatty degeneration,L1_05,Chronic Non-Communicable Diseases,low
ICD-6,4221,Other myocardial degeneration — With arteriosclerosis,L1_05,Chronic Non-Communicable Diseases,low
ICD-6,4222,Other myocardial degeneration — Other,L1_05,Chronic Non-Communicable Diseases,low
ICD-6,4300,Acute and subacute endocarditis — Acute and subacute bacterial endocarditis,L1_01,Infectious and Communicable Diseases,low
ICD-6,4301,Acute and subacute endocarditis — Other acute endocarditis,L1_01,Infectious and Communicable Diseases,low
ICD-6,4310,Acute myocarditis not specified as rheumatic — Acute myocarditis not specified as rheumatic,L1_05,Chronic Non-Communicable Diseases,medium
ICD-6,4320,Acute pericarditis specified as non-rheumatic — Acute pericarditis specified as non-rheumatic,L1_05,Chronic Non-Communicable Diseases,low
ICD-6,4330,Functional disease of heart — Heart block,L1_05,Chronic Non-Communicable Diseases,low
ICD-6,4331,Functional disease of heart — Other disorders of heart rhythm,L1_05,Chronic Non-Communicable Diseases,medium
ICD-6,4332,Functional disease of heart — Other functional diseases of heart,L1_05,Chronic Non-Communicable Diseases,medium
ICD-6,4340,Other and unspecified diseases of heart — Kyphoscoliotic heart disease,L1_05,Chronic Non-Communicable Diseases,low
ICD-6,4341,Other and unspecified diseases of heart — Congestive heart failure,L1_05,Chronic Non-Communicable Diseases,medium
ICD-6,4342,Other and unspecified diseases of heart — Left ventricular failure,L1_05,Chronic Non-Communicable Diseases,low
ICD-6,4343,Other and unspecified diseases of heart — Other and unspecified diseases of heart,L1_05,Chronic Non-Communicable Diseases,low
ICD-6,4400,Essential benign hypertension with heart disease — Essential benign hypertension with heart disease,L1_01,Infectious and Communicable Diseases,low
ICD-6,4410,Essential malignant hypertension with heart disease — Essential malignant hypertension with heart disease,L1_05,Chronic Non-Communicable Diseases,low
ICD-6,4420,Hypertensive heart disease with arteriolar nephrosclerosis — Hypertensive heart disease with arteriolar nephrosclerosis,L1_01,Infectious and Communicable Diseases,low
ICD-6,4430,Other and unspecified hypertensive heart disease — Other and unspecified hypertensive heart disease,L1_01,Infectious and Communicable Diseases,low
ICD-6,4440,Essential benign hypertension without mention of heart — Essential benign hypertension without mention of heart,L1_01,Infectious and Communicable Diseases,low
ICD-6,4450,Essential malignant hypertension without mention of heart — Essential malignant hypertension without mention of heart,L1_05,Chronic Non-Communicable Diseases,low
ICD-6,4460,Hypertension with arteriolar nephrosclerosis without mention of heart — Hypertension with arteriolar nephrosclerosis without mention of heart,L1_01,Infectious and Communicable Diseases,low
ICD-6,4470,Other hypertensive disease without mention of heart — Other hypertensive disease without mention of heart,L1_01,Infectious and Communicable Diseases,low
ICD-6,4500,General arteriosclerosis — Without mention of gangrene,L1_01,Infectious and Communicable Diseases,low
ICD-6,4501,General arteriosclerosis — With gangrene,L1_01,Infectious and Communicable Diseases,low
ICD-6,4510,"Aortic aneurysm, specified as nonsyphilitic, and dissecting aneurysm — Aortic aneurysm, specified as nonsyphilitic, and dissecting aneurysm",L1_05,Chronic Non-Communicable Diseases,low
ICD-6,4520,"Other aneurysm, except of heart and aorta — Other aneurysm, except of heart and aorta",L1_05,Chronic Non-Communicable Diseases,low
ICD-6,4530,Peripheral vascular disease — Raynaud's disease,L1_01,Infectious and Communicable Diseases,low
ICD-6,4531,Peripheral vascular disease — Thrombo-angiitis obliterans,L1_01,Infectious and Communicable Diseases,low
ICD-6,4532,Peripheral vascular disease — Chilblains,L1_01,Infectious and Communicable Diseases,low
ICD-6,4533,Peripheral vascular disease — Other,L1_01,Infectious and Communicable Diseases,low
ICD-6,4540,Arterial embolism and thrombosis — Arterial embolism and thrombosis,L1_05,Chronic Non-Communicable Diseases,medium
ICD-6,4550,Gangrene of unspecified cause — Gangrene of unspecified cause,L1_01,Infectious and Communicable Diseases,low
ICD-6,4560,Other diseases of arteries — Other diseases of arteries,L1_05,Chronic Non-Communicable Diseases,medium
ICD-6,4600,Varicose veins of lower extremities — Varicose veins of lower extremities,L1_05,Chronic Non-Communicable Diseases,low
ICD-6,4610,Haemorrhoids — Haemorrhoids,L1_01,Infectious and Communicable Diseases,low
ICD-6,4620,Varicose veins of other specified sites — Varicocele,L1_05,Chronic Non-Communicable Diseases,low
ICD-6,4621,Varicose veins of other specified sites — Varicose veins of oesophagus,L1_05,Chronic Non-Communicable Diseases,low
ICD-6,4622,Varicose veins of other specified sites — Other,L1_05,Chronic Non-Communicable Diseases,low
ICD-6,4630,Phlebitis and thrombophlebitis of lower extremities — Phlebitis and thrombophlebitis of lower extremities,L1_05,Chronic Non-Communicable Diseases,low
ICD-6,4640,Phlebitis and thrombophlebitis of other sites — Phlebitis and thrombophlebitis of other sites,L1_05,Chronic Non-Communicable Diseases,low
ICD-6,4650,Pulmonary embolism and infarction — Pulmonary embolism and infarction,L1_05,Chronic Non-Communicable Diseases,low
ICD-6,4660,Other venous embolism and thrombosis — Other venous embolism and thrombosis,L1_05,Chronic Non-Communicable Diseases,medium
ICD-6,4670,Other diseases of circulatory system — Hypotension,L1_05,Chronic Non-Communicable Diseases,medium
ICD-6,4671,Other diseases of circulatory system — Diseases of capillaries,L1_05,Chronic Non-Communicable Diseases,medium
ICD-6,4672,Other diseases of circulatory system — Other and unspecified circulatory diseases,L1_05,Chronic Non-Communicable Diseases,medium
ICD-6,4680,Certain diseases of lymph nodes and lymph channels — Chronic lymphadenitis,L1_05,Chronic Non-Communicable Diseases,medium
ICD-6,4681,Certain diseases of lymph nodes and lymph channels — Non-specific mesenteric lymphadenitis,L1_05,Chronic Non-Communicable Diseases,low
ICD-6,4682,"Certain diseases of lymph nodes and lymph channels — Lymphadenitis, unqualified",L1_05,Chronic Non-Communicable Diseases,low
ICD-6,4683,Certain diseases of lymph nodes and lymph channels — Non-infective diseases of lymphatic channels,L1_05,Chronic Non-Communicable Diseases,low
ICD-6,4700,Acute nasopharyngitis (common cold) — Acute nasopharyngitis (common cold),L1_01,Infectious and Communicable Diseases,low
ICD-6,4710,Acute sinusitis — Acute sinusitis,L1_01,Infectious and Communicable Diseases,low
ICD-6,4720,"Acute pharyngitis — Sore throat, unqualified",L1_01,Infectious and Communicable Diseases,low
ICD-6,4721,Acute pharyngitis — Other,L1_01,Infectious and Communicable Diseases,low
ICD-6,4730,Acute tonsillitis — Acute tonsillitis,L1_01,Infectious and Communicable Diseases,low
ICD-6,4740,Acute laryngitis and tracheitis — Acute laryngitis and tracheitis,L1_06,Respiratory and Environmental Disease,low
ICD-6,4750,Acute upper respiratory infection of multiple or unspecified sites — Acute upper respiratory infection of multiple or unspecified sites,L1_06,Respiratory and Environmental Disease,low
ICD-6,4800,Influenza with pneumonia — Influenza with pneumonia,L1_06,Respiratory and Environmental Disease,medium
ICD-6,4810,"Influenza with other respiratory manifestations, and influenza unqualified — Without mention of respiratory complications",L1_06,Respiratory and Environmental Disease,medium
ICD-6,4820,"Influenza with digestive manifestations, but without respiratory symptoms — Influenza with digestive manifestations, but without respiratory symptoms",L1_06,Respiratory and Environmental Disease,medium
ICD-6,4830,"Influenza with nervous manifestations, but without digestive or respiratory symptoms — Influenza with nervous manifestations, but without digestive or respiratory symptoms",L1_06,Respiratory and Environmental Disease,medium
ICD-6,4900,Lobar pneumonia — Lobar pneumonia,L1_06,Respiratory and Environmental Disease,low
ICD-6,4910,Bronchopneumonia — Bronchopneumonia,L1_01,Infectious and Communicable Diseases,low
ICD-6,4920,Primary atypical pneumonia — Primary atypical pneumonia,L1_06,Respiratory and Environmental Disease,low
ICD-6,4930,"Pneumonia, other and unspecified — Pneumonia, other and unspecified",L1_06,Respiratory and Environmental Disease,low
ICD-6,5000,Acute bronchitis — Acute bronchitis,L1_06,Respiratory and Environmental Disease,low
ICD-6,5010,"Bronchitis, unqualified — Bronchitis, unqualified",L1_06,Respiratory and Environmental Disease,low
ICD-6,5020,Chronic bronchitis — Bronchitis with emphysema,L1_06,Respiratory and Environmental Disease,medium
ICD-6,5021,Chronic bronchitis — Other,L1_06,Respiratory and Environmental Disease,low
ICD-6,5100,Hypertrophy of tonsils and adenoids — Without mention of tonsillectomy or adenoidectomy,L1_01,Infectious and Communicable Diseases,low
ICD-6,5101,Hypertrophy of tonsils and adenoids — With tonsillectomy or adenoidectomy,L1_01,Infectious and Communicable Diseases,low
ICD-6,5110,Peritonsillar abscess (quinsy) — Peritonsillar abscess (quinsy),L1_05,Chronic Non-Communicable Diseases,low
ICD-6,5120,Chronic pharyngitis and nasopharyngitis — Chronic pharyngitis,L1_05,Chronic Non-Communicable Diseases,low
ICD-6,5121,Chronic pharyngitis and nasopharyngitis — Chronic nasopharyngitis,L1_05,Chronic Non-Communicable Diseases,low
ICD-6,5130,Chronic sinusitis — Chronic sinusitis,L1_05,Chronic Non-Communicable Diseases,low
ICD-6,5140,Deflected nasal septum — Deflected nasal septum,L1_01,Infectious and Communicable Diseases,low
ICD-6,5150,Nasal polyp — Nasal polyp,L1_01,Infectious and Communicable Diseases,low
ICD-6,5160,Chronic laryngitis — Chronic laryngitis,L1_06,Respiratory and Environmental Disease,low
ICD-6,5170,Other diseases of upper respiratory tract — Other diseases of upper respiratory tract,L1_05,Chronic Non-Communicable Diseases,medium
ICD-6,5180,Empyema — Empyema,L1_01,Infectious and Communicable Diseases,low
ICD-6,5190,Pleurisy — Without mention of effusion or tuberculosis,L1_01,Infectious and Communicable Diseases,low
ICD-6,5191,Pleurisy — With effusion with mention of a bacterial cause other than tuberculosis,L1_01,Infectious and Communicable Diseases,low
ICD-6,5192,"Pleurisy — Other specified forms of effusion, except tuberculosis",L1_01,Infectious and Communicable Diseases,low
ICD-6,5200,Spontaneous pneumothorax — Spontaneous pneumothorax,L1_01,Infectious and Communicable Diseases,low
ICD-6,5210,Abscess of lung — Abscess of lung,L1_05,Chronic Non-Communicable Diseases,low
ICD-6,5220,Pulmonary congestion and hypostasis — Pulmonary congestion and hypostasis,L1_06,Respiratory and Environmental Disease,low
ICD-6,5230,Pneumoconiosis due to silica and silicates (occupational) — Silicosis,L1_06,Respiratory and Environmental Disease,low
ICD-6,5231,Pneumoconiosis due to silica and silicates (occupational) — Anthracosilicosis,L1_06,Respiratory and Environmental Disease,low
ICD-6,5232,Pneumoconiosis due to silica and silicates (occupational) — Asbestosis,L1_06,Respiratory and Environmental Disease,low
ICD-6,5233,"Pneumoconiosis due to silica and silicates (occupational) — Other, including pneumoconiosis unspecified",L1_06,Respiratory and Environmental Disease,low
ICD-6,5240,Other specified pneumoconiosis and pulmonary fibrosis of occupational origin — Other specified pneumoconiosis and pulmonary fibrosis of occupational origin,L1_06,Respiratory and Environmental Disease,low
ICD-6,5250,Other chronic interstitial pneumonia — Other chronic interstitial pneumonia,L1_06,Respiratory and Environmental Disease,low
ICD-6,5260,Bronchiectasis — Bronchiectasis,L1_06,Respiratory and Environmental Disease,low
ICD-6,5270,Other diseases of lung and pleural cavity — Pulmonary collapse (1 year and over),L1_05,Chronic Non-Communicable Diseases,medium
ICD-6,5271,Other diseases of lung and pleural cavity — Emphysema without mention of bronchitis,L1_05,Chronic Non-Communicable Diseases,low
ICD-6,5272,Other diseases of lung and pleural cavity — Other,L1_05,Chronic Non-Communicable Diseases,medium
ICD-6,5300,"Dental caries — Dental caries, unqualified",L1_06,Respiratory and Environmental Disease,low
ICD-6,5301,Dental caries — With pulp exposure,L1_06,Respiratory and Environmental Disease,low
ICD-6,5302,Dental caries — With periapical abscess,L1_05,Chronic Non-Communicable Diseases,low
ICD-6,5303,Dental caries — Other,L1_06,Respiratory and Environmental Disease,low
ICD-6,5310,Abscesses of supporting structures of teeth — Periocoronal,L1_05,Chronic Non-Communicable Diseases,low
ICD-6,5311,Abscesses of supporting structures of teeth — Periodontal (parietal),L1_05,Chronic Non-Communicable Diseases,low
ICD-6,5312,"Abscesses of supporting structures of teeth — Other, and unspecifed",L1_05,Chronic Non-Communicable Diseases,low
ICD-6,5320,"Other inflammatory diseases of supporting structures of teeth — Gingivitis, except ulcerative",L1_05,Chronic Non-Communicable Diseases,low
ICD-6,5321,"Other inflammatory diseases of supporting structures of teeth — Peridontitis (pyorrhoea, inflammatory)",L1_05,Chronic Non-Communicable Diseases,low
ICD-6,5322,"Other inflammatory diseases of supporting structures of teeth — Peridontitis (pyorrhoea, degenerative)",L1_05,Chronic Non-Communicable Diseases,low
ICD-6,5323,Other inflammatory diseases of supporting structures of teeth — Other,L1_05,Chronic Non-Communicable Diseases,low
ICD-6,5330,"Disorders of occlusion, eruption, and tooth development — Malocclusion",L1_05,Chronic Non-Communicable Diseases,low
ICD-6,5331,"Disorders of occlusion, eruption, and tooth development — Disorders of first dentition",L1_05,Chronic Non-Communicable Diseases,low
ICD-6,5332,"Disorders of occlusion, eruption, and tooth development — Impacted teeth",L1_05,Chronic Non-Communicable Diseases,low
ICD-6,5333,"Disorders of occlusion, eruption, and tooth development — Unerupted teeth",L1_05,Chronic Non-Communicable Diseases,low
ICD-6,5334,"Disorders of occlusion, eruption, and tooth development — Partially erupted teeth",L1_05,Chronic Non-Communicable Diseases,low
ICD-6,5335,"Disorders of occlusion, eruption, and tooth development — Congenital anomalies of teeth",L1_03,Congenital and Developmental Conditions,low
ICD-6,5336,"Disorders of occlusion, eruption, and tooth development — Chronic dental fluorosis",L1_05,Chronic Non-Communicable Diseases,medium
ICD-6,5337,"Disorders of occlusion, eruption, and tooth development — Other",L1_05,Chronic Non-Communicable Diseases,low
ICD-6,5340,Toothache from unspecified cause — Toothache from unspecified cause,L1_01,Infectious and Communicable Diseases,low
ICD-6,5350,Other diseases of teeth and supporting structure — Other diseases of teeth and supporting structure,L1_05,Chronic Non-Communicable Diseases,medium
ICD-6,5360,Stomatitis — Stomatitis,L1_01,Infectious and Communicable Diseases,low
ICD-6,5370,Diseases of salivary glands — Diseases of salivary glands,L1_05,Chronic Non-Communicable Diseases,low
ICD-6,5380,Other diseases of buccal cavity — Other diseases of buccal cavity,L1_05,Chronic Non-Communicable Diseases,medium
ICD-6,5390,Diseases of oesophagus — Functional disorders of oesophagus,L1_05,Chronic Non-Communicable Diseases,high
ICD-6,5391,Diseases of oesophagus — Other,L1_05,Chronic Non-Communicable Diseases,high
ICD-6,5400,Ulcer of stomach — Without mention of perforation,L1_05,Chronic Non-Communicable Diseases,low
ICD-6,5401,Ulcer of stomach — With perforation,L1_05,Chronic Non-Communicable Diseases,low
ICD-6,5410,Ulcer of duodenum — Without mention of perforation,L1_05,Chronic Non-Communicable Diseases,low
ICD-6,5411,Ulcer of duodenum — With perforation,L1_05,Chronic Non-Communicable Diseases,low
ICD-6,5420,Gastrojejunal ulcer — Without mention of perforation,L1_05,Chronic Non-Communicable Diseases,low
ICD-6,5421,Gastrojejunal ulcer — With perforation,L1_05,Chronic Non-Communicable Diseases,low
ICD-6,5430,Gastritis and duodenitis — Gastritis and duodenitis,L1_05,Chronic Non-Communicable Diseases,low
ICD-6,5440,Disorders of function of stomach — Disorders of gastric secretion,L1_05,Chronic Non-Communicable Diseases,low
ICD-6,5441,Disorders of function of stomach — Disorders of gastric motility,L1_05,Chronic Non-Communicable Diseases,low
ICD-6,5442,Disorders of function of stomach — Other,L1_05,Chronic Non-Communicable Diseases,low
ICD-6,5450,Other diseases of stomach and duodenum — Other diseases of stomach and duodenum,L1_05,Chronic Non-Communicable Diseases,medium
ICD-6,5500,Acute appendicitis — Without mention of peritonitis,L1_05,Chronic Non-Communicable Diseases,low
ICD-6,5501,Acute appendicitis — With peritonitis,L1_05,Chronic Non-Communicable Diseases,low
ICD-6,5510,"Appendicitis, unqualified — Appendicitis, unqualified",L1_05,Chronic Non-Communicable Diseases,low
ICD-6,5520,Other appendicitis — Other appendicitis,L1_05,Chronic Non-Communicable Diseases,low
ICD-6,5530,Other diseases of appendix — Other diseases of appendix,L1_05,Chronic Non-Communicable Diseases,medium
ICD-6,5600,Hernia of abdominal cavity without mention of obstruction — Inguinal,L1_05,Chronic Non-Communicable Diseases,low
ICD-6,5601,Hernia of abdominal cavity without mention of obstruction — Femoral,L1_05,Chronic Non-Communicable Diseases,low
ICD-6,5602,Hernia of abdominal cavity without mention of obstruction — Umbilical,L1_05,Chronic Non-Communicable Diseases,low
ICD-6,5603,Hernia of abdominal cavity without mention of obstruction — Ventral (incisional),L1_05,Chronic Non-Communicable Diseases,low
ICD-6,5604,Hernia of abdominal cavity without mention of obstruction — Other specified site,L1_05,Chronic Non-Communicable Diseases,low
ICD-6,5605,Hernia of abdominal cavity without mention of obstruction — Unspecified site,L1_05,Chronic Non-Communicable Diseases,low
ICD-6,5610,Hernia of abdominal cavity with obstruction — Inguinal,L1_05,Chronic Non-Communicable Diseases,low
ICD-6,5611,Hernia of abdominal cavity with obstruction — Femoral,L1_05,Chronic Non-Communicable Diseases,low
ICD-6,5612,Hernia of abdominal cavity with obstruction — Umbilical,L1_05,Chronic Non-Communicable Diseases,low
ICD-6,5613,Hernia of abdominal cavity with obstruction — Ventral (incisional),L1_05,Chronic Non-Communicable Diseases,low
ICD-6,5614,Hernia of abdominal cavity with obstruction — Other specified site,L1_05,Chronic Non-Communicable Diseases,low
ICD-6,5615,Hernia of abdominal cavity with obstruction — Unspecified site,L1_05,Chronic Non-Communicable Diseases,low
ICD-6,5700,Intestinal obstruction without mention of hernia — Intussusception,L1_05,Chronic Non-Communicable Diseases,medium
ICD-6,5701,Intestinal obstruction without mention of hernia — Paralytic ileus,L1_05,Chronic Non-Communicable Diseases,medium
ICD-6,5702,Intestinal obstruction without mention of hernia — Mesenteric infarction,L1_05,Chronic Non-Communicable Diseases,medium
ICD-6,5703,Intestinal obstruction without mention of hernia — Volvulus,L1_05,Chronic Non-Communicable Diseases,medium
ICD-6,5704,Intestinal obstruction without mention of hernia — Impaction of intestine,L1_05,Chronic Non-Communicable Diseases,medium
ICD-6,5705,Intestinal obstruction without mention of hernia — Other,L1_05,Chronic Non-Communicable Diseases,medium
ICD-6,5710,"Gastro-enteritis and colitis, except ulcerative, age 4 weeks and over — Ages between 4 weeks and 2 years",L1_05,Chronic Non-Communicable Diseases,medium
ICD-6,5711,"Gastro-enteritis and colitis, except ulcerative, age 4 weeks and over — Ages 2 years and over",L1_05,Chronic Non-Communicable Diseases,medium
ICD-6,5720,Chronic enteritis and ulcerative colitis — Regional enteritis,L1_05,Chronic Non-Communicable Diseases,medium
ICD-6,5721,Chronic enteritis and ulcerative colitis — Diverticulitis,L1_05,Chronic Non-Communicable Diseases,medium
ICD-6,5722,Chronic enteritis and ulcerative colitis — Ulcerative colitis,L1_05,Chronic Non-Communicable Diseases,medium
ICD-6,5723,Chronic enteritis and ulcerative colitis — Other,L1_05,Chronic Non-Communicable Diseases,medium
ICD-6,5730,Functional disorders of intestines — Constipation,L1_05,Chronic Non-Communicable Diseases,low
ICD-6,5731,Functional disorders of intestines — Mucous colitis,L1_05,Chronic Non-Communicable Diseases,low
ICD-6,5732,Functional disorders of intestines — Irritability of colon,L1_05,Chronic Non-Communicable Diseases,low
ICD-6,5733,Functional disorders of intestines — Other,L1_05,Chronic Non-Communicable Diseases,low
ICD-6,5740,Anal fissure and fistula — Anal fissure and fistula,L1_01,Infectious and Communicable Diseases,low
ICD-6,5750,Abscess of anal and rectal regions — Abscess of anal and rectal regions,L1_05,Chronic Non-Communicable Diseases,low
ICD-6,5760,Peritonitis — Peritonitis,L1_01,Infectious and Communicable Diseases,low
ICD-6,5770,Peritoneal adhesion — Peritoneal adhesion,L1_01,Infectious and Communicable Diseases,low
ICD-6,5780,Other diseases of intestines and peritoneum — Other diseases of intestines and peritoneum,L1_05,Chronic Non-Communicable Diseases,medium
ICD-6,5800,Acute and subacute yellow atrophy of liver — Acute and subacute yellow atrophy of liver,L1_05,Chronic Non-Communicable Diseases,low
ICD-6,5810,Cirrhosis of liver — Without mention of alcoholism,L1_09,Self-Harm and Substance Use,low
ICD-6,5811,Cirrhosis of liver — With alcoholism,L1_09,Self-Harm and Substance Use,low
ICD-6,5820,Suppurative hepatitis and liver abscess — Suppurative hepatitis and liver abscess,L1_05,Chronic Non-Communicable Diseases,low
ICD-6,5830,Other diseases of liver — Other diseases of liver,L1_05,Chronic Non-Communicable Diseases,medium
ICD-6,5840,Cholelithiasis — Cholelithiasis,L1_01,Infectious and Communicable Diseases,low
ICD-6,5850,Cholecystitis without mention of calculi — Cholecystitis without mention of calculi,L1_05,Chronic Non-Communicable Diseases,low
ICD-6,5860,Other diseases of gallbladder and biliary ducts — Other diseases of gallbladder and biliary ducts,L1_05,Chronic Non-Communicable Diseases,medium
ICD-6,5870,Diseases of pancreas — Acute pancreatitis,L1_05,Chronic Non-Communicable Diseases,low
ICD-6,5871,Diseases of pancreas — Chronic pancreatitis,L1_05,Chronic Non-Communicable Diseases,medium
ICD-6,5872,Diseases of pancreas — Other diseases of pancreas,L1_05,Chronic Non-Communicable Diseases,medium
ICD-6,5900,Acute nephritis — Acute nephritis,L1_01,Infectious and Communicable Diseases,low
ICD-6,5910,"Nephritis with oedema, including nephrosis — Nephritis with oedema, including nephrosis",L1_01,Infectious and Communicable Diseases,low
ICD-6,5920,Chronic nephritis — Chronic nephritis,L1_05,Chronic Non-Communicable Diseases,low
ICD-6,5930,Nephritis not specified as acute or chronic — Nephritis not specified as acute or chronic,L1_05,Chronic Non-Communicable Diseases,low
ICD-6,5940,Other renal sclerosis — Other renal sclerosis,L1_01,Infectious and Communicable Diseases,low
ICD-6,6000,"Infections of kidney — Pyelitis, pyelocystitis, and pyelonephritis",L1_01,Infectious and Communicable Diseases,low
ICD-6,6001,Infections of kidney — Abscess of kidney and perirenal tissue,L1_05,Chronic Non-Communicable Diseases,low
ICD-6,6002,Infections of kidney — Other,L1_01,Infectious and Communicable Diseases,low
ICD-6,6010,Hydronephrosis — Hydronephrosis,L1_01,Infectious and Communicable Diseases,low
ICD-6,6020,Calculi of kidney and ureter — Calculi of kidney and ureter,L1_05,Chronic Non-Communicable Diseases,low
ICD-6,6030,Other diseases of kidney and ureter — Other diseases of kidney and ureter,L1_05,Chronic Non-Communicable Diseases,medium
ICD-6,6040,Calculi of other parts of urinary system — Calculi of other parts of urinary system,L1_05,Chronic Non-Communicable Diseases,low
ICD-6,6050,Cystitis — Cystitis,L1_01,Infectious and Communicable Diseases,low
ICD-6,6060,Other diseases of bladder — Other diseases of bladder,L1_05,Chronic Non-Communicable Diseases,high
ICD-6,6070,Urethritis (nonvenereal) — Urethritis (nonvenereal),L1_01,Infectious and Communicable Diseases,low
ICD-6,6080,Stricture of urethra — Stricture of urethra,L1_01,Infectious and Communicable Diseases,low
ICD-6,6090,Other diseases of urethra — Other diseases of urethra,L1_05,Chronic Non-Communicable Diseases,medium
ICD-6,6100,Hyperplasia of prostate — Hyperplasia of prostate,L1_01,Infectious and Communicable Diseases,low
ICD-6,6110,Prostatitis — Prostatitis,L1_01,Infectious and Communicable Diseases,low
ICD-6,6120,Other diseases of prostate — Other diseases of prostate,L1_05,Chronic Non-Communicable Diseases,high
ICD-6,6130,Hydrocele — Hydrocele,L1_01,Infectious and Communicable Diseases,low
ICD-6,6140,Orchitis and epididymitis — Orchitis and epididymitis,L1_01,Infectious and Communicable Diseases,low
ICD-6,6150,Redundant prepuce and phimosis — Redundant prepuce and phimosis,L1_05,Chronic Non-Communicable Diseases,low
ICD-6,6160,"Sterility, male — Sterility, male",L1_01,Infectious and Communicable Diseases,low
ICD-6,6170,Other diseases of male genital organs — Other diseases of male genital organs,L1_05,Chronic Non-Communicable Diseases,medium
ICD-6,6200,Chronic cystic disease of breast — Chronic cystic disease of breast,L1_05,Chronic Non-Communicable Diseases,low
ICD-6,6210,Other diseases of breast — Acute mastitis not associated with lactation,L1_05,Chronic Non-Communicable Diseases,medium
ICD-6,6211,Other diseases of breast — Hypertrophy of breast,L1_05,Chronic Non-Communicable Diseases,medium
ICD-6,6212,Other diseases of breast — Other,L1_05,Chronic Non-Communicable Diseases,medium
ICD-6,6220,Acute salpingitis and oophoritis — Acute salpingitis and oophoritis,L1_01,Infectious and Communicable Diseases,low
ICD-6,6230,Chronic salpingitis and oophoritis — Chronic salpingitis and oophoritis,L1_05,Chronic Non-Communicable Diseases,low
ICD-6,6240,"Salpingitis and oophoritis, unqualified — Salpingitis and oophoritis, unqualified",L1_01,Infectious and Communicable Diseases,low
ICD-6,6250,Other diseases of ovary and Fallopian tube — Other diseases of ovary and Fallopian tube,L1_05,Chronic Non-Communicable Diseases,medium
ICD-6,6260,Diseases of parametrium and pelvic peritoneum (female) — Diseases of parametrium and pelvic peritoneum (female),L1_05,Chronic Non-Communicable Diseases,low
ICD-6,6300,"Infective disease of uterus, vagina, and vulva — Cervicitis",L1_01,Infectious and Communicable Diseases,low
ICD-6,6301,"Infective disease of uterus, vagina, and vulva — Other infective diseases of uterus",L1_05,Chronic Non-Communicable Diseases,low
ICD-6,6302,"Infective disease of uterus, vagina, and vulva — Vaginitis and vulvitis",L1_01,Infectious and Communicable Diseases,low
ICD-6,6310,Utero vaginal prolapse — Utero vaginal prolapse,L1_01,Infectious and Communicable Diseases,low
ICD-6,6320,Malposition of uterus — Malposition of uterus,L1_01,Infectious and Communicable Diseases,low
ICD-6,6330,Other diseases of uterus — Other diseases of uterus,L1_05,Chronic Non-Communicable Diseases,medium
ICD-6,6340,Disorders of menstruation — Disorders of menstruation,L1_05,Chronic Non-Communicable Diseases,low
ICD-6,6350,Menopausal symptoms — Menopausal symptoms,L1_10,"Ill-Defined, Administrative, and Other Causes",low
ICD-6,6360,"Sterility, female — Sterility, female",L1_01,Infectious and Communicable Diseases,low
ICD-6,6370,Other diseases of female genital organs — Leukorrhoea,L1_05,Chronic Non-Communicable Diseases,medium
ICD-6,6371,Other diseases of female genital organs — Other,L1_05,Chronic Non-Communicable Diseases,medium
ICD-6,6400,Pyelitis and pyelonephritis of pregnancy — Pyelitis and pyelonephritis of pregnancy,L1_02,Maternal and Early-Life Mortality,low
ICD-6,6410,Other infections of genito-urinary tract during pregnancy — Other infections of genito-urinary tract during pregnancy,L1_02,Maternal and Early-Life Mortality,low
ICD-6,6420,Toxaemias of pregnancy — Hypertensive disease arising during pregnancy,L1_02,Maternal and Early-Life Mortality,low
ICD-6,6421,Toxaemias of pregnancy — Renal disease arising during pregnancy,L1_02,Maternal and Early-Life Mortality,low
ICD-6,6422,Toxaemias of pregnancy — Pre-eclampsia of pregnancy,L1_02,Maternal and Early-Life Mortality,low
ICD-6,6423,Toxaemias of pregnancy — Eclampsia of pregnancy,L1_02,Maternal and Early-Life Mortality,low
ICD-6,6424,Toxaemias of pregnancy — Hyperemesis gravidarum,L1_02,Maternal and Early-Life Mortality,low
ICD-6,6425,Toxaemias of pregnancy — Other,L1_02,Maternal and Early-Life Mortality,low
ICD-6,6430,Placenta praevia — Placenta praevia,L1_02,Maternal and Early-Life Mortality,low
ICD-6,6440,Other haemorrhage of pregnancy — Other haemorrhage of pregnancy,L1_02,Maternal and Early-Life Mortality,low
ICD-6,6450,Ectopic pregnancy — Without mention of sepsis,L1_02,Maternal and Early-Life Mortality,medium
ICD-6,6451,Ectopic pregnancy — With sepsis,L1_02,Maternal and Early-Life Mortality,medium
ICD-6,6460,Anaemia of pregnancy — Anaemia of pregnancy,L1_02,Maternal and Early-Life Mortality,low
ICD-6,6470,Pregnancy with malposition of foetus in uterus — Pregnancy with malposition of foetus in uterus,L1_02,Maternal and Early-Life Mortality,low
ICD-6,6480,Other complications arising from pregnancy — Threatened abortion,L1_02,Maternal and Early-Life Mortality,medium
ICD-6,6481,Other complications arising from pregnancy — Hydatidiform mole,L1_02,Maternal and Early-Life Mortality,low
ICD-6,6482,Other complications arising from pregnancy — Placental abnormalities not classified elsewhere,L1_02,Maternal and Early-Life Mortality,low
ICD-6,6483,Other complications arising from pregnancy — Other,L1_02,Maternal and Early-Life Mortality,low
ICD-6,6490,Pregnancy associated with other conditions — Pregnancy associated with other conditions,L1_02,Maternal and Early-Life Mortality,low
ICD-6,6500,Abortion without mention of sepsis or toxaemia — Spontaneous or unspecified,L1_02,Maternal and Early-Life Mortality,low
ICD-6,6501,Abortion without mention of sepsis or toxaemia — Induced for medical or legal indications,L1_02,Maternal and Early-Life Mortality,low
ICD-6,6502,Abortion without mention of sepsis or toxaemia — Induced for other reasons,L1_02,Maternal and Early-Life Mortality,low
ICD-6,6503,Abortion without mention of sepsis or toxaemia — Other,L1_02,Maternal and Early-Life Mortality,low
ICD-6,6510,Abortion with sepsis — Spontaneous or unspecified,L1_02,Maternal and Early-Life Mortality,low
ICD-6,6511,Abortion with sepsis — Induced for medical or legal indications,L1_02,Maternal and Early-Life Mortality,low
ICD-6,6512,Abortion with sepsis — Induced for other reasons,L1_02,Maternal and Early-Life Mortality,low
ICD-6,6513,Abortion with sepsis — Other,L1_02,Maternal and Early-Life Mortality,low
ICD-6,6520,"Abortion with toxaemia, without mention of sepsis — Spontaneous or unspecified",L1_02,Maternal and Early-Life Mortality,low
ICD-6,6521,"Abortion with toxaemia, without mention of sepsis — Induced for medical or legal indications",L1_02,Maternal and Early-Life Mortality,low
ICD-6,6522,"Abortion with toxaemia, without mention of sepsis — Induced for other reasons",L1_02,Maternal and Early-Life Mortality,low
ICD-6,6523,"Abortion with toxaemia, without mention of sepsis — Other",L1_02,Maternal and Early-Life Mortality,low
ICD-6,6600,Delivery without complication — Spontaneous,L1_02,Maternal and Early-Life Mortality,low
ICD-6,6601,Delivery without complication — Manipulation without instruments,L1_02,Maternal and Early-Life Mortality,low
ICD-6,6602,"Delivery without complication — Forceps (only), low and unspecified",L1_02,Maternal and Early-Life Mortality,low
ICD-6,6603,"Delivery without complication — Forceps (only), mid and high",L1_02,Maternal and Early-Life Mortality,low
ICD-6,6604,"Delivery without complication — Other surgical or instrumental, except Caesarian section",L1_02,Maternal and Early-Life Mortality,low
ICD-6,6605,Delivery without complication — Caesarian section,L1_02,Maternal and Early-Life Mortality,low
ICD-6,6606,Delivery without complication — Unspecified type of delivery,L1_02,Maternal and Early-Life Mortality,low
ICD-6,6607,Delivery without complication — Delivered before admission,L1_02,Maternal and Early-Life Mortality,low
ICD-6,6700,Delivery complicated by placenta praevia or antepartum haemorrhage — Spontaneous,L1_02,Maternal and Early-Life Mortality,medium
ICD-6,6701,Delivery complicated by placenta praevia or antepartum haemorrhage — Manipulation without instruments,L1_02,Maternal and Early-Life Mortality,medium
ICD-6,6702,"Delivery complicated by placenta praevia or antepartum haemorrhage — Forceps (only), low and unspecified",L1_02,Maternal and Early-Life Mortality,medium
ICD-6,6703,"Delivery complicated by placenta praevia or antepartum haemorrhage — Forceps (only), mid and high",L1_02,Maternal and Early-Life Mortality,medium
ICD-6,6704,"Delivery complicated by placenta praevia or antepartum haemorrhage — Other surgical or instrumental, except Caesarian section",L1_02,Maternal and Early-Life Mortality,medium
ICD-6,6705,Delivery complicated by placenta praevia or antepartum haemorrhage — Caesarian section,L1_02,Maternal and Early-Life Mortality,medium
ICD-6,6706,Delivery complicated by placenta praevia or antepartum haemorrhage — Unspecified type of delivery,L1_02,Maternal and Early-Life Mortality,medium
ICD-6,6707,Delivery complicated by placenta praevia or antepartum haemorrhage — Delivered before admission,L1_02,Maternal and Early-Life Mortality,medium
ICD-6,6710,Delivery complicated by retained placenta — Spontaneous,L1_02,Maternal and Early-Life Mortality,low
ICD-6,6711,Delivery complicated by retained placenta — Manipulation without instruments,L1_02,Maternal and Early-Life Mortality,low
ICD-6,6712,"Delivery complicated by retained placenta — Forceps (only), low and unspecified",L1_02,Maternal and Early-Life Mortality,low
ICD-6,6713,"Delivery complicated by retained placenta — Forceps (only), mid and high",L1_02,Maternal and Early-Life Mortality,low
ICD-6,6714,"Delivery complicated by retained placenta — Other surgical or instrumental, except Caesarian section",L1_02,Maternal and Early-Life Mortality,low
ICD-6,6715,Delivery complicated by retained placenta — Caesarian section,L1_02,Maternal and Early-Life Mortality,low
ICD-6,6716,Delivery complicated by retained placenta — Unspecified type of delivery,L1_02,Maternal and Early-Life Mortality,low
ICD-6,6717,Delivery complicated by retained placenta — Delivered before admission,L1_02,Maternal and Early-Life Mortality,low
ICD-6,6720,Delivery complicated by other postpartum haemorrhage — Spontaneous,L1_02,Maternal and Early-Life Mortality,low
ICD-6,6721,Delivery complicated by other postpartum haemorrhage — Manipulation without instruments,L1_02,Maternal and Early-Life Mortality,low
ICD-6,6722,"Delivery complicated by other postpartum haemorrhage — Forceps (only), low and unspecified",L1_02,Maternal and Early-Life Mortality,low
ICD-6,6723,"Delivery complicated by other postpartum haemorrhage — Forceps (only), mid and high",L1_02,Maternal and Early-Life Mortality,low
ICD-6,6724,"Delivery complicated by other postpartum haemorrhage — Other surgical or instrumental, except Caesarian section",L1_02,Maternal and Early-Life Mortality,low
ICD-6,6725,Delivery complicated by other postpartum haemorrhage — Caesarian section,L1_02,Maternal and Early-Life Mortality,low
ICD-6,6726,Delivery complicated by other postpartum haemorrhage — Unspecified type of delivery,L1_02,Maternal and Early-Life Mortality,low
ICD-6,6727,Delivery complicated by other postpartum haemorrhage — Delivered before admission,L1_02,Maternal and Early-Life Mortality,low
ICD-6,6730,Delivery complicated by abnormality of bony pelvis — Spontaneous,L1_02,Maternal and Early-Life Mortality,low
ICD-6,6731,Delivery complicated by abnormality of bony pelvis — Manipulation without instruments,L1_02,Maternal and Early-Life Mortality,low
ICD-6,6732,"Delivery complicated by abnormality of bony pelvis — Forceps (only), low and unspecified",L1_02,Maternal and Early-Life Mortality,low
ICD-6,6733,"Delivery complicated by abnormality of bony pelvis — Forceps (only), mid and high",L1_02,Maternal and Early-Life Mortality,low
ICD-6,6734,"Delivery complicated by abnormality of bony pelvis — Other surgical or instrumental, except Caesarian section",L1_02,Maternal and Early-Life Mortality,low
ICD-6,6735,Delivery complicated by abnormality of bony pelvis — Caesarian section,L1_02,Maternal and Early-Life Mortality,low
ICD-6,6736,Delivery complicated by abnormality of bony pelvis — Unspecified type of delivery,L1_02,Maternal and Early-Life Mortality,low
ICD-6,6737,Delivery complicated by abnormality of bony pelvis — Delivered before admission,L1_02,Maternal and Early-Life Mortality,low
ICD-6,6740,Delivery complicated by disproportion or malposition of foetus — Spontaneous,L1_02,Maternal and Early-Life Mortality,low
ICD-6,6741,Delivery complicated by disproportion or malposition of foetus — Manipulation without instruments,L1_02,Maternal and Early-Life Mortality,low
ICD-6,6742,"Delivery complicated by disproportion or malposition of foetus — Forceps (only), low and unspecified",L1_02,Maternal and Early-Life Mortality,low
ICD-6,6743,"Delivery complicated by disproportion or malposition of foetus — Forceps (only), mid and high",L1_02,Maternal and Early-Life Mortality,low
ICD-6,6744,"Delivery complicated by disproportion or malposition of foetus — Other surgical or instrumental, except Caesarian section",L1_02,Maternal and Early-Life Mortality,low
ICD-6,6745,Delivery complicated by disproportion or malposition of foetus — Caesarian section,L1_02,Maternal and Early-Life Mortality,low
ICD-6,6746,Delivery complicated by disproportion or malposition of foetus — Unspecified type of delivery,L1_02,Maternal and Early-Life Mortality,low
ICD-6,6747,Delivery complicated by disproportion or malposition of foetus — Delivered before admission,L1_02,Maternal and Early-Life Mortality,low
ICD-6,6750,Delivery complicated by prolonged labour of other origin — Spontaneous,L1_02,Maternal and Early-Life Mortality,low
ICD-6,6751,Delivery complicated by prolonged labour of other origin — Manipulation without instruments,L1_02,Maternal and Early-Life Mortality,low
ICD-6,6752,"Delivery complicated by prolonged labour of other origin — Forceps (only), low and unspecified",L1_02,Maternal and Early-Life Mortality,low
ICD-6,6753,"Delivery complicated by prolonged labour of other origin — Forceps (only), mid and high",L1_02,Maternal and Early-Life Mortality,low
ICD-6,6754,"Delivery complicated by prolonged labour of other origin — Other surgical or instrumental, except Caesarian section",L1_02,Maternal and Early-Life Mortality,low
ICD-6,6755,Delivery complicated by prolonged labour of other origin — Caesarian section,L1_02,Maternal and Early-Life Mortality,low
ICD-6,6756,Delivery complicated by prolonged labour of other origin — Unspecified type of delivery,L1_02,Maternal and Early-Life Mortality,low
ICD-6,6757,Delivery complicated by prolonged labour of other origin — Delivered before admission,L1_02,Maternal and Early-Life Mortality,low
ICD-6,6760,"Delivery with laceration of perineum, without mention of other laceration — Spontaneous",L1_02,Maternal and Early-Life Mortality,low
ICD-6,6761,"Delivery with laceration of perineum, without mention of other laceration — Manipulation without instruments",L1_02,Maternal and Early-Life Mortality,low
ICD-6,6762,"Delivery with laceration of perineum, without mention of other laceration — Forceps (only), low and unspecified",L1_02,Maternal and Early-Life Mortality,low
ICD-6,6763,"Delivery with laceration of perineum, without mention of other laceration — Forceps (only), mid and high",L1_02,Maternal and Early-Life Mortality,low
ICD-6,6764,"Delivery with laceration of perineum, without mention of other laceration — Other surgical or instrumental, except Caesarian section",L1_02,Maternal and Early-Life Mortality,low
ICD-6,6765,"Delivery with laceration of perineum, without mention of other laceration — Caesarian section",L1_02,Maternal and Early-Life Mortality,low
ICD-6,6766,"Delivery with laceration of perineum, without mention of other laceration — Unspecified type of delivery",L1_02,Maternal and Early-Life Mortality,low
ICD-6,6767,"Delivery with laceration of perineum, without mention of other laceration — Delivered before admission",L1_02,Maternal and Early-Life Mortality,low
ICD-6,6770,Delivery with other trauma — Spontaneous,L1_02,Maternal and Early-Life Mortality,low
ICD-6,6771,Delivery with other trauma — Manipulation without instruments,L1_02,Maternal and Early-Life Mortality,low
ICD-6,6772,"Delivery with other trauma — Forceps (only), low and unspecified",L1_02,Maternal and Early-Life Mortality,low
ICD-6,6773,"Delivery with other trauma — Forceps (only), mid and high",L1_02,Maternal and Early-Life Mortality,low
ICD-6,6774,"Delivery with other trauma — Other surgical or instrumental, except Caesarian section",L1_02,Maternal and Early-Life Mortality,low
ICD-6,6775,Delivery with other trauma — Caesarian section,L1_02,Maternal and Early-Life Mortality,low
ICD-6,6776,Delivery with other trauma — Unspecified type of delivery,L1_02,Maternal and Early-Life Mortality,low
ICD-6,6777,Delivery with other trauma — Delivered before admission,L1_02,Maternal and Early-Life Mortality,low
ICD-6,6780,Delivery with other complications of childbirth — Spontaneous,L1_02,Maternal and Early-Life Mortality,medium
ICD-6,6781,Delivery with other complications of childbirth — Manipulation without instruments,L1_02,Maternal and Early-Life Mortality,medium
ICD-6,6782,"Delivery with other complications of childbirth — Forceps (only), low and unspecified",L1_02,Maternal and Early-Life Mortality,medium
ICD-6,6783,"Delivery with other complications of childbirth — Forceps (only), mid and high",L1_02,Maternal and Early-Life Mortality,medium
ICD-6,6784,"Delivery with other complications of childbirth — Other surgical or instrumental, except Caesarian section",L1_02,Maternal and Early-Life Mortality,medium
ICD-6,6785,Delivery with other complications of childbirth — Caesarian section,L1_02,Maternal and Early-Life Mortality,medium
ICD-6,6786,Delivery with other complications of childbirth — Unspecified type of delivery,L1_02,Maternal and Early-Life Mortality,medium
ICD-6,6787,Delivery with other complications of childbirth — Delivered before admission,L1_02,Maternal and Early-Life Mortality,medium
ICD-6,6800,Puerperal urinary infection without other sepsis — Puerperal urinary infection without other sepsis,L1_02,Maternal and Early-Life Mortality,low
ICD-6,6810,Sepsis of childbirth and the puerperium — Sepsis of childbirth and the puerperium,L1_02,Maternal and Early-Life Mortality,low
ICD-6,6820,Puerperal phlebitis and thrombosis — Puerperal phlebitis and thrombosis,L1_05,Chronic Non-Communicable Diseases,medium
ICD-6,6830,Pyrexia of unknown origin during the puerperium — Pyrexia of unknown origin during the puerperium,L1_10,"Ill-Defined, Administrative, and Other Causes",low
ICD-6,6840,Puerperal pulmonary embolism — Puerperal pulmonary embolism,L1_02,Maternal and Early-Life Mortality,low
ICD-6,6850,Puerperal eclampsia — Puerperal eclampsia,L1_02,Maternal and Early-Life Mortality,low
ICD-6,6860,Other forms of puerperal toxaemia — Other forms of puerperal toxaemia,L1_02,Maternal and Early-Life Mortality,low
ICD-6,6870,Cerebral haemorrhage in the puerperum — Cerebral haemorrhage in the puerperum,L1_05,Chronic Non-Communicable Diseases,low
ICD-6,6880,Other and unspecified complications of the puerperium — Anaemia of puerperium,L1_01,Infectious and Communicable Diseases,low
ICD-6,6881,Other and unspecified complications of the puerperium — Puerperal psychosis,L1_02,Maternal and Early-Life Mortality,low
ICD-6,6882,Other and unspecified complications of the puerperium — Sudden death from unknown cause in the puerperium,L1_10,"Ill-Defined, Administrative, and Other Causes",high
ICD-6,6883,Other and unspecified complications of the puerperium — Other,L1_01,Infectious and Communicable Diseases,low
ICD-6,6890,Mastitis and other disorders of lactation — Mastitis and other disorders of lactation,L1_05,Chronic Non-Communicable Diseases,low
ICD-6,6900,Boil and carbuncle — Of face,L1_01,Infectious and Communicable Diseases,low
ICD-6,6901,Boil and carbuncle — Of neck,L1_01,Infectious and Communicable Diseases,low
ICD-6,6902,Boil and carbuncle — Of trunk,L1_01,Infectious and Communicable Diseases,low
ICD-6,6903,Boil and carbuncle — Of upper arm and forearm,L1_01,Infectious and Communicable Diseases,low
ICD-6,6904,Boil and carbuncle — Of hand,L1_01,Infectious and Communicable Diseases,low
ICD-6,6905,Boil and carbuncle — Of buttock,L1_01,Infectious and Communicable Diseases,low
ICD-6,6906,Boil and carbuncle — Of other parts of lower extremity,L1_01,Infectious and Communicable Diseases,low
ICD-6,6907,Boil and carbuncle — Of other and multiple sites,L1_01,Infectious and Communicable Diseases,low
ICD-6,6908,Boil and carbuncle — Of unspecified site,L1_01,Infectious and Communicable Diseases,low
ICD-6,6910,Cellulitis of finger and toe — Cellulitis of finger and toe,L1_01,Infectious and Communicable Diseases,low
ICD-6,6920,Other cellulitis and abscess without mention of lymphangitis — Of head and neck,L1_05,Chronic Non-Communicable Diseases,low
ICD-6,6921,Other cellulitis and abscess without mention of lymphangitis — Of trunk,L1_05,Chronic Non-Communicable Diseases,low
ICD-6,6922,Other cellulitis and abscess without mention of lymphangitis — Of upper arm and forearm,L1_05,Chronic Non-Communicable Diseases,low
ICD-6,6923,"Other cellulitis and abscess without mention of lymphangitis — Of hand, except fingers",L1_05,Chronic Non-Communicable Diseases,low
ICD-6,6924,Other cellulitis and abscess without mention of lymphangitis — Of leg,L1_05,Chronic Non-Communicable Diseases,low
ICD-6,6925,"Other cellulitis and abscess without mention of lymphangitis — Of foot, except toes",L1_05,Chronic Non-Communicable Diseases,low
ICD-6,6926,"Other cellulitis and abscess without mention of lymphangitis — Of other multiple, and unspecified sites",L1_05,Chronic Non-Communicable Diseases,low
ICD-6,6930,Other cellulitis and abscess with lymphangitis — Of head and neck,L1_05,Chronic Non-Communicable Diseases,low
ICD-6,6931,Other cellulitis and abscess with lymphangitis — Of trunk,L1_05,Chronic Non-Communicable Diseases,low
ICD-6,6932,Other cellulitis and abscess with lymphangitis — Of upper arm and forearm,L1_05,Chronic Non-Communicable Diseases,low
ICD-6,6933,"Other cellulitis and abscess with lymphangitis — Of hand, except fingers",L1_05,Chronic Non-Communicable Diseases,low
ICD-6,6934,Other cellulitis and abscess with lymphangitis — Of leg,L1_05,Chronic Non-Communicable Diseases,low
ICD-6,6935,"Other cellulitis and abscess with lymphangitis — Of foot, except toes",L1_05,Chronic Non-Communicable Diseases,low
ICD-6,6936,"Other cellulitis and abscess with lymphangitis — Of other multiple, and unspecified sites",L1_05,Chronic Non-Communicable Diseases,low
ICD-6,6940,Acute lymphadenitis — Acute lymphadenitis,L1_01,Infectious and Communicable Diseases,low
ICD-6,6950,Impetigo — Impetigo,L1_01,Infectious and Communicable Diseases,low
ICD-6,6960,Infectious warts — Infectious warts,L1_01,Infectious and Communicable Diseases,low
ICD-6,6970,Molluscum contagiosum — Molluscum contagiosum,L1_01,Infectious and Communicable Diseases,low
ICD-6,6980,Other local infections of skin and subcutaneous tissue — Other local infections of skin and subcutaneous tissue,L1_01,Infectious and Communicable Diseases,low
ICD-6,7000,Seborrhoeic dermatitis — Seborrhoeic dermatitis,L1_01,Infectious and Communicable Diseases,low
ICD-6,7010,Eczema — Eczema,L1_05,Chronic Non-Communicable Diseases,low
ICD-6,7020,Occupational dermatitis — Due to plants,L1_06,Respiratory and Environmental Disease,low
ICD-6,7021,Occupational dermatitis — Due to oils and greases,L1_06,Respiratory and Environmental Disease,low
ICD-6,7022,Occupational dermatitis — Due to solvents,L1_06,Respiratory and Environmental Disease,low
ICD-6,7023,Occupational dermatitis — Due to drugs,L1_06,Respiratory and Environmental Disease,low
ICD-6,7024,Occupational dermatitis — Due to other chemicals,L1_06,Respiratory and Environmental Disease,low
ICD-6,7025,Occupational dermatitis — Due to radiation,L1_06,Respiratory and Environmental Disease,low
ICD-6,7026,Occupational dermatitis — Other,L1_06,Respiratory and Environmental Disease,low
ICD-6,7030,Other dermatitis — Due to plants,L1_01,Infectious and Communicable Diseases,low
ICD-6,7031,Other dermatitis — Due to oils and greases,L1_01,Infectious and Communicable Diseases,low
ICD-6,7032,Other dermatitis — Due to solvents,L1_01,Infectious and Communicable Diseases,low
ICD-6,7033,Other dermatitis — Due to drugs,L1_09,Self-Harm and Substance Use,low
ICD-6,7034,Other dermatitis — Due to other chemicals,L1_01,Infectious and Communicable Diseases,low
ICD-6,7035,Other dermatitis — Due to radiation,L1_01,Infectious and Communicable Diseases,low
ICD-6,7036,Other dermatitis — Due to other specified agents,L1_01,Infectious and Communicable Diseases,low
ICD-6,7037,Other dermatitis — Unqualified,L1_01,Infectious and Communicable Diseases,low
ICD-6,7040,Pemphigus — Dermatitis herpetiformis,L1_05,Chronic Non-Communicable Diseases,low
ICD-6,7041,Pemphigus — Other,L1_05,Chronic Non-Communicable Diseases,low
ICD-6,7050,Erythematous conditions — Toxic erythema,L1_01,Infectious and Communicable Diseases,low
ICD-6,7051,Erythematous conditions — Erythema multiforme (erythema iris),L1_01,Infectious and Communicable Diseases,low
ICD-6,7052,Erythematous conditions — Erythema nodosum,L1_01,Infectious and Communicable Diseases,low
ICD-6,7053,Erythematous conditions — Rosacea,L1_01,Infectious and Communicable Diseases,low
ICD-6,7054,Erythematous conditions — Lupus erythematosus,L1_05,Chronic Non-Communicable Diseases,low
ICD-6,7055,Erythematous conditions — Other and unqualified,L1_01,Infectious and Communicable Diseases,low
ICD-6,7060,Psoriasis and similar disorders — Psoriasis,L1_01,Infectious and Communicable Diseases,low
ICD-6,7061,Psoriasis and similar disorders — Parapsoriasis,L1_01,Infectious and Communicable Diseases,low
ICD-6,7062,Psoriasis and similar disorders — Pityriasis rosea,L1_01,Infectious and Communicable Diseases,low
ICD-6,7063,Psoriasis and similar disorders — Other and unspecified pityriasis,L1_01,Infectious and Communicable Diseases,low
ICD-6,7064,Psoriasis and similar disorders — Other,L1_01,Infectious and Communicable Diseases,low
ICD-6,7070,Lichen planus — Lichen planus,L1_01,Infectious and Communicable Diseases,low
ICD-6,7080,Pruritus and related conditions — Pruritis ani,L1_01,Infectious and Communicable Diseases,low
ICD-6,7081,Pruritus and related conditions — Pruritis of genital organs,L1_01,Infectious and Communicable Diseases,low
ICD-6,7082,Pruritus and related conditions — Prurigo,L1_01,Infectious and Communicable Diseases,low
ICD-6,7083,Pruritus and related conditions — Lichenification and lichen simplex chronicus,L1_01,Infectious and Communicable Diseases,low
ICD-6,7084,Pruritus and related conditions — Dermatitis factitia (artefacta),L1_01,Infectious and Communicable Diseases,low
ICD-6,7085,Pruritus and related conditions — Other pruritic conditions,L1_01,Infectious and Communicable Diseases,low
ICD-6,7090,Corns and callosities — Corns and callosities,L1_01,Infectious and Communicable Diseases,low
ICD-6,7100,Other hypertrophic and atrophic conditions of skin — Scleroderma and dermatomyositis,L1_01,Infectious and Communicable Diseases,low
ICD-6,7101,Other hypertrophic and atrophic conditions of skin — Keratoderma,L1_01,Infectious and Communicable Diseases,low
ICD-6,7102,Other hypertrophic and atrophic conditions of skin — Hereditary oedema of legs (Milroy's disease),L1_03,Congenital and Developmental Conditions,low
ICD-6,7103,Other hypertrophic and atrophic conditions of skin — Striae atrophicae,L1_01,Infectious and Communicable Diseases,low
ICD-6,7104,Other hypertrophic and atrophic conditions of skin — Keloid scar,L1_01,Infectious and Communicable Diseases,low
ICD-6,7105,Other hypertrophic and atrophic conditions of skin — Other hypertrophic and atrophic conditions of the skin,L1_01,Infectious and Communicable Diseases,low
ICD-6,7110,Other dermatoses — Other dermatoses,L1_01,Infectious and Communicable Diseases,low
ICD-6,7120,Diseases of nail — Diseases of nail,L1_05,Chronic Non-Communicable Diseases,low
ICD-6,7130,Diseases of hair and hair follicles — Diseases of hair and hair follicles,L1_05,Chronic Non-Communicable Diseases,low
ICD-6,7140,Diseases of sweat and sebaceous glands — Diseases of sweat glands,L1_05,Chronic Non-Communicable Diseases,low
ICD-6,7141,Diseases of sweat and sebaceous glands — Acne,L1_05,Chronic Non-Communicable Diseases,low
ICD-6,7142,Diseases of sweat and sebaceous glands — Other diseases of sebaceous glands,L1_05,Chronic Non-Communicable Diseases,medium
ICD-6,7150,Chronic ulcer of skin — Chronic ulcer of skin,L1_05,Chronic Non-Communicable Diseases,medium
ICD-6,7160,Other diseases of skin — Other diseases of skin,L1_05,Chronic Non-Communicable Diseases,medium
ICD-6,7200,Acute arthritis due to pyogenic organisms — Acute arthritis due to pyogenic organisms,L1_05,Chronic Non-Communicable Diseases,low
ICD-6,7210,Acute nonpyogenic arthritis — Acute nonpyogenic arthritis,L1_05,Chronic Non-Communicable Diseases,low
ICD-6,7220,Rheumatoid arthritis and allied conditions — Rheumatoid arthritis,L1_05,Chronic Non-Communicable Diseases,low
ICD-6,7221,Rheumatoid arthritis and allied conditions — Spondylitis ankylopoietica,L1_05,Chronic Non-Communicable Diseases,low
ICD-6,7222,Rheumatoid arthritis and allied conditions — Chronic rheumatoid nodular fibrositis,L1_05,Chronic Non-Communicable Diseases,medium
ICD-6,7230,Osteo-arthritis (arthrosis) and allied conditions — Osteo-arthritis (arthrosis),L1_05,Chronic Non-Communicable Diseases,low
ICD-6,7231,Osteo-arthritis (arthrosis) and allied conditions — Spondylitis osteo-arthritica (spondylarthrosis),L1_05,Chronic Non-Communicable Diseases,low
ICD-6,7232,Osteo-arthritis (arthrosis) and allied conditions — Adult osteochondrosis of spine,L1_05,Chronic Non-Communicable Diseases,low
ICD-6,7240,Other specified forms of arthritis — Other specified forms of arthritis,L1_05,Chronic Non-Communicable Diseases,low
ICD-6,7250,"Arthritis, unspecified — Arthritis, unspecified",L1_05,Chronic Non-Communicable Diseases,low
ICD-6,7260,Muscular rheumatism — Lumbago,L1_01,Infectious and Communicable Diseases,low
ICD-6,7261,Muscular rheumatism — Myofibrosis of humeroscapular region,L1_01,Infectious and Communicable Diseases,low
ICD-6,7262,"Muscular rheumatism — Torticollis not specified as congenital, psychogenic, or traumatic",L1_03,Congenital and Developmental Conditions,low
ICD-6,7263,"Muscular rheumatism — Other muscular rheumatism, fibrositis, and myalgia",L1_01,Infectious and Communicable Diseases,low
ICD-6,7270,"Rheumatism, unspecified — Rheumatism, unspecified",L1_01,Infectious and Communicable Diseases,low
ICD-6,7300,Osteomyelitis and periostitis — Acute osteomyelitis,L1_01,Infectious and Communicable Diseases,low
ICD-6,7301,Osteomyelitis and periostitis — Chronic osteomyelitis,L1_05,Chronic Non-Communicable Diseases,low
ICD-6,7302,Osteomyelitis and periostitis — Unspecified osteomyelitis,L1_01,Infectious and Communicable Diseases,low
ICD-6,7303,Osteomyelitis and periostitis — Periostitis without mention of osteomyelitis,L1_01,Infectious and Communicable Diseases,low
ICD-6,7310,Osteitis deformans — Osteitis deformans,L1_01,Infectious and Communicable Diseases,low
ICD-6,7320,Osteochondrosis — Osteochondrosis,L1_01,Infectious and Communicable Diseases,low
ICD-6,7330,Other diseases of bone — Other diseases of bone,L1_05,Chronic Non-Communicable Diseases,medium
ICD-6,7340,Internal derangement of knee joint — Internal derangement of knee joint,L1_01,Infectious and Communicable Diseases,low
ICD-6,7350,Displacement of intervertebral disc — Displacement of intervertebral disc,L1_01,Infectious and Communicable Diseases,low
ICD-6,7360,Affection of sacro-iliac joint — Affection of sacro-iliac joint,L1_01,Infectious and Communicable Diseases,low
ICD-6,7370,Ankylosis of joint — Of spine,L1_01,Infectious and Communicable Diseases,low
ICD-6,7371,Ankylosis of joint — Of shoulder,L1_01,Infectious and Communicable Diseases,low
ICD-6,7372,Ankylosis of joint — Of elbow,L1_01,Infectious and Communicable Diseases,low
ICD-6,7373,Ankylosis of joint — Of wrist,L1_01,Infectious and Communicable Diseases,low
ICD-6,7374,Ankylosis of joint — Of finger,L1_01,Infectious and Communicable Diseases,low
ICD-6,7375,Ankylosis of joint — Of hip,L1_01,Infectious and Communicable Diseases,low
ICD-6,7376,Ankylosis of joint — Of knee,L1_01,Infectious and Communicable Diseases,low
ICD-6,7377,Ankylosis of joint — Of ankle,L1_01,Infectious and Communicable Diseases,low
ICD-6,7378,Ankylosis of joint — Of other and multiple sites,L1_01,Infectious and Communicable Diseases,low
ICD-6,7379,Ankylosis of joint — Of unspecified site,L1_01,Infectious and Communicable Diseases,low
ICD-6,7380,Other diseases of joint — Other diseases of joint,L1_05,Chronic Non-Communicable Diseases,medium
ICD-6,7400,Bunion — Bunion,L1_01,Infectious and Communicable Diseases,low
ICD-6,7410,"Synovitis, bursitis, and tenosynovitis without mention of occupational origin — Synovitis, bursitis, and tenosynovitis without mention of occupational origin",L1_06,Respiratory and Environmental Disease,low
ICD-6,7420,"Synovitis, bursitis, and tenosynovitis of occupational origin — Synovitis, bursitis, and tenosynovitis of occupational origin",L1_06,Respiratory and Environmental Disease,low
ICD-6,7430,Infective myositis and other inflammatory diseases of tendon and fascia — Infective myositis and other inflammatory diseases of tendon and fascia,L1_05,Chronic Non-Communicable Diseases,low
ICD-6,7440,"Other diseases of muscle, tendon and fascia — Myasthenia gravis",L1_05,Chronic Non-Communicable Diseases,medium
ICD-6,7441,"Other diseases of muscle, tendon and fascia — Inborn defect of muscle",L1_05,Chronic Non-Communicable Diseases,medium
ICD-6,7442,"Other diseases of muscle, tendon and fascia — Other",L1_05,Chronic Non-Communicable Diseases,medium
ICD-6,7450,Curvature of spine — Curvature of spine,L1_01,Infectious and Communicable Diseases,low
ICD-6,7460,Flat foot — Flat foot,L1_01,Infectious and Communicable Diseases,low
ICD-6,7470,Hallux valgus and varus — Hallux valgus and varus,L1_01,Infectious and Communicable Diseases,low
ICD-6,7480,Clubfoot — Clubfoot,L1_03,Congenital and Developmental Conditions,low
ICD-6,7490,Other deformities — Other deformities,L1_03,Congenital and Developmental Conditions,low
ICD-6,7500,Monstrosity — Monstrosity,L1_01,Infectious and Communicable Diseases,low
ICD-6,7510,Spina bifida and meningocele — Spina bifida and meningocele,L1_03,Congenital and Developmental Conditions,low
ICD-6,7520,Congenital hydrocephalus — Congenital hydrocephalus,L1_03,Congenital and Developmental Conditions,medium
ICD-6,7530,Other congenital malformations of nervous system and sense organs — Congenital cataract,L1_03,Congenital and Developmental Conditions,medium
ICD-6,7531,Other congenital malformations of nervous system and sense organs — Other,L1_03,Congenital and Developmental Conditions,medium
ICD-6,7540,Congenital malformations of circulatory system — Tetrology of Fallot,L1_03,Congenital and Developmental Conditions,medium
ICD-6,7541,Congenital malformations of circulatory system — Patent ductus arteriosus (Botalli),L1_03,Congenital and Developmental Conditions,medium
ICD-6,7542,Congenital malformations of circulatory system — Interventricular septal defect,L1_03,Congenital and Developmental Conditions,medium
ICD-6,7543,Congenital malformations of circulatory system — Interauricular septal defect,L1_03,Congenital and Developmental Conditions,medium
ICD-6,7544,Congenital malformations of circulatory system — Other and unspecified malformations of heart,L1_03,Congenital and Developmental Conditions,medium
ICD-6,7545,Congenital malformations of circulatory system — Coarctation of aorta,L1_03,Congenital and Developmental Conditions,medium
ICD-6,7546,Congenital malformations of circulatory system — Other circulatory malformations,L1_03,Congenital and Developmental Conditions,medium
ICD-6,7550,Cleft palate and harelip — Cleft palate and harelip,L1_03,Congenital and Developmental Conditions,high
ICD-6,7560,Congenital malformations of digestive system — Congenital hypertrophic pyloric stenosis,L1_03,Congenital and Developmental Conditions,medium
ICD-6,7561,Congenital malformations of digestive system — Imperforate anus,L1_03,Congenital and Developmental Conditions,high
ICD-6,7562,Congenital malformations of digestive system — Other,L1_03,Congenital and Developmental Conditions,medium
ICD-6,7570,Congenital malformations of genito-urinary system — Undescended testicle,L1_03,Congenital and Developmental Conditions,medium
ICD-6,7571,Congenital malformations of genito-urinary system — Polycystic disease of kidney,L1_03,Congenital and Developmental Conditions,medium
ICD-6,7572,Congenital malformations of genito-urinary system — Congenital malformations of external genital organs,L1_03,Congenital and Developmental Conditions,medium
ICD-6,7573,Congenital malformations of genito-urinary system — Other,L1_03,Congenital and Developmental Conditions,medium
ICD-6,7580,Congenital malformations of bone and joint — Congenital dislocation of hip,L1_03,Congenital and Developmental Conditions,medium
ICD-6,7581,Congenital malformations of bone and joint — Chondrodystrophy,L1_03,Congenital and Developmental Conditions,medium
ICD-6,7582,Congenital malformations of bone and joint — Congenital malformations of skull,L1_03,Congenital and Developmental Conditions,medium
ICD-6,7583,Congenital malformations of bone and joint — Brittle bones,L1_03,Congenital and Developmental Conditions,medium
ICD-6,7584,Congenital malformations of bone and joint — Cervical rib,L1_03,Congenital and Developmental Conditions,medium
ICD-6,7585,Congenital malformations of bone and joint — Congenital abnormalities of lumbosacral region,L1_03,Congenital and Developmental Conditions,medium
ICD-6,7586,Congenital malformations of bone and joint — Other congenital malformations of bone and joint,L1_03,Congenital and Developmental Conditions,medium
ICD-6,7590,"Other and unspecified congenital malformations, not elsewhere classified — Of respiratory system",L1_03,Congenital and Developmental Conditions,medium
ICD-6,7591,"Other and unspecified congenital malformations, not elsewhere classified — Of skin",L1_03,Congenital and Developmental Conditions,medium
ICD-6,7592,"Other and unspecified congenital malformations, not elsewhere classified — Of muscle",L1_03,Congenital and Developmental Conditions,medium
ICD-6,7593,"Other and unspecified congenital malformations, not elsewhere classified — Other and unspecified",L1_03,Congenital and Developmental Conditions,medium
ICD-6,7600,Intracranial and spinal injury at birth — Without mention of immaturity,L1_02,Maternal and Early-Life Mortality,high
ICD-6,7605,Intracranial and spinal injury at birth — With immaturity,L1_02,Maternal and Early-Life Mortality,high
ICD-6,7610,Other birth injury — Without mention of immaturity,L1_02,Maternal and Early-Life Mortality,low
ICD-6,7615,Other birth injury — With immaturity,L1_02,Maternal and Early-Life Mortality,low
ICD-6,7620,Postnatal asphyxia and atelectasis — Without mention of immaturity,L1_02,Maternal and Early-Life Mortality,low
ICD-6,7625,Postnatal asphyxia and atelectasis — With immaturity,L1_02,Maternal and Early-Life Mortality,low
ICD-6,7630,Pneumonia of newborn — Without mention of immaturity,L1_02,Maternal and Early-Life Mortality,high
ICD-6,7635,Pneumonia of newborn — With immaturity,L1_02,Maternal and Early-Life Mortality,high
ICD-6,7640,Diarrhoea of newborn — Without mention of immaturity,L1_02,Maternal and Early-Life Mortality,high
ICD-6,7645,Diarrhoea of newborn — With immaturity,L1_02,Maternal and Early-Life Mortality,high
ICD-6,7650,Ophthalmia neonatorum — Without mention of immaturity,L1_02,Maternal and Early-Life Mortality,low
ICD-6,7655,Ophthalmia neonatorum — With immaturity,L1_02,Maternal and Early-Life Mortality,low
ICD-6,7660,Pemphigus neonatorum — Without mention of immaturity,L1_02,Maternal and Early-Life Mortality,low
ICD-6,7665,Pemphigus neonatorum — With immaturity,L1_02,Maternal and Early-Life Mortality,low
ICD-6,7670,Umbilical sepsis — Without mention of immaturity,L1_02,Maternal and Early-Life Mortality,low
ICD-6,7675,Umbilical sepsis — With immaturity,L1_02,Maternal and Early-Life Mortality,low
ICD-6,7680,Other sepsis of newborn — Without mention of immaturity,L1_02,Maternal and Early-Life Mortality,high
ICD-6,7685,Other sepsis of newborn — With immaturity,L1_02,Maternal and Early-Life Mortality,high
ICD-6,7690,"Neonatal disorders arising from maternal toxaemia — Attributed to ""toxaemia of pregnancy"", without mention of immaturity",L1_02,Maternal and Early-Life Mortality,high
ICD-6,7691,"Neonatal disorders arising from maternal toxaemia — Attributed to maternal diabetes, without mention of immaturity",L1_02,Maternal and Early-Life Mortality,high
ICD-6,7692,"Neonatal disorders arising from maternal toxaemia — Attributed to maternal rubella, without mention of immaturity",L1_02,Maternal and Early-Life Mortality,high
ICD-6,7693,"Neonatal disorders arising from maternal toxaemia — Attributed to toxoplasmosis, without mention of immaturity",L1_02,Maternal and Early-Life Mortality,high
ICD-6,7694,"Neonatal disorders arising from maternal toxaemia — Attributed to other or unspecified maternal toxoemia, without mention of immaturity",L1_02,Maternal and Early-Life Mortality,high
ICD-6,7695,"Neonatal disorders arising from maternal toxaemia — Attributed to ""toxaemia of pregnancy"", with immaturity",L1_02,Maternal and Early-Life Mortality,high
ICD-6,7696,"Neonatal disorders arising from maternal toxaemia — Attributed to maternal diabetes, with immaturity",L1_02,Maternal and Early-Life Mortality,high
ICD-6,7697,"Neonatal disorders arising from maternal toxaemia — Attributed to maternal rubella, with immaturity",L1_02,Maternal and Early-Life Mortality,high
ICD-6,7698,"Neonatal disorders arising from maternal toxaemia — Attributed to toxoplasmosis, with immaturity",L1_02,Maternal and Early-Life Mortality,high
ICD-6,7699,"Neonatal disorders arising from maternal toxaemia — Attributed to other or unspecified maternal toxoemia, with immaturity",L1_02,Maternal and Early-Life Mortality,high
ICD-6,7700,"Haemolytic disease of newborn (erythroblastosis) — Erythroblastosis, without mention of nervous affection or immaturity",L1_02,Maternal and Early-Life Mortality,high
ICD-6,7701,"Haemolytic disease of newborn (erythroblastosis) — Kernicterus, without mention of immaturity",L1_02,Maternal and Early-Life Mortality,high
ICD-6,7702,"Haemolytic disease of newborn (erythroblastosis) — Erythroblastosis with disorder of liver other than icterus gravis, without mention of immaturity",L1_02,Maternal and Early-Life Mortality,high
ICD-6,7705,"Haemolytic disease of newborn (erythroblastosis) — Erythroblastosis, without mention of nervous affection but with immaturity",L1_02,Maternal and Early-Life Mortality,high
ICD-6,7706,Haemolytic disease of newborn (erythroblastosis) — Kernicterus with immaturity,L1_02,Maternal and Early-Life Mortality,high
ICD-6,7707,"Haemolytic disease of newborn (erythroblastosis) — Erythroblastosis with disorder of liver other than icterus gravis, with immaturity",L1_02,Maternal and Early-Life Mortality,high
ICD-6,7710,Haemorrhagic disease of newborn — Without mention of immaturity,L1_02,Maternal and Early-Life Mortality,high
ICD-6,7715,Haemorrhagic disease of newborn — With immaturity,L1_02,Maternal and Early-Life Mortality,high
ICD-6,7720,Nutritional maladjustment — Without mention of immaturity,L1_02,Maternal and Early-Life Mortality,low
ICD-6,7725,Nutritional maladjustment — With immaturity,L1_02,Maternal and Early-Life Mortality,low
ICD-6,7730,Ill-defined diseases peculiar to early infancy — Without mention of immaturity,L1_02,Maternal and Early-Life Mortality,high
ICD-6,7735,Ill-defined diseases peculiar to early infancy — With immaturity,L1_02,Maternal and Early-Life Mortality,high
ICD-6,7740,Immaturity with mention of any other subsidiary condition — Immaturity with mention of any other subsidiary condition,L1_02,Maternal and Early-Life Mortality,low
ICD-6,7750,Immaturity subsidiary to some other cause — Immaturity subsidiary to some other cause,L1_02,Maternal and Early-Life Mortality,low
ICD-6,7760,Immaturity unqualified — Immaturity unqualified,L1_02,Maternal and Early-Life Mortality,low
ICD-6,7800,Certain symptoms referable to nervous system and special senses — Coma and stupor,L1_10,"Ill-Defined, Administrative, and Other Causes",low
ICD-6,7801,Certain symptoms referable to nervous system and special senses — Delirium,L1_10,"Ill-Defined, Administrative, and Other Causes",low
ICD-6,7802,Certain symptoms referable to nervous system and special senses — Convulsions,L1_05,Chronic Non-Communicable Diseases,low
ICD-6,7803,Certain symptoms referable to nervous system and special senses — Jacksonian epilepsy,L1_05,Chronic Non-Communicable Diseases,low
ICD-6,7804,Certain symptoms referable to nervous system and special senses — Abnormal involuntary movement,L1_10,"Ill-Defined, Administrative, and Other Causes",low
ICD-6,7805,Certain symptoms referable to nervous system and special senses — Disturbance of co-ordination,L1_10,"Ill-Defined, Administrative, and Other Causes",low
ICD-6,7806,Certain symptoms referable to nervous system and special senses — Vertigo,L1_10,"Ill-Defined, Administrative, and Other Causes",low
ICD-6,7807,Certain symptoms referable to nervous system and special senses — Disturbance of sleep,L1_10,"Ill-Defined, Administrative, and Other Causes",low
ICD-6,7808,Certain symptoms referable to nervous system and special senses — Disturbance of memory,L1_10,"Ill-Defined, Administrative, and Other Causes",low
ICD-6,7809,Certain symptoms referable to nervous system and special senses — Meningismus,L1_10,"Ill-Defined, Administrative, and Other Causes",low
ICD-6,7810,Other symptoms referable to nervous system and special senses — Disturbance of vision except defective sight,L1_10,"Ill-Defined, Administrative, and Other Causes",low
ICD-6,7811,Other symptoms referable to nervous system and special senses — Oculomotor disturbance,L1_10,"Ill-Defined, Administrative, and Other Causes",low
ICD-6,7812,Other symptoms referable to nervous system and special senses — Photophobia,L1_10,"Ill-Defined, Administrative, and Other Causes",low
ICD-6,7813,Other symptoms referable to nervous system and special senses — Disturbance of hearing except deafness,L1_10,"Ill-Defined, Administrative, and Other Causes",low
ICD-6,7814,"Other symptoms referable to nervous system and special senses — Disturbance of cranial nerves except optic, oculomotor, and auditory",L1_10,"Ill-Defined, Administrative, and Other Causes",low
ICD-6,7815,Other symptoms referable to nervous system and special senses — Stammering and stuttering,L1_10,"Ill-Defined, Administrative, and Other Causes",low
ICD-6,7816,"Other symptoms referable to nervous system and special senses — Other disturbance of speech, including alexia and agraphia",L1_10,"Ill-Defined, Administrative, and Other Causes",low
ICD-6,7817,Other symptoms referable to nervous system and special senses — Other disturbance of sensation,L1_10,"Ill-Defined, Administrative, and Other Causes",low
ICD-6,7818,Other symptoms referable to nervous system and special senses — Encephalopathy,L1_10,"Ill-Defined, Administrative, and Other Causes",low
ICD-6,7819,Other symptoms referable to nervous system and special senses — Hallucinations,L1_10,"Ill-Defined, Administrative, and Other Causes",low
ICD-6,7820,Symptoms referable to cardiovascular and lymphatic system — Precordial pain,L1_05,Chronic Non-Communicable Diseases,low
ICD-6,7821,Symptoms referable to cardiovascular and lymphatic system — Palpitations,L1_05,Chronic Non-Communicable Diseases,low
ICD-6,7822,Symptoms referable to cardiovascular and lymphatic system — Tachycardia,L1_05,Chronic Non-Communicable Diseases,low
ICD-6,7823,Symptoms referable to cardiovascular and lymphatic system — Pallor and cyanosis (not of newborn),L1_02,Maternal and Early-Life Mortality,low
ICD-6,7824,"Symptoms referable to cardiovascular and lymphatic system — Acute heart failure, undefined",L1_05,Chronic Non-Communicable Diseases,medium
ICD-6,7825,Symptoms referable to cardiovascular and lymphatic system — Syncope or collapse,L1_05,Chronic Non-Communicable Diseases,medium
ICD-6,7826,Symptoms referable to cardiovascular and lymphatic system — Oedema and dropsy (not of newborn),L1_05,Chronic Non-Communicable Diseases,medium
ICD-6,7827,Symptoms referable to cardiovascular and lymphatic system — Enlargement of lymph node,L1_05,Chronic Non-Communicable Diseases,low
ICD-6,7828,Symptoms referable to cardiovascular and lymphatic system — Splenomegaly,L1_05,Chronic Non-Communicable Diseases,low
ICD-6,7829,Symptoms referable to cardiovascular and lymphatic system — Shock without mention of trauma,L1_05,Chronic Non-Communicable Diseases,low
ICD-6,7830,Symptoms referable to respiratory system — Epistaxis,L1_06,Respiratory and Environmental Disease,medium
ICD-6,7831,Symptoms referable to respiratory system — Haemoptysis,L1_06,Respiratory and Environmental Disease,medium
ICD-6,7832,Symptoms referable to respiratory system — Dyspnoea,L1_06,Respiratory and Environmental Disease,medium
ICD-6,7833,Symptoms referable to respiratory system — Cough,L1_06,Respiratory and Environmental Disease,medium
ICD-6,7834,Symptoms referable to respiratory system — Excess of sputum,L1_06,Respiratory and Environmental Disease,medium
ICD-6,7835,Symptoms referable to respiratory system — Change in voice,L1_06,Respiratory and Environmental Disease,medium
ICD-6,7836,Symptoms referable to respiratory system — Stridor,L1_06,Respiratory and Environmental Disease,medium
ICD-6,7837,Symptoms referable to respiratory system — Pain in chest,L1_06,Respiratory and Environmental Disease,medium
ICD-6,7840,Symptoms referable to upper gastro-intestinal tract — Anorexia,L1_10,"Ill-Defined, Administrative, and Other Causes",low
ICD-6,7841,Symptoms referable to upper gastro-intestinal tract — Nausea and vomiting,L1_10,"Ill-Defined, Administrative, and Other Causes",low
ICD-6,7842,Symptoms referable to upper gastro-intestinal tract — Pylorospasm,L1_10,"Ill-Defined, Administrative, and Other Causes",low
ICD-6,7843,Symptoms referable to upper gastro-intestinal tract — Heartburn,L1_10,"Ill-Defined, Administrative, and Other Causes",low
ICD-6,7844,Symptoms referable to upper gastro-intestinal tract — Dysphagia,L1_10,"Ill-Defined, Administrative, and Other Causes",low
ICD-6,7845,Symptoms referable to upper gastro-intestinal tract — Haematemesis,L1_10,"Ill-Defined, Administrative, and Other Causes",low
ICD-6,7846,Symptoms referable to upper gastro-intestinal tract — Excessive salivation,L1_10,"Ill-Defined, Administrative, and Other Causes",low
ICD-6,7847,Symptoms referable to upper gastro-intestinal tract — Hiccough,L1_10,"Ill-Defined, Administrative, and Other Causes",low
ICD-6,7848,Symptoms referable to upper gastro-intestinal tract — Eructation,L1_10,"Ill-Defined, Administrative, and Other Causes",low
ICD-6,7850,Symptoms referable to abdomen and lower gastro-intestinal system — Abdominal swelling (not referable to any particular organ),L1_10,"Ill-Defined, Administrative, and Other Causes",low
ICD-6,7851,Symptoms referable to abdomen and lower gastro-intestinal system — Hepatomegaly,L1_10,"Ill-Defined, Administrative, and Other Causes",low
ICD-6,7852,Symptoms referable to abdomen and lower gastro-intestinal system — Jaundice,L1_10,"Ill-Defined, Administrative, and Other Causes",low
ICD-6,7853,Symptoms referable to abdomen and lower gastro-intestinal system — Ascites,L1_10,"Ill-Defined, Administrative, and Other Causes",low
ICD-6,7854,Symptoms referable to abdomen and lower gastro-intestinal system — Flatulence,L1_10,"Ill-Defined, Administrative, and Other Causes",low
ICD-6,7855,Symptoms referable to abdomen and lower gastro-intestinal system — Abdominal pain,L1_10,"Ill-Defined, Administrative, and Other Causes",low
ICD-6,7856,"Symptoms referable to abdomen and lower gastro-intestinal system — Diarrhoea, age 2 years and over",L1_10,"Ill-Defined, Administrative, and Other Causes",low
ICD-6,7857,Symptoms referable to abdomen and lower gastro-intestinal system — Incontinence of faeces,L1_10,"Ill-Defined, Administrative, and Other Causes",low
ICD-6,7858,Symptoms referable to abdomen and lower gastro-intestinal system — Melaena (age 1 year and over),L1_10,"Ill-Defined, Administrative, and Other Causes",low
ICD-6,7859,Symptoms referable to abdomen and lower gastro-intestinal system — Visible peristalsis,L1_10,"Ill-Defined, Administrative, and Other Causes",low
ICD-6,7860,Symptoms referable to genito-urinary system — Pain referable to urinary system,L1_10,"Ill-Defined, Administrative, and Other Causes",low
ICD-6,7861,Symptoms referable to genito-urinary system — Retention of urine,L1_10,"Ill-Defined, Administrative, and Other Causes",low
ICD-6,7862,Symptoms referable to genito-urinary system — Incontinence of urine,L1_10,"Ill-Defined, Administrative, and Other Causes",low
ICD-6,7863,Symptoms referable to genito-urinary system — Frequency of micturition,L1_10,"Ill-Defined, Administrative, and Other Causes",low
ICD-6,7864,Symptoms referable to genito-urinary system — Polyuria,L1_10,"Ill-Defined, Administrative, and Other Causes",low
ICD-6,7865,"Symptoms referable to genito-urinary system — Oliguria, anuria (not of newborn)",L1_02,Maternal and Early-Life Mortality,low
ICD-6,7866,Symptoms referable to genito-urinary system — Priapism,L1_10,"Ill-Defined, Administrative, and Other Causes",low
ICD-6,7867,"Symptoms referable to genito-urinary system — Pain referable to genital organs, including dyspareunia",L1_10,"Ill-Defined, Administrative, and Other Causes",low
ICD-6,7870,"Symptoms referable to limbs and back — Transient paralysis of limb, cause unknown",L1_10,"Ill-Defined, Administrative, and Other Causes",medium
ICD-6,7871,Symptoms referable to limbs and back — Pain in limb,L1_10,"Ill-Defined, Administrative, and Other Causes",low
ICD-6,7872,Symptoms referable to limbs and back — Swelling of limb,L1_10,"Ill-Defined, Administrative, and Other Causes",low
ICD-6,7873,Symptoms referable to limbs and back — Pain in joint,L1_10,"Ill-Defined, Administrative, and Other Causes",low
ICD-6,7874,Symptoms referable to limbs and back — Swelling of joint,L1_10,"Ill-Defined, Administrative, and Other Causes",low
ICD-6,7875,Symptoms referable to limbs and back — Pain in back,L1_10,"Ill-Defined, Administrative, and Other Causes",low
ICD-6,7876,Symptoms referable to limbs and back — Difficulty in walking,L1_10,"Ill-Defined, Administrative, and Other Causes",low
ICD-6,7877,Symptoms referable to limbs and back — Abnormality of gait,L1_10,"Ill-Defined, Administrative, and Other Causes",low
ICD-6,7880,Other general symptoms — Dehydration,L1_10,"Ill-Defined, Administrative, and Other Causes",low
ICD-6,7881,Other general symptoms — Excessive sweating,L1_10,"Ill-Defined, Administrative, and Other Causes",low
ICD-6,7882,Other general symptoms — Rash,L1_10,"Ill-Defined, Administrative, and Other Causes",low
ICD-6,7883,Other general symptoms — Subcutaneous nodules,L1_10,"Ill-Defined, Administrative, and Other Causes",low
ICD-6,7884,Other general symptoms — Loss of weight,L1_10,"Ill-Defined, Administrative, and Other Causes",low
ICD-6,7885,Other general symptoms — Tetany,L1_10,"Ill-Defined, Administrative, and Other Causes",low
ICD-6,7886,Other general symptoms — Acidosis,L1_10,"Ill-Defined, Administrative, and Other Causes",low
ICD-6,7887,Other general symptoms — Alkalosis,L1_10,"Ill-Defined, Administrative, and Other Causes",low
ICD-6,7888,Other general symptoms — Pyrexia of unknown origin,L1_10,"Ill-Defined, Administrative, and Other Causes",medium
ICD-6,7889,Other general symptoms — Other specified symptoms not classifiable elsewhere,L1_10,"Ill-Defined, Administrative, and Other Causes",low
ICD-6,7890,"Abnormal urinary constituents of unspecified cause — Albuminuria, unqualified",L1_01,Infectious and Communicable Diseases,low
ICD-6,7891,"Abnormal urinary constituents of unspecified cause — Albuminuria, orthostatic",L1_01,Infectious and Communicable Diseases,low
ICD-6,7892,Abnormal urinary constituents of unspecified cause — Pyuria and bacteriuria,L1_01,Infectious and Communicable Diseases,low
ICD-6,7893,Abnormal urinary constituents of unspecified cause — Chyluria,L1_05,Chronic Non-Communicable Diseases,low
ICD-6,7894,Abnormal urinary constituents of unspecified cause — Haematuria,L1_01,Infectious and Communicable Diseases,low
ICD-6,7895,Abnormal urinary constituents of unspecified cause — Haemoglobinuria,L1_01,Infectious and Communicable Diseases,low
ICD-6,7896,Abnormal urinary constituents of unspecified cause — Glycosuria,L1_01,Infectious and Communicable Diseases,low
ICD-6,7897,Abnormal urinary constituents of unspecified cause — Acetonuria,L1_01,Infectious and Communicable Diseases,low
ICD-6,7900,Nervousness and debility — Nervousness,L1_05,Chronic Non-Communicable Diseases,low
ICD-6,7901,Nervousness and debility — Debility and undue fatigue,L1_05,Chronic Non-Communicable Diseases,low
ICD-6,7902,Nervousness and debility — Depression,L1_05,Chronic Non-Communicable Diseases,low
ICD-6,7910,Headache — Headache,L1_01,Infectious and Communicable Diseases,low
ICD-6,7920,Uraemia unqualified — Uraemia unqualified,L1_05,Chronic Non-Communicable Diseases,low
ICD-6,7930,"Observation, without need for further medical care — Mental",L1_10,"Ill-Defined, Administrative, and Other Causes",medium
ICD-6,7931,"Observation, without need for further medical care — Other specified",L1_10,"Ill-Defined, Administrative, and Other Causes",medium
ICD-6,7932,"Observation, without need for further medical care — Unspecified",L1_10,"Ill-Defined, Administrative, and Other Causes",medium
ICD-6,7940,Senility without mention of psychosis — Senility without mention of psychosis,L1_04,Later-Life Mortality,low
ICD-6,7950,Ill-defined and unknown causes of morbidity and mortality — Other ill-defined conditions,L1_10,"Ill-Defined, Administrative, and Other Causes",medium
ICD-6,7951,Ill-defined and unknown causes of morbidity and mortality — Malingering,L1_10,"Ill-Defined, Administrative, and Other Causes",medium
ICD-6,7952,Ill-defined and unknown causes of morbidity and mortality — Sudden death (cause unknown),L1_10,"Ill-Defined, Administrative, and Other Causes",high
ICD-6,7953,Ill-defined and unknown causes of morbidity and mortality — Found dead (cause unknown),L1_10,"Ill-Defined, Administrative, and Other Causes",high
ICD-6,7954,Ill-defined and unknown causes of morbidity and mortality — Died without sign of disease,L1_10,"Ill-Defined, Administrative, and Other Causes",medium
ICD-6,7955,"Ill-defined and unknown causes of morbidity and mortality — Other, unknown and unspecified causes",L1_10,"Ill-Defined, Administrative, and Other Causes",medium
ICD-6,8000,Railway accident involving railroad employee — Railway accident involving railroad employee,L1_07,Injury and Accidental Harm,medium
ICD-6,8010,Railway accident involving passenger — Railway accident involving passenger,L1_07,Injury and Accidental Harm,medium
ICD-6,8020,Railway accident involving other and unspecified person — Railway accident involving other and unspecified person,L1_07,Injury and Accidental Harm,medium
ICD-6,8100,"Motor vehicle traffic accident involving collision with railway train — Accident involving goods transport vehicle(s), but no other motor vehicle",L1_07,Injury and Accidental Harm,high
ICD-6,8101,Motor vehicle traffic accident involving collision with railway train — Accident involving goods transport vehicle and passenger motor vehicle,L1_07,Injury and Accidental Harm,high
ICD-6,8102,Motor vehicle traffic accident involving collision with railway train — Accident involving goods transport vehicle and motor bus,L1_07,Injury and Accidental Harm,high
ICD-6,8103,Motor vehicle traffic accident involving collision with railway train — Accident involving goods transport vehicle and unspecified motor vehicle,L1_07,Injury and Accidental Harm,high
ICD-6,8104,"Motor vehicle traffic accident involving collision with railway train — Accident involving passenger motor vehicle(s), but no other motor vehicle",L1_07,Injury and Accidental Harm,high
ICD-6,8105,Motor vehicle traffic accident involving collision with railway train — Accident involving passenger motor vehicle and motor bus,L1_07,Injury and Accidental Harm,high
ICD-6,8106,Motor vehicle traffic accident involving collision with railway train — Accident involving passenger motor vehicle and unspecified motor vehicle,L1_07,Injury and Accidental Harm,high
ICD-6,8107,"Motor vehicle traffic accident involving collision with railway train — Accident involving motor bus(es), but no other motor vehicle",L1_07,Injury and Accidental Harm,high
ICD-6,8108,Motor vehicle traffic accident involving collision with railway train — Accident involving motor bus and unspecified motor vehicle,L1_07,Injury and Accidental Harm,high
ICD-6,8109,Motor vehicle traffic accident involving collision with railway train — Accident involving unspecified motor vehicles,L1_07,Injury and Accidental Harm,high
ICD-6,8110,"Motor vehicle traffic accident involving collision with street car — Accident involving goods transport vehicle(s), but no other motor vehicle",L1_07,Injury and Accidental Harm,medium
ICD-6,8111,Motor vehicle traffic accident involving collision with street car — Accident involving goods transport vehicle and passenger motor vehicle,L1_07,Injury and Accidental Harm,medium
ICD-6,8112,Motor vehicle traffic accident involving collision with street car — Accident involving goods transport vehicle and motor bus,L1_07,Injury and Accidental Harm,medium
ICD-6,8113,Motor vehicle traffic accident involving collision with street car — Accident involving goods transport vehicle and unspecified motor vehicle,L1_07,Injury and Accidental Harm,medium
ICD-6,8114,"Motor vehicle traffic accident involving collision with street car — Accident involving passenger motor vehicle(s), but no other motor vehicle",L1_07,Injury and Accidental Harm,medium
ICD-6,8115,Motor vehicle traffic accident involving collision with street car — Accident involving passenger motor vehicle and motor bus,L1_07,Injury and Accidental Harm,medium
ICD-6,8116,Motor vehicle traffic accident involving collision with street car — Accident involving passenger motor vehicle and unspecified motor vehicle,L1_07,Injury and Accidental Harm,medium
ICD-6,8117,"Motor vehicle traffic accident involving collision with street car — Accident involving motor bus(es), but no other motor vehicle",L1_07,Injury and Accidental Harm,medium
ICD-6,8118,Motor vehicle traffic accident involving collision with street car — Accident involving motor bus and unspecified motor vehicle,L1_07,Injury and Accidental Harm,medium
ICD-6,8119,Motor vehicle traffic accident involving collision with street car — Accident involving unspecified motor vehicles,L1_07,Injury and Accidental Harm,medium
ICD-6,8120,"Motor vehicle traffic accident to pedestrian — Accident involving goods transport vehicle(s), but no other motor vehicle",L1_07,Injury and Accidental Harm,medium
ICD-6,8121,Motor vehicle traffic accident to pedestrian — Accident involving goods transport vehicle and passenger motor vehicle,L1_07,Injury and Accidental Harm,medium
ICD-6,8122,Motor vehicle traffic accident to pedestrian — Accident involving goods transport vehicle and motor bus,L1_07,Injury and Accidental Harm,medium
ICD-6,8123,Motor vehicle traffic accident to pedestrian — Accident involving goods transport vehicle and unspecified motor vehicle,L1_07,Injury and Accidental Harm,medium
ICD-6,8124,"Motor vehicle traffic accident to pedestrian — Accident involving passenger motor vehicle(s), but no other motor vehicle",L1_07,Injury and Accidental Harm,medium
ICD-6,8125,Motor vehicle traffic accident to pedestrian — Accident involving passenger motor vehicle and motor bus,L1_07,Injury and Accidental Harm,medium
ICD-6,8126,Motor vehicle traffic accident to pedestrian — Accident involving passenger motor vehicle and unspecified motor vehicle,L1_07,Injury and Accidental Harm,medium
ICD-6,8127,"Motor vehicle traffic accident to pedestrian — Accident involving motor bus(es), but no other motor vehicle",L1_07,Injury and Accidental Harm,medium
ICD-6,8128,Motor vehicle traffic accident to pedestrian — Accident involving motor bus and unspecified motor vehicle,L1_07,Injury and Accidental Harm,medium
ICD-6,8129,Motor vehicle traffic accident to pedestrian — Accident involving unspecified motor vehicles,L1_07,Injury and Accidental Harm,medium
ICD-6,8130,"Motor vehicle traffic accident to pedal cyclist — Accident involving goods transport vehicle(s), but no other motor vehicle",L1_07,Injury and Accidental Harm,medium
ICD-6,8131,Motor vehicle traffic accident to pedal cyclist — Accident involving goods transport vehicle and passenger motor vehicle,L1_07,Injury and Accidental Harm,medium
ICD-6,8132,Motor vehicle traffic accident to pedal cyclist — Accident involving goods transport vehicle and motor bus,L1_07,Injury and Accidental Harm,medium
ICD-6,8133,Motor vehicle traffic accident to pedal cyclist — Accident involving goods transport vehicle and unspecified motor vehicle,L1_07,Injury and Accidental Harm,medium
ICD-6,8134,"Motor vehicle traffic accident to pedal cyclist — Accident involving passenger motor vehicle(s), but no other motor vehicle",L1_07,Injury and Accidental Harm,medium
ICD-6,8135,Motor vehicle traffic accident to pedal cyclist — Accident involving passenger motor vehicle and motor bus,L1_07,Injury and Accidental Harm,medium
ICD-6,8136,Motor vehicle traffic accident to pedal cyclist — Accident involving passenger motor vehicle and unspecified motor vehicle,L1_07,Injury and Accidental Harm,medium
ICD-6,8137,"Motor vehicle traffic accident to pedal cyclist — Accident involving motor bus(es), but no other motor vehicle",L1_07,Injury and Accidental Harm,medium
ICD-6,8138,Motor vehicle traffic accident to pedal cyclist — Accident involving motor bus and unspecified motor vehicle,L1_07,Injury and Accidental Harm,medium
ICD-6,8139,Motor vehicle traffic accident to pedal cyclist — Accident involving unspecified motor vehicles,L1_07,Injury and Accidental Harm,medium
ICD-6,8140,"Motor vehicle traffic accident to rider or passenger of motorcycle, in collision with non-motor vehicle or object — Accident involving goods transport vehicle(s), but no other motor vehicle",L1_07,Injury and Accidental Harm,medium
ICD-6,8141,"Motor vehicle traffic accident to rider or passenger of motorcycle, in collision with non-motor vehicle or object — Accident involving goods transport vehicle and passenger motor vehicle",L1_07,Injury and Accidental Harm,medium
ICD-6,8142,"Motor vehicle traffic accident to rider or passenger of motorcycle, in collision with non-motor vehicle or object — Accident involving goods transport vehicle and motor bus",L1_07,Injury and Accidental Harm,medium
ICD-6,8143,"Motor vehicle traffic accident to rider or passenger of motorcycle, in collision with non-motor vehicle or object — Accident involving goods transport vehicle and unspecified motor vehicle",L1_07,Injury and Accidental Harm,medium
ICD-6,8144,"Motor vehicle traffic accident to rider or passenger of motorcycle, in collision with non-motor vehicle or object — Accident involving passenger motor vehicle(s), but no other motor vehicle",L1_07,Injury and Accidental Harm,medium
ICD-6,8145,"Motor vehicle traffic accident to rider or passenger of motorcycle, in collision with non-motor vehicle or object — Accident involving passenger motor vehicle and motor bus",L1_07,Injury and Accidental Harm,medium
ICD-6,8146,"Motor vehicle traffic accident to rider or passenger of motorcycle, in collision with non-motor vehicle or object — Accident involving passenger motor vehicle and unspecified motor vehicle",L1_07,Injury and Accidental Harm,medium
ICD-6,8147,"Motor vehicle traffic accident to rider or passenger of motorcycle, in collision with non-motor vehicle or object — Accident involving motor bus(es), but no other motor vehicle",L1_07,Injury and Accidental Harm,medium
ICD-6,8148,"Motor vehicle traffic accident to rider or passenger of motorcycle, in collision with non-motor vehicle or object — Accident involving motor bus and unspecified motor vehicle",L1_07,Injury and Accidental Harm,medium
ICD-6,8149,"Motor vehicle traffic accident to rider or passenger of motorcycle, in collision with non-motor vehicle or object — Accident involving unspecified motor vehicles",L1_07,Injury and Accidental Harm,medium
ICD-6,8150,"Motor vehicle traffic accident to rider or passenger of motorcycle in collison with other motor vehicle — Accident involving goods transport vehicle(s), but no other motor vehicle",L1_07,Injury and Accidental Harm,medium
ICD-6,8151,Motor vehicle traffic accident to rider or passenger of motorcycle in collison with other motor vehicle — Accident involving goods transport vehicle and passenger motor vehicle,L1_07,Injury and Accidental Harm,medium
ICD-6,8152,Motor vehicle traffic accident to rider or passenger of motorcycle in collison with other motor vehicle — Accident involving goods transport vehicle and motor bus,L1_07,Injury and Accidental Harm,medium
ICD-6,8153,Motor vehicle traffic accident to rider or passenger of motorcycle in collison with other motor vehicle — Accident involving goods transport vehicle and unspecified motor vehicle,L1_07,Injury and Accidental Harm,medium
ICD-6,8154,"Motor vehicle traffic accident to rider or passenger of motorcycle in collison with other motor vehicle — Accident involving passenger motor vehicle(s), but no other motor vehicle",L1_07,Injury and Accidental Harm,medium
ICD-6,8155,Motor vehicle traffic accident to rider or passenger of motorcycle in collison with other motor vehicle — Accident involving passenger motor vehicle and motor bus,L1_07,Injury and Accidental Harm,medium
ICD-6,8156,Motor vehicle traffic accident to rider or passenger of motorcycle in collison with other motor vehicle — Accident involving passenger motor vehicle and unspecified motor vehicle,L1_07,Injury and Accidental Harm,medium
ICD-6,8157,"Motor vehicle traffic accident to rider or passenger of motorcycle in collison with other motor vehicle — Accident involving motor bus(es), but no other motor vehicle",L1_07,Injury and Accidental Harm,medium
ICD-6,8158,Motor vehicle traffic accident to rider or passenger of motorcycle in collison with other motor vehicle — Accident involving motor bus and unspecified motor vehicle,L1_07,Injury and Accidental Harm,medium
ICD-6,8159,Motor vehicle traffic accident to rider or passenger of motorcycle in collison with other motor vehicle — Accident involving unspecified motor vehicles,L1_07,Injury and Accidental Harm,medium
ICD-6,8160,"Other motor vehicle traffic accident involving two or more motor vehicles — Accident involving goods transport vehicle(s), but no other motor vehicle",L1_07,Injury and Accidental Harm,medium
ICD-6,8161,Other motor vehicle traffic accident involving two or more motor vehicles — Accident involving goods transport vehicle and passenger motor vehicle,L1_07,Injury and Accidental Harm,medium
ICD-6,8162,Other motor vehicle traffic accident involving two or more motor vehicles — Accident involving goods transport vehicle and motor bus,L1_07,Injury and Accidental Harm,medium
ICD-6,8163,Other motor vehicle traffic accident involving two or more motor vehicles — Accident involving goods transport vehicle and unspecified motor vehicle,L1_07,Injury and Accidental Harm,medium
ICD-6,8164,"Other motor vehicle traffic accident involving two or more motor vehicles — Accident involving passenger motor vehicle(s), but no other motor vehicle",L1_07,Injury and Accidental Harm,medium
ICD-6,8165,Other motor vehicle traffic accident involving two or more motor vehicles — Accident involving passenger motor vehicle and motor bus,L1_07,Injury and Accidental Harm,medium
ICD-6,8166,Other motor vehicle traffic accident involving two or more motor vehicles — Accident involving passenger motor vehicle and unspecified motor vehicle,L1_07,Injury and Accidental Harm,medium
ICD-6,8167,"Other motor vehicle traffic accident involving two or more motor vehicles — Accident involving motor bus(es), but no other motor vehicle",L1_07,Injury and Accidental Harm,medium
ICD-6,8168,Other motor vehicle traffic accident involving two or more motor vehicles — Accident involving motor bus and unspecified motor vehicle,L1_07,Injury and Accidental Harm,medium
ICD-6,8169,Other motor vehicle traffic accident involving two or more motor vehicles — Accident involving unspecified motor vehicles,L1_07,Injury and Accidental Harm,medium
ICD-6,8170,"Motor vehicle traffic accident to occupant of motor vehicle in collision with pedestrian or pedal cycle — Accident involving goods transport vehicle(s), but no other motor vehicle",L1_07,Injury and Accidental Harm,medium
ICD-6,8171,Motor vehicle traffic accident to occupant of motor vehicle in collision with pedestrian or pedal cycle — Accident involving goods transport vehicle and passenger motor vehicle,L1_07,Injury and Accidental Harm,medium
ICD-6,8172,Motor vehicle traffic accident to occupant of motor vehicle in collision with pedestrian or pedal cycle — Accident involving goods transport vehicle and motor bus,L1_07,Injury and Accidental Harm,medium
ICD-6,8173,Motor vehicle traffic accident to occupant of motor vehicle in collision with pedestrian or pedal cycle — Accident involving goods transport vehicle and unspecified motor vehicle,L1_07,Injury and Accidental Harm,medium
ICD-6,8174,"Motor vehicle traffic accident to occupant of motor vehicle in collision with pedestrian or pedal cycle — Accident involving passenger motor vehicle(s), but no other motor vehicle",L1_07,Injury and Accidental Harm,medium
ICD-6,8175,Motor vehicle traffic accident to occupant of motor vehicle in collision with pedestrian or pedal cycle — Accident involving passenger motor vehicle and motor bus,L1_07,Injury and Accidental Harm,medium
ICD-6,8176,Motor vehicle traffic accident to occupant of motor vehicle in collision with pedestrian or pedal cycle — Accident involving passenger motor vehicle and unspecified motor vehicle,L1_07,Injury and Accidental Harm,medium
ICD-6,8177,"Motor vehicle traffic accident to occupant of motor vehicle in collision with pedestrian or pedal cycle — Accident involving motor bus(es), but no other motor vehicle",L1_07,Injury and Accidental Harm,medium
ICD-6,8178,Motor vehicle traffic accident to occupant of motor vehicle in collision with pedestrian or pedal cycle — Accident involving motor bus and unspecified motor vehicle,L1_07,Injury and Accidental Harm,medium
ICD-6,8179,Motor vehicle traffic accident to occupant of motor vehicle in collision with pedestrian or pedal cycle — Accident involving unspecified motor vehicles,L1_07,Injury and Accidental Harm,medium
ICD-6,8180,"Motor vehicle traffic accident involving collision with animal or animal-drawn vehicle — Accident involving goods transport vehicle(s), but no other motor vehicle",L1_07,Injury and Accidental Harm,medium
ICD-6,8181,Motor vehicle traffic accident involving collision with animal or animal-drawn vehicle — Accident involving goods transport vehicle and passenger motor vehicle,L1_07,Injury and Accidental Harm,medium
ICD-6,8182,Motor vehicle traffic accident involving collision with animal or animal-drawn vehicle — Accident involving goods transport vehicle and motor bus,L1_07,Injury and Accidental Harm,medium
ICD-6,8183,Motor vehicle traffic accident involving collision with animal or animal-drawn vehicle — Accident involving goods transport vehicle and unspecified motor vehicle,L1_07,Injury and Accidental Harm,medium
ICD-6,8184,"Motor vehicle traffic accident involving collision with animal or animal-drawn vehicle — Accident involving passenger motor vehicle(s), but no other motor vehicle",L1_07,Injury and Accidental Harm,medium
ICD-6,8185,Motor vehicle traffic accident involving collision with animal or animal-drawn vehicle — Accident involving passenger motor vehicle and motor bus,L1_07,Injury and Accidental Harm,medium
ICD-6,8186,Motor vehicle traffic accident involving collision with animal or animal-drawn vehicle — Accident involving passenger motor vehicle and unspecified motor vehicle,L1_07,Injury and Accidental Harm,medium
ICD-6,8187,"Motor vehicle traffic accident involving collision with animal or animal-drawn vehicle — Accident involving motor bus(es), but no other motor vehicle",L1_07,Injury and Accidental Harm,medium
ICD-6,8188,Motor vehicle traffic accident involving collision with animal or animal-drawn vehicle — Accident involving motor bus and unspecified motor vehicle,L1_07,Injury and Accidental Harm,medium
ICD-6,8189,Motor vehicle traffic accident involving collision with animal or animal-drawn vehicle — Accident involving unspecified motor vehicles,L1_07,Injury and Accidental Harm,medium
ICD-6,8190,"Motor vehicle traffic accident involving collision with fixed or unspecified object — Accident involving goods transport vehicle(s), but no other motor vehicle",L1_07,Injury and Accidental Harm,medium
ICD-6,8191,Motor vehicle traffic accident involving collision with fixed or unspecified object — Accident involving goods transport vehicle and passenger motor vehicle,L1_07,Injury and Accidental Harm,medium
ICD-6,8192,Motor vehicle traffic accident involving collision with fixed or unspecified object — Accident involving goods transport vehicle and motor bus,L1_07,Injury and Accidental Harm,medium
ICD-6,8193,Motor vehicle traffic accident involving collision with fixed or unspecified object — Accident involving goods transport vehicle and unspecified motor vehicle,L1_07,Injury and Accidental Harm,medium
ICD-6,8194,"Motor vehicle traffic accident involving collision with fixed or unspecified object — Accident involving passenger motor vehicle(s), but no other motor vehicle",L1_07,Injury and Accidental Harm,medium
ICD-6,8195,Motor vehicle traffic accident involving collision with fixed or unspecified object — Accident involving passenger motor vehicle and motor bus,L1_07,Injury and Accidental Harm,medium
ICD-6,8196,Motor vehicle traffic accident involving collision with fixed or unspecified object — Accident involving passenger motor vehicle and unspecified motor vehicle,L1_07,Injury and Accidental Harm,medium
ICD-6,8197,"Motor vehicle traffic accident involving collision with fixed or unspecified object — Accident involving motor bus(es), but no other motor vehicle",L1_07,Injury and Accidental Harm,medium
ICD-6,8198,Motor vehicle traffic accident involving collision with fixed or unspecified object — Accident involving motor bus and unspecified motor vehicle,L1_07,Injury and Accidental Harm,medium
ICD-6,8199,Motor vehicle traffic accident involving collision with fixed or unspecified object — Accident involving unspecified motor vehicles,L1_07,Injury and Accidental Harm,medium
ICD-6,8200,"Motor vehicle traffic accident while boarding and alighting — Accident involving goods transport vehicle(s), but no other motor vehicle",L1_07,Injury and Accidental Harm,medium
ICD-6,8201,Motor vehicle traffic accident while boarding and alighting — Accident involving goods transport vehicle and passenger motor vehicle,L1_07,Injury and Accidental Harm,medium
ICD-6,8202,Motor vehicle traffic accident while boarding and alighting — Accident involving goods transport vehicle and motor bus,L1_07,Injury and Accidental Harm,medium
ICD-6,8203,Motor vehicle traffic accident while boarding and alighting — Accident involving goods transport vehicle and unspecified motor vehicle,L1_07,Injury and Accidental Harm,medium
ICD-6,8204,"Motor vehicle traffic accident while boarding and alighting — Accident involving passenger motor vehicle(s), but no other motor vehicle",L1_07,Injury and Accidental Harm,medium
ICD-6,8205,Motor vehicle traffic accident while boarding and alighting — Accident involving passenger motor vehicle and motor bus,L1_07,Injury and Accidental Harm,medium
ICD-6,8206,Motor vehicle traffic accident while boarding and alighting — Accident involving passenger motor vehicle and unspecified motor vehicle,L1_07,Injury and Accidental Harm,medium
ICD-6,8207,"Motor vehicle traffic accident while boarding and alighting — Accident involving motor bus(es), but no other motor vehicle",L1_07,Injury and Accidental Harm,medium
ICD-6,8208,Motor vehicle traffic accident while boarding and alighting — Accident involving motor bus and unspecified motor vehicle,L1_07,Injury and Accidental Harm,medium
ICD-6,8209,Motor vehicle traffic accident while boarding and alighting — Accident involving unspecified motor vehicles,L1_07,Injury and Accidental Harm,medium
ICD-6,8210,"Motor vehicle traffic accident to rider of motorcycle not involving collsion — Accident involving goods transport vehicle(s), but no other motor vehicle",L1_07,Injury and Accidental Harm,medium
ICD-6,8211,Motor vehicle traffic accident to rider of motorcycle not involving collsion — Accident involving goods transport vehicle and passenger motor vehicle,L1_07,Injury and Accidental Harm,medium
ICD-6,8212,Motor vehicle traffic accident to rider of motorcycle not involving collsion — Accident involving goods transport vehicle and motor bus,L1_07,Injury and Accidental Harm,medium
ICD-6,8213,Motor vehicle traffic accident to rider of motorcycle not involving collsion — Accident involving goods transport vehicle and unspecified motor vehicle,L1_07,Injury and Accidental Harm,medium
ICD-6,8214,"Motor vehicle traffic accident to rider of motorcycle not involving collsion — Accident involving passenger motor vehicle(s), but no other motor vehicle",L1_07,Injury and Accidental Harm,medium
ICD-6,8215,Motor vehicle traffic accident to rider of motorcycle not involving collsion — Accident involving passenger motor vehicle and motor bus,L1_07,Injury and Accidental Harm,medium
ICD-6,8216,Motor vehicle traffic accident to rider of motorcycle not involving collsion — Accident involving passenger motor vehicle and unspecified motor vehicle,L1_07,Injury and Accidental Harm,medium
ICD-6,8217,"Motor vehicle traffic accident to rider of motorcycle not involving collsion — Accident involving motor bus(es), but no other motor vehicle",L1_07,Injury and Accidental Harm,medium
ICD-6,8218,Motor vehicle traffic accident to rider of motorcycle not involving collsion — Accident involving motor bus and unspecified motor vehicle,L1_07,Injury and Accidental Harm,medium
ICD-6,8219,Motor vehicle traffic accident to rider of motorcycle not involving collsion — Accident involving unspecified motor vehicles,L1_07,Injury and Accidental Harm,medium
ICD-6,8220,"Motor vehicle traffic accident involving overturning in roadway — Accident involving goods transport vehicle(s), but no other motor vehicle",L1_07,Injury and Accidental Harm,medium
ICD-6,8221,Motor vehicle traffic accident involving overturning in roadway — Accident involving goods transport vehicle and passenger motor vehicle,L1_07,Injury and Accidental Harm,medium
ICD-6,8222,Motor vehicle traffic accident involving overturning in roadway — Accident involving goods transport vehicle and motor bus,L1_07,Injury and Accidental Harm,medium
ICD-6,8223,Motor vehicle traffic accident involving overturning in roadway — Accident involving goods transport vehicle and unspecified motor vehicle,L1_07,Injury and Accidental Harm,medium
ICD-6,8224,"Motor vehicle traffic accident involving overturning in roadway — Accident involving passenger motor vehicle(s), but no other motor vehicle",L1_07,Injury and Accidental Harm,medium
ICD-6,8225,Motor vehicle traffic accident involving overturning in roadway — Accident involving passenger motor vehicle and motor bus,L1_07,Injury and Accidental Harm,medium
ICD-6,8226,Motor vehicle traffic accident involving overturning in roadway — Accident involving passenger motor vehicle and unspecified motor vehicle,L1_07,Injury and Accidental Harm,medium
ICD-6,8227,"Motor vehicle traffic accident involving overturning in roadway — Accident involving motor bus(es), but no other motor vehicle",L1_07,Injury and Accidental Harm,medium
ICD-6,8228,Motor vehicle traffic accident involving overturning in roadway — Accident involving motor bus and unspecified motor vehicle,L1_07,Injury and Accidental Harm,medium
ICD-6,8229,Motor vehicle traffic accident involving overturning in roadway — Accident involving unspecified motor vehicles,L1_07,Injury and Accidental Harm,medium
ICD-6,8230,"Motor vehicle traffic accident involving running off roadway — Accident involving goods transport vehicle(s), but no other motor vehicle",L1_07,Injury and Accidental Harm,medium
ICD-6,8231,Motor vehicle traffic accident involving running off roadway — Accident involving goods transport vehicle and passenger motor vehicle,L1_07,Injury and Accidental Harm,medium
ICD-6,8232,Motor vehicle traffic accident involving running off roadway — Accident involving goods transport vehicle and motor bus,L1_07,Injury and Accidental Harm,medium
ICD-6,8233,Motor vehicle traffic accident involving running off roadway — Accident involving goods transport vehicle and unspecified motor vehicle,L1_07,Injury and Accidental Harm,medium
ICD-6,8234,"Motor vehicle traffic accident involving running off roadway — Accident involving passenger motor vehicle(s), but no other motor vehicle",L1_07,Injury and Accidental Harm,medium
ICD-6,8235,Motor vehicle traffic accident involving running off roadway — Accident involving passenger motor vehicle and motor bus,L1_07,Injury and Accidental Harm,medium
ICD-6,8236,Motor vehicle traffic accident involving running off roadway — Accident involving passenger motor vehicle and unspecified motor vehicle,L1_07,Injury and Accidental Harm,medium
ICD-6,8237,"Motor vehicle traffic accident involving running off roadway — Accident involving motor bus(es), but no other motor vehicle",L1_07,Injury and Accidental Harm,medium
ICD-6,8238,Motor vehicle traffic accident involving running off roadway — Accident involving motor bus and unspecified motor vehicle,L1_07,Injury and Accidental Harm,medium
ICD-6,8239,Motor vehicle traffic accident involving running off roadway — Accident involving unspecified motor vehicles,L1_07,Injury and Accidental Harm,medium
ICD-6,8240,"Other non-collision motor vehicle traffic accident — Accident involving goods transport vehicle(s), but no other motor vehicle",L1_07,Injury and Accidental Harm,medium
ICD-6,8241,Other non-collision motor vehicle traffic accident — Accident involving goods transport vehicle and passenger motor vehicle,L1_07,Injury and Accidental Harm,medium
ICD-6,8242,Other non-collision motor vehicle traffic accident — Accident involving goods transport vehicle and motor bus,L1_07,Injury and Accidental Harm,medium
ICD-6,8243,Other non-collision motor vehicle traffic accident — Accident involving goods transport vehicle and unspecified motor vehicle,L1_07,Injury and Accidental Harm,medium
ICD-6,8244,"Other non-collision motor vehicle traffic accident — Accident involving passenger motor vehicle(s), but no other motor vehicle",L1_07,Injury and Accidental Harm,medium
ICD-6,8245,Other non-collision motor vehicle traffic accident — Accident involving passenger motor vehicle and motor bus,L1_07,Injury and Accidental Harm,medium
ICD-6,8246,Other non-collision motor vehicle traffic accident — Accident involving passenger motor vehicle and unspecified motor vehicle,L1_07,Injury and Accidental Harm,medium
ICD-6,8247,"Other non-collision motor vehicle traffic accident — Accident involving motor bus(es), but no other motor vehicle",L1_07,Injury and Accidental Harm,medium
ICD-6,8248,Other non-collision motor vehicle traffic accident — Accident involving motor bus and unspecified motor vehicle,L1_07,Injury and Accidental Harm,medium
ICD-6,8249,Other non-collision motor vehicle traffic accident — Accident involving unspecified motor vehicles,L1_07,Injury and Accidental Harm,medium
ICD-6,8250,"Motor vehicle traffic accident of unspecified nature — Accident involving goods transport vehicle(s), but no other motor vehicle",L1_07,Injury and Accidental Harm,medium
ICD-6,8251,Motor vehicle traffic accident of unspecified nature — Accident involving goods transport vehicle and passenger motor vehicle,L1_07,Injury and Accidental Harm,medium
ICD-6,8252,Motor vehicle traffic accident of unspecified nature — Accident involving goods transport vehicle and motor bus,L1_07,Injury and Accidental Harm,medium
ICD-6,8253,Motor vehicle traffic accident of unspecified nature — Accident involving goods transport vehicle and unspecified motor vehicle,L1_07,Injury and Accidental Harm,medium
ICD-6,8254,"Motor vehicle traffic accident of unspecified nature — Accident involving passenger motor vehicle(s), but no other motor vehicle",L1_07,Injury and Accidental Harm,medium
ICD-6,8255,Motor vehicle traffic accident of unspecified nature — Accident involving passenger motor vehicle and motor bus,L1_07,Injury and Accidental Harm,medium
ICD-6,8256,Motor vehicle traffic accident of unspecified nature — Accident involving passenger motor vehicle and unspecified motor vehicle,L1_07,Injury and Accidental Harm,medium
ICD-6,8257,"Motor vehicle traffic accident of unspecified nature — Accident involving motor bus(es), but no other motor vehicle",L1_07,Injury and Accidental Harm,medium
ICD-6,8258,Motor vehicle traffic accident of unspecified nature — Accident involving motor bus and unspecified motor vehicle,L1_07,Injury and Accidental Harm,medium
ICD-6,8259,Motor vehicle traffic accident of unspecified nature — Accident involving unspecified motor vehicles,L1_07,Injury and Accidental Harm,medium
ICD-6,8300,"Motor vehicle non-traffic accident to pedestrian — Accident involving goods transport vehicle(s), but no other motor vehicle",L1_07,Injury and Accidental Harm,medium
ICD-6,8301,Motor vehicle non-traffic accident to pedestrian — Accident involving goods transport vehicle and passenger motor vehicle,L1_07,Injury and Accidental Harm,medium
ICD-6,8302,Motor vehicle non-traffic accident to pedestrian — Accident involving goods transport vehicle and motor bus,L1_07,Injury and Accidental Harm,medium
ICD-6,8303,Motor vehicle non-traffic accident to pedestrian — Accident involving goods transport vehicle and unspecified motor vehicle,L1_07,Injury and Accidental Harm,medium
ICD-6,8304,"Motor vehicle non-traffic accident to pedestrian — Accident involving passenger motor vehicle(s), but no other motor vehicle",L1_07,Injury and Accidental Harm,medium
ICD-6,8305,Motor vehicle non-traffic accident to pedestrian — Accident involving passenger motor vehicle and motor bus,L1_07,Injury and Accidental Harm,medium
ICD-6,8306,Motor vehicle non-traffic accident to pedestrian — Accident involving passenger motor vehicle and unspecified motor vehicle,L1_07,Injury and Accidental Harm,medium
ICD-6,8307,"Motor vehicle non-traffic accident to pedestrian — Accident involving motor bus(es), but no other motor vehicle",L1_07,Injury and Accidental Harm,medium
ICD-6,8308,Motor vehicle non-traffic accident to pedestrian — Accident involving motor bus and unspecified motor vehicle,L1_07,Injury and Accidental Harm,medium
ICD-6,8309,Motor vehicle non-traffic accident to pedestrian — Accident involving unspecified motor vehicles,L1_07,Injury and Accidental Harm,medium
ICD-6,8310,"Motor vehicle non-traffic accident to pedal cyclist — Accident involving goods transport vehicle(s), but no other motor vehicle",L1_07,Injury and Accidental Harm,medium
ICD-6,8311,Motor vehicle non-traffic accident to pedal cyclist — Accident involving goods transport vehicle and passenger motor vehicle,L1_07,Injury and Accidental Harm,medium
ICD-6,8312,Motor vehicle non-traffic accident to pedal cyclist — Accident involving goods transport vehicle and motor bus,L1_07,Injury and Accidental Harm,medium
ICD-6,8313,Motor vehicle non-traffic accident to pedal cyclist — Accident involving goods transport vehicle and unspecified motor vehicle,L1_07,Injury and Accidental Harm,medium
ICD-6,8314,"Motor vehicle non-traffic accident to pedal cyclist — Accident involving passenger motor vehicle(s), but no other motor vehicle",L1_07,Injury and Accidental Harm,medium
ICD-6,8315,Motor vehicle non-traffic accident to pedal cyclist — Accident involving passenger motor vehicle and motor bus,L1_07,Injury and Accidental Harm,medium
ICD-6,8316,Motor vehicle non-traffic accident to pedal cyclist — Accident involving passenger motor vehicle and unspecified motor vehicle,L1_07,Injury and Accidental Harm,medium
ICD-6,8317,"Motor vehicle non-traffic accident to pedal cyclist — Accident involving motor bus(es), but no other motor vehicle",L1_07,Injury and Accidental Harm,medium
ICD-6,8318,Motor vehicle non-traffic accident to pedal cyclist — Accident involving motor bus and unspecified motor vehicle,L1_07,Injury and Accidental Harm,medium
ICD-6,8319,Motor vehicle non-traffic accident to pedal cyclist — Accident involving unspecified motor vehicles,L1_07,Injury and Accidental Harm,medium
ICD-6,8320,"Motor vehicle non-traffic accident to rider or passenger of motorcycle — Accident involving goods transport vehicle(s), but no other motor vehicle",L1_07,Injury and Accidental Harm,medium
ICD-6,8321,Motor vehicle non-traffic accident to rider or passenger of motorcycle — Accident involving goods transport vehicle and passenger motor vehicle,L1_07,Injury and Accidental Harm,medium
ICD-6,8322,Motor vehicle non-traffic accident to rider or passenger of motorcycle — Accident involving goods transport vehicle and motor bus,L1_07,Injury and Accidental Harm,medium
ICD-6,8323,Motor vehicle non-traffic accident to rider or passenger of motorcycle — Accident involving goods transport vehicle and unspecified motor vehicle,L1_07,Injury and Accidental Harm,medium
ICD-6,8324,"Motor vehicle non-traffic accident to rider or passenger of motorcycle — Accident involving passenger motor vehicle(s), but no other motor vehicle",L1_07,Injury and Accidental Harm,medium
ICD-6,8325,Motor vehicle non-traffic accident to rider or passenger of motorcycle — Accident involving passenger motor vehicle and motor bus,L1_07,Injury and Accidental Harm,medium
ICD-6,8326,Motor vehicle non-traffic accident to rider or passenger of motorcycle — Accident involving passenger motor vehicle and unspecified motor vehicle,L1_07,Injury and Accidental Harm,medium
ICD-6,8327,"Motor vehicle non-traffic accident to rider or passenger of motorcycle — Accident involving motor bus(es), but no other motor vehicle",L1_07,Injury and Accidental Harm,medium
ICD-6,8328,Motor vehicle non-traffic accident to rider or passenger of motorcycle — Accident involving motor bus and unspecified motor vehicle,L1_07,Injury and Accidental Harm,medium
ICD-6,8329,Motor vehicle non-traffic accident to rider or passenger of motorcycle — Accident involving unspecified motor vehicles,L1_07,Injury and Accidental Harm,medium
ICD-6,8330,"Other motor vehicle non-traffic accident involving two or more motor vehicles — Accident involving goods transport vehicle(s), but no other motor vehicle",L1_07,Injury and Accidental Harm,medium
ICD-6,8331,Other motor vehicle non-traffic accident involving two or more motor vehicles — Accident involving goods transport vehicle and passenger motor vehicle,L1_07,Injury and Accidental Harm,medium
ICD-6,8332,Other motor vehicle non-traffic accident involving two or more motor vehicles — Accident involving goods transport vehicle and motor bus,L1_07,Injury and Accidental Harm,medium
ICD-6,8333,Other motor vehicle non-traffic accident involving two or more motor vehicles — Accident involving goods transport vehicle and unspecified motor vehicle,L1_07,Injury and Accidental Harm,medium
ICD-6,8334,"Other motor vehicle non-traffic accident involving two or more motor vehicles — Accident involving passenger motor vehicle(s), but no other motor vehicle",L1_07,Injury and Accidental Harm,medium
ICD-6,8335,Other motor vehicle non-traffic accident involving two or more motor vehicles — Accident involving passenger motor vehicle and motor bus,L1_07,Injury and Accidental Harm,medium
ICD-6,8336,Other motor vehicle non-traffic accident involving two or more motor vehicles — Accident involving passenger motor vehicle and unspecified motor vehicle,L1_07,Injury and Accidental Harm,medium
ICD-6,8337,"Other motor vehicle non-traffic accident involving two or more motor vehicles — Accident involving motor bus(es), but no other motor vehicle",L1_07,Injury and Accidental Harm,medium
ICD-6,8338,Other motor vehicle non-traffic accident involving two or more motor vehicles — Accident involving motor bus and unspecified motor vehicle,L1_07,Injury and Accidental Harm,medium
ICD-6,8339,Other motor vehicle non-traffic accident involving two or more motor vehicles — Accident involving unspecified motor vehicles,L1_07,Injury and Accidental Harm,medium
ICD-6,8340,"Motor vehicle non-traffic accident while boarding and alighting — Accident involving goods transport vehicle(s), but no other motor vehicle",L1_07,Injury and Accidental Harm,medium
ICD-6,8341,Motor vehicle non-traffic accident while boarding and alighting — Accident involving goods transport vehicle and passenger motor vehicle,L1_07,Injury and Accidental Harm,medium
ICD-6,8342,Motor vehicle non-traffic accident while boarding and alighting — Accident involving goods transport vehicle and motor bus,L1_07,Injury and Accidental Harm,medium
ICD-6,8343,Motor vehicle non-traffic accident while boarding and alighting — Accident involving goods transport vehicle and unspecified motor vehicle,L1_07,Injury and Accidental Harm,medium
ICD-6,8344,"Motor vehicle non-traffic accident while boarding and alighting — Accident involving passenger motor vehicle(s), but no other motor vehicle",L1_07,Injury and Accidental Harm,medium
ICD-6,8345,Motor vehicle non-traffic accident while boarding and alighting — Accident involving passenger motor vehicle and motor bus,L1_07,Injury and Accidental Harm,medium
ICD-6,8346,Motor vehicle non-traffic accident while boarding and alighting — Accident involving passenger motor vehicle and unspecified motor vehicle,L1_07,Injury and Accidental Harm,medium
ICD-6,8347,"Motor vehicle non-traffic accident while boarding and alighting — Accident involving motor bus(es), but no other motor vehicle",L1_07,Injury and Accidental Harm,medium
ICD-6,8348,Motor vehicle non-traffic accident while boarding and alighting — Accident involving motor bus and unspecified motor vehicle,L1_07,Injury and Accidental Harm,medium
ICD-6,8349,Motor vehicle non-traffic accident while boarding and alighting — Accident involving unspecified motor vehicles,L1_07,Injury and Accidental Harm,medium
ICD-6,8350,"Motor vehicle non-traffic accident of other and unspecified nature — Accident involving goods transport vehicle(s), but no other motor vehicle",L1_07,Injury and Accidental Harm,medium
ICD-6,8351,Motor vehicle non-traffic accident of other and unspecified nature — Accident involving goods transport vehicle and passenger motor vehicle,L1_07,Injury and Accidental Harm,medium
ICD-6,8352,Motor vehicle non-traffic accident of other and unspecified nature — Accident involving goods transport vehicle and motor bus,L1_07,Injury and Accidental Harm,medium
ICD-6,8353,Motor vehicle non-traffic accident of other and unspecified nature — Accident involving goods transport vehicle and unspecified motor vehicle,L1_07,Injury and Accidental Harm,medium
ICD-6,8354,"Motor vehicle non-traffic accident of other and unspecified nature — Accident involving passenger motor vehicle(s), but no other motor vehicle",L1_07,Injury and Accidental Harm,medium
ICD-6,8355,Motor vehicle non-traffic accident of other and unspecified nature — Accident involving passenger motor vehicle and motor bus,L1_07,Injury and Accidental Harm,medium
ICD-6,8356,Motor vehicle non-traffic accident of other and unspecified nature — Accident involving passenger motor vehicle and unspecified motor vehicle,L1_07,Injury and Accidental Harm,medium
ICD-6,8357,"Motor vehicle non-traffic accident of other and unspecified nature — Accident involving motor bus(es), but no other motor vehicle",L1_07,Injury and Accidental Harm,medium
ICD-6,8358,Motor vehicle non-traffic accident of other and unspecified nature — Accident involving motor bus and unspecified motor vehicle,L1_07,Injury and Accidental Harm,medium
ICD-6,8359,Motor vehicle non-traffic accident of other and unspecified nature — Accident involving unspecified motor vehicles,L1_07,Injury and Accidental Harm,medium
ICD-6,8400,Street car accident to pedestrian — Street car accident to pedestrian,L1_07,Injury and Accidental Harm,low
ICD-6,8410,"Other street car accident, except collision with motor vehicle — Other street car accident, except collision with motor vehicle",L1_07,Injury and Accidental Harm,medium
ICD-6,8420,Accident to pedestrian caused by pedal cycle — Accident to pedestrian caused by pedal cycle,L1_07,Injury and Accidental Harm,low
ICD-6,8430,Accident to rider of pedal cycle not involving collision with motor vehicle — Accident to rider of pedal cycle not involving collision with motor vehicle,L1_07,Injury and Accidental Harm,medium
ICD-6,8440,Accident to pedestrian caused by other non-motor road vehicle — Accident to pedestrian caused by other non-motor road vehicle,L1_07,Injury and Accidental Harm,medium
ICD-6,8450,Other non-motor road vehicle accidents — Other non-motor road vehicle accidents,L1_07,Injury and Accidental Harm,medium
ICD-6,8500,Submersion of occupant of small boat — Submersion of occupant of small boat,L1_01,Infectious and Communicable Diseases,low
ICD-6,8510,Other water transport injury by submersion — Other water transport injury by submersion,L1_07,Injury and Accidental Harm,low
ICD-6,8520,Fall on stairs and ladders in water transport — Fall on stairs and ladders in water transport,L1_07,Injury and Accidental Harm,medium
ICD-6,8530,Other falls from one level to another in water transport — Other falls from one level to another in water transport,L1_07,Injury and Accidental Harm,medium
ICD-6,8540,Falls on same level in water transport — Falls on same level in water transport,L1_07,Injury and Accidental Harm,medium
ICD-6,8550,Unspecified falls in water transport — Unspecified falls in water transport,L1_07,Injury and Accidental Harm,medium
ICD-6,8560,Machinery accident in water transport — Machinery accident in water transport,L1_07,Injury and Accidental Harm,medium
ICD-6,8570,Other specific accidents in water transport — Other specific accidents in water transport,L1_07,Injury and Accidental Harm,low
ICD-6,8580,Water transport accident of unspecified cause — Water transport accident of unspecified cause,L1_07,Injury and Accidental Harm,low
ICD-6,8600,Accident to personnel in military aircraft — Accident to personnel in military aircraft,L1_07,Injury and Accidental Harm,low
ICD-6,8610,"Injury to occupant by accident to commercial ""transport"" aircraft — Injury to occupant by accident to commercial ""transport"" aircraft",L1_07,Injury and Accidental Harm,medium
ICD-6,8620,"Other injury in commercial ""transport"" aircraft — Other injury in commercial ""transport"" aircraft",L1_07,Injury and Accidental Harm,low
ICD-6,8630,Injury to occupant by accident to other aircraft — Injury to occupant by accident to other aircraft,L1_07,Injury and Accidental Harm,medium
ICD-6,8640,Aircraft accident at airfield to person not in aircraft — Aircraft accident at airfield to person not in aircraft,L1_07,Injury and Accidental Harm,low
ICD-6,8650,Aircraft accident elsewhere to person not in aircraft — Aircraft accident elsewhere to person not in aircraft,L1_07,Injury and Accidental Harm,low
ICD-6,8660,Other and unspecified aircraft accidents — Other and unspecified aircraft accidents,L1_07,Injury and Accidental Harm,low
ICD-6,8700,Accidental poisoning by morphine and other opium derivaties — Home (including home premises and any noninstitutional place of residence),L1_09,Self-Harm and Substance Use,low
ICD-6,8701,"Accidental poisoning by morphine and other opium derivaties — Farm (including buildings and land under cultivation, but excluding farm home and home premises)",L1_09,Self-Harm and Substance Use,low
ICD-6,8702,Accidental poisoning by morphine and other opium derivaties — Mine and quarry,L1_09,Self-Harm and Substance Use,low
ICD-6,8703,Accidental poisoning by morphine and other opium derivaties — Industrial place and premises,L1_09,Self-Harm and Substance Use,low
ICD-6,8704,Accidental poisoning by morphine and other opium derivaties — Place for recreation and sport,L1_09,Self-Harm and Substance Use,low
ICD-6,8705,Accidental poisoning by morphine and other opium derivaties — Street and highway,L1_09,Self-Harm and Substance Use,low
ICD-6,8706,Accidental poisoning by morphine and other opium derivaties — Public building,L1_09,Self-Harm and Substance Use,low
ICD-6,8707,Accidental poisoning by morphine and other opium derivaties — Resident institution,L1_09,Self-Harm and Substance Use,low
ICD-6,8708,Accidental poisoning by morphine and other opium derivaties — Other specified places,L1_09,Self-Harm and Substance Use,low
ICD-6,8709,Accidental poisoning by morphine and other opium derivaties — Place not specified,L1_09,Self-Harm and Substance Use,low
ICD-6,8710,Accidental poisoning by barbituric acid and deriviatives — Home (including home premises and any noninstitutional place of residence),L1_07,Injury and Accidental Harm,medium
ICD-6,8711,"Accidental poisoning by barbituric acid and deriviatives — Farm (including buildings and land under cultivation, but excluding farm home and home premises)",L1_07,Injury and Accidental Harm,medium
ICD-6,8712,Accidental poisoning by barbituric acid and deriviatives — Mine and quarry,L1_07,Injury and Accidental Harm,medium
ICD-6,8713,Accidental poisoning by barbituric acid and deriviatives — Industrial place and premises,L1_07,Injury and Accidental Harm,medium
ICD-6,8714,Accidental poisoning by barbituric acid and deriviatives — Place for recreation and sport,L1_07,Injury and Accidental Harm,medium
ICD-6,8715,Accidental poisoning by barbituric acid and deriviatives — Street and highway,L1_07,Injury and Accidental Harm,medium
ICD-6,8716,Accidental poisoning by barbituric acid and deriviatives — Public building,L1_07,Injury and Accidental Harm,medium
ICD-6,8717,Accidental poisoning by barbituric acid and deriviatives — Resident institution,L1_07,Injury and Accidental Harm,medium
ICD-6,8718,Accidental poisoning by barbituric acid and deriviatives — Other specified places,L1_07,Injury and Accidental Harm,medium
ICD-6,8719,Accidental poisoning by barbituric acid and deriviatives — Place not specified,L1_07,Injury and Accidental Harm,medium
ICD-6,8720,Accidental poisoning by aspirin and salicylates — Home (including home premises and any noninstitutional place of residence),L1_07,Injury and Accidental Harm,medium
ICD-6,8721,"Accidental poisoning by aspirin and salicylates — Farm (including buildings and land under cultivation, but excluding farm home and home premises)",L1_07,Injury and Accidental Harm,medium
ICD-6,8722,Accidental poisoning by aspirin and salicylates — Mine and quarry,L1_07,Injury and Accidental Harm,medium
ICD-6,8723,Accidental poisoning by aspirin and salicylates — Industrial place and premises,L1_07,Injury and Accidental Harm,medium
ICD-6,8724,Accidental poisoning by aspirin and salicylates — Place for recreation and sport,L1_07,Injury and Accidental Harm,medium
ICD-6,8725,Accidental poisoning by aspirin and salicylates — Street and highway,L1_07,Injury and Accidental Harm,medium
ICD-6,8726,Accidental poisoning by aspirin and salicylates — Public building,L1_07,Injury and Accidental Harm,medium
ICD-6,8727,Accidental poisoning by aspirin and salicylates — Resident institution,L1_07,Injury and Accidental Harm,medium
ICD-6,8728,Accidental poisoning by aspirin and salicylates — Other specified places,L1_07,Injury and Accidental Harm,medium
ICD-6,8729,Accidental poisoning by aspirin and salicylates — Place not specified,L1_07,Injury and Accidental Harm,medium
ICD-6,8730,Accidental poisoning by bromides — Home (including home premises and any noninstitutional place of residence),L1_07,Injury and Accidental Harm,medium
ICD-6,8731,"Accidental poisoning by bromides — Farm (including buildings and land under cultivation, but excluding farm home and home premises)",L1_07,Injury and Accidental Harm,medium
ICD-6,8732,Accidental poisoning by bromides — Mine and quarry,L1_07,Injury and Accidental Harm,medium
ICD-6,8733,Accidental poisoning by bromides — Industrial place and premises,L1_07,Injury and Accidental Harm,medium
ICD-6,8734,Accidental poisoning by bromides — Place for recreation and sport,L1_07,Injury and Accidental Harm,medium
ICD-6,8735,Accidental poisoning by bromides — Street and highway,L1_07,Injury and Accidental Harm,medium
ICD-6,8736,Accidental poisoning by bromides — Public building,L1_07,Injury and Accidental Harm,medium
ICD-6,8737,Accidental poisoning by bromides — Resident institution,L1_07,Injury and Accidental Harm,medium
ICD-6,8738,Accidental poisoning by bromides — Other specified places,L1_07,Injury and Accidental Harm,medium
ICD-6,8739,Accidental poisoning by bromides — Place not specified,L1_07,Injury and Accidental Harm,medium
ICD-6,8740,Accidental poisoning by other analgesic and soporific drugs — Home (including home premises and any noninstitutional place of residence),L1_07,Injury and Accidental Harm,medium
ICD-6,8741,"Accidental poisoning by other analgesic and soporific drugs — Farm (including buildings and land under cultivation, but excluding farm home and home premises)",L1_07,Injury and Accidental Harm,medium
ICD-6,8742,Accidental poisoning by other analgesic and soporific drugs — Mine and quarry,L1_07,Injury and Accidental Harm,medium
ICD-6,8743,Accidental poisoning by other analgesic and soporific drugs — Industrial place and premises,L1_07,Injury and Accidental Harm,medium
ICD-6,8744,Accidental poisoning by other analgesic and soporific drugs — Place for recreation and sport,L1_07,Injury and Accidental Harm,medium
ICD-6,8745,Accidental poisoning by other analgesic and soporific drugs — Street and highway,L1_07,Injury and Accidental Harm,medium
ICD-6,8746,Accidental poisoning by other analgesic and soporific drugs — Public building,L1_07,Injury and Accidental Harm,medium
ICD-6,8747,Accidental poisoning by other analgesic and soporific drugs — Resident institution,L1_07,Injury and Accidental Harm,medium
ICD-6,8748,Accidental poisoning by other analgesic and soporific drugs — Other specified places,L1_07,Injury and Accidental Harm,medium
ICD-6,8749,Accidental poisoning by other analgesic and soporific drugs — Place not specified,L1_07,Injury and Accidental Harm,medium
ICD-6,8750,Accidental poisoning by sulfonamides — Home (including home premises and any noninstitutional place of residence),L1_07,Injury and Accidental Harm,medium
ICD-6,8751,"Accidental poisoning by sulfonamides — Farm (including buildings and land under cultivation, but excluding farm home and home premises)",L1_07,Injury and Accidental Harm,medium
ICD-6,8752,Accidental poisoning by sulfonamides — Mine and quarry,L1_07,Injury and Accidental Harm,medium
ICD-6,8753,Accidental poisoning by sulfonamides — Industrial place and premises,L1_07,Injury and Accidental Harm,medium
ICD-6,8754,Accidental poisoning by sulfonamides — Place for recreation and sport,L1_07,Injury and Accidental Harm,medium
ICD-6,8755,Accidental poisoning by sulfonamides — Street and highway,L1_07,Injury and Accidental Harm,medium
ICD-6,8756,Accidental poisoning by sulfonamides — Public building,L1_07,Injury and Accidental Harm,medium
ICD-6,8757,Accidental poisoning by sulfonamides — Resident institution,L1_07,Injury and Accidental Harm,medium
ICD-6,8758,Accidental poisoning by sulfonamides — Other specified places,L1_07,Injury and Accidental Harm,medium
ICD-6,8759,Accidental poisoning by sulfonamides — Place not specified,L1_07,Injury and Accidental Harm,medium
ICD-6,8760,Accidental poisoning by strychnine — Home (including home premises and any noninstitutional place of residence),L1_07,Injury and Accidental Harm,medium
ICD-6,8761,"Accidental poisoning by strychnine — Farm (including buildings and land under cultivation, but excluding farm home and home premises)",L1_07,Injury and Accidental Harm,medium
ICD-6,8762,Accidental poisoning by strychnine — Mine and quarry,L1_07,Injury and Accidental Harm,medium
ICD-6,8763,Accidental poisoning by strychnine — Industrial place and premises,L1_07,Injury and Accidental Harm,medium
ICD-6,8764,Accidental poisoning by strychnine — Place for recreation and sport,L1_07,Injury and Accidental Harm,medium
ICD-6,8765,Accidental poisoning by strychnine — Street and highway,L1_07,Injury and Accidental Harm,medium
ICD-6,8766,Accidental poisoning by strychnine — Public building,L1_07,Injury and Accidental Harm,medium
ICD-6,8767,Accidental poisoning by strychnine — Resident institution,L1_07,Injury and Accidental Harm,medium
ICD-6,8768,Accidental poisoning by strychnine — Other specified places,L1_07,Injury and Accidental Harm,medium
ICD-6,8769,Accidental poisoning by strychnine — Place not specified,L1_07,Injury and Accidental Harm,medium
ICD-6,8770,"Accidental poisoning by belladonna, hyoscine and atropine — Home (including home premises and any noninstitutional place of residence)",L1_07,Injury and Accidental Harm,medium
ICD-6,8771,"Accidental poisoning by belladonna, hyoscine and atropine — Farm (including buildings and land under cultivation, but excluding farm home and home premises)",L1_07,Injury and Accidental Harm,medium
ICD-6,8772,"Accidental poisoning by belladonna, hyoscine and atropine — Mine and quarry",L1_07,Injury and Accidental Harm,medium
ICD-6,8773,"Accidental poisoning by belladonna, hyoscine and atropine — Industrial place and premises",L1_07,Injury and Accidental Harm,medium
ICD-6,8774,"Accidental poisoning by belladonna, hyoscine and atropine — Place for recreation and sport",L1_07,Injury and Accidental Harm,medium
ICD-6,8775,"Accidental poisoning by belladonna, hyoscine and atropine — Street and highway",L1_07,Injury and Accidental Harm,medium
ICD-6,8776,"Accidental poisoning by belladonna, hyoscine and atropine — Public building",L1_07,Injury and Accidental Harm,medium
ICD-6,8777,"Accidental poisoning by belladonna, hyoscine and atropine — Resident institution",L1_07,Injury and Accidental Harm,medium
ICD-6,8778,"Accidental poisoning by belladonna, hyoscine and atropine — Other specified places",L1_07,Injury and Accidental Harm,medium
ICD-6,8779,"Accidental poisoning by belladonna, hyoscine and atropine — Place not specified",L1_07,Injury and Accidental Harm,medium
ICD-6,8780,Accidental poisoning by other and unspecified drugs — Home (including home premises and any noninstitutional place of residence),L1_07,Injury and Accidental Harm,medium
ICD-6,8781,"Accidental poisoning by other and unspecified drugs — Farm (including buildings and land under cultivation, but excluding farm home and home premises)",L1_07,Injury and Accidental Harm,medium
ICD-6,8782,Accidental poisoning by other and unspecified drugs — Mine and quarry,L1_07,Injury and Accidental Harm,medium
ICD-6,8783,Accidental poisoning by other and unspecified drugs — Industrial place and premises,L1_07,Injury and Accidental Harm,medium
ICD-6,8784,Accidental poisoning by other and unspecified drugs — Place for recreation and sport,L1_07,Injury and Accidental Harm,medium
ICD-6,8785,Accidental poisoning by other and unspecified drugs — Street and highway,L1_07,Injury and Accidental Harm,medium
ICD-6,8786,Accidental poisoning by other and unspecified drugs — Public building,L1_07,Injury and Accidental Harm,medium
ICD-6,8787,Accidental poisoning by other and unspecified drugs — Resident institution,L1_07,Injury and Accidental Harm,medium
ICD-6,8788,Accidental poisoning by other and unspecified drugs — Other specified places,L1_07,Injury and Accidental Harm,medium
ICD-6,8789,Accidental poisoning by other and unspecified drugs — Place not specified,L1_07,Injury and Accidental Harm,medium
ICD-6,8790,Accidental poisoning by noxious foodstuffs — Home (including home premises and any noninstitutional place of residence),L1_07,Injury and Accidental Harm,medium
ICD-6,8791,"Accidental poisoning by noxious foodstuffs — Farm (including buildings and land under cultivation, but excluding farm home and home premises)",L1_07,Injury and Accidental Harm,medium
ICD-6,8792,Accidental poisoning by noxious foodstuffs — Mine and quarry,L1_07,Injury and Accidental Harm,medium
ICD-6,8793,Accidental poisoning by noxious foodstuffs — Industrial place and premises,L1_07,Injury and Accidental Harm,medium
ICD-6,8794,Accidental poisoning by noxious foodstuffs — Place for recreation and sport,L1_07,Injury and Accidental Harm,medium
ICD-6,8795,Accidental poisoning by noxious foodstuffs — Street and highway,L1_07,Injury and Accidental Harm,medium
ICD-6,8796,Accidental poisoning by noxious foodstuffs — Public building,L1_07,Injury and Accidental Harm,medium
ICD-6,8797,Accidental poisoning by noxious foodstuffs — Resident institution,L1_07,Injury and Accidental Harm,medium
ICD-6,8798,Accidental poisoning by noxious foodstuffs — Other specified places,L1_07,Injury and Accidental Harm,medium
ICD-6,8799,Accidental poisoning by noxious foodstuffs — Place not specified,L1_07,Injury and Accidental Harm,medium
ICD-6,8800,Accidental poisoning by alcohol — Home (including home premises and any noninstitutional place of residence),L1_07,Injury and Accidental Harm,medium
ICD-6,8801,"Accidental poisoning by alcohol — Farm (including buildings and land under cultivation, but excluding farm home and home premises)",L1_07,Injury and Accidental Harm,medium
ICD-6,8802,Accidental poisoning by alcohol — Mine and quarry,L1_07,Injury and Accidental Harm,medium
ICD-6,8803,Accidental poisoning by alcohol — Industrial place and premises,L1_07,Injury and Accidental Harm,medium
ICD-6,8804,Accidental poisoning by alcohol — Place for recreation and sport,L1_07,Injury and Accidental Harm,medium
ICD-6,8805,Accidental poisoning by alcohol — Street and highway,L1_07,Injury and Accidental Harm,medium
ICD-6,8806,Accidental poisoning by alcohol — Public building,L1_07,Injury and Accidental Harm,medium
ICD-6,8807,Accidental poisoning by alcohol — Resident institution,L1_07,Injury and Accidental Harm,medium
ICD-6,8808,Accidental poisoning by alcohol — Other specified places,L1_07,Injury and Accidental Harm,medium
ICD-6,8809,Accidental poisoning by alcohol — Place not specified,L1_07,Injury and Accidental Harm,medium
ICD-6,8810,Accidental poisoning by petroleum products — Home (including home premises and any noninstitutional place of residence),L1_07,Injury and Accidental Harm,medium
ICD-6,8811,"Accidental poisoning by petroleum products — Farm (including buildings and land under cultivation, but excluding farm home and home premises)",L1_07,Injury and Accidental Harm,medium
ICD-6,8812,Accidental poisoning by petroleum products — Mine and quarry,L1_07,Injury and Accidental Harm,medium
ICD-6,8813,Accidental poisoning by petroleum products — Industrial place and premises,L1_07,Injury and Accidental Harm,medium
ICD-6,8814,Accidental poisoning by petroleum products — Place for recreation and sport,L1_07,Injury and Accidental Harm,medium
ICD-6,8815,Accidental poisoning by petroleum products — Street and highway,L1_07,Injury and Accidental Harm,medium
ICD-6,8816,Accidental poisoning by petroleum products — Public building,L1_07,Injury and Accidental Harm,medium
ICD-6,8817,Accidental poisoning by petroleum products — Resident institution,L1_07,Injury and Accidental Harm,medium
ICD-6,8818,Accidental poisoning by petroleum products — Other specified places,L1_07,Injury and Accidental Harm,medium
ICD-6,8819,Accidental poisoning by petroleum products — Place not specified,L1_07,Injury and Accidental Harm,medium
ICD-6,8820,Accidental poisoning by industrial solvents — Home (including home premises and any noninstitutional place of residence),L1_07,Injury and Accidental Harm,medium
ICD-6,8821,"Accidental poisoning by industrial solvents — Farm (including buildings and land under cultivation, but excluding farm home and home premises)",L1_07,Injury and Accidental Harm,medium
ICD-6,8822,Accidental poisoning by industrial solvents — Mine and quarry,L1_07,Injury and Accidental Harm,medium
ICD-6,8823,Accidental poisoning by industrial solvents — Industrial place and premises,L1_07,Injury and Accidental Harm,medium
ICD-6,8824,Accidental poisoning by industrial solvents — Place for recreation and sport,L1_07,Injury and Accidental Harm,medium
ICD-6,8825,Accidental poisoning by industrial solvents — Street and highway,L1_07,Injury and Accidental Harm,medium
ICD-6,8826,Accidental poisoning by industrial solvents — Public building,L1_07,Injury and Accidental Harm,medium
ICD-6,8827,Accidental poisoning by industrial solvents — Resident institution,L1_07,Injury and Accidental Harm,medium
ICD-6,8828,Accidental poisoning by industrial solvents — Other specified places,L1_07,Injury and Accidental Harm,medium
ICD-6,8829,Accidental poisoning by industrial solvents — Place not specified,L1_07,Injury and Accidental Harm,medium
ICD-6,8830,"Accidental poisoning by corrosive aromatics, acids, and caustic alkalis — Home (including home premises and any noninstitutional place of residence)",L1_07,Injury and Accidental Harm,medium
ICD-6,8831,"Accidental poisoning by corrosive aromatics, acids, and caustic alkalis — Farm (including buildings and land under cultivation, but excluding farm home and home premises)",L1_07,Injury and Accidental Harm,medium
ICD-6,8832,"Accidental poisoning by corrosive aromatics, acids, and caustic alkalis — Mine and quarry",L1_07,Injury and Accidental Harm,medium
ICD-6,8833,"Accidental poisoning by corrosive aromatics, acids, and caustic alkalis — Industrial place and premises",L1_07,Injury and Accidental Harm,medium
ICD-6,8834,"Accidental poisoning by corrosive aromatics, acids, and caustic alkalis — Place for recreation and sport",L1_07,Injury and Accidental Harm,medium
ICD-6,8835,"Accidental poisoning by corrosive aromatics, acids, and caustic alkalis — Street and highway",L1_07,Injury and Accidental Harm,medium
ICD-6,8836,"Accidental poisoning by corrosive aromatics, acids, and caustic alkalis — Public building",L1_07,Injury and Accidental Harm,medium
ICD-6,8837,"Accidental poisoning by corrosive aromatics, acids, and caustic alkalis — Resident institution",L1_07,Injury and Accidental Harm,medium
ICD-6,8838,"Accidental poisoning by corrosive aromatics, acids, and caustic alkalis — Other specified places",L1_07,Injury and Accidental Harm,medium
ICD-6,8839,"Accidental poisoning by corrosive aromatics, acids, and caustic alkalis — Place not specified",L1_07,Injury and Accidental Harm,medium
ICD-6,8840,Accidental poisoning by mercury and its compounds — Home (including home premises and any noninstitutional place of residence),L1_07,Injury and Accidental Harm,medium
ICD-6,8841,"Accidental poisoning by mercury and its compounds — Farm (including buildings and land under cultivation, but excluding farm home and home premises)",L1_07,Injury and Accidental Harm,medium
ICD-6,8842,Accidental poisoning by mercury and its compounds — Mine and quarry,L1_07,Injury and Accidental Harm,medium
ICD-6,8843,Accidental poisoning by mercury and its compounds — Industrial place and premises,L1_07,Injury and Accidental Harm,medium
ICD-6,8844,Accidental poisoning by mercury and its compounds — Place for recreation and sport,L1_07,Injury and Accidental Harm,medium
ICD-6,8845,Accidental poisoning by mercury and its compounds — Street and highway,L1_07,Injury and Accidental Harm,medium
ICD-6,8846,Accidental poisoning by mercury and its compounds — Public building,L1_07,Injury and Accidental Harm,medium
ICD-6,8847,Accidental poisoning by mercury and its compounds — Resident institution,L1_07,Injury and Accidental Harm,medium
ICD-6,8848,Accidental poisoning by mercury and its compounds — Other specified places,L1_07,Injury and Accidental Harm,medium
ICD-6,8849,Accidental poisoning by mercury and its compounds — Place not specified,L1_07,Injury and Accidental Harm,medium
ICD-6,8850,Accidental poisoning by lead and its compounds — Home (including home premises and any noninstitutional place of residence),L1_07,Injury and Accidental Harm,medium
ICD-6,8851,"Accidental poisoning by lead and its compounds — Farm (including buildings and land under cultivation, but excluding farm home and home premises)",L1_07,Injury and Accidental Harm,medium
ICD-6,8852,Accidental poisoning by lead and its compounds — Mine and quarry,L1_07,Injury and Accidental Harm,medium
ICD-6,8853,Accidental poisoning by lead and its compounds — Industrial place and premises,L1_07,Injury and Accidental Harm,medium
ICD-6,8854,Accidental poisoning by lead and its compounds — Place for recreation and sport,L1_07,Injury and Accidental Harm,medium
ICD-6,8855,Accidental poisoning by lead and its compounds — Street and highway,L1_07,Injury and Accidental Harm,medium
ICD-6,8856,Accidental poisoning by lead and its compounds — Public building,L1_07,Injury and Accidental Harm,medium
ICD-6,8857,Accidental poisoning by lead and its compounds — Resident institution,L1_07,Injury and Accidental Harm,medium
ICD-6,8858,Accidental poisoning by lead and its compounds — Other specified places,L1_07,Injury and Accidental Harm,medium
ICD-6,8859,Accidental poisoning by lead and its compounds — Place not specified,L1_07,Injury and Accidental Harm,medium
ICD-6,8860,"Accidental poisoning by arsenic and antimony, and their compounds — Home (including home premises and any noninstitutional place of residence)",L1_07,Injury and Accidental Harm,medium
ICD-6,8861,"Accidental poisoning by arsenic and antimony, and their compounds — Farm (including buildings and land under cultivation, but excluding farm home and home premises)",L1_07,Injury and Accidental Harm,medium
ICD-6,8862,"Accidental poisoning by arsenic and antimony, and their compounds — Mine and quarry",L1_07,Injury and Accidental Harm,medium
ICD-6,8863,"Accidental poisoning by arsenic and antimony, and their compounds — Industrial place and premises",L1_07,Injury and Accidental Harm,medium
ICD-6,8864,"Accidental poisoning by arsenic and antimony, and their compounds — Place for recreation and sport",L1_07,Injury and Accidental Harm,medium
ICD-6,8865,"Accidental poisoning by arsenic and antimony, and their compounds — Street and highway",L1_07,Injury and Accidental Harm,medium
ICD-6,8866,"Accidental poisoning by arsenic and antimony, and their compounds — Public building",L1_07,Injury and Accidental Harm,medium
ICD-6,8867,"Accidental poisoning by arsenic and antimony, and their compounds — Resident institution",L1_07,Injury and Accidental Harm,medium
ICD-6,8868,"Accidental poisoning by arsenic and antimony, and their compounds — Other specified places",L1_07,Injury and Accidental Harm,medium
ICD-6,8869,"Accidental poisoning by arsenic and antimony, and their compounds — Place not specified",L1_07,Injury and Accidental Harm,medium
ICD-6,8870,Accidental poisoning by fluorides — Home (including home premises and any noninstitutional place of residence),L1_07,Injury and Accidental Harm,medium
ICD-6,8871,"Accidental poisoning by fluorides — Farm (including buildings and land under cultivation, but excluding farm home and home premises)",L1_07,Injury and Accidental Harm,medium
ICD-6,8872,Accidental poisoning by fluorides — Mine and quarry,L1_07,Injury and Accidental Harm,medium
ICD-6,8873,Accidental poisoning by fluorides — Industrial place and premises,L1_07,Injury and Accidental Harm,medium
ICD-6,8874,Accidental poisoning by fluorides — Place for recreation and sport,L1_07,Injury and Accidental Harm,medium
ICD-6,8875,Accidental poisoning by fluorides — Street and highway,L1_07,Injury and Accidental Harm,medium
ICD-6,8876,Accidental poisoning by fluorides — Public building,L1_07,Injury and Accidental Harm,medium
ICD-6,8877,Accidental poisoning by fluorides — Resident institution,L1_07,Injury and Accidental Harm,medium
ICD-6,8878,Accidental poisoning by fluorides — Other specified places,L1_07,Injury and Accidental Harm,medium
ICD-6,8879,Accidental poisoning by fluorides — Place not specified,L1_07,Injury and Accidental Harm,medium
ICD-6,8880,Accidental poisoning by other and unspecified solid and liquid substances — Home (including home premises and any noninstitutional place of residence),L1_07,Injury and Accidental Harm,medium
ICD-6,8881,"Accidental poisoning by other and unspecified solid and liquid substances — Farm (including buildings and land under cultivation, but excluding farm home and home premises)",L1_07,Injury and Accidental Harm,medium
ICD-6,8882,Accidental poisoning by other and unspecified solid and liquid substances — Mine and quarry,L1_07,Injury and Accidental Harm,medium
ICD-6,8883,Accidental poisoning by other and unspecified solid and liquid substances — Industrial place and premises,L1_07,Injury and Accidental Harm,medium
ICD-6,8884,Accidental poisoning by other and unspecified solid and liquid substances — Place for recreation and sport,L1_07,Injury and Accidental Harm,medium
ICD-6,8885,Accidental poisoning by other and unspecified solid and liquid substances — Street and highway,L1_07,Injury and Accidental Harm,medium
ICD-6,8886,Accidental poisoning by other and unspecified solid and liquid substances — Public building,L1_07,Injury and Accidental Harm,medium
ICD-6,8887,Accidental poisoning by other and unspecified solid and liquid substances — Resident institution,L1_07,Injury and Accidental Harm,medium
ICD-6,8888,Accidental poisoning by other and unspecified solid and liquid substances — Other specified places,L1_07,Injury and Accidental Harm,medium
ICD-6,8889,Accidental poisoning by other and unspecified solid and liquid substances — Place not specified,L1_07,Injury and Accidental Harm,medium
ICD-6,8900,Accidental poisoning by utility (illuminating) gas — Home (including home premises and any noninstitutional place of residence),L1_07,Injury and Accidental Harm,medium
ICD-6,8901,"Accidental poisoning by utility (illuminating) gas — Farm (including buildings and land under cultivation, but excluding farm home and home premises)",L1_07,Injury and Accidental Harm,medium
ICD-6,8902,Accidental poisoning by utility (illuminating) gas — Mine and quarry,L1_07,Injury and Accidental Harm,medium
ICD-6,8903,Accidental poisoning by utility (illuminating) gas — Industrial place and premises,L1_07,Injury and Accidental Harm,medium
ICD-6,8904,Accidental poisoning by utility (illuminating) gas — Place for recreation and sport,L1_07,Injury and Accidental Harm,medium
ICD-6,8905,Accidental poisoning by utility (illuminating) gas — Street and highway,L1_07,Injury and Accidental Harm,medium
ICD-6,8906,Accidental poisoning by utility (illuminating) gas — Public building,L1_07,Injury and Accidental Harm,medium
ICD-6,8907,Accidental poisoning by utility (illuminating) gas — Resident institution,L1_07,Injury and Accidental Harm,medium
ICD-6,8908,Accidental poisoning by utility (illuminating) gas — Other specified places,L1_07,Injury and Accidental Harm,medium
ICD-6,8909,Accidental poisoning by utility (illuminating) gas — Place not specified,L1_07,Injury and Accidental Harm,medium
ICD-6,8910,Accidental poisoning by motor vehicle exhaust gas — Home (including home premises and any noninstitutional place of residence),L1_07,Injury and Accidental Harm,high
ICD-6,8911,"Accidental poisoning by motor vehicle exhaust gas — Farm (including buildings and land under cultivation, but excluding farm home and home premises)",L1_07,Injury and Accidental Harm,high
ICD-6,8912,Accidental poisoning by motor vehicle exhaust gas — Mine and quarry,L1_07,Injury and Accidental Harm,high
ICD-6,8913,Accidental poisoning by motor vehicle exhaust gas — Industrial place and premises,L1_07,Injury and Accidental Harm,high
ICD-6,8914,Accidental poisoning by motor vehicle exhaust gas — Place for recreation and sport,L1_07,Injury and Accidental Harm,high
ICD-6,8915,Accidental poisoning by motor vehicle exhaust gas — Street and highway,L1_07,Injury and Accidental Harm,high
ICD-6,8916,Accidental poisoning by motor vehicle exhaust gas — Public building,L1_07,Injury and Accidental Harm,high
ICD-6,8917,Accidental poisoning by motor vehicle exhaust gas — Resident institution,L1_07,Injury and Accidental Harm,high
ICD-6,8918,Accidental poisoning by motor vehicle exhaust gas — Other specified places,L1_07,Injury and Accidental Harm,high
ICD-6,8919,Accidental poisoning by motor vehicle exhaust gas — Place not specified,L1_07,Injury and Accidental Harm,high
ICD-6,8920,Accidental poisoning by other carbon monoxide gas — Home (including home premises and any noninstitutional place of residence),L1_07,Injury and Accidental Harm,medium
ICD-6,8921,"Accidental poisoning by other carbon monoxide gas — Farm (including buildings and land under cultivation, but excluding farm home and home premises)",L1_07,Injury and Accidental Harm,medium
ICD-6,8922,Accidental poisoning by other carbon monoxide gas — Mine and quarry,L1_07,Injury and Accidental Harm,medium
ICD-6,8923,Accidental poisoning by other carbon monoxide gas — Industrial place and premises,L1_07,Injury and Accidental Harm,medium
ICD-6,8924,Accidental poisoning by other carbon monoxide gas — Place for recreation and sport,L1_07,Injury and Accidental Harm,medium
ICD-6,8925,Accidental poisoning by other carbon monoxide gas — Street and highway,L1_07,Injury and Accidental Harm,medium
ICD-6,8926,Accidental poisoning by other carbon monoxide gas — Public building,L1_07,Injury and Accidental Harm,medium
ICD-6,8927,Accidental poisoning by other carbon monoxide gas — Resident institution,L1_07,Injury and Accidental Harm,medium
ICD-6,8928,Accidental poisoning by other carbon monoxide gas — Other specified places,L1_07,Injury and Accidental Harm,medium
ICD-6,8929,Accidental poisoning by other carbon monoxide gas — Place not specified,L1_07,Injury and Accidental Harm,medium
ICD-6,8930,Accidental poisoning by cyanide gas — Home (including home premises and any noninstitutional place of residence),L1_07,Injury and Accidental Harm,medium
ICD-6,8931,"Accidental poisoning by cyanide gas — Farm (including buildings and land under cultivation, but excluding farm home and home premises)",L1_07,Injury and Accidental Harm,medium
ICD-6,8932,Accidental poisoning by cyanide gas — Mine and quarry,L1_07,Injury and Accidental Harm,medium
ICD-6,8933,Accidental poisoning by cyanide gas — Industrial place and premises,L1_07,Injury and Accidental Harm,medium
ICD-6,8934,Accidental poisoning by cyanide gas — Place for recreation and sport,L1_07,Injury and Accidental Harm,medium
ICD-6,8935,Accidental poisoning by cyanide gas — Street and highway,L1_07,Injury and Accidental Harm,medium
ICD-6,8936,Accidental poisoning by cyanide gas — Public building,L1_07,Injury and Accidental Harm,medium
ICD-6,8937,Accidental poisoning by cyanide gas — Resident institution,L1_07,Injury and Accidental Harm,medium
ICD-6,8938,Accidental poisoning by cyanide gas — Other specified places,L1_07,Injury and Accidental Harm,medium
ICD-6,8939,Accidental poisoning by cyanide gas — Place not specified,L1_07,Injury and Accidental Harm,medium
ICD-6,8940,Accidental poisoning by other specified gases and vapours — Home (including home premises and any noninstitutional place of residence),L1_07,Injury and Accidental Harm,medium
ICD-6,8941,"Accidental poisoning by other specified gases and vapours — Farm (including buildings and land under cultivation, but excluding farm home and home premises)",L1_07,Injury and Accidental Harm,medium
ICD-6,8942,Accidental poisoning by other specified gases and vapours — Mine and quarry,L1_07,Injury and Accidental Harm,medium
ICD-6,8943,Accidental poisoning by other specified gases and vapours — Industrial place and premises,L1_07,Injury and Accidental Harm,medium
ICD-6,8944,Accidental poisoning by other specified gases and vapours — Place for recreation and sport,L1_07,Injury and Accidental Harm,medium
ICD-6,8945,Accidental poisoning by other specified gases and vapours — Street and highway,L1_07,Injury and Accidental Harm,medium
ICD-6,8946,Accidental poisoning by other specified gases and vapours — Public building,L1_07,Injury and Accidental Harm,medium
ICD-6,8947,Accidental poisoning by other specified gases and vapours — Resident institution,L1_07,Injury and Accidental Harm,medium
ICD-6,8948,Accidental poisoning by other specified gases and vapours — Other specified places,L1_07,Injury and Accidental Harm,medium
ICD-6,8949,Accidental poisoning by other specified gases and vapours — Place not specified,L1_07,Injury and Accidental Harm,medium
ICD-6,8950,Accidental poisoning by unspecified gases and vapours — Home (including home premises and any noninstitutional place of residence),L1_07,Injury and Accidental Harm,medium
ICD-6,8951,"Accidental poisoning by unspecified gases and vapours — Farm (including buildings and land under cultivation, but excluding farm home and home premises)",L1_07,Injury and Accidental Harm,medium
ICD-6,8952,Accidental poisoning by unspecified gases and vapours — Mine and quarry,L1_07,Injury and Accidental Harm,medium
ICD-6,8953,Accidental poisoning by unspecified gases and vapours — Industrial place and premises,L1_07,Injury and Accidental Harm,medium
ICD-6,8954,Accidental poisoning by unspecified gases and vapours — Place for recreation and sport,L1_07,Injury and Accidental Harm,medium
ICD-6,8955,Accidental poisoning by unspecified gases and vapours — Street and highway,L1_07,Injury and Accidental Harm,medium
ICD-6,8956,Accidental poisoning by unspecified gases and vapours — Public building,L1_07,Injury and Accidental Harm,medium
ICD-6,8957,Accidental poisoning by unspecified gases and vapours — Resident institution,L1_07,Injury and Accidental Harm,medium
ICD-6,8958,Accidental poisoning by unspecified gases and vapours — Other specified places,L1_07,Injury and Accidental Harm,medium
ICD-6,8959,Accidental poisoning by unspecified gases and vapours — Place not specified,L1_07,Injury and Accidental Harm,medium
ICD-6,9000,Fall on stairs — Home (including home premises and any noninstitutional place of residence),L1_07,Injury and Accidental Harm,medium
ICD-6,9001,"Fall on stairs — Farm (including buildings and land under cultivation, but excluding farm home and home premises)",L1_07,Injury and Accidental Harm,medium
ICD-6,9002,Fall on stairs — Mine and quarry,L1_07,Injury and Accidental Harm,medium
ICD-6,9003,Fall on stairs — Industrial place and premises,L1_07,Injury and Accidental Harm,medium
ICD-6,9004,Fall on stairs — Place for recreation and sport,L1_07,Injury and Accidental Harm,medium
ICD-6,9005,Fall on stairs — Street and highway,L1_07,Injury and Accidental Harm,medium
ICD-6,9006,Fall on stairs — Public building,L1_07,Injury and Accidental Harm,medium
ICD-6,9007,Fall on stairs — Resident institution,L1_07,Injury and Accidental Harm,medium
ICD-6,9008,Fall on stairs — Other specified places,L1_07,Injury and Accidental Harm,medium
ICD-6,9009,Fall on stairs — Place not specified,L1_07,Injury and Accidental Harm,medium
ICD-6,9010,Fall from ladders — Home (including home premises and any noninstitutional place of residence),L1_07,Injury and Accidental Harm,medium
ICD-6,9011,"Fall from ladders — Farm (including buildings and land under cultivation, but excluding farm home and home premises)",L1_07,Injury and Accidental Harm,medium
ICD-6,9012,Fall from ladders — Mine and quarry,L1_07,Injury and Accidental Harm,medium
ICD-6,9013,Fall from ladders — Industrial place and premises,L1_07,Injury and Accidental Harm,medium
ICD-6,9014,Fall from ladders — Place for recreation and sport,L1_07,Injury and Accidental Harm,medium
ICD-6,9015,Fall from ladders — Street and highway,L1_07,Injury and Accidental Harm,medium
ICD-6,9016,Fall from ladders — Public building,L1_07,Injury and Accidental Harm,medium
ICD-6,9017,Fall from ladders — Resident institution,L1_07,Injury and Accidental Harm,medium
ICD-6,9018,Fall from ladders — Other specified places,L1_07,Injury and Accidental Harm,medium
ICD-6,9019,Fall from ladders — Place not specified,L1_07,Injury and Accidental Harm,medium
ICD-6,9020,Other falls from one level to another — Home (including home premises and any noninstitutional place of residence),L1_07,Injury and Accidental Harm,medium
ICD-6,9021,"Other falls from one level to another — Farm (including buildings and land under cultivation, but excluding farm home and home premises)",L1_07,Injury and Accidental Harm,medium
ICD-6,9022,Other falls from one level to another — Mine and quarry,L1_07,Injury and Accidental Harm,medium
ICD-6,9023,Other falls from one level to another — Industrial place and premises,L1_07,Injury and Accidental Harm,medium
ICD-6,9024,Other falls from one level to another — Place for recreation and sport,L1_07,Injury and Accidental Harm,medium
ICD-6,9025,Other falls from one level to another — Street and highway,L1_07,Injury and Accidental Harm,medium
ICD-6,9026,Other falls from one level to another — Public building,L1_07,Injury and Accidental Harm,medium
ICD-6,9027,Other falls from one level to another — Resident institution,L1_07,Injury and Accidental Harm,medium
ICD-6,9028,Other falls from one level to another — Other specified places,L1_07,Injury and Accidental Harm,medium
ICD-6,9029,Other falls from one level to another — Place not specified,L1_07,Injury and Accidental Harm,medium
ICD-6,9030,Fall on same level — Home (including home premises and any noninstitutional place of residence),L1_07,Injury and Accidental Harm,medium
ICD-6,9031,"Fall on same level — Farm (including buildings and land under cultivation, but excluding farm home and home premises)",L1_07,Injury and Accidental Harm,medium
ICD-6,9032,Fall on same level — Mine and quarry,L1_07,Injury and Accidental Harm,medium
ICD-6,9033,Fall on same level — Industrial place and premises,L1_07,Injury and Accidental Harm,medium
ICD-6,9034,Fall on same level — Place for recreation and sport,L1_07,Injury and Accidental Harm,medium
ICD-6,9035,Fall on same level — Street and highway,L1_07,Injury and Accidental Harm,medium
ICD-6,9036,Fall on same level — Public building,L1_07,Injury and Accidental Harm,medium
ICD-6,9037,Fall on same level — Resident institution,L1_07,Injury and Accidental Harm,medium
ICD-6,9038,Fall on same level — Other specified places,L1_07,Injury and Accidental Harm,medium
ICD-6,9039,Fall on same level — Place not specified,L1_07,Injury and Accidental Harm,medium
ICD-6,9040,Unspecified falls — Home (including home premises and any noninstitutional place of residence),L1_07,Injury and Accidental Harm,medium
ICD-6,9041,"Unspecified falls — Farm (including buildings and land under cultivation, but excluding farm home and home premises)",L1_07,Injury and Accidental Harm,medium
ICD-6,9042,Unspecified falls — Mine and quarry,L1_07,Injury and Accidental Harm,medium
ICD-6,9043,Unspecified falls — Industrial place and premises,L1_07,Injury and Accidental Harm,medium
ICD-6,9044,Unspecified falls — Place for recreation and sport,L1_07,Injury and Accidental Harm,medium
ICD-6,9045,Unspecified falls — Street and highway,L1_07,Injury and Accidental Harm,medium
ICD-6,9046,Unspecified falls — Public building,L1_07,Injury and Accidental Harm,medium
ICD-6,9047,Unspecified falls — Resident institution,L1_07,Injury and Accidental Harm,medium
ICD-6,9048,Unspecified falls — Other specified places,L1_07,Injury and Accidental Harm,medium
ICD-6,9049,Unspecified falls — Place not specified,L1_07,Injury and Accidental Harm,medium
ICD-6,9100,Blow from falling on object — Home (including home premises and any noninstitutional place of residence),L1_01,Infectious and Communicable Diseases,low
ICD-6,9101,"Blow from falling on object — Farm (including buildings and land under cultivation, but excluding farm home and home premises)",L1_01,Infectious and Communicable Diseases,low
ICD-6,9102,Blow from falling on object — Mine and quarry,L1_01,Infectious and Communicable Diseases,low
ICD-6,9103,Blow from falling on object — Industrial place and premises,L1_06,Respiratory and Environmental Disease,low
ICD-6,9104,Blow from falling on object — Place for recreation and sport,L1_01,Infectious and Communicable Diseases,low
ICD-6,9105,Blow from falling on object — Street and highway,L1_01,Infectious and Communicable Diseases,low
ICD-6,9106,Blow from falling on object — Public building,L1_01,Infectious and Communicable Diseases,low
ICD-6,9107,Blow from falling on object — Resident institution,L1_01,Infectious and Communicable Diseases,low
ICD-6,9108,Blow from falling on object — Other specified places,L1_01,Infectious and Communicable Diseases,low
ICD-6,9109,Blow from falling on object — Place not specified,L1_10,"Ill-Defined, Administrative, and Other Causes",low
ICD-6,9110,Accident caused by vehicle — Home (including home premises and any noninstitutional place of residence),L1_07,Injury and Accidental Harm,medium
ICD-6,9111,"Accident caused by vehicle — Farm (including buildings and land under cultivation, but excluding farm home and home premises)",L1_07,Injury and Accidental Harm,medium
ICD-6,9112,Accident caused by vehicle — Mine and quarry,L1_07,Injury and Accidental Harm,medium
ICD-6,9113,Accident caused by vehicle — Industrial place and premises,L1_07,Injury and Accidental Harm,medium
ICD-6,9114,Accident caused by vehicle — Place for recreation and sport,L1_07,Injury and Accidental Harm,medium
ICD-6,9115,Accident caused by vehicle — Street and highway,L1_07,Injury and Accidental Harm,medium
ICD-6,9116,Accident caused by vehicle — Public building,L1_07,Injury and Accidental Harm,medium
ICD-6,9117,Accident caused by vehicle — Resident institution,L1_07,Injury and Accidental Harm,medium
ICD-6,9118,Accident caused by vehicle — Other specified places,L1_07,Injury and Accidental Harm,medium
ICD-6,9119,Accident caused by vehicle — Place not specified,L1_07,Injury and Accidental Harm,medium
ICD-6,9120,Accident caused by machinery — Home (including home premises and any noninstitutional place of residence),L1_07,Injury and Accidental Harm,medium
ICD-6,9121,"Accident caused by machinery — Farm (including buildings and land under cultivation, but excluding farm home and home premises)",L1_07,Injury and Accidental Harm,medium
ICD-6,9122,Accident caused by machinery — Mine and quarry,L1_07,Injury and Accidental Harm,medium
ICD-6,9123,Accident caused by machinery — Industrial place and premises,L1_07,Injury and Accidental Harm,medium
ICD-6,9124,Accident caused by machinery — Place for recreation and sport,L1_07,Injury and Accidental Harm,medium
ICD-6,9125,Accident caused by machinery — Street and highway,L1_07,Injury and Accidental Harm,medium
ICD-6,9126,Accident caused by machinery — Public building,L1_07,Injury and Accidental Harm,medium
ICD-6,9127,Accident caused by machinery — Resident institution,L1_07,Injury and Accidental Harm,medium
ICD-6,9128,Accident caused by machinery — Other specified places,L1_07,Injury and Accidental Harm,medium
ICD-6,9129,Accident caused by machinery — Place not specified,L1_07,Injury and Accidental Harm,medium
ICD-6,9130,Accident caused by cutting and piercing instruments — Home (including home premises and any noninstitutional place of residence),L1_07,Injury and Accidental Harm,low
ICD-6,9131,"Accident caused by cutting and piercing instruments — Farm (including buildings and land under cultivation, but excluding farm home and home premises)",L1_07,Injury and Accidental Harm,low
ICD-6,9132,Accident caused by cutting and piercing instruments — Mine and quarry,L1_07,Injury and Accidental Harm,low
ICD-6,9133,Accident caused by cutting and piercing instruments — Industrial place and premises,L1_06,Respiratory and Environmental Disease,low
ICD-6,9134,Accident caused by cutting and piercing instruments — Place for recreation and sport,L1_07,Injury and Accidental Harm,low
ICD-6,9135,Accident caused by cutting and piercing instruments — Street and highway,L1_07,Injury and Accidental Harm,low
ICD-6,9136,Accident caused by cutting and piercing instruments — Public building,L1_07,Injury and Accidental Harm,low
ICD-6,9137,Accident caused by cutting and piercing instruments — Resident institution,L1_07,Injury and Accidental Harm,low
ICD-6,9138,Accident caused by cutting and piercing instruments — Other specified places,L1_07,Injury and Accidental Harm,low
ICD-6,9139,Accident caused by cutting and piercing instruments — Place not specified,L1_07,Injury and Accidental Harm,low
ICD-6,9140,Accident caused by electric current — Home (including home premises and any noninstitutional place of residence),L1_07,Injury and Accidental Harm,low
ICD-6,9141,"Accident caused by electric current — Farm (including buildings and land under cultivation, but excluding farm home and home premises)",L1_07,Injury and Accidental Harm,low
ICD-6,9142,Accident caused by electric current — Mine and quarry,L1_07,Injury and Accidental Harm,low
ICD-6,9143,Accident caused by electric current — Industrial place and premises,L1_06,Respiratory and Environmental Disease,low
ICD-6,9144,Accident caused by electric current — Place for recreation and sport,L1_07,Injury and Accidental Harm,low
ICD-6,9145,Accident caused by electric current — Street and highway,L1_07,Injury and Accidental Harm,low
ICD-6,9146,Accident caused by electric current — Public building,L1_07,Injury and Accidental Harm,low
ICD-6,9147,Accident caused by electric current — Resident institution,L1_07,Injury and Accidental Harm,low
ICD-6,9148,Accident caused by electric current — Other specified places,L1_07,Injury and Accidental Harm,low
ICD-6,9149,Accident caused by electric current — Place not specified,L1_07,Injury and Accidental Harm,low
ICD-6,9150,Accident caused by explosion of pressure vessel — Home (including home premises and any noninstitutional place of residence),L1_07,Injury and Accidental Harm,low
ICD-6,9151,"Accident caused by explosion of pressure vessel — Farm (including buildings and land under cultivation, but excluding farm home and home premises)",L1_07,Injury and Accidental Harm,low
ICD-6,9152,Accident caused by explosion of pressure vessel — Mine and quarry,L1_07,Injury and Accidental Harm,low
ICD-6,9153,Accident caused by explosion of pressure vessel — Industrial place and premises,L1_06,Respiratory and Environmental Disease,low
ICD-6,9154,Accident caused by explosion of pressure vessel — Place for recreation and sport,L1_07,Injury and Accidental Harm,low
ICD-6,9155,Accident caused by explosion of pressure vessel — Street and highway,L1_07,Injury and Accidental Harm,low
ICD-6,9156,Accident caused by explosion of pressure vessel — Public building,L1_07,Injury and Accidental Harm,low
ICD-6,9157,Accident caused by explosion of pressure vessel — Resident institution,L1_07,Injury and Accidental Harm,low
ICD-6,9158,Accident caused by explosion of pressure vessel — Other specified places,L1_07,Injury and Accidental Harm,low
ICD-6,9159,Accident caused by explosion of pressure vessel — Place not specified,L1_07,Injury and Accidental Harm,low
ICD-6,9160,Accident caused by fire and explosion of combustible material — Home (including home premises and any noninstitutional place of residence),L1_07,Injury and Accidental Harm,low
ICD-6,9161,"Accident caused by fire and explosion of combustible material — Farm (including buildings and land under cultivation, but excluding farm home and home premises)",L1_07,Injury and Accidental Harm,low
ICD-6,9162,Accident caused by fire and explosion of combustible material — Mine and quarry,L1_07,Injury and Accidental Harm,low
ICD-6,9163,Accident caused by fire and explosion of combustible material — Industrial place and premises,L1_06,Respiratory and Environmental Disease,low
ICD-6,9164,Accident caused by fire and explosion of combustible material — Place for recreation and sport,L1_07,Injury and Accidental Harm,low
ICD-6,9165,Accident caused by fire and explosion of combustible material — Street and highway,L1_07,Injury and Accidental Harm,low
ICD-6,9166,Accident caused by fire and explosion of combustible material — Public building,L1_07,Injury and Accidental Harm,low
ICD-6,9167,Accident caused by fire and explosion of combustible material — Resident institution,L1_07,Injury and Accidental Harm,low
ICD-6,9168,Accident caused by fire and explosion of combustible material — Other specified places,L1_07,Injury and Accidental Harm,low
ICD-6,9169,Accident caused by fire and explosion of combustible material — Place not specified,L1_07,Injury and Accidental Harm,low
ICD-6,9170,"Accident caused by hot substance, corrosive liquid, and steam — Home (including home premises and any noninstitutional place of residence)",L1_07,Injury and Accidental Harm,low
ICD-6,9171,"Accident caused by hot substance, corrosive liquid, and steam — Farm (including buildings and land under cultivation, but excluding farm home and home premises)",L1_07,Injury and Accidental Harm,low
ICD-6,9172,"Accident caused by hot substance, corrosive liquid, and steam — Mine and quarry",L1_07,Injury and Accidental Harm,low
ICD-6,9173,"Accident caused by hot substance, corrosive liquid, and steam — Industrial place and premises",L1_06,Respiratory and Environmental Disease,low
ICD-6,9174,"Accident caused by hot substance, corrosive liquid, and steam — Place for recreation and sport",L1_07,Injury and Accidental Harm,low
ICD-6,9175,"Accident caused by hot substance, corrosive liquid, and steam — Street and highway",L1_07,Injury and Accidental Harm,low
ICD-6,9176,"Accident caused by hot substance, corrosive liquid, and steam — Public building",L1_07,Injury and Accidental Harm,low
ICD-6,9177,"Accident caused by hot substance, corrosive liquid, and steam — Resident institution",L1_07,Injury and Accidental Harm,low
ICD-6,9178,"Accident caused by hot substance, corrosive liquid, and steam — Other specified places",L1_07,Injury and Accidental Harm,low
ICD-6,9179,"Accident caused by hot substance, corrosive liquid, and steam — Place not specified",L1_07,Injury and Accidental Harm,low
ICD-6,9180,Accident caused by radiation — Home (including home premises and any noninstitutional place of residence),L1_07,Injury and Accidental Harm,low
ICD-6,9181,"Accident caused by radiation — Farm (including buildings and land under cultivation, but excluding farm home and home premises)",L1_07,Injury and Accidental Harm,low
ICD-6,9182,Accident caused by radiation — Mine and quarry,L1_07,Injury and Accidental Harm,low
ICD-6,9183,Accident caused by radiation — Industrial place and premises,L1_06,Respiratory and Environmental Disease,low
ICD-6,9184,Accident caused by radiation — Place for recreation and sport,L1_07,Injury and Accidental Harm,low
ICD-6,9185,Accident caused by radiation — Street and highway,L1_07,Injury and Accidental Harm,low
ICD-6,9186,Accident caused by radiation — Public building,L1_07,Injury and Accidental Harm,low
ICD-6,9187,Accident caused by radiation — Resident institution,L1_07,Injury and Accidental Harm,low
ICD-6,9188,Accident caused by radiation — Other specified places,L1_07,Injury and Accidental Harm,low
ICD-6,9189,Accident caused by radiation — Place not specified,L1_07,Injury and Accidental Harm,low
ICD-6,9190,Accident caused by firearm — Home (including home premises and any noninstitutional place of residence),L1_07,Injury and Accidental Harm,low
ICD-6,9191,"Accident caused by firearm — Farm (including buildings and land under cultivation, but excluding farm home and home premises)",L1_07,Injury and Accidental Harm,low
ICD-6,9192,Accident caused by firearm — Mine and quarry,L1_07,Injury and Accidental Harm,low
ICD-6,9193,Accident caused by firearm — Industrial place and premises,L1_06,Respiratory and Environmental Disease,low
ICD-6,9194,Accident caused by firearm — Place for recreation and sport,L1_07,Injury and Accidental Harm,low
ICD-6,9195,Accident caused by firearm — Street and highway,L1_07,Injury and Accidental Harm,low
ICD-6,9196,Accident caused by firearm — Public building,L1_07,Injury and Accidental Harm,low
ICD-6,9197,Accident caused by firearm — Resident institution,L1_07,Injury and Accidental Harm,low
ICD-6,9198,Accident caused by firearm — Other specified places,L1_07,Injury and Accidental Harm,low
ICD-6,9199,Accident caused by firearm — Place not specified,L1_07,Injury and Accidental Harm,low
ICD-6,9200,Foreign body entering eye and adnexa — Home (including home premises and any noninstitutional place of residence),L1_01,Infectious and Communicable Diseases,low
ICD-6,9201,"Foreign body entering eye and adnexa — Farm (including buildings and land under cultivation, but excluding farm home and home premises)",L1_01,Infectious and Communicable Diseases,low
ICD-6,9202,Foreign body entering eye and adnexa — Mine and quarry,L1_01,Infectious and Communicable Diseases,low
ICD-6,9203,Foreign body entering eye and adnexa — Industrial place and premises,L1_06,Respiratory and Environmental Disease,low
ICD-6,9204,Foreign body entering eye and adnexa — Place for recreation and sport,L1_01,Infectious and Communicable Diseases,low
ICD-6,9205,Foreign body entering eye and adnexa — Street and highway,L1_01,Infectious and Communicable Diseases,low
ICD-6,9206,Foreign body entering eye and adnexa — Public building,L1_01,Infectious and Communicable Diseases,low
ICD-6,9207,Foreign body entering eye and adnexa — Resident institution,L1_01,Infectious and Communicable Diseases,low
ICD-6,9208,Foreign body entering eye and adnexa — Other specified places,L1_01,Infectious and Communicable Diseases,low
ICD-6,9209,Foreign body entering eye and adnexa — Place not specified,L1_10,"Ill-Defined, Administrative, and Other Causes",low
ICD-6,9210,Inhalation and ingestion of food causing obstruction or suffocation — Home (including home premises and any noninstitutional place of residence),L1_07,Injury and Accidental Harm,low
ICD-6,9211,"Inhalation and ingestion of food causing obstruction or suffocation — Farm (including buildings and land under cultivation, but excluding farm home and home premises)",L1_07,Injury and Accidental Harm,low
ICD-6,9212,Inhalation and ingestion of food causing obstruction or suffocation — Mine and quarry,L1_07,Injury and Accidental Harm,low
ICD-6,9213,Inhalation and ingestion of food causing obstruction or suffocation — Industrial place and premises,L1_06,Respiratory and Environmental Disease,low
ICD-6,9214,Inhalation and ingestion of food causing obstruction or suffocation — Place for recreation and sport,L1_07,Injury and Accidental Harm,low
ICD-6,9215,Inhalation and ingestion of food causing obstruction or suffocation — Street and highway,L1_07,Injury and Accidental Harm,low
ICD-6,9216,Inhalation and ingestion of food causing obstruction or suffocation — Public building,L1_07,Injury and Accidental Harm,low
ICD-6,9217,Inhalation and ingestion of food causing obstruction or suffocation — Resident institution,L1_07,Injury and Accidental Harm,low
ICD-6,9218,Inhalation and ingestion of food causing obstruction or suffocation — Other specified places,L1_07,Injury and Accidental Harm,low
ICD-6,9219,Inhalation and ingestion of food causing obstruction or suffocation — Place not specified,L1_07,Injury and Accidental Harm,low
ICD-6,9220,Inhalation and ingestion of other object causing obstruction or suffocation — Home (including home premises and any noninstitutional place of residence),L1_07,Injury and Accidental Harm,low
ICD-6,9221,"Inhalation and ingestion of other object causing obstruction or suffocation — Farm (including buildings and land under cultivation, but excluding farm home and home premises)",L1_07,Injury and Accidental Harm,low
ICD-6,9222,Inhalation and ingestion of other object causing obstruction or suffocation — Mine and quarry,L1_07,Injury and Accidental Harm,low
ICD-6,9223,Inhalation and ingestion of other object causing obstruction or suffocation — Industrial place and premises,L1_06,Respiratory and Environmental Disease,low
ICD-6,9224,Inhalation and ingestion of other object causing obstruction or suffocation — Place for recreation and sport,L1_07,Injury and Accidental Harm,low
ICD-6,9225,Inhalation and ingestion of other object causing obstruction or suffocation — Street and highway,L1_07,Injury and Accidental Harm,low
ICD-6,9226,Inhalation and ingestion of other object causing obstruction or suffocation — Public building,L1_07,Injury and Accidental Harm,low
ICD-6,9227,Inhalation and ingestion of other object causing obstruction or suffocation — Resident institution,L1_07,Injury and Accidental Harm,low
ICD-6,9228,Inhalation and ingestion of other object causing obstruction or suffocation — Other specified places,L1_07,Injury and Accidental Harm,low
ICD-6,9229,Inhalation and ingestion of other object causing obstruction or suffocation — Place not specified,L1_07,Injury and Accidental Harm,low
ICD-6,9230,Foreign body entering other orifice — Home (including home premises and any noninstitutional place of residence),L1_01,Infectious and Communicable Diseases,low
ICD-6,9231,"Foreign body entering other orifice — Farm (including buildings and land under cultivation, but excluding farm home and home premises)",L1_01,Infectious and Communicable Diseases,low
ICD-6,9232,Foreign body entering other orifice — Mine and quarry,L1_01,Infectious and Communicable Diseases,low
ICD-6,9233,Foreign body entering other orifice — Industrial place and premises,L1_06,Respiratory and Environmental Disease,low
ICD-6,9234,Foreign body entering other orifice — Place for recreation and sport,L1_01,Infectious and Communicable Diseases,low
ICD-6,9235,Foreign body entering other orifice — Street and highway,L1_01,Infectious and Communicable Diseases,low
ICD-6,9236,Foreign body entering other orifice — Public building,L1_01,Infectious and Communicable Diseases,low
ICD-6,9237,Foreign body entering other orifice — Resident institution,L1_01,Infectious and Communicable Diseases,low
ICD-6,9238,Foreign body entering other orifice — Other specified places,L1_01,Infectious and Communicable Diseases,low
ICD-6,9239,Foreign body entering other orifice — Place not specified,L1_10,"Ill-Defined, Administrative, and Other Causes",low
ICD-6,9240,Accidental mechanical suffocation in bed and cradle — Home (including home premises and any noninstitutional place of residence),L1_07,Injury and Accidental Harm,medium
ICD-6,9241,"Accidental mechanical suffocation in bed and cradle — Farm (including buildings and land under cultivation, but excluding farm home and home premises)",L1_07,Injury and Accidental Harm,medium
ICD-6,9242,Accidental mechanical suffocation in bed and cradle — Mine and quarry,L1_07,Injury and Accidental Harm,medium
ICD-6,9243,Accidental mechanical suffocation in bed and cradle — Industrial place and premises,L1_07,Injury and Accidental Harm,medium
ICD-6,9244,Accidental mechanical suffocation in bed and cradle — Place for recreation and sport,L1_07,Injury and Accidental Harm,medium
ICD-6,9245,Accidental mechanical suffocation in bed and cradle — Street and highway,L1_07,Injury and Accidental Harm,medium
ICD-6,9246,Accidental mechanical suffocation in bed and cradle — Public building,L1_07,Injury and Accidental Harm,medium
ICD-6,9247,Accidental mechanical suffocation in bed and cradle — Resident institution,L1_07,Injury and Accidental Harm,medium
ICD-6,9248,Accidental mechanical suffocation in bed and cradle — Other specified places,L1_07,Injury and Accidental Harm,medium
ICD-6,9249,Accidental mechanical suffocation in bed and cradle — Place not specified,L1_07,Injury and Accidental Harm,medium
ICD-6,9250,Accidental mechanical suffocation in other and unspecified circumstances — Home (including home premises and any noninstitutional place of residence),L1_07,Injury and Accidental Harm,medium
ICD-6,9251,"Accidental mechanical suffocation in other and unspecified circumstances — Farm (including buildings and land under cultivation, but excluding farm home and home premises)",L1_07,Injury and Accidental Harm,medium
ICD-6,9252,Accidental mechanical suffocation in other and unspecified circumstances — Mine and quarry,L1_07,Injury and Accidental Harm,medium
ICD-6,9253,Accidental mechanical suffocation in other and unspecified circumstances — Industrial place and premises,L1_07,Injury and Accidental Harm,medium
ICD-6,9254,Accidental mechanical suffocation in other and unspecified circumstances — Place for recreation and sport,L1_07,Injury and Accidental Harm,medium
ICD-6,9255,Accidental mechanical suffocation in other and unspecified circumstances — Street and highway,L1_07,Injury and Accidental Harm,medium
ICD-6,9256,Accidental mechanical suffocation in other and unspecified circumstances — Public building,L1_07,Injury and Accidental Harm,medium
ICD-6,9257,Accidental mechanical suffocation in other and unspecified circumstances — Resident institution,L1_07,Injury and Accidental Harm,medium
ICD-6,9258,Accidental mechanical suffocation in other and unspecified circumstances — Other specified places,L1_07,Injury and Accidental Harm,medium
ICD-6,9259,Accidental mechanical suffocation in other and unspecified circumstances — Place not specified,L1_07,Injury and Accidental Harm,medium
ICD-6,9260,Lack of care of infants under 1 year of age — Home (including home premises and any noninstitutional place of residence),L1_10,"Ill-Defined, Administrative, and Other Causes",low
ICD-6,9261,"Lack of care of infants under 1 year of age — Farm (including buildings and land under cultivation, but excluding farm home and home premises)",L1_10,"Ill-Defined, Administrative, and Other Causes",low
ICD-6,9262,Lack of care of infants under 1 year of age — Mine and quarry,L1_10,"Ill-Defined, Administrative, and Other Causes",low
ICD-6,9263,Lack of care of infants under 1 year of age — Industrial place and premises,L1_06,Respiratory and Environmental Disease,low
ICD-6,9264,Lack of care of infants under 1 year of age — Place for recreation and sport,L1_10,"Ill-Defined, Administrative, and Other Causes",low
ICD-6,9265,Lack of care of infants under 1 year of age — Street and highway,L1_10,"Ill-Defined, Administrative, and Other Causes",low
ICD-6,9266,Lack of care of infants under 1 year of age — Public building,L1_10,"Ill-Defined, Administrative, and Other Causes",low
ICD-6,9267,Lack of care of infants under 1 year of age — Resident institution,L1_10,"Ill-Defined, Administrative, and Other Causes",low
ICD-6,9268,Lack of care of infants under 1 year of age — Other specified places,L1_10,"Ill-Defined, Administrative, and Other Causes",low
ICD-6,9269,Lack of care of infants under 1 year of age — Place not specified,L1_10,"Ill-Defined, Administrative, and Other Causes",medium
ICD-6,9270,Accidents caused by bites and stings of venomous animals and insects — Home (including home premises and any noninstitutional place of residence),L1_07,Injury and Accidental Harm,medium
ICD-6,9271,"Accidents caused by bites and stings of venomous animals and insects — Farm (including buildings and land under cultivation, but excluding farm home and home premises)",L1_07,Injury and Accidental Harm,medium
ICD-6,9272,Accidents caused by bites and stings of venomous animals and insects — Mine and quarry,L1_07,Injury and Accidental Harm,medium
ICD-6,9273,Accidents caused by bites and stings of venomous animals and insects — Industrial place and premises,L1_07,Injury and Accidental Harm,medium
ICD-6,9274,Accidents caused by bites and stings of venomous animals and insects — Place for recreation and sport,L1_07,Injury and Accidental Harm,medium
ICD-6,9275,Accidents caused by bites and stings of venomous animals and insects — Street and highway,L1_07,Injury and Accidental Harm,medium
ICD-6,9276,Accidents caused by bites and stings of venomous animals and insects — Public building,L1_07,Injury and Accidental Harm,medium
ICD-6,9277,Accidents caused by bites and stings of venomous animals and insects — Resident institution,L1_07,Injury and Accidental Harm,medium
ICD-6,9278,Accidents caused by bites and stings of venomous animals and insects — Other specified places,L1_07,Injury and Accidental Harm,medium
ICD-6,9279,Accidents caused by bites and stings of venomous animals and insects — Place not specified,L1_07,Injury and Accidental Harm,medium
ICD-6,9280,Other accidents caused by animals — Home (including home premises and any noninstitutional place of residence),L1_07,Injury and Accidental Harm,low
ICD-6,9281,"Other accidents caused by animals — Farm (including buildings and land under cultivation, but excluding farm home and home premises)",L1_07,Injury and Accidental Harm,low
ICD-6,9282,Other accidents caused by animals — Mine and quarry,L1_07,Injury and Accidental Harm,low
ICD-6,9283,Other accidents caused by animals — Industrial place and premises,L1_06,Respiratory and Environmental Disease,low
ICD-6,9284,Other accidents caused by animals — Place for recreation and sport,L1_07,Injury and Accidental Harm,low
ICD-6,9285,Other accidents caused by animals — Street and highway,L1_07,Injury and Accidental Harm,low
ICD-6,9286,Other accidents caused by animals — Public building,L1_07,Injury and Accidental Harm,low
ICD-6,9287,Other accidents caused by animals — Resident institution,L1_07,Injury and Accidental Harm,low
ICD-6,9288,Other accidents caused by animals — Other specified places,L1_07,Injury and Accidental Harm,low
ICD-6,9289,Other accidents caused by animals — Place not specified,L1_07,Injury and Accidental Harm,low
ICD-6,9290,Accidental drowning and submersion — Home (including home premises and any noninstitutional place of residence),L1_07,Injury and Accidental Harm,medium
ICD-6,9291,"Accidental drowning and submersion — Farm (including buildings and land under cultivation, but excluding farm home and home premises)",L1_07,Injury and Accidental Harm,medium
ICD-6,9292,Accidental drowning and submersion — Mine and quarry,L1_07,Injury and Accidental Harm,medium
ICD-6,9293,Accidental drowning and submersion — Industrial place and premises,L1_07,Injury and Accidental Harm,medium
ICD-6,9294,Accidental drowning and submersion — Place for recreation and sport,L1_07,Injury and Accidental Harm,medium
ICD-6,9295,Accidental drowning and submersion — Street and highway,L1_07,Injury and Accidental Harm,medium
ICD-6,9296,Accidental drowning and submersion — Public building,L1_07,Injury and Accidental Harm,medium
ICD-6,9297,Accidental drowning and submersion — Resident institution,L1_07,Injury and Accidental Harm,medium
ICD-6,9298,Accidental drowning and submersion — Other specified places,L1_07,Injury and Accidental Harm,medium
ICD-6,9299,Accidental drowning and submersion — Place not specified,L1_07,Injury and Accidental Harm,medium
ICD-6,9300,High and low air pressure — Home (including home premises and any noninstitutional place of residence),L1_01,Infectious and Communicable Diseases,low
ICD-6,9301,"High and low air pressure — Farm (including buildings and land under cultivation, but excluding farm home and home premises)",L1_01,Infectious and Communicable Diseases,low
ICD-6,9302,High and low air pressure — Mine and quarry,L1_01,Infectious and Communicable Diseases,low
ICD-6,9303,High and low air pressure — Industrial place and premises,L1_06,Respiratory and Environmental Disease,low
ICD-6,9304,High and low air pressure — Place for recreation and sport,L1_01,Infectious and Communicable Diseases,low
ICD-6,9305,High and low air pressure — Street and highway,L1_01,Infectious and Communicable Diseases,low
ICD-6,9306,High and low air pressure — Public building,L1_01,Infectious and Communicable Diseases,low
ICD-6,9307,High and low air pressure — Resident institution,L1_01,Infectious and Communicable Diseases,low
ICD-6,9308,High and low air pressure — Other specified places,L1_01,Infectious and Communicable Diseases,low
ICD-6,9309,High and low air pressure — Place not specified,L1_10,"Ill-Defined, Administrative, and Other Causes",low
ICD-6,9310,Excessive heat and insolation — Home (including home premises and any noninstitutional place of residence),L1_01,Infectious and Communicable Diseases,low
ICD-6,9311,"Excessive heat and insolation — Farm (including buildings and land under cultivation, but excluding farm home and home premises)",L1_01,Infectious and Communicable Diseases,low
ICD-6,9312,Excessive heat and insolation — Mine and quarry,L1_01,Infectious and Communicable Diseases,low
ICD-6,9313,Excessive heat and insolation — Industrial place and premises,L1_06,Respiratory and Environmental Disease,low
ICD-6,9314,Excessive heat and insolation — Place for recreation and sport,L1_01,Infectious and Communicable Diseases,low
ICD-6,9315,Excessive heat and insolation — Street and highway,L1_01,Infectious and Communicable Diseases,low
ICD-6,9316,Excessive heat and insolation — Public building,L1_01,Infectious and Communicable Diseases,low
ICD-6,9317,Excessive heat and insolation — Resident institution,L1_01,Infectious and Communicable Diseases,low
ICD-6,9318,Excessive heat and insolation — Other specified places,L1_01,Infectious and Communicable Diseases,low
ICD-6,9319,Excessive heat and insolation — Place not specified,L1_10,"Ill-Defined, Administrative, and Other Causes",low
ICD-6,9320,Excessive cold — Home (including home premises and any noninstitutional place of residence),L1_01,Infectious and Communicable Diseases,low
ICD-6,9321,"Excessive cold — Farm (including buildings and land under cultivation, but excluding farm home and home premises)",L1_01,Infectious and Communicable Diseases,low
ICD-6,9322,Excessive cold — Mine and quarry,L1_01,Infectious and Communicable Diseases,low
ICD-6,9323,Excessive cold — Industrial place and premises,L1_06,Respiratory and Environmental Disease,low
ICD-6,9324,Excessive cold — Place for recreation and sport,L1_01,Infectious and Communicable Diseases,low
ICD-6,9325,Excessive cold — Street and highway,L1_01,Infectious and Communicable Diseases,low
ICD-6,9326,Excessive cold — Public building,L1_01,Infectious and Communicable Diseases,low
ICD-6,9327,Excessive cold — Resident institution,L1_01,Infectious and Communicable Diseases,low
ICD-6,9328,Excessive cold — Other specified places,L1_01,Infectious and Communicable Diseases,low
ICD-6,9329,Excessive cold — Place not specified,L1_10,"Ill-Defined, Administrative, and Other Causes",low
ICD-6,9330,"Hunger, thirst, and exposure — Home (including home premises and any noninstitutional place of residence)",L1_01,Infectious and Communicable Diseases,low
ICD-6,9331,"Hunger, thirst, and exposure — Farm (including buildings and land under cultivation, but excluding farm home and home premises)",L1_01,Infectious and Communicable Diseases,low
ICD-6,9332,"Hunger, thirst, and exposure — Mine and quarry",L1_01,Infectious and Communicable Diseases,low
ICD-6,9333,"Hunger, thirst, and exposure — Industrial place and premises",L1_06,Respiratory and Environmental Disease,low
ICD-6,9334,"Hunger, thirst, and exposure — Place for recreation and sport",L1_01,Infectious and Communicable Diseases,low
ICD-6,9335,"Hunger, thirst, and exposure — Street and highway",L1_01,Infectious and Communicable Diseases,low
ICD-6,9336,"Hunger, thirst, and exposure — Public building",L1_01,Infectious and Communicable Diseases,low
ICD-6,9337,"Hunger, thirst, and exposure — Resident institution",L1_01,Infectious and Communicable Diseases,low
ICD-6,9338,"Hunger, thirst, and exposure — Other specified places",L1_01,Infectious and Communicable Diseases,low
ICD-6,9339,"Hunger, thirst, and exposure — Place not specified",L1_10,"Ill-Defined, Administrative, and Other Causes",low
ICD-6,9340,Cataclysm — Home (including home premises and any noninstitutional place of residence),L1_01,Infectious and Communicable Diseases,low
ICD-6,9341,"Cataclysm — Farm (including buildings and land under cultivation, but excluding farm home and home premises)",L1_01,Infectious and Communicable Diseases,low
ICD-6,9342,Cataclysm — Mine and quarry,L1_01,Infectious and Communicable Diseases,low
ICD-6,9343,Cataclysm — Industrial place and premises,L1_06,Respiratory and Environmental Disease,low
ICD-6,9344,Cataclysm — Place for recreation and sport,L1_01,Infectious and Communicable Diseases,low
ICD-6,9345,Cataclysm — Street and highway,L1_01,Infectious and Communicable Diseases,low
ICD-6,9346,Cataclysm — Public building,L1_01,Infectious and Communicable Diseases,low
ICD-6,9347,Cataclysm — Resident institution,L1_01,Infectious and Communicable Diseases,low
ICD-6,9348,Cataclysm — Other specified places,L1_01,Infectious and Communicable Diseases,low
ICD-6,9349,Cataclysm — Place not specified,L1_10,"Ill-Defined, Administrative, and Other Causes",low
ICD-6,9350,Lightning — Home (including home premises and any noninstitutional place of residence),L1_07,Injury and Accidental Harm,low
ICD-6,9351,"Lightning — Farm (including buildings and land under cultivation, but excluding farm home and home premises)",L1_07,Injury and Accidental Harm,low
ICD-6,9352,Lightning — Mine and quarry,L1_07,Injury and Accidental Harm,low
ICD-6,9353,Lightning — Industrial place and premises,L1_06,Respiratory and Environmental Disease,low
ICD-6,9354,Lightning — Place for recreation and sport,L1_07,Injury and Accidental Harm,low
ICD-6,9355,Lightning — Street and highway,L1_07,Injury and Accidental Harm,low
ICD-6,9356,Lightning — Public building,L1_07,Injury and Accidental Harm,low
ICD-6,9357,Lightning — Resident institution,L1_07,Injury and Accidental Harm,low
ICD-6,9358,Lightning — Other specified places,L1_07,Injury and Accidental Harm,low
ICD-6,9359,Lightning — Place not specified,L1_07,Injury and Accidental Harm,low
ICD-6,9360,Other and unspecified accidents — Home (including home premises and any noninstitutional place of residence),L1_07,Injury and Accidental Harm,low
ICD-6,9361,"Other and unspecified accidents — Farm (including buildings and land under cultivation, but excluding farm home and home premises)",L1_07,Injury and Accidental Harm,low
ICD-6,9362,Other and unspecified accidents — Mine and quarry,L1_07,Injury and Accidental Harm,low
ICD-6,9363,Other and unspecified accidents — Industrial place and premises,L1_06,Respiratory and Environmental Disease,low
ICD-6,9364,Other and unspecified accidents — Place for recreation and sport,L1_07,Injury and Accidental Harm,low
ICD-6,9365,Other and unspecified accidents — Street and highway,L1_07,Injury and Accidental Harm,low
ICD-6,9366,Other and unspecified accidents — Public building,L1_07,Injury and Accidental Harm,low
ICD-6,9367,Other and unspecified accidents — Resident institution,L1_07,Injury and Accidental Harm,low
ICD-6,9368,Other and unspecified accidents — Other specified places,L1_07,Injury and Accidental Harm,low
ICD-6,9369,Other and unspecified accidents — Place not specified,L1_07,Injury and Accidental Harm,low
ICD-6,9400,Generalized vaccinia following vaccination — Generalized vaccinia following vaccination,L1_01,Infectious and Communicable Diseases,low
ICD-6,9410,Postvaccinal encephalitis — Postvaccinal encephalitis,L1_01,Infectious and Communicable Diseases,low
ICD-6,9420,Other complications of smallpox vaccination — Other complications of smallpox vaccination,L1_01,Infectious and Communicable Diseases,low
ICD-6,9430,Post-immunization jaundice and hepatitis — Post-immunization jaundice and hepatitis,L1_01,Infectious and Communicable Diseases,low
ICD-6,9440,Other complications of prophylactic inoculation — Other complications of prophylactic inoculation,L1_01,Infectious and Communicable Diseases,low
ICD-6,9450,Complications of anaesthesia for non-therapeutic purpose — Complications of anaesthesia for non-therapeutic purpose,L1_01,Infectious and Communicable Diseases,low
ICD-6,9460,Other complications due to non-therapeutic medical and surgical procedures — Other complications due to non-therapeutic medical and surgical procedures,L1_01,Infectious and Communicable Diseases,low
ICD-6,9500,Therapeutic misadventure in surgical treatment — Therapeutic misadventure in surgical treatment,L1_01,Infectious and Communicable Diseases,low
ICD-6,9510,Therapeutic misadventure in infusion or transfusion — Therapeutic misadventure in infusion or transfusion,L1_01,Infectious and Communicable Diseases,low
ICD-6,9520,Therapeutic misadventure in local applications — Therapeutic misadventure in local applications,L1_01,Infectious and Communicable Diseases,low
ICD-6,9530,Therapeutic misadventure in administration of drugs and biologicals — Therapeutic misadventure in administration of drugs and biologicals,L1_09,Self-Harm and Substance Use,low
ICD-6,9540,Therapeutic misadventure in anaesthesia — Therapeutic misadventure in anaesthesia,L1_01,Infectious and Communicable Diseases,low
ICD-6,9550,Other and unspecified therapeutic misadventure — Other and unspecified therapeutic misadventure,L1_01,Infectious and Communicable Diseases,low
ICD-6,9560,Late complication in surgical operation — Late complication in surgical operation,L1_01,Infectious and Communicable Diseases,low
ICD-6,9570,Late complication of amputation stump — Late complication of amputation stump,L1_05,Chronic Non-Communicable Diseases,low
ICD-6,9580,Late complication of irradiation — Late complication of irradiation,L1_01,Infectious and Communicable Diseases,low
ICD-6,9590,Late complications of other forms of treatment — Late complications of other forms of treatment,L1_01,Infectious and Communicable Diseases,low
ICD-6,9600,Late effect of motor vehicle accident — Late effect of motor vehicle accident,L1_07,Injury and Accidental Harm,medium
ICD-6,9610,Late effect of accidental poisoning — Late effect of accidental poisoning,L1_07,Injury and Accidental Harm,medium
ICD-6,9620,Late effect of other accidental injury — Late effect of other accidental injury,L1_07,Injury and Accidental Harm,medium
ICD-6,9630,Late effect of self-inflicted injury — Late effect of self-inflicted injury,L1_09,Self-Harm and Substance Use,low
ICD-6,9640,Late effect of injury purposely inflicted by another person (not in war) — Late effect of injury purposely inflicted by another person (not in war),L1_08,Violence and Conflict,low
ICD-6,9650,Late effect of injuries due to war operations — Late effect of injuries due to war operations,L1_08,Violence and Conflict,low
ICD-6,9700,Suicide and self-inflicted poisoning by analgesic and soporific substances — Suicide and self-inflicted poisoning by analgesic and soporific substances,L1_09,Self-Harm and Substance Use,medium
ICD-6,9710,Suicide and self-inflicted poisoning by other solid and liquid substances — Suicide and self-inflicted poisoning by other solid and liquid substances,L1_09,Self-Harm and Substance Use,medium
ICD-6,9720,Suicide and self-inflicted poisoning by gases in domestic use — Suicide and self-inflicted poisoning by gases in domestic use,L1_09,Self-Harm and Substance Use,medium
ICD-6,9730,Suicide and self-inflicted poisoning by other gases — Suicide and self-inflicted poisoning by other gases,L1_09,Self-Harm and Substance Use,medium
ICD-6,9740,Suicide and self-inflicted injury by hanging and strangulation — Suicide and self-inflicted injury by hanging and strangulation,L1_09,Self-Harm and Substance Use,medium
ICD-6,9750,Suicide and self-inflicted injury by submersion (drowning) — Suicide and self-inflicted injury by submersion (drowning),L1_09,Self-Harm and Substance Use,medium
ICD-6,9760,Suicide and self-inflicted injury by firearms and explosives — Suicide and self-inflicted injury by firearms and explosives,L1_09,Self-Harm and Substance Use,medium
ICD-6,9770,Suicide and self-inflicted by cutting and piercing instruments — Suicide and self-inflicted by cutting and piercing instruments,L1_09,Self-Harm and Substance Use,medium
ICD-6,9780,Suicide and self-inflicted injury by jumping from high place — Suicide and self-inflicted injury by jumping from high place,L1_09,Self-Harm and Substance Use,medium
ICD-6,9790,Suicide and self-inflicted by other and unspecified means — Suicide and self-inflicted by other and unspecified means,L1_09,Self-Harm and Substance Use,medium
ICD-6,9800,Non-accidental poisoning by another person — Non-accidental poisoning by another person,L1_07,Injury and Accidental Harm,medium
ICD-6,9810,Assault by firearm and explosive — Assault by firearm and explosive,L1_08,Violence and Conflict,low
ICD-6,9820,Assault by cutting and piercing instruments — Assault by cutting and piercing instruments,L1_08,Violence and Conflict,low
ICD-6,9830,Assault by other means — Assault by other means,L1_08,Violence and Conflict,low
ICD-6,9840,Injury by intervention of police — Injury by intervention of police,L1_07,Injury and Accidental Harm,low
ICD-6,9850,Execution — Execution,L1_08,Violence and Conflict,low
ICD-6,9900,Injury due to war operations by gas and chemicals — Injury due to war operations by gas and chemicals,L1_08,Violence and Conflict,low
ICD-6,9910,Injury due to war operations by gunshot — Injury due to war operations by gunshot,L1_08,Violence and Conflict,low
ICD-6,9920,Injury due to war operations by grenade and land mine — Injury due to war operations by grenade and land mine,L1_08,Violence and Conflict,low
ICD-6,9930,Injury due to war operations by bomb — Injury due to war operations by bomb,L1_08,Violence and Conflict,low
ICD-6,9940,"Injury due to war operations by marine mine, depth charge, and torpedo — Injury due to war operations by marine mine, depth charge, and torpedo",L1_08,Violence and Conflict,low
ICD-6,9950,Injury due to war operations by explosion of artillery shell — Injury due to war operations by explosion of artillery shell,L1_08,Violence and Conflict,low
ICD-6,9960,Injury due to war operations by explosion of undetermined origin — Injury due to war operations by explosion of undetermined origin,L1_08,Violence and Conflict,low
ICD-6,9970,Injury due to war operations by aircraft destruction — Injury due to war operations by aircraft destruction,L1_08,Violence and Conflict,low
ICD-6,9980,Injury due to war operations by other and unspecified means — Injury due to war operations by other and unspecified means,L1_08,Violence and Conflict,low
ICD-6,9990,Injury due to war operations but occurring after cessation of hostilities — Injury due to war operations but occurring after cessation of hostilities,L1_08,Violence and Conflict,low
ICD-6,4811,"Influenza with other respiratory manifestations, and influenza unqualified — With mention of respiratory complications",L1_06,Respiratory and Environmental Disease,medium
