version,code,description,category_code,category_name,classification_confidence
ICD-9,7997,Other ill-defined and unknown causes of morbidity and mortality — Unspecified,L1_10,"Ill-Defined, Administrative, and Other Causes",medium
ICD-9,0,Neonatal death — Neonatal death,L1_02,Maternal and Early-Life Mortality,low
ICD-9,10,Cholera — Due to Vibrio cholerae,L1_01,Infectious and Communicable Diseases,low
ICD-9,11,Cholera — Due to Vibrio cholerae el tor,L1_01,Infectious and Communicable Diseases,low
ICD-9,19,Cholera — Unspecified,L1_01,Infectious and Communicable Diseases,low
ICD-9,20,Typhoid and paratyphoid fevers — Typhoid fever,L1_01,Infectious and Communicable Diseases,low
ICD-9,21,Typhoid and paratyphoid fevers — Paratyphoid fever A,L1_01,Infectious and Communicable Diseases,low
ICD-9,22,Typhoid and paratyphoid fevers — Paratyphoid fever B,L1_01,Infectious and Communicable Diseases,low
ICD-9,23,Typhoid and paratyphoid fevers — Paratyphoid fever C,L1_01,Infectious and Communicable Diseases,low
ICD-9,29,"Typhoid and paratyphoid fevers — Paratyphoid fever, unspecified",L1_01,Infectious and Communicable Diseases,low
ICD-9,30,Other salmonella infections — Salmonella gastroenteritis,L1_01,Infectious and Communicable Diseases,low
ICD-9,31,Other salmonella infections — Salmonella septicaemia,L1_01,Infectious and Communicable Diseases,medium
ICD-9,32,Other salmonella infections — Localized salmonella infections,L1_01,Infectious and Communicable Diseases,low
ICD-9,38,Other salmonella infections — Other,L1_01,Infectious and Communicable Diseases,low
ICD-9,39,Other salmonella infections — Unspecified,L1_01,Infectious and Communicable Diseases,low
ICD-9,40,Shigellosis — Shigella dysenteriae,L1_01,Infectious and Communicable Diseases,low
ICD-9,41,Shigellosis — Shigella flexneri,L1_01,Infectious and Communicable Diseases,low
ICD-9,42,Shigellosis — Shigella boydii,L1_01,Infectious and Communicable Diseases,low
ICD-9,43,Shigellosis — Shigella sonnei,L1_01,Infectious and Communicable Diseases,low
ICD-9,48,Shigellosis — Other,L1_01,Infectious and Communicable Diseases,low
ICD-9,49,Shigellosis — Unspecified,L1_01,Infectious and Communicable Diseases,low
ICD-9,50,Other food poisoning (bacterial) — Staphylococcal food poisoning,L1_01,Infectious and Communicable Diseases,low
ICD-9,51,Other food poisoning (bacterial) — Botulism,L1_07,Injury and Accidental Harm,low
ICD-9,52,Other food poisoning (bacterial) — Food poisoning due to Clostridium perfringens (Cl. welchii),L1_01,Infectious and Communicable Diseases,low
ICD-9,53,Other food poisoning (bacterial) — Food poisoning due to other Clostridia,L1_01,Infectious and Communicable Diseases,low
ICD-9,54,Other food poisoning (bacterial) — Food poisoning due to Vibrio parahaemolyticus,L1_07,Injury and Accidental Harm,low
ICD-9,58,Other food poisoning (bacterial) — Other bacterial food poisoning,L1_07,Injury and Accidental Harm,low
ICD-9,59,"Other food poisoning (bacterial) — Food poisoning, unspecified",L1_07,Injury and Accidental Harm,low
ICD-9,60,Amoebiasis — Acute amoebic dysentery without mention of abscess,L1_05,Chronic Non-Communicable Diseases,low
ICD-9,61,Amoebiasis — Chronic intestinal amoebiasis without mention of abscess,L1_05,Chronic Non-Communicable Diseases,medium
ICD-9,62,Amoebiasis — Amoebic nondysenteric colitis,L1_01,Infectious and Communicable Diseases,low
ICD-9,63,Amoebiasis — Amoebic liver abscess,L1_05,Chronic Non-Communicable Diseases,low
ICD-9,64,Amoebiasis — Amoebic lung abscess,L1_05,Chronic Non-Communicable Diseases,low
ICD-9,65,Amoebiasis — Amoebic brain abscess,L1_05,Chronic Non-Communicable Diseases,low
ICD-9,66,Amoebiasis — Amoebic skin ulceration,L1_05,Chronic Non-Communicable Diseases,low
ICD-9,68,Amoebiasis — Amoebic infection of other sites,L1_01,Infectious and Communicable Diseases,low
ICD-9,69,"Amoebiasis — Amoebiasis, unspecified",L1_01,Infectious and Communicable Diseases,low
ICD-9,70,Other protozoal intestinal diseases — Balantidiasis,L1_01,Infectious and Communicable Diseases,low
ICD-9,71,Other protozoal intestinal diseases — Giardiasis,L1_01,Infectious and Communicable Diseases,low
ICD-9,72,Other protozoal intestinal diseases — Coccidiosis,L1_01,Infectious and Communicable Diseases,low
ICD-9,73,Other protozoal intestinal diseases — Intestinal trichomoniasis,L1_01,Infectious and Communicable Diseases,low
ICD-9,78,Other protozoal intestinal diseases — Other protozoal intestinal diseases,L1_01,Infectious and Communicable Diseases,low
ICD-9,79,Other protozoal intestinal diseases — Unspecified,L1_01,Infectious and Communicable Diseases,low
ICD-9,80,Intestinal infections due to other organisms — Escherichia coli,L1_01,Infectious and Communicable Diseases,low
ICD-9,81,Intestinal infections due to other organisms — Arizona,L1_01,Infectious and Communicable Diseases,low
ICD-9,82,Intestinal infections due to other organisms — Aerobacter aerogenes,L1_01,Infectious and Communicable Diseases,low
ICD-9,83,Intestinal infections due to other organisms — Proteus (mirabilis) (morganii),L1_01,Infectious and Communicable Diseases,low
ICD-9,84,Intestinal infections due to other organisms — Other specified bacteria,L1_01,Infectious and Communicable Diseases,low
ICD-9,85,"Intestinal infections due to other organisms — Bacterial enteritis, unspecified",L1_05,Chronic Non-Communicable Diseases,low
ICD-9,86,Intestinal infections due to other organisms — Enteritis due to specified virus,L1_05,Chronic Non-Communicable Diseases,low
ICD-9,88,"Intestinal infections due to other organisms — Other organism, not elsewhere classified",L1_01,Infectious and Communicable Diseases,low
ICD-9,90,"Ill-defined intestinal infections — Infectious colitis, enteritis and gastroenteritis",L1_01,Infectious and Communicable Diseases,low
ICD-9,91,"Ill-defined intestinal infections — Colitis, enteritis and gastroenteritis of presumed infectious origin",L1_01,Infectious and Communicable Diseases,low
ICD-9,92,Ill-defined intestinal infections — Infectious diarrhoea,L1_01,Infectious and Communicable Diseases,low
ICD-9,93,"Ill-defined intestinal infections — Diarrhoea, of presumed infectious origin",L1_01,Infectious and Communicable Diseases,low
ICD-9,100,Primary tuberculous infection — Primary tuberculous complex,L1_01,Infectious and Communicable Diseases,low
ICD-9,101,Primary tuberculous infection — Tuberculous pleurisy in primary progressive tuberculosis,L1_01,Infectious and Communicable Diseases,medium
ICD-9,108,Primary tuberculous infection — Other primary progressive tuberculosis,L1_01,Infectious and Communicable Diseases,medium
ICD-9,109,Primary tuberculous infection — Unspecified,L1_01,Infectious and Communicable Diseases,low
ICD-9,110,"Pulmonary tuberculosis — Tuberculosis of lung, infiltrative",L1_01,Infectious and Communicable Diseases,low
ICD-9,111,"Pulmonary tuberculosis — Tuberculosis of lung, nodular",L1_01,Infectious and Communicable Diseases,low
ICD-9,112,Pulmonary tuberculosis — Tuberculosis of lung with cavitation,L1_01,Infectious and Communicable Diseases,low
ICD-9,113,Pulmonary tuberculosis — Tuberculosis of bronchus,L1_01,Infectious and Communicable Diseases,low
ICD-9,114,Pulmonary tuberculosis — Tuberculous fibrosis of lung,L1_01,Infectious and Communicable Diseases,low
ICD-9,115,Pulmonary tuberculosis — Tuberculous bronchiectasis,L1_06,Respiratory and Environmental Disease,medium
ICD-9,116,Pulmonary tuberculosis — Tuberculous pneumonia (any form),L1_06,Respiratory and Environmental Disease,medium
ICD-9,117,Pulmonary tuberculosis — Tuberculous pneumothorax,L1_01,Infectious and Communicable Diseases,low
ICD-9,118,Pulmonary tuberculosis — Other pulmonary tuberculosis,L1_01,Infectious and Communicable Diseases,low
ICD-9,119,Pulmonary tuberculosis — Unspecified,L1_01,Infectious and Communicable Diseases,low
ICD-9,120,Other respiratory tuberculosis — Tuberculous pleurisy,L1_06,Respiratory and Environmental Disease,medium
ICD-9,121,Other respiratory tuberculosis — Tuberculosis of intrathoracic lymph nodes,L1_01,Infectious and Communicable Diseases,low
ICD-9,122,Other respiratory tuberculosis — Isolated tracheal or bronchial tuberculosis,L1_01,Infectious and Communicable Diseases,low
ICD-9,123,Other respiratory tuberculosis — Tuberculous laryngitis,L1_06,Respiratory and Environmental Disease,medium
ICD-9,128,Other respiratory tuberculosis — Other,L1_01,Infectious and Communicable Diseases,low
ICD-9,130,Tuberculosis of meninges and central nervous system — Tuberculous meningitis,L1_01,Infectious and Communicable Diseases,low
ICD-9,131,Tuberculosis of meninges and central nervous system — Tuberculoma of meninges,L1_01,Infectious and Communicable Diseases,low
ICD-9,138,Tuberculosis of meninges and central nervous system — Other,L1_01,Infectious and Communicable Diseases,low
ICD-9,139,Tuberculosis of meninges and central nervous system — Unspecified,L1_01,Infectious and Communicable Diseases,low
ICD-9,140,"Tuberculosis of intestines, peritoneum and mesenteric glands — Tuberculosis of intestines, peritoneum and mesenteric glands",L1_01,Infectious and Communicable Diseases,low
ICD-9,150,Tuberculosis of bones and joints — Vertebral column,L1_01,Infectious and Communicable Diseases,low
ICD-9,151,Tuberculosis of bones and joints — Hip,L1_01,Infectious and Communicable Diseases,low
ICD-9,152,Tuberculosis of bones and joints — Knee,L1_01,Infectious and Communicable Diseases,low
ICD-9,157,Tuberculosis of bones and joints — Other bone,L1_01,Infectious and Communicable Diseases,low
ICD-9,158,Tuberculosis of bones and joints — Other joint,L1_01,Infectious and Communicable Diseases,low
ICD-9,159,Tuberculosis of bones and joints — Unspecified,L1_01,Infectious and Communicable Diseases,low
ICD-9,160,Tuberculosis of genitourinary system — Kidney,L1_01,Infectious and Communicable Diseases,low
ICD-9,161,Tuberculosis of genitourinary system — Other urinary organs,L1_01,Infectious and Communicable Diseases,low
ICD-9,162,Tuberculosis of genitourinary system — Epididymis,L1_01,Infectious and Communicable Diseases,low
ICD-9,163,Tuberculosis of genitourinary system — Other male genital organs,L1_01,Infectious and Communicable Diseases,low
ICD-9,164,Tuberculosis of genitourinary system — Female genital organs,L1_01,Infectious and Communicable Diseases,low
ICD-9,169,Tuberculosis of genitourinary system — Unspecified,L1_01,Infectious and Communicable Diseases,low
ICD-9,170,Tuberculosis of other organs — Skin and subcutaneous cellular tissue,L1_01,Infectious and Communicable Diseases,low
ICD-9,171,Tuberculosis of other organs — Erythema nodosum with hypersensitivity reaction in tuberculosis,L1_01,Infectious and Communicable Diseases,low
ICD-9,172,Tuberculosis of other organs — Peripheral lymph nodes,L1_01,Infectious and Communicable Diseases,low
ICD-9,173,Tuberculosis of other organs — Eye,L1_01,Infectious and Communicable Diseases,low
ICD-9,174,Tuberculosis of other organs — Ear,L1_01,Infectious and Communicable Diseases,low
ICD-9,175,Tuberculosis of other organs — Thyroid gland,L1_01,Infectious and Communicable Diseases,low
ICD-9,176,Tuberculosis of other organs — Adrenal glands,L1_01,Infectious and Communicable Diseases,low
ICD-9,177,Tuberculosis of other organs — Spleen,L1_01,Infectious and Communicable Diseases,low
ICD-9,178,Tuberculosis of other organs — Other,L1_01,Infectious and Communicable Diseases,low
ICD-9,180,Miliary tuberculosis — Acute,L1_01,Infectious and Communicable Diseases,low
ICD-9,188,Miliary tuberculosis — Other,L1_01,Infectious and Communicable Diseases,low
ICD-9,189,Miliary tuberculosis — Unspecified,L1_01,Infectious and Communicable Diseases,low
ICD-9,200,Plague — Bubonic,L1_01,Infectious and Communicable Diseases,low
ICD-9,201,Plague — Cellulocutaneous,L1_01,Infectious and Communicable Diseases,low
ICD-9,202,Plague — Septicaemic,L1_01,Infectious and Communicable Diseases,low
ICD-9,203,Plague — Primary pneumonic,L1_01,Infectious and Communicable Diseases,low
ICD-9,204,Plague — Secondary pneumonic,L1_01,Infectious and Communicable Diseases,low
ICD-9,205,"Plague — Pneumonic, unspecified",L1_01,Infectious and Communicable Diseases,low
ICD-9,208,Plague — Other,L1_01,Infectious and Communicable Diseases,low
ICD-9,209,Plague — Unspecified,L1_01,Infectious and Communicable Diseases,low
ICD-9,210,Tularaemia — Tularaemia,L1_01,Infectious and Communicable Diseases,low
ICD-9,220,Anthrax — Cutaneous anthrax,L1_01,Infectious and Communicable Diseases,low
ICD-9,221,Anthrax — Pulmonary anthrax,L1_01,Infectious and Communicable Diseases,low
ICD-9,222,Anthrax — Gastrointestinal anthrax,L1_01,Infectious and Communicable Diseases,low
ICD-9,223,Anthrax — Anthrax septicaemia,L1_01,Infectious and Communicable Diseases,low
ICD-9,228,Anthrax — Other manifestations,L1_01,Infectious and Communicable Diseases,low
ICD-9,229,Anthrax — Unspecified,L1_01,Infectious and Communicable Diseases,low
ICD-9,230,Brucellosis — Brucella melitensis,L1_01,Infectious and Communicable Diseases,low
ICD-9,231,Brucellosis — Brucella abortus,L1_01,Infectious and Communicable Diseases,low
ICD-9,232,Brucellosis — Brucella suis,L1_01,Infectious and Communicable Diseases,low
ICD-9,233,Brucellosis — Brucella canis,L1_01,Infectious and Communicable Diseases,low
ICD-9,238,Brucellosis — Other,L1_01,Infectious and Communicable Diseases,low
ICD-9,239,Brucellosis — Unspecified,L1_01,Infectious and Communicable Diseases,low
ICD-9,240,Glanders — Glanders,L1_01,Infectious and Communicable Diseases,low
ICD-9,250,Melioidosis — Melioidosis,L1_01,Infectious and Communicable Diseases,low
ICD-9,260,Rat-bite fever — Spirillary fever,L1_01,Infectious and Communicable Diseases,low
ICD-9,261,Rat-bite fever — Streptobacillary fever,L1_01,Infectious and Communicable Diseases,low
ICD-9,269,Rat-bite fever — Unspecified,L1_01,Infectious and Communicable Diseases,low
ICD-9,270,Other zoonotic bacterial diseases — Listeriosis,L1_01,Infectious and Communicable Diseases,low
ICD-9,271,Other zoonotic bacterial diseases — Erysipelothrix infection,L1_01,Infectious and Communicable Diseases,low
ICD-9,272,Other zoonotic bacterial diseases — Pasteurellosis,L1_01,Infectious and Communicable Diseases,low
ICD-9,278,Other zoonotic bacterial diseases — Other,L1_01,Infectious and Communicable Diseases,low
ICD-9,279,Other zoonotic bacterial diseases — Unspecified,L1_01,Infectious and Communicable Diseases,low
ICD-9,300,Leprosy — Lepromatous (type L),L1_01,Infectious and Communicable Diseases,low
ICD-9,301,Leprosy — Tuberculoid (type T),L1_01,Infectious and Communicable Diseases,low
ICD-9,302,Leprosy — Indeterminate (group I),L1_01,Infectious and Communicable Diseases,low
ICD-9,303,Leprosy — Borderline (group B),L1_01,Infectious and Communicable Diseases,low
ICD-9,308,Leprosy — Other,L1_01,Infectious and Communicable Diseases,low
ICD-9,309,Leprosy — Unspecified,L1_01,Infectious and Communicable Diseases,low
ICD-9,310,Diseases due to other mycobacteria — Pulmonary,L1_01,Infectious and Communicable Diseases,low
ICD-9,311,Diseases due to other mycobacteria — Cutaneous,L1_01,Infectious and Communicable Diseases,low
ICD-9,318,Diseases due to other mycobacteria — Other,L1_01,Infectious and Communicable Diseases,low
ICD-9,319,Diseases due to other mycobacteria — Unspecified,L1_01,Infectious and Communicable Diseases,low
ICD-9,320,Diphtheria — Faucial diphtheria,L1_01,Infectious and Communicable Diseases,low
ICD-9,321,Diphtheria — Nasopharyngeal diphtheria,L1_01,Infectious and Communicable Diseases,low
ICD-9,322,Diphtheria — Anterior nasal diphtheria,L1_01,Infectious and Communicable Diseases,low
ICD-9,323,Diphtheria — Laryngeal diphtheria,L1_01,Infectious and Communicable Diseases,low
ICD-9,328,Diphtheria — Other,L1_01,Infectious and Communicable Diseases,low
ICD-9,329,"Diphtheria — Diphtheria, unspecified",L1_01,Infectious and Communicable Diseases,low
ICD-9,330,Whooping cough — Bordetella pertussis (B. pertussis),L1_01,Infectious and Communicable Diseases,high
ICD-9,331,Whooping cough — Bordetella parapertussis (B. parapertussis),L1_01,Infectious and Communicable Diseases,high
ICD-9,338,Whooping cough — Other specified organism,L1_01,Infectious and Communicable Diseases,low
ICD-9,339,"Whooping cough — Whooping cough, unspecified organism",L1_01,Infectious and Communicable Diseases,low
ICD-9,340,Streptococcal sore throat and scarlatina — Streptococcal sore throat,L1_01,Infectious and Communicable Diseases,low
ICD-9,341,Streptococcal sore throat and scarlatina — Scarlatina,L1_01,Infectious and Communicable Diseases,low
ICD-9,350,Erysipelas — Erysipelas,L1_01,Infectious and Communicable Diseases,low
ICD-9,360,Meningococcal infection — Meningococcal meningitis,L1_01,Infectious and Communicable Diseases,low
ICD-9,361,Meningococcal infection — Meningococcal encephalitis,L1_01,Infectious and Communicable Diseases,low
ICD-9,362,Meningococcal infection — Meningococcaemia,L1_01,Infectious and Communicable Diseases,low
ICD-9,363,"Meningococcal infection — Waterhouse-Friderichsen syndrome, meningococcal",L1_01,Infectious and Communicable Diseases,low
ICD-9,364,Meningococcal infection — Meningococcal carditis,L1_01,Infectious and Communicable Diseases,low
ICD-9,368,Meningococcal infection — Other,L1_01,Infectious and Communicable Diseases,low
ICD-9,369,Meningococcal infection — Unspecified,L1_01,Infectious and Communicable Diseases,low
ICD-9,370,Tetanus — Tetanus,L1_01,Infectious and Communicable Diseases,low
ICD-9,380,Septicaemia — Streptococcal septicaemia,L1_01,Infectious and Communicable Diseases,medium
ICD-9,381,Septicaemia — Staphylococcal septicaemia,L1_01,Infectious and Communicable Diseases,medium
ICD-9,382,Septicaemia — Pneumococcal septicaemia,L1_01,Infectious and Communicable Diseases,medium
ICD-9,383,Septicaemia — Septicaemia due to anaerobes,L1_01,Infectious and Communicable Diseases,low
ICD-9,384,Septicaemia — Septicaemia due to other gram-negative organisms,L1_01,Infectious and Communicable Diseases,low
ICD-9,388,Septicaemia — Other specified septicaemias,L1_01,Infectious and Communicable Diseases,low
ICD-9,389,Septicaemia — Unspecified septicaemia,L1_01,Infectious and Communicable Diseases,low
ICD-9,390,Actinomycotic infections — Cutaneous,L1_01,Infectious and Communicable Diseases,low
ICD-9,391,Actinomycotic infections — Pulmonary,L1_01,Infectious and Communicable Diseases,low
ICD-9,392,Actinomycotic infections — Abdominal,L1_01,Infectious and Communicable Diseases,low
ICD-9,393,Actinomycotic infections — Cervicofacial,L1_01,Infectious and Communicable Diseases,low
ICD-9,394,Actinomycotic infections — Madura foot,L1_01,Infectious and Communicable Diseases,low
ICD-9,398,Actinomycotic infections — Of other specified sites,L1_01,Infectious and Communicable Diseases,low
ICD-9,399,Actinomycotic infections — Of unspecified site,L1_01,Infectious and Communicable Diseases,low
ICD-9,400,Other bacterial diseases — Gas gangrene,L1_01,Infectious and Communicable Diseases,low
ICD-9,401,Other bacterial diseases — Rhinoscleroma,L1_01,Infectious and Communicable Diseases,low
ICD-9,402,Other bacterial diseases — Whipple's disease,L1_01,Infectious and Communicable Diseases,low
ICD-9,403,Other bacterial diseases — Necrobacillosis,L1_01,Infectious and Communicable Diseases,low
ICD-9,408,Other bacterial diseases — Other bacterial diseases,L1_01,Infectious and Communicable Diseases,low
ICD-9,410,Bacterial infection in conditions classified elsewhere and of unspecified site — Streptococcus,L1_01,Infectious and Communicable Diseases,medium
ICD-9,411,Bacterial infection in conditions classified elsewhere and of unspecified site — Staphylococcus,L1_01,Infectious and Communicable Diseases,medium
ICD-9,412,Bacterial infection in conditions classified elsewhere and of unspecified site — Pneumococcus,L1_01,Infectious and Communicable Diseases,medium
ICD-9,413,Bacterial infection in conditions classified elsewhere and of unspecified site — Friedlander's bacillus,L1_01,Infectious and Communicable Diseases,low
ICD-9,414,Bacterial infection in conditions classified elsewhere and of unspecified site — Escherichia coli,L1_01,Infectious and Communicable Diseases,low
ICD-9,415,Bacterial infection in conditions classified elsewhere and of unspecified site — Haemophilus influenzae (H. influenzae),L1_01,Infectious and Communicable Diseases,low
ICD-9,416,Bacterial infection in conditions classified elsewhere and of unspecified site — Proteus (mirabilis) (morganii),L1_01,Infectious and Communicable Diseases,low
ICD-9,417,Bacterial infection in conditions classified elsewhere and of unspecified site — Pseudomonas,L1_01,Infectious and Communicable Diseases,low
ICD-9,418,Bacterial infection in conditions classified elsewhere and of unspecified site — Other,L1_01,Infectious and Communicable Diseases,low
ICD-9,419,"Bacterial infection in conditions classified elsewhere and of unspecified site — Bacterial infection, unspecified",L1_01,Infectious and Communicable Diseases,low
ICD-9,420,Human immunodeficiency virus (HIV) infection with specified conditions — HIV with specified conditions,L1_01,Infectious and Communicable Diseases,low
ICD-9,421,Human immunodeficiency virus (HIV) infection with specified conditions — HIV causing other specified infections,L1_01,Infectious and Communicable Diseases,low
ICD-9,422,Human immunodeficiency virus (HIV) infection with specified conditions — HIV with specified malignant neoplasms,L1_05,Chronic Non-Communicable Diseases,medium
ICD-9,429,Human immunodeficiency virus (HIV) infection with specified conditions — Acquired immunodeficiency syndrome unspecified,L1_01,Infectious and Communicable Diseases,low
ICD-9,430,Human immunodeficiency virus (HIV) infection causing other specified conditions — HIV causing lymphadenopathy,L1_01,Infectious and Communicable Diseases,low
ICD-9,431,Human immunodeficiency virus (HIV) infection causing other specified conditions — HIV causing specified diseases of the central nervous system,L1_05,Chronic Non-Communicable Diseases,low
ICD-9,432,Human immunodeficiency virus (HIV) infection causing other specified conditions — HIV causing other disorders invoving the immune mechanism,L1_01,Infectious and Communicable Diseases,low
ICD-9,433,Human immunodeficiency virus (HIV) infection causing other specified conditions — HIV causing other specified infections,L1_01,Infectious and Communicable Diseases,low
ICD-9,439,Human immunodeficiency virus (HIV) infection causing other specified conditions — Acquired immunodeficiency syndrome-related complex unspecified,L1_01,Infectious and Communicable Diseases,low
ICD-9,440,Other human immunodeficiency virus infection — Causing specified acute infections,L1_01,Infectious and Communicable Diseases,low
ICD-9,449,"Other human immunodeficiency virus infection — Human immunodeficiency virus infection, unspecified",L1_01,Infectious and Communicable Diseases,low
ICD-9,450,Acute poliomyelitis — Acute paralytic poliomyelitis specified as bulbar,L1_01,Infectious and Communicable Diseases,low
ICD-9,451,Acute poliomyelitis — Acute poliomyelitis with other paralysis,L1_01,Infectious and Communicable Diseases,low
ICD-9,452,Acute poliomyelitis — Acute nonparalytic poliomyelitis,L1_01,Infectious and Communicable Diseases,low
ICD-9,459,"Acute poliomyelitis — Acute poliomyelitis, unspecified",L1_01,Infectious and Communicable Diseases,low
ICD-9,460,Slow virus infection of central nervous system — Kuru,L1_01,Infectious and Communicable Diseases,low
ICD-9,461,Slow virus infection of central nervous system — Jakob-Creutzfeldt disease,L1_01,Infectious and Communicable Diseases,low
ICD-9,462,Slow virus infection of central nervous system — Subacute sclerosing panencephalitis,L1_01,Infectious and Communicable Diseases,low
ICD-9,463,Slow virus infection of central nervous system — Progressive multifocal leucoencephalopathy,L1_01,Infectious and Communicable Diseases,low
ICD-9,468,Slow virus infection of central nervous system — Other,L1_01,Infectious and Communicable Diseases,low
ICD-9,469,Slow virus infection of central nervous system — Unspecified,L1_01,Infectious and Communicable Diseases,low
ICD-9,470,Meningitis due to enterovirus — Coxsackie virus,L1_01,Infectious and Communicable Diseases,low
ICD-9,471,Meningitis due to enterovirus — ECHO virus,L1_01,Infectious and Communicable Diseases,low
ICD-9,478,Meningitis due to enterovirus — Other,L1_01,Infectious and Communicable Diseases,low
ICD-9,479,Meningitis due to enterovirus — Unspecified,L1_01,Infectious and Communicable Diseases,low
ICD-9,480,Other enterovirus diseases of central nervous system — Other enterovirus diseases of central nervous system,L1_05,Chronic Non-Communicable Diseases,low
ICD-9,490,Other non-arthropod-borne viral diseases of central nervous system — Lymphocytic choriomeningitis,L1_01,Infectious and Communicable Diseases,low
ICD-9,491,Other non-arthropod-borne viral diseases of central nervous system — Meningitis due to adenovirus,L1_01,Infectious and Communicable Diseases,low
ICD-9,498,Other non-arthropod-borne viral diseases of central nervous system — Other,L1_01,Infectious and Communicable Diseases,low
ICD-9,499,Other non-arthropod-borne viral diseases of central nervous system — Unspecified,L1_01,Infectious and Communicable Diseases,low
ICD-9,500,Smallpox — Variola major,L1_01,Infectious and Communicable Diseases,high
ICD-9,501,Smallpox — Alastrim,L1_01,Infectious and Communicable Diseases,low
ICD-9,502,Smallpox — Modified smallpox,L1_01,Infectious and Communicable Diseases,low
ICD-9,509,"Smallpox — Smallpox, unspecified",L1_01,Infectious and Communicable Diseases,low
ICD-9,510,Cowpox and paravaccinia — Cowpox,L1_01,Infectious and Communicable Diseases,low
ICD-9,511,Cowpox and paravaccinia — Pseudocowpox,L1_01,Infectious and Communicable Diseases,low
ICD-9,512,Cowpox and paravaccinia — Contagious pustular dermatitis,L1_01,Infectious and Communicable Diseases,low
ICD-9,519,"Cowpox and paravaccinia — Paravaccinia, unspecified",L1_01,Infectious and Communicable Diseases,low
ICD-9,520,Chickenpox — Chickenpox,L1_01,Infectious and Communicable Diseases,low
ICD-9,530,Herpes zoster — With meningitis,L1_01,Infectious and Communicable Diseases,low
ICD-9,531,Herpes zoster — With other nervous system complications,L1_01,Infectious and Communicable Diseases,low
ICD-9,532,Herpes zoster — With ophthalmic complications,L1_01,Infectious and Communicable Diseases,low
ICD-9,537,Herpes zoster — With other complications,L1_01,Infectious and Communicable Diseases,low
ICD-9,538,Herpes zoster — With unspecified complications,L1_01,Infectious and Communicable Diseases,low
ICD-9,539,Herpes zoster — Herpes zoster without mention of complication,L1_01,Infectious and Communicable Diseases,low
ICD-9,540,Herpes simplex — Eczema herpeticum,L1_05,Chronic Non-Communicable Diseases,low
ICD-9,541,Herpes simplex — Genital herpes,L1_01,Infectious and Communicable Diseases,low
ICD-9,542,Herpes simplex — Herpetic gingivostomatitis,L1_01,Infectious and Communicable Diseases,low
ICD-9,543,Herpes simplex — Herpetic meningoencephalitis,L1_01,Infectious and Communicable Diseases,low
ICD-9,544,Herpes simplex — With ophthalmic complications,L1_01,Infectious and Communicable Diseases,low
ICD-9,545,Herpes simplex — Herpetic septicaemia,L1_01,Infectious and Communicable Diseases,low
ICD-9,546,Herpes simplex — Herpetic whitlow,L1_01,Infectious and Communicable Diseases,low
ICD-9,547,Herpes simplex — With other complications,L1_01,Infectious and Communicable Diseases,low
ICD-9,548,Herpes simplex — With unspecified complication,L1_01,Infectious and Communicable Diseases,low
ICD-9,549,Herpes simplex — Herpes simplex without mention of complication,L1_01,Infectious and Communicable Diseases,low
ICD-9,550,Measles — Postmeasles encephalitis,L1_01,Infectious and Communicable Diseases,low
ICD-9,551,Measles — Postmeasles pneumonia,L1_01,Infectious and Communicable Diseases,low
ICD-9,552,Measles — Postmeasles otitis,L1_01,Infectious and Communicable Diseases,low
ICD-9,557,Measles — With other complications,L1_01,Infectious and Communicable Diseases,low
ICD-9,558,Measles — With unspecified complication,L1_01,Infectious and Communicable Diseases,low
ICD-9,559,Measles — Measles without mention of complication,L1_01,Infectious and Communicable Diseases,low
ICD-9,560,Rubella — With neurological complications,L1_01,Infectious and Communicable Diseases,low
ICD-9,567,Rubella — With other complications,L1_01,Infectious and Communicable Diseases,low
ICD-9,568,Rubella — With unspecified complications,L1_01,Infectious and Communicable Diseases,low
ICD-9,569,Rubella — Rubella without mention of complication,L1_01,Infectious and Communicable Diseases,low
ICD-9,570,Other viral exanthemata — Erythema infectiosum (fifth disease),L1_01,Infectious and Communicable Diseases,low
ICD-9,578,Other viral exanthemata — Other,L1_01,Infectious and Communicable Diseases,low
ICD-9,579,Other viral exanthemata — Unspecified,L1_01,Infectious and Communicable Diseases,low
ICD-9,600,Yellow fever — Sylvatic,L1_01,Infectious and Communicable Diseases,low
ICD-9,601,Yellow fever — Urban,L1_01,Infectious and Communicable Diseases,low
ICD-9,609,Yellow fever — Unspecified,L1_01,Infectious and Communicable Diseases,low
ICD-9,610,Dengue — Dengue,L1_01,Infectious and Communicable Diseases,low
ICD-9,620,Mosquito-borne viral encephalitis — Japanese encephalitis,L1_01,Infectious and Communicable Diseases,low
ICD-9,621,Mosquito-borne viral encephalitis — Western equine encephalitis,L1_01,Infectious and Communicable Diseases,low
ICD-9,622,Mosquito-borne viral encephalitis — Eastern equine encephalitis,L1_01,Infectious and Communicable Diseases,low
ICD-9,623,Mosquito-borne viral encephalitis — St. Louis encephalitis,L1_01,Infectious and Communicable Diseases,low
ICD-9,624,Mosquito-borne viral encephalitis — Australian encephalitis,L1_01,Infectious and Communicable Diseases,low
ICD-9,625,Mosquito-borne viral encephalitis — California virus encephalitis,L1_01,Infectious and Communicable Diseases,low
ICD-9,628,Mosquito-borne viral encephalitis — Other,L1_01,Infectious and Communicable Diseases,low
ICD-9,629,Mosquito-borne viral encephalitis — Unspecified,L1_01,Infectious and Communicable Diseases,low
ICD-9,630,Tick-borne viral encephalitis — Russian spring-summer (taiga) encephalitis,L1_01,Infectious and Communicable Diseases,low
ICD-9,631,Tick-borne viral encephalitis — Louping ill,L1_01,Infectious and Communicable Diseases,low
ICD-9,632,Tick-borne viral encephalitis — Central european encephalitis,L1_01,Infectious and Communicable Diseases,low
ICD-9,638,Tick-borne viral encephalitis — Other,L1_01,Infectious and Communicable Diseases,low
ICD-9,639,Tick-borne viral encephalitis — Unspecified,L1_01,Infectious and Communicable Diseases,low
ICD-9,640,Viral encephalitis transmitted by other and unspecified arthropods — Viral encephalitis transmitted by other and unspecified arthropods,L1_01,Infectious and Communicable Diseases,low
ICD-9,650,Arthropod-borne haemorrhagic fever — Crimean haemorrhagic fever (CHF congo virus),L1_01,Infectious and Communicable Diseases,medium
ICD-9,651,Arthropod-borne haemorrhagic fever — Omsk haemorrhagic fever,L1_01,Infectious and Communicable Diseases,medium
ICD-9,652,Arthropod-borne haemorrhagic fever — Kyasanur Forest disease,L1_01,Infectious and Communicable Diseases,medium
ICD-9,653,Arthropod-borne haemorrhagic fever — Other tick-borne haemorrhagic fever,L1_01,Infectious and Communicable Diseases,medium
ICD-9,654,Arthropod-borne haemorrhagic fever — Mosquito-borne haemorrhagic fever,L1_01,Infectious and Communicable Diseases,medium
ICD-9,658,Arthropod-borne haemorrhagic fever — Other,L1_01,Infectious and Communicable Diseases,medium
ICD-9,659,Arthropod-borne haemorrhagic fever — Unspecified,L1_01,Infectious and Communicable Diseases,medium
ICD-9,660,Other arthropod-borne viral diseases — Phlebotomus fever,L1_01,Infectious and Communicable Diseases,low
ICD-9,661,Other arthropod-borne viral diseases — Tick-borne fever,L1_01,Infectious and Communicable Diseases,low
ICD-9,662,Other arthropod-borne viral diseases — Venezuelan equine fever,L1_01,Infectious and Communicable Diseases,low
ICD-9,663,Other arthropod-borne viral diseases — Other mosquito-borne fever,L1_01,Infectious and Communicable Diseases,low
ICD-9,668,Other arthropod-borne viral diseases — Other,L1_01,Infectious and Communicable Diseases,low
ICD-9,669,Other arthropod-borne viral diseases — Unspecified,L1_01,Infectious and Communicable Diseases,low
ICD-9,700,Viral hepatitis — Viral hepatitis A with hepatic coma,L1_01,Infectious and Communicable Diseases,low
ICD-9,701,Viral hepatitis — Viral hepatitis A without mention of hepatic coma,L1_01,Infectious and Communicable Diseases,low
ICD-9,702,Viral hepatitis — Viral hepatitis B with hepatic coma,L1_01,Infectious and Communicable Diseases,low
ICD-9,703,Viral hepatitis — Viral hepatitis B without mention of hepatic coma,L1_01,Infectious and Communicable Diseases,low
ICD-9,704,Viral hepatitis — Other specified viral hepatitis with hepatic coma,L1_01,Infectious and Communicable Diseases,low
ICD-9,705,Viral hepatitis — Other specified viral hepatitis without mention of hepatic coma,L1_01,Infectious and Communicable Diseases,low
ICD-9,706,Viral hepatitis — Unspecified viral hepatitis with hepatic coma,L1_01,Infectious and Communicable Diseases,low
ICD-9,709,Viral hepatitis — Unspecified viral hepatitis without mention of hepatic coma,L1_01,Infectious and Communicable Diseases,low
ICD-9,710,Rabies — Rabies,L1_01,Infectious and Communicable Diseases,low
ICD-9,720,Mumps — Mumps orchitis,L1_01,Infectious and Communicable Diseases,low
ICD-9,721,Mumps — Mumps meningitis,L1_01,Infectious and Communicable Diseases,low
ICD-9,722,Mumps — Mumps encephalitis,L1_01,Infectious and Communicable Diseases,low
ICD-9,723,Mumps — Mumps pancreatitis,L1_01,Infectious and Communicable Diseases,low
ICD-9,727,Mumps — Mumps with other complications,L1_01,Infectious and Communicable Diseases,low
ICD-9,728,Mumps — Mumps with unspecified complication,L1_01,Infectious and Communicable Diseases,low
ICD-9,729,Mumps — Mumps without mention of complication,L1_01,Infectious and Communicable Diseases,low
ICD-9,730,Ornithosis — Ornithosis,L1_01,Infectious and Communicable Diseases,low
ICD-9,740,Specific diseases due to Coxsackie virus — Herpangina,L1_01,Infectious and Communicable Diseases,low
ICD-9,741,Specific diseases due to Coxsackie virus — Epidemic pleurodynia,L1_01,Infectious and Communicable Diseases,low
ICD-9,742,Specific diseases due to Coxsackie virus — Coxsackie carditis,L1_01,Infectious and Communicable Diseases,low
ICD-9,743,"Specific diseases due to Coxsackie virus — Hand, foot and mouth disease",L1_01,Infectious and Communicable Diseases,low
ICD-9,748,Specific diseases due to Coxsackie virus — Other,L1_01,Infectious and Communicable Diseases,low
ICD-9,750,Infectious mononucleosis — Infectious mononucleosis,L1_01,Infectious and Communicable Diseases,low
ICD-9,760,Trachoma — Initial stage,L1_01,Infectious and Communicable Diseases,low
ICD-9,761,Trachoma — Active stage,L1_01,Infectious and Communicable Diseases,low
ICD-9,769,Trachoma — Unspecified,L1_01,Infectious and Communicable Diseases,low
ICD-9,770,Other diseases of conjunctiva due to viruses and chlamydiae — Inclusion conjunctivitis,L1_05,Chronic Non-Communicable Diseases,medium
ICD-9,771,Other diseases of conjunctiva due to viruses and chlamydiae — Epidemic keratoconjunctivitis,L1_05,Chronic Non-Communicable Diseases,medium
ICD-9,772,Other diseases of conjunctiva due to viruses and chlamydiae — Pharyngoconjunctival fever,L1_05,Chronic Non-Communicable Diseases,medium
ICD-9,773,Other diseases of conjunctiva due to viruses and chlamydiae — Other adenoviral conjunctivitis,L1_05,Chronic Non-Communicable Diseases,medium
ICD-9,774,Other diseases of conjunctiva due to viruses and chlamydiae — Epidemic haemorrhagic conjunctivitis,L1_05,Chronic Non-Communicable Diseases,medium
ICD-9,778,Other diseases of conjunctiva due to viruses and chlamydiae — Other viral conjunctivitis,L1_05,Chronic Non-Communicable Diseases,medium
ICD-9,779,Other diseases of conjunctiva due to viruses and chlamydiae — Unspecified,L1_05,Chronic Non-Communicable Diseases,medium
ICD-9,780,Other diseases due to viruses and chlamydiae — Molluscum contagiosum,L1_01,Infectious and Communicable Diseases,low
ICD-9,781,Other diseases due to viruses and chlamydiae — Viral warts,L1_01,Infectious and Communicable Diseases,low
ICD-9,782,Other diseases due to viruses and chlamydiae — Sweating fever,L1_01,Infectious and Communicable Diseases,low
ICD-9,783,Other diseases due to viruses and chlamydiae — Cat-scratch disease,L1_01,Infectious and Communicable Diseases,low
ICD-9,784,Other diseases due to viruses and chlamydiae — Foot and mouth disease,L1_01,Infectious and Communicable Diseases,low
ICD-9,785,Other diseases due to viruses and chlamydiae — Cytomegalic inclusion disease,L1_01,Infectious and Communicable Diseases,low
ICD-9,786,Other diseases due to viruses and chlamydiae — Haemorrhagic nephrosonephritis,L1_01,Infectious and Communicable Diseases,low
ICD-9,787,Other diseases due to viruses and chlamydiae — Arenaviral haemorrhagic fever,L1_01,Infectious and Communicable Diseases,low
ICD-9,788,Other diseases due to viruses and chlamydiae — Other,L1_01,Infectious and Communicable Diseases,low
ICD-9,790,Viral infection in conditions classified elsewhere and of unspecified site — Adenovirus,L1_01,Infectious and Communicable Diseases,low
ICD-9,791,Viral infection in conditions classified elsewhere and of unspecified site — ECHO virus,L1_01,Infectious and Communicable Diseases,low
ICD-9,792,Viral infection in conditions classified elsewhere and of unspecified site — Coxsackie virus,L1_01,Infectious and Communicable Diseases,low
ICD-9,793,Viral infection in conditions classified elsewhere and of unspecified site — Rhinovirus,L1_01,Infectious and Communicable Diseases,low
ICD-9,798,Viral infection in conditions classified elsewhere and of unspecified site — Other,L1_01,Infectious and Communicable Diseases,low
ICD-9,799,Viral infection in conditions classified elsewhere and of unspecified site — Unspecified,L1_01,Infectious and Communicable Diseases,low
ICD-9,800,Louse-borne (epidemic) typhus — Louse-borne (epidemic) typhus,L1_01,Infectious and Communicable Diseases,medium
ICD-9,810,Other typhus — Murine (endemic) typhus,L1_01,Infectious and Communicable Diseases,low
ICD-9,811,Other typhus — Brill's disease,L1_01,Infectious and Communicable Diseases,low
ICD-9,812,Other typhus — Scrub typhus,L1_01,Infectious and Communicable Diseases,low
ICD-9,819,Other typhus — Unspecified,L1_01,Infectious and Communicable Diseases,low
ICD-9,820,Tick-borne rickettsioses — Spotted fevers,L1_01,Infectious and Communicable Diseases,low
ICD-9,821,Tick-borne rickettsioses — Boutonneuse fever,L1_01,Infectious and Communicable Diseases,low
ICD-9,822,Tick-borne rickettsioses — North Asian tick fever,L1_01,Infectious and Communicable Diseases,low
ICD-9,823,Tick-borne rickettsioses — Queensland tick typhus,L1_01,Infectious and Communicable Diseases,medium
ICD-9,828,Tick-borne rickettsioses — Other,L1_01,Infectious and Communicable Diseases,low
ICD-9,829,Tick-borne rickettsioses — Unspecified,L1_01,Infectious and Communicable Diseases,low
ICD-9,830,Other rickettsioses — Q-fever,L1_01,Infectious and Communicable Diseases,low
ICD-9,831,Other rickettsioses — Trench fever,L1_01,Infectious and Communicable Diseases,low
ICD-9,832,Other rickettsioses — Rickettsialpox,L1_01,Infectious and Communicable Diseases,low
ICD-9,838,Other rickettsioses — Other,L1_01,Infectious and Communicable Diseases,low
ICD-9,839,Other rickettsioses — Unspecified,L1_01,Infectious and Communicable Diseases,low
ICD-9,840,Malaria — Falciparum malaria (malignant tertian),L1_01,Infectious and Communicable Diseases,low
ICD-9,841,Malaria — Vivax malaria (benign tertian),L1_01,Infectious and Communicable Diseases,low
ICD-9,842,Malaria — Quartan malaria,L1_01,Infectious and Communicable Diseases,low
ICD-9,843,Malaria — Ovale malaria,L1_01,Infectious and Communicable Diseases,low
ICD-9,844,Malaria — Other malaria,L1_01,Infectious and Communicable Diseases,low
ICD-9,845,Malaria — Mixed,L1_01,Infectious and Communicable Diseases,low
ICD-9,846,Malaria — Unspecified,L1_01,Infectious and Communicable Diseases,low
ICD-9,847,Malaria — Induced malaria,L1_01,Infectious and Communicable Diseases,low
ICD-9,848,Malaria — Blackwater fever,L1_01,Infectious and Communicable Diseases,low
ICD-9,849,Malaria — Other pernicious complications of malaria,L1_01,Infectious and Communicable Diseases,low
ICD-9,850,Leishmaniasis — Visceral (kala-azar),L1_01,Infectious and Communicable Diseases,low
ICD-9,851,"Leishmaniasis — Cutaneous, urban",L1_01,Infectious and Communicable Diseases,low
ICD-9,852,"Leishmaniasis — Cutaneous, Asian desert",L1_01,Infectious and Communicable Diseases,low
ICD-9,853,"Leishmaniasis — Cutaneous, Ethiopian",L1_01,Infectious and Communicable Diseases,low
ICD-9,854,"Leishmaniasis — Cutaneous, American",L1_01,Infectious and Communicable Diseases,low
ICD-9,855,Leishmaniasis — Mucocutaneous (American),L1_01,Infectious and Communicable Diseases,low
ICD-9,859,Leishmaniasis — Unspecified,L1_01,Infectious and Communicable Diseases,low
ICD-9,860,Trypanosomiasis — Chagas's disease with heart involvement,L1_01,Infectious and Communicable Diseases,low
ICD-9,861,Trypanosomiasis — Chagas's disease with other organ involvement,L1_01,Infectious and Communicable Diseases,low
ICD-9,862,Trypanosomiasis — Chagas's disease without mention of organ involvement,L1_01,Infectious and Communicable Diseases,low
ICD-9,863,Trypanosomiasis — Gambian trypanosomiasis,L1_01,Infectious and Communicable Diseases,low
ICD-9,864,Trypanosomiasis — Rhodesian trypanosomiasis,L1_01,Infectious and Communicable Diseases,low
ICD-9,865,"Trypanosomiasis — African trypanosomiasis, unspecified",L1_01,Infectious and Communicable Diseases,low
ICD-9,869,Trypanosomiasis — Unspecified,L1_01,Infectious and Communicable Diseases,low
ICD-9,870,Relapsing fever — Louse-borne,L1_01,Infectious and Communicable Diseases,low
ICD-9,871,Relapsing fever — Tick-borne,L1_01,Infectious and Communicable Diseases,low
ICD-9,879,Relapsing fever — Unspecified,L1_01,Infectious and Communicable Diseases,low
ICD-9,880,Other arthropod-borne diseases — Bartonellosis,L1_01,Infectious and Communicable Diseases,low
ICD-9,888,Other arthropod-borne diseases — Other,L1_01,Infectious and Communicable Diseases,low
ICD-9,889,Other arthropod-borne diseases — Unspecified,L1_01,Infectious and Communicable Diseases,low
ICD-9,900,"Congenital syphilis — Early congenital syphilis, symptomatic",L1_03,Congenital and Developmental Conditions,low
ICD-9,901,"Congenital syphilis — Early congenital syphilis, latent",L1_03,Congenital and Developmental Conditions,low
ICD-9,902,"Congenital syphilis — Early congenital syphilis, unspecified",L1_03,Congenital and Developmental Conditions,low
ICD-9,903,Congenital syphilis — Syphilitic interstitial keratitis,L1_03,Congenital and Developmental Conditions,low
ICD-9,904,Congenital syphilis — Juvenile neurosyphilis,L1_03,Congenital and Developmental Conditions,low
ICD-9,905,"Congenital syphilis — Other late congenital syphilis, symptomatic",L1_03,Congenital and Developmental Conditions,low
ICD-9,906,"Congenital syphilis — Late congenital syphilis, latent",L1_03,Congenital and Developmental Conditions,low
ICD-9,907,"Congenital syphilis — Late congenital syphilis, unspecified",L1_03,Congenital and Developmental Conditions,low
ICD-9,909,"Congenital syphilis — Congenital syphilis, unspecified",L1_03,Congenital and Developmental Conditions,low
ICD-9,910,"Early syphilis, symptomatic — Genital syphilis (primary)",L1_01,Infectious and Communicable Diseases,low
ICD-9,911,"Early syphilis, symptomatic — Primary anal syphilis",L1_01,Infectious and Communicable Diseases,low
ICD-9,912,"Early syphilis, symptomatic — Other primary syphilis",L1_01,Infectious and Communicable Diseases,low
ICD-9,913,"Early syphilis, symptomatic — Secondary syphilis of skin or mucous membranes",L1_01,Infectious and Communicable Diseases,low
ICD-9,914,"Early syphilis, symptomatic — Adenopathy due to secondary syphilis",L1_01,Infectious and Communicable Diseases,low
ICD-9,915,"Early syphilis, symptomatic — Uveitis due to secondary syphilis",L1_01,Infectious and Communicable Diseases,low
ICD-9,916,"Early syphilis, symptomatic — Secondary syphilis of viscera and bone",L1_01,Infectious and Communicable Diseases,low
ICD-9,917,"Early syphilis, symptomatic — Secondary syphilis, relapse",L1_01,Infectious and Communicable Diseases,low
ICD-9,918,"Early syphilis, symptomatic — Other forms of secondary syphilis",L1_01,Infectious and Communicable Diseases,low
ICD-9,919,"Early syphilis, symptomatic — Unspecified secondary syphilis",L1_01,Infectious and Communicable Diseases,low
ICD-9,920,"Early syphilis, latent — Early syphilis, latent, serological relapse after treatment",L1_01,Infectious and Communicable Diseases,low
ICD-9,929,"Early syphilis, latent — Early syphilis, latent, unspecified",L1_01,Infectious and Communicable Diseases,low
ICD-9,930,"Cardiovascular syphilis — Aneurysm of aorta, specified as syphilitic",L1_05,Chronic Non-Communicable Diseases,low
ICD-9,931,Cardiovascular syphilis — Syphilitic aortitis,L1_01,Infectious and Communicable Diseases,low
ICD-9,932,Cardiovascular syphilis — Syphilitic endocarditis,L1_01,Infectious and Communicable Diseases,low
ICD-9,938,Cardiovascular syphilis — Other,L1_01,Infectious and Communicable Diseases,low
ICD-9,939,Cardiovascular syphilis — Unspecified,L1_01,Infectious and Communicable Diseases,low
ICD-9,940,Neurosyphilis — Tabes dorsalis,L1_01,Infectious and Communicable Diseases,low
ICD-9,941,Neurosyphilis — General paresis,L1_01,Infectious and Communicable Diseases,low
ICD-9,942,Neurosyphilis — Syphilitic meningitis,L1_01,Infectious and Communicable Diseases,low
ICD-9,943,Neurosyphilis — Asymptomatic neurosyphilis,L1_01,Infectious and Communicable Diseases,low
ICD-9,948,Neurosyphilis — Other,L1_01,Infectious and Communicable Diseases,low
ICD-9,949,Neurosyphilis — Unspecified,L1_01,Infectious and Communicable Diseases,low
ICD-9,950,"Other forms of late syphilis, with symptoms — Other forms of late syphilis, with symptoms",L1_10,"Ill-Defined, Administrative, and Other Causes",low
ICD-9,960,"Late syphilis, latent — Late syphilis, latent",L1_01,Infectious and Communicable Diseases,low
ICD-9,970,"Other and unspecified syphilis — Late syphilis, unspecified",L1_01,Infectious and Communicable Diseases,low
ICD-9,971,"Other and unspecified syphilis — Latent syphilis, unspecified",L1_01,Infectious and Communicable Diseases,low
ICD-9,979,"Other and unspecified syphilis — Syphilis, unspecified",L1_01,Infectious and Communicable Diseases,low
ICD-9,980,"Gonococcal infections — Acute, of lower genitourinary tract",L1_01,Infectious and Communicable Diseases,low
ICD-9,981,"Gonococcal infections — Acute, of upper genitourinary tract",L1_01,Infectious and Communicable Diseases,low
ICD-9,982,"Gonococcal infections — Chronic, of lower genitourinary tract",L1_05,Chronic Non-Communicable Diseases,low
ICD-9,983,"Gonococcal infections — Chronic, of upper genitourinary tract",L1_05,Chronic Non-Communicable Diseases,low
ICD-9,984,Gonococcal infections — Of eye,L1_01,Infectious and Communicable Diseases,low
ICD-9,985,Gonococcal infections — Of joint,L1_01,Infectious and Communicable Diseases,low
ICD-9,986,Gonococcal infections — Of pharynx,L1_01,Infectious and Communicable Diseases,low
ICD-9,987,Gonococcal infections — Of anus and rectum,L1_01,Infectious and Communicable Diseases,low
ICD-9,988,Gonococcal infections — Of other sites,L1_01,Infectious and Communicable Diseases,low
ICD-9,990,Other venereal diseases — Chancroid,L1_01,Infectious and Communicable Diseases,low
ICD-9,991,Other venereal diseases — Lymphogranuloma venereum,L1_01,Infectious and Communicable Diseases,low
ICD-9,992,Other venereal diseases — Granuloma inguinale,L1_01,Infectious and Communicable Diseases,low
ICD-9,993,Other venereal diseases — Reiter's disease,L1_01,Infectious and Communicable Diseases,low
ICD-9,994,Other venereal diseases — Other nongonococcal urethritis,L1_01,Infectious and Communicable Diseases,low
ICD-9,998,Other venereal diseases — Other,L1_01,Infectious and Communicable Diseases,low
ICD-9,999,Other venereal diseases — Unspecified,L1_01,Infectious and Communicable Diseases,low
ICD-9,1000,Leptospirosis — Leptospirosis icterohaemorrhagica,L1_01,Infectious and Communicable Diseases,low
ICD-9,1008,Leptospirosis — Other,L1_01,Infectious and Communicable Diseases,low
ICD-9,1009,Leptospirosis — Unspecified,L1_01,Infectious and Communicable Diseases,low
ICD-9,1010,Vincent's angina — Vincent's angina,L1_01,Infectious and Communicable Diseases,low
ICD-9,1020,Yaws — Initial lesions,L1_01,Infectious and Communicable Diseases,low
ICD-9,1021,Yaws — Multiple papillomata and wet crab yaws,L1_01,Infectious and Communicable Diseases,low
ICD-9,1022,Yaws — Other early skin lesions,L1_01,Infectious and Communicable Diseases,low
ICD-9,1023,Yaws — Hyperkeratosis,L1_01,Infectious and Communicable Diseases,low
ICD-9,1024,Yaws — Gummata and ulcers,L1_05,Chronic Non-Communicable Diseases,low
ICD-9,1025,Yaws — Gangosa,L1_01,Infectious and Communicable Diseases,low
ICD-9,1026,Yaws — Bone and joint lesions,L1_01,Infectious and Communicable Diseases,low
ICD-9,1027,Yaws — Other manifestations,L1_01,Infectious and Communicable Diseases,low
ICD-9,1028,Yaws — Latent yaws,L1_01,Infectious and Communicable Diseases,low
ICD-9,1029,"Yaws — Yaws, unspecified",L1_01,Infectious and Communicable Diseases,low
ICD-9,1030,Pinta — Primary lesions,L1_01,Infectious and Communicable Diseases,low
ICD-9,1031,Pinta — Intermediate lesions,L1_01,Infectious and Communicable Diseases,low
ICD-9,1032,Pinta — Late lesions,L1_01,Infectious and Communicable Diseases,low
ICD-9,1033,Pinta — Mixed lesions,L1_01,Infectious and Communicable Diseases,low
ICD-9,1039,Pinta — Unspecified,L1_01,Infectious and Communicable Diseases,low
ICD-9,1040,Other spirochaetal infection — Nonvenereal endemic syphilis,L1_01,Infectious and Communicable Diseases,low
ICD-9,1048,Other spirochaetal infection — Other,L1_01,Infectious and Communicable Diseases,low
ICD-9,1049,Other spirochaetal infection — Unspecified,L1_01,Infectious and Communicable Diseases,low
ICD-9,1100,Dermatophytosis — Of scalp and beard,L1_01,Infectious and Communicable Diseases,low
ICD-9,1101,Dermatophytosis — Of nail,L1_01,Infectious and Communicable Diseases,low
ICD-9,1102,Dermatophytosis — Of hand,L1_01,Infectious and Communicable Diseases,low
ICD-9,1103,Dermatophytosis — Of groin and perianal area,L1_01,Infectious and Communicable Diseases,low
ICD-9,1104,Dermatophytosis — Of foot,L1_01,Infectious and Communicable Diseases,low
ICD-9,1105,Dermatophytosis — Of the body,L1_01,Infectious and Communicable Diseases,low
ICD-9,1106,Dermatophytosis — Deep seated dermatophytosis,L1_01,Infectious and Communicable Diseases,low
ICD-9,1108,Dermatophytosis — Of other sites,L1_01,Infectious and Communicable Diseases,low
ICD-9,1109,Dermatophytosis — Of unspecified site,L1_01,Infectious and Communicable Diseases,low
ICD-9,1110,"Dermatomycosis, other and unspecified — Pityriasis versicolor",L1_01,Infectious and Communicable Diseases,low
ICD-9,1111,"Dermatomycosis, other and unspecified — Tinea nigra",L1_01,Infectious and Communicable Diseases,low
ICD-9,1112,"Dermatomycosis, other and unspecified — Tinea blanca",L1_01,Infectious and Communicable Diseases,low
ICD-9,1113,"Dermatomycosis, other and unspecified — Black piedra",L1_01,Infectious and Communicable Diseases,low
ICD-9,1118,"Dermatomycosis, other and unspecified — Other",L1_01,Infectious and Communicable Diseases,low
ICD-9,1119,"Dermatomycosis, other and unspecified — Unspecified",L1_01,Infectious and Communicable Diseases,low
ICD-9,1120,Candidiasis — Of mouth,L1_01,Infectious and Communicable Diseases,low
ICD-9,1121,Candidiasis — Of vulva and vagina,L1_01,Infectious and Communicable Diseases,low
ICD-9,1122,Candidiasis — Of other urogenital sites,L1_01,Infectious and Communicable Diseases,low
ICD-9,1123,Candidiasis — Of skin and nails,L1_01,Infectious and Communicable Diseases,low
ICD-9,1124,Candidiasis — Of lung,L1_01,Infectious and Communicable Diseases,low
ICD-9,1125,Candidiasis — Disseminated,L1_01,Infectious and Communicable Diseases,low
ICD-9,1128,Candidiasis — Of other sites,L1_01,Infectious and Communicable Diseases,low
ICD-9,1129,Candidiasis — Of unspecified site,L1_01,Infectious and Communicable Diseases,low
ICD-9,1140,Coccidioidomycosis — Coccidioidomycosis,L1_01,Infectious and Communicable Diseases,low
ICD-9,1150,Histoplasmosis — Infection by Histoplasma capsulatum,L1_01,Infectious and Communicable Diseases,low
ICD-9,1151,Histoplasmosis — Infection by Histoplasma duboisii,L1_01,Infectious and Communicable Diseases,low
ICD-9,1159,Histoplasmosis — Unspecified,L1_01,Infectious and Communicable Diseases,low
ICD-9,1160,Blastomycotic infection — Blastomycosis,L1_01,Infectious and Communicable Diseases,low
ICD-9,1161,Blastomycotic infection — Paracoccidioidomycosis,L1_01,Infectious and Communicable Diseases,low
ICD-9,1162,Blastomycotic infection — Lobomycosis,L1_01,Infectious and Communicable Diseases,low
ICD-9,1170,Other mycoses — Rhinosporidiosis,L1_01,Infectious and Communicable Diseases,low
ICD-9,1171,Other mycoses — Sporotrichosis,L1_01,Infectious and Communicable Diseases,low
ICD-9,1172,Other mycoses — Chromoblastomycosis,L1_01,Infectious and Communicable Diseases,low
ICD-9,1173,Other mycoses — Aspergillosis,L1_01,Infectious and Communicable Diseases,low
ICD-9,1174,Other mycoses — Mycotic mycetomas,L1_01,Infectious and Communicable Diseases,low
ICD-9,1175,Other mycoses — Cryptococcosis,L1_01,Infectious and Communicable Diseases,low
ICD-9,1176,Other mycoses — Allescheriosis (Petriellidosis),L1_01,Infectious and Communicable Diseases,low
ICD-9,1177,Other mycoses — Zygomycosis (Phycomycosis or Mucormycosis),L1_01,Infectious and Communicable Diseases,low
ICD-9,1178,Other mycoses — Infection by dematiacious fungi (Phaeohyphomycosis),L1_01,Infectious and Communicable Diseases,low
ICD-9,1179,Other mycoses — Other and unspecified,L1_01,Infectious and Communicable Diseases,low
ICD-9,1180,Opportunistic mycoses — Opportunistic mycoses,L1_01,Infectious and Communicable Diseases,low
ICD-9,1200,Schistosomiasis (bilharziasis) — Schistosoma haematobium,L1_01,Infectious and Communicable Diseases,low
ICD-9,1201,Schistosomiasis (bilharziasis) — Schistosoma mansoni,L1_01,Infectious and Communicable Diseases,low
ICD-9,1202,Schistosomiasis (bilharziasis) — Schistosoma japonicum,L1_01,Infectious and Communicable Diseases,low
ICD-9,1203,Schistosomiasis (bilharziasis) — Cutaneous,L1_01,Infectious and Communicable Diseases,low
ICD-9,1208,Schistosomiasis (bilharziasis) — Other,L1_01,Infectious and Communicable Diseases,low
ICD-9,1209,Schistosomiasis (bilharziasis) — Unspecified,L1_01,Infectious and Communicable Diseases,low
ICD-9,1210,Other trematode infections — Opisthorchiasis,L1_01,Infectious and Communicable Diseases,low
ICD-9,1211,Other trematode infections — Clonorchiasis,L1_01,Infectious and Communicable Diseases,low
ICD-9,1212,Other trematode infections — Paragonimiasis,L1_01,Infectious and Communicable Diseases,low
ICD-9,1213,Other trematode infections — Fascioliasis,L1_01,Infectious and Communicable Diseases,low
ICD-9,1214,Other trematode infections — Fasciolopsiasis,L1_01,Infectious and Communicable Diseases,low
ICD-9,1215,Other trematode infections — Metagonimiasis,L1_01,Infectious and Communicable Diseases,low
ICD-9,1216,Other trematode infections — Heterophyiasis,L1_01,Infectious and Communicable Diseases,low
ICD-9,1218,Other trematode infections — Other,L1_01,Infectious and Communicable Diseases,low
ICD-9,1219,Other trematode infections — Unspecified,L1_01,Infectious and Communicable Diseases,low
ICD-9,1220,Echinococcosis — Echinococcus granulosus infection of liver,L1_01,Infectious and Communicable Diseases,low
ICD-9,1221,Echinococcosis — Echinococcus granulosus infection of lung,L1_01,Infectious and Communicable Diseases,low
ICD-9,1222,Echinococcosis — Echinococcus granulosus infection of thyroid,L1_01,Infectious and Communicable Diseases,low
ICD-9,1223,"Echinococcosis — Echinococcus granulosus infection, other",L1_01,Infectious and Communicable Diseases,low
ICD-9,1224,"Echinococcosis — Echinococcus granulosus infection, unspecified",L1_01,Infectious and Communicable Diseases,low
ICD-9,1225,Echinococcosis — Echinococcus multilocularis infection of liver,L1_01,Infectious and Communicable Diseases,low
ICD-9,1226,"Echinococcosis — Echinococcus multilocularis infection, other",L1_01,Infectious and Communicable Diseases,low
ICD-9,1227,"Echinococcosis — Echinococcus multilocularis infection, unspecified",L1_01,Infectious and Communicable Diseases,low
ICD-9,1228,"Echinococcosis — Echinococcosis, unspecified, of liver",L1_01,Infectious and Communicable Diseases,low
ICD-9,1229,"Echinococcosis — Echinococcosis, other and unspecified",L1_01,Infectious and Communicable Diseases,low
ICD-9,1230,"Other cestode infection — Taenia solium infection, intestinal form",L1_01,Infectious and Communicable Diseases,low
ICD-9,1231,Other cestode infection — Cysticercosis,L1_01,Infectious and Communicable Diseases,low
ICD-9,1232,Other cestode infection — Taenia saginata infection,L1_01,Infectious and Communicable Diseases,low
ICD-9,1233,"Other cestode infection — Taeniasis, unspecified",L1_01,Infectious and Communicable Diseases,low
ICD-9,1234,"Other cestode infection — Diphyllobothriasis, intestinal",L1_01,Infectious and Communicable Diseases,low
ICD-9,1235,Other cestode infection — Sparganosis (larval diphyllobothriasis),L1_01,Infectious and Communicable Diseases,low
ICD-9,1236,Other cestode infection — Hymenolepiasis,L1_01,Infectious and Communicable Diseases,low
ICD-9,1238,Other cestode infection — Other,L1_01,Infectious and Communicable Diseases,low
ICD-9,1239,Other cestode infection — Unspecified,L1_01,Infectious and Communicable Diseases,low
ICD-9,1240,Trichinosis — Trichinosis,L1_01,Infectious and Communicable Diseases,low
ICD-9,1250,Filarial infection and dracontiasis — Bancroftian filariasis,L1_01,Infectious and Communicable Diseases,low
ICD-9,1251,Filarial infection and dracontiasis — Malayan filariasis,L1_01,Infectious and Communicable Diseases,low
ICD-9,1252,Filarial infection and dracontiasis — Loiasis,L1_01,Infectious and Communicable Diseases,low
ICD-9,1253,Filarial infection and dracontiasis — Onchocerciasis,L1_01,Infectious and Communicable Diseases,low
ICD-9,1254,Filarial infection and dracontiasis — Dipetalonemiasis,L1_01,Infectious and Communicable Diseases,low
ICD-9,1255,Filarial infection and dracontiasis — Mansonella ozzardi infection,L1_01,Infectious and Communicable Diseases,low
ICD-9,1256,Filarial infection and dracontiasis — Other specified filariasis,L1_01,Infectious and Communicable Diseases,low
ICD-9,1257,Filarial infection and dracontiasis — Dracontiasis,L1_01,Infectious and Communicable Diseases,low
ICD-9,1259,Filarial infection and dracontiasis — Unspecified filariasis,L1_01,Infectious and Communicable Diseases,low
ICD-9,1260,Ancylostomiasis and necatoriasis — Ancylostoma duodenale,L1_01,Infectious and Communicable Diseases,low
ICD-9,1261,Ancylostomiasis and necatoriasis — Necator americanus,L1_01,Infectious and Communicable Diseases,low
ICD-9,1262,Ancylostomiasis and necatoriasis — Ancylostoma braziliense,L1_01,Infectious and Communicable Diseases,low
ICD-9,1263,Ancylostomiasis and necatoriasis — Ancylostoma ceylanicum,L1_01,Infectious and Communicable Diseases,low
ICD-9,1268,Ancylostomiasis and necatoriasis — Other specified ancylostoma,L1_01,Infectious and Communicable Diseases,low
ICD-9,1269,Ancylostomiasis and necatoriasis — Unspecified,L1_01,Infectious and Communicable Diseases,low
ICD-9,1270,Other intestinal helminthiases — Ascariasis,L1_01,Infectious and Communicable Diseases,low
ICD-9,1271,Other intestinal helminthiases — Anisakiasis,L1_01,Infectious and Communicable Diseases,low
ICD-9,1272,Other intestinal helminthiases — Strongyloidiasis,L1_01,Infectious and Communicable Diseases,low
ICD-9,1273,Other intestinal helminthiases — Trichuriasis,L1_01,Infectious and Communicable Diseases,low
ICD-9,1274,Other intestinal helminthiases — Enterobiasis,L1_01,Infectious and Communicable Diseases,low
ICD-9,1275,Other intestinal helminthiases — Capillariasis,L1_01,Infectious and Communicable Diseases,low
ICD-9,1276,Other intestinal helminthiases — Trichostrongyliasis,L1_01,Infectious and Communicable Diseases,low
ICD-9,1277,Other intestinal helminthiases — Other intestinal helminthiasis,L1_01,Infectious and Communicable Diseases,low
ICD-9,1278,Other intestinal helminthiases — Mixed intestinal helminthiasis,L1_01,Infectious and Communicable Diseases,low
ICD-9,1279,"Other intestinal helminthiases — Intestinal helminthiasis, unspecified",L1_01,Infectious and Communicable Diseases,low
ICD-9,1280,Other and unspecified helminthiases — Toxocariasis,L1_01,Infectious and Communicable Diseases,low
ICD-9,1281,Other and unspecified helminthiases — Gnathostomiasis,L1_01,Infectious and Communicable Diseases,low
ICD-9,1288,Other and unspecified helminthiases — Other,L1_01,Infectious and Communicable Diseases,low
ICD-9,1289,Other and unspecified helminthiases — Unspecified,L1_01,Infectious and Communicable Diseases,low
ICD-9,1290,"Intestinal parasitism, unspecified — Intestinal parasitism, unspecified",L1_01,Infectious and Communicable Diseases,low
ICD-9,1300,Toxoplasmosis — Toxoplasmosis,L1_01,Infectious and Communicable Diseases,low
ICD-9,1310,Trichomoniasis — Urogenital trichomoniasis,L1_01,Infectious and Communicable Diseases,low
ICD-9,1318,Trichomoniasis — Other sites,L1_01,Infectious and Communicable Diseases,low
ICD-9,1319,Trichomoniasis — Unspecified,L1_01,Infectious and Communicable Diseases,low
ICD-9,1320,Pediculosis and phthirus infestation — Pediculus capitis (head louse),L1_01,Infectious and Communicable Diseases,low
ICD-9,1321,Pediculosis and phthirus infestation — Pediculus corporis (body louse),L1_01,Infectious and Communicable Diseases,low
ICD-9,1322,Pediculosis and phthirus infestation — Phthirus pubis (pubic louse),L1_01,Infectious and Communicable Diseases,low
ICD-9,1323,Pediculosis and phthirus infestation — Mixed,L1_01,Infectious and Communicable Diseases,low
ICD-9,1329,"Pediculosis and phthirus infestation — Pediculosis, unspecified",L1_01,Infectious and Communicable Diseases,low
ICD-9,1330,Acariasis — Scabies,L1_01,Infectious and Communicable Diseases,low
ICD-9,1338,Acariasis — Other,L1_01,Infectious and Communicable Diseases,low
ICD-9,1339,Acariasis — Unspecified,L1_01,Infectious and Communicable Diseases,low
ICD-9,1340,Other infestation — Myiasis,L1_01,Infectious and Communicable Diseases,low
ICD-9,1341,Other infestation — Other arthropod infestation,L1_01,Infectious and Communicable Diseases,low
ICD-9,1342,Other infestation — Hirudiniasis,L1_01,Infectious and Communicable Diseases,low
ICD-9,1348,Other infestation — Other,L1_01,Infectious and Communicable Diseases,low
ICD-9,1349,Other infestation — Unspecified,L1_01,Infectious and Communicable Diseases,low
ICD-9,1350,Sarcoidosis — Sarcoidosis,L1_01,Infectious and Communicable Diseases,low
ICD-9,1360,Other and unspecified infectious and parasitic diseases — Ainhum,L1_01,Infectious and Communicable Diseases,low
ICD-9,1361,Other and unspecified infectious and parasitic diseases — Behcet's syndrome,L1_01,Infectious and Communicable Diseases,low
ICD-9,1362,Other and unspecified infectious and parasitic diseases — Specific infections by free-living amoebae,L1_01,Infectious and Communicable Diseases,low
ICD-9,1363,Other and unspecified infectious and parasitic diseases — Pneumocystosis,L1_01,Infectious and Communicable Diseases,low
ICD-9,1364,Other and unspecified infectious and parasitic diseases — Psorospermiasis,L1_01,Infectious and Communicable Diseases,low
ICD-9,1365,Other and unspecified infectious and parasitic diseases — Sarcosporidiosis,L1_01,Infectious and Communicable Diseases,low
ICD-9,1368,Other and unspecified infectious and parasitic diseases — Other,L1_01,Infectious and Communicable Diseases,low
ICD-9,1369,Other and unspecified infectious and parasitic diseases — Unspecified,L1_01,Infectious and Communicable Diseases,low
ICD-9,1370,Late effects of tuberculosis — Late effects of respiratory or unspecified tuberculosis,L1_01,Infectious and Communicable Diseases,low
ICD-9,1371,Late effects of tuberculosis — Late effects of central nervous system tuberculosis,L1_01,Infectious and Communicable Diseases,low
ICD-9,1372,Late effects of tuberculosis — Late effects of genitourinary tuberculosis,L1_01,Infectious and Communicable Diseases,low
ICD-9,1373,Late effects of tuberculosis — Late effects of tuberculosis of bones and joints,L1_01,Infectious and Communicable Diseases,low
ICD-9,1374,Late effects of tuberculosis — Late effects of tuberculosis of other specified organs,L1_01,Infectious and Communicable Diseases,low
ICD-9,1380,Late effects of acute poliomyelitis — Late effects of acute poliomyelitis,L1_01,Infectious and Communicable Diseases,low
ICD-9,1390,Late effects of other infectious and parasitic diseases — Late effects of viral encephalitis,L1_01,Infectious and Communicable Diseases,low
ICD-9,1391,Late effects of other infectious and parasitic diseases — Late effects of trachoma,L1_01,Infectious and Communicable Diseases,low
ICD-9,1398,Late effects of other infectious and parasitic diseases — Late effects of other and unspecified infectious and parasitic diseases,L1_01,Infectious and Communicable Diseases,low
ICD-9,1400,"Malignant neoplasm of lip — Upper lip, vermilion border",L1_05,Chronic Non-Communicable Diseases,medium
ICD-9,1401,"Malignant neoplasm of lip — Lower lip, vermilion border",L1_05,Chronic Non-Communicable Diseases,medium
ICD-9,1403,"Malignant neoplasm of lip — Upper lip, inner aspect",L1_05,Chronic Non-Communicable Diseases,medium
ICD-9,1404,"Malignant neoplasm of lip — Lower lip, inner aspect",L1_05,Chronic Non-Communicable Diseases,medium
ICD-9,1405,"Malignant neoplasm of lip — Lip, unspecified, inner aspect",L1_05,Chronic Non-Communicable Diseases,medium
ICD-9,1406,Malignant neoplasm of lip — Commissure of lip,L1_05,Chronic Non-Communicable Diseases,medium
ICD-9,1408,Malignant neoplasm of lip — Other,L1_05,Chronic Non-Communicable Diseases,medium
ICD-9,1409,"Malignant neoplasm of lip — Lip, unspecified, vermilion border",L1_05,Chronic Non-Communicable Diseases,medium
ICD-9,1410,Malignant neoplasm of tongue — Base of tongue,L1_05,Chronic Non-Communicable Diseases,medium
ICD-9,1411,Malignant neoplasm of tongue — Dorsal surface of tongue,L1_05,Chronic Non-Communicable Diseases,medium
ICD-9,1412,Malignant neoplasm of tongue — Tip and lateral border of tongue,L1_05,Chronic Non-Communicable Diseases,medium
ICD-9,1413,Malignant neoplasm of tongue — Ventral surface of tongue,L1_05,Chronic Non-Communicable Diseases,medium
ICD-9,1414,"Malignant neoplasm of tongue — Anterior two-thirds of tongue, part unspecified",L1_05,Chronic Non-Communicable Diseases,medium
ICD-9,1415,Malignant neoplasm of tongue — Junctional zone,L1_05,Chronic Non-Communicable Diseases,medium
ICD-9,1416,Malignant neoplasm of tongue — Lingual tonsil,L1_05,Chronic Non-Communicable Diseases,medium
ICD-9,1418,Malignant neoplasm of tongue — Other,L1_05,Chronic Non-Communicable Diseases,medium
ICD-9,1419,"Malignant neoplasm of tongue — Tongue, unspecified",L1_05,Chronic Non-Communicable Diseases,medium
ICD-9,1420,Malignant neoplasm of major salivary glands — Parotid gland,L1_05,Chronic Non-Communicable Diseases,medium
ICD-9,1421,Malignant neoplasm of major salivary glands — Submandibular gland,L1_05,Chronic Non-Communicable Diseases,medium
ICD-9,1422,Malignant neoplasm of major salivary glands — Sublingual gland,L1_05,Chronic Non-Communicable Diseases,medium
ICD-9,1428,Malignant neoplasm of major salivary glands — Other,L1_05,Chronic Non-Communicable Diseases,medium
ICD-9,1429,Malignant neoplasm of major salivary glands — Site unspecified,L1_05,Chronic Non-Communicable Diseases,medium
ICD-9,1430,Malignant neoplasm of gum — Upper gum,L1_05,Chronic Non-Communicable Diseases,medium
ICD-9,1431,Malignant neoplasm of gum — Lower gum,L1_05,Chronic Non-Communicable Diseases,medium
ICD-9,1438,Malignant neoplasm of gum — Other,L1_05,Chronic Non-Communicable Diseases,medium
ICD-9,1439,"Malignant neoplasm of gum — Gum, unspecified",L1_05,Chronic Non-Communicable Diseases,medium
ICD-9,1440,Malignant neoplasm of floor of mouth — Anterior portion,L1_05,Chronic Non-Communicable Diseases,medium
ICD-9,1441,Malignant neoplasm of floor of mouth — Lateral portion,L1_05,Chronic Non-Communicable Diseases,medium
ICD-9,1448,Malignant neoplasm of floor of mouth — Other,L1_05,Chronic Non-Communicable Diseases,medium
ICD-9,1449,Malignant neoplasm of floor of mouth — Part unspecified,L1_05,Chronic Non-Communicable Diseases,medium
ICD-9,1450,Malignant neoplasm of other and unspecified parts of mouth — Cheek mucosa,L1_05,Chronic Non-Communicable Diseases,medium
ICD-9,1451,Malignant neoplasm of other and unspecified parts of mouth — Vestibule of mouth,L1_05,Chronic Non-Communicable Diseases,medium
ICD-9,1452,Malignant neoplasm of other and unspecified parts of mouth — Hard palate,L1_05,Chronic Non-Communicable Diseases,medium
ICD-9,1453,Malignant neoplasm of other and unspecified parts of mouth — Soft palate,L1_05,Chronic Non-Communicable Diseases,medium
ICD-9,1454,Malignant neoplasm of other and unspecified parts of mouth — Uvula,L1_05,Chronic Non-Communicable Diseases,medium
ICD-9,1455,"Malignant neoplasm of other and unspecified parts of mouth — Palate, unspecified",L1_05,Chronic Non-Communicable Diseases,medium
ICD-9,1456,Malignant neoplasm of other and unspecified parts of mouth — Retromolar area,L1_05,Chronic Non-Communicable Diseases,medium
ICD-9,1458,Malignant neoplasm of other and unspecified parts of mouth — Other,L1_05,Chronic Non-Communicable Diseases,medium
ICD-9,1459,"Malignant neoplasm of other and unspecified parts of mouth — Mouth, unspecified",L1_05,Chronic Non-Communicable Diseases,medium
ICD-9,1460,Malignant neoplasm of oropharynx — Tonsil,L1_05,Chronic Non-Communicable Diseases,medium
ICD-9,1461,Malignant neoplasm of oropharynx — Tonsillar fossa,L1_05,Chronic Non-Communicable Diseases,medium
ICD-9,1462,Malignant neoplasm of oropharynx — Tonsillar pillars (anterior) (posterior),L1_05,Chronic Non-Communicable Diseases,medium
ICD-9,1463,Malignant neoplasm of oropharynx — Vallecula,L1_05,Chronic Non-Communicable Diseases,medium
ICD-9,1464,Malignant neoplasm of oropharynx — Anterior aspect of epiglottis,L1_05,Chronic Non-Communicable Diseases,medium
ICD-9,1465,Malignant neoplasm of oropharynx — Junctional region,L1_05,Chronic Non-Communicable Diseases,medium
ICD-9,1466,Malignant neoplasm of oropharynx — Lateral wall of oropharynx,L1_05,Chronic Non-Communicable Diseases,medium
ICD-9,1467,Malignant neoplasm of oropharynx — Posterior wall of oropharynx,L1_05,Chronic Non-Communicable Diseases,medium
ICD-9,1468,Malignant neoplasm of oropharynx — Other,L1_05,Chronic Non-Communicable Diseases,medium
ICD-9,1469,"Malignant neoplasm of oropharynx — Oropharynx, unspecified",L1_05,Chronic Non-Communicable Diseases,medium
ICD-9,1470,Malignant neoplasm of nasopharynx — Superior wall,L1_05,Chronic Non-Communicable Diseases,medium
ICD-9,1471,Malignant neoplasm of nasopharynx — Posterior wall,L1_05,Chronic Non-Communicable Diseases,medium
ICD-9,1472,Malignant neoplasm of nasopharynx — Lateral wall,L1_05,Chronic Non-Communicable Diseases,medium
ICD-9,1473,Malignant neoplasm of nasopharynx — Anterior wall,L1_05,Chronic Non-Communicable Diseases,medium
ICD-9,1478,Malignant neoplasm of nasopharynx — Other,L1_05,Chronic Non-Communicable Diseases,medium
ICD-9,1479,"Malignant neoplasm of nasopharynx — Nasopharynx, unspecified",L1_05,Chronic Non-Communicable Diseases,medium
ICD-9,1480,Malignant neoplasm of hypopharynx — Postcricoid region,L1_05,Chronic Non-Communicable Diseases,medium
ICD-9,1481,Malignant neoplasm of hypopharynx — Pyriform sinus,L1_05,Chronic Non-Communicable Diseases,medium
ICD-9,1482,"Malignant neoplasm of hypopharynx — Aryepiglottic fold, hypopharyngeal aspect",L1_05,Chronic Non-Communicable Diseases,medium
ICD-9,1483,Malignant neoplasm of hypopharynx — Posterior hypopharyngeal wall,L1_05,Chronic Non-Communicable Diseases,medium
ICD-9,1488,Malignant neoplasm of hypopharynx — Other,L1_05,Chronic Non-Communicable Diseases,medium
ICD-9,1489,"Malignant neoplasm of hypopharynx — Hypopharynx, unspecified",L1_05,Chronic Non-Communicable Diseases,medium
ICD-9,1490,"Malignant neoplasm of other and ill-defined sites within the lip, oral cavity and pharynx — Pharynx, unspecified",L1_05,Chronic Non-Communicable Diseases,medium
ICD-9,1491,"Malignant neoplasm of other and ill-defined sites within the lip, oral cavity and pharynx — Waldeyer's ring",L1_05,Chronic Non-Communicable Diseases,medium
ICD-9,1498,"Malignant neoplasm of other and ill-defined sites within the lip, oral cavity and pharynx — Other",L1_05,Chronic Non-Communicable Diseases,medium
ICD-9,1499,"Malignant neoplasm of other and ill-defined sites within the lip, oral cavity and pharynx — Ill-defined",L1_05,Chronic Non-Communicable Diseases,medium
ICD-9,1500,Malignant neoplasm of oesophagus — Cervical part,L1_05,Chronic Non-Communicable Diseases,medium
ICD-9,1501,Malignant neoplasm of oesophagus — Thoracic part,L1_05,Chronic Non-Communicable Diseases,medium
ICD-9,1502,Malignant neoplasm of oesophagus — Abdominal part,L1_05,Chronic Non-Communicable Diseases,medium
ICD-9,1503,Malignant neoplasm of oesophagus — Upper third,L1_05,Chronic Non-Communicable Diseases,medium
ICD-9,1504,Malignant neoplasm of oesophagus — Middle third,L1_05,Chronic Non-Communicable Diseases,medium
ICD-9,1505,Malignant neoplasm of oesophagus — Lower third,L1_05,Chronic Non-Communicable Diseases,medium
ICD-9,1508,Malignant neoplasm of oesophagus — Other,L1_05,Chronic Non-Communicable Diseases,medium
ICD-9,1509,"Malignant neoplasm of oesophagus — Oesophagus, unspecified",L1_05,Chronic Non-Communicable Diseases,medium
ICD-9,1510,Malignant neoplasm of stomach — Cardia,L1_05,Chronic Non-Communicable Diseases,medium
ICD-9,1511,Malignant neoplasm of stomach — Pylorus,L1_05,Chronic Non-Communicable Diseases,medium
ICD-9,1512,Malignant neoplasm of stomach — Pyloric antrum,L1_05,Chronic Non-Communicable Diseases,medium
ICD-9,1513,Malignant neoplasm of stomach — Fundus of stomach,L1_05,Chronic Non-Communicable Diseases,medium
ICD-9,1514,Malignant neoplasm of stomach — Body of stomach,L1_05,Chronic Non-Communicable Diseases,medium
ICD-9,1515,"Malignant neoplasm of stomach — Lesser curvature, unspecified",L1_05,Chronic Non-Communicable Diseases,medium
ICD-9,1516,"Malignant neoplasm of stomach — Greater curvature, unspecified",L1_05,Chronic Non-Communicable Diseases,medium
ICD-9,1518,Malignant neoplasm of stomach — Other,L1_05,Chronic Non-Communicable Diseases,medium
ICD-9,1519,"Malignant neoplasm of stomach — Stomach, unspecified",L1_05,Chronic Non-Communicable Diseases,medium
ICD-9,1520,"Malignant neoplasm of small intestine, including duodenum — Duodenum",L1_05,Chronic Non-Communicable Diseases,medium
ICD-9,1521,"Malignant neoplasm of small intestine, including duodenum — Jejunum",L1_05,Chronic Non-Communicable Diseases,medium
ICD-9,1522,"Malignant neoplasm of small intestine, including duodenum — Ileum",L1_05,Chronic Non-Communicable Diseases,medium
ICD-9,1523,"Malignant neoplasm of small intestine, including duodenum — Meckel's diverticulum",L1_05,Chronic Non-Communicable Diseases,medium
ICD-9,1528,"Malignant neoplasm of small intestine, including duodenum — Other",L1_05,Chronic Non-Communicable Diseases,medium
ICD-9,1529,"Malignant neoplasm of small intestine, including duodenum — Small intestine, unspecified",L1_05,Chronic Non-Communicable Diseases,medium
ICD-9,1530,Malignant neoplasm of colon — Hepatic flexure,L1_05,Chronic Non-Communicable Diseases,medium
ICD-9,1531,Malignant neoplasm of colon — Transverse colon,L1_05,Chronic Non-Communicable Diseases,medium
ICD-9,1532,Malignant neoplasm of colon — Descending colon,L1_05,Chronic Non-Communicable Diseases,medium
ICD-9,1533,Malignant neoplasm of colon — Sigmoid colon,L1_05,Chronic Non-Communicable Diseases,medium
ICD-9,1534,Malignant neoplasm of colon — Caecum,L1_05,Chronic Non-Communicable Diseases,medium
ICD-9,1535,Malignant neoplasm of colon — Appendix,L1_05,Chronic Non-Communicable Diseases,medium
ICD-9,1536,Malignant neoplasm of colon — Ascending colon,L1_05,Chronic Non-Communicable Diseases,medium
ICD-9,1537,Malignant neoplasm of colon — Splenic flexure,L1_05,Chronic Non-Communicable Diseases,medium
ICD-9,1538,Malignant neoplasm of colon — Other,L1_05,Chronic Non-Communicable Diseases,medium
ICD-9,1539,"Malignant neoplasm of colon — Colon, unspecified",L1_05,Chronic Non-Communicable Diseases,medium
ICD-9,1540,"Malignant neoplasm of rectum, rectosigmoid junction and anus — Rectosigmoid junction",L1_05,Chronic Non-Communicable Diseases,medium
ICD-9,1541,"Malignant neoplasm of rectum, rectosigmoid junction and anus — Rectum",L1_05,Chronic Non-Communicable Diseases,medium
ICD-9,1542,"Malignant neoplasm of rectum, rectosigmoid junction and anus — Anal canal",L1_05,Chronic Non-Communicable Diseases,medium
ICD-9,1543,"Malignant neoplasm of rectum, rectosigmoid junction and anus — Anus, unspecified",L1_05,Chronic Non-Communicable Diseases,medium
ICD-9,1548,"Malignant neoplasm of rectum, rectosigmoid junction and anus — Other",L1_05,Chronic Non-Communicable Diseases,medium
ICD-9,1550,"Malignant neoplasm of liver and intrahepatic bile ducts — Liver, primary",L1_05,Chronic Non-Communicable Diseases,medium
ICD-9,1551,Malignant neoplasm of liver and intrahepatic bile ducts — Intrahepatic bile ducts,L1_05,Chronic Non-Communicable Diseases,medium
ICD-9,1552,"Liver and intrahepatic bile ducts — Liver, not specified as primary or secondary",L1_10,"Ill-Defined, Administrative, and Other Causes",low
ICD-9,1560,Malignant neoplasm of gallbladder and extrahepatic bile ducts — Gallbladder,L1_05,Chronic Non-Communicable Diseases,medium
ICD-9,1561,Malignant neoplasm of gallbladder and extrahepatic bile ducts — Extrahepatic bile ducts,L1_05,Chronic Non-Communicable Diseases,medium
ICD-9,1562,Malignant neoplasm of gallbladder and extrahepatic bile ducts — Ampulla of Vater,L1_05,Chronic Non-Communicable Diseases,medium
ICD-9,1568,Malignant neoplasm of gallbladder and extrahepatic bile ducts — Other,L1_05,Chronic Non-Communicable Diseases,medium
ICD-9,1569,"Malignant neoplasm of gallbladder and extrahepatic bile ducts — Biliary tract, part unspecified",L1_05,Chronic Non-Communicable Diseases,medium
ICD-9,1570,Malignant neoplasm of pancreas — Head of pancreas,L1_05,Chronic Non-Communicable Diseases,medium
ICD-9,1571,Malignant neoplasm of pancreas — Body of pancreas,L1_05,Chronic Non-Communicable Diseases,medium
ICD-9,1572,Malignant neoplasm of pancreas — Tail of pancreas,L1_05,Chronic Non-Communicable Diseases,medium
ICD-9,1573,Malignant neoplasm of pancreas — Pancreatic duct,L1_05,Chronic Non-Communicable Diseases,medium
ICD-9,1574,Malignant neoplasm of pancreas — Islets of Langerhans,L1_05,Chronic Non-Communicable Diseases,medium
ICD-9,1578,Malignant neoplasm of pancreas — Other,L1_05,Chronic Non-Communicable Diseases,medium
ICD-9,1579,Malignant neoplasm of pancreas — Part unspecified,L1_05,Chronic Non-Communicable Diseases,medium
ICD-9,1580,Malignant neoplasm of retroperitoneum and peritoneum — Retroperitoneum,L1_05,Chronic Non-Communicable Diseases,medium
ICD-9,1588,Malignant neoplasm of retroperitoneum and peritoneum — Specified parts of peritoneum,L1_05,Chronic Non-Communicable Diseases,medium
ICD-9,1589,"Malignant neoplasm of retroperitoneum and peritoneum — Peritoneum, unspecified",L1_05,Chronic Non-Communicable Diseases,medium
ICD-9,1590,"Malignant neoplasm of other and ill-defined sites within the digestive organs and peritoneum — Intestinal tract, part unspecified",L1_05,Chronic Non-Communicable Diseases,medium
ICD-9,1591,"Malignant neoplasm of other and ill-defined sites within the digestive organs and peritoneum — Spleen, not elsewhere classified",L1_05,Chronic Non-Communicable Diseases,high
ICD-9,1598,Malignant neoplasm of other and ill-defined sites within the digestive organs and peritoneum — Other,L1_05,Chronic Non-Communicable Diseases,medium
ICD-9,1599,Malignant neoplasm of other and ill-defined sites within the digestive organs and peritoneum — Ill-defined,L1_05,Chronic Non-Communicable Diseases,medium
ICD-9,1600,"Malignant neoplasm of nasal cavities, middle ear and accessory sinuses — Nasal cavities",L1_05,Chronic Non-Communicable Diseases,medium
ICD-9,1601,"Malignant neoplasm of nasal cavities, middle ear and accessory sinuses — Auditory tube, middle ear and mastoid air cells",L1_05,Chronic Non-Communicable Diseases,medium
ICD-9,1602,"Malignant neoplasm of nasal cavities, middle ear and accessory sinuses — Maxillary sinus",L1_05,Chronic Non-Communicable Diseases,medium
ICD-9,1603,"Malignant neoplasm of nasal cavities, middle ear and accessory sinuses — Ethmoidal sinus",L1_05,Chronic Non-Communicable Diseases,medium
ICD-9,1604,"Malignant neoplasm of nasal cavities, middle ear and accessory sinuses — Frontal sinus",L1_05,Chronic Non-Communicable Diseases,medium
ICD-9,1605,"Malignant neoplasm of nasal cavities, middle ear and accessory sinuses — Sphenoidal sinus",L1_05,Chronic Non-Communicable Diseases,medium
ICD-9,1608,"Malignant neoplasm of nasal cavities, middle ear and accessory sinuses — Other",L1_05,Chronic Non-Communicable Diseases,medium
ICD-9,1609,"Malignant neoplasm of nasal cavities, middle ear and accessory sinuses — Accessory sinus, unspecified",L1_05,Chronic Non-Communicable Diseases,medium
ICD-9,1610,Malignant neoplasm of larynx — Glottis,L1_05,Chronic Non-Communicable Diseases,medium
ICD-9,1611,Malignant neoplasm of larynx — Supraglottis,L1_05,Chronic Non-Communicable Diseases,medium
ICD-9,1612,Malignant neoplasm of larynx — Subglottis,L1_05,Chronic Non-Communicable Diseases,medium
ICD-9,1613,Malignant neoplasm of larynx — Laryngeal cartilages,L1_05,Chronic Non-Communicable Diseases,medium
ICD-9,1618,Malignant neoplasm of larynx — Other,L1_05,Chronic Non-Communicable Diseases,medium
ICD-9,1619,"Malignant neoplasm of larynx — Larynx, unspecified",L1_05,Chronic Non-Communicable Diseases,medium
ICD-9,1620,"Malignant neoplasm of trachea, bronchus and lung — Trachea",L1_05,Chronic Non-Communicable Diseases,medium
ICD-9,1622,"Malignant neoplasm of trachea, bronchus and lung — Main bronchus",L1_05,Chronic Non-Communicable Diseases,medium
ICD-9,1623,"Malignant neoplasm of trachea, bronchus and lung — Upper lobe, bronchus or lung",L1_05,Chronic Non-Communicable Diseases,medium
ICD-9,1624,"Malignant neoplasm of trachea, bronchus and lung — Middle lobe, bronchus or lung",L1_05,Chronic Non-Communicable Diseases,medium
ICD-9,1625,"Malignant neoplasm of trachea, bronchus and lung — Lower lobe, bronchus or lung",L1_05,Chronic Non-Communicable Diseases,medium
ICD-9,1628,"Malignant neoplasm of trachea, bronchus and lung — Other",L1_05,Chronic Non-Communicable Diseases,medium
ICD-9,1629,"Malignant neoplasm of trachea, bronchus and lung — Bronchus and lung, unspecified",L1_05,Chronic Non-Communicable Diseases,medium
ICD-9,1630,Malignant neoplasm of pleura — Parietal,L1_05,Chronic Non-Communicable Diseases,medium
ICD-9,1631,Malignant neoplasm of pleura — Visceral,L1_05,Chronic Non-Communicable Diseases,medium
ICD-9,1638,Malignant neoplasm of pleura — Other,L1_05,Chronic Non-Communicable Diseases,medium
ICD-9,1639,"Malignant neoplasm of pleura — Pleura, unspecified",L1_05,Chronic Non-Communicable Diseases,medium
ICD-9,1640,"Malignant neoplasm of thymus, heart and mediastinum — Thymus",L1_05,Chronic Non-Communicable Diseases,medium
ICD-9,1641,"Malignant neoplasm of thymus, heart and mediastinum — Heart",L1_05,Chronic Non-Communicable Diseases,medium
ICD-9,1642,"Malignant neoplasm of thymus, heart and mediastinum — Anterior mediastinum",L1_05,Chronic Non-Communicable Diseases,medium
ICD-9,1643,"Malignant neoplasm of thymus, heart and mediastinum — Posterior mediastinum",L1_05,Chronic Non-Communicable Diseases,medium
ICD-9,1648,"Malignant neoplasm of thymus, heart and mediastinum — Other",L1_05,Chronic Non-Communicable Diseases,medium
ICD-9,1649,"Malignant neoplasm of thymus, heart and mediastinum — Mediastinum, part unspecified",L1_05,Chronic Non-Communicable Diseases,medium
ICD-9,1650,"Malignant neoplasm of other and ill-defined sites within the respiratory system and intrathoracic organs — Upper respiratory tract, part unspecified",L1_05,Chronic Non-Communicable Diseases,medium
ICD-9,1658,Malignant neoplasm of other and ill-defined sites within the respiratory system and intrathoracic organs — Other,L1_05,Chronic Non-Communicable Diseases,medium
ICD-9,1659,Malignant neoplasm of other and ill-defined sites within the respiratory system and intrathoracic organs — Ill-defined sites within the respiratory system,L1_05,Chronic Non-Communicable Diseases,medium
ICD-9,1700,Malignant neoplasm of bone and articular cartilage — Bones of skull and face,L1_05,Chronic Non-Communicable Diseases,medium
ICD-9,1701,Malignant neoplasm of bone and articular cartilage — Lower jaw bone,L1_05,Chronic Non-Communicable Diseases,medium
ICD-9,1702,"Malignant neoplasm of bone and articular cartilage — Vertebral column, excluding sacrum and coccyx",L1_05,Chronic Non-Communicable Diseases,medium
ICD-9,1703,"Malignant neoplasm of bone and articular cartilage — Ribs, sternum and clavicle",L1_05,Chronic Non-Communicable Diseases,medium
ICD-9,1704,Malignant neoplasm of bone and articular cartilage — Long bones of upper limb and scapula,L1_05,Chronic Non-Communicable Diseases,medium
ICD-9,1705,"Malignant neoplasm of bone and articular cartilage — Upper limb, short bones",L1_05,Chronic Non-Communicable Diseases,medium
ICD-9,1706,"Malignant neoplasm of bone and articular cartilage — Pelvic bones, sacrum and coccyx",L1_05,Chronic Non-Communicable Diseases,medium
ICD-9,1707,"Malignant neoplasm of bone and articular cartilage — Lower limb, long bones",L1_05,Chronic Non-Communicable Diseases,medium
ICD-9,1708,"Malignant neoplasm of bone and articular cartilage — Lower limb, short bones",L1_05,Chronic Non-Communicable Diseases,medium
ICD-9,1709,Malignant neoplasm of bone and articular cartilage — Site unspecified,L1_05,Chronic Non-Communicable Diseases,medium
ICD-9,1710,"Malignant neoplasm of connective and other soft tissue — Head, face and neck",L1_05,Chronic Non-Communicable Diseases,medium
ICD-9,1712,"Malignant neoplasm of connective and other soft tissue — Upper limb, including shoulder",L1_05,Chronic Non-Communicable Diseases,medium
ICD-9,1713,"Malignant neoplasm of connective and other soft tissue — Lower limb, including hip",L1_05,Chronic Non-Communicable Diseases,medium
ICD-9,1714,Malignant neoplasm of connective and other soft tissue — Thorax,L1_05,Chronic Non-Communicable Diseases,medium
ICD-9,1715,Malignant neoplasm of connective and other soft tissue — Abdomen,L1_05,Chronic Non-Communicable Diseases,medium
ICD-9,1716,Malignant neoplasm of connective and other soft tissue — Pelvis,L1_05,Chronic Non-Communicable Diseases,medium
ICD-9,1717,"Malignant neoplasm of connective and other soft tissue — Trunk, unspecified",L1_05,Chronic Non-Communicable Diseases,medium
ICD-9,1718,Malignant neoplasm of connective and other soft tissue — Other,L1_05,Chronic Non-Communicable Diseases,medium
ICD-9,1719,Malignant neoplasm of connective and other soft tissue — Site unspecified,L1_05,Chronic Non-Communicable Diseases,medium
ICD-9,1720,Malignant melanoma of skin — Lip,L1_05,Chronic Non-Communicable Diseases,low
ICD-9,1721,"Malignant melanoma of skin — Eyelid, including canthus",L1_05,Chronic Non-Communicable Diseases,low
ICD-9,1722,Malignant melanoma of skin — Ear and external auricular canal,L1_05,Chronic Non-Communicable Diseases,low
ICD-9,1723,Malignant melanoma of skin — Other and unspecified parts of face,L1_05,Chronic Non-Communicable Diseases,low
ICD-9,1724,Malignant melanoma of skin — Scalp and neck,L1_05,Chronic Non-Communicable Diseases,low
ICD-9,1725,"Malignant melanoma of skin — Trunk, except scrotum",L1_05,Chronic Non-Communicable Diseases,low
ICD-9,1726,Malignant melanoma of skin — Upper limb including shoulder,L1_05,Chronic Non-Communicable Diseases,low
ICD-9,1727,Malignant melanoma of skin — Lower limb including hip,L1_05,Chronic Non-Communicable Diseases,low
ICD-9,1728,Malignant melanoma of skin — Other,L1_05,Chronic Non-Communicable Diseases,low
ICD-9,1729,Malignant melanoma of skin — Site unspecified,L1_05,Chronic Non-Communicable Diseases,low
ICD-9,1730,Other malignant neoplasm of skin — Skin of lip,L1_05,Chronic Non-Communicable Diseases,medium
ICD-9,1731,"Other malignant neoplasm of skin — Eyelid, including canthus",L1_05,Chronic Non-Communicable Diseases,medium
ICD-9,1732,Other malignant neoplasm of skin — Ear and external auricular canal,L1_05,Chronic Non-Communicable Diseases,medium
ICD-9,1733,Other malignant neoplasm of skin — Skin of other and unspecified parts of face,L1_05,Chronic Non-Communicable Diseases,medium
ICD-9,1734,Other malignant neoplasm of skin — Scalp and skin of neck,L1_05,Chronic Non-Communicable Diseases,medium
ICD-9,1735,"Other malignant neoplasm of skin — Skin of trunk, except scrotum",L1_05,Chronic Non-Communicable Diseases,medium
ICD-9,1736,"Other malignant neoplasm of skin — Skin of upper limb, including shoulder",L1_05,Chronic Non-Communicable Diseases,medium
ICD-9,1737,"Other malignant neoplasm of skin — Skin of lower limb, including hip",L1_05,Chronic Non-Communicable Diseases,medium
ICD-9,1738,Other malignant neoplasm of skin — Other,L1_05,Chronic Non-Communicable Diseases,medium
ICD-9,1739,Other malignant neoplasm of skin — Site unspecified,L1_05,Chronic Non-Communicable Diseases,medium
ICD-9,1740,Malignant neoplasm of female breast — Nipple and areola,L1_05,Chronic Non-Communicable Diseases,medium
ICD-9,1741,Malignant neoplasm of female breast — Central portion,L1_05,Chronic Non-Communicable Diseases,medium
ICD-9,1742,Malignant neoplasm of female breast — Upper-inner quadrant,L1_05,Chronic Non-Communicable Diseases,medium
ICD-9,1743,Malignant neoplasm of female breast — Lower-inner quadrant,L1_05,Chronic Non-Communicable Diseases,medium
ICD-9,1744,Malignant neoplasm of female breast — Upper-outer quadrant,L1_05,Chronic Non-Communicable Diseases,medium
ICD-9,1745,Malignant neoplasm of female breast — Lower-outer quadrant,L1_05,Chronic Non-Communicable Diseases,medium
ICD-9,1746,Malignant neoplasm of female breast — Axillary tail,L1_05,Chronic Non-Communicable Diseases,medium
ICD-9,1748,Malignant neoplasm of female breast — Other,L1_05,Chronic Non-Communicable Diseases,medium
ICD-9,1749,"Malignant neoplasm of female breast — Breast, unspecified",L1_05,Chronic Non-Communicable Diseases,medium
ICD-9,1750,Malignant neoplasm of male breast — Malignant neoplasm of male breast,L1_05,Chronic Non-Communicable Diseases,medium
ICD-9,1790,"Malignant neoplasm of uterus, part unspecified — Malignant neoplasm of uterus, part unspecified",L1_05,Chronic Non-Communicable Diseases,medium
ICD-9,1800,Malignant neoplasm of cervix uteri — Endocervix,L1_05,Chronic Non-Communicable Diseases,medium
ICD-9,1801,Malignant neoplasm of cervix uteri — Exocervix,L1_05,Chronic Non-Communicable Diseases,medium
ICD-9,1808,Malignant neoplasm of cervix uteri — Other,L1_05,Chronic Non-Communicable Diseases,medium
ICD-9,1809,"Malignant neoplasm of cervix uteri — Cervix uteri, unspecified",L1_05,Chronic Non-Communicable Diseases,medium
ICD-9,1810,Malignant neoplasm of placenta — Malignant neoplasm of placenta,L1_05,Chronic Non-Communicable Diseases,medium
ICD-9,1820,"Malignant neoplasm of body of uterus — Corpus uteri, except isthmus",L1_05,Chronic Non-Communicable Diseases,medium
ICD-9,1821,Malignant neoplasm of body of uterus — Isthmus,L1_05,Chronic Non-Communicable Diseases,medium
ICD-9,1828,Malignant neoplasm of body of uterus — Other,L1_05,Chronic Non-Communicable Diseases,medium
ICD-9,1830,Malignant neoplasm of ovary and other uterine adnexa — Ovary,L1_05,Chronic Non-Communicable Diseases,medium
ICD-9,1832,Malignant neoplasm of ovary and other uterine adnexa — Fallopian tube,L1_05,Chronic Non-Communicable Diseases,medium
ICD-9,1833,Malignant neoplasm of ovary and other uterine adnexa — Broad ligament,L1_05,Chronic Non-Communicable Diseases,medium
ICD-9,1834,Malignant neoplasm of ovary and other uterine adnexa — Parametrium,L1_05,Chronic Non-Communicable Diseases,medium
ICD-9,1835,Malignant neoplasm of ovary and other uterine adnexa — Round ligament,L1_05,Chronic Non-Communicable Diseases,medium
ICD-9,1838,Malignant neoplasm of ovary and other uterine adnexa — Other,L1_05,Chronic Non-Communicable Diseases,medium
ICD-9,1839,"Malignant neoplasm of ovary and other uterine adnexa — Uterine adnexa, unspecified",L1_05,Chronic Non-Communicable Diseases,medium
ICD-9,1840,Malignant neoplasm of other and unspecified female genital organs — Vagina,L1_05,Chronic Non-Communicable Diseases,medium
ICD-9,1841,Malignant neoplasm of other and unspecified female genital organs — Labia majora,L1_05,Chronic Non-Communicable Diseases,medium
ICD-9,1842,Malignant neoplasm of other and unspecified female genital organs — Labia minora,L1_05,Chronic Non-Communicable Diseases,medium
ICD-9,1843,Malignant neoplasm of other and unspecified female genital organs — Clitoris,L1_05,Chronic Non-Communicable Diseases,medium
ICD-9,1844,"Malignant neoplasm of other and unspecified female genital organs — Vulva, unspecified",L1_05,Chronic Non-Communicable Diseases,medium
ICD-9,1848,Malignant neoplasm of other and unspecified female genital organs — Other,L1_05,Chronic Non-Communicable Diseases,medium
ICD-9,1849,Malignant neoplasm of other and unspecified female genital organs — Site unspecified,L1_05,Chronic Non-Communicable Diseases,medium
ICD-9,1850,Malignant neoplasm of prostate — Malignant neoplasm of prostate,L1_05,Chronic Non-Communicable Diseases,medium
ICD-9,1860,Malignant neoplasm of testis — Undescended,L1_05,Chronic Non-Communicable Diseases,medium
ICD-9,1869,Malignant neoplasm of testis — Other and unspecified,L1_05,Chronic Non-Communicable Diseases,medium
ICD-9,1871,Malignant neoplasm of penis and other male genital organs — Prepuce,L1_05,Chronic Non-Communicable Diseases,medium
ICD-9,1872,Malignant neoplasm of penis and other male genital organs — Glans penis,L1_05,Chronic Non-Communicable Diseases,medium
ICD-9,1873,Malignant neoplasm of penis and other male genital organs — Body of penis,L1_05,Chronic Non-Communicable Diseases,medium
ICD-9,1874,"Malignant neoplasm of penis and other male genital organs — Penis, part unspecified",L1_05,Chronic Non-Communicable Diseases,medium
ICD-9,1875,Malignant neoplasm of penis and other male genital organs — Epididymis,L1_05,Chronic Non-Communicable Diseases,medium
ICD-9,1876,Malignant neoplasm of penis and other male genital organs — Spermatic cord,L1_05,Chronic Non-Communicable Diseases,medium
ICD-9,1877,Malignant neoplasm of penis and other male genital organs — Scrotum,L1_05,Chronic Non-Communicable Diseases,medium
ICD-9,1878,Malignant neoplasm of penis and other male genital organs — Other,L1_05,Chronic Non-Communicable Diseases,medium
ICD-9,1879,Malignant neoplasm of penis and other male genital organs — Site unspecified,L1_05,Chronic Non-Communicable Diseases,medium
ICD-9,1880,Malignant neoplasm of bladder — Trigone,L1_05,Chronic Non-Communicable Diseases,medium
ICD-9,1881,Malignant neoplasm of bladder — Dome,L1_05,Chronic Non-Communicable Diseases,medium
ICD-9,1882,Malignant neoplasm of bladder — Lateral wall,L1_05,Chronic Non-Communicable Diseases,medium
ICD-9,1883,Malignant neoplasm of bladder — Anterior wall,L1_05,Chronic Non-Communicable Diseases,medium
ICD-9,1884,Malignant neoplasm of bladder — Posterior wall,L1_05,Chronic Non-Communicable Diseases,medium
ICD-9,1885,Malignant neoplasm of bladder — Bladder neck,L1_05,Chronic Non-Communicable Diseases,medium
ICD-9,1886,Malignant neoplasm of bladder — Ureteric orifice,L1_05,Chronic Non-Communicable Diseases,medium
ICD-9,1887,Malignant neoplasm of bladder — Urachus,L1_05,Chronic Non-Communicable Diseases,medium
ICD-9,1888,Malignant neoplasm of bladder — Other,L1_05,Chronic Non-Communicable Diseases,medium
ICD-9,1889,Malignant neoplasm of bladder — Part unspecified,L1_05,Chronic Non-Communicable Diseases,medium
ICD-9,1890,"Malignant neoplasm of kidney and other and unspecified urinary organs — Kidney, except pelvis",L1_05,Chronic Non-Communicable Diseases,medium
ICD-9,1891,Malignant neoplasm of kidney and other and unspecified urinary organs — Renal pelvis,L1_05,Chronic Non-Communicable Diseases,medium
ICD-9,1892,Malignant neoplasm of kidney and other and unspecified urinary organs — Ureter,L1_05,Chronic Non-Communicable Diseases,medium
ICD-9,1893,Malignant neoplasm of kidney and other and unspecified urinary organs — Urethra,L1_05,Chronic Non-Communicable Diseases,medium
ICD-9,1894,Malignant neoplasm of kidney and other and unspecified urinary organs — Paraurethral glands,L1_05,Chronic Non-Communicable Diseases,medium
ICD-9,1898,Malignant neoplasm of kidney and other and unspecified urinary organs — Other,L1_05,Chronic Non-Communicable Diseases,medium
ICD-9,1899,Malignant neoplasm of kidney and other and unspecified urinary organs — Site unspecified,L1_05,Chronic Non-Communicable Diseases,medium
ICD-9,1900,"Malignant neoplasm of eye — Eyeball, except conjunctiva, cornea, retina and choroid",L1_05,Chronic Non-Communicable Diseases,medium
ICD-9,1901,Malignant neoplasm of eye — Orbit,L1_05,Chronic Non-Communicable Diseases,medium
ICD-9,1902,Malignant neoplasm of eye — Lacrimal gland,L1_05,Chronic Non-Communicable Diseases,medium
ICD-9,1903,Malignant neoplasm of eye — Conjunctiva,L1_05,Chronic Non-Communicable Diseases,medium
ICD-9,1904,Malignant neoplasm of eye — Cornea,L1_05,Chronic Non-Communicable Diseases,medium
ICD-9,1905,Malignant neoplasm of eye — Retina,L1_05,Chronic Non-Communicable Diseases,medium
ICD-9,1906,Malignant neoplasm of eye — Choroid,L1_05,Chronic Non-Communicable Diseases,medium
ICD-9,1907,Malignant neoplasm of eye — Lacrimal duct,L1_05,Chronic Non-Communicable Diseases,medium
ICD-9,1908,Malignant neoplasm of eye — Other,L1_05,Chronic Non-Communicable Diseases,medium
ICD-9,1909,Malignant neoplasm of eye — Part unspecified,L1_05,Chronic Non-Communicable Diseases,medium
ICD-9,1910,"Malignant neoplasm of brain — Cerebrum, except lobes and ventricles",L1_05,Chronic Non-Communicable Diseases,medium
ICD-9,1911,Malignant neoplasm of brain — Frontal lobe,L1_05,Chronic Non-Communicable Diseases,medium
ICD-9,1912,Malignant neoplasm of brain — Temporal lobe,L1_05,Chronic Non-Communicable Diseases,medium
ICD-9,1913,Malignant neoplasm of brain — Parietal lobe,L1_05,Chronic Non-Communicable Diseases,medium
ICD-9,1914,Malignant neoplasm of brain — Occipital lobe,L1_05,Chronic Non-Communicable Diseases,medium
ICD-9,1915,Malignant neoplasm of brain — Ventricle,L1_05,Chronic Non-Communicable Diseases,medium
ICD-9,1916,Malignant neoplasm of brain — Cerebellum,L1_05,Chronic Non-Communicable Diseases,medium
ICD-9,1917,Malignant neoplasm of brain — Brain stem,L1_05,Chronic Non-Communicable Diseases,medium
ICD-9,1918,Malignant neoplasm of brain — Other,L1_05,Chronic Non-Communicable Diseases,medium
ICD-9,1919,"Malignant neoplasm of brain — Brain, unspecified",L1_05,Chronic Non-Communicable Diseases,medium
ICD-9,1920,Malignant neoplasm of other and unspecified parts of nervous system — Cranial nerves,L1_05,Chronic Non-Communicable Diseases,medium
ICD-9,1921,Malignant neoplasm of other and unspecified parts of nervous system — Cerebral meninges,L1_05,Chronic Non-Communicable Diseases,medium
ICD-9,1922,Malignant neoplasm of other and unspecified parts of nervous system — Spinal cord,L1_05,Chronic Non-Communicable Diseases,medium
ICD-9,1923,Malignant neoplasm of other and unspecified parts of nervous system — Spinal meninges,L1_05,Chronic Non-Communicable Diseases,medium
ICD-9,1928,Malignant neoplasm of other and unspecified parts of nervous system — Other,L1_05,Chronic Non-Communicable Diseases,medium
ICD-9,1929,Malignant neoplasm of other and unspecified parts of nervous system — Part unspecified,L1_05,Chronic Non-Communicable Diseases,medium
ICD-9,1930,Malignant neoplasm of thyroid gland — Malignant neoplasm of thyroid gland,L1_05,Chronic Non-Communicable Diseases,medium
ICD-9,1940,Malignant neoplasm of other endocrine glands and related structures — Suprarenal gland,L1_05,Chronic Non-Communicable Diseases,medium
ICD-9,1941,Malignant neoplasm of other endocrine glands and related structures — Parathyroid gland,L1_05,Chronic Non-Communicable Diseases,medium
ICD-9,1943,Malignant neoplasm of other endocrine glands and related structures — Pituitary gland and craniopharyngeal duct,L1_05,Chronic Non-Communicable Diseases,medium
ICD-9,1944,Malignant neoplasm of other endocrine glands and related structures — Pineal gland,L1_05,Chronic Non-Communicable Diseases,medium
ICD-9,1945,Endocrine glands (except thyroid) and related structures — Carotid body,L1_05,Chronic Non-Communicable Diseases,low
ICD-9,1946,Endocrine glands (except thyroid) and related structures — Aortic body and other paraganglia,L1_05,Chronic Non-Communicable Diseases,low
ICD-9,1948,Endocrine glands (except thyroid) and related structures — Other,L1_05,Chronic Non-Communicable Diseases,low
ICD-9,1949,Endocrine glands (except thyroid) and related structures — Site unspecified,L1_05,Chronic Non-Communicable Diseases,low
ICD-9,1950,"Malignant neoplasm of other and ill-defined sites — Head, face and neck",L1_05,Chronic Non-Communicable Diseases,medium
ICD-9,1951,Malignant neoplasm of other and ill-defined sites — Thorax,L1_05,Chronic Non-Communicable Diseases,medium
ICD-9,1952,Malignant neoplasm of other and ill-defined sites — Abdomen,L1_05,Chronic Non-Communicable Diseases,medium
ICD-9,1953,Malignant neoplasm of other and ill-defined sites — Pelvis,L1_05,Chronic Non-Communicable Diseases,medium
ICD-9,1954,Malignant neoplasm of other and ill-defined sites — Upper limb,L1_05,Chronic Non-Communicable Diseases,medium
ICD-9,1955,Malignant neoplasm of other and ill-defined sites — Lower limb,L1_05,Chronic Non-Communicable Diseases,medium
ICD-9,1958,Malignant neoplasm of other and ill-defined sites — Other specified sites,L1_05,Chronic Non-Communicable Diseases,medium
ICD-9,1960,"Secondary and unspecified malignant neoplasm of lymph nodes — Head, face and neck",L1_05,Chronic Non-Communicable Diseases,medium
ICD-9,1961,Secondary and unspecified malignant neoplasm of lymph nodes — Intrathoracic,L1_05,Chronic Non-Communicable Diseases,medium
ICD-9,1962,Secondary and unspecified malignant neoplasm of lymph nodes — Intra-abdominal,L1_05,Chronic Non-Communicable Diseases,medium
ICD-9,1963,Secondary and unspecified malignant neoplasm of lymph nodes — Axilla and upper limb,L1_05,Chronic Non-Communicable Diseases,medium
ICD-9,1965,Secondary and unspecified malignant neoplasm of lymph nodes — Inguinal and lower limb,L1_05,Chronic Non-Communicable Diseases,medium
ICD-9,1966,Secondary and unspecified malignant neoplasm of lymph nodes — Intrapelvic,L1_05,Chronic Non-Communicable Diseases,medium
ICD-9,1968,Secondary and unspecified malignant neoplasm of lymph nodes — Multiple sites,L1_05,Chronic Non-Communicable Diseases,medium
ICD-9,1969,Secondary and unspecified malignant neoplasm of lymph nodes — Site unspecified,L1_05,Chronic Non-Communicable Diseases,medium
ICD-9,1970,Secondary malignant neoplasm of respiratory and digestive systems — Lung,L1_05,Chronic Non-Communicable Diseases,high
ICD-9,1971,Secondary malignant neoplasm of respiratory and digestive systems — Mediastinum,L1_05,Chronic Non-Communicable Diseases,high
ICD-9,1972,Secondary malignant neoplasm of respiratory and digestive systems — Pleura,L1_05,Chronic Non-Communicable Diseases,high
ICD-9,1973,Secondary malignant neoplasm of respiratory and digestive systems — Other respiratory organs,L1_05,Chronic Non-Communicable Diseases,high
ICD-9,1974,"Secondary malignant neoplasm of respiratory and digestive systems — Small intestine, including duodenum",L1_05,Chronic Non-Communicable Diseases,high
ICD-9,1975,Secondary malignant neoplasm of respiratory and digestive systems — Large intestine and rectum,L1_05,Chronic Non-Communicable Diseases,high
ICD-9,1976,Secondary malignant neoplasm of respiratory and digestive systems — Retroperitoneum and peritoneum,L1_05,Chronic Non-Communicable Diseases,high
ICD-9,1977,Secondary malignant neoplasm of respiratory and digestive systems — Liver,L1_05,Chronic Non-Communicable Diseases,high
ICD-9,1978,Secondary malignant neoplasm of respiratory and digestive systems — Other digestive organs,L1_05,Chronic Non-Communicable Diseases,high
ICD-9,1980,Secondary malignant neoplasm of other specified sites — Kidney,L1_05,Chronic Non-Communicable Diseases,medium
ICD-9,1981,Secondary malignant neoplasm of other specified sites — Other urinary organs,L1_05,Chronic Non-Communicable Diseases,medium
ICD-9,1982,Secondary malignant neoplasm of other specified sites — Skin,L1_05,Chronic Non-Communicable Diseases,medium
ICD-9,1983,Secondary malignant neoplasm of other specified sites — Brain and spinal cord,L1_05,Chronic Non-Communicable Diseases,medium
ICD-9,1984,Secondary malignant neoplasm of other specified sites — Other parts of nervous system,L1_05,Chronic Non-Communicable Diseases,medium
ICD-9,1985,Secondary malignant neoplasm of other specified sites — Bone and bone marrow,L1_05,Chronic Non-Communicable Diseases,medium
ICD-9,1986,Secondary malignant neoplasm of other specified sites — Ovary,L1_05,Chronic Non-Communicable Diseases,medium
ICD-9,1987,Secondary malignant neoplasm of other specified sites — Suprarenal gland,L1_05,Chronic Non-Communicable Diseases,medium
ICD-9,1988,Secondary malignant neoplasm of other specified sites — Other specified sites,L1_05,Chronic Non-Communicable Diseases,medium
ICD-9,1990,Malignant neoplasm without specification of site — Disseminated,L1_05,Chronic Non-Communicable Diseases,medium
ICD-9,1991,Malignant neoplasm without specification of site — Other,L1_05,Chronic Non-Communicable Diseases,medium
ICD-9,2000,Lymphosarcoma and reticulosarcoma — Reticulosarcoma,L1_05,Chronic Non-Communicable Diseases,medium
ICD-9,2001,Lymphosarcoma and reticulosarcoma — Lymphosarcoma,L1_05,Chronic Non-Communicable Diseases,medium
ICD-9,2002,Lymphosarcoma and reticulosarcoma — Burkitt's tumour,L1_05,Chronic Non-Communicable Diseases,high
ICD-9,2008,Lymphosarcoma and reticulosarcoma — Other named variants,L1_05,Chronic Non-Communicable Diseases,medium
ICD-9,2010,Hodgkin's disease — Hodgkin's paragranuloma,L1_05,Chronic Non-Communicable Diseases,low
ICD-9,2011,Hodgkin's disease — Hodgkin's granuloma,L1_05,Chronic Non-Communicable Diseases,low
ICD-9,2012,Hodgkin's disease — Hodgkin's sarcoma,L1_05,Chronic Non-Communicable Diseases,medium
ICD-9,2014,Hodgkin's disease — Lymphocytic-histiocytic predominance,L1_05,Chronic Non-Communicable Diseases,low
ICD-9,2015,Hodgkin's disease — Nodular sclerosis,L1_05,Chronic Non-Communicable Diseases,low
ICD-9,2016,Hodgkin's disease — Mixed cellularity,L1_05,Chronic Non-Communicable Diseases,low
ICD-9,2017,Hodgkin's disease — Lymphocytic depletion,L1_05,Chronic Non-Communicable Diseases,low
ICD-9,2019,Hodgkin's disease — Unspecified,L1_05,Chronic Non-Communicable Diseases,low
ICD-9,2020,Other malignant neoplasm of lymphoid and histiocytic tissue — Nodular lymphoma,L1_05,Chronic Non-Communicable Diseases,medium
ICD-9,2021,Other malignant neoplasm of lymphoid and histiocytic tissue — Mycosis fungoides,L1_05,Chronic Non-Communicable Diseases,medium
ICD-9,2022,Other malignant neoplasm of lymphoid and histiocytic tissue — Sezary's disease,L1_05,Chronic Non-Communicable Diseases,medium
ICD-9,2023,Other malignant neoplasm of lymphoid and histiocytic tissue — Malignant histiocytosis,L1_05,Chronic Non-Communicable Diseases,medium
ICD-9,2024,Other malignant neoplasm of lymphoid and histiocytic tissue — Leukaemic reticuloendotheliosis,L1_05,Chronic Non-Communicable Diseases,medium
ICD-9,2025,Other malignant neoplasm of lymphoid and histiocytic tissue — Letterer-Siwe disease,L1_05,Chronic Non-Communicable Diseases,medium
ICD-9,2026,Other malignant neoplasm of lymphoid and histiocytic tissue — Malignant mast-cell tumours,L1_05,Chronic Non-Communicable Diseases,high
ICD-9,2028,Other malignant neoplasm of lymphoid and histiocytic tissue — Other lymphomas,L1_05,Chronic Non-Communicable Diseases,medium
ICD-9,2029,Other malignant neoplasm of lymphoid and histiocytic tissue — Other and unspecified,L1_05,Chronic Non-Communicable Diseases,medium
ICD-9,2030,Multiple myeloma and immunoproliferative neoplasms — Multiple myeloma,L1_01,Infectious and Communicable Diseases,low
ICD-9,2031,Multiple myeloma and immunoproliferative neoplasms — Plasma cell leukaemia,L1_05,Chronic Non-Communicable Diseases,low
ICD-9,2038,Multiple myeloma and immunoproliferative neoplasms — Other immunoproliferative neoplasms,L1_01,Infectious and Communicable Diseases,low
ICD-9,2040,Lymphoid leukaemia — Acute lymphoid leukaemia,L1_05,Chronic Non-Communicable Diseases,low
ICD-9,2041,Lymphoid leukaemia — Chronic lymphoid leukaemia,L1_05,Chronic Non-Communicable Diseases,medium
ICD-9,2042,Lymphoid leukaemia — Subacute,L1_05,Chronic Non-Communicable Diseases,low
ICD-9,2048,Lymphoid leukaemia — Other,L1_05,Chronic Non-Communicable Diseases,low
ICD-9,2049,Lymphoid leukaemia — Unspecified,L1_05,Chronic Non-Communicable Diseases,low
ICD-9,2050,Myeloid leukaemia — Acute myeloid leukaemia,L1_05,Chronic Non-Communicable Diseases,low
ICD-9,2051,Myeloid leukaemia — Chronic myeloid leukaemia,L1_05,Chronic Non-Communicable Diseases,medium
ICD-9,2052,Myeloid leukaemia — Subacute,L1_05,Chronic Non-Communicable Diseases,low
ICD-9,2053,Myeloid leukaemia — Myeloid sarcoma,L1_05,Chronic Non-Communicable Diseases,medium
ICD-9,2058,Myeloid leukaemia — Other,L1_05,Chronic Non-Communicable Diseases,low
ICD-9,2059,Myeloid leukaemia — Unspecified,L1_05,Chronic Non-Communicable Diseases,low
ICD-9,2060,Monocytic leukaemia — Acute monocytic leukaemia,L1_05,Chronic Non-Communicable Diseases,low
ICD-9,2061,Monocytic leukaemia — Chronic monocytic leukaemia,L1_05,Chronic Non-Communicable Diseases,medium
ICD-9,2062,Monocytic leukaemia — Subacute,L1_05,Chronic Non-Communicable Diseases,low
ICD-9,2068,Monocytic leukaemia — Other,L1_05,Chronic Non-Communicable Diseases,low
ICD-9,2069,Monocytic leukaemia — Unspecified,L1_05,Chronic Non-Communicable Diseases,low
ICD-9,2070,Other and unspecified leukaemia — Acute erythraemia and erythroleukaemia,L1_05,Chronic Non-Communicable Diseases,low
ICD-9,2071,Other and unspecified leukaemia — Chronic erythraemia,L1_05,Chronic Non-Communicable Diseases,medium
ICD-9,2072,Other and unspecified leukaemia — Megakaryocytic leukaemia,L1_05,Chronic Non-Communicable Diseases,low
ICD-9,2078,Other and unspecified leukaemia — Other,L1_05,Chronic Non-Communicable Diseases,low
ICD-9,2080,Leukaemia of unspecified cell type — Acute leukaemia of unspecified cell type,L1_05,Chronic Non-Communicable Diseases,low
ICD-9,2081,Leukaemia of unspecified cell type — Chronic leukaemia of unspecified cell type,L1_05,Chronic Non-Communicable Diseases,medium
ICD-9,2082,Leukaemia of unspecified cell type — Subacute,L1_05,Chronic Non-Communicable Diseases,low
ICD-9,2088,Leukaemia of unspecified cell type — Other,L1_05,Chronic Non-Communicable Diseases,low
ICD-9,2089,Leukaemia of unspecified cell type — Unspecified,L1_05,Chronic Non-Communicable Diseases,low
ICD-9,2100,"Benign neoplasm of lip, oral cavity and pharynx — Lip",L1_05,Chronic Non-Communicable Diseases,low
ICD-9,2101,"Benign neoplasm of lip, oral cavity and pharynx — Tongue",L1_05,Chronic Non-Communicable Diseases,low
ICD-9,2102,"Benign neoplasm of lip, oral cavity and pharynx — Major salivary glands",L1_05,Chronic Non-Communicable Diseases,low
ICD-9,2103,"Benign neoplasm of lip, oral cavity and pharynx — Floor of mouth",L1_05,Chronic Non-Communicable Diseases,low
ICD-9,2104,"Benign neoplasm of lip, oral cavity and pharynx — Other and unspecified parts of mouth",L1_05,Chronic Non-Communicable Diseases,low
ICD-9,2105,"Benign neoplasm of lip, oral cavity and pharynx — Tonsil",L1_05,Chronic Non-Communicable Diseases,low
ICD-9,2106,"Benign neoplasm of lip, oral cavity and pharynx — Other parts of oropharynx",L1_05,Chronic Non-Communicable Diseases,low
ICD-9,2107,"Benign neoplasm of lip, oral cavity and pharynx — Nasopharynx",L1_05,Chronic Non-Communicable Diseases,low
ICD-9,2108,"Benign neoplasm of lip, oral cavity and pharynx — Hypopharynx",L1_05,Chronic Non-Communicable Diseases,low
ICD-9,2109,"Benign neoplasm of lip, oral cavity and pharynx — Pharynx, unspecified",L1_05,Chronic Non-Communicable Diseases,low
ICD-9,2110,Benign neoplasm of other parts of digestive system — Oesophagus,L1_05,Chronic Non-Communicable Diseases,medium
ICD-9,2111,Benign neoplasm of other parts of digestive system — Stomach,L1_05,Chronic Non-Communicable Diseases,medium
ICD-9,2112,"Benign neoplasm of other parts of digestive system — Small intestine, including duodenum",L1_05,Chronic Non-Communicable Diseases,medium
ICD-9,2113,Benign neoplasm of other parts of digestive system — Colon,L1_05,Chronic Non-Communicable Diseases,medium
ICD-9,2114,Benign neoplasm of other parts of digestive system — Rectum and anal canal,L1_05,Chronic Non-Communicable Diseases,medium
ICD-9,2115,Benign neoplasm of other parts of digestive system — Liver and biliary passages,L1_05,Chronic Non-Communicable Diseases,medium
ICD-9,2116,"Benign neoplasm of other parts of digestive system — Pancreas, except islets of Langerhans",L1_05,Chronic Non-Communicable Diseases,medium
ICD-9,2117,Benign neoplasm of other parts of digestive system — Islets of Langerhans,L1_05,Chronic Non-Communicable Diseases,medium
ICD-9,2118,Benign neoplasm of other parts of digestive system — Retroperitoneum and peritoneum,L1_05,Chronic Non-Communicable Diseases,medium
ICD-9,2119,Benign neoplasm of other parts of digestive system — Other and unspecified site,L1_05,Chronic Non-Communicable Diseases,medium
ICD-9,2120,"Benign neoplasm of respiratory and intrathoracic organs — Nasal cavities, middle ear and accessory sinuses",L1_05,Chronic Non-Communicable Diseases,low
ICD-9,2121,Benign neoplasm of respiratory and intrathoracic organs — Larynx,L1_05,Chronic Non-Communicable Diseases,low
ICD-9,2122,Benign neoplasm of respiratory and intrathoracic organs — Trachea,L1_05,Chronic Non-Communicable Diseases,low
ICD-9,2123,Benign neoplasm of respiratory and intrathoracic organs — Bronchus and lung,L1_05,Chronic Non-Communicable Diseases,low
ICD-9,2124,Benign neoplasm of respiratory and intrathoracic organs — Pleura,L1_05,Chronic Non-Communicable Diseases,low
ICD-9,2125,Benign neoplasm of respiratory and intrathoracic organs — Mediastinum,L1_05,Chronic Non-Communicable Diseases,low
ICD-9,2126,Benign neoplasm of respiratory and intrathoracic organs — Thymus,L1_05,Chronic Non-Communicable Diseases,low
ICD-9,2127,Benign neoplasm of respiratory and intrathoracic organs — Heart,L1_05,Chronic Non-Communicable Diseases,low
ICD-9,2128,Benign neoplasm of respiratory and intrathoracic organs — Other specified sites,L1_05,Chronic Non-Communicable Diseases,low
ICD-9,2129,Benign neoplasm of respiratory and intrathoracic organs — Site unspecified,L1_05,Chronic Non-Communicable Diseases,low
ICD-9,2130,Benign neoplasm of bone and articular cartilage — Bones of skull and face,L1_05,Chronic Non-Communicable Diseases,low
ICD-9,2131,Benign neoplasm of bone and articular cartilage — Lower jaw bone,L1_05,Chronic Non-Communicable Diseases,low
ICD-9,2132,"Benign neoplasm of bone and articular cartilage — Vertebral column, excluding sacrum and coccyx",L1_05,Chronic Non-Communicable Diseases,low
ICD-9,2133,"Benign neoplasm of bone and articular cartilage — Ribs, sternum and clavicle",L1_05,Chronic Non-Communicable Diseases,low
ICD-9,2134,Benign neoplasm of bone and articular cartilage — Long bones of upper limb and scapula,L1_05,Chronic Non-Communicable Diseases,low
ICD-9,2135,"Benign neoplasm of bone and articular cartilage — Upper limb, short bones",L1_05,Chronic Non-Communicable Diseases,low
ICD-9,2136,"Benign neoplasm of bone and articular cartilage — Pelvic bones, sacrum and coccyx",L1_05,Chronic Non-Communicable Diseases,low
ICD-9,2137,"Benign neoplasm of bone and articular cartilage — Lower limb, long bones",L1_05,Chronic Non-Communicable Diseases,low
ICD-9,2138,"Benign neoplasm of bone and articular cartilage — Lower limb, short bones",L1_05,Chronic Non-Communicable Diseases,low
ICD-9,2139,Benign neoplasm of bone and articular cartilage — Site unspecified,L1_05,Chronic Non-Communicable Diseases,low
ICD-9,2140,Lipoma — Lipoma,L1_01,Infectious and Communicable Diseases,low
ICD-9,2150,"Other benign neoplasm of connective and other soft tissue — Head, face and neck",L1_05,Chronic Non-Communicable Diseases,low
ICD-9,2152,"Other benign neoplasm of connective and other soft tissue — Upper limb, including shoulder",L1_05,Chronic Non-Communicable Diseases,low
ICD-9,2153,"Other benign neoplasm of connective and other soft tissue — Lower limb, including hip",L1_05,Chronic Non-Communicable Diseases,low
ICD-9,2154,Other benign neoplasm of connective and other soft tissue — Thorax,L1_05,Chronic Non-Communicable Diseases,low
ICD-9,2155,Other benign neoplasm of connective and other soft tissue — Abdomen,L1_05,Chronic Non-Communicable Diseases,low
ICD-9,2156,Other benign neoplasm of connective and other soft tissue — Pelvis,L1_05,Chronic Non-Communicable Diseases,low
ICD-9,2157,"Other benign neoplasm of connective and other soft tissue — Trunk, unspecified",L1_05,Chronic Non-Communicable Diseases,low
ICD-9,2158,Other benign neoplasm of connective and other soft tissue — Other specified sites,L1_05,Chronic Non-Communicable Diseases,low
ICD-9,2159,Other benign neoplasm of connective and other soft tissue — Site unspecified,L1_05,Chronic Non-Communicable Diseases,low
ICD-9,2160,Benign neoplasm of skin — Skin of lip,L1_05,Chronic Non-Communicable Diseases,low
ICD-9,2161,"Benign neoplasm of skin — Eyelid, including canthus",L1_05,Chronic Non-Communicable Diseases,low
ICD-9,2162,Benign neoplasm of skin — Ear and external auricular canal,L1_05,Chronic Non-Communicable Diseases,low
ICD-9,2163,Benign neoplasm of skin — Skin of other and unspecified parts of face,L1_05,Chronic Non-Communicable Diseases,low
ICD-9,2164,Benign neoplasm of skin — Scalp and skin of neck,L1_05,Chronic Non-Communicable Diseases,low
ICD-9,2165,"Benign neoplasm of skin — Skin of trunk, except scrotum",L1_05,Chronic Non-Communicable Diseases,low
ICD-9,2166,"Benign neoplasm of skin — Skin of upper limb, including shoulder",L1_05,Chronic Non-Communicable Diseases,low
ICD-9,2167,"Benign neoplasm of skin — Skin of lower limb, including hip",L1_05,Chronic Non-Communicable Diseases,low
ICD-9,2168,Benign neoplasm of skin — Other,L1_05,Chronic Non-Communicable Diseases,low
ICD-9,2169,Benign neoplasm of skin — Site unspecified,L1_05,Chronic Non-Communicable Diseases,low
ICD-9,2170,Benign neoplasm of breast — Benign neoplasm of breast,L1_05,Chronic Non-Communicable Diseases,low
ICD-9,2180,Uterine leiomyoma — Uterine leiomyoma,L1_01,Infectious and Communicable Diseases,low
ICD-9,2190,Other benign neoplasm of uterus — Cervix uteri,L1_05,Chronic Non-Communicable Diseases,low
ICD-9,2191,Other benign neoplasm of uterus — Corpus uteri,L1_05,Chronic Non-Communicable Diseases,low
ICD-9,2198,Other benign neoplasm of uterus — Other specified parts,L1_05,Chronic Non-Communicable Diseases,low
ICD-9,2199,Other benign neoplasm of uterus — Part unspecified,L1_05,Chronic Non-Communicable Diseases,low
ICD-9,2200,Benign neoplasm of ovary — Benign neoplasm of ovary,L1_05,Chronic Non-Communicable Diseases,low
ICD-9,2210,Benign neoplasm of other female genital organs — Uterine tube and ligaments,L1_05,Chronic Non-Communicable Diseases,low
ICD-9,2211,Benign neoplasm of other female genital organs — Vagina,L1_05,Chronic Non-Communicable Diseases,low
ICD-9,2212,Benign neoplasm of other female genital organs — Vulva,L1_05,Chronic Non-Communicable Diseases,low
ICD-9,2218,Benign neoplasm of other female genital organs — Other specified sites,L1_05,Chronic Non-Communicable Diseases,low
ICD-9,2219,Benign neoplasm of other female genital organs — Site unspecified,L1_05,Chronic Non-Communicable Diseases,low
ICD-9,2220,Benign neoplasm of male genital organs — Testis,L1_05,Chronic Non-Communicable Diseases,low
ICD-9,2221,Benign neoplasm of male genital organs — Penis,L1_05,Chronic Non-Communicable Diseases,low
ICD-9,2222,Benign neoplasm of male genital organs — Prostate,L1_05,Chronic Non-Communicable Diseases,low
ICD-9,2223,Benign neoplasm of male genital organs — Epididymis,L1_05,Chronic Non-Communicable Diseases,low
ICD-9,2224,Benign neoplasm of male genital organs — Scrotum,L1_05,Chronic Non-Communicable Diseases,low
ICD-9,2228,Benign neoplasm of male genital organs — Other specified sites,L1_05,Chronic Non-Communicable Diseases,low
ICD-9,2229,Benign neoplasm of male genital organs — Site unspecified,L1_05,Chronic Non-Communicable Diseases,low
ICD-9,2230,"Benign neoplasm of kidney and other urinary organs — Kidney, except pelvis",L1_05,Chronic Non-Communicable Diseases,low
ICD-9,2231,Benign neoplasm of kidney and other urinary organs — Renal pelvis,L1_05,Chronic Non-Communicable Diseases,low
ICD-9,2232,Benign neoplasm of kidney and other urinary organs — Ureter,L1_05,Chronic Non-Communicable Diseases,low
ICD-9,2233,Benign neoplasm of kidney and other urinary organs — Bladder,L1_05,Chronic Non-Communicable Diseases,low
ICD-9,2238,Benign neoplasm of kidney and other urinary organs — Other specified sites,L1_05,Chronic Non-Communicable Diseases,low
ICD-9,2239,Benign neoplasm of kidney and other urinary organs — Site unspecified,L1_05,Chronic Non-Communicable Diseases,low
ICD-9,2240,"Benign neoplasm of eye — Eyeball, except conjunctiva, cornea, retina and choroid",L1_05,Chronic Non-Communicable Diseases,low
ICD-9,2241,Benign neoplasm of eye — Orbit,L1_05,Chronic Non-Communicable Diseases,low
ICD-9,2242,Benign neoplasm of eye — Lacrimal gland,L1_05,Chronic Non-Communicable Diseases,low
ICD-9,2243,Benign neoplasm of eye — Conjunctiva,L1_05,Chronic Non-Communicable Diseases,low
ICD-9,2244,Benign neoplasm of eye — Cornea,L1_05,Chronic Non-Communicable Diseases,low
ICD-9,2245,Benign neoplasm of eye — Retina,L1_05,Chronic Non-Communicable Diseases,low
ICD-9,2246,Benign neoplasm of eye — Choroid,L1_05,Chronic Non-Communicable Diseases,low
ICD-9,2247,Benign neoplasm of eye — Lacrimal duct,L1_05,Chronic Non-Communicable Diseases,low
ICD-9,2248,Benign neoplasm of eye — Other specified parts,L1_05,Chronic Non-Communicable Diseases,low
ICD-9,2249,Benign neoplasm of eye — Part unspecified,L1_05,Chronic Non-Communicable Diseases,low
ICD-9,2250,Benign neoplasm of brain and other parts of nervous system — Brain,L1_05,Chronic Non-Communicable Diseases,low
ICD-9,2251,Benign neoplasm of brain and other parts of nervous system — Cranial nerves,L1_05,Chronic Non-Communicable Diseases,low
ICD-9,2252,Benign neoplasm of brain and other parts of nervous system — Cerebral meninges,L1_05,Chronic Non-Communicable Diseases,low
ICD-9,2253,Nervous system — Spinal cord,L1_01,Infectious and Communicable Diseases,low
ICD-9,2254,Nervous system — Spinal meninges,L1_01,Infectious and Communicable Diseases,low
ICD-9,2258,Benign neoplasm of brain and other parts of nervous system — Other,L1_05,Chronic Non-Communicable Diseases,low
ICD-9,2259,Benign neoplasm of brain and other parts of nervous system — Part unspecified,L1_05,Chronic Non-Communicable Diseases,low
ICD-9,2260,Benign neoplasm of thyroid gland — Benign neoplasm of thyroid gland,L1_05,Chronic Non-Communicable Diseases,low
ICD-9,2270,Benign neoplasm of other endocrine glands and related structures — Suprarenal gland,L1_05,Chronic Non-Communicable Diseases,low
ICD-9,2271,Benign neoplasm of other endocrine glands and related structures — Parathyroid gland,L1_05,Chronic Non-Communicable Diseases,low
ICD-9,2273,Benign neoplasm of other endocrine glands and related structures — Pituitary gland and craniopharyngeal duct,L1_05,Chronic Non-Communicable Diseases,low
ICD-9,2274,Benign neoplasm of other endocrine glands and related structures — Pineal gland,L1_05,Chronic Non-Communicable Diseases,low
ICD-9,2275,Benign neoplasm of other endocrine glands and related structures — Carotid body,L1_05,Chronic Non-Communicable Diseases,low
ICD-9,2276,Benign neoplasm of other endocrine glands and related structures — Aortic body and other paraganglia,L1_05,Chronic Non-Communicable Diseases,low
ICD-9,2278,Benign neoplasm of other endocrine glands and related structures — Other,L1_05,Chronic Non-Communicable Diseases,low
ICD-9,2279,Benign neoplasm of other endocrine glands and related structures — Site unspecified,L1_05,Chronic Non-Communicable Diseases,low
ICD-9,2280,"Haemangioma and lymphangioma, any site — Haemangioma, any site",L1_01,Infectious and Communicable Diseases,low
ICD-9,2281,"Haemangioma and lymphangioma, any site — Lymphangioma, any site",L1_01,Infectious and Communicable Diseases,low
ICD-9,2290,Benign neoplasm of other and unspecified sites — Lymph nodes,L1_05,Chronic Non-Communicable Diseases,low
ICD-9,2298,Benign neoplasm of other and unspecified sites — Other specified sites,L1_05,Chronic Non-Communicable Diseases,low
ICD-9,2299,Benign neoplasm of other and unspecified sites — Site unspecified,L1_05,Chronic Non-Communicable Diseases,low
ICD-9,2300,"Carcinoma in situ of digestive organs — Lip, oral cavity and pharynx",L1_05,Chronic Non-Communicable Diseases,low
ICD-9,2301,Carcinoma in situ of digestive organs — Oesophagus,L1_05,Chronic Non-Communicable Diseases,low
ICD-9,2302,Carcinoma in situ of digestive organs — Stomach,L1_05,Chronic Non-Communicable Diseases,low
ICD-9,2303,Carcinoma in situ of digestive organs — Colon,L1_05,Chronic Non-Communicable Diseases,low
ICD-9,2304,Carcinoma in situ of digestive organs — Rectum,L1_05,Chronic Non-Communicable Diseases,low
ICD-9,2305,Carcinoma in situ of digestive organs — Anal canal,L1_05,Chronic Non-Communicable Diseases,low
ICD-9,2306,"Carcinoma in situ of digestive organs — Anus, unspecified",L1_05,Chronic Non-Communicable Diseases,low
ICD-9,2307,Carcinoma in situ of digestive organs — Other and unspecified parts of intestine,L1_05,Chronic Non-Communicable Diseases,low
ICD-9,2308,Carcinoma in situ of digestive organs — Liver and biliary system,L1_05,Chronic Non-Communicable Diseases,low
ICD-9,2309,Carcinoma in situ of digestive organs — Other and unspecified digestive organs,L1_05,Chronic Non-Communicable Diseases,low
ICD-9,2310,Carcinoma in situ of respiratory system — Larynx,L1_06,Respiratory and Environmental Disease,medium
ICD-9,2311,Carcinoma in situ of respiratory system — Trachea,L1_06,Respiratory and Environmental Disease,medium
ICD-9,2312,Carcinoma in situ of respiratory system — Bronchus and lung,L1_06,Respiratory and Environmental Disease,medium
ICD-9,2318,Carcinoma in situ of respiratory system — Other specified parts,L1_06,Respiratory and Environmental Disease,medium
ICD-9,2319,Carcinoma in situ of respiratory system — Part unspecified,L1_06,Respiratory and Environmental Disease,medium
ICD-9,2320,Carcinoma in situ of skin — Skin of lip,L1_05,Chronic Non-Communicable Diseases,low
ICD-9,2321,"Carcinoma in situ of skin — Eyelid, including canthus",L1_05,Chronic Non-Communicable Diseases,low
ICD-9,2322,Carcinoma in situ of skin — Ear and external auricular canal,L1_05,Chronic Non-Communicable Diseases,low
ICD-9,2323,Carcinoma in situ of skin — Skin of other and unspecified parts of face,L1_05,Chronic Non-Communicable Diseases,low
ICD-9,2324,Carcinoma in situ of skin — Scalp and skin of neck,L1_05,Chronic Non-Communicable Diseases,low
ICD-9,2325,"Carcinoma in situ of skin — Skin of trunk, except scrotum",L1_05,Chronic Non-Communicable Diseases,low
ICD-9,2326,"Carcinoma in situ of skin — Skin of upper limb, including shoulder",L1_05,Chronic Non-Communicable Diseases,low
ICD-9,2327,"Carcinoma in situ of skin — Skin of lower limb, including hip",L1_05,Chronic Non-Communicable Diseases,low
ICD-9,2328,Carcinoma in situ of skin — Other specified sites,L1_05,Chronic Non-Communicable Diseases,low
ICD-9,2329,Carcinoma in situ of skin — Site unspecified,L1_05,Chronic Non-Communicable Diseases,low
ICD-9,2330,Carcinoma in situ of breast and genitourinary system — Breast,L1_05,Chronic Non-Communicable Diseases,low
ICD-9,2331,Carcinoma in situ of breast and genitourinary system — Cervix uteri,L1_05,Chronic Non-Communicable Diseases,low
ICD-9,2332,Carcinoma in situ of breast and genitourinary system — Other and unspecified parts of uterus,L1_05,Chronic Non-Communicable Diseases,low
ICD-9,2333,Carcinoma in situ of breast and genitourinary system — Other and unspecified female genital organs,L1_05,Chronic Non-Communicable Diseases,low
ICD-9,2334,Carcinoma in situ of breast and genitourinary system — Prostate,L1_05,Chronic Non-Communicable Diseases,low
ICD-9,2335,Carcinoma in situ of breast and genitourinary system — Penis,L1_05,Chronic Non-Communicable Diseases,low
ICD-9,2336,Carcinoma in situ of breast and genitourinary system — Other and unspecified male genital organs,L1_05,Chronic Non-Communicable Diseases,low
ICD-9,2337,Carcinoma in situ of breast and genitourinary system — Bladder,L1_05,Chronic Non-Communicable Diseases,low
ICD-9,2339,Carcinoma in situ of breast and genitourinary system — Other and unspecified urinary organs,L1_05,Chronic Non-Communicable Diseases,low
ICD-9,2340,Carcinoma in situ of other and unspecified sites — Eye,L1_05,Chronic Non-Communicable Diseases,low
ICD-9,2348,Carcinoma in situ of other and unspecified sites — Other specified sites,L1_05,Chronic Non-Communicable Diseases,low
ICD-9,2349,Carcinoma in situ of other and unspecified sites — Site unspecified,L1_05,Chronic Non-Communicable Diseases,low
ICD-9,2350,Neoplasm of uncertain behaviour of digestive and respiratory systems — Major salivary glands,L1_06,Respiratory and Environmental Disease,medium
ICD-9,2351,"Neoplasm of uncertain behaviour of digestive and respiratory systems — Lip, oral cavity and pharynx",L1_06,Respiratory and Environmental Disease,medium
ICD-9,2352,"Neoplasm of uncertain behaviour of digestive and respiratory systems — Stomach, intestines and rectum",L1_06,Respiratory and Environmental Disease,medium
ICD-9,2353,Neoplasm of uncertain behaviour of digestive and respiratory systems — Liver and biliary passages,L1_06,Respiratory and Environmental Disease,medium
ICD-9,2354,Neoplasm of uncertain behaviour of digestive and respiratory systems — Retroperitoneum and peritoneum,L1_06,Respiratory and Environmental Disease,medium
ICD-9,2355,Neoplasm of uncertain behaviour of digestive and respiratory systems — Other and unspecified digestive organs,L1_06,Respiratory and Environmental Disease,medium
ICD-9,2356,Neoplasm of uncertain behaviour of digestive and respiratory systems — Larynx,L1_06,Respiratory and Environmental Disease,medium
ICD-9,2357,"Neoplasm of uncertain behaviour of digestive and respiratory systems — Trachea, bronchus and lung",L1_06,Respiratory and Environmental Disease,medium
ICD-9,2358,"Neoplasm of uncertain behaviour of digestive and respiratory systems — Pleura, thymus and mediastinum",L1_06,Respiratory and Environmental Disease,medium
ICD-9,2359,Neoplasm of uncertain behaviour of digestive and respiratory systems — Other and unspecified respiratory organs,L1_06,Respiratory and Environmental Disease,medium
ICD-9,2360,Neoplasm of uncertain behaviour of genitourinary organs — Uterus,L1_01,Infectious and Communicable Diseases,low
ICD-9,2361,Neoplasm of uncertain behaviour of genitourinary organs — Placenta,L1_01,Infectious and Communicable Diseases,low
ICD-9,2362,Neoplasm of uncertain behaviour of genitourinary organs — Ovary,L1_01,Infectious and Communicable Diseases,low
ICD-9,2363,Neoplasm of uncertain behaviour of genitourinary organs — Other and unspecified female genital organs,L1_01,Infectious and Communicable Diseases,low
ICD-9,2364,Neoplasm of uncertain behaviour of genitourinary organs — Testis,L1_01,Infectious and Communicable Diseases,low
ICD-9,2365,Neoplasm of uncertain behaviour of genitourinary organs — Prostate,L1_01,Infectious and Communicable Diseases,low
ICD-9,2366,Neoplasm of uncertain behaviour of genitourinary organs — Other and unspecified male genital organs,L1_01,Infectious and Communicable Diseases,low
ICD-9,2367,Neoplasm of uncertain behaviour of genitourinary organs — Bladder,L1_01,Infectious and Communicable Diseases,low
ICD-9,2369,Neoplasm of uncertain behaviour of genitourinary organs — Other and unspecified urinary organs,L1_01,Infectious and Communicable Diseases,low
ICD-9,2370,Neoplasm of uncertain behaviour of endocrine glands and nervous system — Pituitary gland and craniopharyngeal duct,L1_01,Infectious and Communicable Diseases,low
ICD-9,2371,Neoplasm of uncertain behaviour of endocrine glands and nervous system — Pineal gland,L1_01,Infectious and Communicable Diseases,low
ICD-9,2372,Neoplasm of uncertain behaviour of endocrine glands and nervous system — Suprarenal gland,L1_01,Infectious and Communicable Diseases,low
ICD-9,2373,Neoplasm of uncertain behaviour of endocrine glands and nervous system — Paraganglia,L1_01,Infectious and Communicable Diseases,low
ICD-9,2374,Neoplasm of uncertain behaviour of endocrine glands and nervous system — Other and unspecified endocrine glands,L1_01,Infectious and Communicable Diseases,low
ICD-9,2375,Neoplasm of uncertain behaviour of endocrine glands and nervous system — Brain and spinal cord,L1_01,Infectious and Communicable Diseases,low
ICD-9,2376,Neoplasm of uncertain behaviour of endocrine glands and nervous system — Meninges,L1_01,Infectious and Communicable Diseases,low
ICD-9,2377,Neoplasm of uncertain behaviour of endocrine glands and nervous system — Neurofibromatosis,L1_01,Infectious and Communicable Diseases,low
ICD-9,2379,Neoplasm of uncertain behaviour of endocrine glands and nervous system — Other and unspecified parts of nervous system,L1_01,Infectious and Communicable Diseases,low
ICD-9,2380,Neoplasm of uncertain behaviour of other and unspecified sites and tissues — Bone and articular cartilage,L1_01,Infectious and Communicable Diseases,low
ICD-9,2381,Neoplasm of uncertain behaviour of other and unspecified sites and tissues — Connective and other soft tissue,L1_01,Infectious and Communicable Diseases,low
ICD-9,2382,Neoplasm of uncertain behaviour of other and unspecified sites and tissues — Skin,L1_01,Infectious and Communicable Diseases,low
ICD-9,2383,Neoplasm of uncertain behaviour of other and unspecified sites and tissues — Breast,L1_01,Infectious and Communicable Diseases,low
ICD-9,2384,Neoplasm of uncertain behaviour of other and unspecified sites and tissues — Polycythaemia vera,L1_01,Infectious and Communicable Diseases,low
ICD-9,2385,Neoplasm of uncertain behaviour of other and unspecified sites and tissues — Histiocytic and mast cells,L1_01,Infectious and Communicable Diseases,low
ICD-9,2386,Neoplasm of uncertain behaviour of other and unspecified sites and tissues — Plasma cells,L1_01,Infectious and Communicable Diseases,low
ICD-9,2387,Neoplasm of uncertain behaviour of other and unspecified sites and tissues — Other lymphatic and haematopoietic tissues,L1_01,Infectious and Communicable Diseases,low
ICD-9,2388,Neoplasm of uncertain behaviour of other and unspecified sites and tissues — Other specified sites,L1_01,Infectious and Communicable Diseases,low
ICD-9,2389,Neoplasm of uncertain behaviour of other and unspecified sites and tissues — Site unspecified,L1_01,Infectious and Communicable Diseases,low
ICD-9,2390,Neoplasm of unspecified nature — Digestive system,L1_05,Chronic Non-Communicable Diseases,low
ICD-9,2391,Neoplasm of unspecified nature — Respiratory system,L1_06,Respiratory and Environmental Disease,medium
ICD-9,2392,"Neoplasm of unspecified nature — Bone, soft tissue and skin",L1_01,Infectious and Communicable Diseases,low
ICD-9,2393,Neoplasm of unspecified nature — Breast,L1_01,Infectious and Communicable Diseases,low
ICD-9,2394,Neoplasm of unspecified nature — Bladder,L1_01,Infectious and Communicable Diseases,low
ICD-9,2395,Neoplasm of unspecified nature — Other genitourinary organs,L1_01,Infectious and Communicable Diseases,low
ICD-9,2396,Neoplasm of unspecified nature — Brain,L1_01,Infectious and Communicable Diseases,low
ICD-9,2397,"Neoplasm of unspecified nature — Endocrine glands, and other parts of nervous system",L1_01,Infectious and Communicable Diseases,low
ICD-9,2398,Neoplasm of unspecified nature — Other specified sites,L1_01,Infectious and Communicable Diseases,low
ICD-9,2399,Neoplasm of unspecified nature — Site unspecified,L1_01,Infectious and Communicable Diseases,low
ICD-9,2400,"Simple and unspecified goitre — Goitre, specified as simple",L1_01,Infectious and Communicable Diseases,low
ICD-9,2409,"Simple and unspecified goitre — Goitre, unspecified",L1_01,Infectious and Communicable Diseases,low
ICD-9,2410,Nontoxic nodular goitre — Nontoxic uninodular goitre,L1_01,Infectious and Communicable Diseases,low
ICD-9,2411,Nontoxic nodular goitre — Nontoxic multinodular goitre,L1_01,Infectious and Communicable Diseases,low
ICD-9,2419,Nontoxic nodular goitre — Unspecified,L1_01,Infectious and Communicable Diseases,low
ICD-9,2420,Thyrotoxicosis with or without goitre — Toxic diffuse goitre,L1_03,Congenital and Developmental Conditions,low
ICD-9,2421,Thyrotoxicosis with or without goitre — Toxic uninodular goitre,L1_03,Congenital and Developmental Conditions,low
ICD-9,2422,Thyrotoxicosis with or without goitre — Toxic multinodular goitre,L1_03,Congenital and Developmental Conditions,low
ICD-9,2423,"Thyrotoxicosis with or without goitre — Toxic nodular goitre, unspecified",L1_03,Congenital and Developmental Conditions,low
ICD-9,2424,Thyrotoxicosis with or without goitre — Thyrotoxicosis from ectopic thyroid nodule,L1_02,Maternal and Early-Life Mortality,low
ICD-9,2428,Thyrotoxicosis with or without goitre — Thyrotoxicosis of other specified origin,L1_03,Congenital and Developmental Conditions,low
ICD-9,2429,Thyrotoxicosis with or without goitre — Thyrotoxicosis without mention of goitre or other cause,L1_03,Congenital and Developmental Conditions,low
ICD-9,2430,Congenital hypothyroidism — Congenital hypothyroidism,L1_03,Congenital and Developmental Conditions,medium
ICD-9,2440,Acquired hypothyroidism — Postsurgical hypothyroidism,L1_03,Congenital and Developmental Conditions,low
ICD-9,2441,Acquired hypothyroidism — Other postablative hypothyroidism,L1_03,Congenital and Developmental Conditions,low
ICD-9,2442,Acquired hypothyroidism — Iodine hypothyroidism,L1_03,Congenital and Developmental Conditions,low
ICD-9,2443,Acquired hypothyroidism — Other iatrogenic hypothyroidism,L1_03,Congenital and Developmental Conditions,low
ICD-9,2448,Acquired hypothyroidism — Other,L1_03,Congenital and Developmental Conditions,low
ICD-9,2449,Acquired hypothyroidism — Unspecified hypothyroidism,L1_03,Congenital and Developmental Conditions,low
ICD-9,2450,Thyroiditis — Acute thyroiditis,L1_01,Infectious and Communicable Diseases,low
ICD-9,2451,Thyroiditis — Subacute thyroiditis,L1_01,Infectious and Communicable Diseases,low
ICD-9,2452,Thyroiditis — Chronic lymphocytic thyroiditis,L1_05,Chronic Non-Communicable Diseases,low
ICD-9,2453,Thyroiditis — Chronic fibrous thyroiditis,L1_05,Chronic Non-Communicable Diseases,low
ICD-9,2454,Thyroiditis — Iatrogenic thyroiditis,L1_01,Infectious and Communicable Diseases,low
ICD-9,2458,Thyroiditis — Other and unspecified chronic thyroiditis,L1_05,Chronic Non-Communicable Diseases,low
ICD-9,2459,Thyroiditis — Unspecified,L1_01,Infectious and Communicable Diseases,low
ICD-9,2460,Other disorders of thyroid — Disorders of thyrocalcitonin secretion,L1_05,Chronic Non-Communicable Diseases,low
ICD-9,2461,Other disorders of thyroid — Dyshormonogenic goitre,L1_05,Chronic Non-Communicable Diseases,low
ICD-9,2462,Other disorders of thyroid — Cyst of thyroid,L1_05,Chronic Non-Communicable Diseases,low
ICD-9,2463,Other disorders of thyroid — Haemorrhage and infarction of thyroid,L1_05,Chronic Non-Communicable Diseases,medium
ICD-9,2468,Other disorders of thyroid — Other,L1_05,Chronic Non-Communicable Diseases,low
ICD-9,2469,Other disorders of thyroid — Unspecified,L1_05,Chronic Non-Communicable Diseases,low
ICD-9,2500,Diabetes mellitus — Diabetes mellitus without mention of complication,L1_05,Chronic Non-Communicable Diseases,low
ICD-9,2501,Diabetes mellitus — Diabetes with ketoacidosis,L1_05,Chronic Non-Communicable Diseases,low
ICD-9,2502,Diabetes mellitus — Diabetes with coma,L1_05,Chronic Non-Communicable Diseases,low
ICD-9,2503,Diabetes mellitus — Diabetes with renal manifestations,L1_05,Chronic Non-Communicable Diseases,low
ICD-9,2504,Diabetes mellitus — Diabetes with ophthalmic manifestations,L1_05,Chronic Non-Communicable Diseases,low
ICD-9,2505,Diabetes mellitus — Diabetes with neurological manifestations,L1_05,Chronic Non-Communicable Diseases,low
ICD-9,2506,Diabetes mellitus — Diabetes with peripheral circulatory disorders,L1_05,Chronic Non-Communicable Diseases,low
ICD-9,2507,Diabetes mellitus — Diabetes with other specified manifestations,L1_05,Chronic Non-Communicable Diseases,low
ICD-9,2509,Diabetes mellitus — Diabetes with unspecified complications,L1_05,Chronic Non-Communicable Diseases,low
ICD-9,2510,Other disorders of pancreatic internal secretion — Hypoglycaemic coma,L1_05,Chronic Non-Communicable Diseases,low
ICD-9,2511,Other disorders of pancreatic internal secretion — Other hyperinsulinism,L1_05,Chronic Non-Communicable Diseases,low
ICD-9,2512,"Other disorders of pancreatic internal secretion — Hypoglycaemia, unspecified",L1_05,Chronic Non-Communicable Diseases,low
ICD-9,2513,Other disorders of pancreatic internal secretion — postsurgical hypoinsulinaemia,L1_05,Chronic Non-Communicable Diseases,low
ICD-9,2514,Other disorders of pancreatic internal secretion — Abnormality of secretion of glucagon,L1_05,Chronic Non-Communicable Diseases,low
ICD-9,2515,Other disorders of pancreatic internal secretion — Abnormality of secretion of gastrin,L1_05,Chronic Non-Communicable Diseases,low
ICD-9,2518,Other disorders of pancreatic internal secretion — Other,L1_05,Chronic Non-Communicable Diseases,low
ICD-9,2519,Other disorders of pancreatic internal secretion — Unspecified,L1_05,Chronic Non-Communicable Diseases,low
ICD-9,2520,Disorders of parathyroid gland — Hyperparathyroidism,L1_05,Chronic Non-Communicable Diseases,low
ICD-9,2521,Disorders of parathyroid gland — Hypoparathyroidism,L1_05,Chronic Non-Communicable Diseases,low
ICD-9,2528,Disorders of parathyroid gland — Other,L1_05,Chronic Non-Communicable Diseases,low
ICD-9,2529,Disorders of parathyroid gland — Unspecified,L1_05,Chronic Non-Communicable Diseases,low
ICD-9,2530,Disorders of the pituitary gland and its hypothalamic control — Acromegaly and gigantism,L1_03,Congenital and Developmental Conditions,low
ICD-9,2531,Disorders of the pituitary gland and its hypothalamic control — Other anterior pituitary hyperfunction,L1_03,Congenital and Developmental Conditions,low
ICD-9,2532,Disorders of the pituitary gland and its hypothalamic control — Panhypopituitarism,L1_03,Congenital and Developmental Conditions,low
ICD-9,2533,Disorders of the pituitary gland and its hypothalamic control — Pituitary dwarfism,L1_03,Congenital and Developmental Conditions,low
ICD-9,2534,Disorders of the pituitary gland and its hypothalamic control — Other anterior pituitary disorders,L1_03,Congenital and Developmental Conditions,low
ICD-9,2535,Disorders of the pituitary gland and its hypothalamic control — Diabetes insipidus,L1_05,Chronic Non-Communicable Diseases,medium
ICD-9,2536,Disorders of the pituitary gland and its hypothalamic control — Other disorders of neurohypophysis,L1_03,Congenital and Developmental Conditions,low
ICD-9,2537,Disorders of the pituitary gland and its hypothalamic control — Iatrogenic pituitary disorders,L1_03,Congenital and Developmental Conditions,low
ICD-9,2538,Disorders of the pituitary gland and its hypothalamic control — Other disorders of the pituitary and other syndromes of diencephalohypophyseal origin,L1_03,Congenital and Developmental Conditions,low
ICD-9,2539,Disorders of the pituitary gland and its hypothalamic control — Unspecified,L1_03,Congenital and Developmental Conditions,low
ICD-9,2540,Diseases of thymus gland — Persistent hyperplasia of thymus,L1_03,Congenital and Developmental Conditions,low
ICD-9,2541,Diseases of thymus gland — Abscess of thymus,L1_05,Chronic Non-Communicable Diseases,medium
ICD-9,2548,Diseases of thymus gland — Other,L1_03,Congenital and Developmental Conditions,low
ICD-9,2549,Diseases of thymus gland — Unspecified,L1_03,Congenital and Developmental Conditions,low
ICD-9,2550,Disorders of adrenal glands — Cushing's syndrome,L1_03,Congenital and Developmental Conditions,low
ICD-9,2551,Disorders of adrenal glands — Hyperaldosteronism,L1_03,Congenital and Developmental Conditions,low
ICD-9,2552,Disorders of adrenal glands — Adrenogenital disorders,L1_03,Congenital and Developmental Conditions,low
ICD-9,2553,Disorders of adrenal glands — Other corticoadrenal overactivity,L1_03,Congenital and Developmental Conditions,low
ICD-9,2554,Disorders of adrenal glands — Corticoadrenal insufficiency,L1_03,Congenital and Developmental Conditions,low
ICD-9,2555,Disorders of adrenal glands — Other adrenal hypofunction,L1_03,Congenital and Developmental Conditions,low
ICD-9,2556,Disorders of adrenal glands — Medulloadrenal hyperfunction,L1_03,Congenital and Developmental Conditions,low
ICD-9,2558,Disorders of adrenal glands — Other,L1_03,Congenital and Developmental Conditions,low
ICD-9,2559,Disorders of adrenal glands — Unspecified,L1_03,Congenital and Developmental Conditions,low
ICD-9,2560,Ovarian dysfunction — Hyperoestrogenism,L1_03,Congenital and Developmental Conditions,low
ICD-9,2561,Ovarian dysfunction — Other ovarian hyperfunction,L1_03,Congenital and Developmental Conditions,low
ICD-9,2562,Ovarian dysfunction — Postablative ovarian failure,L1_03,Congenital and Developmental Conditions,low
ICD-9,2563,Ovarian dysfunction — Other ovarian failure,L1_03,Congenital and Developmental Conditions,low
ICD-9,2564,Ovarian dysfunction — Polycystic ovaries,L1_03,Congenital and Developmental Conditions,low
ICD-9,2568,Ovarian dysfunction — Other,L1_03,Congenital and Developmental Conditions,low
ICD-9,2569,Ovarian dysfunction — Unspecified,L1_03,Congenital and Developmental Conditions,low
ICD-9,2570,Testicular dysfunction — Testicular hyperfunction,L1_03,Congenital and Developmental Conditions,low
ICD-9,2571,Testicular dysfunction — Postablative testicular hypofunction,L1_03,Congenital and Developmental Conditions,low
ICD-9,2572,Testicular dysfunction — Other testicular hypofunction,L1_03,Congenital and Developmental Conditions,low
ICD-9,2578,Testicular dysfunction — Other,L1_03,Congenital and Developmental Conditions,low
ICD-9,2579,Testicular dysfunction — Unspecified,L1_03,Congenital and Developmental Conditions,low
ICD-9,2580,Polyglandular dysfunction and related disorders — Polyglandular activity in multiple endocrine adenomatosis,L1_03,Congenital and Developmental Conditions,low
ICD-9,2581,Polyglandular dysfunction and related disorders — Other combinations of endocrine dysfunction,L1_03,Congenital and Developmental Conditions,low
ICD-9,2588,Polyglandular dysfunction and related disorders — Other,L1_03,Congenital and Developmental Conditions,low
ICD-9,2589,"Polyglandular dysfunction and related disorders — Polyglandular dysfunction, unspecified",L1_03,Congenital and Developmental Conditions,low
ICD-9,2590,"Other endocrine disorders — Delay in sexual development and puberty, not elsewhere classified",L1_03,Congenital and Developmental Conditions,low
ICD-9,2591,"Other endocrine disorders — Precocious sexual development and puberty, not elsewhere classified",L1_03,Congenital and Developmental Conditions,low
ICD-9,2592,Other endocrine disorders — Carcinoid syndrome,L1_03,Congenital and Developmental Conditions,low
ICD-9,2593,"Other endocrine disorders — Ectopic hormone secretion, not elsewhere classified",L1_02,Maternal and Early-Life Mortality,low
ICD-9,2594,"Other endocrine disorders — Dwarfism, not elsewhere classified",L1_03,Congenital and Developmental Conditions,low
ICD-9,2598,Other endocrine disorders — Other,L1_03,Congenital and Developmental Conditions,low
ICD-9,2599,Other endocrine disorders — Unspecified,L1_03,Congenital and Developmental Conditions,low
ICD-9,2600,Kwashiorkor — Kwashiorkor,L1_03,Congenital and Developmental Conditions,low
ICD-9,2610,Nutritional marasmus — Nutritional marasmus,L1_03,Congenital and Developmental Conditions,low
ICD-9,2620,Other severe protein-calorie malnutrition — Other severe protein-calorie malnutrition,L1_03,Congenital and Developmental Conditions,low
ICD-9,2630,Other and unspecified protein-calorie malnutrition — Malnutrition of moderate degree,L1_03,Congenital and Developmental Conditions,medium
ICD-9,2631,Other and unspecified protein-calorie malnutrition — Malnutrition of mild degree,L1_03,Congenital and Developmental Conditions,medium
ICD-9,2632,Other and unspecified protein-calorie malnutrition — Arrested development following protein-calorie malnutrition,L1_03,Congenital and Developmental Conditions,medium
ICD-9,2638,Other and unspecified protein-calorie malnutrition — Other protein-calorie malnutrition,L1_03,Congenital and Developmental Conditions,medium
ICD-9,2639,Other and unspecified protein-calorie malnutrition — Unspecified,L1_03,Congenital and Developmental Conditions,medium
ICD-9,2640,Vitamin A deficiency — With conjunctival xerosis,L1_03,Congenital and Developmental Conditions,medium
ICD-9,2641,Vitamin A deficiency — With Bitot's spot and conjunctival xerosis,L1_03,Congenital and Developmental Conditions,medium
ICD-9,2642,Vitamin A deficiency — With corneal xerosis,L1_03,Congenital and Developmental Conditions,medium
ICD-9,2643,Vitamin A deficiency — With corneal ulceration and xerosis,L1_03,Congenital and Developmental Conditions,medium
ICD-9,2644,Vitamin A deficiency — With keratomalacia,L1_03,Congenital and Developmental Conditions,medium
ICD-9,2645,Vitamin A deficiency — With night blindness,L1_03,Congenital and Developmental Conditions,medium
ICD-9,2646,Vitamin A deficiency — With xerophthalmic scars of cornea,L1_03,Congenital and Developmental Conditions,medium
ICD-9,2647,Vitamin A deficiency — Other ocular manifestations of vitamin A deficiency,L1_03,Congenital and Developmental Conditions,medium
ICD-9,2648,Vitamin A deficiency — Other manifestations of vitamin A deficiency,L1_03,Congenital and Developmental Conditions,medium
ICD-9,2649,Vitamin A deficiency — Unspecified,L1_03,Congenital and Developmental Conditions,medium
ICD-9,2650,Thiamine and niacin deficiency states — Beriberi,L1_03,Congenital and Developmental Conditions,medium
ICD-9,2651,Thiamine and niacin deficiency states — Other and unspecified manifestations of thiamine deficiency,L1_03,Congenital and Developmental Conditions,medium
ICD-9,2652,Thiamine and niacin deficiency states — Pellagra,L1_03,Congenital and Developmental Conditions,medium
ICD-9,2660,Deficiency of B-complex components — Ariboflavinosis,L1_03,Congenital and Developmental Conditions,medium
ICD-9,2661,Deficiency of B-complex components — Vitamin B6 deficiency,L1_03,Congenital and Developmental Conditions,medium
ICD-9,2662,Deficiency of B-complex components — Other B-complex deficiencies,L1_03,Congenital and Developmental Conditions,medium
ICD-9,2669,Deficiency of B-complex components — Unspecified vitamin B deficiency,L1_03,Congenital and Developmental Conditions,medium
ICD-9,2670,Ascorbic acid deficiency — Ascorbic acid deficiency,L1_03,Congenital and Developmental Conditions,low
ICD-9,2680,"Vitamin D deficiency — Rickets, active",L1_03,Congenital and Developmental Conditions,low
ICD-9,2681,"Vitamin D deficiency — Rickets, late effect",L1_03,Congenital and Developmental Conditions,low
ICD-9,2682,Vitamin D deficiency — Osteomalacia,L1_05,Chronic Non-Communicable Diseases,low
ICD-9,2689,Vitamin D deficiency — Unspecified,L1_03,Congenital and Developmental Conditions,low
ICD-9,2690,Other nutritional deficiencies — Deficiency of vitamin K,L1_03,Congenital and Developmental Conditions,medium
ICD-9,2691,Other nutritional deficiencies — Deficiency of other vitamins,L1_03,Congenital and Developmental Conditions,medium
ICD-9,2692,Other nutritional deficiencies — Unspecified vitamin deficiency,L1_03,Congenital and Developmental Conditions,medium
ICD-9,2693,"Other nutritional deficiencies — Mineral deficiency, not elsewhere classified",L1_03,Congenital and Developmental Conditions,medium
ICD-9,2698,Other nutritional deficiencies — Other nutritional deficiency,L1_03,Congenital and Developmental Conditions,medium
ICD-9,2699,Other nutritional deficiencies — Unspecified,L1_03,Congenital and Developmental Conditions,medium
ICD-9,2700,Disorders of amino-acid transport and metabolism — Disturbances of amino-acid transport,L1_05,Chronic Non-Communicable Diseases,low
ICD-9,2701,Disorders of amino-acid transport and metabolism — Phenylketonuria,L1_05,Chronic Non-Communicable Diseases,low
ICD-9,2702,Disorders of amino-acid transport and metabolism — Other disturbances of aromatic amino-acid metabolism,L1_05,Chronic Non-Communicable Diseases,low
ICD-9,2703,Disorders of amino-acid transport and metabolism — Disturbances of branched-chain amino-acid metabolism,L1_05,Chronic Non-Communicable Diseases,low
ICD-9,2704,Disorders of amino-acid transport and metabolism — Disturbances of sulphur-bearing amino-acid metabolism,L1_05,Chronic Non-Communicable Diseases,low
ICD-9,2705,Disorders of amino-acid transport and metabolism — Disturbances of histidine metabolism,L1_05,Chronic Non-Communicable Diseases,low
ICD-9,2706,Disorders of amino-acid transport and metabolism — Disorders of urea cycle metabolism,L1_05,Chronic Non-Communicable Diseases,low
ICD-9,2707,Disorders of amino-acid transport and metabolism — Other disturbances of straight-chain amino-acid metabolism,L1_05,Chronic Non-Communicable Diseases,low
ICD-9,2708,Disorders of amino-acid transport and metabolism — Other,L1_05,Chronic Non-Communicable Diseases,low
ICD-9,2709,Disorders of amino-acid transport and metabolism — Unspecified,L1_05,Chronic Non-Communicable Diseases,low
ICD-9,2710,Disorders of carbohydrate transport and metabolism — Glycogenosis,L1_05,Chronic Non-Communicable Diseases,low
ICD-9,2711,Disorders of carbohydrate transport and metabolism — Galactosaemia,L1_05,Chronic Non-Communicable Diseases,low
ICD-9,2712,Disorders of carbohydrate transport and metabolism — Hereditary fructose intolerance,L1_03,Congenital and Developmental Conditions,low
ICD-9,2713,Disorders of carbohydrate transport and metabolism — Intestinal disaccharidase deficiencies and disaccharide malabsorption,L1_03,Congenital and Developmental Conditions,low
ICD-9,2714,Disorders of carbohydrate transport and metabolism — Renal glycosuria,L1_05,Chronic Non-Communicable Diseases,low
ICD-9,2718,Disorders of carbohydrate transport and metabolism — Other,L1_05,Chronic Non-Communicable Diseases,low
ICD-9,2719,Disorders of carbohydrate transport and metabolism — Unspecified,L1_05,Chronic Non-Communicable Diseases,low
ICD-9,2720,Disorders of lipoid metabolism — Pure hypercholesterolaemia,L1_05,Chronic Non-Communicable Diseases,low
ICD-9,2721,Disorders of lipoid metabolism — Pure hyperglyceridaemia,L1_05,Chronic Non-Communicable Diseases,low
ICD-9,2722,Disorders of lipoid metabolism — Mixed hyperlipidaemia,L1_05,Chronic Non-Communicable Diseases,low
ICD-9,2723,Disorders of lipoid metabolism — Hyperchylomicronaemia,L1_05,Chronic Non-Communicable Diseases,low
ICD-9,2724,Disorders of lipoid metabolism — Other and unspecified hyperlipidaemia,L1_05,Chronic Non-Communicable Diseases,low
ICD-9,2725,Disorders of lipoid metabolism — Lipoprotein deficiencies,L1_03,Congenital and Developmental Conditions,low
ICD-9,2726,Disorders of lipoid metabolism — Lipodystrophy,L1_05,Chronic Non-Communicable Diseases,low
ICD-9,2727,Disorders of lipoid metabolism — Lipidoses,L1_05,Chronic Non-Communicable Diseases,low
ICD-9,2728,Disorders of lipoid metabolism — Other disorders of lipoid metabolism,L1_05,Chronic Non-Communicable Diseases,low
ICD-9,2729,Disorders of lipoid metabolism — Unspecified disorders of lipoid metabolism,L1_05,Chronic Non-Communicable Diseases,low
ICD-9,2730,Disorders of plasma protein metabolism — Polyclonal hypergammaglobulinaemia,L1_05,Chronic Non-Communicable Diseases,low
ICD-9,2731,Disorders of plasma protein metabolism — Monoclonal paraproteinaemia,L1_05,Chronic Non-Communicable Diseases,low
ICD-9,2732,Disorders of plasma protein metabolism — Other paraproteinaemias,L1_05,Chronic Non-Communicable Diseases,low
ICD-9,2733,Disorders of plasma protein metabolism — Macroglobulinaemia,L1_05,Chronic Non-Communicable Diseases,low
ICD-9,2738,Disorders of plasma protein metabolism — Other,L1_05,Chronic Non-Communicable Diseases,low
ICD-9,2739,Disorders of plasma protein metabolism — Unspecified,L1_05,Chronic Non-Communicable Diseases,low
ICD-9,2740,Gout — Gouty arthropathy,L1_05,Chronic Non-Communicable Diseases,low
ICD-9,2741,Gout — Gouty nephropathy,L1_05,Chronic Non-Communicable Diseases,low
ICD-9,2748,Gout — Gout with other manifestations,L1_05,Chronic Non-Communicable Diseases,low
ICD-9,2749,Gout — Unspecified,L1_05,Chronic Non-Communicable Diseases,low
ICD-9,2750,Disorders of mineral metabolism — Disorders of iron metabolism,L1_05,Chronic Non-Communicable Diseases,low
ICD-9,2751,Disorders of mineral metabolism — Disorders of copper metabolism,L1_05,Chronic Non-Communicable Diseases,low
ICD-9,2752,Disorders of mineral metabolism — Disorders of magnesium metabolism,L1_05,Chronic Non-Communicable Diseases,low
ICD-9,2753,Disorders of mineral metabolism — Disorders of phosphorus metabolism,L1_05,Chronic Non-Communicable Diseases,low
ICD-9,2754,Disorders of mineral metabolism — Disorders of calcium metabolism,L1_05,Chronic Non-Communicable Diseases,low
ICD-9,2758,Disorders of mineral metabolism — Other,L1_05,Chronic Non-Communicable Diseases,low
ICD-9,2759,Disorders of mineral metabolism — Unspecified,L1_05,Chronic Non-Communicable Diseases,low
ICD-9,2760,"Disorders of fluid, electrolyte and acid-base balance — Hyperosmolality and/or hypernatraemia",L1_05,Chronic Non-Communicable Diseases,low
ICD-9,2761,"Disorders of fluid, electrolyte and acid-base balance — Hyposmolality and/or hyponatraemia",L1_05,Chronic Non-Communicable Diseases,low
ICD-9,2762,"Disorders of fluid, electrolyte and acid-base balance — Acidosis",L1_05,Chronic Non-Communicable Diseases,low
ICD-9,2763,"Disorders of fluid, electrolyte and acid-base balance — Alkalosis",L1_05,Chronic Non-Communicable Diseases,low
ICD-9,2764,"Disorders of fluid, electrolyte and acid-base balance — Mixed acid-base balance disorder",L1_05,Chronic Non-Communicable Diseases,low
ICD-9,2765,"Disorders of fluid, electrolyte and acid-base balance — Volume depletion",L1_05,Chronic Non-Communicable Diseases,low
ICD-9,2766,"Disorders of fluid, electrolyte and acid-base balance — Fluid overload",L1_05,Chronic Non-Communicable Diseases,low
ICD-9,2767,"Disorders of fluid, electrolyte and acid-base balance — Hyperpotassaemia",L1_05,Chronic Non-Communicable Diseases,low
ICD-9,2768,"Disorders of fluid, electrolyte and acid-base balance — Hypopotassaemia",L1_05,Chronic Non-Communicable Diseases,low
ICD-9,2769,"Disorders of fluid, electrolyte and acid-base balance — Electrolyte and fluid disorders, not elsewhere classified",L1_05,Chronic Non-Communicable Diseases,low
ICD-9,2770,Other and unspecified disorders of metabolism — Cystic fibrosis,L1_05,Chronic Non-Communicable Diseases,low
ICD-9,2771,Other and unspecified disorders of metabolism — Disorders of porphyrin metabolism,L1_05,Chronic Non-Communicable Diseases,low
ICD-9,2772,Other and unspecified disorders of metabolism — Other disorders of purine and pyrimidine metabolism,L1_05,Chronic Non-Communicable Diseases,low
ICD-9,2773,Other and unspecified disorders of metabolism — Amyloidosis,L1_05,Chronic Non-Communicable Diseases,low
ICD-9,2774,Other and unspecified disorders of metabolism — Disorders of bilirubin excretion,L1_05,Chronic Non-Communicable Diseases,low
ICD-9,2775,Other and unspecified disorders of metabolism — Mucopolysaccharidosis,L1_05,Chronic Non-Communicable Diseases,low
ICD-9,2776,Other and unspecified disorders of metabolism — Other deficiencies of circulating enzymes,L1_03,Congenital and Developmental Conditions,low
ICD-9,2778,Other and unspecified disorders of metabolism — Other,L1_05,Chronic Non-Communicable Diseases,low
ICD-9,2779,Other and unspecified disorders of metabolism — Unspecified,L1_05,Chronic Non-Communicable Diseases,low
ICD-9,2780,Obesity and other hyperalimentation — Obesity,L1_03,Congenital and Developmental Conditions,high
ICD-9,2781,Obesity and other hyperalimentation — Localized adiposity,L1_03,Congenital and Developmental Conditions,high
ICD-9,2782,Obesity and other hyperalimentation — Hypervitaminosis A,L1_03,Congenital and Developmental Conditions,high
ICD-9,2783,Obesity and other hyperalimentation — Hypercarotinaemia,L1_03,Congenital and Developmental Conditions,high
ICD-9,2784,Obesity and other hyperalimentation — Hypervitaminosis D,L1_03,Congenital and Developmental Conditions,high
ICD-9,2788,Obesity and other hyperalimentation — Other,L1_03,Congenital and Developmental Conditions,high
ICD-9,2790,Disorders involving the immune mechanism — Deficiency of humoral immunity,L1_03,Congenital and Developmental Conditions,medium
ICD-9,2791,Disorders involving the immune mechanism — Deficiency of cell-mediated immunity,L1_03,Congenital and Developmental Conditions,medium
ICD-9,2792,Disorders involving the immune mechanism — Combined immunity deficiency,L1_03,Congenital and Developmental Conditions,medium
ICD-9,2793,Disorders involving the immune mechanism — Unspecified immunity deficiency,L1_03,Congenital and Developmental Conditions,medium
ICD-9,2794,"Disorders involving the immune mechanism — Autoimmune disease, not elsewhere classified",L1_03,Congenital and Developmental Conditions,low
ICD-9,2798,Disorders involving the immune mechanism — Other,L1_03,Congenital and Developmental Conditions,low
ICD-9,2799,Disorders involving the immune mechanism — Unspecified,L1_03,Congenital and Developmental Conditions,low
ICD-9,2800,Iron deficiency anaemias — Iron deficiency anaemias,L1_03,Congenital and Developmental Conditions,medium
ICD-9,2810,Other deficiency anaemias — Pernicious anaemia,L1_03,Congenital and Developmental Conditions,medium
ICD-9,2811,Other deficiency anaemias — Other vitamin-B12-deficiency anaemia,L1_03,Congenital and Developmental Conditions,low
ICD-9,2812,Other deficiency anaemias — Folate-deficiency anaemia,L1_03,Congenital and Developmental Conditions,low
ICD-9,2813,"Other deficiency anaemias — Other specified megaloblastic anaemias, not elsewhere classified",L1_03,Congenital and Developmental Conditions,low
ICD-9,2814,Other deficiency anaemias — Protein-deficiency anaemia,L1_03,Congenital and Developmental Conditions,low
ICD-9,2818,Other deficiency anaemias — Anaemia associated with other specified nutritional deficiency,L1_03,Congenital and Developmental Conditions,low
ICD-9,2819,Other deficiency anaemias — Unspecified,L1_03,Congenital and Developmental Conditions,low
ICD-9,2820,Hereditary haemolytic anaemias — Hereditary spherocytosis,L1_03,Congenital and Developmental Conditions,medium
ICD-9,2821,Hereditary haemolytic anaemias — Hereditary elliptocytosis,L1_03,Congenital and Developmental Conditions,medium
ICD-9,2822,Hereditary haemolytic anaemias — Anaemia due to disorders of glutathione metabolism,L1_03,Congenital and Developmental Conditions,medium
ICD-9,2823,Hereditary haemolytic anaemias — Other haemolytic anaemias due to enzyme deficiency,L1_03,Congenital and Developmental Conditions,high
ICD-9,2824,Hereditary haemolytic anaemias — Thalassaemias,L1_03,Congenital and Developmental Conditions,medium
ICD-9,2825,Hereditary haemolytic anaemias — Sickle-cell trait,L1_03,Congenital and Developmental Conditions,medium
ICD-9,2826,Hereditary haemolytic anaemias — Sickle-cell anaemia,L1_03,Congenital and Developmental Conditions,medium
ICD-9,2827,Hereditary haemolytic anaemias — Other haemoglobinopathies,L1_03,Congenital and Developmental Conditions,medium
ICD-9,2828,Hereditary haemolytic anaemias — Other,L1_03,Congenital and Developmental Conditions,medium
ICD-9,2829,Hereditary haemolytic anaemias — Unspecified,L1_03,Congenital and Developmental Conditions,medium
ICD-9,2830,Acquired haemolytic anaemias — Autoimmune haemolytic anaemias,L1_05,Chronic Non-Communicable Diseases,low
ICD-9,2831,Acquired haemolytic anaemias — Non-autoimmune haemolytic anaemias,L1_05,Chronic Non-Communicable Diseases,low
ICD-9,2832,Acquired haemolytic anaemias — Haemoglobinuria due to haemolysis from external causes,L1_05,Chronic Non-Communicable Diseases,low
ICD-9,2839,Acquired haemolytic anaemias — Unspecified,L1_05,Chronic Non-Communicable Diseases,low
ICD-9,2840,Aplastic anaemia — Constitutional aplastic anaemia,L1_05,Chronic Non-Communicable Diseases,low
ICD-9,2848,Aplastic anaemia — Other,L1_05,Chronic Non-Communicable Diseases,low
ICD-9,2849,Aplastic anaemia — Unspecified,L1_05,Chronic Non-Communicable Diseases,low
ICD-9,2850,Other and unspecified anaemias — Sideroblastic anaemia,L1_05,Chronic Non-Communicable Diseases,low
ICD-9,2851,Other and unspecified anaemias — Acute posthaemorrhagic anaemia,L1_05,Chronic Non-Communicable Diseases,low
ICD-9,2858,Other and unspecified anaemias — Other specified anaemias,L1_05,Chronic Non-Communicable Diseases,low
ICD-9,2859,Other and unspecified anaemias — Anaemia unspecified,L1_05,Chronic Non-Communicable Diseases,low
ICD-9,2860,Coagulation defects — Congenital factor VIII disorder,L1_03,Congenital and Developmental Conditions,low
ICD-9,2861,Coagulation defects — Congenital factor IX disorder,L1_03,Congenital and Developmental Conditions,low
ICD-9,2862,Coagulation defects — Congenital factor XI deficiency,L1_03,Congenital and Developmental Conditions,medium
ICD-9,2863,Coagulation defects — Congenital deficiency of other clotting factors,L1_03,Congenital and Developmental Conditions,medium
ICD-9,2864,Coagulation defects — Von Willebrand's disease,L1_05,Chronic Non-Communicable Diseases,low
ICD-9,2865,Coagulation defects — Haemorrhagic disorder due to circulating anticoagulants,L1_05,Chronic Non-Communicable Diseases,low
ICD-9,2866,Coagulation defects — Defibrination syndrome,L1_05,Chronic Non-Communicable Diseases,low
ICD-9,2867,Coagulation defects — Acquired coagulation factor deficiency,L1_05,Chronic Non-Communicable Diseases,low
ICD-9,2869,Coagulation defects — Other and unspecified coagulation defects,L1_05,Chronic Non-Communicable Diseases,low
ICD-9,2870,Purpura and other haemorrhagic conditions — Allergic purpura,L1_06,Respiratory and Environmental Disease,low
ICD-9,2871,Purpura and other haemorrhagic conditions — Qualitative platelet defects,L1_06,Respiratory and Environmental Disease,low
ICD-9,2872,Purpura and other haemorrhagic conditions — Other nonthrombocytopenic purpuras,L1_06,Respiratory and Environmental Disease,low
ICD-9,2873,Purpura and other haemorrhagic conditions — Primary thrombocytopenia,L1_06,Respiratory and Environmental Disease,low
ICD-9,2874,Purpura and other haemorrhagic conditions — Secondary thrombocytopenia,L1_06,Respiratory and Environmental Disease,low
ICD-9,2875,"Purpura and other haemorrhagic conditions — Thrombocytopenia, unspecified",L1_06,Respiratory and Environmental Disease,low
ICD-9,2878,Purpura and other haemorrhagic conditions — Other specified haemorrhagic conditions,L1_06,Respiratory and Environmental Disease,low
ICD-9,2879,Purpura and other haemorrhagic conditions — Unspecified haemorrhagic conditions,L1_06,Respiratory and Environmental Disease,low
ICD-9,2880,Diseases of white blood cells — Agranulocytosis,L1_05,Chronic Non-Communicable Diseases,medium
ICD-9,2881,Diseases of white blood cells — Functional disorders of neutrophil polymorphonuclears,L1_05,Chronic Non-Communicable Diseases,high
ICD-9,2882,Diseases of white blood cells — Genetic anomalies of leucocytes,L1_05,Chronic Non-Communicable Diseases,medium
ICD-9,2883,Diseases of white blood cells — Eosinophilia,L1_05,Chronic Non-Communicable Diseases,medium
ICD-9,2888,Diseases of white blood cells — Other,L1_05,Chronic Non-Communicable Diseases,medium
ICD-9,2889,Diseases of white blood cells — Unspecified,L1_05,Chronic Non-Communicable Diseases,medium
ICD-9,2890,Other diseases of blood and blood-forming organs — Secondary polycythaemia,L1_05,Chronic Non-Communicable Diseases,medium
ICD-9,2891,Other diseases of blood and blood-forming organs — Chronic lymphadenitis,L1_05,Chronic Non-Communicable Diseases,high
ICD-9,2892,Other diseases of blood and blood-forming organs — Nonspecific mesenteric lymphadenitis,L1_05,Chronic Non-Communicable Diseases,medium
ICD-9,2893,"Other diseases of blood and blood-forming organs — Lymphadenitis, unspecified, except mesenteric",L1_05,Chronic Non-Communicable Diseases,medium
ICD-9,2894,Other diseases of blood and blood-forming organs — Hypersplenism,L1_05,Chronic Non-Communicable Diseases,medium
ICD-9,2895,Other diseases of blood and blood-forming organs — Other diseases of spleen,L1_05,Chronic Non-Communicable Diseases,high
ICD-9,2896,Other diseases of blood and blood-forming organs — Familial polycythaemia,L1_05,Chronic Non-Communicable Diseases,medium
ICD-9,2897,Other diseases of blood and blood-forming organs — Methaemoglobinaemia,L1_05,Chronic Non-Communicable Diseases,medium
ICD-9,2898,Other diseases of blood and blood-forming organs — Other,L1_05,Chronic Non-Communicable Diseases,medium
ICD-9,2899,Other diseases of blood and blood-forming organs — Unspecified,L1_05,Chronic Non-Communicable Diseases,medium
ICD-9,2900,"Senile and presenile organic psychotic conditions — Senile dementia, simple type",L1_04,Later-Life Mortality,low
ICD-9,2901,Senile and presenile organic psychotic conditions — Presenile dementia,L1_04,Later-Life Mortality,low
ICD-9,2902,"Senile and presenile organic psychotic conditions — Senile dementia, depressed or paranoid type",L1_04,Later-Life Mortality,low
ICD-9,2903,Senile and presenile organic psychotic conditions — Senile dementia with acute confusional state,L1_04,Later-Life Mortality,low
ICD-9,2904,Senile and presenile organic psychotic conditions — Arteriosclerotic dementia,L1_04,Later-Life Mortality,low
ICD-9,2908,Senile and presenile organic psychotic conditions — Other,L1_04,Later-Life Mortality,low
ICD-9,2909,Senile and presenile organic psychotic conditions — Unspecified,L1_04,Later-Life Mortality,low
ICD-9,2910,Alcoholic psychoses — Delirium tremens,L1_09,Self-Harm and Substance Use,low
ICD-9,2911,"Alcoholic psychoses — Korsakov's psychosis, alcoholic",L1_09,Self-Harm and Substance Use,low
ICD-9,2912,Alcoholic psychoses — Other alcoholic dementia,L1_09,Self-Harm and Substance Use,low
ICD-9,2913,Alcoholic psychoses — Other alcoholic hallucinosis,L1_09,Self-Harm and Substance Use,low
ICD-9,2914,Alcoholic psychoses — Pathological drunkenness,L1_09,Self-Harm and Substance Use,low
ICD-9,2915,Alcoholic psychoses — Alcoholic jealousy,L1_09,Self-Harm and Substance Use,low
ICD-9,2918,Alcoholic psychoses — Other,L1_09,Self-Harm and Substance Use,low
ICD-9,2919,Alcoholic psychoses — Unspecified,L1_09,Self-Harm and Substance Use,low
ICD-9,2920,Drug psychoses — Drug withdrawal syndrome,L1_05,Chronic Non-Communicable Diseases,low
ICD-9,2921,Drug psychoses — Paranoid and/or hallucinatory states induced by drugs,L1_05,Chronic Non-Communicable Diseases,low
ICD-9,2922,Drug psychoses — Pathological drug intoxication,L1_05,Chronic Non-Communicable Diseases,low
ICD-9,2928,Drug psychoses — Other,L1_05,Chronic Non-Communicable Diseases,low
ICD-9,2929,Drug psychoses — Unspecified,L1_05,Chronic Non-Communicable Diseases,low
ICD-9,2930,Transient organic psychotic conditions — Acute confusional state,L1_05,Chronic Non-Communicable Diseases,low
ICD-9,2931,Transient organic psychotic conditions — Subacute confusional state,L1_05,Chronic Non-Communicable Diseases,low
ICD-9,2938,Transient organic psychotic conditions — Other,L1_05,Chronic Non-Communicable Diseases,low
ICD-9,2939,Transient organic psychotic conditions — Unspecified,L1_05,Chronic Non-Communicable Diseases,low
ICD-9,2940,Other organic psychotic conditions (chronic) — Korsakov's psychosis or syndrome (nonalcoholic),L1_05,Chronic Non-Communicable Diseases,medium
ICD-9,2941,Other organic psychotic conditions (chronic) — Dementia in conditions classified elsewhere,L1_05,Chronic Non-Communicable Diseases,medium
ICD-9,2948,Other organic psychotic conditions (chronic) — Other,L1_05,Chronic Non-Communicable Diseases,medium
ICD-9,2949,Other organic psychotic conditions (chronic) — Unspecified,L1_05,Chronic Non-Communicable Diseases,medium
ICD-9,2950,Schizophrenic psychoses — Simple type,L1_05,Chronic Non-Communicable Diseases,medium
ICD-9,2951,Schizophrenic psychoses — Hebephrenic type,L1_05,Chronic Non-Communicable Diseases,medium
ICD-9,2952,Schizophrenic psychoses — Catatonic type,L1_05,Chronic Non-Communicable Diseases,medium
ICD-9,2953,Schizophrenic psychoses — Paranoid type,L1_05,Chronic Non-Communicable Diseases,medium
ICD-9,2954,Schizophrenic psychoses — Acute schizophrenic episode,L1_05,Chronic Non-Communicable Diseases,medium
ICD-9,2955,Schizophrenic psychoses — Latent schizophrenia,L1_05,Chronic Non-Communicable Diseases,medium
ICD-9,2956,Schizophrenic psychoses — Residual schizophrenia,L1_05,Chronic Non-Communicable Diseases,medium
ICD-9,2957,Schizophrenic psychoses — Schizoaffective type,L1_05,Chronic Non-Communicable Diseases,medium
ICD-9,2958,Schizophrenic psychoses — Other,L1_05,Chronic Non-Communicable Diseases,medium
ICD-9,2959,Schizophrenic psychoses — Unspecified,L1_05,Chronic Non-Communicable Diseases,medium
ICD-9,2960,"Affective psychoses — Manic-depressive psychosis, manic type",L1_05,Chronic Non-Communicable Diseases,low
ICD-9,2961,"Affective psychoses — Manic-depressive psychosis, depressed type",L1_05,Chronic Non-Communicable Diseases,low
ICD-9,2962,"Affective psychoses — Manic-depressive psychosis, circular type but currently manic",L1_05,Chronic Non-Communicable Diseases,low
ICD-9,2963,"Affective psychoses — Manic-depressive psychosis, circular type but currently depressed",L1_05,Chronic Non-Communicable Diseases,low
ICD-9,2964,"Affective psychoses — Manic-depressive psychosis, circular type, mixed",L1_05,Chronic Non-Communicable Diseases,low
ICD-9,2965,"Affective psychoses — Manic-depressive psychosis, circular type, current condition not specified",L1_05,Chronic Non-Communicable Diseases,low
ICD-9,2966,"Affective psychoses — Manic-depressive psychosis, other and unspecified",L1_05,Chronic Non-Communicable Diseases,low
ICD-9,2968,Affective psychoses — Other,L1_05,Chronic Non-Communicable Diseases,low
ICD-9,2969,Affective psychoses — Unspecified,L1_05,Chronic Non-Communicable Diseases,low
ICD-9,2970,"Paranoid states — Paranoid state, simple",L1_05,Chronic Non-Communicable Diseases,low
ICD-9,2971,Paranoid states — Paranoia,L1_05,Chronic Non-Communicable Diseases,low
ICD-9,2972,Paranoid states — Paraphrenia,L1_05,Chronic Non-Communicable Diseases,low
ICD-9,2973,Paranoid states — Induced psychosis,L1_05,Chronic Non-Communicable Diseases,low
ICD-9,2978,Paranoid states — Other,L1_05,Chronic Non-Communicable Diseases,low
ICD-9,2979,Paranoid states — Unspecified,L1_05,Chronic Non-Communicable Diseases,low
ICD-9,2980,Other nonorganic psychoses — Depressive type,L1_05,Chronic Non-Communicable Diseases,low
ICD-9,2981,Other nonorganic psychoses — Excitative type,L1_05,Chronic Non-Communicable Diseases,low
ICD-9,2982,Other nonorganic psychoses — Reactive confusion,L1_05,Chronic Non-Communicable Diseases,low
ICD-9,2983,Other nonorganic psychoses — Acute paranoid reaction,L1_05,Chronic Non-Communicable Diseases,low
ICD-9,2984,Other nonorganic psychoses — Psychogenic paranoid psychosis,L1_05,Chronic Non-Communicable Diseases,low
ICD-9,2988,Other nonorganic psychoses — Other and unspecified reactive psychosis,L1_05,Chronic Non-Communicable Diseases,low
ICD-9,2989,Other nonorganic psychoses — Unspecified psychosis,L1_05,Chronic Non-Communicable Diseases,low
ICD-9,2990,Psychoses with origin specific to childhood — Infantile autism,L1_05,Chronic Non-Communicable Diseases,low
ICD-9,2991,Psychoses with origin specific to childhood — Disintegrative psychosis,L1_05,Chronic Non-Communicable Diseases,low
ICD-9,2998,Psychoses with origin specific to childhood — Other,L1_05,Chronic Non-Communicable Diseases,low
ICD-9,2999,Psychoses with origin specific to childhood — Unspecified,L1_05,Chronic Non-Communicable Diseases,low
ICD-9,3000,Neurotic disorders — Anxiety states,L1_05,Chronic Non-Communicable Diseases,low
ICD-9,3001,Neurotic disorders — Hysteria,L1_05,Chronic Non-Communicable Diseases,medium
ICD-9,3002,Neurotic disorders — Phobic state,L1_05,Chronic Non-Communicable Diseases,low
ICD-9,3003,Neurotic disorders — Obsessive-compulsive disorders,L1_05,Chronic Non-Communicable Diseases,low
ICD-9,3004,Neurotic disorders — Neurotic depression,L1_05,Chronic Non-Communicable Diseases,low
ICD-9,3005,Neurotic disorders — Neurasthenia,L1_05,Chronic Non-Communicable Diseases,low
ICD-9,3006,Neurotic disorders — Depersonalization syndrome,L1_05,Chronic Non-Communicable Diseases,low
ICD-9,3007,Neurotic disorders — Hypochondriasis,L1_05,Chronic Non-Communicable Diseases,low
ICD-9,3008,Neurotic disorders — Other neurotic disorders,L1_05,Chronic Non-Communicable Diseases,low
ICD-9,3009,Neurotic disorders — Unspecified,L1_05,Chronic Non-Communicable Diseases,low
ICD-9,3010,Personality disorders — Paranoid personality disorder,L1_05,Chronic Non-Communicable Diseases,low
ICD-9,3011,Personality disorders — Affective personality disorder,L1_05,Chronic Non-Communicable Diseases,low
ICD-9,3012,Personality disorders — Schizoid personality disorder,L1_05,Chronic Non-Communicable Diseases,low
ICD-9,3013,Personality disorders — Explosive personality disorder,L1_05,Chronic Non-Communicable Diseases,low
ICD-9,3014,Personality disorders — Anankastic personality disorder,L1_05,Chronic Non-Communicable Diseases,low
ICD-9,3015,Personality disorders — Hysterical personality disorder,L1_05,Chronic Non-Communicable Diseases,low
ICD-9,3016,Personality disorders — Asthenic personality disorder,L1_05,Chronic Non-Communicable Diseases,low
ICD-9,3017,Personality disorders — Personality disorder with predominantly sociopathic or asocial manifestation,L1_05,Chronic Non-Communicable Diseases,low
ICD-9,3018,Personality disorders — Other personality disorders,L1_05,Chronic Non-Communicable Diseases,low
ICD-9,3019,Personality disorders — Unspecified,L1_05,Chronic Non-Communicable Diseases,low
ICD-9,3020,Sexual deviations and disorders — Homosexuality,L1_05,Chronic Non-Communicable Diseases,low
ICD-9,3021,Sexual deviations and disorders — Bestiality,L1_05,Chronic Non-Communicable Diseases,low
ICD-9,3022,Sexual deviations and disorders — Paedophilia,L1_05,Chronic Non-Communicable Diseases,low
ICD-9,3023,Sexual deviations and disorders — Transvestism,L1_05,Chronic Non-Communicable Diseases,low
ICD-9,3024,Sexual deviations and disorders — Exhibitionism,L1_05,Chronic Non-Communicable Diseases,low
ICD-9,3025,Sexual deviations and disorders — Trans-sexualism,L1_05,Chronic Non-Communicable Diseases,low
ICD-9,3026,Sexual deviations and disorders — Disorders of psychosexual identity,L1_05,Chronic Non-Communicable Diseases,medium
ICD-9,3027,Sexual deviations and disorders — Frigidity and impotence,L1_05,Chronic Non-Communicable Diseases,low
ICD-9,3028,Sexual deviations and disorders — Other,L1_05,Chronic Non-Communicable Diseases,low
ICD-9,3029,Sexual deviations and disorders — Unspecified,L1_05,Chronic Non-Communicable Diseases,low
ICD-9,3030,Alcohol dependence syndrome — Alcohol dependence syndrome,L1_09,Self-Harm and Substance Use,low
ICD-9,3040,Drug dependence — Morphine type,L1_09,Self-Harm and Substance Use,high
ICD-9,3041,Drug dependence — Barbiturate type,L1_09,Self-Harm and Substance Use,high
ICD-9,3042,Drug dependence — Cocaine,L1_09,Self-Harm and Substance Use,high
ICD-9,3043,Drug dependence — Cannabis,L1_09,Self-Harm and Substance Use,high
ICD-9,3044,Drug dependence — Amphetamine type and other psychostimulants,L1_09,Self-Harm and Substance Use,high
ICD-9,3045,Drug dependence — Hallucinogens,L1_09,Self-Harm and Substance Use,medium
ICD-9,3046,Drug dependence — Other,L1_09,Self-Harm and Substance Use,medium
ICD-9,3047,Drug dependence — Combinations of morphine type drug with any other,L1_09,Self-Harm and Substance Use,high
ICD-9,3048,Drug dependence — Combinations excluding morphine type drug,L1_09,Self-Harm and Substance Use,high
ICD-9,3049,Drug dependence — Unspecified,L1_09,Self-Harm and Substance Use,medium
ICD-9,3050,Nondependent abuse of drugs — Alcohol,L1_09,Self-Harm and Substance Use,low
ICD-9,3051,Nondependent abuse of drugs — Tobacco,L1_09,Self-Harm and Substance Use,medium
ICD-9,3052,Nondependent abuse of drugs — Cannabis,L1_09,Self-Harm and Substance Use,medium
ICD-9,3053,Nondependent abuse of drugs — Hallucinogens,L1_09,Self-Harm and Substance Use,low
ICD-9,3054,Nondependent abuse of drugs — Barbiturates and tranquillizers,L1_09,Self-Harm and Substance Use,medium
ICD-9,3055,Nondependent abuse of drugs — Morphine type,L1_09,Self-Harm and Substance Use,medium
ICD-9,3056,Nondependent abuse of drugs — Cocaine type,L1_09,Self-Harm and Substance Use,medium
ICD-9,3057,Nondependent abuse of drugs — Amphetamine type,L1_09,Self-Harm and Substance Use,medium
ICD-9,3058,Nondependent abuse of drugs — Antidepressants,L1_09,Self-Harm and Substance Use,low
ICD-9,3059,"Nondependent abuse of drugs — Other, mixed or unspecified",L1_09,Self-Harm and Substance Use,low
ICD-9,3060,Physiological malfunction arising from mental factors — Musculoskeletal,L1_05,Chronic Non-Communicable Diseases,low
ICD-9,3061,Physiological malfunction arising from mental factors — Respiratory,L1_05,Chronic Non-Communicable Diseases,low
ICD-9,3062,Physiological malfunction arising from mental factors — Cardiovascular,L1_05,Chronic Non-Communicable Diseases,low
ICD-9,3063,Physiological malfunction arising from mental factors — Skin,L1_05,Chronic Non-Communicable Diseases,low
ICD-9,3064,Physiological malfunction arising from mental factors — Gastrointestinal,L1_05,Chronic Non-Communicable Diseases,low
ICD-9,3065,Physiological malfunction arising from mental factors — Genitourinary,L1_05,Chronic Non-Communicable Diseases,low
ICD-9,3066,Physiological malfunction arising from mental factors — Endocrine,L1_05,Chronic Non-Communicable Diseases,low
ICD-9,3067,Physiological malfunction arising from mental factors — Organs of special sense,L1_05,Chronic Non-Communicable Diseases,low
ICD-9,3068,Physiological malfunction arising from mental factors — Other,L1_05,Chronic Non-Communicable Diseases,low
ICD-9,3069,Physiological malfunction arising from mental factors — Unspecified,L1_05,Chronic Non-Communicable Diseases,low
ICD-9,3070,Special symptoms or syndromes not elsewhere classified — Stammering and stuttering,L1_10,"Ill-Defined, Administrative, and Other Causes",low
ICD-9,3071,Special symptoms or syndromes not elsewhere classified — Anorexia nervosa,L1_10,"Ill-Defined, Administrative, and Other Causes",low
ICD-9,3072,Special symptoms or syndromes not elsewhere classified — Tics,L1_10,"Ill-Defined, Administrative, and Other Causes",low
ICD-9,3073,Special symptoms or syndromes not elsewhere classified — Stereotyped repetitive movements,L1_10,"Ill-Defined, Administrative, and Other Causes",low
ICD-9,3074,Special symptoms or syndromes not elsewhere classified — Specific disorders of sleep,L1_05,Chronic Non-Communicable Diseases,low
ICD-9,3075,Special symptoms or syndromes not elsewhere classified — Other and unspecified disorders of eating,L1_05,Chronic Non-Communicable Diseases,low
ICD-9,3076,Special symptoms or syndromes not elsewhere classified — Enuresis,L1_10,"Ill-Defined, Administrative, and Other Causes",low
ICD-9,3077,Special symptoms or syndromes not elsewhere classified — Encopresis,L1_10,"Ill-Defined, Administrative, and Other Causes",low
ICD-9,3078,Special symptoms or syndromes not elsewhere classified — Psychalgia,L1_10,"Ill-Defined, Administrative, and Other Causes",low
ICD-9,3079,Special symptoms or syndromes not elsewhere classified — Other and unspecified,L1_10,"Ill-Defined, Administrative, and Other Causes",low
ICD-9,3080,Acute reaction to stress — Predominant disturbance of emotions,L1_05,Chronic Non-Communicable Diseases,low
ICD-9,3081,Acute reaction to stress — Predominant disturbance of consciousness,L1_05,Chronic Non-Communicable Diseases,low
ICD-9,3082,Acute reaction to stress — Predominant psychomotor disturbance,L1_05,Chronic Non-Communicable Diseases,low
ICD-9,3083,Acute reaction to stress — Other,L1_05,Chronic Non-Communicable Diseases,low
ICD-9,3084,Acute reaction to stress — Mixed,L1_05,Chronic Non-Communicable Diseases,low
ICD-9,3089,Acute reaction to stress — Unspecified,L1_05,Chronic Non-Communicable Diseases,low
ICD-9,3090,Adjustment reaction — Brief depressive reaction,L1_05,Chronic Non-Communicable Diseases,low
ICD-9,3091,Adjustment reaction — Prolonged depressive reaction,L1_05,Chronic Non-Communicable Diseases,low
ICD-9,3092,Adjustment reaction — With predominant disturbance of other emotions,L1_05,Chronic Non-Communicable Diseases,low
ICD-9,3093,Adjustment reaction — With predominant disturbance of conduct,L1_05,Chronic Non-Communicable Diseases,low
ICD-9,3094,Adjustment reaction — With mixed disturbance of emotions and conduct,L1_05,Chronic Non-Communicable Diseases,low
ICD-9,3098,Adjustment reaction — Other,L1_05,Chronic Non-Communicable Diseases,low
ICD-9,3099,Adjustment reaction — Unspecified,L1_05,Chronic Non-Communicable Diseases,low
ICD-9,3100,Specific nonpsychotic mental disorders following organic brain damage — Frontal lobe syndrome,L1_05,Chronic Non-Communicable Diseases,high
ICD-9,3101,Specific nonpsychotic mental disorders following organic brain damage — Cognitive or personality change of other type,L1_05,Chronic Non-Communicable Diseases,high
ICD-9,3102,Specific nonpsychotic mental disorders following organic brain damage — Postconcussional syndrome,L1_05,Chronic Non-Communicable Diseases,high
ICD-9,3108,Specific nonpsychotic mental disorders following organic brain damage — Other,L1_05,Chronic Non-Communicable Diseases,high
ICD-9,3109,Specific nonpsychotic mental disorders following organic brain damage — Unspecified,L1_05,Chronic Non-Communicable Diseases,high
ICD-9,3110,"Depressive disorder, not elsewhere classified — Depressive disorder, not elsewhere classified",L1_05,Chronic Non-Communicable Diseases,low
ICD-9,3120,Disturbance of conduct not elsewhere classified — Unsocialized disturbance of conduct,L1_05,Chronic Non-Communicable Diseases,low
ICD-9,3121,Disturbance of conduct not elsewhere classified — Socialized disturbance of conduct,L1_05,Chronic Non-Communicable Diseases,low
ICD-9,3122,Disturbance of conduct not elsewhere classified — Compulsive conduct disorder,L1_05,Chronic Non-Communicable Diseases,low
ICD-9,3123,Disturbance of conduct not elsewhere classified — Mixed disturbance of conduct and emotions,L1_05,Chronic Non-Communicable Diseases,low
ICD-9,3128,Disturbance of conduct not elsewhere classified — Other,L1_05,Chronic Non-Communicable Diseases,low
ICD-9,3129,Disturbance of conduct not elsewhere classified — Unspecified,L1_05,Chronic Non-Communicable Diseases,low
ICD-9,3130,Disturbance of emotions specific to childhood and adolescence — With anxiety and fearfulness,L1_01,Infectious and Communicable Diseases,low
ICD-9,3131,Disturbance of emotions specific to childhood and adolescence — With misery and unhappiness,L1_01,Infectious and Communicable Diseases,low
ICD-9,3132,"Disturbance of emotions specific to childhood and adolescence — With sensitivity, shyness and social withdrawal",L1_01,Infectious and Communicable Diseases,low
ICD-9,3133,Disturbance of emotions specific to childhood and adolescence — Relationship problems,L1_01,Infectious and Communicable Diseases,low
ICD-9,3138,Disturbance of emotions specific to childhood and adolescence — Other or mixed,L1_01,Infectious and Communicable Diseases,low
ICD-9,3139,Disturbance of emotions specific to childhood and adolescence — Unspecified,L1_01,Infectious and Communicable Diseases,low
ICD-9,3140,Hyperkinetic syndrome of childhood — Simple disturbance of activity and attention,L1_02,Maternal and Early-Life Mortality,low
ICD-9,3141,Hyperkinetic syndrome of childhood — Hyperkinesis with developmental delay,L1_02,Maternal and Early-Life Mortality,low
ICD-9,3142,Hyperkinetic syndrome of childhood — Hyperkinetic conduct disorder,L1_02,Maternal and Early-Life Mortality,low
ICD-9,3148,Hyperkinetic syndrome of childhood — Other,L1_02,Maternal and Early-Life Mortality,low
ICD-9,3149,Hyperkinetic syndrome of childhood — Unspecified,L1_02,Maternal and Early-Life Mortality,low
ICD-9,3150,Specific delays in development — Specific reading retardation,L1_02,Maternal and Early-Life Mortality,low
ICD-9,3151,Specific delays in development — Specific arithmetical retardation,L1_02,Maternal and Early-Life Mortality,low
ICD-9,3152,Specific delays in development — Other specific learning difficulties,L1_02,Maternal and Early-Life Mortality,low
ICD-9,3153,Specific delays in development — Developmental speech or language disorder,L1_02,Maternal and Early-Life Mortality,low
ICD-9,3154,Specific delays in development — Specific motor retardation,L1_02,Maternal and Early-Life Mortality,low
ICD-9,3155,Specific delays in development — Mixed development disorder,L1_02,Maternal and Early-Life Mortality,low
ICD-9,3158,Specific delays in development — Other,L1_02,Maternal and Early-Life Mortality,low
ICD-9,3159,Specific delays in development — Unspecified,L1_02,Maternal and Early-Life Mortality,low
ICD-9,3160,Psychic factors associated with diseases classified elsewhere — Psychic factors associated with diseases classified elsewhere,L1_01,Infectious and Communicable Diseases,low
ICD-9,3170,Mild mental retardation — Mild mental retardation,L1_01,Infectious and Communicable Diseases,low
ICD-9,3180,Other specified mental retardation — Moderate mental retardation,L1_01,Infectious and Communicable Diseases,low
ICD-9,3181,Other specified mental retardation — Severe mental retardation,L1_01,Infectious and Communicable Diseases,low
ICD-9,3182,Other specified mental retardation — Profound mental retardation,L1_01,Infectious and Communicable Diseases,low
ICD-9,3190,Other specified mental retardation — Unspecified mental retardation,L1_01,Infectious and Communicable Diseases,low
ICD-9,3200,Bacterial meningitis — Haemophilus meningitis,L1_01,Infectious and Communicable Diseases,low
ICD-9,3201,Bacterial meningitis — Pneumococcal meningitis,L1_01,Infectious and Communicable Diseases,low
ICD-9,3202,Bacterial meningitis — Streptococcal meningitis,L1_01,Infectious and Communicable Diseases,low
ICD-9,3203,Bacterial meningitis — Staphylococcal meningitis,L1_01,Infectious and Communicable Diseases,low
ICD-9,3204,Bacterial meningitis — Tuberculous meningitis,L1_01,Infectious and Communicable Diseases,low
ICD-9,3205,Bacterial meningitis — Meningococcal meningitis,L1_01,Infectious and Communicable Diseases,low
ICD-9,3207,Bacterial meningitis — Meningitis in other bacterial diseases classified elsewhere,L1_01,Infectious and Communicable Diseases,low
ICD-9,3208,Bacterial meningitis — Meningitis due to other specified bacteria,L1_01,Infectious and Communicable Diseases,low
ICD-9,3209,Bacterial meningitis — Meningitis due to unspecified bacterium,L1_01,Infectious and Communicable Diseases,low
ICD-9,3210,Meningitis due to other organisms — Fungal meningitis,L1_01,Infectious and Communicable Diseases,low
ICD-9,3211,Meningitis due to other organisms — Meningitis due to Coxsackie virus,L1_01,Infectious and Communicable Diseases,low
ICD-9,3212,Meningitis due to other organisms — Meningitis due to ECHO virus,L1_01,Infectious and Communicable Diseases,low
ICD-9,3213,Meningitis due to other organisms — Meningitis due to herpes zoster virus,L1_01,Infectious and Communicable Diseases,low
ICD-9,3214,Meningitis due to other organisms — Meningitis due to herpes simplex virus,L1_01,Infectious and Communicable Diseases,low
ICD-9,3215,Meningitis due to other organisms — Meningitis due to mumps virus,L1_01,Infectious and Communicable Diseases,low
ICD-9,3216,Meningitis due to other organisms — Meningitis due to lymphocytic choriomeningitis virus,L1_01,Infectious and Communicable Diseases,low
ICD-9,3217,Meningitis due to other organisms — Meningitis due to other and unspecified viruses,L1_01,Infectious and Communicable Diseases,low
ICD-9,3218,Meningitis due to other organisms — Other,L1_01,Infectious and Communicable Diseases,low
ICD-9,3220,Meningitis of unspecified cause — Nonpyogenic meningitis,L1_01,Infectious and Communicable Diseases,low
ICD-9,3221,Meningitis of unspecified cause — Eosinophilic meningitis,L1_01,Infectious and Communicable Diseases,low
ICD-9,3222,Meningitis of unspecified cause — Chronic meningitis,L1_05,Chronic Non-Communicable Diseases,low
ICD-9,3229,"Meningitis of unspecified cause — Meningitis, unspecified",L1_01,Infectious and Communicable Diseases,low
ICD-9,3230,"Encephalitis, myelitis and encephalomyelitis — Kuru",L1_01,Infectious and Communicable Diseases,low
ICD-9,3231,"Encephalitis, myelitis and encephalomyelitis — Subacute sclerosing panencephalitis",L1_01,Infectious and Communicable Diseases,low
ICD-9,3232,"Encephalitis, myelitis and encephalomyelitis — Poliomyelitis",L1_01,Infectious and Communicable Diseases,low
ICD-9,3233,"Encephalitis, myelitis and encephalomyelitis — Arthropod-borne viral encephalitis",L1_01,Infectious and Communicable Diseases,low
ICD-9,3234,"Encephalitis, myelitis and encephalomyelitis — Other encephalitis due to infection",L1_01,Infectious and Communicable Diseases,low
ICD-9,3235,"Encephalitis, myelitis and encephalomyelitis — Encephalitis following immunization procedures",L1_01,Infectious and Communicable Diseases,low
ICD-9,3236,"Encephalitis, myelitis and encephalomyelitis — Postinfectious encephalitis",L1_01,Infectious and Communicable Diseases,low
ICD-9,3237,"Encephalitis, myelitis and encephalomyelitis — Toxic encephalitis",L1_01,Infectious and Communicable Diseases,low
ICD-9,3238,"Encephalitis, myelitis and encephalomyelitis — Other",L1_01,Infectious and Communicable Diseases,low
ICD-9,3239,"Encephalitis, myelitis and encephalomyelitis — Unspecified cause",L1_01,Infectious and Communicable Diseases,low
ICD-9,3240,Intracranial and intraspinal abscess — Intracranial abscess,L1_05,Chronic Non-Communicable Diseases,low
ICD-9,3241,Intracranial and intraspinal abscess — Intraspinal abscess,L1_05,Chronic Non-Communicable Diseases,low
ICD-9,3249,Intracranial and intraspinal abscess — Of unspecified site,L1_05,Chronic Non-Communicable Diseases,low
ICD-9,3250,Phlebitis and thrombophlebitis of intracranial venous sinuses — Phlebitis and thrombophlebitis of intracranial venous sinuses,L1_05,Chronic Non-Communicable Diseases,low
ICD-9,3260,Late effects of intracranial abscess or pyogenic infection — Late effects of intracranial abscess or pyogenic infection,L1_05,Chronic Non-Communicable Diseases,low
ICD-9,3300,Cerebral degenerations usually manifest in childhood — Leucodystrophy,L1_05,Chronic Non-Communicable Diseases,low
ICD-9,3301,Cerebral degenerations usually manifest in childhood — Cerebral lipidoses,L1_05,Chronic Non-Communicable Diseases,low
ICD-9,3302,Cerebral degenerations usually manifest in childhood — Cerebral degeneration in generalized lipidoses,L1_05,Chronic Non-Communicable Diseases,low
ICD-9,3303,Cerebral degenerations usually manifest in childhood — Cerebral degeneration of childhood in other diseases classified elsewhere,L1_05,Chronic Non-Communicable Diseases,low
ICD-9,3308,Cerebral degenerations usually manifest in childhood — Other cerebral degenerations in childhood,L1_05,Chronic Non-Communicable Diseases,low
ICD-9,3309,Cerebral degenerations usually manifest in childhood — Unspecified,L1_05,Chronic Non-Communicable Diseases,low
ICD-9,3310,Other cerebral degenerations — Alzheimer's disease,L1_05,Chronic Non-Communicable Diseases,low
ICD-9,3311,Other cerebral degenerations — Pick's disease,L1_05,Chronic Non-Communicable Diseases,low
ICD-9,3312,Other cerebral degenerations — Senile degeneration of brain,L1_04,Later-Life Mortality,low
ICD-9,3313,Other cerebral degenerations — Communicating hydrocephalus,L1_03,Congenital and Developmental Conditions,low
ICD-9,3314,Other cerebral degenerations — Obstructive hydrocephalus,L1_03,Congenital and Developmental Conditions,low
ICD-9,3315,Other cerebral degenerations — Jakob-Creutzfeldt disease,L1_05,Chronic Non-Communicable Diseases,low
ICD-9,3316,Other cerebral degenerations — Progressive multifocal leucoencephalopathy,L1_05,Chronic Non-Communicable Diseases,low
ICD-9,3317,Other cerebral degenerations — Cerebral degeneration in other diseases classified elsewhere,L1_05,Chronic Non-Communicable Diseases,low
ICD-9,3318,Other cerebral degenerations — Other cerebral degeneration,L1_05,Chronic Non-Communicable Diseases,low
ICD-9,3319,Other cerebral degenerations — Unspecified,L1_05,Chronic Non-Communicable Diseases,low
ICD-9,3320,Parkinson's disease — Paralysis agitans,L1_01,Infectious and Communicable Diseases,low
ICD-9,3321,Parkinson's disease — Secondary Parkinsonism,L1_01,Infectious and Communicable Diseases,low
ICD-9,3330,Other extrapyramidal disease and abnormal movement disorders — Other degenerative diseases of the basal ganglia,L1_05,Chronic Non-Communicable Diseases,low
ICD-9,3331,Other extrapyramidal disease and abnormal movement disorders — Essential and other specified forms of tremor,L1_01,Infectious and Communicable Diseases,low
ICD-9,3332,Other extrapyramidal disease and abnormal movement disorders — Myoclonus,L1_01,Infectious and Communicable Diseases,low
ICD-9,3333,Other extrapyramidal disease and abnormal movement disorders — Tics of organic origin,L1_01,Infectious and Communicable Diseases,low
ICD-9,3334,Other extrapyramidal disease and abnormal movement disorders — Huntington's chorea,L1_05,Chronic Non-Communicable Diseases,low
ICD-9,3335,Other extrapyramidal disease and abnormal movement disorders — Other choreas,L1_05,Chronic Non-Communicable Diseases,low
ICD-9,3336,Other extrapyramidal disease and abnormal movement disorders — Idiopathic torsion dystonia,L1_01,Infectious and Communicable Diseases,low
ICD-9,3337,Other extrapyramidal disease and abnormal movement disorders — Symptomatic torsion dystonia,L1_01,Infectious and Communicable Diseases,low
ICD-9,3338,Other extrapyramidal disease and abnormal movement disorders — Fragments of torsion dystonia,L1_01,Infectious and Communicable Diseases,low
ICD-9,3339,Other extrapyramidal disease and abnormal movement disorders — Other and unspecified,L1_01,Infectious and Communicable Diseases,low
ICD-9,3340,Spinocerebellar disease — Friedreich's ataxia,L1_01,Infectious and Communicable Diseases,low
ICD-9,3341,Spinocerebellar disease — Hereditary spastic paraplegia,L1_03,Congenital and Developmental Conditions,medium
ICD-9,3342,Spinocerebellar disease — Primary cerebellar degeneration,L1_05,Chronic Non-Communicable Diseases,low
ICD-9,3343,Spinocerebellar disease — Other cerebellar ataxia,L1_01,Infectious and Communicable Diseases,low
ICD-9,3344,Spinocerebellar disease — Cerebellar ataxia in diseases classified elsewhere,L1_01,Infectious and Communicable Diseases,low
ICD-9,3348,Spinocerebellar disease — Other,L1_01,Infectious and Communicable Diseases,low
ICD-9,3349,Spinocerebellar disease — Unspecified,L1_01,Infectious and Communicable Diseases,low
ICD-9,3350,Anterior horn cell disease — Werdnig-Hoffmann disease,L1_01,Infectious and Communicable Diseases,low
ICD-9,3351,Anterior horn cell disease — Spinal muscular atrophy,L1_05,Chronic Non-Communicable Diseases,low
ICD-9,3352,Anterior horn cell disease — Motor neurone disease,L1_01,Infectious and Communicable Diseases,low
ICD-9,3358,Anterior horn cell disease — Other,L1_01,Infectious and Communicable Diseases,low
ICD-9,3359,Anterior horn cell disease — Unspecified,L1_01,Infectious and Communicable Diseases,low
ICD-9,3360,Other diseases of spinal cord — Syringomyelia and syringobulbia,L1_05,Chronic Non-Communicable Diseases,medium
ICD-9,3361,Other diseases of spinal cord — Vascular myelopathies,L1_05,Chronic Non-Communicable Diseases,medium
ICD-9,3362,Other diseases of spinal cord — Subacute combined degeneration of spinal cord,L1_05,Chronic Non-Communicable Diseases,high
ICD-9,3363,Other diseases of spinal cord — Myelopathy in other diseases classified elsewhere,L1_05,Chronic Non-Communicable Diseases,medium
ICD-9,3368,Other diseases of spinal cord — Other myelopathy,L1_05,Chronic Non-Communicable Diseases,medium
ICD-9,3369,Other diseases of spinal cord — Unspecified diseases of spinal cord,L1_05,Chronic Non-Communicable Diseases,medium
ICD-9,3370,Disorders of the autonomic nervous system — Idiopathic peripheral autonomic neuropathy,L1_05,Chronic Non-Communicable Diseases,low
ICD-9,3371,Disorders of the autonomic nervous system — Peripheral autonomic neuropathy in disorders classified elsewhere,L1_05,Chronic Non-Communicable Diseases,low
ICD-9,3379,Disorders of the autonomic nervous system — Unspecified,L1_05,Chronic Non-Communicable Diseases,low
ICD-9,3400,Multiple sclerosis — Multiple sclerosis,L1_01,Infectious and Communicable Diseases,low
ICD-9,3410,Other demyelinating diseases of central nervous system — Neuromyelitis optica,L1_05,Chronic Non-Communicable Diseases,low
ICD-9,3411,Other demyelinating diseases of central nervous system — Schilder's disease,L1_05,Chronic Non-Communicable Diseases,low
ICD-9,3418,Other demyelinating diseases of central nervous system — Other,L1_05,Chronic Non-Communicable Diseases,low
ICD-9,3419,Other demyelinating diseases of central nervous system — Unspecified,L1_05,Chronic Non-Communicable Diseases,low
ICD-9,3420,Hemiplegia — Flaccid hemiplegia,L1_05,Chronic Non-Communicable Diseases,low
ICD-9,3421,Hemiplegia — Spastic hemiplegia,L1_05,Chronic Non-Communicable Diseases,low
ICD-9,3429,Hemiplegia — Unspecified,L1_05,Chronic Non-Communicable Diseases,low
ICD-9,3430,Infantile cerebral palsy — Diplegic,L1_01,Infectious and Communicable Diseases,low
ICD-9,3431,Infantile cerebral palsy — Hemiplegic,L1_01,Infectious and Communicable Diseases,low
ICD-9,3432,Infantile cerebral palsy — Quadriplegic,L1_01,Infectious and Communicable Diseases,low
ICD-9,3433,Infantile cerebral palsy — Monoplegic,L1_01,Infectious and Communicable Diseases,low
ICD-9,3434,Infantile cerebral palsy — Infantile hemiplegia,L1_05,Chronic Non-Communicable Diseases,low
ICD-9,3438,Infantile cerebral palsy — Other,L1_01,Infectious and Communicable Diseases,low
ICD-9,3439,Infantile cerebral palsy — Unspecified,L1_01,Infectious and Communicable Diseases,low
ICD-9,3440,Other paralytic syndromes — Quadriplegia,L1_01,Infectious and Communicable Diseases,low
ICD-9,3441,Other paralytic syndromes — Paraplegia,L1_03,Congenital and Developmental Conditions,low
ICD-9,3442,Other paralytic syndromes — Diplegia of upper limbs,L1_01,Infectious and Communicable Diseases,low
ICD-9,3443,Other paralytic syndromes — Monoplegia of lower limb,L1_01,Infectious and Communicable Diseases,low
ICD-9,3444,Other paralytic syndromes — Monoplegia of upper limb,L1_01,Infectious and Communicable Diseases,low
ICD-9,3445,Other paralytic syndromes — Unspecified monoplegia,L1_01,Infectious and Communicable Diseases,low
ICD-9,3446,Other paralytic syndromes — Cauda equina syndrome,L1_01,Infectious and Communicable Diseases,low
ICD-9,3448,Other paralytic syndromes — Other,L1_01,Infectious and Communicable Diseases,low
ICD-9,3449,Other paralytic syndromes — Unspecified,L1_01,Infectious and Communicable Diseases,low
ICD-9,3450,Epilepsy — Generalized nonconvulsive epilepsy,L1_05,Chronic Non-Communicable Diseases,low
ICD-9,3451,Epilepsy — Generalized convulsive epilepsy,L1_05,Chronic Non-Communicable Diseases,low
ICD-9,3452,Epilepsy — Petit mal status,L1_05,Chronic Non-Communicable Diseases,low
ICD-9,3453,Epilepsy — Grand mal status,L1_05,Chronic Non-Communicable Diseases,low
ICD-9,3454,"Epilepsy — Partial epilepsy, with impairment of consciousness",L1_05,Chronic Non-Communicable Diseases,low
ICD-9,3455,"Epilepsy — Partial epilepsy, without mention of impairment of consciousness",L1_05,Chronic Non-Communicable Diseases,low
ICD-9,3456,Epilepsy — Infantile spasms,L1_05,Chronic Non-Communicable Diseases,low
ICD-9,3457,Epilepsy — Epilepsia partialis continua,L1_05,Chronic Non-Communicable Diseases,low
ICD-9,3458,Epilepsy — Other,L1_05,Chronic Non-Communicable Diseases,low
ICD-9,3459,Epilepsy — Unspecified,L1_05,Chronic Non-Communicable Diseases,low
ICD-9,3460,Migraine — Classical migraine,L1_01,Infectious and Communicable Diseases,low
ICD-9,3461,Migraine — Common migraine,L1_01,Infectious and Communicable Diseases,low
ICD-9,3462,Migraine — Variants of migraine,L1_01,Infectious and Communicable Diseases,low
ICD-9,3468,Migraine — Other,L1_01,Infectious and Communicable Diseases,low
ICD-9,3469,Migraine — Unspecified,L1_01,Infectious and Communicable Diseases,low
ICD-9,3470,Cataplexy and narcolepsy — Cataplexy and narcolepsy,L1_01,Infectious and Communicable Diseases,low
ICD-9,3480,Other conditions of brain — Cerebral cysts,L1_01,Infectious and Communicable Diseases,low
ICD-9,3481,Other conditions of brain — Anoxic brain damage,L1_01,Infectious and Communicable Diseases,low
ICD-9,3482,Other conditions of brain — Benign intracranial hypertension,L1_01,Infectious and Communicable Diseases,low
ICD-9,3483,"Other conditions of brain — Encephalopathy, unspecified",L1_01,Infectious and Communicable Diseases,low
ICD-9,3484,Other conditions of brain — Compression of brain,L1_01,Infectious and Communicable Diseases,low
ICD-9,3485,Other conditions of brain — Cerebral oedema,L1_01,Infectious and Communicable Diseases,low
ICD-9,3488,Other conditions of brain — Other,L1_01,Infectious and Communicable Diseases,low
ICD-9,3489,Other conditions of brain — Unspecified,L1_01,Infectious and Communicable Diseases,low
ICD-9,3490,Other and unspecified disorders of the nervous system — Reaction to spinal or lumbar puncture,L1_05,Chronic Non-Communicable Diseases,low
ICD-9,3491,Other and unspecified disorders of the nervous system — Nervous system complications from surgically implanted device,L1_05,Chronic Non-Communicable Diseases,low
ICD-9,3492,"Other and unspecified disorders of the nervous system — Disorders of meninges, not elsewhere classified",L1_05,Chronic Non-Communicable Diseases,low
ICD-9,3498,Other and unspecified disorders of the nervous system — Other,L1_05,Chronic Non-Communicable Diseases,low
ICD-9,3499,Other and unspecified disorders of the nervous system — Unspecified,L1_05,Chronic Non-Communicable Diseases,low
ICD-9,3500,Trigeminal nerve disorders — Post-herpetic trigeminal neuralgia,L1_05,Chronic Non-Communicable Diseases,low
ICD-9,3501,Trigeminal nerve disorders — Other trigeminal neuralgia,L1_05,Chronic Non-Communicable Diseases,low
ICD-9,3502,Trigeminal nerve disorders — Atypical face pain,L1_01,Infectious and Communicable Diseases,low
ICD-9,3508,Trigeminal nerve disorders — Other,L1_01,Infectious and Communicable Diseases,low
ICD-9,3509,Trigeminal nerve disorders — Unspecified,L1_01,Infectious and Communicable Diseases,low
ICD-9,3510,Facial nerve disorders — Bell's palsy,L1_01,Infectious and Communicable Diseases,low
ICD-9,3511,Facial nerve disorders — Geniculate ganglionitis,L1_01,Infectious and Communicable Diseases,low
ICD-9,3518,Facial nerve disorders — Other,L1_01,Infectious and Communicable Diseases,low
ICD-9,3519,Facial nerve disorders — Unspecified,L1_01,Infectious and Communicable Diseases,low
ICD-9,3520,Disorders of other cranial nerves — Disorders of olfactory [1st] nerve,L1_05,Chronic Non-Communicable Diseases,low
ICD-9,3521,Disorders of other cranial nerves — Glossopharyngeal neuralgia,L1_05,Chronic Non-Communicable Diseases,medium
ICD-9,3522,Disorders of other cranial nerves — Other disorders of glossopharyngeal [9th] nerve,L1_05,Chronic Non-Communicable Diseases,low
ICD-9,3523,Disorders of other cranial nerves — Disorders of pneumogastric [10th] nerve,L1_05,Chronic Non-Communicable Diseases,low
ICD-9,3524,Disorders of other cranial nerves — Disorders of accessory [11th] nerve,L1_05,Chronic Non-Communicable Diseases,low
ICD-9,3525,Disorders of other cranial nerves — Disorders of hypoglossal [12th] nerve,L1_05,Chronic Non-Communicable Diseases,low
ICD-9,3526,Disorders of other cranial nerves — Multiple cranial nerve palsies,L1_05,Chronic Non-Communicable Diseases,low
ICD-9,3529,Disorders of other cranial nerves — Unspecified,L1_05,Chronic Non-Communicable Diseases,low
ICD-9,3530,Nerve root and plexus disorders — Brachial plexus lesions,L1_01,Infectious and Communicable Diseases,low
ICD-9,3531,Nerve root and plexus disorders — Lumbosacral plexus lesions,L1_01,Infectious and Communicable Diseases,low
ICD-9,3532,"Nerve root and plexus disorders — Cervical root lesions, not elsewhere classified",L1_01,Infectious and Communicable Diseases,low
ICD-9,3533,"Nerve root and plexus disorders — Thoracic root lesions, not elsewhere classified",L1_01,Infectious and Communicable Diseases,low
ICD-9,3534,"Nerve root and plexus disorders — Lumbosacral root lesions, not elsewhere classified",L1_01,Infectious and Communicable Diseases,low
ICD-9,3535,Nerve root and plexus disorders — Neuralgic amyotrophy,L1_01,Infectious and Communicable Diseases,low
ICD-9,3536,Nerve root and plexus disorders — Phantom limb syndrome,L1_01,Infectious and Communicable Diseases,low
ICD-9,3538,Nerve root and plexus disorders — Other,L1_01,Infectious and Communicable Diseases,low
ICD-9,3539,Nerve root and plexus disorders — Unspecified,L1_01,Infectious and Communicable Diseases,low
ICD-9,3540,Mononeuritis of upper limb and mononeuritis multiplex — Carpal tunnel syndrome,L1_01,Infectious and Communicable Diseases,low
ICD-9,3541,Mononeuritis of upper limb and mononeuritis multiplex — Other lesion of median nerve,L1_01,Infectious and Communicable Diseases,low
ICD-9,3542,Mononeuritis of upper limb and mononeuritis multiplex — Lesion of ulnar nerve,L1_01,Infectious and Communicable Diseases,low
ICD-9,3543,Mononeuritis of upper limb and mononeuritis multiplex — Lesion of radial nerve,L1_01,Infectious and Communicable Diseases,low
ICD-9,3544,Mononeuritis of upper limb and mononeuritis multiplex — Causalgia,L1_01,Infectious and Communicable Diseases,low
ICD-9,3545,Mononeuritis of upper limb and mononeuritis multiplex — Mononeuritis multiplex,L1_01,Infectious and Communicable Diseases,low
ICD-9,3548,Mononeuritis of upper limb and mononeuritis multiplex — Other,L1_01,Infectious and Communicable Diseases,low
ICD-9,3549,Mononeuritis of upper limb and mononeuritis multiplex — Unspecified,L1_01,Infectious and Communicable Diseases,low
ICD-9,3550,Mononeuritis of lower limb — Lesion of sciatic nerve,L1_01,Infectious and Communicable Diseases,low
ICD-9,3551,Mononeuritis of lower limb — Meralgia paraesthetica,L1_01,Infectious and Communicable Diseases,low
ICD-9,3552,Mononeuritis of lower limb — Lesion of femoral nerve,L1_01,Infectious and Communicable Diseases,low
ICD-9,3553,Mononeuritis of lower limb — Lesion of lateral popliteal nerve,L1_01,Infectious and Communicable Diseases,low
ICD-9,3554,Mononeuritis of lower limb — Lesion of medial popliteal nerve,L1_01,Infectious and Communicable Diseases,low
ICD-9,3555,Mononeuritis of lower limb — Tarsal tunnel syndrome,L1_01,Infectious and Communicable Diseases,low
ICD-9,3556,Mononeuritis of lower limb — Lesion of plantar nerve,L1_01,Infectious and Communicable Diseases,low
ICD-9,3557,Mononeuritis of lower limb — Other,L1_01,Infectious and Communicable Diseases,low
ICD-9,3558,Mononeuritis of lower limb — Unspecified mononeuritis of lower limb,L1_01,Infectious and Communicable Diseases,low
ICD-9,3559,Mononeuritis of lower limb — Mononeuritis of unspecified site,L1_01,Infectious and Communicable Diseases,low
ICD-9,3560,Hereditary and idiopathic peripheral neuropathy — Hereditary peripheral neuropathy,L1_03,Congenital and Developmental Conditions,low
ICD-9,3561,Hereditary and idiopathic peripheral neuropathy — Peroneal muscular atrophy,L1_03,Congenital and Developmental Conditions,low
ICD-9,3562,Hereditary and idiopathic peripheral neuropathy — Hereditary sensory neuropathy,L1_03,Congenital and Developmental Conditions,low
ICD-9,3563,Hereditary and idiopathic peripheral neuropathy — Refsum's disease,L1_03,Congenital and Developmental Conditions,low
ICD-9,3564,Hereditary and idiopathic peripheral neuropathy — Idiopathic progressive polyneuropathy,L1_03,Congenital and Developmental Conditions,low
ICD-9,3568,Hereditary and idiopathic peripheral neuropathy — Other,L1_03,Congenital and Developmental Conditions,low
ICD-9,3569,Hereditary and idiopathic peripheral neuropathy — Unspecified,L1_03,Congenital and Developmental Conditions,low
ICD-9,3570,Inflammatory and toxic neuropathy — Acute infective polyneuritis,L1_01,Infectious and Communicable Diseases,low
ICD-9,3571,Inflammatory and toxic neuropathy — Polyneuropathy in collagen vascular disease,L1_01,Infectious and Communicable Diseases,low
ICD-9,3572,Inflammatory and toxic neuropathy — Polyneuropathy in diabetes,L1_05,Chronic Non-Communicable Diseases,low
ICD-9,3573,Inflammatory and toxic neuropathy — Polyneuropathy in malignant disease,L1_05,Chronic Non-Communicable Diseases,low
ICD-9,3574,Inflammatory and toxic neuropathy — Polyneuropathy in other diseases classified elsewhere,L1_01,Infectious and Communicable Diseases,low
ICD-9,3575,Inflammatory and toxic neuropathy — Alcoholic polyneuropathy,L1_09,Self-Harm and Substance Use,low
ICD-9,3576,Inflammatory and toxic neuropathy — Polyneuropathy due to drugs,L1_09,Self-Harm and Substance Use,low
ICD-9,3577,Inflammatory and toxic neuropathy — Polyneuropathy due to other toxic agents,L1_01,Infectious and Communicable Diseases,low
ICD-9,3578,Inflammatory and toxic neuropathy — Other,L1_01,Infectious and Communicable Diseases,low
ICD-9,3579,Inflammatory and toxic neuropathy — Unspecified,L1_01,Infectious and Communicable Diseases,low
ICD-9,3580,Myoneural disorders — Myasthenia gravis,L1_01,Infectious and Communicable Diseases,low
ICD-9,3581,Myoneural disorders — Myasthenic syndromes in diseases classified elsewhere,L1_01,Infectious and Communicable Diseases,low
ICD-9,3582,Myoneural disorders — Toxic myoneural disorders,L1_01,Infectious and Communicable Diseases,low
ICD-9,3588,Myoneural disorders — Other,L1_01,Infectious and Communicable Diseases,low
ICD-9,3589,Myoneural disorders — Unspecified,L1_01,Infectious and Communicable Diseases,low
ICD-9,3590,Muscular dystrophies and other myopathies — Congenital hereditary muscular dystrophy,L1_03,Congenital and Developmental Conditions,medium
ICD-9,3591,Muscular dystrophies and other myopathies — Hereditary progressive muscular dystrophy,L1_03,Congenital and Developmental Conditions,low
ICD-9,3592,Muscular dystrophies and other myopathies — Myotonic disorders,L1_01,Infectious and Communicable Diseases,low
ICD-9,3593,Muscular dystrophies and other myopathies — Familial periodic paralysis,L1_01,Infectious and Communicable Diseases,low
ICD-9,3594,Muscular dystrophies and other myopathies — Toxic myopathy,L1_01,Infectious and Communicable Diseases,low
ICD-9,3595,Muscular dystrophies and other myopathies — Endocrine myopathy,L1_01,Infectious and Communicable Diseases,low
ICD-9,3596,Muscular dystrophies and other myopathies — Symptomatic inflammatory myopathy,L1_01,Infectious and Communicable Diseases,low
ICD-9,3598,Muscular dystrophies and other myopathies — Other,L1_01,Infectious and Communicable Diseases,low
ICD-9,3599,Muscular dystrophies and other myopathies — Unspecified,L1_01,Infectious and Communicable Diseases,low
ICD-9,3600,Disorders of the globe — Purulent endophthalmitis,L1_05,Chronic Non-Communicable Diseases,low
ICD-9,3601,Disorders of the globe — Other endophthalmitis,L1_05,Chronic Non-Communicable Diseases,low
ICD-9,3602,Disorders of the globe — Degenerative disorders of globe,L1_05,Chronic Non-Communicable Diseases,low
ICD-9,3603,Disorders of the globe — Hypotony of eye,L1_05,Chronic Non-Communicable Diseases,low
ICD-9,3604,Disorders of the globe — Degenerated conditions of globe,L1_05,Chronic Non-Communicable Diseases,low
ICD-9,3605,"Disorders of the globe — Retained (old) intraocular foreign body, magnetic",L1_05,Chronic Non-Communicable Diseases,low
ICD-9,3606,"Disorders of the globe — Retained (old) intraocular foreign body, nonmagnetic",L1_05,Chronic Non-Communicable Diseases,low
ICD-9,3608,Disorders of the globe — Other disorders of globe,L1_05,Chronic Non-Communicable Diseases,low
ICD-9,3609,Disorders of the globe — Unspecified,L1_05,Chronic Non-Communicable Diseases,low
ICD-9,3610,Retinal detachments and defects — Retinal detachment with retinal defect,L1_01,Infectious and Communicable Diseases,low
ICD-9,3611,Retinal detachments and defects — Retinoschisis and retinal cysts,L1_01,Infectious and Communicable Diseases,low
ICD-9,3612,Retinal detachments and defects — Serous retinal detachment,L1_01,Infectious and Communicable Diseases,low
ICD-9,3613,Retinal detachments and defects — Retinal defects without detachment,L1_01,Infectious and Communicable Diseases,low
ICD-9,3618,Retinal detachments and defects — Other forms of retinal detachment,L1_01,Infectious and Communicable Diseases,low
ICD-9,3619,Retinal detachments and defects — Unspecified,L1_01,Infectious and Communicable Diseases,low
ICD-9,3620,Other retinal disorders — Diabetic retinopathy,L1_01,Infectious and Communicable Diseases,low
ICD-9,3621,Other retinal disorders — Other background retinopathy and retinal vascular changes,L1_01,Infectious and Communicable Diseases,low
ICD-9,3622,Other retinal disorders — Other proliferative retinopathy,L1_01,Infectious and Communicable Diseases,low
ICD-9,3623,Other retinal disorders — Retinal vascular occlusion,L1_01,Infectious and Communicable Diseases,low
ICD-9,3624,Other retinal disorders — Separation of retinal layers,L1_01,Infectious and Communicable Diseases,low
ICD-9,3625,Other retinal disorders — Degeneration of macula and posterior pole,L1_05,Chronic Non-Communicable Diseases,low
ICD-9,3626,Other retinal disorders — Peripheral retinal degenerations,L1_05,Chronic Non-Communicable Diseases,low
ICD-9,3627,Other retinal disorders — Hereditary retinal dystrophies,L1_03,Congenital and Developmental Conditions,low
ICD-9,3628,Other retinal disorders — Other retinal disorders,L1_01,Infectious and Communicable Diseases,low
ICD-9,3629,Other retinal disorders — Unspecified,L1_01,Infectious and Communicable Diseases,low
ICD-9,3630,Chorioretinal inflammations and scars and other disorders of choroid — Focal chorioretinitis and focal retinochoroiditis,L1_05,Chronic Non-Communicable Diseases,low
ICD-9,3631,Chorioretinal inflammations and scars and other disorders of choroid — Disseminated chorioretinitis and disseminated retinochoroiditis,L1_05,Chronic Non-Communicable Diseases,low
ICD-9,3632,Chorioretinal inflammations and scars and other disorders of choroid — Other and unspecified forms of chorioretinitis and retinochoroiditis,L1_05,Chronic Non-Communicable Diseases,low
ICD-9,3633,Chorioretinal inflammations and scars and other disorders of choroid — Chorioretinal scars,L1_05,Chronic Non-Communicable Diseases,low
ICD-9,3634,Chorioretinal inflammations and scars and other disorders of choroid — Choroidal degenerations,L1_05,Chronic Non-Communicable Diseases,medium
ICD-9,3635,Chorioretinal inflammations and scars and other disorders of choroid — Hereditary choroidal dystrophies,L1_03,Congenital and Developmental Conditions,low
ICD-9,3636,Chorioretinal inflammations and scars and other disorders of choroid — Choroidal haemorrhage and rupture,L1_05,Chronic Non-Communicable Diseases,medium
ICD-9,3637,Chorioretinal inflammations and scars and other disorders of choroid — Choroidal detachment,L1_05,Chronic Non-Communicable Diseases,low
ICD-9,3638,Chorioretinal inflammations and scars and other disorders of choroid — Other disorders of choroid,L1_05,Chronic Non-Communicable Diseases,low
ICD-9,3639,Chorioretinal inflammations and scars and other disorders of choroid — Unspecified,L1_05,Chronic Non-Communicable Diseases,low
ICD-9,3640,Disorders of iris and ciliary body — Acute and subacute iridocyclitis,L1_05,Chronic Non-Communicable Diseases,low
ICD-9,3641,Disorders of iris and ciliary body — Chronic iridocyclitis,L1_05,Chronic Non-Communicable Diseases,medium
ICD-9,3642,Disorders of iris and ciliary body — Certain types of iridocyclitis,L1_05,Chronic Non-Communicable Diseases,low
ICD-9,3643,Disorders of iris and ciliary body — Unspecified iridocyclitis,L1_05,Chronic Non-Communicable Diseases,low
ICD-9,3644,Disorders of iris and ciliary body — Vascular disorders of iris and ciliary body,L1_05,Chronic Non-Communicable Diseases,low
ICD-9,3645,Disorders of iris and ciliary body — Degenerations of iris and ciliary body,L1_05,Chronic Non-Communicable Diseases,medium
ICD-9,3646,"Disorders of iris and ciliary body — Cysts of iris, ciliary body and anterior chamber",L1_05,Chronic Non-Communicable Diseases,low
ICD-9,3647,Disorders of iris and ciliary body — Adhesions and disruptions of iris and ciliary body,L1_05,Chronic Non-Communicable Diseases,low
ICD-9,3648,Disorders of iris and ciliary body — Other disorders of iris and ciliary body,L1_05,Chronic Non-Communicable Diseases,low
ICD-9,3649,Disorders of iris and ciliary body — Unspecified,L1_05,Chronic Non-Communicable Diseases,low
ICD-9,3650,Glaucoma — Borderline glaucoma,L1_01,Infectious and Communicable Diseases,low
ICD-9,3651,Glaucoma — Open-angle glaucoma,L1_01,Infectious and Communicable Diseases,low
ICD-9,3652,Glaucoma — Primary angle-closure glaucoma,L1_01,Infectious and Communicable Diseases,low
ICD-9,3653,Glaucoma — Corticosteroid-induced glaucoma,L1_01,Infectious and Communicable Diseases,low
ICD-9,3654,"Glaucoma — Glaucoma associated with congenital anomalies, with dystrophies and with systemic syndromes",L1_03,Congenital and Developmental Conditions,low
ICD-9,3655,Glaucoma — Glaucoma associated with disorders of the lens,L1_05,Chronic Non-Communicable Diseases,low
ICD-9,3656,Glaucoma — Glaucoma associated with other ocular disorders,L1_01,Infectious and Communicable Diseases,low
ICD-9,3658,Glaucoma — Other glaucoma,L1_01,Infectious and Communicable Diseases,low
ICD-9,3659,Glaucoma — Unspecified,L1_01,Infectious and Communicable Diseases,low
ICD-9,3660,"Cataract — Infantile, juvenile and presenile cataract",L1_01,Infectious and Communicable Diseases,low
ICD-9,3661,Cataract — Senile cataract,L1_04,Later-Life Mortality,low
ICD-9,3662,Cataract — Traumatic cataract,L1_01,Infectious and Communicable Diseases,low
ICD-9,3663,Cataract — Cataract secondary to ocular disorders,L1_01,Infectious and Communicable Diseases,low
ICD-9,3664,Cataract — Cataract associated with other disorders,L1_01,Infectious and Communicable Diseases,low
ICD-9,3665,Cataract — After-cataract,L1_01,Infectious and Communicable Diseases,low
ICD-9,3668,Cataract — Other cataract,L1_01,Infectious and Communicable Diseases,low
ICD-9,3669,Cataract — Unspecified,L1_01,Infectious and Communicable Diseases,low
ICD-9,3670,Disorders of refraction and accommodation — Hypermetropia,L1_05,Chronic Non-Communicable Diseases,low
ICD-9,3671,Disorders of refraction and accommodation — Myopia,L1_05,Chronic Non-Communicable Diseases,low
ICD-9,3672,Disorders of refraction and accommodation — Astigmatism,L1_05,Chronic Non-Communicable Diseases,low
ICD-9,3673,Disorders of refraction and accommodation — Anisometropia and aniseikonia,L1_05,Chronic Non-Communicable Diseases,low
ICD-9,3674,Disorders of refraction and accommodation — Presbyopia,L1_05,Chronic Non-Communicable Diseases,low
ICD-9,3675,Disorders of refraction and accommodation — Disorders of accommodation,L1_05,Chronic Non-Communicable Diseases,low
ICD-9,3678,Disorders of refraction and accommodation — Other,L1_05,Chronic Non-Communicable Diseases,low
ICD-9,3679,Disorders of refraction and accommodation — Unspecified,L1_05,Chronic Non-Communicable Diseases,low
ICD-9,3680,Visual disturbances — Amblyopia ex anopsia,L1_01,Infectious and Communicable Diseases,low
ICD-9,3681,Visual disturbances — Subjective visual disturbances,L1_01,Infectious and Communicable Diseases,low
ICD-9,3682,Visual disturbances — Diplopia,L1_01,Infectious and Communicable Diseases,low
ICD-9,3683,Visual disturbances — Other disorders of binocular vision,L1_05,Chronic Non-Communicable Diseases,low
ICD-9,3684,Visual disturbances — Visual field defects,L1_01,Infectious and Communicable Diseases,low
ICD-9,3685,Visual disturbances — Colour vision deficiencies,L1_03,Congenital and Developmental Conditions,low
ICD-9,3686,Visual disturbances — Night blindness,L1_01,Infectious and Communicable Diseases,low
ICD-9,3688,Visual disturbances — Other visual disturbances,L1_01,Infectious and Communicable Diseases,low
ICD-9,3689,Visual disturbances — Unspecified,L1_01,Infectious and Communicable Diseases,low
ICD-9,3690,"Blindness and low vision — Blindness, both eyes",L1_01,Infectious and Communicable Diseases,low
ICD-9,3691,"Blindness and low vision — Blindness, one eye, low vision other eye",L1_01,Infectious and Communicable Diseases,low
ICD-9,3692,"Blindness and low vision — Low vision, both eyes",L1_01,Infectious and Communicable Diseases,low
ICD-9,3693,"Blindness and low vision — Unqualified visual loss, both eyes",L1_01,Infectious and Communicable Diseases,low
ICD-9,3696,"Blindness and low vision — Blindness, one eye",L1_01,Infectious and Communicable Diseases,low
ICD-9,3697,"Blindness and low vision — Low vision, one eye",L1_01,Infectious and Communicable Diseases,low
ICD-9,3698,"Blindness and low vision — Unqualified visual loss, one eye",L1_01,Infectious and Communicable Diseases,low
ICD-9,3699,Blindness and low vision — Unspecified visual loss,L1_01,Infectious and Communicable Diseases,low
ICD-9,3700,Keratitis — Corneal ulcer,L1_05,Chronic Non-Communicable Diseases,low
ICD-9,3701,Keratitis — Dendritic keratitis,L1_01,Infectious and Communicable Diseases,low
ICD-9,3702,Keratitis — Other superficial keratitis without conjunctivitis,L1_01,Infectious and Communicable Diseases,low
ICD-9,3703,Keratitis — Certain types of keratoconjunctivitis,L1_01,Infectious and Communicable Diseases,low
ICD-9,3704,Keratitis — Other and unspecified keratoconjunctivitis,L1_01,Infectious and Communicable Diseases,low
ICD-9,3705,Keratitis — Interstitial and deep keratitis,L1_01,Infectious and Communicable Diseases,low
ICD-9,3706,Keratitis — Corneal neovascularization,L1_01,Infectious and Communicable Diseases,low
ICD-9,3708,Keratitis — Other forms of keratitis,L1_01,Infectious and Communicable Diseases,low
ICD-9,3709,Keratitis — Unspecified,L1_01,Infectious and Communicable Diseases,low
ICD-9,3710,Corneal opacity and other disorders of cornea — Corneal scars and opacities,L1_05,Chronic Non-Communicable Diseases,low
ICD-9,3711,Corneal opacity and other disorders of cornea — Corneal pigmentations and deposits,L1_05,Chronic Non-Communicable Diseases,low
ICD-9,3712,Corneal opacity and other disorders of cornea — Corneal oedema,L1_05,Chronic Non-Communicable Diseases,low
ICD-9,3713,Corneal opacity and other disorders of cornea — Changes of corneal membranes,L1_05,Chronic Non-Communicable Diseases,low
ICD-9,3714,Corneal opacity and other disorders of cornea — Corneal degenerations,L1_05,Chronic Non-Communicable Diseases,medium
ICD-9,3715,Corneal opacity and other disorders of cornea — Hereditary corneal dystrophies,L1_03,Congenital and Developmental Conditions,low
ICD-9,3716,Corneal opacity and other disorders of cornea — Keratoconus,L1_05,Chronic Non-Communicable Diseases,low
ICD-9,3717,Corneal opacity and other disorders of cornea — Other corneal deformities,L1_03,Congenital and Developmental Conditions,low
ICD-9,3718,Corneal opacity and other disorders of cornea — Other corneal disorders,L1_05,Chronic Non-Communicable Diseases,low
ICD-9,3719,Corneal opacity and other disorders of cornea — Unspecified,L1_05,Chronic Non-Communicable Diseases,low
ICD-9,3720,Disorders of conjunctiva — Acute conjunctivitis,L1_05,Chronic Non-Communicable Diseases,low
ICD-9,3721,Disorders of conjunctiva — Chronic conjunctivitis,L1_05,Chronic Non-Communicable Diseases,medium
ICD-9,3722,Disorders of conjunctiva — Blepharoconjunctivitis,L1_05,Chronic Non-Communicable Diseases,low
ICD-9,3723,Disorders of conjunctiva — Other and unspecified conjunctivitis,L1_05,Chronic Non-Communicable Diseases,low
ICD-9,3724,Disorders of conjunctiva — Pterygium,L1_05,Chronic Non-Communicable Diseases,low
ICD-9,3725,Disorders of conjunctiva — Conjunctival degenerations and deposits,L1_05,Chronic Non-Communicable Diseases,medium
ICD-9,3726,Disorders of conjunctiva — Conjunctival scars,L1_05,Chronic Non-Communicable Diseases,low
ICD-9,3727,Disorders of conjunctiva — Conjunctival vascular disorders and cysts,L1_05,Chronic Non-Communicable Diseases,low
ICD-9,3728,Disorders of conjunctiva — Other disorders of conjunctiva,L1_05,Chronic Non-Communicable Diseases,low
ICD-9,3729,Disorders of conjunctiva — Unspecified,L1_05,Chronic Non-Communicable Diseases,low
ICD-9,3730,Inflammation of eyelids — Blepharitis,L1_01,Infectious and Communicable Diseases,low
ICD-9,3731,Inflammation of eyelids — Hordeolum and other deep inflammation of eyelid,L1_01,Infectious and Communicable Diseases,low
ICD-9,3732,Inflammation of eyelids — Chalazion,L1_01,Infectious and Communicable Diseases,low
ICD-9,3733,Inflammation of eyelids — Noninfectious dermatoses of eyelid,L1_01,Infectious and Communicable Diseases,low
ICD-9,3734,Inflammation of eyelids — Infective dermatitis of eyelid of types resulting in deformity,L1_03,Congenital and Developmental Conditions,low
ICD-9,3735,Inflammation of eyelids — Other infective dermatitis of eyelid,L1_01,Infectious and Communicable Diseases,low
ICD-9,3736,Inflammation of eyelids — Parasitic infestation of eyelid,L1_01,Infectious and Communicable Diseases,low
ICD-9,3738,Inflammation of eyelids — Other,L1_01,Infectious and Communicable Diseases,low
ICD-9,3739,Inflammation of eyelids — Unspecified,L1_01,Infectious and Communicable Diseases,low
ICD-9,3740,Non inflammatory disorders of eyelids — Entropion and trichiasis of eyelid,L1_05,Chronic Non-Communicable Diseases,low
ICD-9,3741,Non inflammatory disorders of eyelids — Ectropion,L1_05,Chronic Non-Communicable Diseases,low
ICD-9,3742,Other disorders of eyelids — Lagophthalmos,L1_05,Chronic Non-Communicable Diseases,low
ICD-9,3743,Non inflammatory disorders of eyelids — Ptosis of eyelid,L1_05,Chronic Non-Communicable Diseases,low
ICD-9,3744,Non inflammatory disorders of eyelids — Other disorders affecting eyelid function,L1_05,Chronic Non-Communicable Diseases,low
ICD-9,3745,Other disorders of eyelids — Degenerative disorders of eyelids and periocular area,L1_05,Chronic Non-Communicable Diseases,low
ICD-9,3748,Non inflammatory disorders of eyelids — Other disorders of eyelid,L1_05,Chronic Non-Communicable Diseases,low
ICD-9,3749,Non inflammatory disorders of eyelids — Unspecified,L1_05,Chronic Non-Communicable Diseases,low
ICD-9,3750,Disorders of lacrimal system — Dacryoadenitis,L1_05,Chronic Non-Communicable Diseases,low
ICD-9,3751,Disorders of lacrimal system — Other disorders of lacrimal gland,L1_05,Chronic Non-Communicable Diseases,low
ICD-9,3752,Disorders of lacrimal system — Epiphora,L1_05,Chronic Non-Communicable Diseases,low
ICD-9,3753,Disorders of lacrimal system — Acute and unspecified inflammation of lacrimal passages,L1_05,Chronic Non-Communicable Diseases,low
ICD-9,3754,Disorders of lacrimal system — Chronic inflammation of lacrimal passages,L1_05,Chronic Non-Communicable Diseases,medium
ICD-9,3755,Disorders of lacrimal system — Stenosis and insufficiency of lacrimal passages,L1_05,Chronic Non-Communicable Diseases,low
ICD-9,3756,Disorders of lacrimal system — Other changes of lacrimal passages,L1_05,Chronic Non-Communicable Diseases,low
ICD-9,3758,Disorders of lacrimal system — Other disorders of lacrimal system,L1_05,Chronic Non-Communicable Diseases,low
ICD-9,3759,Disorders of lacrimal system — Unspecified,L1_05,Chronic Non-Communicable Diseases,low
ICD-9,3760,Disorders of the orbit — Acute inflammation of orbit,L1_05,Chronic Non-Communicable Diseases,low
ICD-9,3761,Disorders of the orbit — Chronic inflammatory disorders of orbit,L1_05,Chronic Non-Communicable Diseases,medium
ICD-9,3762,Disorders of the orbit — Endocrine exophthalmos,L1_05,Chronic Non-Communicable Diseases,low
ICD-9,3763,Disorders of the orbit — Other exophthalmic conditions,L1_05,Chronic Non-Communicable Diseases,low
ICD-9,3764,Disorders of the orbit — Deformity of orbit,L1_03,Congenital and Developmental Conditions,low
ICD-9,3765,Disorders of the orbit — Enophthalmos,L1_05,Chronic Non-Communicable Diseases,low
ICD-9,3766,Disorders of the orbit — Retained (old) foreign body following penetrating wound of orbit,L1_05,Chronic Non-Communicable Diseases,low
ICD-9,3768,Disorders of the orbit — Other disorders of orbit,L1_05,Chronic Non-Communicable Diseases,low
ICD-9,3769,Disorders of the orbit — Unspecified,L1_05,Chronic Non-Communicable Diseases,low
ICD-9,3770,Disorders of optic nerve and visual pathways — Papilloedema,L1_05,Chronic Non-Communicable Diseases,low
ICD-9,3771,Disorders of optic nerve and visual pathways — Optic atrophy,L1_05,Chronic Non-Communicable Diseases,medium
ICD-9,3772,Disorders of optic nerve and visual pathways — Other disorders of optic disc,L1_05,Chronic Non-Communicable Diseases,low
ICD-9,3773,Disorders of optic nerve and visual pathways — Optic neuritis,L1_05,Chronic Non-Communicable Diseases,medium
ICD-9,3774,Disorders of optic nerve and visual pathways — Other disorders of optic nerve,L1_05,Chronic Non-Communicable Diseases,low
ICD-9,3775,Disorders of optic nerve and visual pathways — Disorders of optic chiasm,L1_05,Chronic Non-Communicable Diseases,low
ICD-9,3776,Disorders of optic nerve and visual pathways — Disorders of other visual pathways,L1_05,Chronic Non-Communicable Diseases,low
ICD-9,3777,Disorders of optic nerve and visual pathways — Disorders of visual cortex,L1_05,Chronic Non-Communicable Diseases,low
ICD-9,3779,Disorders of optic nerve and visual pathways — Unspecified,L1_05,Chronic Non-Communicable Diseases,low
ICD-9,3780,Strabismus and other disorders of binocular eye movements — Convergent concomitant strabismus,L1_05,Chronic Non-Communicable Diseases,low
ICD-9,3781,Strabismus and other disorders of binocular eye movements — Divergent concomitant strabismus,L1_05,Chronic Non-Communicable Diseases,low
ICD-9,3782,Strabismus and other disorders of binocular eye movements — Intermittent heterotropia,L1_05,Chronic Non-Communicable Diseases,low
ICD-9,3783,Strabismus and other disorders of binocular eye movements — Other and unspecified heterotropia,L1_05,Chronic Non-Communicable Diseases,low
ICD-9,3784,Strabismus and other disorders of binocular eye movements — Heterophoria,L1_05,Chronic Non-Communicable Diseases,low
ICD-9,3785,Strabismus and other disorders of binocular eye movements — Paralytic strabismus,L1_05,Chronic Non-Communicable Diseases,low
ICD-9,3786,Strabismus and other disorders of binocular eye movements — Mechanical strabismus,L1_05,Chronic Non-Communicable Diseases,low
ICD-9,3787,Strabismus and other disorders of binocular eye movements — Other strabismus,L1_05,Chronic Non-Communicable Diseases,low
ICD-9,3788,Strabismus and other disorders of binocular eye movements — Other disorders of binocular eye movements,L1_05,Chronic Non-Communicable Diseases,low
ICD-9,3789,Strabismus and other disorders of binocular eye movements — Unspecified,L1_05,Chronic Non-Communicable Diseases,low
ICD-9,3790,Other disorders of eye — Scleritis and episcleritis,L1_05,Chronic Non-Communicable Diseases,low
ICD-9,3791,Other disorders of eye — Other disorders of sclera,L1_05,Chronic Non-Communicable Diseases,low
ICD-9,3792,Other disorders of eye — Disorders of vitreous body,L1_05,Chronic Non-Communicable Diseases,low
ICD-9,3793,Other disorders of eye — Aphakia and other disorders of lens,L1_05,Chronic Non-Communicable Diseases,low
ICD-9,3794,Other disorders of eye — Anomalies of pupillary function,L1_05,Chronic Non-Communicable Diseases,low
ICD-9,3795,Other disorders of eye — Nystagmus and other irregular eye movements,L1_05,Chronic Non-Communicable Diseases,low
ICD-9,3798,Other disorders of eye — Other disorders of eye and adnexa,L1_05,Chronic Non-Communicable Diseases,low
ICD-9,3799,Other disorders of eye — Unspecified,L1_05,Chronic Non-Communicable Diseases,low
ICD-9,3800,Disorders of external ear — Perichondritis of pinna,L1_05,Chronic Non-Communicable Diseases,low
ICD-9,3801,Disorders of external ear — Infective otitis externa,L1_05,Chronic Non-Communicable Diseases,low
ICD-9,3802,Disorders of external ear — Other otitis externa,L1_05,Chronic Non-Communicable Diseases,low
ICD-9,3803,Disorders of external ear — Noninfective disorders of pinna,L1_05,Chronic Non-Communicable Diseases,low
ICD-9,3804,Disorders of external ear — Impacted cerumen,L1_05,Chronic Non-Communicable Diseases,low
ICD-9,3805,Disorders of external ear — Acquired stenosis of external ear canal,L1_05,Chronic Non-Communicable Diseases,low
ICD-9,3808,Disorders of external ear — Other disorders of external ear,L1_05,Chronic Non-Communicable Diseases,low
ICD-9,3809,Disorders of external ear — Unspecified,L1_05,Chronic Non-Communicable Diseases,low
ICD-9,3810,Nonsuppurative otitis media and Eustachian tube disorders — Acute nonsuppurative otitis media,L1_01,Infectious and Communicable Diseases,low
ICD-9,3811,Nonsuppurative otitis media and Eustachian tube disorders — Chronic serous otitis media,L1_05,Chronic Non-Communicable Diseases,low
ICD-9,3812,Nonsuppurative otitis media and Eustachian tube disorders — Chronic mucoid otitis media,L1_05,Chronic Non-Communicable Diseases,low
ICD-9,3813,Nonsuppurative otitis media and Eustachian tube disorders — Other and unspecified chronic nonsuppurative otitis media,L1_05,Chronic Non-Communicable Diseases,low
ICD-9,3814,"Nonsuppurative otitis media and Eustachian tube disorders — Nonsuppurative otitis media, not specified as acute or chronic",L1_05,Chronic Non-Communicable Diseases,low
ICD-9,3815,Nonsuppurative otitis media and Eustachian tube disorders — Eustachian salpingitis,L1_01,Infectious and Communicable Diseases,low
ICD-9,3816,Nonsuppurative otitis media and Eustachian tube disorders — Obstruction of Eustachian tube,L1_01,Infectious and Communicable Diseases,low
ICD-9,3817,Nonsuppurative otitis media and Eustachian tube disorders — Patulous Eustachian tube,L1_01,Infectious and Communicable Diseases,low
ICD-9,3818,Nonsuppurative otitis media and Eustachian tube disorders — Other disorders of Eustachian tube,L1_05,Chronic Non-Communicable Diseases,low
ICD-9,3819,Nonsuppurative otitis media and Eustachian tube disorders — Unspecified Eustachian tube disorder,L1_01,Infectious and Communicable Diseases,low
ICD-9,3820,Suppurative and unspecified otitis media — Acute suppurative otitis media,L1_01,Infectious and Communicable Diseases,low
ICD-9,3821,Suppurative and unspecified otitis media — Chronic tubotympanic suppurative otitis media,L1_05,Chronic Non-Communicable Diseases,low
ICD-9,3822,Suppurative and unspecified otitis media — Chronic atticoantral suppurative otitis media,L1_05,Chronic Non-Communicable Diseases,low
ICD-9,3823,Suppurative and unspecified otitis media — Unspecified chronic suppurative otitis media,L1_05,Chronic Non-Communicable Diseases,low
ICD-9,3824,Suppurative and unspecified otitis media — Unspecified suppurative otitis media,L1_01,Infectious and Communicable Diseases,low
ICD-9,3829,Suppurative and unspecified otitis media — Unspecified otitis media,L1_01,Infectious and Communicable Diseases,low
ICD-9,3830,Mastoiditis and related conditions — Acute mastoiditis,L1_01,Infectious and Communicable Diseases,low
ICD-9,3831,Mastoiditis and related conditions — Chronic mastoiditis,L1_05,Chronic Non-Communicable Diseases,low
ICD-9,3832,Mastoiditis and related conditions — Petrositis,L1_01,Infectious and Communicable Diseases,low
ICD-9,3833,Mastoiditis and related conditions — Complications following mastoidectomy,L1_01,Infectious and Communicable Diseases,low
ICD-9,3838,Mastoiditis and related conditions — Other,L1_01,Infectious and Communicable Diseases,low
ICD-9,3839,Mastoiditis and related conditions — Unspecified mastoiditis,L1_01,Infectious and Communicable Diseases,low
ICD-9,3840,Other disorders of tympanic membrane — Acute myringitis without mention of otitis media,L1_05,Chronic Non-Communicable Diseases,low
ICD-9,3841,Other disorders of tympanic membrane — Chronic myringitis without mention of otitis media,L1_05,Chronic Non-Communicable Diseases,medium
ICD-9,3842,Other disorders of tympanic membrane — Perforation of tympanic membrane,L1_05,Chronic Non-Communicable Diseases,low
ICD-9,3848,Other disorders of tympanic membrane — Other,L1_05,Chronic Non-Communicable Diseases,low
ICD-9,3849,Other disorders of tympanic membrane — Unspecified,L1_05,Chronic Non-Communicable Diseases,low
ICD-9,3850,Other disorders of middle ear and mastoid — Tympanosclerosis,L1_05,Chronic Non-Communicable Diseases,low
ICD-9,3851,Other disorders of middle ear and mastoid — Adhesive middle ear disease,L1_05,Chronic Non-Communicable Diseases,low
ICD-9,3852,Other disorders of middle ear and mastoid — Other acquired abnormality of ear ossicles,L1_05,Chronic Non-Communicable Diseases,low
ICD-9,3853,Other disorders of middle ear and mastoid — Cholesteatoma of middle ear and mastoid,L1_05,Chronic Non-Communicable Diseases,low
ICD-9,3858,Other disorders of middle ear and mastoid — Other,L1_05,Chronic Non-Communicable Diseases,low
ICD-9,3859,Other disorders of middle ear and mastoid — Unspecified,L1_05,Chronic Non-Communicable Diseases,low
ICD-9,3860,Vertiginous syndromes and other disorders of vestibular system — Meniere's disease,L1_05,Chronic Non-Communicable Diseases,low
ICD-9,3861,Vertiginous syndromes and other disorders of vestibular system — Other and unspecified peripheral vertigo,L1_05,Chronic Non-Communicable Diseases,low
ICD-9,3862,Vertiginous syndromes and other disorders of vestibular system — Vertigo of central origin,L1_05,Chronic Non-Communicable Diseases,low
ICD-9,3863,Vertiginous syndromes and other disorders of vestibular system — Labyrinthitis,L1_05,Chronic Non-Communicable Diseases,low
ICD-9,3864,Vertiginous syndromes and other disorders of vestibular system — Labyrinthine fistula,L1_05,Chronic Non-Communicable Diseases,low
ICD-9,3865,Vertiginous syndromes and other disorders of vestibular system — Labyrinthine dysfunction,L1_05,Chronic Non-Communicable Diseases,low
ICD-9,3868,Vertiginous syndromes and other disorders of vestibular system — Other disorders of labyrinth,L1_05,Chronic Non-Communicable Diseases,low
ICD-9,3869,Vertiginous syndromes and other disorders of vestibular system — Unspecified vertiginous syndromes and labyrinthine disorders,L1_05,Chronic Non-Communicable Diseases,low
ICD-9,3870,"Otosclerosis — Otosclerosis involving oval window, nonobliterative",L1_01,Infectious and Communicable Diseases,low
ICD-9,3871,"Otosclerosis — Otosclerosis involving oval window, obliterative",L1_01,Infectious and Communicable Diseases,low
ICD-9,3872,Otosclerosis — Cochlear otosclerosis,L1_01,Infectious and Communicable Diseases,low
ICD-9,3878,Otosclerosis — Other,L1_01,Infectious and Communicable Diseases,low
ICD-9,3879,Otosclerosis — Unspecified,L1_01,Infectious and Communicable Diseases,low
ICD-9,3880,Other disorders of ear — Degenerative and vascular disorders of ear,L1_05,Chronic Non-Communicable Diseases,low
ICD-9,3881,Other disorders of ear — Noise effects on inner ear,L1_05,Chronic Non-Communicable Diseases,low
ICD-9,3882,"Other disorders of ear — Sudden hearing loss, unspecified",L1_05,Chronic Non-Communicable Diseases,low
ICD-9,3883,Other disorders of ear — Tinnitus,L1_05,Chronic Non-Communicable Diseases,low
ICD-9,3884,Other disorders of ear — Other abnormal auditory perception,L1_05,Chronic Non-Communicable Diseases,low
ICD-9,3885,Other disorders of ear — Disorders of acoustic nerve,L1_05,Chronic Non-Communicable Diseases,low
ICD-9,3886,Other disorders of ear — Otorrhoea,L1_05,Chronic Non-Communicable Diseases,low
ICD-9,3887,Other disorders of ear — Otalgia,L1_05,Chronic Non-Communicable Diseases,low
ICD-9,3888,Other disorders of ear — Other,L1_05,Chronic Non-Communicable Diseases,low
ICD-9,3889,Other disorders of ear — Unspecified,L1_05,Chronic Non-Communicable Diseases,low
ICD-9,3890,Deafness — Conductive deafness,L1_01,Infectious and Communicable Diseases,low
ICD-9,3891,Deafness — Sensorineural deafness,L1_01,Infectious and Communicable Diseases,low
ICD-9,3892,Deafness — Mixed conductive and sensorineural deafness,L1_01,Infectious and Communicable Diseases,low
ICD-9,3897,"Deafness — Deaf mutism, not elsewhere classifiable",L1_01,Infectious and Communicable Diseases,low
ICD-9,3898,Deafness — Other specified forms of deafness,L1_01,Infectious and Communicable Diseases,low
ICD-9,3899,Deafness — Unspecified deafness,L1_01,Infectious and Communicable Diseases,low
ICD-9,3900,Rheumatic fever without mention of heart involvement — Rheumatic fever without mention of heart involvement,L1_01,Infectious and Communicable Diseases,low
ICD-9,3910,Rheumatic fever with heart involvement — Acute rheumatic pericarditis,L1_05,Chronic Non-Communicable Diseases,low
ICD-9,3911,Rheumatic fever with heart involvement — Acute rheumatic endocarditis,L1_01,Infectious and Communicable Diseases,low
ICD-9,3912,Rheumatic fever with heart involvement — Acute rheumatic myocarditis,L1_05,Chronic Non-Communicable Diseases,low
ICD-9,3918,Rheumatic fever with heart involvement — Other acute rheumatic heart disease,L1_01,Infectious and Communicable Diseases,low
ICD-9,3919,"Rheumatic fever with heart involvement — Acute rheumatic heart disease, unspecified",L1_01,Infectious and Communicable Diseases,low
ICD-9,3920,Rheumatic chorea — With heart involvement,L1_05,Chronic Non-Communicable Diseases,low
ICD-9,3929,Rheumatic chorea — Without mention of heart involvement,L1_05,Chronic Non-Communicable Diseases,low
ICD-9,3930,Chronic rheumatic pericarditis — Chronic rheumatic pericarditis,L1_05,Chronic Non-Communicable Diseases,medium
ICD-9,3940,Diseases of mitral valve — Mitral stenosis,L1_05,Chronic Non-Communicable Diseases,low
ICD-9,3941,Diseases of mitral valve — Rheumatic mitral insufficiency,L1_05,Chronic Non-Communicable Diseases,low
ICD-9,3942,Diseases of mitral valve — Mitral stenosis with insufficiency,L1_05,Chronic Non-Communicable Diseases,low
ICD-9,3949,Diseases of mitral valve — Other and unspecified diseases of mitral valve,L1_05,Chronic Non-Communicable Diseases,low
ICD-9,3950,Diseases of aortic valve — Rheumatic aortic stenosis,L1_05,Chronic Non-Communicable Diseases,low
ICD-9,3951,Diseases of aortic valve — Rheumatic aortic insufficiency,L1_05,Chronic Non-Communicable Diseases,low
ICD-9,3952,Diseases of aortic valve — Rheumatic aortic stenosis with insufficiency,L1_05,Chronic Non-Communicable Diseases,low
ICD-9,3959,Diseases of aortic valve — Other and unspecified,L1_05,Chronic Non-Communicable Diseases,low
ICD-9,3960,Diseases of mitral and aortic valves — Diseases of mitral and aortic valves,L1_05,Chronic Non-Communicable Diseases,low
ICD-9,3970,Diseases of other endocardial structures — Diseases of tricuspid valve,L1_05,Chronic Non-Communicable Diseases,low
ICD-9,3971,Diseases of other endocardial structures — Rheumatic diseases of pulmonary valve,L1_05,Chronic Non-Communicable Diseases,low
ICD-9,3979,"Diseases of other endocardial structures — Rheumatic diseases of endocardium, valve unspecified",L1_05,Chronic Non-Communicable Diseases,low
ICD-9,3980,Other rheumatic heart disease — Rheumatic myocarditis,L1_05,Chronic Non-Communicable Diseases,low
ICD-9,3989,Other rheumatic heart disease — Other and unspecified,L1_01,Infectious and Communicable Diseases,low
ICD-9,4010,Essential hypertension — Specified as malignant,L1_05,Chronic Non-Communicable Diseases,low
ICD-9,4011,Essential hypertension — Specified as benign,L1_01,Infectious and Communicable Diseases,low
ICD-9,4019,Essential hypertension — Not specified as malignant or benign,L1_05,Chronic Non-Communicable Diseases,low
ICD-9,4020,Hypertensive heart disease — Specified as malignant,L1_05,Chronic Non-Communicable Diseases,low
ICD-9,4021,Hypertensive heart disease — Specified as benign,L1_01,Infectious and Communicable Diseases,low
ICD-9,4029,Hypertensive heart disease — Not specified as malignant or benign,L1_05,Chronic Non-Communicable Diseases,medium
ICD-9,4030,Hypertensive renal disease — Specified as malignant,L1_05,Chronic Non-Communicable Diseases,low
ICD-9,4031,Hypertensive renal disease — Specified as benign,L1_01,Infectious and Communicable Diseases,low
ICD-9,4039,Hypertensive renal disease — Not specified as malignant or benign,L1_05,Chronic Non-Communicable Diseases,low
ICD-9,4040,Hypertensive heart and renal disease — Specified as malignant,L1_05,Chronic Non-Communicable Diseases,low
ICD-9,4041,Hypertensive heart and renal disease — Specified as benign,L1_01,Infectious and Communicable Diseases,low
ICD-9,4049,Hypertensive heart and renal disease — Not specified as malignant or benign,L1_05,Chronic Non-Communicable Diseases,low
ICD-9,4050,Secondary hypertension — Specified as malignant,L1_05,Chronic Non-Communicable Diseases,low
ICD-9,4051,Secondary hypertension — Specified as benign,L1_01,Infectious and Communicable Diseases,low
ICD-9,4059,Secondary hypertension — Not specified as malignant or benign,L1_05,Chronic Non-Communicable Diseases,low
ICD-9,4100,Acute myocardial infarction — Acute myocardial infarction,L1_01,Infectious and Communicable Diseases,low
ICD-9,4110,Other acute and subacute forms of ischaemic heart disease — Other acute and subacute forms of ischaemic heart disease,L1_01,Infectious and Communicable Diseases,low
ICD-9,4120,Old myocardial infarction — Old myocardial infarction,L1_01,Infectious and Communicable Diseases,low
ICD-9,4130,Angina pectoris — Angina pectoris,L1_05,Chronic Non-Communicable Diseases,low
ICD-9,4140,Other forms of chronic ischaemic heart disease — Coronary atherosclerosis,L1_05,Chronic Non-Communicable Diseases,low
ICD-9,4141,Other forms of chronic ischaemic heart disease — Aneurysm of heart,L1_05,Chronic Non-Communicable Diseases,medium
ICD-9,4148,Other forms of chronic ischaemic heart disease — Other,L1_05,Chronic Non-Communicable Diseases,low
ICD-9,4149,Other forms of chronic ischaemic heart disease — Unspecified,L1_05,Chronic Non-Communicable Diseases,low
ICD-9,4150,Acute pulmonary heart disease — Acute cor pulmonale,L1_01,Infectious and Communicable Diseases,low
ICD-9,4151,Acute pulmonary heart disease — Pulmonary embolism,L1_05,Chronic Non-Communicable Diseases,low
ICD-9,4160,Chronic pulmonary heart disease — Primary pulmonary hypertension,L1_05,Chronic Non-Communicable Diseases,low
ICD-9,4161,Chronic pulmonary heart disease — Kyphoscoliotic heart disease,L1_05,Chronic Non-Communicable Diseases,low
ICD-9,4168,Chronic pulmonary heart disease — Other,L1_05,Chronic Non-Communicable Diseases,low
ICD-9,4169,"Chronic pulmonary heart disease — Pulmonary heart disease, unspecified",L1_05,Chronic Non-Communicable Diseases,low
ICD-9,4170,Other diseases of pulmonary circulation — Arteriovenous fistula of pulmonary vessels,L1_05,Chronic Non-Communicable Diseases,medium
ICD-9,4171,Other diseases of pulmonary circulation — Aneurysm of pulmonary artery,L1_05,Chronic Non-Communicable Diseases,high
ICD-9,4178,Other diseases of pulmonary circulation — Other,L1_05,Chronic Non-Communicable Diseases,medium
ICD-9,4179,Other diseases of pulmonary circulation — Unspecified,L1_05,Chronic Non-Communicable Diseases,medium
ICD-9,4200,Acute pericarditis — Pericarditis in diseases classified elsewhere,L1_05,Chronic Non-Communicable Diseases,low
ICD-9,4209,Acute pericarditis — Other and unspecified acute pericarditis,L1_05,Chronic Non-Communicable Diseases,low
ICD-9,4210,Acute and subacute endocarditis — Acute and subacute bacterial endocarditis,L1_01,Infectious and Communicable Diseases,low
ICD-9,4211,Acute and subacute endocarditis — Acute and subacute infective endocarditis in diseases classified elsewhere,L1_01,Infectious and Communicable Diseases,low
ICD-9,4219,"Acute and subacute endocarditis — Acute endocarditis, unspecified",L1_01,Infectious and Communicable Diseases,low
ICD-9,4220,Acute myocarditis — Acute myocarditis in diseases classified elsewhere,L1_05,Chronic Non-Communicable Diseases,medium
ICD-9,4229,Acute myocarditis — Other and unspecified acute myocarditis,L1_05,Chronic Non-Communicable Diseases,medium
ICD-9,4230,Other diseases of pericardium — Haemopericardium,L1_05,Chronic Non-Communicable Diseases,medium
ICD-9,4231,Other diseases of pericardium — Adhesive pericarditis,L1_05,Chronic Non-Communicable Diseases,high
ICD-9,4232,Other diseases of pericardium — Constrictive pericarditis,L1_05,Chronic Non-Communicable Diseases,high
ICD-9,4238,Other diseases of pericardium — Other,L1_05,Chronic Non-Communicable Diseases,medium
ICD-9,4239,Other diseases of pericardium — Unspecified,L1_05,Chronic Non-Communicable Diseases,medium
ICD-9,4240,Other diseases of endocardium — Mitral valve disorders,L1_05,Chronic Non-Communicable Diseases,medium
ICD-9,4241,Other diseases of endocardium — Aortic valve disorders,L1_05,Chronic Non-Communicable Diseases,medium
ICD-9,4242,"Other diseases of endocardium — Tricuspid valve disorders, specified as nonrheumatic",L1_05,Chronic Non-Communicable Diseases,medium
ICD-9,4243,Other diseases of endocardium — Pulmonary valve disorders,L1_05,Chronic Non-Communicable Diseases,medium
ICD-9,4249,"Other diseases of endocardium — Endocarditis, valve unspecified",L1_05,Chronic Non-Communicable Diseases,medium
ICD-9,4250,Cardiomyopathy — Endomyocardial fibrosis,L1_01,Infectious and Communicable Diseases,low
ICD-9,4251,Cardiomyopathy — Hypertrophic obstructive cardiomyopathy,L1_01,Infectious and Communicable Diseases,low
ICD-9,4252,Cardiomyopathy — Obscure cardiomyopathy of Africa,L1_01,Infectious and Communicable Diseases,low
ICD-9,4253,Cardiomyopathy — Endocardial fibroelastosis,L1_01,Infectious and Communicable Diseases,low
ICD-9,4254,Cardiomyopathy — Other primary cardiomyopathies,L1_01,Infectious and Communicable Diseases,low
ICD-9,4255,Cardiomyopathy — Alcoholic cardiomyopathy,L1_09,Self-Harm and Substance Use,low
ICD-9,4256,Cardiomyopathy — Cardiomyopathy in Chagas's disease,L1_01,Infectious and Communicable Diseases,low
ICD-9,4257,Cardiomyopathy — Nutritional and metabolic cardiomyopathies,L1_01,Infectious and Communicable Diseases,low
ICD-9,4258,Cardiomyopathy — Cardiomyopathy in other diseases classified elsewhere,L1_01,Infectious and Communicable Diseases,low
ICD-9,4259,"Cardiomyopathy — Secondary cardiomyopathy, unspecified",L1_01,Infectious and Communicable Diseases,low
ICD-9,4260,"Conduction disorders — Atrioventricular block, complete",L1_01,Infectious and Communicable Diseases,low
ICD-9,4261,"Conduction disorders — Atrioventricular block, other and unspecified",L1_01,Infectious and Communicable Diseases,low
ICD-9,4262,Conduction disorders — Left bundle branch hemiblock,L1_01,Infectious and Communicable Diseases,low
ICD-9,4263,Conduction disorders — Other left bundle branch block,L1_01,Infectious and Communicable Diseases,low
ICD-9,4264,Conduction disorders — Right bundle branch block,L1_01,Infectious and Communicable Diseases,low
ICD-9,4265,"Conduction disorders — Bundle branch block, unspecified",L1_01,Infectious and Communicable Diseases,low
ICD-9,4266,Conduction disorders — Other heart block,L1_01,Infectious and Communicable Diseases,low
ICD-9,4267,Conduction disorders — Anomalous atrioventricular excitation,L1_01,Infectious and Communicable Diseases,low
ICD-9,4268,Conduction disorders — Other,L1_01,Infectious and Communicable Diseases,low
ICD-9,4269,Conduction disorders — Unspecified,L1_01,Infectious and Communicable Diseases,low
ICD-9,4270,Cardiac dysrhythmias — Paroxysmal supraventricular tachycardia,L1_01,Infectious and Communicable Diseases,low
ICD-9,4271,Cardiac dysrhythmias — Paroxysmal ventricular tachycardia,L1_01,Infectious and Communicable Diseases,low
ICD-9,4272,"Cardiac dysrhythmias — Paroxysmal tachycardia, unspecified",L1_01,Infectious and Communicable Diseases,low
ICD-9,4273,Cardiac dysrhythmias — Atrial fibrillation and flutter,L1_01,Infectious and Communicable Diseases,low
ICD-9,4274,Cardiac dysrhythmias — Ventricular fibrillation and flutter,L1_01,Infectious and Communicable Diseases,low
ICD-9,4275,Cardiac dysrhythmias — Cardiac arrest,L1_01,Infectious and Communicable Diseases,low
ICD-9,4276,Cardiac dysrhythmias — Premature beats,L1_01,Infectious and Communicable Diseases,low
ICD-9,4278,Cardiac dysrhythmias — Other,L1_01,Infectious and Communicable Diseases,low
ICD-9,4279,Cardiac dysrhythmias — Unspecified,L1_01,Infectious and Communicable Diseases,low
ICD-9,4280,Heart failure — Congestive heart failure,L1_05,Chronic Non-Communicable Diseases,low
ICD-9,4281,Heart failure — Left heart failure,L1_05,Chronic Non-Communicable Diseases,low
ICD-9,4289,Heart failure — Unspecified,L1_05,Chronic Non-Communicable Diseases,low
ICD-9,4290,"Ill-defined descriptions and complications of heart disease — Myocarditis, unspecified",L1_10,"Ill-Defined, Administrative, and Other Causes",low
ICD-9,4291,Ill-defined descriptions and complications of heart disease — Myocardial degeneration,L1_10,"Ill-Defined, Administrative, and Other Causes",low
ICD-9,4292,"Ill-defined descriptions and complications of heart disease — Cardiovascular disease, unspecified",L1_10,"Ill-Defined, Administrative, and Other Causes",low
ICD-9,4293,Ill-defined descriptions and complications of heart disease — Cardiomegaly,L1_10,"Ill-Defined, Administrative, and Other Causes",low
ICD-9,4294,Ill-defined descriptions and complications of heart disease — Functional disturbances following cardiac surgery,L1_10,"Ill-Defined, Administrative, and Other Causes",low
ICD-9,4295,Ill-defined descriptions and complications of heart disease — Rupture of chordae tendinae,L1_10,"Ill-Defined, Administrative, and Other Causes",low
ICD-9,4296,Ill-defined descriptions and complications of heart disease — Rupture of papillary muscle,L1_10,"Ill-Defined, Administrative, and Other Causes",low
ICD-9,4298,Ill-defined descriptions and complications of heart disease — Other,L1_10,"Ill-Defined, Administrative, and Other Causes",low
ICD-9,4299,Ill-defined descriptions and complications of heart disease — Unspecified,L1_10,"Ill-Defined, Administrative, and Other Causes",low
ICD-9,4300,Subarachnoid haemorrhage — Subarachnoid haemorrhage,L1_05,Chronic Non-Communicable Diseases,low
ICD-9,4310,Intracerebral haemorrhage — Intracerebral haemorrhage,L1_05,Chronic Non-Communicable Diseases,low
ICD-9,4320,Other and unspecified intracranial haemorrhage — Nontraumatic extradural haemorrhage,L1_05,Chronic Non-Communicable Diseases,low
ICD-9,4321,Other and unspecified intracranial haemorrhage — Subdural haemorrhage,L1_05,Chronic Non-Communicable Diseases,low
ICD-9,4329,Other and unspecified intracranial haemorrhage — Unspecified intracranial haemorrhage,L1_05,Chronic Non-Communicable Diseases,low
ICD-9,4330,Occlusion and stenosis of precerebral arteries — Basilar artery,L1_01,Infectious and Communicable Diseases,low
ICD-9,4331,Occlusion and stenosis of precerebral arteries — Carotid artery,L1_01,Infectious and Communicable Diseases,low
ICD-9,4332,Occlusion and stenosis of precerebral arteries — Vertebral artery,L1_01,Infectious and Communicable Diseases,low
ICD-9,4333,Occlusion and stenosis of precerebral arteries — Multiple and bilateral,L1_01,Infectious and Communicable Diseases,low
ICD-9,4338,Occlusion and stenosis of precerebral arteries — Other,L1_01,Infectious and Communicable Diseases,low
ICD-9,4339,Occlusion and stenosis of precerebral arteries — Unspecified,L1_01,Infectious and Communicable Diseases,low
ICD-9,4340,Occlusion of cerebral arteries — Cerebral thrombosis,L1_05,Chronic Non-Communicable Diseases,low
ICD-9,4341,Occlusion of cerebral arteries — Cerebral embolism,L1_05,Chronic Non-Communicable Diseases,low
ICD-9,4349,Occlusion of cerebral arteries — Unspecified,L1_01,Infectious and Communicable Diseases,low
ICD-9,4350,Transient cerebral ischaemia — Transient cerebral ischaemia,L1_01,Infectious and Communicable Diseases,low
ICD-9,4360,Acute but ill-defined cerebrovascular disease — Acute but ill-defined cerebrovascular disease,L1_10,"Ill-Defined, Administrative, and Other Causes",low
ICD-9,4370,Other and ill-defined cerebrovascular disease — Cerebral atherosclerosis,L1_10,"Ill-Defined, Administrative, and Other Causes",low
ICD-9,4371,Other and ill-defined cerebrovascular disease — Other generalized ischaemic cerebrovascular disease,L1_10,"Ill-Defined, Administrative, and Other Causes",low
ICD-9,4372,Other and ill-defined cerebrovascular disease — Hypertensive encephalopathy,L1_10,"Ill-Defined, Administrative, and Other Causes",low
ICD-9,4373,"Other and ill-defined cerebrovascular disease — Cerebral aneurysm, nonruptured",L1_10,"Ill-Defined, Administrative, and Other Causes",low
ICD-9,4374,Other and ill-defined cerebrovascular disease — Cerebral arteritis,L1_10,"Ill-Defined, Administrative, and Other Causes",low
ICD-9,4375,Other and ill-defined cerebrovascular disease — Moyamoya disease,L1_10,"Ill-Defined, Administrative, and Other Causes",low
ICD-9,4376,Other and ill-defined cerebrovascular disease — Nonpyogenic thrombosis of intracranial venous sinus,L1_10,"Ill-Defined, Administrative, and Other Causes",low
ICD-9,4378,Other and ill-defined cerebrovascular disease — Other,L1_10,"Ill-Defined, Administrative, and Other Causes",low
ICD-9,4379,Other and ill-defined cerebrovascular disease — Unspecified,L1_10,"Ill-Defined, Administrative, and Other Causes",low
ICD-9,4380,Late effects of cerebrovascular disease — Late effects of cerebrovascular disease,L1_01,Infectious and Communicable Diseases,low
ICD-9,4400,Atherosclerosis — Of aorta,L1_01,Infectious and Communicable Diseases,low
ICD-9,4401,Atherosclerosis — Of renal artery,L1_01,Infectious and Communicable Diseases,low
ICD-9,4402,Atherosclerosis — Of arteries of the extremities,L1_01,Infectious and Communicable Diseases,low
ICD-9,4408,Atherosclerosis — Of other specified arteries,L1_01,Infectious and Communicable Diseases,low
ICD-9,4409,Atherosclerosis — Generalized and unspecified,L1_01,Infectious and Communicable Diseases,low
ICD-9,4410,Aortic aneurysm — Dissecting aneurysm [any part],L1_05,Chronic Non-Communicable Diseases,low
ICD-9,4411,"Aortic aneurysm — Thoracic aneurysm, ruptured",L1_05,Chronic Non-Communicable Diseases,low
ICD-9,4412,Aortic aneurysm — Thoracic aneurysm without mention of rupture,L1_05,Chronic Non-Communicable Diseases,low
ICD-9,4413,"Aortic aneurysm — Abdominal aneurysm, ruptured",L1_05,Chronic Non-Communicable Diseases,low
ICD-9,4414,Aortic aneurysm — Abdominal aneurysm without mention of rupture,L1_05,Chronic Non-Communicable Diseases,low
ICD-9,4415,"Aortic aneurysm — Aortic aneurysm of unspecified site, ruptured",L1_05,Chronic Non-Communicable Diseases,low
ICD-9,4416,Aortic aneurysm — Aortic aneurysm of unspecified site without mention of rupture,L1_05,Chronic Non-Communicable Diseases,low
ICD-9,4417,Aortic aneurysm — Syphilitic aneurysm of aorta,L1_05,Chronic Non-Communicable Diseases,low
ICD-9,4420,Other aneurysm — Of artery of upper extremity,L1_05,Chronic Non-Communicable Diseases,low
ICD-9,4421,Other aneurysm — Of renal artery,L1_05,Chronic Non-Communicable Diseases,low
ICD-9,4422,Other aneurysm — Of iliac artery,L1_05,Chronic Non-Communicable Diseases,low
ICD-9,4423,Other aneurysm — Of artery of lower extremity,L1_05,Chronic Non-Communicable Diseases,low
ICD-9,4428,Other aneurysm — Of other specified artery,L1_05,Chronic Non-Communicable Diseases,low
ICD-9,4429,Other aneurysm — Of unspecified site,L1_05,Chronic Non-Communicable Diseases,low
ICD-9,4430,Other peripheral vascular disease — Raynaud's syndrome,L1_01,Infectious and Communicable Diseases,low
ICD-9,4431,Other peripheral vascular disease — Thromboangiitis obliterans [Buerger's disease],L1_01,Infectious and Communicable Diseases,low
ICD-9,4438,Other peripheral vascular disease — Other,L1_01,Infectious and Communicable Diseases,low
ICD-9,4439,Other peripheral vascular disease — Unspecified,L1_01,Infectious and Communicable Diseases,low
ICD-9,4440,Arterial embolism and thrombosis — Of abdominal aorta,L1_05,Chronic Non-Communicable Diseases,medium
ICD-9,4441,Arterial embolism and thrombosis — Of other aorta,L1_05,Chronic Non-Communicable Diseases,medium
ICD-9,4442,Arterial embolism and thrombosis — Of arteries of the extremities,L1_05,Chronic Non-Communicable Diseases,medium
ICD-9,4448,Arterial embolism and thrombosis — Of other specified artery,L1_05,Chronic Non-Communicable Diseases,medium
ICD-9,4449,Arterial embolism and thrombosis — Of unspecified artery,L1_05,Chronic Non-Communicable Diseases,medium
ICD-9,4460,Polyarteritis nodosa and allied conditions — Polyarteritis nodosa,L1_01,Infectious and Communicable Diseases,low
ICD-9,4461,Polyarteritis nodosa and allied conditions — Acute febrile mucocutaneous lymphnode syndrome [MCLS],L1_01,Infectious and Communicable Diseases,low
ICD-9,4462,Polyarteritis nodosa and allied conditions — Hypersensitivity angiitis,L1_01,Infectious and Communicable Diseases,low
ICD-9,4463,Polyarteritis nodosa and allied conditions — Lethal midline granuloma,L1_01,Infectious and Communicable Diseases,low
ICD-9,4464,Polyarteritis nodosa and allied conditions — Wegener's granulomatosis,L1_01,Infectious and Communicable Diseases,low
ICD-9,4465,Polyarteritis nodosa and allied conditions — Giant cell arteritis,L1_01,Infectious and Communicable Diseases,low
ICD-9,4466,Polyarteritis nodosa and allied conditions — Thrombotic microangiopathy,L1_01,Infectious and Communicable Diseases,low
ICD-9,4467,Polyarteritis nodosa and allied conditions — Takayasu disease,L1_01,Infectious and Communicable Diseases,low
ICD-9,4470,"Other disorders of arteries and arterioles — Arteriovenous fistula, acquired",L1_05,Chronic Non-Communicable Diseases,low
ICD-9,4471,Other disorders of arteries and arterioles — Stricture of artery,L1_05,Chronic Non-Communicable Diseases,low
ICD-9,4472,Other disorders of arteries and arterioles — Rupture of artery,L1_05,Chronic Non-Communicable Diseases,low
ICD-9,4473,Other disorders of arteries and arterioles — Hyperplasia of renal artery,L1_05,Chronic Non-Communicable Diseases,low
ICD-9,4474,Other disorders of arteries and arterioles — Coeliac artery compression syndrome,L1_05,Chronic Non-Communicable Diseases,low
ICD-9,4475,Other disorders of arteries and arterioles — Necrosis of artery,L1_05,Chronic Non-Communicable Diseases,low
ICD-9,4476,"Other disorders of arteries and arterioles — Arteritis, unspecified",L1_05,Chronic Non-Communicable Diseases,low
ICD-9,4477,Other disorders of arteries and arterioles — Syphilitic aortitis,L1_05,Chronic Non-Communicable Diseases,low
ICD-9,4478,Other disorders of arteries and arterioles — Other,L1_05,Chronic Non-Communicable Diseases,low
ICD-9,4479,Other disorders of arteries and arterioles — Unspecified,L1_05,Chronic Non-Communicable Diseases,low
ICD-9,4480,Diseases of capillaries — Hereditary haemorrhagic telangiectasia,L1_05,Chronic Non-Communicable Diseases,low
ICD-9,4481,"Diseases of capillaries — Naevus, non-neoplastic",L1_05,Chronic Non-Communicable Diseases,low
ICD-9,4489,Diseases of capillaries — Other and unspecified,L1_05,Chronic Non-Communicable Diseases,low
ICD-9,4510,Phlebitis and thrombophlebitis — Of superficial vessels of lower extremities,L1_05,Chronic Non-Communicable Diseases,low
ICD-9,4511,Phlebitis and thrombophlebitis — Of deep vessels of lower extremities,L1_05,Chronic Non-Communicable Diseases,low
ICD-9,4512,"Phlebitis and thrombophlebitis — Of lower extremities, unspecified",L1_05,Chronic Non-Communicable Diseases,low
ICD-9,4518,Phlebitis and thrombophlebitis — Of other sites,L1_05,Chronic Non-Communicable Diseases,low
ICD-9,4519,Phlebitis and thrombophlebitis — Of unspecified site,L1_05,Chronic Non-Communicable Diseases,low
ICD-9,4520,Portal vein thrombosis — Portal vein thrombosis,L1_05,Chronic Non-Communicable Diseases,low
ICD-9,4530,Other venous embolism and thrombosis — Budd-Chiari syndrome,L1_05,Chronic Non-Communicable Diseases,medium
ICD-9,4531,Other venous embolism and thrombosis — Thrombophlebitis migrans,L1_05,Chronic Non-Communicable Diseases,medium
ICD-9,4532,Other venous embolism and thrombosis — Of vena cava,L1_05,Chronic Non-Communicable Diseases,medium
ICD-9,4533,Other venous embolism and thrombosis — Of renal vein,L1_05,Chronic Non-Communicable Diseases,medium
ICD-9,4538,Other venous embolism and thrombosis — Of other specified veins,L1_05,Chronic Non-Communicable Diseases,medium
ICD-9,4539,Other venous embolism and thrombosis — Of unspecified site,L1_05,Chronic Non-Communicable Diseases,medium
ICD-9,4540,Varicose veins of lower extremities — With ulcer,L1_05,Chronic Non-Communicable Diseases,medium
ICD-9,4541,Varicose veins of lower extremities — With inflammation,L1_05,Chronic Non-Communicable Diseases,low
ICD-9,4542,Varicose veins of lower extremities — With ulcer and inflammation,L1_05,Chronic Non-Communicable Diseases,medium
ICD-9,4549,Varicose veins of lower extremities — Without mention of ulcer or inflammation,L1_05,Chronic Non-Communicable Diseases,medium
ICD-9,4550,"Haemorrhoids — Internal haemorrhoids, without mention of complication",L1_01,Infectious and Communicable Diseases,low
ICD-9,4551,Haemorrhoids — Internal thrombosed haemorrhoids,L1_01,Infectious and Communicable Diseases,low
ICD-9,4552,Haemorrhoids — Internal haemorrhoids with other complication,L1_01,Infectious and Communicable Diseases,low
ICD-9,4553,Haemorrhoids — External haemorrhoids without mention of complication,L1_01,Infectious and Communicable Diseases,low
ICD-9,4554,Haemorrhoids — External thrombosed haemorrhoids,L1_01,Infectious and Communicable Diseases,low
ICD-9,4555,Haemorrhoids — External haemorrhoids with other complication,L1_01,Infectious and Communicable Diseases,low
ICD-9,4556,"Haemorrhoids — Unspecified haemorrhoids, without mention of complication",L1_01,Infectious and Communicable Diseases,low
ICD-9,4557,Haemorrhoids — Unspecified thrombosed haemorrhoids,L1_01,Infectious and Communicable Diseases,low
ICD-9,4558,Haemorrhoids — Unspecified haemorrhoids with other complication,L1_01,Infectious and Communicable Diseases,low
ICD-9,4559,Haemorrhoids — Residual haemorrhoidal skin tags,L1_01,Infectious and Communicable Diseases,low
ICD-9,4560,Varicose veins of other sites — Oesophageal varices with bleeding,L1_05,Chronic Non-Communicable Diseases,low
ICD-9,4561,Varicose veins of other sites — Oesophageal varices without mention of bleeding,L1_05,Chronic Non-Communicable Diseases,low
ICD-9,4562,Varicose veins of other sites — Oesophageal varices in cirrhosis of liver,L1_05,Chronic Non-Communicable Diseases,medium
ICD-9,4563,Varicose veins of other sites — Sublingual varices,L1_05,Chronic Non-Communicable Diseases,low
ICD-9,4564,Varicose veins of other sites — Scrotal varices,L1_05,Chronic Non-Communicable Diseases,low
ICD-9,4565,Varicose veins of other sites — Pelvic varices,L1_05,Chronic Non-Communicable Diseases,low
ICD-9,4566,Varicose veins of other sites — Vulval varices,L1_05,Chronic Non-Communicable Diseases,low
ICD-9,4568,Varicose veins of other sites — Other,L1_05,Chronic Non-Communicable Diseases,low
ICD-9,4570,Noninfective disorders of lymphatic channels — Postmastectomy lymphoedema syndrome,L1_05,Chronic Non-Communicable Diseases,low
ICD-9,4571,Noninfective disorders of lymphatic channels — Other lymphoedema,L1_05,Chronic Non-Communicable Diseases,low
ICD-9,4572,Noninfective disorders of lymphatic channels — Lymphangitis,L1_05,Chronic Non-Communicable Diseases,low
ICD-9,4578,Noninfective disorders of lymphatic channels — Other noninfective disorders of lymphatic channels,L1_05,Chronic Non-Communicable Diseases,low
ICD-9,4579,Noninfective disorders of lymphatic channels — Unspecified,L1_05,Chronic Non-Communicable Diseases,low
ICD-9,4580,Hypotension — Orthostatic hypotension,L1_01,Infectious and Communicable Diseases,low
ICD-9,4581,Hypotension — Chronic hypotension,L1_05,Chronic Non-Communicable Diseases,low
ICD-9,4589,Hypotension — Unspecified,L1_01,Infectious and Communicable Diseases,low
ICD-9,4590,"Other disorders of circulatory system — Haemorrhage, unspecified",L1_05,Chronic Non-Communicable Diseases,medium
ICD-9,4591,Other disorders of circulatory system — Post-phlebitic syndrome,L1_05,Chronic Non-Communicable Diseases,low
ICD-9,4592,Other disorders of circulatory system — Compression of vein,L1_05,Chronic Non-Communicable Diseases,low
ICD-9,4598,Other disorders of circulatory system — Other,L1_05,Chronic Non-Communicable Diseases,low
ICD-9,4599,Other disorders of circulatory system — Other disorders of circulatory system unspecified,L1_05,Chronic Non-Communicable Diseases,low
ICD-9,4600,Acute nasopharyngitis [common cold] — Acute nasopharyngitis [common cold],L1_01,Infectious and Communicable Diseases,low
ICD-9,4610,Acute sinusitis — Maxillary,L1_01,Infectious and Communicable Diseases,low
ICD-9,4611,Acute sinusitis — Frontal,L1_01,Infectious and Communicable Diseases,low
ICD-9,4612,Acute sinusitis — Ethmoidal,L1_01,Infectious and Communicable Diseases,low
ICD-9,4613,Acute sinusitis — Sphenoidal,L1_01,Infectious and Communicable Diseases,low
ICD-9,4618,Acute sinusitis — Other,L1_01,Infectious and Communicable Diseases,low
ICD-9,4619,Acute sinusitis — Unspecified,L1_01,Infectious and Communicable Diseases,low
ICD-9,4620,Acute pharyngitis — Acute pharyngitis,L1_01,Infectious and Communicable Diseases,low
ICD-9,4630,Acute tonsillitis — Acute tonsillitis,L1_01,Infectious and Communicable Diseases,low
ICD-9,4640,Acute laryngitis and tracheitis — Acute laryngitis,L1_06,Respiratory and Environmental Disease,low
ICD-9,4641,Acute laryngitis and tracheitis — Acute tracheitis,L1_06,Respiratory and Environmental Disease,low
ICD-9,4642,Acute laryngitis and tracheitis — Acute laryngotracheitis,L1_06,Respiratory and Environmental Disease,low
ICD-9,4643,Acute laryngitis and tracheitis — Acute epiglottitis,L1_06,Respiratory and Environmental Disease,low
ICD-9,4644,Acute laryngitis and tracheitis — Croup,L1_02,Maternal and Early-Life Mortality,low
ICD-9,4650,Acute upper respiratory infections of multiple or unspecified site — Acute laryngopharyngitis,L1_06,Respiratory and Environmental Disease,low
ICD-9,4658,Acute upper respiratory infections of multiple or unspecified site — Other multiple sites,L1_06,Respiratory and Environmental Disease,low
ICD-9,4659,Acute upper respiratory infections of multiple or unspecified site — Unspecified site,L1_06,Respiratory and Environmental Disease,low
ICD-9,4660,Acute bronchitis and bronchiolitis — Acute bronchitis,L1_06,Respiratory and Environmental Disease,low
ICD-9,4661,Acute bronchitis and bronchiolitis — Acute bronchiolitis,L1_06,Respiratory and Environmental Disease,low
ICD-9,4700,Deflected nasal septum — Deflected nasal septum,L1_01,Infectious and Communicable Diseases,low
ICD-9,4710,Nasal polyps — Polyp of nasal cavity,L1_01,Infectious and Communicable Diseases,low
ICD-9,4711,Nasal polyps — Polypoid sinus degeneration,L1_05,Chronic Non-Communicable Diseases,low
ICD-9,4718,Nasal polyps — Other polyp of sinus,L1_01,Infectious and Communicable Diseases,low
ICD-9,4719,Nasal polyps — Unspecified,L1_01,Infectious and Communicable Diseases,low
ICD-9,4720,Chronic pharyngitis and nasopharyngitis — Chronic rhinitis,L1_05,Chronic Non-Communicable Diseases,low
ICD-9,4721,Chronic pharyngitis and nasopharyngitis — Chronic pharyngitis,L1_05,Chronic Non-Communicable Diseases,low
ICD-9,4722,Chronic pharyngitis and nasopharyngitis — Chronic nasopharyngitis,L1_05,Chronic Non-Communicable Diseases,low
ICD-9,4730,Chronic sinusitis — Maxillary,L1_05,Chronic Non-Communicable Diseases,low
ICD-9,4731,Chronic sinusitis — Frontal,L1_05,Chronic Non-Communicable Diseases,low
ICD-9,4732,Chronic sinusitis — Ethmoidal,L1_05,Chronic Non-Communicable Diseases,low
ICD-9,4733,Chronic sinusitis — Sphenoidal,L1_05,Chronic Non-Communicable Diseases,low
ICD-9,4738,Chronic sinusitis — Other,L1_05,Chronic Non-Communicable Diseases,low
ICD-9,4739,Chronic sinusitis — Unspecified,L1_05,Chronic Non-Communicable Diseases,low
ICD-9,4740,Chronic disease of tonsils and adenoids — Chronic tonsillitis,L1_05,Chronic Non-Communicable Diseases,low
ICD-9,4741,Chronic disease of tonsils and adenoids — Hypertrophy of tonsils and adenoids,L1_05,Chronic Non-Communicable Diseases,low
ICD-9,4742,Chronic disease of tonsils and adenoids — Adenoid vegetations,L1_05,Chronic Non-Communicable Diseases,low
ICD-9,4748,Chronic disease of tonsils and adenoids — Other chronic disease of tonsils and adenoids,L1_05,Chronic Non-Communicable Diseases,low
ICD-9,4749,Chronic disease of tonsils and adenoids — Unspecified,L1_05,Chronic Non-Communicable Diseases,low
ICD-9,4750,Peritonsillar abscess — Peritonsillar abscess,L1_05,Chronic Non-Communicable Diseases,low
ICD-9,4760,Chronic laryngitis and laryngotracheitis — Chronic laryngitis,L1_06,Respiratory and Environmental Disease,low
ICD-9,4761,Chronic laryngitis and laryngotracheitis — Chronic laryngotracheitis,L1_06,Respiratory and Environmental Disease,low
ICD-9,4770,Allergic rhinitis — Due to pollen,L1_01,Infectious and Communicable Diseases,low
ICD-9,4778,Allergic rhinitis — Due to other allergen,L1_01,Infectious and Communicable Diseases,low
ICD-9,4779,Allergic rhinitis — Cause unspecified,L1_01,Infectious and Communicable Diseases,low
ICD-9,4780,Other diseases of upper respiratory tract — Hypertrophy of nasal turbinates,L1_05,Chronic Non-Communicable Diseases,medium
ICD-9,4781,Other diseases of upper respiratory tract — Other diseases of nasal cavity and sinuses,L1_05,Chronic Non-Communicable Diseases,medium
ICD-9,4782,"Other diseases of upper respiratory tract — Other diseases of pharynx, not elsewhere classified",L1_05,Chronic Non-Communicable Diseases,medium
ICD-9,4783,Other diseases of upper respiratory tract — Paralysis of vocal cords or larynx,L1_05,Chronic Non-Communicable Diseases,medium
ICD-9,4784,Other diseases of upper respiratory tract — Polyp of vocal cord or larynx,L1_05,Chronic Non-Communicable Diseases,medium
ICD-9,4785,Other diseases of upper respiratory tract — Other diseases of vocal cords,L1_05,Chronic Non-Communicable Diseases,medium
ICD-9,4786,Other diseases of upper respiratory tract — Oedema of larynx,L1_05,Chronic Non-Communicable Diseases,medium
ICD-9,4787,"Other diseases of upper respiratory tract — Other diseases of larynx, not elsewhere classified",L1_05,Chronic Non-Communicable Diseases,medium
ICD-9,4788,"Other diseases of upper respiratory tract — Upper respiratory tract hypersensitivity reaction, site unspecified",L1_05,Chronic Non-Communicable Diseases,medium
ICD-9,4789,Other diseases of upper respiratory tract — Other and unspecified diseases of upper respiratory tract,L1_05,Chronic Non-Communicable Diseases,medium
ICD-9,4800,Viral pneumonia — Pneumonia due to adenovirus,L1_06,Respiratory and Environmental Disease,low
ICD-9,4801,Viral pneumonia — Pneumonia due to respiratory syncytial virus,L1_06,Respiratory and Environmental Disease,medium
ICD-9,4802,Viral pneumonia — Pneumonia due to parainfluenza virus,L1_06,Respiratory and Environmental Disease,low
ICD-9,4808,"Viral pneumonia — Pneumonia due to other virus, not elsewhere classified",L1_06,Respiratory and Environmental Disease,low
ICD-9,4809,"Viral pneumonia — Viral pneumonia, unspecified",L1_06,Respiratory and Environmental Disease,low
ICD-9,4810,Pneumococcal pneumonia — Pneumococcal pneumonia,L1_01,Infectious and Communicable Diseases,low
ICD-9,4820,Other bacterial pneumonia — Pneumonia due to Klebsiella pneumoniae,L1_06,Respiratory and Environmental Disease,low
ICD-9,4821,Other bacterial pneumonia — Pneumonia due to Pseudomonas,L1_06,Respiratory and Environmental Disease,low
ICD-9,4822,Other bacterial pneumonia — Pneumonia due to Haemophilus influenzae [H.influenzae],L1_06,Respiratory and Environmental Disease,low
ICD-9,4823,Other bacterial pneumonia — Pneumonia due to Streptococcus,L1_01,Infectious and Communicable Diseases,low
ICD-9,4824,Other bacterial pneumonia — Pneumonia due to Staphylococcus,L1_01,Infectious and Communicable Diseases,low
ICD-9,4828,Other bacterial pneumonia — Pneumonia due to other specified bacteria,L1_06,Respiratory and Environmental Disease,low
ICD-9,4829,"Other bacterial pneumonia — Bacterial pneumonia, unspecified",L1_06,Respiratory and Environmental Disease,low
ICD-9,4830,Pneumonia due to other specified organism — Pneumonia due to other specified organism,L1_06,Respiratory and Environmental Disease,low
ICD-9,4840,Pneumonia in infectious diseases classified elsewhere — Measles,L1_01,Infectious and Communicable Diseases,medium
ICD-9,4841,Pneumonia in infectious diseases classified elsewhere — Cytomegalic inclusion disease,L1_06,Respiratory and Environmental Disease,low
ICD-9,4842,Pneumonia in infectious diseases classified elsewhere — Ornithosis,L1_06,Respiratory and Environmental Disease,low
ICD-9,4843,Pneumonia in infectious diseases classified elsewhere — Whooping cough,L1_01,Infectious and Communicable Diseases,medium
ICD-9,4844,Pneumonia in infectious diseases classified elsewhere — Tularaemia,L1_06,Respiratory and Environmental Disease,low
ICD-9,4845,Pneumonia in infectious diseases classified elsewhere — Anthrax,L1_06,Respiratory and Environmental Disease,low
ICD-9,4846,Pneumonia in infectious diseases classified elsewhere — Aspergillosis,L1_06,Respiratory and Environmental Disease,low
ICD-9,4847,Pneumonia in infectious diseases classified elsewhere — Pneumonia in other systemic mycoses,L1_06,Respiratory and Environmental Disease,low
ICD-9,4848,Pneumonia in infectious diseases classified elsewhere — Pneumonia in other infectious diseases,L1_06,Respiratory and Environmental Disease,low
ICD-9,4850,"Bronchopneumonia, organism unspecified — Bronchopneumonia, organism unspecified",L1_01,Infectious and Communicable Diseases,low
ICD-9,4860,"Pneumonia, organism unspecified — Pneumonia, organism unspecified",L1_06,Respiratory and Environmental Disease,low
ICD-9,4870,Influenza — With pneumonia,L1_06,Respiratory and Environmental Disease,medium
ICD-9,4871,Influenza — Influenza with other respiratory manifestations,L1_06,Respiratory and Environmental Disease,medium
ICD-9,4878,Influenza — Influenza with other manifestations,L1_06,Respiratory and Environmental Disease,low
ICD-9,4900,"Bronchitis, not specified as acute or chronic — Bronchitis, not specified as acute or chronic",L1_06,Respiratory and Environmental Disease,low
ICD-9,4910,Chronic bronchitis — Simple chronic bronchitis,L1_06,Respiratory and Environmental Disease,low
ICD-9,4911,Chronic bronchitis — Mucopurulent chronic bronchitis,L1_06,Respiratory and Environmental Disease,low
ICD-9,4912,Chronic bronchitis — Obstructive chronic bronchitis,L1_06,Respiratory and Environmental Disease,low
ICD-9,4918,Chronic bronchitis — Other chronic bronchitis,L1_06,Respiratory and Environmental Disease,low
ICD-9,4919,Chronic bronchitis — Unspecified,L1_06,Respiratory and Environmental Disease,low
ICD-9,4920,Emphysema — Emphysema,L1_06,Respiratory and Environmental Disease,low
ICD-9,4930,Asthma — Extrinsic asthma,L1_06,Respiratory and Environmental Disease,low
ICD-9,4931,Asthma — Intrinsic asthma,L1_06,Respiratory and Environmental Disease,low
ICD-9,4939,"Asthma — Asthma, unspecified",L1_06,Respiratory and Environmental Disease,low
ICD-9,4940,Bronchiectasis — Bronchiectasis,L1_06,Respiratory and Environmental Disease,low
ICD-9,4950,Extrinsic allergic alveolitis — Farmers' lung,L1_01,Infectious and Communicable Diseases,low
ICD-9,4951,Extrinsic allergic alveolitis — Bagassosis,L1_01,Infectious and Communicable Diseases,low
ICD-9,4952,Extrinsic allergic alveolitis — Bird fanciers' lung,L1_01,Infectious and Communicable Diseases,low
ICD-9,4953,Extrinsic allergic alveolitis — Suberosis,L1_01,Infectious and Communicable Diseases,low
ICD-9,4954,Extrinsic allergic alveolitis — Maltworkers' lung,L1_01,Infectious and Communicable Diseases,low
ICD-9,4955,Extrinsic allergic alveolitis — Mushroom-workers' lung,L1_01,Infectious and Communicable Diseases,low
ICD-9,4956,Extrinsic allergic alveolitis — Maple-bark-strippers' lung,L1_01,Infectious and Communicable Diseases,low
ICD-9,4957,Extrinsic allergic alveolitis — Ventilation pneumonitis,L1_01,Infectious and Communicable Diseases,low
ICD-9,4958,Extrinsic allergic alveolitis — Other allergic pneumonitis,L1_01,Infectious and Communicable Diseases,low
ICD-9,4959,Extrinsic allergic alveolitis — Unspecified allergic alveolitis,L1_01,Infectious and Communicable Diseases,low
ICD-9,4960,"Chronic airways obstruction, not elsewhere classified — Chronic airways obstruction, not elsewhere classified",L1_05,Chronic Non-Communicable Diseases,low
ICD-9,5000,Coalworkers' pneumoconiosis — Coalworkers' pneumoconiosis,L1_01,Infectious and Communicable Diseases,low
ICD-9,5010,Asbestosis — Asbestosis,L1_01,Infectious and Communicable Diseases,low
ICD-9,5020,Pneumoconiosis due to other silica or silicates — Pneumoconiosis due to other silica or silicates,L1_01,Infectious and Communicable Diseases,low
ICD-9,5030,Pneumoconiosis due to other inorganic dust — Pneumoconiosis due to other inorganic dust,L1_06,Respiratory and Environmental Disease,low
ICD-9,5040,Pneumopathy due to inhalation of other dust — Pneumopathy due to inhalation of other dust,L1_06,Respiratory and Environmental Disease,low
ICD-9,5050,"Pneumoconiosis, unspecified — Pneumoconiosis, unspecified",L1_01,Infectious and Communicable Diseases,low
ICD-9,5060,Respiratory conditions due to chemical fumes and vapours — Bronchitis and pneumonitis due to fumes and vapours,L1_06,Respiratory and Environmental Disease,medium
ICD-9,5061,Respiratory conditions due to chemical fumes and vapours — Acute pulmonary oedema due to fumes and vapours,L1_06,Respiratory and Environmental Disease,medium
ICD-9,5062,Respiratory conditions due to chemical fumes and vapours — Upper respiratory inflammation due to fumes and vapours,L1_06,Respiratory and Environmental Disease,low
ICD-9,5063,Respiratory conditions due to chemical fumes and vapours — Other acute and subacute respiratory conditions due to fumes and vapours,L1_06,Respiratory and Environmental Disease,low
ICD-9,5064,Respiratory conditions due to chemical fumes and vapours — Chronic respiratory conditions due to fumes and vapours,L1_06,Respiratory and Environmental Disease,low
ICD-9,5069,Respiratory conditions due to chemical fumes and vapours — Unspecified,L1_06,Respiratory and Environmental Disease,low
ICD-9,5070,Pneumonitis due to solids and liquids — Due to inhalation of food or vomit,L1_01,Infectious and Communicable Diseases,low
ICD-9,5071,Pneumonitis due to solids and liquids — Due to inhalation of oils and essences,L1_01,Infectious and Communicable Diseases,low
ICD-9,5078,Pneumonitis due to solids and liquids — Other,L1_01,Infectious and Communicable Diseases,low
ICD-9,5080,Respiratory conditions due to other and unspecified external agents — Acute pulmonary manifestations due to radiation,L1_06,Respiratory and Environmental Disease,low
ICD-9,5081,Respiratory conditions due to other and unspecified external agents — Chronic and other pulmonary manifestations due to radiation,L1_06,Respiratory and Environmental Disease,low
ICD-9,5088,Respiratory conditions due to other and unspecified external agents — Other,L1_06,Respiratory and Environmental Disease,low
ICD-9,5089,Respiratory conditions due to other and unspecified external agents — Unspecified,L1_06,Respiratory and Environmental Disease,low
ICD-9,5100,Empyema — With fistula,L1_01,Infectious and Communicable Diseases,low
ICD-9,5109,Empyema — Without mention of fistula,L1_01,Infectious and Communicable Diseases,low
ICD-9,5110,Pleurisy — Without mention of effusion or current tuberculosis,L1_01,Infectious and Communicable Diseases,low
ICD-9,5111,"Pleurisy — With effusion, with mention of a bacterial cause other than tuberculosis",L1_01,Infectious and Communicable Diseases,low
ICD-9,5118,"Pleurisy — Other specified forms of effusion, except tuberculous",L1_06,Respiratory and Environmental Disease,low
ICD-9,5119,Pleurisy — Unspecified pleural effusion,L1_06,Respiratory and Environmental Disease,low
ICD-9,5120,Pneumothorax — Pneumothorax,L1_01,Infectious and Communicable Diseases,low
ICD-9,5130,Abscess of lung and mediastinum — Abscess of lung,L1_05,Chronic Non-Communicable Diseases,low
ICD-9,5131,Abscess of lung and mediastinum — Abscess of mediastinum,L1_05,Chronic Non-Communicable Diseases,low
ICD-9,5140,Pulmonary congestion and hypostasis — Pulmonary congestion and hypostasis,L1_06,Respiratory and Environmental Disease,low
ICD-9,5150,Postinflammatory pulmonary fibrosis — Postinflammatory pulmonary fibrosis,L1_01,Infectious and Communicable Diseases,low
ICD-9,5160,Other alveolar and parietoalveolar pneumopathy — Pulmonary alveolar proteinosis,L1_01,Infectious and Communicable Diseases,low
ICD-9,5161,Other alveolar and parietoalveolar pneumopathy — Idiopathic pulmonary haemosiderosis,L1_01,Infectious and Communicable Diseases,low
ICD-9,5162,Other alveolar and parietoalveolar pneumopathy — Pulmonary alveolar microlithiasis,L1_01,Infectious and Communicable Diseases,low
ICD-9,5163,Other alveolar and parietoalveolar pneumopathy — Idiopathic fibrosing alveolitis,L1_01,Infectious and Communicable Diseases,low
ICD-9,5168,Other alveolar and parietoalveolar pneumopathy — Other,L1_01,Infectious and Communicable Diseases,low
ICD-9,5169,Other alveolar and parietoalveolar pneumopathy — Unspecified,L1_01,Infectious and Communicable Diseases,low
ICD-9,5170,Lung involvement in conditions classified elsewhere — Rheumatoid lung,L1_01,Infectious and Communicable Diseases,low
ICD-9,5171,Lung involvement in conditions classified elsewhere — Rheumatic pneumonia,L1_06,Respiratory and Environmental Disease,low
ICD-9,5172,Lung involvement in conditions classified elsewhere — Lung involvement in systemic sclerosis,L1_01,Infectious and Communicable Diseases,low
ICD-9,5178,Lung involvement in conditions classified elsewhere — Other,L1_01,Infectious and Communicable Diseases,low
ICD-9,5180,Other diseases of lung — Pulmonary collapse,L1_05,Chronic Non-Communicable Diseases,medium
ICD-9,5181,Other diseases of lung — Interstitial emphysema,L1_05,Chronic Non-Communicable Diseases,medium
ICD-9,5182,Other diseases of lung — Compensatory emphysema,L1_05,Chronic Non-Communicable Diseases,medium
ICD-9,5183,Other diseases of lung — Pulmonary eosinophilia,L1_05,Chronic Non-Communicable Diseases,medium
ICD-9,5184,"Other diseases of lung — Acute oedema of lung, unspecified",L1_05,Chronic Non-Communicable Diseases,medium
ICD-9,5185,Other diseases of lung — Pulmonary insuffiency following trauma and surgery,L1_05,Chronic Non-Communicable Diseases,medium
ICD-9,5188,"Other diseases of lung — Other diseases of lung, not elsewhere classified",L1_05,Chronic Non-Communicable Diseases,medium
ICD-9,5190,Other diseases of respiratory system — Tracheostomy malfunction,L1_05,Chronic Non-Communicable Diseases,low
ICD-9,5191,"Other diseases of respiratory system — Other diseases of trachea and bronchus, not elsewhere classified",L1_05,Chronic Non-Communicable Diseases,low
ICD-9,5192,Other diseases of respiratory system — Mediastinitis,L1_05,Chronic Non-Communicable Diseases,low
ICD-9,5193,"Other diseases of respiratory system — Other diseases of mediastinum, not elsewhere classified",L1_05,Chronic Non-Communicable Diseases,low
ICD-9,5194,Other diseases of respiratory system — Disorders of diaphragm,L1_05,Chronic Non-Communicable Diseases,high
ICD-9,5198,"Other diseases of respiratory system — Other diseases of respiratory system, not elsewhere classified",L1_05,Chronic Non-Communicable Diseases,low
ICD-9,5199,Other diseases of respiratory system — Unspecified,L1_05,Chronic Non-Communicable Diseases,low
ICD-9,5200,Disorders of tooth development and eruption — Anodontia,L1_05,Chronic Non-Communicable Diseases,low
ICD-9,5201,Disorders of tooth development and eruption — Supernumerary teeth,L1_05,Chronic Non-Communicable Diseases,low
ICD-9,5202,Disorders of tooth development and eruption — Abnormalities of size and form,L1_05,Chronic Non-Communicable Diseases,low
ICD-9,5203,Disorders of tooth development and eruption — Mottled teeth,L1_05,Chronic Non-Communicable Diseases,low
ICD-9,5204,Disorders of tooth development and eruption — Disturbances of tooth formation,L1_05,Chronic Non-Communicable Diseases,low
ICD-9,5205,"Disorders of tooth development and eruption — Hereditary disturbances in tooth structure, not elsewhere classified",L1_03,Congenital and Developmental Conditions,low
ICD-9,5206,Disorders of tooth development and eruption — Disturbances in tooth eruption,L1_05,Chronic Non-Communicable Diseases,low
ICD-9,5207,Disorders of tooth development and eruption — Teething syndrome,L1_02,Maternal and Early-Life Mortality,low
ICD-9,5208,Disorders of tooth development and eruption — Other disorders of tooth development,L1_05,Chronic Non-Communicable Diseases,low
ICD-9,5209,Disorders of tooth development and eruption — Unspecified,L1_05,Chronic Non-Communicable Diseases,low
ICD-9,5210,Diseases of hard tissues of teeth — Dental caries,L1_05,Chronic Non-Communicable Diseases,low
ICD-9,5211,Diseases of hard tissues of teeth — Excessive attrition,L1_05,Chronic Non-Communicable Diseases,low
ICD-9,5212,Diseases of hard tissues of teeth — Abrasion,L1_05,Chronic Non-Communicable Diseases,low
ICD-9,5213,Diseases of hard tissues of teeth — Erosion,L1_05,Chronic Non-Communicable Diseases,low
ICD-9,5214,Diseases of hard tissues of teeth — Pathological resorption,L1_05,Chronic Non-Communicable Diseases,low
ICD-9,5215,Diseases of hard tissues of teeth — Hypercementosis,L1_05,Chronic Non-Communicable Diseases,low
ICD-9,5216,Diseases of hard tissues of teeth — Ankylosis of teeth,L1_05,Chronic Non-Communicable Diseases,low
ICD-9,5217,Diseases of hard tissues of teeth — Posteruptive colour changes,L1_05,Chronic Non-Communicable Diseases,low
ICD-9,5218,Diseases of hard tissues of teeth — Other diseases of hard tissues of teeth,L1_05,Chronic Non-Communicable Diseases,medium
ICD-9,5219,Diseases of hard tissues of teeth — Unspecified,L1_05,Chronic Non-Communicable Diseases,low
ICD-9,5220,Diseases of pulp and periapical tissues — Pulpitis,L1_05,Chronic Non-Communicable Diseases,low
ICD-9,5221,Diseases of pulp and periapical tissues — Necrosis of the pulp,L1_05,Chronic Non-Communicable Diseases,low
ICD-9,5222,Diseases of pulp and periapical tissues — Pulp degeneration,L1_05,Chronic Non-Communicable Diseases,medium
ICD-9,5223,Diseases of pulp and periapical tissues — Abnormal hard tissue formation in pulp,L1_05,Chronic Non-Communicable Diseases,low
ICD-9,5224,Diseases of pulp and periapical tissues — Acute apical periodontitis of pulpal origin,L1_05,Chronic Non-Communicable Diseases,low
ICD-9,5225,Diseases of pulp and periapical tissues — Periapical abscess without sinus,L1_05,Chronic Non-Communicable Diseases,medium
ICD-9,5226,Diseases of pulp and periapical tissues — Chronic apical periodontitis,L1_05,Chronic Non-Communicable Diseases,medium
ICD-9,5227,Diseases of pulp and periapical tissues — Periapical abscess with sinus,L1_05,Chronic Non-Communicable Diseases,medium
ICD-9,5228,Diseases of pulp and periapical tissues — Radicular cyst,L1_05,Chronic Non-Communicable Diseases,low
ICD-9,5229,Diseases of pulp and periapical tissues — Other and unspecified,L1_05,Chronic Non-Communicable Diseases,low
ICD-9,5230,Gingival and periodontal diseases — Acute gingivitis,L1_01,Infectious and Communicable Diseases,low
ICD-9,5231,Gingival and periodontal diseases — Chronic gingivitis,L1_05,Chronic Non-Communicable Diseases,low
ICD-9,5232,Gingival and periodontal diseases — Gingival recession,L1_01,Infectious and Communicable Diseases,low
ICD-9,5233,Gingival and periodontal diseases — Acute periodontitis,L1_01,Infectious and Communicable Diseases,low
ICD-9,5234,Gingival and periodontal diseases — Chronic periodontitis,L1_05,Chronic Non-Communicable Diseases,low
ICD-9,5235,Gingival and periodontal diseases — Periodontosis,L1_01,Infectious and Communicable Diseases,low
ICD-9,5236,Gingival and periodontal diseases — Accretions on teeth,L1_01,Infectious and Communicable Diseases,low
ICD-9,5238,Gingival and periodontal diseases — Other periodontal diseases,L1_01,Infectious and Communicable Diseases,low
ICD-9,5239,Gingival and periodontal diseases — Unspecified,L1_01,Infectious and Communicable Diseases,low
ICD-9,5240,"Dentofacial anomalies, including malocclusion — Major anomalies of jaw size",L1_01,Infectious and Communicable Diseases,low
ICD-9,5241,"Dentofacial anomalies, including malocclusion — Anomalies of relationship of jaw to cranial base",L1_01,Infectious and Communicable Diseases,low
ICD-9,5242,"Dentofacial anomalies, including malocclusion — Anomalies of dental arch relationship",L1_01,Infectious and Communicable Diseases,low
ICD-9,5243,"Dentofacial anomalies, including malocclusion — Anomalies of tooth position",L1_01,Infectious and Communicable Diseases,low
ICD-9,5244,"Dentofacial anomalies, including malocclusion — Malocclusion, unspecified",L1_01,Infectious and Communicable Diseases,low
ICD-9,5245,"Dentofacial anomalies, including malocclusion — Dentofacial functional abnormalities",L1_01,Infectious and Communicable Diseases,low
ICD-9,5246,"Dentofacial anomalies, including malocclusion — Temporomandibular joint disorders",L1_01,Infectious and Communicable Diseases,low
ICD-9,5248,"Dentofacial anomalies, including malocclusion — Other dentofacial anomalies",L1_01,Infectious and Communicable Diseases,low
ICD-9,5249,"Dentofacial anomalies, including malocclusion — Unspecified",L1_01,Infectious and Communicable Diseases,low
ICD-9,5250,Other diseases and conditions of the teeth and supporting structures — Exfoliation of teeth due to systemic causes,L1_01,Infectious and Communicable Diseases,low
ICD-9,5251,"Other diseases and conditions of the teeth and supporting structures — Loss of teeth due to accident, extraction or local periodontal disease",L1_07,Injury and Accidental Harm,low
ICD-9,5252,Other diseases and conditions of the teeth and supporting structures — Atrophy of edentulous alveoler ridge,L1_05,Chronic Non-Communicable Diseases,low
ICD-9,5253,Other diseases and conditions of the teeth and supporting structures — Retained dental root,L1_01,Infectious and Communicable Diseases,low
ICD-9,5258,Other diseases and conditions of the teeth and supporting structures — Other,L1_01,Infectious and Communicable Diseases,low
ICD-9,5259,Other diseases and conditions of the teeth and supporting structures — Unspecified,L1_01,Infectious and Communicable Diseases,low
ICD-9,5260,Diseases of the jaws — Developmental odontogenic cysts,L1_05,Chronic Non-Communicable Diseases,low
ICD-9,5261,Diseases of the jaws — Fissural cysts of jaw,L1_05,Chronic Non-Communicable Diseases,low
ICD-9,5262,Diseases of the jaws — Other cysts of jaws,L1_05,Chronic Non-Communicable Diseases,low
ICD-9,5263,Diseases of the jaws — Central giant cell (reparative) granuloma,L1_05,Chronic Non-Communicable Diseases,low
ICD-9,5264,Diseases of the jaws — Inflammatory conditions,L1_05,Chronic Non-Communicable Diseases,low
ICD-9,5265,Diseases of the jaws — Alveolitis of jaw,L1_05,Chronic Non-Communicable Diseases,low
ICD-9,5268,Diseases of the jaws — Other diseases of the jaws,L1_05,Chronic Non-Communicable Diseases,medium
ICD-9,5269,Diseases of the jaws — Unspecified,L1_05,Chronic Non-Communicable Diseases,low
ICD-9,5270,Diseases of the salivary glands — Atrophy,L1_05,Chronic Non-Communicable Diseases,medium
ICD-9,5271,Diseases of the salivary glands — Hypertrophy,L1_05,Chronic Non-Communicable Diseases,low
ICD-9,5272,Diseases of the salivary glands — Sialoadenitis,L1_05,Chronic Non-Communicable Diseases,low
ICD-9,5273,Diseases of the salivary glands — Abscess,L1_05,Chronic Non-Communicable Diseases,medium
ICD-9,5274,Diseases of the salivary glands — Fistula,L1_05,Chronic Non-Communicable Diseases,low
ICD-9,5275,Diseases of the salivary glands — Sialolithiasis,L1_05,Chronic Non-Communicable Diseases,low
ICD-9,5276,Diseases of the salivary glands — Mucocele,L1_05,Chronic Non-Communicable Diseases,low
ICD-9,5277,Diseases of the salivary glands — Disturbance of salivary secretion,L1_05,Chronic Non-Communicable Diseases,low
ICD-9,5278,Diseases of the salivary glands — Other,L1_05,Chronic Non-Communicable Diseases,low
ICD-9,5279,Diseases of the salivary glands — Unspecified,L1_05,Chronic Non-Communicable Diseases,low
ICD-9,5280,"Diseases of the oral soft tissues, excluding lesions specific for gingiva and tongue — Stomatitis",L1_05,Chronic Non-Communicable Diseases,low
ICD-9,5281,"Diseases of the oral soft tissues, excluding lesions specific for gingiva and tongue — Cancrum oris",L1_05,Chronic Non-Communicable Diseases,low
ICD-9,5282,"Diseases of the oral soft tissues, excluding lesions specific for gingiva and tongue — Oral aphthae",L1_05,Chronic Non-Communicable Diseases,low
ICD-9,5283,"Diseases of the oral soft tissues, excluding lesions specific for gingiva and tongue — Cellulitis and abscess",L1_05,Chronic Non-Communicable Diseases,medium
ICD-9,5284,"Diseases of the oral soft tissues, excluding lesions specific for gingiva and tongue — Cysts",L1_05,Chronic Non-Communicable Diseases,low
ICD-9,5285,"Diseases of the oral soft tissues, excluding lesions specific for gingiva and tongue — Diseases of lips",L1_05,Chronic Non-Communicable Diseases,low
ICD-9,5286,"Diseases of the oral soft tissues, excluding lesions specific for gingiva and tongue — Leukoplakia of oral mucosa, including tongue",L1_05,Chronic Non-Communicable Diseases,low
ICD-9,5287,"Diseases of the oral soft tissues, excluding lesions specific for gingiva and tongue — Other disturbances of oral epithelium, including tongue",L1_05,Chronic Non-Communicable Diseases,low
ICD-9,5288,"Diseases of the oral soft tissues, excluding lesions specific for gingiva and tongue — Oral submucous fibrosis, including of tongue",L1_05,Chronic Non-Communicable Diseases,low
ICD-9,5289,"Diseases of the oral soft tissues, excluding lesions specific for gingiva and tongue — Other and unspecified",L1_05,Chronic Non-Communicable Diseases,low
ICD-9,5290,Diseases and other conditions of the tongue — Glossitis,L1_01,Infectious and Communicable Diseases,low
ICD-9,5291,Diseases and other conditions of the tongue — Geographic tongue,L1_01,Infectious and Communicable Diseases,low
ICD-9,5292,Diseases and other conditions of the tongue — Median rhomboid glossitis,L1_01,Infectious and Communicable Diseases,low
ICD-9,5293,Diseases and other conditions of the tongue — Hypertrophy of tongue papillae,L1_01,Infectious and Communicable Diseases,low
ICD-9,5294,Diseases and other conditions of the tongue — Atrophy of tongue papillae,L1_05,Chronic Non-Communicable Diseases,low
ICD-9,5295,Diseases and other conditions of the tongue — Plicated tongue,L1_01,Infectious and Communicable Diseases,low
ICD-9,5296,Diseases and other conditions of the tongue — Glossodynia,L1_01,Infectious and Communicable Diseases,low
ICD-9,5298,Diseases and other conditions of the tongue — Other conditions of the tongue,L1_01,Infectious and Communicable Diseases,low
ICD-9,5299,Diseases and other conditions of the tongue — Unspecified,L1_01,Infectious and Communicable Diseases,low
ICD-9,5300,Diseases of oesophagus — Achalasia and cardiospasm,L1_05,Chronic Non-Communicable Diseases,high
ICD-9,5301,Diseases of oesophagus — Oesophagitis,L1_05,Chronic Non-Communicable Diseases,high
ICD-9,5302,Diseases of oesophagus — Ulcer of oesophagus,L1_05,Chronic Non-Communicable Diseases,high
ICD-9,5303,Diseases of oesophagus — Stricture and stenosis of oesophagus,L1_05,Chronic Non-Communicable Diseases,high
ICD-9,5304,Diseases of oesophagus — Perforation of oesophagus,L1_05,Chronic Non-Communicable Diseases,high
ICD-9,5305,Diseases of oesophagus — Dyskinesia of oesophagus,L1_05,Chronic Non-Communicable Diseases,high
ICD-9,5306,"Diseases of oesophagus — Diverticulum of oesophagus, acquired",L1_05,Chronic Non-Communicable Diseases,high
ICD-9,5307,Diseases of oesophagus — Gastro-oesophageal laceration-haemorrhage syndrome,L1_05,Chronic Non-Communicable Diseases,high
ICD-9,5308,Diseases of oesophagus — Other disorders of oesophagus,L1_05,Chronic Non-Communicable Diseases,high
ICD-9,5309,Diseases of oesophagus — Unspecified,L1_05,Chronic Non-Communicable Diseases,high
ICD-9,5310,Gastric ulcer — Acute with haemorrhage,L1_05,Chronic Non-Communicable Diseases,high
ICD-9,5311,Gastric ulcer — Acute with perforation,L1_05,Chronic Non-Communicable Diseases,medium
ICD-9,5312,Gastric ulcer — Acute with haemorrhage and perforation,L1_05,Chronic Non-Communicable Diseases,high
ICD-9,5313,Gastric ulcer — Acute without mention of haemorrhage or perforation,L1_05,Chronic Non-Communicable Diseases,high
ICD-9,5314,Gastric ulcer — Chronic or unspecified with haemorrhage,L1_05,Chronic Non-Communicable Diseases,high
ICD-9,5315,Gastric ulcer — Chronic or unspecified with perforation,L1_05,Chronic Non-Communicable Diseases,high
ICD-9,5316,Gastric ulcer — Chronic or unspecified with haemorrhage and perforation,L1_05,Chronic Non-Communicable Diseases,high
ICD-9,5317,Gastric ulcer — Chronic without mention of haemorrhage or perforation,L1_05,Chronic Non-Communicable Diseases,high
ICD-9,5319,"Gastric ulcer — Unspecified as acute or chronic, without mention of haemorrhage or perforation",L1_05,Chronic Non-Communicable Diseases,high
ICD-9,5320,Duodenal ulcer — Acute with haemorrhage,L1_05,Chronic Non-Communicable Diseases,medium
ICD-9,5321,Duodenal ulcer — Acute with perforation,L1_05,Chronic Non-Communicable Diseases,low
ICD-9,5322,Duodenal ulcer — Acute with haemorrhage and perforation,L1_05,Chronic Non-Communicable Diseases,medium
ICD-9,5323,Duodenal ulcer — Acute without mention of haemorrhage or perforation,L1_05,Chronic Non-Communicable Diseases,medium
ICD-9,5324,Duodenal ulcer — Chronic or unspecified with haemorrhage,L1_05,Chronic Non-Communicable Diseases,high
ICD-9,5325,Duodenal ulcer — Chronic or unspecified with perforation,L1_05,Chronic Non-Communicable Diseases,medium
ICD-9,5326,Duodenal ulcer — Chronic or unspecified with haemorrhage and perforation,L1_05,Chronic Non-Communicable Diseases,high
ICD-9,5327,Duodenal ulcer — Chronic without mention of haemorrhage or perforation,L1_05,Chronic Non-Communicable Diseases,high
ICD-9,5329,"Duodenal ulcer — Unspecified as acute or chronic, without mention of haemorrhage or perforation",L1_05,Chronic Non-Communicable Diseases,high
ICD-9,5330,"Peptic ulcer, site unspecified — Acute with haemorrhage",L1_05,Chronic Non-Communicable Diseases,medium
ICD-9,5331,"Peptic ulcer, site unspecified — Acute with perforation",L1_05,Chronic Non-Communicable Diseases,low
ICD-9,5332,"Peptic ulcer, site unspecified — Acute with haemorrhage and perforation",L1_05,Chronic Non-Communicable Diseases,medium
ICD-9,5333,"Peptic ulcer, site unspecified — Acute without mention of haemorrhage or perforation",L1_05,Chronic Non-Communicable Diseases,medium
ICD-9,5334,"Peptic ulcer, site unspecified — Chronic or unspecified with haemorrhage",L1_05,Chronic Non-Communicable Diseases,high
ICD-9,5335,"Peptic ulcer, site unspecified — Chronic or unspecified with perforation",L1_05,Chronic Non-Communicable Diseases,medium
ICD-9,5336,"Peptic ulcer, site unspecified — Chronic or unspecified with haemorrhage and perforation",L1_05,Chronic Non-Communicable Diseases,high
ICD-9,5337,"Peptic ulcer, site unspecified — Chronic without mention of haemorrhage or perforation",L1_05,Chronic Non-Communicable Diseases,high
ICD-9,5339,"Peptic ulcer, site unspecified — Unspecified as acute or chronic, without mention of haemorrhage or perforation",L1_05,Chronic Non-Communicable Diseases,high
ICD-9,5340,Gastrojejunal ulcer — Acute with haemorrhage,L1_05,Chronic Non-Communicable Diseases,medium
ICD-9,5341,Gastrojejunal ulcer — Acute with perforation,L1_05,Chronic Non-Communicable Diseases,low
ICD-9,5342,Gastrojejunal ulcer — Acute with haemorrhage and perforation,L1_05,Chronic Non-Communicable Diseases,medium
ICD-9,5343,Gastrojejunal ulcer — Acute without mention of haemorrhage or perforation,L1_05,Chronic Non-Communicable Diseases,medium
ICD-9,5344,Gastrojejunal ulcer — Chronic or unspecified with haemorrhage,L1_05,Chronic Non-Communicable Diseases,high
ICD-9,5345,Gastrojejunal ulcer — Chronic or unspecified with perforation,L1_05,Chronic Non-Communicable Diseases,medium
ICD-9,5346,Gastrojejunal ulcer — Chronic or unspecified with haemorrhage and perforation,L1_05,Chronic Non-Communicable Diseases,high
ICD-9,5347,Gastrojejunal ulcer — Chronic without mention of haemorrhage or perforation,L1_05,Chronic Non-Communicable Diseases,high
ICD-9,5349,"Gastrojejunal ulcer — Unspecified as acute or chronic, without mention of haemorrhage or perforation",L1_05,Chronic Non-Communicable Diseases,high
ICD-9,5350,Gastritis and duodenitis — Acute gastritis,L1_05,Chronic Non-Communicable Diseases,low
ICD-9,5351,Gastritis and duodenitis — Atrophic gastritis,L1_05,Chronic Non-Communicable Diseases,low
ICD-9,5352,Gastritis and duodenitis — Gastric mucosal hypertrophy,L1_05,Chronic Non-Communicable Diseases,low
ICD-9,5353,Gastritis and duodenitis — Alcoholic gastritis,L1_09,Self-Harm and Substance Use,low
ICD-9,5354,Gastritis and duodenitis — Other gastritis,L1_05,Chronic Non-Communicable Diseases,low
ICD-9,5355,Gastritis and duodenitis — Unspecified gastritis and gastroduodenitis,L1_05,Chronic Non-Communicable Diseases,low
ICD-9,5356,Gastritis and duodenitis — Duodenitis,L1_05,Chronic Non-Communicable Diseases,low
ICD-9,5360,Disorders of function of stomach — Achlorhydria,L1_05,Chronic Non-Communicable Diseases,low
ICD-9,5361,Disorders of function of stomach — Acute dilatation of stomach,L1_05,Chronic Non-Communicable Diseases,low
ICD-9,5362,Disorders of function of stomach — Habit vomiting,L1_05,Chronic Non-Communicable Diseases,low
ICD-9,5368,Disorders of function of stomach — Dyspepsia and other disorders of function of stomach,L1_05,Chronic Non-Communicable Diseases,medium
ICD-9,5369,Disorders of function of stomach — Unspecified,L1_05,Chronic Non-Communicable Diseases,low
ICD-9,5370,Other disorders of stomach and duodenum — Adult hypertrophic pyloric stenosis,L1_05,Chronic Non-Communicable Diseases,low
ICD-9,5371,Other disorders of stomach and duodenum — Gastric diverticulum,L1_05,Chronic Non-Communicable Diseases,low
ICD-9,5372,Other disorders of stomach and duodenum — Chronic duodenal ileus,L1_05,Chronic Non-Communicable Diseases,medium
ICD-9,5373,Other disorders of stomach and duodenum — Other obstruction of duodenum,L1_05,Chronic Non-Communicable Diseases,low
ICD-9,5374,Other disorders of stomach and duodenum — Fistula of stomach or duodenum,L1_05,Chronic Non-Communicable Diseases,low
ICD-9,5375,Other disorders of stomach and duodenum — Gastroptosis,L1_05,Chronic Non-Communicable Diseases,low
ICD-9,5376,Other disorders of stomach and duodenum — Hourglass stricture or stenosis of stomach,L1_05,Chronic Non-Communicable Diseases,low
ICD-9,5378,Other disorders of stomach and duodenum — Other,L1_05,Chronic Non-Communicable Diseases,low
ICD-9,5379,Other disorders of stomach and duodenum — Unspecified,L1_05,Chronic Non-Communicable Diseases,low
ICD-9,5400,Acute appendicitis — Acute appendicitis with generalized peritonitis,L1_05,Chronic Non-Communicable Diseases,low
ICD-9,5401,Acute appendicitis — With peritoneal abscess,L1_05,Chronic Non-Communicable Diseases,medium
ICD-9,5409,Acute appendicitis — Without mention of peritonitis,L1_05,Chronic Non-Communicable Diseases,low
ICD-9,5410,"Appendicitis, unqualified — Appendicitis, unqualified",L1_05,Chronic Non-Communicable Diseases,low
ICD-9,5420,Other appendicitis — Other appendicitis,L1_05,Chronic Non-Communicable Diseases,low
ICD-9,5430,Other diseases of appendix — Other diseases of appendix,L1_05,Chronic Non-Communicable Diseases,medium
ICD-9,5500,"Inguinal hernia — Inguinal hernia, with gangrene",L1_05,Chronic Non-Communicable Diseases,low
ICD-9,5501,"Inguinal hernia — Inguinal hernia, with obstruction, without mention of gangrene",L1_05,Chronic Non-Communicable Diseases,low
ICD-9,5509,"Inguinal hernia — Inguinal hernia, without mention of obstruction or gangrene",L1_05,Chronic Non-Communicable Diseases,low
ICD-9,5510,"Other hernia of abdominal cavity, with gangrene — Femoral, with gangrene",L1_05,Chronic Non-Communicable Diseases,low
ICD-9,5511,"Other hernia of abdominal cavity, with gangrene — Umbilical, with gangrene",L1_05,Chronic Non-Communicable Diseases,low
ICD-9,5512,"Other hernia of abdominal cavity, with gangrene — Ventral [incisional], with gangrene",L1_05,Chronic Non-Communicable Diseases,low
ICD-9,5513,"Other hernia of abdominal cavity, with gangrene — Diaphragmatic, with gangrene",L1_05,Chronic Non-Communicable Diseases,low
ICD-9,5518,"Other hernia of abdominal cavity, with gangrene — Of other specified sites, with gangrene",L1_05,Chronic Non-Communicable Diseases,low
ICD-9,5519,"Other hernia of abdominal cavity, with gangrene — Of unspecified site, with gangrene",L1_05,Chronic Non-Communicable Diseases,low
ICD-9,5520,"Other hernia of abdominal cavity with obstruction, without mention of gangrene — Femoral, with obstruction",L1_05,Chronic Non-Communicable Diseases,low
ICD-9,5521,"Other hernia of abdominal cavity with obstruction, without mention of gangrene — Umbilical, with obstruction",L1_05,Chronic Non-Communicable Diseases,low
ICD-9,5522,"Other hernia of abdominal cavity with obstruction, without mention of gangrene — Ventral [incisional], with obstruction",L1_05,Chronic Non-Communicable Diseases,low
ICD-9,5523,"Other hernia of abdominal cavity with obstruction, without mention of gangrene — Diaphragmatic, with obstruction",L1_05,Chronic Non-Communicable Diseases,low
ICD-9,5528,"Other hernia of abdominal cavity with obstruction, without mention of gangrene — Of other specified sites, with obstruction",L1_05,Chronic Non-Communicable Diseases,low
ICD-9,5529,"Other hernia of abdominal cavity with obstruction, without mention of gangrene — Of unspecified site, with obstruction",L1_05,Chronic Non-Communicable Diseases,low
ICD-9,5530,Other hernia of abdominal cavity without mention of obstruction or gangrene — Femoral,L1_05,Chronic Non-Communicable Diseases,low
ICD-9,5531,Other hernia of abdominal cavity without mention of obstruction or gangrene — Umbilical,L1_05,Chronic Non-Communicable Diseases,low
ICD-9,5532,Other hernia of abdominal cavity without mention of obstruction or gangrene — Ventral [incisional],L1_05,Chronic Non-Communicable Diseases,low
ICD-9,5533,Other hernia of abdominal cavity without mention of obstruction or gangrene — Diaphragmatic,L1_05,Chronic Non-Communicable Diseases,low
ICD-9,5538,Other hernia of abdominal cavity without mention of obstruction or gangrene — Of other specified sites,L1_05,Chronic Non-Communicable Diseases,low
ICD-9,5539,Other hernia of abdominal cavity without mention of obstruction or gangrene — Of unspecified site,L1_05,Chronic Non-Communicable Diseases,low
ICD-9,5550,Regional enteritis — Small intestine,L1_05,Chronic Non-Communicable Diseases,low
ICD-9,5551,Regional enteritis — Large intestine,L1_05,Chronic Non-Communicable Diseases,low
ICD-9,5552,Regional enteritis — Small intestine with large intestine,L1_05,Chronic Non-Communicable Diseases,low
ICD-9,5559,Regional enteritis — Unspecified site,L1_05,Chronic Non-Communicable Diseases,low
ICD-9,5560,Idiopathic proctocolitis — Idiopathic proctocolitis,L1_01,Infectious and Communicable Diseases,low
ICD-9,5570,Vascular insuffiency of intestine — Acute vascular insufficiency of intestine,L1_01,Infectious and Communicable Diseases,low
ICD-9,5571,Vascular insuffiency of intestine — Chronic vascular insufficiency of intestine,L1_05,Chronic Non-Communicable Diseases,low
ICD-9,5579,Vascular insuffiency of intestine — Unspecified,L1_01,Infectious and Communicable Diseases,low
ICD-9,5580,Other noninfective gastroenteritis and colitis — Other noninfective gastroenteritis and colitis,L1_01,Infectious and Communicable Diseases,low
ICD-9,5600,Intestinal obstruction without mention of hernia — Intussusception,L1_05,Chronic Non-Communicable Diseases,medium
ICD-9,5601,Intestinal obstruction without mention of hernia — Paralytic ileus,L1_05,Chronic Non-Communicable Diseases,medium
ICD-9,5602,Intestinal obstruction without mention of hernia — Volvulus,L1_05,Chronic Non-Communicable Diseases,medium
ICD-9,5603,Intestinal obstruction without mention of hernia — Impaction of intestine,L1_05,Chronic Non-Communicable Diseases,medium
ICD-9,5608,Intestinal obstruction without mention of hernia — Other intestinal obstruction,L1_05,Chronic Non-Communicable Diseases,medium
ICD-9,5609,Intestinal obstruction without mention of hernia — Unspecified intestinal obstruction,L1_05,Chronic Non-Communicable Diseases,medium
ICD-9,5620,Diverticula of intestine — Small intestine,L1_01,Infectious and Communicable Diseases,low
ICD-9,5621,Diverticula of intestine — Colon,L1_01,Infectious and Communicable Diseases,low
ICD-9,5640,"Functional digestive disorders, not elsewhere classified — Constipation",L1_01,Infectious and Communicable Diseases,low
ICD-9,5641,"Functional digestive disorders, not elsewhere classified — Irritable colon",L1_01,Infectious and Communicable Diseases,low
ICD-9,5642,"Functional digestive disorders, not elsewhere classified — Postgastric surgery syndromes",L1_01,Infectious and Communicable Diseases,low
ICD-9,5643,"Functional digestive disorders, not elsewhere classified — Vomiting following gastrointestinal surgery",L1_01,Infectious and Communicable Diseases,low
ICD-9,5644,"Functional digestive disorders, not elsewhere classified — Other postoperative functional disorders",L1_01,Infectious and Communicable Diseases,low
ICD-9,5645,"Functional digestive disorders, not elsewhere classified — Functional diarrhoea",L1_01,Infectious and Communicable Diseases,low
ICD-9,5646,"Functional digestive disorders, not elsewhere classified — Anal spasm",L1_01,Infectious and Communicable Diseases,low
ICD-9,5647,"Functional digestive disorders, not elsewhere classified — Megacolon, other than Hirschsprung's",L1_01,Infectious and Communicable Diseases,low
ICD-9,5648,"Functional digestive disorders, not elsewhere classified — Other functional disorders of intestine",L1_05,Chronic Non-Communicable Diseases,low
ICD-9,5649,"Functional digestive disorders, not elsewhere classified — Unspecified",L1_01,Infectious and Communicable Diseases,low
ICD-9,5650,Anal fissure and fistula — Anal fissure,L1_01,Infectious and Communicable Diseases,low
ICD-9,5651,Anal fissure and fistula — Anal fistula,L1_01,Infectious and Communicable Diseases,low
ICD-9,5660,Abscess of anal and rectal regions — Abscess of anal and rectal regions,L1_05,Chronic Non-Communicable Diseases,low
ICD-9,5670,Peritonitis — Peritonitis in infectious diseases classified elsewhere,L1_01,Infectious and Communicable Diseases,low
ICD-9,5671,Peritonitis — Pneumococcal peritonitis,L1_01,Infectious and Communicable Diseases,low
ICD-9,5672,Peritonitis — Other suppurative peritonitis,L1_01,Infectious and Communicable Diseases,low
ICD-9,5678,Peritonitis — Other peritonitis,L1_01,Infectious and Communicable Diseases,low
ICD-9,5679,Peritonitis — Unspecified,L1_01,Infectious and Communicable Diseases,low
ICD-9,5680,Other disorders of peritoneum — Peritoneal adhesions,L1_05,Chronic Non-Communicable Diseases,low
ICD-9,5688,Other disorders of peritoneum — Other,L1_05,Chronic Non-Communicable Diseases,low
ICD-9,5689,Other disorders of peritoneum — Unspecified,L1_05,Chronic Non-Communicable Diseases,low
ICD-9,5690,Other disorders of intestine — Anal and rectal polyp,L1_05,Chronic Non-Communicable Diseases,low
ICD-9,5691,Other disorders of intestine — Rectal prolapse,L1_05,Chronic Non-Communicable Diseases,low
ICD-9,5692,Other disorders of intestine — Stenosis of rectum and anus,L1_05,Chronic Non-Communicable Diseases,low
ICD-9,5693,Other disorders of intestine — Haemorrhage of rectum and anus,L1_05,Chronic Non-Communicable Diseases,medium
ICD-9,5694,Other disorders of intestine — Other disorders of rectum and anus,L1_05,Chronic Non-Communicable Diseases,low
ICD-9,5695,Other disorders of intestine — Abscess of intestine,L1_05,Chronic Non-Communicable Diseases,medium
ICD-9,5696,Other disorders of intestine — Colostomy or enterostomy malfunction,L1_05,Chronic Non-Communicable Diseases,low
ICD-9,5698,Other disorders of intestine — Other,L1_05,Chronic Non-Communicable Diseases,low
ICD-9,5699,Other disorders of intestine — Unspecified,L1_05,Chronic Non-Communicable Diseases,low
ICD-9,5700,Acute and subacute necrosis of liver — Acute and subacute necrosis of liver,L1_01,Infectious and Communicable Diseases,low
ICD-9,5710,Chronic liver disease and cirrhosis — Alcoholic fatty liver,L1_05,Chronic Non-Communicable Diseases,medium
ICD-9,5711,Chronic liver disease and cirrhosis — Acute alcoholic hepatitis,L1_05,Chronic Non-Communicable Diseases,medium
ICD-9,5712,Chronic liver disease and cirrhosis — Alcoholic cirrhosis of liver,L1_05,Chronic Non-Communicable Diseases,medium
ICD-9,5713,"Chronic liver disease and cirrhosis — Alcoholic liver damage, unspecified",L1_05,Chronic Non-Communicable Diseases,medium
ICD-9,5714,Chronic liver disease and cirrhosis — Chronic hepatitis,L1_05,Chronic Non-Communicable Diseases,medium
ICD-9,5715,Chronic liver disease and cirrhosis — Cirrhosis of liver without mention of alcohol,L1_05,Chronic Non-Communicable Diseases,medium
ICD-9,5716,Chronic liver disease and cirrhosis — Biliary cirrhosis,L1_05,Chronic Non-Communicable Diseases,medium
ICD-9,5718,Chronic liver disease and cirrhosis — Other chronic nonalcoholic liver disease,L1_05,Chronic Non-Communicable Diseases,medium
ICD-9,5719,Chronic liver disease and cirrhosis — Unspecified chronic liver disease without mention of alcohol,L1_05,Chronic Non-Communicable Diseases,medium
ICD-9,5720,Liver abscess and sequelae of chronic liver disease — Abscess of liver,L1_05,Chronic Non-Communicable Diseases,medium
ICD-9,5721,Liver abscess and sequelae of chronic liver disease — Portal pyaemia,L1_05,Chronic Non-Communicable Diseases,medium
ICD-9,5722,Liver abscess and sequelae of chronic liver disease — Hepatic coma,L1_05,Chronic Non-Communicable Diseases,medium
ICD-9,5723,Liver abscess and sequelae of chronic liver disease — Portal hypertension,L1_05,Chronic Non-Communicable Diseases,medium
ICD-9,5724,Liver abscess and sequelae of chronic liver disease — Hepatorenal syndrome,L1_05,Chronic Non-Communicable Diseases,medium
ICD-9,5728,Liver abscess and sequelae of chronic liver disease — Other sequelae of chronic liver disease,L1_05,Chronic Non-Communicable Diseases,medium
ICD-9,5730,Other disorders of liver — Chronic passive congestion of liver,L1_05,Chronic Non-Communicable Diseases,medium
ICD-9,5731,Other disorders of liver — Hepatitis in viral diseases classified elsewhere,L1_05,Chronic Non-Communicable Diseases,low
ICD-9,5732,Other disorders of liver — Hepatitis in other infectious diseases classified elsewhere,L1_05,Chronic Non-Communicable Diseases,low
ICD-9,5733,Other disorders of liver — Hepatitis unspecified,L1_05,Chronic Non-Communicable Diseases,low
ICD-9,5734,Other disorders of liver — Hepatic infarction,L1_05,Chronic Non-Communicable Diseases,low
ICD-9,5738,Other disorders of liver — Other,L1_05,Chronic Non-Communicable Diseases,low
ICD-9,5739,Other disorders of liver — Unspecified,L1_05,Chronic Non-Communicable Diseases,low
ICD-9,5740,Cholelithiasis — Calculus of gallbladder with acute cholecystitis,L1_05,Chronic Non-Communicable Diseases,low
ICD-9,5741,Cholelithiasis — Calculus of gallbladder with other cholecystitis,L1_05,Chronic Non-Communicable Diseases,low
ICD-9,5742,Cholelithiasis — Calculus of gallbladder without mention of cholecystitis,L1_05,Chronic Non-Communicable Diseases,low
ICD-9,5743,Cholelithiasis — Calculus of bile duct with acute cholecystitis,L1_05,Chronic Non-Communicable Diseases,low
ICD-9,5744,Cholelithiasis — Calculus of bile duct with other cholecystitis,L1_05,Chronic Non-Communicable Diseases,low
ICD-9,5745,Cholelithiasis — Calculus of bile duct without mention of cholecystitis,L1_05,Chronic Non-Communicable Diseases,low
ICD-9,5750,Other disorders of gallbladder — Acute cholecystitis,L1_05,Chronic Non-Communicable Diseases,low
ICD-9,5751,Other disorders of gallbladder — Other cholecystitis,L1_05,Chronic Non-Communicable Diseases,low
ICD-9,5752,Other disorders of gallbladder — Obstruction of gallbladder,L1_05,Chronic Non-Communicable Diseases,low
ICD-9,5753,Other disorders of gallbladder — Hydrops of gallbladder,L1_05,Chronic Non-Communicable Diseases,low
ICD-9,5754,Other disorders of gallbladder — Perforation of gallbladder,L1_05,Chronic Non-Communicable Diseases,low
ICD-9,5755,Other disorders of gallbladder — Fistula of gallbladder,L1_05,Chronic Non-Communicable Diseases,low
ICD-9,5756,Other disorders of gallbladder — Cholesterolosis of gallbladder,L1_05,Chronic Non-Communicable Diseases,low
ICD-9,5758,Other disorders of gallbladder — Other,L1_05,Chronic Non-Communicable Diseases,low
ICD-9,5759,Other disorders of gallbladder — Unspecified,L1_05,Chronic Non-Communicable Diseases,low
ICD-9,5760,Other disorders of biliary tract — Postcholecystectomy syndrome,L1_05,Chronic Non-Communicable Diseases,low
ICD-9,5761,Other disorders of biliary tract — Cholangitis,L1_05,Chronic Non-Communicable Diseases,low
ICD-9,5762,Other disorders of biliary tract — Obstruction of bile duct,L1_05,Chronic Non-Communicable Diseases,low
ICD-9,5763,Other disorders of biliary tract — Perforation of bile duct,L1_05,Chronic Non-Communicable Diseases,low
ICD-9,5764,Other disorders of biliary tract — Fistula of bile duct,L1_05,Chronic Non-Communicable Diseases,low
ICD-9,5765,Other disorders of biliary tract — Spasm of sphincter of Oddi,L1_05,Chronic Non-Communicable Diseases,low
ICD-9,5768,Other disorders of biliary tract — Other,L1_05,Chronic Non-Communicable Diseases,low
ICD-9,5769,Other disorders of biliary tract — Unspecified,L1_05,Chronic Non-Communicable Diseases,low
ICD-9,5770,Diseases of pancreas — Acute pancreatitis,L1_05,Chronic Non-Communicable Diseases,low
ICD-9,5771,Diseases of pancreas — Chronic pancreatitis,L1_05,Chronic Non-Communicable Diseases,medium
ICD-9,5772,Diseases of pancreas — Cyst and pseudocyst of pancreas,L1_05,Chronic Non-Communicable Diseases,low
ICD-9,5778,Diseases of pancreas — Other diseases of pancreas,L1_05,Chronic Non-Communicable Diseases,medium
ICD-9,5779,Diseases of pancreas — Unspecified,L1_05,Chronic Non-Communicable Diseases,low
ICD-9,5780,Gastrointestinal haemorrhage — Haematemesis,L1_05,Chronic Non-Communicable Diseases,low
ICD-9,5781,Gastrointestinal haemorrhage — Melaena,L1_05,Chronic Non-Communicable Diseases,low
ICD-9,5789,"Gastrointestinal haemorrhage — Haemorrage of gastrointestinal tract, unspecified",L1_05,Chronic Non-Communicable Diseases,low
ICD-9,5790,Intestinal malabsorption — Coeliac disease,L1_01,Infectious and Communicable Diseases,low
ICD-9,5791,Intestinal malabsorption — Tropical sprue,L1_01,Infectious and Communicable Diseases,low
ICD-9,5792,Intestinal malabsorption — Blind loop syndrome,L1_01,Infectious and Communicable Diseases,low
ICD-9,5793,Intestinal malabsorption — Other and unspecified postsurgical nonabsorption,L1_01,Infectious and Communicable Diseases,low
ICD-9,5794,Intestinal malabsorption — Pancreatic steatorrhoea,L1_01,Infectious and Communicable Diseases,low
ICD-9,5798,Intestinal malabsorption — Other,L1_01,Infectious and Communicable Diseases,low
ICD-9,5799,Intestinal malabsorption — Unspecified,L1_01,Infectious and Communicable Diseases,low
ICD-9,5800,Acute glomerulonephritis — With lesion of proliferative glomerulonephritis,L1_01,Infectious and Communicable Diseases,low
ICD-9,5804,Acute glomerulonephritis — With lesion of rapidly progressive glomerulonephritis,L1_01,Infectious and Communicable Diseases,low
ICD-9,5808,Acute glomerulonephritis — With other specified pathological lesion in kidney,L1_01,Infectious and Communicable Diseases,low
ICD-9,5809,Acute glomerulonephritis — Unspecified,L1_01,Infectious and Communicable Diseases,low
ICD-9,5810,Nephrotic syndrome — With lesion of proliferative glomerulonephritis,L1_01,Infectious and Communicable Diseases,low
ICD-9,5811,Nephrotic syndrome — With lesion of membranous glomerulonephritis,L1_01,Infectious and Communicable Diseases,low
ICD-9,5812,Nephrotic syndrome — With lesion of membranoproliferative glomerulonephritis,L1_01,Infectious and Communicable Diseases,low
ICD-9,5813,Nephrotic syndrome — With lesion of minimal change glomerulonephritis,L1_01,Infectious and Communicable Diseases,low
ICD-9,5818,Nephrotic syndrome — With other specified pathological lesion in kidney,L1_01,Infectious and Communicable Diseases,low
ICD-9,5819,Nephrotic syndrome — Unspecified,L1_01,Infectious and Communicable Diseases,low
ICD-9,5820,Chronic glomerulonephritis — With lesion of proliferative glomerulonephritis,L1_05,Chronic Non-Communicable Diseases,low
ICD-9,5821,Chronic glomerulonephritis — With lesion of membranous glomerulonephritis,L1_05,Chronic Non-Communicable Diseases,low
ICD-9,5822,Chronic glomerulonephritis — With lesion of membranoproliferative glomerulonephritis,L1_05,Chronic Non-Communicable Diseases,low
ICD-9,5824,Chronic glomerulonephritis — With lesion of rapidly progressive glomerulonephritis,L1_05,Chronic Non-Communicable Diseases,low
ICD-9,5828,Chronic glomerulonephritis — With other specified pathological lesion in kidney,L1_05,Chronic Non-Communicable Diseases,low
ICD-9,5829,Chronic glomerulonephritis — Unspecified,L1_05,Chronic Non-Communicable Diseases,low
ICD-9,5830,"Nephritis and nephropathy, not specified as acute or chronic — With lesion of proliferative glomerulonephritis",L1_05,Chronic Non-Communicable Diseases,low
ICD-9,5831,"Nephritis and nephropathy, not specified as acute or chronic — With lesion of membranous glomerulonephritis",L1_05,Chronic Non-Communicable Diseases,low
ICD-9,5832,"Nephritis and nephropathy, not specified as acute or chronic — With lesion of membranoproliferative glomerulonephritis",L1_05,Chronic Non-Communicable Diseases,low
ICD-9,5834,"Nephritis and nephropathy, not specified as acute or chronic — With lesion of rapidly progressive glomerulonephritis",L1_05,Chronic Non-Communicable Diseases,low
ICD-9,5836,"Nephritis and nephropathy, not specified as acute or chronic — With lesion of renal cortical necrosis",L1_05,Chronic Non-Communicable Diseases,low
ICD-9,5837,"Nephritis and nephropathy, not specified as acute or chronic — With lesion of renal medullary necrosis",L1_05,Chronic Non-Communicable Diseases,low
ICD-9,5838,"Nephritis and nephropathy, not specified as acute or chronic — With other specified pathological lesion in kidney",L1_05,Chronic Non-Communicable Diseases,low
ICD-9,5839,"Nephritis and nephropathy, not specified as acute or chronic — With unspecified pathological lesion in kidney",L1_05,Chronic Non-Communicable Diseases,low
ICD-9,5845,Acute renal failure — With lesion of tubular necrosis,L1_01,Infectious and Communicable Diseases,low
ICD-9,5846,Acute renal failure — With lesion of renal cortical necrosis,L1_01,Infectious and Communicable Diseases,low
ICD-9,5847,Acute renal failure — With lesion of renal medullary [papillary] necrosis,L1_01,Infectious and Communicable Diseases,low
ICD-9,5848,Acute renal failure — With other specified pathological lesion in kidney,L1_01,Infectious and Communicable Diseases,low
ICD-9,5849,Acute renal failure — Unspecified,L1_01,Infectious and Communicable Diseases,low
ICD-9,5850,Chronic renal failure — Chronic renal failure,L1_05,Chronic Non-Communicable Diseases,low
ICD-9,5860,"Renal failure, unspecified — Renal failure, unspecified",L1_01,Infectious and Communicable Diseases,low
ICD-9,5870,"Renal sclerosis, unspecified — Renal sclerosis, unspecified",L1_01,Infectious and Communicable Diseases,low
ICD-9,5880,Disorders resulting from impaired renal function — Renal osteodystrophy,L1_01,Infectious and Communicable Diseases,low
ICD-9,5881,Disorders resulting from impaired renal function — Nephrogenic diabetes insipidus,L1_05,Chronic Non-Communicable Diseases,low
ICD-9,5888,Disorders resulting from impaired renal function — Other,L1_01,Infectious and Communicable Diseases,low
ICD-9,5889,Disorders resulting from impaired renal function — Unspecified,L1_01,Infectious and Communicable Diseases,low
ICD-9,5890,Small kidney of unknown cause — Unilateral,L1_10,"Ill-Defined, Administrative, and Other Causes",low
ICD-9,5891,Small kidney of unknown cause — Bilateral,L1_10,"Ill-Defined, Administrative, and Other Causes",low
ICD-9,5899,Small kidney of unknown cause — Unspecified,L1_10,"Ill-Defined, Administrative, and Other Causes",low
ICD-9,5900,Infections of kidney — Chronic pyelonephritis and chronic pyonephrosis,L1_05,Chronic Non-Communicable Diseases,low
ICD-9,5901,Infections of kidney — Acute pyelonephritis and acute pyonephrosis,L1_01,Infectious and Communicable Diseases,low
ICD-9,5902,Infections of kidney — Renal and perinephric abscess,L1_05,Chronic Non-Communicable Diseases,low
ICD-9,5903,Infections of kidney — Pyeloureteritis cystica,L1_01,Infectious and Communicable Diseases,low
ICD-9,5908,"Infections of kidney — Pyelonephritis or pyonephrosis, not specified as acute or chronic",L1_05,Chronic Non-Communicable Diseases,low
ICD-9,5909,"Infections of kidney — Infection of kidney, unspecified",L1_01,Infectious and Communicable Diseases,low
ICD-9,5910,Hydronephrosis — Hydronephrosis,L1_01,Infectious and Communicable Diseases,low
ICD-9,5920,Calculus of kidney and ureter — Calculus of kidney,L1_05,Chronic Non-Communicable Diseases,low
ICD-9,5921,Calculus of kidney and ureter — Calculus of ureter,L1_05,Chronic Non-Communicable Diseases,low
ICD-9,5929,"Calculus of kidney and ureter — Urinary calculus, unspecified",L1_05,Chronic Non-Communicable Diseases,low
ICD-9,5930,Other disorders of kidney and ureter — Nephroptosis,L1_05,Chronic Non-Communicable Diseases,low
ICD-9,5931,Other disorders of kidney and ureter — Hypertrophy of kidney,L1_05,Chronic Non-Communicable Diseases,low
ICD-9,5932,"Other disorders of kidney and ureter — Cyst of kidney, acquired",L1_05,Chronic Non-Communicable Diseases,low
ICD-9,5933,Other disorders of kidney and ureter — Stricture or kinking of ureter,L1_05,Chronic Non-Communicable Diseases,low
ICD-9,5934,Other disorders of kidney and ureter — Other ureteric obstruction,L1_05,Chronic Non-Communicable Diseases,low
ICD-9,5935,Other disorders of kidney and ureter — Hydroureter,L1_05,Chronic Non-Communicable Diseases,low
ICD-9,5936,Other disorders of kidney and ureter — Postural proteinuria,L1_05,Chronic Non-Communicable Diseases,low
ICD-9,5937,Other disorders of kidney and ureter — Vesicoureteric reflux,L1_05,Chronic Non-Communicable Diseases,low
ICD-9,5938,Other disorders of kidney and ureter — Other,L1_05,Chronic Non-Communicable Diseases,low
ICD-9,5939,Other disorders of kidney and ureter — Unspecified,L1_05,Chronic Non-Communicable Diseases,low
ICD-9,5940,Calculus of lower urinary tract — Calculus in diverticulum of bladder,L1_05,Chronic Non-Communicable Diseases,low
ICD-9,5941,Calculus of lower urinary tract — Other calculus in bladder,L1_05,Chronic Non-Communicable Diseases,low
ICD-9,5942,Calculus of lower urinary tract — Calculus in urethra,L1_05,Chronic Non-Communicable Diseases,low
ICD-9,5948,Calculus of lower urinary tract — Other lower urinary tract calculus,L1_05,Chronic Non-Communicable Diseases,low
ICD-9,5949,Calculus of lower urinary tract — Unspecified,L1_05,Chronic Non-Communicable Diseases,low
ICD-9,5950,Cystitis — Acute cystitis,L1_01,Infectious and Communicable Diseases,low
ICD-9,5951,Cystitis — Chronic interstitial cystitis,L1_05,Chronic Non-Communicable Diseases,low
ICD-9,5952,Cystitis — Other chronic cystitis,L1_05,Chronic Non-Communicable Diseases,low
ICD-9,5953,Cystitis — Trigonitis,L1_01,Infectious and Communicable Diseases,low
ICD-9,5954,Cystitis — Cystitis in diseases classified elsewhere,L1_01,Infectious and Communicable Diseases,low
ICD-9,5958,Cystitis — Other,L1_01,Infectious and Communicable Diseases,low
ICD-9,5959,Cystitis — Unspecified,L1_01,Infectious and Communicable Diseases,low
ICD-9,5960,Other disorders of bladder — Bladder-neck obstruction,L1_05,Chronic Non-Communicable Diseases,low
ICD-9,5961,Other disorders of bladder — Intestinovesical fistula,L1_05,Chronic Non-Communicable Diseases,low
ICD-9,5962,"Other disorders of bladder — Vesical fistula, not elsewhere classified",L1_05,Chronic Non-Communicable Diseases,low
ICD-9,5963,Other disorders of bladder — Diverticulum of bladder,L1_05,Chronic Non-Communicable Diseases,low
ICD-9,5964,Other disorders of bladder — Atony of bladder,L1_05,Chronic Non-Communicable Diseases,low
ICD-9,5965,Other disorders of bladder — Other functional disorders of bladder,L1_05,Chronic Non-Communicable Diseases,low
ICD-9,5966,"Other disorders of bladder — Rupture of bladder, nontraumatic",L1_05,Chronic Non-Communicable Diseases,low
ICD-9,5967,Other disorders of bladder — Haemorrhage into bladder wall,L1_05,Chronic Non-Communicable Diseases,medium
ICD-9,5968,Other disorders of bladder — Other,L1_05,Chronic Non-Communicable Diseases,low
ICD-9,5969,Other disorders of bladder — Unspecified,L1_05,Chronic Non-Communicable Diseases,low
ICD-9,5970,"Urethritis, not sexually transmitted, and urethral syndrome — Urethral abscess",L1_05,Chronic Non-Communicable Diseases,low
ICD-9,5978,"Urethritis, not sexually transmitted, and urethral syndrome — Other urethritis",L1_01,Infectious and Communicable Diseases,low
ICD-9,5980,Urethral stricture — Infective,L1_01,Infectious and Communicable Diseases,low
ICD-9,5981,Urethral stricture — Traumatic,L1_01,Infectious and Communicable Diseases,low
ICD-9,5982,Urethral stricture — Postoperative,L1_01,Infectious and Communicable Diseases,low
ICD-9,5988,Urethral stricture — Other,L1_01,Infectious and Communicable Diseases,low
ICD-9,5989,Urethral stricture — Unspecified,L1_01,Infectious and Communicable Diseases,low
ICD-9,5990,"Other disorders of urethra and urinary tract — Urinary tract infection, site not specified",L1_05,Chronic Non-Communicable Diseases,low
ICD-9,5991,Other disorders of urethra and urinary tract — Urethral fistula,L1_05,Chronic Non-Communicable Diseases,low
ICD-9,5992,Other disorders of urethra and urinary tract — Urethral diverticulum,L1_05,Chronic Non-Communicable Diseases,low
ICD-9,5993,Other disorders of urethra and urinary tract — Urethral caruncle,L1_05,Chronic Non-Communicable Diseases,low
ICD-9,5994,Other disorders of urethra and urinary tract — Urethral false passage,L1_05,Chronic Non-Communicable Diseases,low
ICD-9,5995,Other disorders of urethra and urinary tract — Prolapsed urethral mucosa,L1_05,Chronic Non-Communicable Diseases,low
ICD-9,5996,"Other disorders of urethra and urinary tract — Urinary obstruction, unspecified",L1_05,Chronic Non-Communicable Diseases,low
ICD-9,5997,Other disorders of urethra and urinary tract — Haematuria,L1_05,Chronic Non-Communicable Diseases,low
ICD-9,5998,Other disorders of urethra and urinary tract — Other,L1_05,Chronic Non-Communicable Diseases,low
ICD-9,5999,Other disorders of urethra and urinary tract — Unspecified,L1_05,Chronic Non-Communicable Diseases,low
ICD-9,6000,Hyperplasia of prostate — Hyperplasia of prostate,L1_01,Infectious and Communicable Diseases,low
ICD-9,6010,Inflammatory diseases of prostate — Acute prostatitis,L1_05,Chronic Non-Communicable Diseases,medium
ICD-9,6011,Inflammatory diseases of prostate — Chronic prostatitis,L1_05,Chronic Non-Communicable Diseases,high
ICD-9,6012,Inflammatory diseases of prostate — Abscess of prostate,L1_05,Chronic Non-Communicable Diseases,high
ICD-9,6013,Inflammatory diseases of prostate — Prostatocystitis,L1_05,Chronic Non-Communicable Diseases,medium
ICD-9,6014,Inflammatory diseases of prostate — Prostatitis in diseases classified elsewhere,L1_05,Chronic Non-Communicable Diseases,medium
ICD-9,6018,Inflammatory diseases of prostate — Other,L1_05,Chronic Non-Communicable Diseases,medium
ICD-9,6019,Inflammatory diseases of prostate — Unspecified,L1_05,Chronic Non-Communicable Diseases,medium
ICD-9,6020,Other disorders of prostate — Calculus of prostate,L1_05,Chronic Non-Communicable Diseases,medium
ICD-9,6021,Other disorders of prostate — Congestion or haemorrhage of prostate,L1_05,Chronic Non-Communicable Diseases,medium
ICD-9,6022,Other disorders of prostate — Atrophy of prostate,L1_05,Chronic Non-Communicable Diseases,medium
ICD-9,6028,Other disorders of prostate — Other,L1_05,Chronic Non-Communicable Diseases,low
ICD-9,6029,Other disorders of prostate — Unspecified,L1_05,Chronic Non-Communicable Diseases,low
ICD-9,6030,Hydrocele — Encysted hydrocele,L1_01,Infectious and Communicable Diseases,low
ICD-9,6031,Hydrocele — Infected hydrocele,L1_01,Infectious and Communicable Diseases,low
ICD-9,6038,Hydrocele — Other,L1_01,Infectious and Communicable Diseases,low
ICD-9,6039,Hydrocele — Unspecified,L1_01,Infectious and Communicable Diseases,low
ICD-9,6040,"Orchitis and epididymitis — Orchitis, epididymitis and epididymo-orchitis, with abscess",L1_05,Chronic Non-Communicable Diseases,low
ICD-9,6049,"Orchitis and epididymitis — Orchitis, epididymitis and epididymo-orchitis, without mention of abscess",L1_05,Chronic Non-Communicable Diseases,low
ICD-9,6050,Redundant prepuce and phimosis — Redundant prepuce and phimosis,L1_05,Chronic Non-Communicable Diseases,low
ICD-9,6060,"Infertility, male — Infertility, male",L1_01,Infectious and Communicable Diseases,low
ICD-9,6070,Disorders of penis — Leukoplakia of penis,L1_05,Chronic Non-Communicable Diseases,low
ICD-9,6071,Disorders of penis — Balanoposthitis,L1_05,Chronic Non-Communicable Diseases,low
ICD-9,6072,Disorders of penis — Other inflammatory disorders of penis,L1_05,Chronic Non-Communicable Diseases,low
ICD-9,6073,Disorders of penis — Priapism,L1_05,Chronic Non-Communicable Diseases,low
ICD-9,6078,Disorders of penis — Other,L1_05,Chronic Non-Communicable Diseases,low
ICD-9,6079,Disorders of penis — Unspecified,L1_05,Chronic Non-Communicable Diseases,low
ICD-9,6080,Other disorders of male genital organs — Seminal vesiculitis,L1_05,Chronic Non-Communicable Diseases,low
ICD-9,6081,Other disorders of male genital organs — Spermatocele,L1_05,Chronic Non-Communicable Diseases,low
ICD-9,6082,Other disorders of male genital organs — Torsion of testis,L1_05,Chronic Non-Communicable Diseases,low
ICD-9,6083,Other disorders of male genital organs — Atrophy of testis,L1_05,Chronic Non-Communicable Diseases,medium
ICD-9,6084,Other disorders of male genital organs — Other inflammatory disorders of male genital organs,L1_05,Chronic Non-Communicable Diseases,low
ICD-9,6088,Other disorders of male genital organs — Other,L1_05,Chronic Non-Communicable Diseases,low
ICD-9,6089,Other disorders of male genital organs — Unspecified,L1_05,Chronic Non-Communicable Diseases,low
ICD-9,6100,Benign mammary displasias — Solitary cyst of breast,L1_01,Infectious and Communicable Diseases,low
ICD-9,6101,Benign mammary displasias — Diffuse cystic mastopathy,L1_01,Infectious and Communicable Diseases,low
ICD-9,6102,Benign mammary displasias — Fibroadenosis of breast,L1_01,Infectious and Communicable Diseases,low
ICD-9,6103,Benign mammary displasias — Fibrosclerosis of breast,L1_01,Infectious and Communicable Diseases,low
ICD-9,6104,Benign mammary displasias — Mammary duct ectasia,L1_01,Infectious and Communicable Diseases,low
ICD-9,6108,Benign mammary dysplasias — Other,L1_01,Infectious and Communicable Diseases,low
ICD-9,6109,"Benign mammary dysplasias — Mammary dysplasia, unspecified",L1_01,Infectious and Communicable Diseases,low
ICD-9,6110,Other disorders of breast — Inflammatory disease of breast,L1_05,Chronic Non-Communicable Diseases,low
ICD-9,6111,Other disorders of breast — Hypertrophy of breast,L1_05,Chronic Non-Communicable Diseases,low
ICD-9,6112,Other disorders of breast — Fissure of nipple,L1_05,Chronic Non-Communicable Diseases,low
ICD-9,6113,Other disorders of breast — Fat necrosis of breast,L1_05,Chronic Non-Communicable Diseases,low
ICD-9,6114,Other disorders of breast — Atrophy of breast,L1_05,Chronic Non-Communicable Diseases,medium
ICD-9,6115,Other disorders of breast — Galactocele,L1_05,Chronic Non-Communicable Diseases,low
ICD-9,6116,Other disorders of breast — Galactorrhoea not associated with childbirth,L1_02,Maternal and Early-Life Mortality,low
ICD-9,6117,Other disorders of breast — Signs and symptoms in breast,L1_05,Chronic Non-Communicable Diseases,low
ICD-9,6118,Other disorders of breast — Other,L1_05,Chronic Non-Communicable Diseases,low
ICD-9,6119,Other disorders of breast — Unspecified,L1_05,Chronic Non-Communicable Diseases,low
ICD-9,6140,"Inflammatory disease of ovary, fallopian tube, pelvic cellular tissue and peritoneum — Acute salpingitis and oophoritis",L1_01,Infectious and Communicable Diseases,low
ICD-9,6141,"Inflammatory disease of ovary, fallopian tube, pelvic cellular tissue and peritoneum — Chronic salpingitis and oophoritis",L1_05,Chronic Non-Communicable Diseases,low
ICD-9,6142,"Inflammatory disease of ovary, fallopian tube, pelvic cellular tissue and peritoneum — Salpingitis and oophoritis, not specified as acute, subacute or chronic",L1_05,Chronic Non-Communicable Diseases,low
ICD-9,6143,"Inflammatory disease of ovary, fallopian tube, pelvic cellular tissue and peritoneum — Acute parametritis and pelvic cellulitis",L1_01,Infectious and Communicable Diseases,low
ICD-9,6144,"Inflammatory disease of ovary, fallopian tube, pelvic cellular tissue and peritoneum — Chronic or unspecified parametritis and pelvic cellulitis",L1_05,Chronic Non-Communicable Diseases,low
ICD-9,6145,"Inflammatory disease of ovary, fallopian tube, pelvic cellular tissue and peritoneum — Acute or unspecified pelvic peritonitis, female",L1_01,Infectious and Communicable Diseases,low
ICD-9,6146,"Inflammatory disease of ovary, fallopian tube, pelvic cellular tissue and peritoneum — Pelvic peritoneal adhesions, female",L1_01,Infectious and Communicable Diseases,low
ICD-9,6147,"Inflammatory disease of ovary, fallopian tube, pelvic cellular tissue and peritoneum — Other chronic pelvic peritonitis, female",L1_05,Chronic Non-Communicable Diseases,low
ICD-9,6148,"Inflammatory disease of ovary, fallopian tube, pelvic cellular tissue and peritoneum — Other specified inflammatory disease of female pelvic organs and tissues",L1_01,Infectious and Communicable Diseases,low
ICD-9,6149,"Inflammatory disease of ovary, fallopian tube, pelvic cellular tissue and peritoneum — Unspecified inflammatory disease of female pelvic organs and tissues",L1_01,Infectious and Communicable Diseases,low
ICD-9,6150,"Inflammatory diseases of uterus, except cervix — Acute",L1_05,Chronic Non-Communicable Diseases,low
ICD-9,6151,"Inflammatory diseases of uterus, except cervix — Chronic",L1_05,Chronic Non-Communicable Diseases,medium
ICD-9,6159,"Inflammatory diseases of uterus, except cervix — Unspecified",L1_05,Chronic Non-Communicable Diseases,low
ICD-9,6160,"Inflammatory disease of cervix, vagina and vulva — Cervicitis and endocervicitis",L1_01,Infectious and Communicable Diseases,low
ICD-9,6161,"Inflammatory disease of cervix, vagina and vulva — Vaginitis and vulvovaginitis",L1_01,Infectious and Communicable Diseases,low
ICD-9,6162,"Inflammatory disease of cervix, vagina and vulva — Cyst of Bartholin's gland",L1_01,Infectious and Communicable Diseases,low
ICD-9,6163,"Inflammatory disease of cervix, vagina and vulva — Abscess of Bartholin's gland",L1_05,Chronic Non-Communicable Diseases,low
ICD-9,6164,"Inflammatory disease of cervix, vagina and vulva — Other abscess of vulva",L1_05,Chronic Non-Communicable Diseases,low
ICD-9,6165,"Inflammatory disease of cervix, vagina and vulva — Ulceration of vulva",L1_05,Chronic Non-Communicable Diseases,low
ICD-9,6168,"Inflammatory disease of cervix, vagina and vulva — Other",L1_01,Infectious and Communicable Diseases,low
ICD-9,6169,"Inflammatory disease of cervix, vagina and vulva — Unspecified",L1_01,Infectious and Communicable Diseases,low
ICD-9,6170,Endometriosis — Uterus,L1_01,Infectious and Communicable Diseases,low
ICD-9,6171,Endometriosis — Ovary,L1_01,Infectious and Communicable Diseases,low
ICD-9,6172,Endometriosis — Fallopian tube,L1_01,Infectious and Communicable Diseases,low
ICD-9,6173,Endometriosis — Pelvic peritoneum,L1_01,Infectious and Communicable Diseases,low
ICD-9,6174,Endometriosis — Rectovaginal septum and vagina,L1_01,Infectious and Communicable Diseases,low
ICD-9,6175,Endometriosis — Intestine,L1_01,Infectious and Communicable Diseases,low
ICD-9,6176,Endometriosis — Endometriosis in scar or skin,L1_01,Infectious and Communicable Diseases,low
ICD-9,6178,Endometriosis — Other specified sites,L1_01,Infectious and Communicable Diseases,low
ICD-9,6179,Endometriosis — Site unspecified,L1_01,Infectious and Communicable Diseases,low
ICD-9,6180,"Genital prolapse — Prolapse of vaginal walls, without mention of uterine prolapse",L1_01,Infectious and Communicable Diseases,low
ICD-9,6181,Genital prolapse — Uterine prolapse without mention of vaginal wall prolapse,L1_01,Infectious and Communicable Diseases,low
ICD-9,6182,"Genital prolapse — Uterovaginal prolapse, incomplete",L1_01,Infectious and Communicable Diseases,low
ICD-9,6183,"Genital prolapse — Uterovaginal prolapse, complete",L1_01,Infectious and Communicable Diseases,low
ICD-9,6184,"Genital prolapse — Uterovaginal prolapse, unspecified",L1_01,Infectious and Communicable Diseases,low
ICD-9,6185,Genital prolapse — Prolapse of vaginal vault after hysterectomy,L1_01,Infectious and Communicable Diseases,low
ICD-9,6186,"Genital prolapse — Vaginal enterocele, congenital or acquired",L1_03,Congenital and Developmental Conditions,low
ICD-9,6187,Genital prolapse — Old laceration of muscles of pelvic floor,L1_01,Infectious and Communicable Diseases,low
ICD-9,6188,Genital prolapse — Other,L1_01,Infectious and Communicable Diseases,low
ICD-9,6189,Genital prolapse — Unspecified,L1_01,Infectious and Communicable Diseases,low
ICD-9,6190,"Fistulae involving female genital tract — Urinary-genital tract fistulae, female",L1_01,Infectious and Communicable Diseases,low
ICD-9,6191,"Fistulae involving female genital tract — Digestive-genital tract fistulae, female",L1_01,Infectious and Communicable Diseases,low
ICD-9,6192,"Fistulae involving female genital tract — Genital tract-skin fistulae, female",L1_01,Infectious and Communicable Diseases,low
ICD-9,6198,Fistulae involving female genital tract — Other,L1_01,Infectious and Communicable Diseases,low
ICD-9,6199,Fistulae involving female genital tract — Unspecified fistula involving female genital tract,L1_01,Infectious and Communicable Diseases,low
ICD-9,6200,"Noninflammatory disorders of ovary, fallopian tube and broad ligament — Follicular cyst of ovary",L1_05,Chronic Non-Communicable Diseases,low
ICD-9,6201,"Noninflammatory disorders of ovary, fallopian tube and broad ligament — Corpus luteum cyst or haematoma",L1_05,Chronic Non-Communicable Diseases,low
ICD-9,6202,"Noninflammatory disorders of ovary, fallopian tube and broad ligament — Other and unspecified ovarian cyst",L1_05,Chronic Non-Communicable Diseases,low
ICD-9,6203,"Noninflammatory disorders of ovary, fallopian tube and broad ligament — Acquired atrophy of ovary and fallopian tube",L1_05,Chronic Non-Communicable Diseases,medium
ICD-9,6204,"Noninflammatory disorders of ovary, fallopian tube and broad ligament — Prolapse or hernia of ovary and fallopian tube",L1_05,Chronic Non-Communicable Diseases,medium
ICD-9,6205,"Noninflammatory disorders of ovary, fallopian tube and broad ligament — Torsion of ovary, ovarian pedicle or fallopian tube",L1_05,Chronic Non-Communicable Diseases,low
ICD-9,6206,"Noninflammatory disorders of ovary, fallopian tube and broad ligament — Broad ligament laceration syndrome",L1_05,Chronic Non-Communicable Diseases,low
ICD-9,6207,"Noninflammatory disorders of ovary, fallopian tube and broad ligament — Haematoma of broad ligament",L1_05,Chronic Non-Communicable Diseases,low
ICD-9,6208,"Noninflammatory disorders of ovary, fallopian tube and broad ligament — Other",L1_05,Chronic Non-Communicable Diseases,low
ICD-9,6209,"Noninflammatory disorders of ovary, fallopian tube and broad ligament — Unspecified",L1_05,Chronic Non-Communicable Diseases,low
ICD-9,6210,"Disorders of uterus, not elsewhere classified — Polyp of corpus uteri",L1_05,Chronic Non-Communicable Diseases,low
ICD-9,6211,"Disorders of uterus, not elsewhere classified — Chronic subinvolution of uterus",L1_05,Chronic Non-Communicable Diseases,medium
ICD-9,6212,"Disorders of uterus, not elsewhere classified — Hypertrophy of uterus",L1_05,Chronic Non-Communicable Diseases,low
ICD-9,6213,"Disorders of uterus, not elsewhere classified — Endometrial cystic hyperplasia",L1_05,Chronic Non-Communicable Diseases,low
ICD-9,6214,"Disorders of uterus, not elsewhere classified — Haematometra",L1_05,Chronic Non-Communicable Diseases,low
ICD-9,6215,"Disorders of uterus, not elsewhere classified — Intrauterine synechiae",L1_05,Chronic Non-Communicable Diseases,low
ICD-9,6216,"Disorders of uterus, not elsewhere classified — Malposition of uterus",L1_05,Chronic Non-Communicable Diseases,low
ICD-9,6217,"Disorders of uterus, not elsewhere classified — Chronic inversion of uterus",L1_05,Chronic Non-Communicable Diseases,medium
ICD-9,6218,"Disorders of uterus, not elsewhere classified — Other",L1_05,Chronic Non-Communicable Diseases,low
ICD-9,6219,"Disorders of uterus, not elsewhere classified — Unspecified disorders of uterus",L1_05,Chronic Non-Communicable Diseases,low
ICD-9,6220,Noninflammatory disorders of cervix — Erosion and ectropion of cervix,L1_05,Chronic Non-Communicable Diseases,low
ICD-9,6221,Noninflammatory disorders of cervix — Dysplasia of cervix (uteri),L1_05,Chronic Non-Communicable Diseases,low
ICD-9,6222,Noninflammatory disorders of cervix — Leukoplakia of cervix (uteri),L1_05,Chronic Non-Communicable Diseases,low
ICD-9,6223,Noninflammatory disorders of cervix — Old laceration of cervix,L1_05,Chronic Non-Communicable Diseases,low
ICD-9,6224,Noninflammatory disorders of cervix — Stricture and stenosis of cervix,L1_05,Chronic Non-Communicable Diseases,low
ICD-9,6225,Noninflammatory disorders of cervix — Incompetence of cervix,L1_05,Chronic Non-Communicable Diseases,low
ICD-9,6226,Noninflammatory disorders of cervix — Hypertrophic elongation of cervix,L1_05,Chronic Non-Communicable Diseases,low
ICD-9,6227,Noninflammatory disorders of cervix — Mucous polyp of cervix,L1_05,Chronic Non-Communicable Diseases,low
ICD-9,6228,Noninflammatory disorders of cervix — Other,L1_05,Chronic Non-Communicable Diseases,low
ICD-9,6229,Noninflammatory disorders of cervix — Unspecified,L1_05,Chronic Non-Communicable Diseases,low
ICD-9,6230,Noninflammatory disorders of vagina — Dysplasia of vagina,L1_05,Chronic Non-Communicable Diseases,low
ICD-9,6231,Noninflammatory disorders of vagina — Leukoplakia of vagina,L1_05,Chronic Non-Communicable Diseases,low
ICD-9,6232,Noninflammatory disorders of vagina — Stricture or atresia of vagina,L1_05,Chronic Non-Communicable Diseases,low
ICD-9,6233,Noninflammatory disorders of vagina — Tight hymenal ring,L1_05,Chronic Non-Communicable Diseases,low
ICD-9,6234,Noninflammatory disorders of vagina — Old vaginal laceration,L1_05,Chronic Non-Communicable Diseases,low
ICD-9,6235,"Noninflammatory disorders of vagina — Leukorrhoea, not specified as infective",L1_05,Chronic Non-Communicable Diseases,low
ICD-9,6236,Noninflammatory disorders of vagina — Vaginal haematoma,L1_05,Chronic Non-Communicable Diseases,low
ICD-9,6237,Noninflammatory disorders of vagina — Polyp of vagina,L1_05,Chronic Non-Communicable Diseases,low
ICD-9,6238,Noninflammatory disorders of vagina — Other,L1_05,Chronic Non-Communicable Diseases,low
ICD-9,6239,Noninflammatory disorders of vagina — Unspecified,L1_05,Chronic Non-Communicable Diseases,low
ICD-9,6240,Noninflammatory disorders of vulva and perineum — Dystrophy of vulva,L1_05,Chronic Non-Communicable Diseases,low
ICD-9,6241,Noninflammatory disorders of vulva and perineum — Atrophy of vulva,L1_05,Chronic Non-Communicable Diseases,medium
ICD-9,6242,Noninflammatory disorders of vulva and perineum — Hypertrophy of clitoris,L1_05,Chronic Non-Communicable Diseases,low
ICD-9,6243,Noninflammatory disorders of vulva and perineum — Hypertrophy of labia,L1_05,Chronic Non-Communicable Diseases,low
ICD-9,6244,Noninflammatory disorders of vulva and perineum — Old laceration or scarring of vulva,L1_05,Chronic Non-Communicable Diseases,low
ICD-9,6245,Noninflammatory disorders of vulva and perineum — Haematoma of vulva,L1_05,Chronic Non-Communicable Diseases,low
ICD-9,6246,Noninflammatory disorders of vulva and perineum — Polyp of labia and vulva,L1_05,Chronic Non-Communicable Diseases,low
ICD-9,6248,Noninflammatory disorders of vulva and perineum — Other,L1_05,Chronic Non-Communicable Diseases,low
ICD-9,6249,Noninflammatory disorders of vulva and perineum — Unspecified,L1_05,Chronic Non-Communicable Diseases,low
ICD-9,6250,Pain and other symptoms associated with female genital organs — Dyspareunia,L1_10,"Ill-Defined, Administrative, and Other Causes",low
ICD-9,6251,Pain and other symptoms associated with female genital organs — Vaginismus,L1_10,"Ill-Defined, Administrative, and Other Causes",low
ICD-9,6252,Pain and other symptoms associated with female genital organs — Mittelschmerz,L1_10,"Ill-Defined, Administrative, and Other Causes",low
ICD-9,6253,Pain and other symptoms associated with female genital organs — Dysmenorrhoea,L1_10,"Ill-Defined, Administrative, and Other Causes",low
ICD-9,6254,Pain and other symptoms associated with female genital organs — Premenstrual tension syndromes,L1_10,"Ill-Defined, Administrative, and Other Causes",low
ICD-9,6255,Pain and other symptoms associated with female genital organs — Pelvic congestion syndrome,L1_10,"Ill-Defined, Administrative, and Other Causes",low
ICD-9,6256,"Pain and other symptoms associated with female genital organs — Stress incontinence, female",L1_10,"Ill-Defined, Administrative, and Other Causes",low
ICD-9,6258,Pain and other symptoms associated with female genital organs — Other,L1_10,"Ill-Defined, Administrative, and Other Causes",low
ICD-9,6259,Pain and other symptoms associated with female genital organs — Unspecified,L1_10,"Ill-Defined, Administrative, and Other Causes",low
ICD-9,6260,Disorders of menstruation and other abnormal bleeding from female genital tract — Absence of menstruation,L1_05,Chronic Non-Communicable Diseases,low
ICD-9,6261,Disorders of menstruation and other abnormal bleeding from female genital tract — Scanty or infrequent menstruation,L1_05,Chronic Non-Communicable Diseases,low
ICD-9,6262,Disorders of menstruation and other abnormal bleeding from female genital tract — Excessive or frequent menstruation,L1_05,Chronic Non-Communicable Diseases,low
ICD-9,6263,Disorders of menstruation and other abnormal bleeding from female genital tract — Puberty bleeding,L1_05,Chronic Non-Communicable Diseases,low
ICD-9,6264,Disorders of menstruation and other abnormal bleeding from female genital tract — Irregular menstrual cycle,L1_05,Chronic Non-Communicable Diseases,low
ICD-9,6265,Disorders of menstruation and other abnormal bleeding from female genital tract — Ovulation bleeding,L1_05,Chronic Non-Communicable Diseases,low
ICD-9,6266,Disorders of menstruation and other abnormal bleeding from female genital tract — Metrorrhagia,L1_05,Chronic Non-Communicable Diseases,low
ICD-9,6267,Disorders of menstruation and other abnormal bleeding from female genital tract — Postcoital bleeding,L1_05,Chronic Non-Communicable Diseases,low
ICD-9,6268,Disorders of menstruation and other abnormal bleeding from female genital tract — Other,L1_05,Chronic Non-Communicable Diseases,low
ICD-9,6269,Disorders of menstruation and other abnormal bleeding from female genital tract — Unspecified,L1_05,Chronic Non-Communicable Diseases,low
ICD-9,6270,Menopausal and postmenopausal disorders — Premenopausal menorrhagia,L1_02,Maternal and Early-Life Mortality,low
ICD-9,6271,Menopausal and postmenopausal disorders — Postmenopausal bleeding,L1_01,Infectious and Communicable Diseases,low
ICD-9,6272,Menopausal and postmenopausal disorders — Menopausal or female climacteric states,L1_01,Infectious and Communicable Diseases,low
ICD-9,6273,Menopausal and postmenopausal disorders — Postmenopausal atrophic vaginitis,L1_01,Infectious and Communicable Diseases,low
ICD-9,6274,Menopausal and postmenopausal disorders — States associated with artificial menopause,L1_01,Infectious and Communicable Diseases,low
ICD-9,6278,Menopausal and postmenopausal disorders — Other,L1_01,Infectious and Communicable Diseases,low
ICD-9,6279,Menopausal and postmenopausal disorders — Unspecified,L1_01,Infectious and Communicable Diseases,low
ICD-9,6280,"Infertility, female — Associated with anovulation",L1_01,Infectious and Communicable Diseases,low
ICD-9,6281,"Infertility, female — Of pituitary-hypothalamic origin",L1_01,Infectious and Communicable Diseases,low
ICD-9,6282,"Infertility, female — Of tubal origin",L1_01,Infectious and Communicable Diseases,low
ICD-9,6283,"Infertility, female — Of uterine origin",L1_01,Infectious and Communicable Diseases,low
ICD-9,6284,"Infertility, female — Of cervical or vaginal origin",L1_01,Infectious and Communicable Diseases,low
ICD-9,6288,"Infertility, female — Of other specified origin",L1_01,Infectious and Communicable Diseases,low
ICD-9,6289,"Infertility, female — Of unspecified origin",L1_01,Infectious and Communicable Diseases,low
ICD-9,6290,"Other disorders of female genital organs — Haematocele, female",L1_05,Chronic Non-Communicable Diseases,low
ICD-9,6291,"Other disorders of female genital organs — Hydrocele, canal of Nuck",L1_05,Chronic Non-Communicable Diseases,low
ICD-9,6298,Other disorders of female genital organs — Other,L1_05,Chronic Non-Communicable Diseases,low
ICD-9,6299,Other disorders of female genital organs — Unspecified,L1_05,Chronic Non-Communicable Diseases,low
ICD-9,6300,Hydatidiform mole — Hydatidiform mole,L1_01,Infectious and Communicable Diseases,low
ICD-9,6310,Other abnormal product of conception — Other abnormal product of conception,L1_01,Infectious and Communicable Diseases,low
ICD-9,6320,Missed abortion — Missed abortion,L1_02,Maternal and Early-Life Mortality,low
ICD-9,6330,Ectopic pregnancy — Abdominal pregnancy,L1_02,Maternal and Early-Life Mortality,medium
ICD-9,6331,Ectopic pregnancy — Tubal pregnancy,L1_02,Maternal and Early-Life Mortality,medium
ICD-9,6332,Ectopic pregnancy — Ovarian pregnancy,L1_02,Maternal and Early-Life Mortality,medium
ICD-9,6338,Ectopic pregnancy — Other ectopic pregnancy,L1_02,Maternal and Early-Life Mortality,medium
ICD-9,6339,Ectopic pregnancy — Unspecified,L1_02,Maternal and Early-Life Mortality,medium
ICD-9,6340,Spontaneous abortion — Complicated by genital tract and pelvic infection,L1_02,Maternal and Early-Life Mortality,low
ICD-9,6341,Spontaneous abortion — Complicated by delayed or excessive haemorrhage,L1_02,Maternal and Early-Life Mortality,low
ICD-9,6342,Spontaneous abortion — Complicated by damage to pelvic organs and tissues,L1_02,Maternal and Early-Life Mortality,low
ICD-9,6343,Spontaneous abortion — Complicated by renal failure,L1_02,Maternal and Early-Life Mortality,low
ICD-9,6344,Spontaneous abortion — Complicated by metabolic disorder,L1_02,Maternal and Early-Life Mortality,low
ICD-9,6345,Spontaneous abortion — Complicated by shock,L1_02,Maternal and Early-Life Mortality,low
ICD-9,6346,Spontaneous abortion — Complicated by embolism,L1_02,Maternal and Early-Life Mortality,low
ICD-9,6347,Spontaneous abortion — With other specified complications,L1_02,Maternal and Early-Life Mortality,low
ICD-9,6348,Spontaneous abortion — With unspecified complications,L1_02,Maternal and Early-Life Mortality,low
ICD-9,6349,Spontaneous abortion — Without mention of complication,L1_02,Maternal and Early-Life Mortality,low
ICD-9,6350,Legally induced abortion — Complicated by genital tract and pelvic infection,L1_02,Maternal and Early-Life Mortality,low
ICD-9,6351,Legally induced abortion — Complicated by delayed or excessive haemorrhage,L1_02,Maternal and Early-Life Mortality,low
ICD-9,6352,Legally induced abortion — Complicated by damage to pelvic organs and tissues,L1_02,Maternal and Early-Life Mortality,low
ICD-9,6353,Legally induced abortion — Complicated by renal failure,L1_02,Maternal and Early-Life Mortality,low
ICD-9,6354,Legally induced abortion — Complicated by metabolic disorder,L1_02,Maternal and Early-Life Mortality,low
ICD-9,6355,Legally induced abortion — Complicated by shock,L1_02,Maternal and Early-Life Mortality,low
ICD-9,6356,Legally induced abortion — Complicated by embolism,L1_02,Maternal and Early-Life Mortality,low
ICD-9,6357,Legally induced abortion — With other specified complications,L1_02,Maternal and Early-Life Mortality,low
ICD-9,6358,Legally induced abortion — With unspecified complications,L1_02,Maternal and Early-Life Mortality,low
ICD-9,6359,Legally induced abortion — Without mention of complication,L1_02,Maternal and Early-Life Mortality,low
ICD-9,6360,Illegally induced abortion — Complicated by genital tract and pelvic infection,L1_02,Maternal and Early-Life Mortality,low
ICD-9,6361,Illegally induced abortion — Complicated by delayed or excessive haemorrhage,L1_02,Maternal and Early-Life Mortality,low
ICD-9,6362,Illegally induced abortion — Complicated by damage to pelvic organs and tissues,L1_02,Maternal and Early-Life Mortality,low
ICD-9,6363,Illegally induced abortion — Complicated by renal failure,L1_02,Maternal and Early-Life Mortality,low
ICD-9,6364,Illegally induced abortion — Complicated by metabolic disorder,L1_02,Maternal and Early-Life Mortality,low
ICD-9,6365,Illegally induced abortion — Complicated by shock,L1_02,Maternal and Early-Life Mortality,low
ICD-9,6366,Illegally induced abortion — Complicated by embolism,L1_02,Maternal and Early-Life Mortality,low
ICD-9,6367,Illegally induced abortion — With other specified complications,L1_02,Maternal and Early-Life Mortality,low
ICD-9,6368,Illegally induced abortion — With unspecified complications,L1_02,Maternal and Early-Life Mortality,low
ICD-9,6369,Illegally induced abortion — Without mention of complication,L1_02,Maternal and Early-Life Mortality,low
ICD-9,6370,Unspecified abortion — Complicated by genital tract and pelvic infection,L1_02,Maternal and Early-Life Mortality,low
ICD-9,6371,Unspecified abortion — Complicated by delayed or excessive haemorrhage,L1_02,Maternal and Early-Life Mortality,low
ICD-9,6372,Unspecified abortion — Complicated by damage to pelvic organs and tissues,L1_02,Maternal and Early-Life Mortality,low
ICD-9,6373,Unspecified abortion — Complicated by renal failure,L1_02,Maternal and Early-Life Mortality,low
ICD-9,6374,Unspecified abortion — Complicated by metabolic  disorder,L1_02,Maternal and Early-Life Mortality,low
ICD-9,6375,Unspecified abortion — Complicated by shock,L1_02,Maternal and Early-Life Mortality,low
ICD-9,6376,Unspecified abortion — Complicated by embolism,L1_02,Maternal and Early-Life Mortality,low
ICD-9,6377,Unspecified abortion — With other specified complications,L1_02,Maternal and Early-Life Mortality,low
ICD-9,6378,Unspecified abortion — With unspecified complications,L1_02,Maternal and Early-Life Mortality,low
ICD-9,6379,Unspecified abortion — Without mention of complication,L1_02,Maternal and Early-Life Mortality,low
ICD-9,6380,Failed attempted abortion — Complicated by genital tract and pelvic infection,L1_02,Maternal and Early-Life Mortality,low
ICD-9,6381,Failed attempted abortion — Complicated by delayed or excessive haemorrhage,L1_02,Maternal and Early-Life Mortality,low
ICD-9,6382,Failed attempted abortion — Complicated by damage to pelvic organs and tissues,L1_02,Maternal and Early-Life Mortality,low
ICD-9,6383,Failed attempted abortion — Complicated by renal failure,L1_02,Maternal and Early-Life Mortality,low
ICD-9,6384,Failed attempted abortion — Complicated by metabolic disorder,L1_02,Maternal and Early-Life Mortality,low
ICD-9,6385,Failed attempted abortion — Complicated by shock,L1_02,Maternal and Early-Life Mortality,low
ICD-9,6386,Failed attempted abortion — Complicated by embolism,L1_02,Maternal and Early-Life Mortality,low
ICD-9,6387,Failed attempted abortion — With other specified complications,L1_02,Maternal and Early-Life Mortality,low
ICD-9,6388,Failed attempted abortion — With unspecified complications,L1_02,Maternal and Early-Life Mortality,low
ICD-9,6389,Failed attempted abortion — Without mention of complication,L1_02,Maternal and Early-Life Mortality,low
ICD-9,6390,Complications following abortion and ectopic and molar pregnancies — Genital tract and pelvic infection,L1_02,Maternal and Early-Life Mortality,high
ICD-9,6391,Complications following abortion and ectopic and molar pregnancies — Delayed or excessive haemorrhage,L1_02,Maternal and Early-Life Mortality,high
ICD-9,6392,Complications following abortion and ectopic and molar pregnancies — Damage to pelvic organs and tissues,L1_02,Maternal and Early-Life Mortality,high
ICD-9,6393,Complications following abortion and ectopic and molar pregnancies — Renal failure,L1_02,Maternal and Early-Life Mortality,high
ICD-9,6394,Complications following abortion and ectopic and molar pregnancies — Metabolic disorders,L1_02,Maternal and Early-Life Mortality,high
ICD-9,6395,Complications following abortion and ectopic and molar pregnancies — Shock,L1_02,Maternal and Early-Life Mortality,high
ICD-9,6396,Complications following abortion and ectopic and molar pregnancies — Embolism,L1_02,Maternal and Early-Life Mortality,high
ICD-9,6398,Complications following abortion and ectopic and molar pregnancies — Other specified complications,L1_02,Maternal and Early-Life Mortality,high
ICD-9,6399,Complications following abortion and ectopic and molar pregnancies — Unspecified complications following conditions classifiable to 630-638,L1_02,Maternal and Early-Life Mortality,high
ICD-9,6400,Haemorrhage in early pregnancy — Threatened abortion,L1_02,Maternal and Early-Life Mortality,medium
ICD-9,6408,Haemorrhage in early pregnancy — Other,L1_02,Maternal and Early-Life Mortality,low
ICD-9,6409,Haemorrhage in early pregnancy — Unspecified,L1_02,Maternal and Early-Life Mortality,low
ICD-9,6410,"Antepartum haemorrhage, abruptio placentae, and placenta praevia — Placenta praevia without haemorrhage",L1_02,Maternal and Early-Life Mortality,low
ICD-9,6411,"Antepartum haemorrhage, abruptio placentae, and placenta praevia — Haemorrhage from placenta praevia",L1_02,Maternal and Early-Life Mortality,low
ICD-9,6412,"Antepartum haemorrhage, abruptio placentae, and placenta praevia — Premature separation of placenta",L1_02,Maternal and Early-Life Mortality,low
ICD-9,6413,"Antepartum haemorrhage, abruptio placentae, and placenta praevia — Antepartum haemorrhage associated with coagulation defects",L1_05,Chronic Non-Communicable Diseases,medium
ICD-9,6418,"Antepartum haemorrhage, abruptio placentae, and placenta praevia — Other antepartum haemorrhage",L1_02,Maternal and Early-Life Mortality,low
ICD-9,6419,"Antepartum haemorrhage, abruptio placentae, and placenta praevia — Unspecified antepartum haemorrhage",L1_02,Maternal and Early-Life Mortality,low
ICD-9,6420,"Hypertension complicating pregnancy, childbirth and the puerperium — Benign essential hypertension complicating pregnancy, childbirth and the puerperium",L1_02,Maternal and Early-Life Mortality,medium
ICD-9,6421,"Hypertension complicating pregnancy, childbirth and the puerperium — Hypertension secondary to renal disease, complicating pregnancy, childbirth and the puerperium",L1_02,Maternal and Early-Life Mortality,medium
ICD-9,6422,"Hypertension complicating pregnancy, childbirth and the puerperium — Other pre-existing hypertension complicating pregnancy, childbirth and the puerperium",L1_02,Maternal and Early-Life Mortality,medium
ICD-9,6423,"Hypertension complicating pregnancy, childbirth and the puerperium — Transient hypertension of pregnancy",L1_02,Maternal and Early-Life Mortality,medium
ICD-9,6424,"Hypertension complicating pregnancy, childbirth and the puerperium — Mild or unspecified pre-eclampsia",L1_02,Maternal and Early-Life Mortality,medium
ICD-9,6425,"Hypertension complicating pregnancy, childbirth and the puerperium — Severe pre-eclampsia",L1_02,Maternal and Early-Life Mortality,medium
ICD-9,6426,"Hypertension complicating pregnancy, childbirth and the puerperium — Eclampsia",L1_02,Maternal and Early-Life Mortality,medium
ICD-9,6427,"Hypertension complicating pregnancy, childbirth and the puerperium — Pre-eclampsia or eclampsia superimposed on pre-existing hypertension",L1_02,Maternal and Early-Life Mortality,medium
ICD-9,6429,"Hypertension complicating pregnancy, childbirth and the puerperium — Unspecified hypertension complicating pregnancy, childbirth and the puerperium",L1_02,Maternal and Early-Life Mortality,medium
ICD-9,6430,Excessive vomiting in pregnancy — Mild hyperemesis gravidarum,L1_02,Maternal and Early-Life Mortality,low
ICD-9,6431,Excessive vomiting in pregnancy — Hyperemesis gravidarum with metabolic disturbance,L1_02,Maternal and Early-Life Mortality,low
ICD-9,6432,Excessive vomiting in pregnancy — Late vomiting of pregnancy,L1_02,Maternal and Early-Life Mortality,low
ICD-9,6438,Excessive vomiting in pregnancy — Other vomiting complicating pregnancy,L1_02,Maternal and Early-Life Mortality,low
ICD-9,6439,Excessive vomiting in pregnancy — Unspecified vomiting of pregnancy,L1_02,Maternal and Early-Life Mortality,low
ICD-9,6440,Early or threatened labour — Threatened labour,L1_01,Infectious and Communicable Diseases,low
ICD-9,6441,Early or threatened labour — Early onset of delivery,L1_02,Maternal and Early-Life Mortality,low
ICD-9,6450,Prolonged pregnancy — Prolonged pregnancy,L1_02,Maternal and Early-Life Mortality,low
ICD-9,6460,"Other complications of pregnancy, not elsewhere classified — Papyraceous fetus",L1_02,Maternal and Early-Life Mortality,low
ICD-9,6461,"Other complications of pregnancy, not elsewhere classified — Oedema or excessive weight gain in pregnancy, without mention of hypertension",L1_02,Maternal and Early-Life Mortality,low
ICD-9,6462,"Other complications of pregnancy, not elsewhere classified — Unspecified renal disease in pregnancy, without mention of hypertension",L1_02,Maternal and Early-Life Mortality,low
ICD-9,6463,"Other complications of pregnancy, not elsewhere classified — Habitual aborter",L1_02,Maternal and Early-Life Mortality,low
ICD-9,6464,"Other complications of pregnancy, not elsewhere classified — Peripheral neuritis in pregnancy",L1_02,Maternal and Early-Life Mortality,low
ICD-9,6465,"Other complications of pregnancy, not elsewhere classified — Asymptomatic bacteriuria in pregnancy",L1_02,Maternal and Early-Life Mortality,low
ICD-9,6466,"Other complications of pregnancy, not elsewhere classified — Infections of genitourinary tract in pregnancy",L1_02,Maternal and Early-Life Mortality,low
ICD-9,6467,"Other complications of pregnancy, not elsewhere classified — Liver disorders in pregnancy",L1_02,Maternal and Early-Life Mortality,low
ICD-9,6468,"Other complications of pregnancy, not elsewhere classified — Other specified complications of pregnancy",L1_02,Maternal and Early-Life Mortality,low
ICD-9,6469,"Other complications of pregnancy, not elsewhere classified — Unspecified complication of pregnancy",L1_02,Maternal and Early-Life Mortality,low
ICD-9,6470,"Infective and parasitic conditions in the mother classifiable elsewhere but complicating pregnancy, childbirth and the puerperium — Syphilis",L1_02,Maternal and Early-Life Mortality,medium
ICD-9,6471,"Infective and parasitic conditions in the mother classifiable elsewhere but complicating pregnancy, childbirth and the puerperium — Gonorrhoea",L1_02,Maternal and Early-Life Mortality,medium
ICD-9,6472,"Infective and parasitic conditions in the mother classifiable elsewhere but complicating pregnancy, childbirth and the puerperium — Other venereal diseases",L1_02,Maternal and Early-Life Mortality,medium
ICD-9,6473,"Infective and parasitic conditions in the mother classifiable elsewhere but complicating pregnancy, childbirth and the puerperium — Tuberculosis",L1_02,Maternal and Early-Life Mortality,medium
ICD-9,6474,"Infective and parasitic conditions in the mother classifiable elsewhere but complicating pregnancy, childbirth and the puerperium — Malaria",L1_02,Maternal and Early-Life Mortality,medium
ICD-9,6475,"Infective and parasitic conditions in the mother classifiable elsewhere but complicating pregnancy, childbirth and the puerperium — Rubella",L1_02,Maternal and Early-Life Mortality,medium
ICD-9,6476,"Infective and parasitic conditions in the mother classifiable elsewhere but complicating pregnancy, childbirth and the puerperium — Other viral diseases",L1_02,Maternal and Early-Life Mortality,medium
ICD-9,6478,"Infective and parasitic conditions in the mother classifiable elsewhere but complicating pregnancy, childbirth and the puerperium — Other specified infective and parasitic diseases",L1_02,Maternal and Early-Life Mortality,medium
ICD-9,6479,"Infective and parasitic conditions in the mother classifiable elsewhere but complicating pregnancy, childbirth and the puerperium — Unspecified infection or infestation",L1_02,Maternal and Early-Life Mortality,medium
ICD-9,6480,"Other current conditions in the mother classifiable elsewhere but complicating pregnancy, childbirth and the puerperium — Diabetes mellitus",L1_02,Maternal and Early-Life Mortality,medium
ICD-9,6481,"Other current conditions in the mother classifiable elsewhere but complicating pregnancy, childbirth and the puerperium — Thyroid dysfunction",L1_02,Maternal and Early-Life Mortality,medium
ICD-9,6482,"Other current conditions in the mother classifiable elsewhere but complicating pregnancy, childbirth and the puerperium — Anaemia",L1_02,Maternal and Early-Life Mortality,medium
ICD-9,6483,"Other current conditions in the mother classifiable elsewhere but complicating pregnancy, childbirth and the puerperium — Drug dependence",L1_02,Maternal and Early-Life Mortality,low
ICD-9,6484,"Other current conditions in the mother classifiable elsewhere but complicating pregnancy, childbirth and the puerperium — Mental disorders",L1_02,Maternal and Early-Life Mortality,medium
ICD-9,6485,"Other current conditions in the mother classifiable elsewhere but complicating pregnancy, childbirth and the puerperium — Congenital cardiovascular disorders",L1_02,Maternal and Early-Life Mortality,medium
ICD-9,6486,"Other current conditions in the mother classifiable elsewhere but complicating pregnancy, childbirth and the puerperium — Other cardiovascular diseases",L1_02,Maternal and Early-Life Mortality,medium
ICD-9,6487,"Other current conditions in the mother classifiable elsewhere but complicating pregnancy, childbirth and the puerperium — Bone and joint disorders of back, pelvis and lower limbs",L1_02,Maternal and Early-Life Mortality,medium
ICD-9,6488,"Other current conditions in the mother classifiable elsewhere but complicating pregnancy, childbirth and the puerperium — Abnormal glucose tolerance",L1_02,Maternal and Early-Life Mortality,medium
ICD-9,6489,"Other current conditions in the mother classifiable elsewhere but complicating pregnancy, childbirth and the puerperium — Other",L1_02,Maternal and Early-Life Mortality,medium
ICD-9,6500,Delivery in a completely normal case — Delivery in a completely normal case,L1_02,Maternal and Early-Life Mortality,low
ICD-9,6510,Multiple gestation — Twin pregnancy,L1_02,Maternal and Early-Life Mortality,low
ICD-9,6511,Multiple gestation — Triplet pregnancy,L1_02,Maternal and Early-Life Mortality,low
ICD-9,6512,Multiple gestation — Quadruplet pregnancy,L1_02,Maternal and Early-Life Mortality,low
ICD-9,6518,Multiple gestation — Other,L1_01,Infectious and Communicable Diseases,low
ICD-9,6519,Multiple gestation — Unspecified,L1_01,Infectious and Communicable Diseases,low
ICD-9,6520,Malposition and malpresentation of fetus — Unstable lie,L1_01,Infectious and Communicable Diseases,low
ICD-9,6521,Malposition and malpresentation of fetus — Breech or other malpresentation successfully converted to cephalic presentation,L1_01,Infectious and Communicable Diseases,low
ICD-9,6522,Malposition and malpresentation of fetus — Breech presentation without mention of version,L1_01,Infectious and Communicable Diseases,low
ICD-9,6523,Malposition and malpresentation of fetus — Transverse or oblique presentation,L1_01,Infectious and Communicable Diseases,low
ICD-9,6524,Malposition and malpresentation of fetus — Face or brow presentation,L1_01,Infectious and Communicable Diseases,low
ICD-9,6525,Malposition and malpresentation of fetus — High head at term,L1_01,Infectious and Communicable Diseases,low
ICD-9,6526,Malposition and malpresentation of fetus — Multiple gestation with malpresentation of one fetus or more,L1_01,Infectious and Communicable Diseases,low
ICD-9,6527,Malposition and malpresentation of fetus — Prolapsed arm,L1_01,Infectious and Communicable Diseases,low
ICD-9,6528,Malposition and malpresentation of fetus — Other,L1_01,Infectious and Communicable Diseases,low
ICD-9,6529,Malposition and malpresentation of fetus — Unspecified,L1_01,Infectious and Communicable Diseases,low
ICD-9,6530,"Disproportion — Major abnormality of bony pelvis, not further specified",L1_01,Infectious and Communicable Diseases,low
ICD-9,6531,Disproportion — Generally contracted pelvis,L1_01,Infectious and Communicable Diseases,low
ICD-9,6532,Disproportion — Inlet contraction of pelvis,L1_01,Infectious and Communicable Diseases,low
ICD-9,6533,Disproportion — Outlet contraction of pelvis,L1_01,Infectious and Communicable Diseases,low
ICD-9,6534,Disproportion — Fetopelvic disproportion,L1_01,Infectious and Communicable Diseases,low
ICD-9,6535,Disproportion — Unusually large fetus causing disproportion,L1_01,Infectious and Communicable Diseases,low
ICD-9,6536,Disproportion — Hydrocephalic fetus causing disproportion,L1_01,Infectious and Communicable Diseases,low
ICD-9,6537,Disproportion — Other fetal abnormality causing disproportion,L1_01,Infectious and Communicable Diseases,low
ICD-9,6538,Disproportion — Disproportion of other origin,L1_01,Infectious and Communicable Diseases,low
ICD-9,6539,Disproportion — Unspecified,L1_01,Infectious and Communicable Diseases,low
ICD-9,6540,Abnormality of organs and soft tissues of pelvis — Congenital abnormalities of uterus,L1_03,Congenital and Developmental Conditions,low
ICD-9,6541,Abnormality of organs and soft tissues of pelvis — Tumours of body of uterus,L1_05,Chronic Non-Communicable Diseases,low
ICD-9,6542,Abnormality of organs and soft tissues of pelvis — Uterine scar from previous surgery,L1_01,Infectious and Communicable Diseases,low
ICD-9,6543,Abnormality of organs and soft tissues of pelvis — Retroverted and incarcerated gravid uterus,L1_01,Infectious and Communicable Diseases,low
ICD-9,6544,Abnormality of organs and soft tissues of pelvis — Other abnormalities in shape or position of gravid uterus and of neighbouring structures,L1_01,Infectious and Communicable Diseases,low
ICD-9,6545,Abnormality of organs and soft tissues of pelvis — Cervical incompetence,L1_01,Infectious and Communicable Diseases,low
ICD-9,6546,Abnormality of organs and soft tissues of pelvis — Other congenital or acquired abnormality of cervix,L1_03,Congenital and Developmental Conditions,low
ICD-9,6547,Abnormality of organs and soft tissues of pelvis — Congenital or acquired abnormality of vagina,L1_03,Congenital and Developmental Conditions,low
ICD-9,6548,Abnormality of organs and soft tissues of pelvis — Congenital or acquired abnormality of vulva,L1_03,Congenital and Developmental Conditions,low
ICD-9,6549,Abnormality of organs and soft tissues of pelvis — Unspecified,L1_01,Infectious and Communicable Diseases,low
ICD-9,6550,Known or suspected fetal abnormality affecting management of mother — Central nervous system malformation in fetus,L1_03,Congenital and Developmental Conditions,low
ICD-9,6551,Known or suspected fetal abnormality affecting management of mother — Chromosomal abnormality in fetus,L1_01,Infectious and Communicable Diseases,low
ICD-9,6552,Known or suspected fetal abnormality affecting management of mother — Hereditary disease in family possibly affecting fetus,L1_03,Congenital and Developmental Conditions,low
ICD-9,6553,Known or suspected fetal abnormality affecting management of mother — Suspected damage to fetus from viral disease in the mother,L1_01,Infectious and Communicable Diseases,low
ICD-9,6554,Known or suspected fetal abnormality affecting management of mother — Suspected damage to fetus from other disease in the mother,L1_01,Infectious and Communicable Diseases,low
ICD-9,6555,Known or suspected fetal abnormality affecting management of mother — Suspected damage to fetus from drugs,L1_09,Self-Harm and Substance Use,low
ICD-9,6556,Known or suspected fetal abnormality affecting management of mother — Suspected damage to fetus from radiation,L1_01,Infectious and Communicable Diseases,low
ICD-9,6558,"Known or suspected fetal abnormality affecting management of mother — Other known or suspected fetal abnormality, not elsewhere classified",L1_01,Infectious and Communicable Diseases,low
ICD-9,6559,Known or suspected fetal abnormality affecting management of mother — Unspecified,L1_01,Infectious and Communicable Diseases,low
ICD-9,6560,Other fetal and placental problems affecting management of mother — Fetal-maternal haemorrhage,L1_02,Maternal and Early-Life Mortality,low
ICD-9,6561,Other fetal and placental problems affecting management of mother — Rhesus isoimmunization,L1_01,Infectious and Communicable Diseases,low
ICD-9,6562,Other fetal and placental problems affecting management of mother — Isoimmunization from other and unspecified blood-group incompatibility,L1_01,Infectious and Communicable Diseases,low
ICD-9,6563,Other fetal and placental problems affecting management of mother — Fetal distress,L1_01,Infectious and Communicable Diseases,low
ICD-9,6564,Other fetal and placental problems affecting management of mother — Intrauterine death,L1_01,Infectious and Communicable Diseases,low
ICD-9,6565,Other fetal and placental problems affecting management of mother — Poor fetal growth,L1_01,Infectious and Communicable Diseases,low
ICD-9,6566,Other fetal and placental problems affecting management of mother — Excessive fetal growth,L1_01,Infectious and Communicable Diseases,low
ICD-9,6567,Other fetal and placental problems affecting management of mother — Other placental conditions,L1_01,Infectious and Communicable Diseases,low
ICD-9,6568,Other fetal and placental problems affecting management of mother — Other,L1_01,Infectious and Communicable Diseases,low
ICD-9,6569,Other fetal and placental problems affecting management of mother — Unspecified,L1_01,Infectious and Communicable Diseases,low
ICD-9,6570,Polyhydramnios — Polyhydramnios,L1_01,Infectious and Communicable Diseases,low
ICD-9,6580,Other problems associated with amniotic cavity and membranes — Oligohydramnios,L1_01,Infectious and Communicable Diseases,low
ICD-9,6581,Other problems associated with amniotic cavity and membranes — Premature rupture of membranes,L1_01,Infectious and Communicable Diseases,low
ICD-9,6582,Other problems associated with amniotic cavity and membranes — Delayed delivery after spontaneous or unspecified rupture of membranes,L1_02,Maternal and Early-Life Mortality,low
ICD-9,6583,Other problems associated with amniotic cavity and membranes — Delayed delivery after artificial rupture of membranes,L1_02,Maternal and Early-Life Mortality,low
ICD-9,6584,Other problems associated with amniotic cavity and membranes — Infection of amniotic cavity,L1_01,Infectious and Communicable Diseases,low
ICD-9,6588,Other problems associated with amniotic cavity and membranes — Other,L1_01,Infectious and Communicable Diseases,low
ICD-9,6589,Other problems associated with amniotic cavity and membranes — Unspecified,L1_01,Infectious and Communicable Diseases,low
ICD-9,6590,Other indications for care or intervention related to labour and delivery and not otherwise classified — Failed mechanical induction,L1_02,Maternal and Early-Life Mortality,low
ICD-9,6591,Other indications for care or intervention related to labour and delivery and not otherwise classified — Failed medical or unspecified induction,L1_02,Maternal and Early-Life Mortality,low
ICD-9,6592,"Other indications for care or intervention related to labour and delivery and not otherwise classified — Maternal pyrexia during labour, unspecified",L1_02,Maternal and Early-Life Mortality,medium
ICD-9,6593,Other indications for care or intervention related to labour and delivery and not otherwise classified — Generalized infection during labour,L1_02,Maternal and Early-Life Mortality,low
ICD-9,6594,Other indications for care or intervention related to labour and delivery and not otherwise classified — Grand multiparity,L1_02,Maternal and Early-Life Mortality,low
ICD-9,6595,Other indications for care or intervention related to labour and delivery and not otherwise classified — Elderly primigravida,L1_02,Maternal and Early-Life Mortality,low
ICD-9,6598,Other indications for care or intervention related to labour and delivery and not otherwise classified — Other,L1_02,Maternal and Early-Life Mortality,low
ICD-9,6599,Other indications for care or intervention related to labour and delivery and not otherwise classified — Unspecified,L1_02,Maternal and Early-Life Mortality,low
ICD-9,6600,Obstructed labour — Obstruction caused by malposition of fetus at onset of labour,L1_01,Infectious and Communicable Diseases,low
ICD-9,6601,Obstructed labour — Obstruction by bony pelvis,L1_01,Infectious and Communicable Diseases,low
ICD-9,6602,Obstructed labour — Obstruction by abnormal pelvic soft tissues,L1_01,Infectious and Communicable Diseases,low
ICD-9,6603,Obstructed labour — Deep transverse arrest and persistent occipitoposterior or occipitoanterior position,L1_01,Infectious and Communicable Diseases,low
ICD-9,6604,Obstructed labour — Shoulder dystocia,L1_01,Infectious and Communicable Diseases,low
ICD-9,6605,Obstructed labour — Locked twins,L1_01,Infectious and Communicable Diseases,low
ICD-9,6606,"Obstructed labour — Failed trial of labour, unspecified",L1_01,Infectious and Communicable Diseases,low
ICD-9,6607,"Obstructed labour — Failed forceps or ventouse, unspecified",L1_01,Infectious and Communicable Diseases,low
ICD-9,6608,Obstructed labour — Other,L1_01,Infectious and Communicable Diseases,low
ICD-9,6609,Obstructed labour — Unspecified,L1_01,Infectious and Communicable Diseases,low
ICD-9,6610,Abnormality of forces of labour — Primary uterine inertia,L1_01,Infectious and Communicable Diseases,low
ICD-9,6611,Abnormality of forces of labour — Secondary uterine inertia,L1_01,Infectious and Communicable Diseases,low
ICD-9,6612,Abnormality of forces of labour — Other and unspecified uterine inertia,L1_01,Infectious and Communicable Diseases,low
ICD-9,6613,Abnormality of forces of labour — Precipitate labour,L1_01,Infectious and Communicable Diseases,low
ICD-9,6614,"Abnormality of forces of labour — Hypertonic, incoordinate, or prolonged uterine contractions",L1_01,Infectious and Communicable Diseases,low
ICD-9,6619,Abnormality of forces of labour — Unspecified,L1_01,Infectious and Communicable Diseases,low
ICD-9,6620,Long labour — Prolonged first stage,L1_01,Infectious and Communicable Diseases,low
ICD-9,6621,"Long labour — Prolonged labour, unspecified",L1_01,Infectious and Communicable Diseases,low
ICD-9,6622,Long labour — Prolonged second stage,L1_01,Infectious and Communicable Diseases,low
ICD-9,6623,"Long labour — Delayed delivery of second twin, triplet, etc.",L1_02,Maternal and Early-Life Mortality,low
ICD-9,6630,Umbilical cord complications — Prolapse of cord,L1_01,Infectious and Communicable Diseases,low
ICD-9,6631,"Umbilical cord complications — Cord around neck, with compression",L1_01,Infectious and Communicable Diseases,low
ICD-9,6632,"Umbilical cord complications — Other and unspecified cord entanglement, with compression",L1_01,Infectious and Communicable Diseases,low
ICD-9,6633,"Umbilical cord complications — Other and unspecified cord entanglement, without mention of compression",L1_01,Infectious and Communicable Diseases,low
ICD-9,6634,Umbilical cord complications — Short cord,L1_01,Infectious and Communicable Diseases,low
ICD-9,6635,Umbilical cord complications — Vasa praevia,L1_01,Infectious and Communicable Diseases,low
ICD-9,6636,Umbilical cord complications — Vascular lesions of cord,L1_01,Infectious and Communicable Diseases,low
ICD-9,6638,Umbilical cord complications — Other,L1_01,Infectious and Communicable Diseases,low
ICD-9,6639,Umbilical cord complications — Unspecified,L1_01,Infectious and Communicable Diseases,low
ICD-9,6640,Trauma to perineum and vulva during delivery — First-degree perineal laceration,L1_02,Maternal and Early-Life Mortality,low
ICD-9,6641,Trauma to perineum and vulva during delivery — Second-degree perineal laceration,L1_02,Maternal and Early-Life Mortality,low
ICD-9,6642,Trauma to perineum and vulva during delivery — Third-degree perineal laceration,L1_02,Maternal and Early-Life Mortality,low
ICD-9,6643,Trauma to perineum and vulva during delivery — Fourth-degree perineal laceration,L1_02,Maternal and Early-Life Mortality,low
ICD-9,6644,Trauma to perineum and vulva during delivery — Unspecified perineal laceration,L1_02,Maternal and Early-Life Mortality,low
ICD-9,6645,Trauma to perineum and vulva during delivery — Vulval and perineal haematoma,L1_02,Maternal and Early-Life Mortality,low
ICD-9,6648,Trauma to perineum and vulva during delivery — Other,L1_02,Maternal and Early-Life Mortality,low
ICD-9,6649,Trauma to perineum and vulva during delivery — Unspecified,L1_02,Maternal and Early-Life Mortality,low
ICD-9,6650,Other obstetrical trauma — Rupture of uterus before onset of labour,L1_01,Infectious and Communicable Diseases,low
ICD-9,6651,Other obstetrical trauma — Rupture of uterus during and after labour,L1_01,Infectious and Communicable Diseases,low
ICD-9,6652,Other obstetrical trauma — Inversion of uterus,L1_01,Infectious and Communicable Diseases,low
ICD-9,6653,Other obstetrical trauma — Laceration of cervix,L1_01,Infectious and Communicable Diseases,low
ICD-9,6654,Other obstetrical trauma — High vaginal laceration,L1_01,Infectious and Communicable Diseases,low
ICD-9,6655,Other obstetrical trauma — Other injury to pelvic organs,L1_07,Injury and Accidental Harm,low
ICD-9,6656,Other obstetrical trauma — Damage to pelvic joints and ligaments,L1_01,Infectious and Communicable Diseases,low
ICD-9,6657,Other obstetrical trauma — Pelvic haematoma,L1_01,Infectious and Communicable Diseases,low
ICD-9,6658,Other obstetrical trauma — Other,L1_01,Infectious and Communicable Diseases,low
ICD-9,6659,Other obstetrical trauma — Unspecified,L1_01,Infectious and Communicable Diseases,low
ICD-9,6660,Postpartum haemorrhage — Third-stage haemorrhage,L1_05,Chronic Non-Communicable Diseases,low
ICD-9,6661,Postpartum haemorrhage — Other immediate postpartum haemorrhage,L1_05,Chronic Non-Communicable Diseases,low
ICD-9,6662,Postpartum haemorrhage — Delayed and secondary postpartum haemorrhage,L1_05,Chronic Non-Communicable Diseases,low
ICD-9,6663,Postpartum haemorrhage — Postpartum coagulation defects,L1_05,Chronic Non-Communicable Diseases,medium
ICD-9,6670,"Retained placenta or membranes, without haemorrhage — Retained placenta without haemorrhage",L1_05,Chronic Non-Communicable Diseases,low
ICD-9,6671,"Retained placenta or membranes, without haemorrhage — Retained portions of placenta or membranes, without haemorrhage",L1_05,Chronic Non-Communicable Diseases,low
ICD-9,6680,Complications of the administration of anaesthetic or other sedation in labour and delivery — Pulmonary complications,L1_02,Maternal and Early-Life Mortality,low
ICD-9,6681,Complications of the administration of anaesthetic or other sedation in labour and delivery — Cardiac complications,L1_02,Maternal and Early-Life Mortality,low
ICD-9,6682,Complications of the administration of anaesthetic or other sedation in labour and delivery — Central nervous system complications,L1_02,Maternal and Early-Life Mortality,low
ICD-9,6688,Complications of the administration of anaesthetic or other sedation in labour and delivery — Other,L1_02,Maternal and Early-Life Mortality,low
ICD-9,6689,Complications of the administration of anaesthetic or other sedation in labour and delivery — Unspecified,L1_02,Maternal and Early-Life Mortality,low
ICD-9,6690,"Other complications of labour and delivery, not elsewhere classified — Maternal distress",L1_02,Maternal and Early-Life Mortality,medium
ICD-9,6691,"Other complications of labour and delivery, not elsewhere classified — Shock during or following labour and delivery",L1_02,Maternal and Early-Life Mortality,low
ICD-9,6692,"Other complications of labour and delivery, not elsewhere classified — Maternal hypotension syndrome",L1_02,Maternal and Early-Life Mortality,medium
ICD-9,6693,"Other complications of labour and delivery, not elsewhere classified — Acute renal failure following labour and delivery",L1_02,Maternal and Early-Life Mortality,low
ICD-9,6694,"Other complications of labour and delivery, not elsewhere classified — Other complications of obstetrical surgery and procedures",L1_02,Maternal and Early-Life Mortality,low
ICD-9,6695,"Other complications of labour and delivery, not elsewhere classified — Forceps or ventouse delivery without mention of indication",L1_02,Maternal and Early-Life Mortality,low
ICD-9,6696,"Other complications of labour and delivery, not elsewhere classified — Breech extraction, without mention of indication",L1_02,Maternal and Early-Life Mortality,low
ICD-9,6697,"Other complications of labour and delivery, not elsewhere classified — Caesarean delivery, without mention of indication",L1_02,Maternal and Early-Life Mortality,low
ICD-9,6698,"Other complications of labour and delivery, not elsewhere classified — Other",L1_02,Maternal and Early-Life Mortality,low
ICD-9,6699,"Other complications of labour and delivery, not elsewhere classified — Unspecified",L1_02,Maternal and Early-Life Mortality,low
ICD-9,6700,Major puerperal infection — Major puerperal infection,L1_02,Maternal and Early-Life Mortality,low
ICD-9,6710,Venous complications in pregnancy and the puerperium — Varicose veins of legs,L1_02,Maternal and Early-Life Mortality,low
ICD-9,6711,Venous complications in pregnancy and the puerperium — Varicose veins of vulva and perineum,L1_02,Maternal and Early-Life Mortality,low
ICD-9,6712,Venous complications in pregnancy and the puerperium — Superficial thrombophlebitis,L1_02,Maternal and Early-Life Mortality,low
ICD-9,6713,"Venous complications in pregnancy and the puerperium — Deep phlebothrombosis, antepartum",L1_02,Maternal and Early-Life Mortality,low
ICD-9,6714,"Venous complications in pregnancy and the puerperium — Deep phlebothrombosis, postpartum",L1_02,Maternal and Early-Life Mortality,low
ICD-9,6715,Venous complications in pregnancy and the puerperium — Other phlebitis and thrombosis,L1_05,Chronic Non-Communicable Diseases,medium
ICD-9,6718,Venous complications in pregnancy and the puerperium — Other,L1_02,Maternal and Early-Life Mortality,low
ICD-9,6719,Venous complications in pregnancy and the puerperium — Unspecified,L1_02,Maternal and Early-Life Mortality,low
ICD-9,6720,Pyrexia of unknown origin during the puerperium — Pyrexia of unknown origin during the puerperium,L1_10,"Ill-Defined, Administrative, and Other Causes",low
ICD-9,6730,Obstetrical pulmonary embolism — Obstetrical air embolism,L1_05,Chronic Non-Communicable Diseases,low
ICD-9,6731,Obstetrical pulmonary embolism — Amniotic fluid embolism,L1_05,Chronic Non-Communicable Diseases,low
ICD-9,6732,Obstetrical pulmonary embolism — Obstetrical blood-clot embolism,L1_05,Chronic Non-Communicable Diseases,low
ICD-9,6733,Obstetrical pulmonary embolism — Obstetrical pyaemic and septic embolism,L1_05,Chronic Non-Communicable Diseases,low
ICD-9,6738,Obstetrical pulmonary embolism — Other,L1_05,Chronic Non-Communicable Diseases,low
ICD-9,6740,"Other and unspecified complications of the puerperium, not elsewhere classified — Cerebrovascular disorders in the puerperium",L1_01,Infectious and Communicable Diseases,low
ICD-9,6741,"Other and unspecified complications of the puerperium, not elsewhere classified — Disruption of caesarean wound",L1_01,Infectious and Communicable Diseases,low
ICD-9,6742,"Other and unspecified complications of the puerperium, not elsewhere classified — Disruption of perineal wound",L1_01,Infectious and Communicable Diseases,low
ICD-9,6743,"Other and unspecified complications of the puerperium, not elsewhere classified — Other complications of obstetrical surgical wounds",L1_01,Infectious and Communicable Diseases,low
ICD-9,6744,"Other and unspecified complications of the puerperium, not elsewhere classified — Placental polyp",L1_01,Infectious and Communicable Diseases,low
ICD-9,6748,"Other and unspecified complications of the puerperium, not elsewhere classified — Other",L1_01,Infectious and Communicable Diseases,low
ICD-9,6749,"Other and unspecified complications of the puerperium, not elsewhere classified — Unspecified",L1_01,Infectious and Communicable Diseases,low
ICD-9,6750,Infections of the breast and nipple associated with childbirth — Infections of nipple,L1_02,Maternal and Early-Life Mortality,low
ICD-9,6751,Infections of the breast and nipple associated with childbirth — Abscess of breast,L1_02,Maternal and Early-Life Mortality,low
ICD-9,6752,Infections of the breast and nipple associated with childbirth — Nonpurulent mastitis,L1_02,Maternal and Early-Life Mortality,low
ICD-9,6758,Infections of the breast and nipple associated with childbirth — Other,L1_02,Maternal and Early-Life Mortality,low
ICD-9,6759,Infections of the breast and nipple associated with childbirth — Unspecified,L1_02,Maternal and Early-Life Mortality,low
ICD-9,6760,"Other disorders of the breast associated with childbirth, and disorders of lactation — Retracted nipple",L1_02,Maternal and Early-Life Mortality,low
ICD-9,6761,"Other disorders of the breast associated with childbirth, and disorders of lactation — Cracked nipple",L1_02,Maternal and Early-Life Mortality,low
ICD-9,6762,"Other disorders of the breast associated with childbirth, and disorders of lactation — Engorgement of breasts",L1_02,Maternal and Early-Life Mortality,low
ICD-9,6763,"Other disorders of the breast associated with childbirth, and disorders of lactation — Other and unspecified disorder of breast",L1_02,Maternal and Early-Life Mortality,low
ICD-9,6764,"Other disorders of the breast associated with childbirth, and disorders of lactation — Failure of lactation",L1_02,Maternal and Early-Life Mortality,low
ICD-9,6765,"Other disorders of the breast associated with childbirth, and disorders of lactation — Suppressed lactation",L1_02,Maternal and Early-Life Mortality,low
ICD-9,6766,"Other disorders of the breast associated with childbirth, and disorders of lactation — Galactorrhoea",L1_02,Maternal and Early-Life Mortality,low
ICD-9,6768,"Other disorders of the breast associated with childbirth, and disorders of lactation — Other disorders of lactation",L1_02,Maternal and Early-Life Mortality,low
ICD-9,6769,"Other disorders of the breast associated with childbirth, and disorders of lactation — Unspecified disorder of lactation",L1_02,Maternal and Early-Life Mortality,low
ICD-9,6800,Carbuncle and furuncle — Face,L1_01,Infectious and Communicable Diseases,low
ICD-9,6801,Carbuncle and furuncle — Neck,L1_01,Infectious and Communicable Diseases,low
ICD-9,6802,Carbuncle and furuncle — Trunk,L1_01,Infectious and Communicable Diseases,low
ICD-9,6803,Carbuncle and furuncle — Upper arm and forearm,L1_01,Infectious and Communicable Diseases,low
ICD-9,6804,Carbuncle and furuncle — Hand,L1_01,Infectious and Communicable Diseases,low
ICD-9,6805,Carbuncle and furuncle — Buttock,L1_01,Infectious and Communicable Diseases,low
ICD-9,6806,"Carbuncle and furuncle — Leg, except foot",L1_01,Infectious and Communicable Diseases,low
ICD-9,6807,Carbuncle and furuncle — Foot,L1_01,Infectious and Communicable Diseases,low
ICD-9,6808,Carbuncle and furuncle — Other specified site,L1_01,Infectious and Communicable Diseases,low
ICD-9,6809,Carbuncle and furuncle — Unspecified site,L1_01,Infectious and Communicable Diseases,low
ICD-9,6810,Cellulitis and abscess of finger and toe — Finger,L1_05,Chronic Non-Communicable Diseases,low
ICD-9,6811,Cellulitis and abscess of finger and toe — Toe,L1_05,Chronic Non-Communicable Diseases,low
ICD-9,6819,Cellulitis and abscess of finger and toe — Unspecified digit,L1_05,Chronic Non-Communicable Diseases,low
ICD-9,6820,Other cellulitis and abscess — Face,L1_05,Chronic Non-Communicable Diseases,low
ICD-9,6821,Other cellulitis and abscess — Neck,L1_05,Chronic Non-Communicable Diseases,low
ICD-9,6822,Other cellulitis and abscess — Trunk,L1_05,Chronic Non-Communicable Diseases,low
ICD-9,6823,Other cellulitis and abscess — Upper arm and forearm,L1_05,Chronic Non-Communicable Diseases,low
ICD-9,6825,Other cellulitis and abscess — Buttock,L1_05,Chronic Non-Communicable Diseases,low
ICD-9,6826,"Other cellulitis and abscess — Leg, except foot",L1_05,Chronic Non-Communicable Diseases,low
ICD-9,6828,Other cellulitis and abscess — Other specified site,L1_05,Chronic Non-Communicable Diseases,low
ICD-9,6829,Other cellulitis and abscess — Unspecified site,L1_05,Chronic Non-Communicable Diseases,low
ICD-9,6830,Acute lymphadenitis — Acute lymphadenitis,L1_01,Infectious and Communicable Diseases,low
ICD-9,6840,Impetigo — Impetigo,L1_01,Infectious and Communicable Diseases,low
ICD-9,6850,Pilonidal cyst — With abscess,L1_05,Chronic Non-Communicable Diseases,low
ICD-9,6851,Pilonidal cyst — Without mention of abscess,L1_05,Chronic Non-Communicable Diseases,low
ICD-9,6860,Other local infections of skin and subcutaneous tissue — Pyoderma,L1_01,Infectious and Communicable Diseases,low
ICD-9,6861,Other local infections of skin and subcutaneous tissue — Pyogenic granuloma,L1_01,Infectious and Communicable Diseases,low
ICD-9,6868,Other local infections of skin and subcutaneous tissue — Other local infections of skin and subcutaneous tissue,L1_01,Infectious and Communicable Diseases,low
ICD-9,6869,Other local infections of skin and subcutaneous tissue — Unspecified local infections of skin and subcutaneous tissue,L1_01,Infectious and Communicable Diseases,low
ICD-9,6900,Erythematosquamous dermatosis — Erythematosquamous dermatosis,L1_01,Infectious and Communicable Diseases,low
ICD-9,6910,Atopic dermatitis and related conditions — Diaper or napkin rash,L1_01,Infectious and Communicable Diseases,low
ICD-9,6918,Atopic dermatitis and related conditions — Other,L1_01,Infectious and Communicable Diseases,low
ICD-9,6920,Contact dermatitis and other eczema — Due to detergents,L1_05,Chronic Non-Communicable Diseases,low
ICD-9,6921,Contact dermatitis and other eczema — Due to oils and greases,L1_05,Chronic Non-Communicable Diseases,low
ICD-9,6922,Contact dermatitis and other eczema — Due to solvents,L1_05,Chronic Non-Communicable Diseases,low
ICD-9,6923,Contact dermatitis and other eczema — Due to drugs and medicaments in contact with skin,L1_05,Chronic Non-Communicable Diseases,low
ICD-9,6924,Contact dermatitis and other eczema — Due to other chemical products,L1_05,Chronic Non-Communicable Diseases,low
ICD-9,6925,Contact dermatitis and other eczema — Due to food in contact with skin,L1_05,Chronic Non-Communicable Diseases,low
ICD-9,6926,Contact dermatitis and other eczema — Due to plants [except food],L1_05,Chronic Non-Communicable Diseases,low
ICD-9,6927,Contact dermatitis and other eczema — Due to solar radiation,L1_05,Chronic Non-Communicable Diseases,low
ICD-9,6928,Contact dermatitis and other eczema — Due to other specified agents,L1_05,Chronic Non-Communicable Diseases,low
ICD-9,6929,Contact dermatitis and other eczema — Unspecified cause,L1_05,Chronic Non-Communicable Diseases,low
ICD-9,6930,Dermatitis due to substances taken internally — Due to drugs and medicaments,L1_09,Self-Harm and Substance Use,low
ICD-9,6931,Dermatitis due to substances taken internally — Due to food,L1_01,Infectious and Communicable Diseases,low
ICD-9,6938,Dermatitis due to substances taken internally — Due to other specified substance,L1_01,Infectious and Communicable Diseases,low
ICD-9,6939,Dermatitis due to substances taken internally — Due to unspecified substance,L1_01,Infectious and Communicable Diseases,low
ICD-9,6940,Bullous dermatoses — Dermatitis herpetiformis,L1_01,Infectious and Communicable Diseases,low
ICD-9,6941,Bullous dermatoses — Subcorneal pustular dermatosis,L1_01,Infectious and Communicable Diseases,low
ICD-9,6942,Bullous dermatoses — Juvenile dermatitis herpetiformis,L1_01,Infectious and Communicable Diseases,low
ICD-9,6943,Bullous dermatoses — Impetigo herpetiformis,L1_01,Infectious and Communicable Diseases,low
ICD-9,6944,Bullous dermatoses — Pemphigus,L1_05,Chronic Non-Communicable Diseases,low
ICD-9,6945,Bullous dermatoses — Pemphigoid,L1_01,Infectious and Communicable Diseases,low
ICD-9,6946,Bullous dermatoses — Benign mucous membrane pemphigoid,L1_01,Infectious and Communicable Diseases,low
ICD-9,6948,Bullous dermatoses — Other bullous dermatoses,L1_01,Infectious and Communicable Diseases,low
ICD-9,6949,Bullous dermatoses — Unspecified,L1_01,Infectious and Communicable Diseases,low
ICD-9,6950,Erythematous conditions — Toxic erythema,L1_01,Infectious and Communicable Diseases,low
ICD-9,6951,Erythematous conditions — Erythema multiforme,L1_01,Infectious and Communicable Diseases,low
ICD-9,6952,Erythematous conditions — Erythema nodosum,L1_01,Infectious and Communicable Diseases,low
ICD-9,6953,Erythematous conditions — Rosacea,L1_01,Infectious and Communicable Diseases,low
ICD-9,6954,Erythematous conditions — Lupus erythematosus,L1_05,Chronic Non-Communicable Diseases,low
ICD-9,6958,Erythematous conditions — Other erythematous conditions,L1_01,Infectious and Communicable Diseases,low
ICD-9,6959,Erythematous conditions — Unspecified,L1_01,Infectious and Communicable Diseases,low
ICD-9,6960,Psoriasis and similar disorders — Psoriatic arthropathy,L1_01,Infectious and Communicable Diseases,low
ICD-9,6961,Psoriasis and similar disorders — Other psoriasis,L1_01,Infectious and Communicable Diseases,low
ICD-9,6962,Psoriasis and similar disorders — Parapsoriasis,L1_01,Infectious and Communicable Diseases,low
ICD-9,6963,Psoriasis and similar disorders — Pityriasis rosea,L1_01,Infectious and Communicable Diseases,low
ICD-9,6964,Psoriasis and similar disorders — Pityriasis rubra pilaris,L1_01,Infectious and Communicable Diseases,low
ICD-9,6965,Psoriasis and similar disorders — Other and unspecified pityriasis,L1_01,Infectious and Communicable Diseases,low
ICD-9,6968,Psoriasis and similar disorders — Other,L1_01,Infectious and Communicable Diseases,low
ICD-9,6970,Lichen — Lichen planus,L1_01,Infectious and Communicable Diseases,low
ICD-9,6971,Lichen — Lichen nitidus,L1_01,Infectious and Communicable Diseases,low
ICD-9,6978,"Lichen — Other lichen, not elsewhere classified",L1_01,Infectious and Communicable Diseases,low
ICD-9,6979,Lichen — Unspecified,L1_01,Infectious and Communicable Diseases,low
ICD-9,6980,Pruritus and related conditions — Pruritis ani,L1_01,Infectious and Communicable Diseases,low
ICD-9,6981,Pruritus and related conditions — Pruritis of genital organs,L1_01,Infectious and Communicable Diseases,low
ICD-9,6982,Pruritus and related conditions — Prurigo,L1_01,Infectious and Communicable Diseases,low
ICD-9,6983,Pruritus and related conditions — Lichenification and lichen simplex chronicus,L1_01,Infectious and Communicable Diseases,low
ICD-9,6984,Pruritus and related conditions — Dermatitis factitia [artefacta],L1_01,Infectious and Communicable Diseases,low
ICD-9,6988,Pruritus and related conditions — Other pruritic conditions,L1_01,Infectious and Communicable Diseases,low
ICD-9,6989,Pruritus and related conditions — Unspecified,L1_01,Infectious and Communicable Diseases,low
ICD-9,7000,Corns and callosities — Corns and callosities,L1_01,Infectious and Communicable Diseases,low
ICD-9,7010,Other hypertrophic and atrophic conditions of skin — Circumscribed scleroderma,L1_01,Infectious and Communicable Diseases,low
ICD-9,7011,"Other hypertrophic and atrophic conditions of skin — Keratoderma, acquired",L1_01,Infectious and Communicable Diseases,low
ICD-9,7012,Other hypertrophic and atrophic conditions of skin — Acquired acanthosis nigricans,L1_01,Infectious and Communicable Diseases,low
ICD-9,7013,Other hypertrophic and atrophic conditions of skin — Striae atrophicae,L1_01,Infectious and Communicable Diseases,low
ICD-9,7014,Other hypertrophic and atrophic conditions of skin — Keloid scar,L1_01,Infectious and Communicable Diseases,low
ICD-9,7015,Other hypertrophic and atrophic conditions of skin — Other abnormal granulation tissue,L1_01,Infectious and Communicable Diseases,low
ICD-9,7018,Other hypertrophic and atrophic conditions of skin — Other hypertrophic and atrophic conditions of skin,L1_01,Infectious and Communicable Diseases,low
ICD-9,7019,Other hypertrophic and atrophic conditions of skin — Unspecified,L1_01,Infectious and Communicable Diseases,low
ICD-9,7020,Other dermatoses — Other dermatoses,L1_01,Infectious and Communicable Diseases,low
ICD-9,7030,Diseases of nail — Ingrowing nail,L1_05,Chronic Non-Communicable Diseases,low
ICD-9,7038,Diseases of nail — Other diseases of nail,L1_05,Chronic Non-Communicable Diseases,medium
ICD-9,7039,Diseases of nail — Unspecified,L1_05,Chronic Non-Communicable Diseases,low
ICD-9,7040,Diseases of hair and hair follicles — Alopecia,L1_05,Chronic Non-Communicable Diseases,low
ICD-9,7041,Diseases of hair and hair follicles — Hirsutism,L1_05,Chronic Non-Communicable Diseases,low
ICD-9,7042,Diseases of hair and hair follicles — Abnormalities of the hair,L1_05,Chronic Non-Communicable Diseases,low
ICD-9,7043,Diseases of hair and hair follicles — Variations in hair colour,L1_05,Chronic Non-Communicable Diseases,low
ICD-9,7048,Diseases of hair and hair follicles — Other diseases of hair and hair follicles,L1_05,Chronic Non-Communicable Diseases,medium
ICD-9,7049,Diseases of hair and hair follicles — Unspecified,L1_05,Chronic Non-Communicable Diseases,low
ICD-9,7050,Disorders of sweat glands — Anhidrosis,L1_05,Chronic Non-Communicable Diseases,low
ICD-9,7051,Disorders of sweat glands — Prickly heat,L1_05,Chronic Non-Communicable Diseases,low
ICD-9,7058,Disorders of sweat glands — Other disorders of sweat glands,L1_05,Chronic Non-Communicable Diseases,low
ICD-9,7059,Disorders of sweat glands — Unspecified,L1_05,Chronic Non-Communicable Diseases,low
ICD-9,7060,Diseases of sebaceous glands — Acne varioliformis,L1_05,Chronic Non-Communicable Diseases,low
ICD-9,7061,Diseases of sebaceous glands — Other acne,L1_05,Chronic Non-Communicable Diseases,low
ICD-9,7062,Diseases of sebaceous glands — Sebaceous cyst,L1_05,Chronic Non-Communicable Diseases,low
ICD-9,7063,Diseases of sebaceous glands — Seborrhoea,L1_05,Chronic Non-Communicable Diseases,low
ICD-9,7068,Diseases of sebaceous glands — Other disorders of sebaceous glands,L1_05,Chronic Non-Communicable Diseases,medium
ICD-9,7069,Diseases of sebaceous glands — Unspecified,L1_05,Chronic Non-Communicable Diseases,low
ICD-9,7070,Chronic ulcer of skin — Decubitus ulcer,L1_05,Chronic Non-Communicable Diseases,medium
ICD-9,7071,"Chronic ulcer of skin — Ulcer of lower limbs, except decubitus",L1_05,Chronic Non-Communicable Diseases,medium
ICD-9,7078,Chronic ulcer of skin — Chronic ulcer of other specified sites,L1_05,Chronic Non-Communicable Diseases,medium
ICD-9,7079,Chronic ulcer of skin — Chronic ulcer of unspecified site,L1_05,Chronic Non-Communicable Diseases,medium
ICD-9,7080,Urticaria — Allergic urticaria,L1_01,Infectious and Communicable Diseases,low
ICD-9,7081,Urticaria — Idiopathic urticaria,L1_01,Infectious and Communicable Diseases,low
ICD-9,7082,Urticaria — Urticaria due to cold and heat,L1_01,Infectious and Communicable Diseases,low
ICD-9,7083,Urticaria — Dermatographic urticaria,L1_01,Infectious and Communicable Diseases,low
ICD-9,7084,Urticaria — Vibratory urticaria,L1_01,Infectious and Communicable Diseases,low
ICD-9,7085,Urticaria — Cholinergic urticaria,L1_01,Infectious and Communicable Diseases,low
ICD-9,7088,Urticaria — Other specified urticaria,L1_01,Infectious and Communicable Diseases,low
ICD-9,7089,Urticaria — Unspecified,L1_01,Infectious and Communicable Diseases,low
ICD-9,7090,Other disorders of skin and subcutaneous tissue — Dyschromia,L1_05,Chronic Non-Communicable Diseases,low
ICD-9,7091,Other disorders of skin and subcutaneous tissue — Vascular disorders of skin,L1_05,Chronic Non-Communicable Diseases,low
ICD-9,7092,Other disorders of skin and subcutaneous tissue — Scar conditions and fibrosis of skin,L1_05,Chronic Non-Communicable Diseases,low
ICD-9,7093,Other disorders of skin and subcutaneous tissue — Degenerative skin disorders,L1_05,Chronic Non-Communicable Diseases,low
ICD-9,7094,Other disorders of skin and subcutaneous tissue — Foreign body granuloma of skin and subcutaneous tissue,L1_05,Chronic Non-Communicable Diseases,low
ICD-9,7098,Other disorders of skin and subcutaneous tissue — Other diseases of skin,L1_05,Chronic Non-Communicable Diseases,high
ICD-9,7099,Other disorders of skin and subcutaneous tissue — Unspecified,L1_05,Chronic Non-Communicable Diseases,low
ICD-9,7100,Diffuse diseases of connective tissue — Systemic lupus erythematosus,L1_05,Chronic Non-Communicable Diseases,medium
ICD-9,7101,Diffuse diseases of connective tissue — Systemic sclerosis,L1_05,Chronic Non-Communicable Diseases,low
ICD-9,7102,Diffuse diseases of connective tissue — Sicca syndrome,L1_05,Chronic Non-Communicable Diseases,low
ICD-9,7103,Diffuse diseases of connective tissue — Dermatomyositis,L1_05,Chronic Non-Communicable Diseases,low
ICD-9,7104,Diffuse diseases of connective tissue — Polymyositis,L1_05,Chronic Non-Communicable Diseases,low
ICD-9,7108,Diffuse diseases of connective tissue — Other,L1_05,Chronic Non-Communicable Diseases,low
ICD-9,7109,Diffuse diseases of connective tissue — Unspecified,L1_05,Chronic Non-Communicable Diseases,low
ICD-9,7110,Arthropathy associated with infections — Pyogenic arthritis,L1_05,Chronic Non-Communicable Diseases,low
ICD-9,7111,Arthropathy associated with infections — Arthropathy in Reiter's disease and allied conditions,L1_01,Infectious and Communicable Diseases,low
ICD-9,7112,Arthropathy associated with infections — Arthropathy in Behcet's syndrome,L1_01,Infectious and Communicable Diseases,low
ICD-9,7113,Arthropathy associated with infections — Postdysenteric arthropathy,L1_01,Infectious and Communicable Diseases,low
ICD-9,7114,Arthropathy associated with infections — Arthropathy associated with other bacterial diseases,L1_01,Infectious and Communicable Diseases,low
ICD-9,7115,Arthropathy associated with infections — Arthropathy associated with other viral diseases,L1_01,Infectious and Communicable Diseases,low
ICD-9,7116,Arthropathy associated with infections — Arthropathy associated with mycoses,L1_01,Infectious and Communicable Diseases,low
ICD-9,7117,Arthropathy associated with infections — Arthropathy associated with helminthiasis,L1_01,Infectious and Communicable Diseases,low
ICD-9,7118,Arthropathy associated with infections — Arthropathy associated with other infectious and parasitic diseases,L1_01,Infectious and Communicable Diseases,low
ICD-9,7119,Arthropathy associated with infections — Unspecified infective arthritis,L1_05,Chronic Non-Communicable Diseases,low
ICD-9,7120,Crystal arthropathies — Gouty arthritis,L1_05,Chronic Non-Communicable Diseases,low
ICD-9,7121,Crystal arthropathies — Chondrocalcinosis due to dicalcium phosphate crystals,L1_01,Infectious and Communicable Diseases,low
ICD-9,7122,Crystal arthropathies — Chondrocalcinosis due to pyrophosphate crystals,L1_01,Infectious and Communicable Diseases,low
ICD-9,7123,"Crystal arthropathies — Chondrocalcinosis, unspecified",L1_01,Infectious and Communicable Diseases,low
ICD-9,7128,Crystal arthropathies — Other crystal arthropathies,L1_01,Infectious and Communicable Diseases,low
ICD-9,7129,Crystal arthropathies — Unspecified crystal arthropathy,L1_01,Infectious and Communicable Diseases,low
ICD-9,7130,Arthropathy associated with other disorders classified elsewhere — Arthropathy associated with other endocrine and metabolic disorders,L1_01,Infectious and Communicable Diseases,low
ICD-9,7131,Arthropathy associated with other disorders classified elsewhere — Arthropathy associated with gastrointestinal conditions other than infections,L1_01,Infectious and Communicable Diseases,low
ICD-9,7132,Arthropathy associated with other disorders classified elsewhere — Arthropathy associated with haematological disorders,L1_01,Infectious and Communicable Diseases,low
ICD-9,7133,Arthropathy associated with other disorders classified elsewhere — Arthropathy associated with dermatological disorders,L1_01,Infectious and Communicable Diseases,low
ICD-9,7134,Arthropathy associated with other disorders classified elsewhere — Arthropathy associated with respiratory disorders,L1_06,Respiratory and Environmental Disease,low
ICD-9,7135,Arthropathy associated with other disorders classified elsewhere — Arthropathy associated with neurological disorders,L1_01,Infectious and Communicable Diseases,low
ICD-9,7136,Arthropathy associated with other disorders classified elsewhere — Arthropathy associated with hypersensitivity reaction,L1_01,Infectious and Communicable Diseases,low
ICD-9,7137,Arthropathy associated with other disorders classified elsewhere — Other general diseases with articular involvement,L1_05,Chronic Non-Communicable Diseases,low
ICD-9,7138,Arthropathy associated with other disorders classified elsewhere — Arthropathy associated with other conditions classified elsewhere,L1_01,Infectious and Communicable Diseases,low
ICD-9,7140,Rheumatoid arthritis and other inflammatory polyarthropathies — Rheumatoid arthritis,L1_05,Chronic Non-Communicable Diseases,low
ICD-9,7141,Rheumatoid arthritis and other inflammatory polyarthropathies — Felty's syndrome,L1_05,Chronic Non-Communicable Diseases,low
ICD-9,7142,Rheumatoid arthritis and other inflammatory polyarthropathies — Other rheumatoid arthritis with visceral or systemic involvement,L1_05,Chronic Non-Communicable Diseases,low
ICD-9,7143,Rheumatoid arthritis and other inflammatory polyarthropathies — Juvenile chronic polyarthritis,L1_05,Chronic Non-Communicable Diseases,medium
ICD-9,7144,Rheumatoid arthritis and other inflammatory polyarthropathies — Chronic postrheumatic arthropathy,L1_05,Chronic Non-Communicable Diseases,medium
ICD-9,7148,Rheumatoid arthritis and other inflammatory polyarthropathies — Other,L1_05,Chronic Non-Communicable Diseases,low
ICD-9,7149,Rheumatoid arthritis and other inflammatory polyarthropathies — Unspecified,L1_05,Chronic Non-Communicable Diseases,low
ICD-9,7150,Osteoarthrosis and allied disorders — Generalized,L1_01,Infectious and Communicable Diseases,low
ICD-9,7151,"Osteoarthrosis and allied disorders — Localized, primary",L1_01,Infectious and Communicable Diseases,low
ICD-9,7152,"Osteoarthrosis and allied disorders — Localized, secondary",L1_01,Infectious and Communicable Diseases,low
ICD-9,7153,"Osteoarthrosis and allied disorders — Localized, not specified whether primary or secondary",L1_10,"Ill-Defined, Administrative, and Other Causes",low
ICD-9,7158,Osteoarthrosis and allied disorders — Involving or with mention of more than one site but not specified as generalized,L1_10,"Ill-Defined, Administrative, and Other Causes",low
ICD-9,7159,Osteoarthrosis and allied disorders — Unspecified whether generalized or localized,L1_01,Infectious and Communicable Diseases,low
ICD-9,7160,Other and unspecified arthropathies — Kaschin-Beck disease,L1_01,Infectious and Communicable Diseases,low
ICD-9,7161,Other and unspecified arthropathies — Traumatic arthropathy,L1_01,Infectious and Communicable Diseases,low
ICD-9,7162,Other and unspecified arthropathies — Allergic arthritis,L1_05,Chronic Non-Communicable Diseases,low
ICD-9,7163,Other and unspecified arthropathies — Climacteric arthritis,L1_05,Chronic Non-Communicable Diseases,low
ICD-9,7164,Other and unspecified arthropathies — Transient arthropathy,L1_01,Infectious and Communicable Diseases,low
ICD-9,7165,Other and unspecified arthropathies — Unspecified polyarthropathy or polyarthritis,L1_01,Infectious and Communicable Diseases,low
ICD-9,7166,Other and unspecified arthropathies — Unspecified monoarthritis,L1_01,Infectious and Communicable Diseases,low
ICD-9,7168,Other and unspecified arthropathies — Other specified arthropathy,L1_01,Infectious and Communicable Diseases,low
ICD-9,7169,Other and unspecified arthropathies — Unspecified,L1_01,Infectious and Communicable Diseases,low
ICD-9,7170,Internal derangement of knee — Old bucket handle tear of medial meniscus,L1_01,Infectious and Communicable Diseases,low
ICD-9,7171,Internal derangement of knee — Derangement of anterior horn of medial meniscus,L1_01,Infectious and Communicable Diseases,low
ICD-9,7172,Internal derangement of knee — Derangement of posterior horn of medial meniscus,L1_01,Infectious and Communicable Diseases,low
ICD-9,7173,Internal derangement of knee — Other and unspecified derangement of medial meniscus,L1_01,Infectious and Communicable Diseases,low
ICD-9,7174,Internal derangement of knee — Derangement of lateral meniscus,L1_01,Infectious and Communicable Diseases,low
ICD-9,7175,"Internal derangement of knee — Derangement of meniscus, not elsewhere classified",L1_01,Infectious and Communicable Diseases,low
ICD-9,7176,Internal derangement of knee — Loose body in knee,L1_01,Infectious and Communicable Diseases,low
ICD-9,7177,Internal derangement of knee — Chondromalacia patellae,L1_01,Infectious and Communicable Diseases,low
ICD-9,7178,Internal derangement of knee — Other,L1_01,Infectious and Communicable Diseases,low
ICD-9,7179,Internal derangement of knee — Unspecified,L1_01,Infectious and Communicable Diseases,low
ICD-9,7180,Other derangement of joint — Articular cartilage disorder,L1_01,Infectious and Communicable Diseases,low
ICD-9,7181,Other derangement of joint — Loose body in joint,L1_01,Infectious and Communicable Diseases,low
ICD-9,7182,Other derangement of joint — Pathological dislocation,L1_01,Infectious and Communicable Diseases,low
ICD-9,7183,Other derangement of joint — Recurrent dislocation of joint,L1_01,Infectious and Communicable Diseases,low
ICD-9,7184,Other derangement of joint — Contracture of joint,L1_01,Infectious and Communicable Diseases,low
ICD-9,7185,Other derangement of joint — Ankylosis of joint,L1_01,Infectious and Communicable Diseases,low
ICD-9,7186,Other derangement of joint — Unspecified protrusio acetabuli,L1_01,Infectious and Communicable Diseases,low
ICD-9,7188,Other derangement of joint — Other joint derangement not elsewhere classified,L1_01,Infectious and Communicable Diseases,low
ICD-9,7189,Other derangement of joint — Unspecified,L1_01,Infectious and Communicable Diseases,low
ICD-9,7190,Other and unspecified disorder of joint — Effusion of joint,L1_01,Infectious and Communicable Diseases,low
ICD-9,7191,Other and unspecified disorder of joint — Haemarthrosis,L1_01,Infectious and Communicable Diseases,low
ICD-9,7192,Other and unspecified disorder of joint — Villonodular synovitis,L1_01,Infectious and Communicable Diseases,low
ICD-9,7193,Other and unspecified disorder of joint — Palindromic rheumatism,L1_01,Infectious and Communicable Diseases,low
ICD-9,7194,Other and unspecified disorder of joint — Pain in joint,L1_01,Infectious and Communicable Diseases,low
ICD-9,7195,"Other and unspecified disorder of joint — Stiffness of joint, not elsewhere classified",L1_01,Infectious and Communicable Diseases,low
ICD-9,7196,Other and unspecified disorder of joint — Other symptoms referable to joint,L1_10,"Ill-Defined, Administrative, and Other Causes",low
ICD-9,7197,Other and unspecified disorder of joint — Difficulty in walking,L1_01,Infectious and Communicable Diseases,low
ICD-9,7198,Other and unspecified disorder of joint — Other,L1_01,Infectious and Communicable Diseases,low
ICD-9,7199,Other and unspecified disorder of joint — Unspecified,L1_01,Infectious and Communicable Diseases,low
ICD-9,7200,Ankylosing spondylitis and other inflammatory spondylopathies — Ankylosing spondylitis,L1_01,Infectious and Communicable Diseases,low
ICD-9,7201,Ankylosing spondylitis and other inflammatory spondylopathies — Spinal enthesopathy,L1_01,Infectious and Communicable Diseases,low
ICD-9,7202,"Ankylosing spondylitis and other inflammatory spondylopathies — Sacroiliitis, not elsewhere classified",L1_01,Infectious and Communicable Diseases,low
ICD-9,7208,Ankylosing spondylitis and other inflammatory spondylopathies — Other inflammatory spondylopathies,L1_01,Infectious and Communicable Diseases,low
ICD-9,7209,Ankylosing spondylitis and other inflammatory spondylopathies — Unspecified inflammatory spondylopathy,L1_01,Infectious and Communicable Diseases,low
ICD-9,7210,Spondylosis and allied disorders — Cervical spondylosis without myelopathy,L1_01,Infectious and Communicable Diseases,low
ICD-9,7211,Spondylosis and allied disorders — Cervical spondylosis with myelopathy,L1_01,Infectious and Communicable Diseases,low
ICD-9,7212,Spondylosis and allied disorders — Thoracic spondylosis without myelopathy,L1_01,Infectious and Communicable Diseases,low
ICD-9,7213,Spondylosis and allied disorders — Lumbosacral spondylosis without myelopathy,L1_01,Infectious and Communicable Diseases,low
ICD-9,7214,Spondylosis and allied disorders — Thoracic or lumbar spondylosis with myelopathy,L1_01,Infectious and Communicable Diseases,low
ICD-9,7215,Spondylosis and allied disorders — Kissing spine,L1_01,Infectious and Communicable Diseases,low
ICD-9,7216,Spondylosis and allied disorders — Ankylosing vertebral hyperostosis,L1_01,Infectious and Communicable Diseases,low
ICD-9,7217,Spondylosis and allied disorders — Traumatic spondylopathy,L1_01,Infectious and Communicable Diseases,low
ICD-9,7218,Spondylosis and allied disorders — Other,L1_01,Infectious and Communicable Diseases,low
ICD-9,7219,Spondylosis and allied disorders — Spondylosis of unspecified site,L1_01,Infectious and Communicable Diseases,low
ICD-9,7220,Intervertebral disc disorders — Displacement of cervical intervertebral disc without myelopathy,L1_01,Infectious and Communicable Diseases,low
ICD-9,7221,Intervertebral disc disorders — Displacement of thoracic or lumbar intervertebral disc without myelopathy,L1_01,Infectious and Communicable Diseases,low
ICD-9,7222,"Intervertebral disc disorders — Displacement of intervertebral disc, site unspecified, without myelopathy",L1_01,Infectious and Communicable Diseases,low
ICD-9,7223,Intervertebral disc disorders — Schmorl's nodes,L1_01,Infectious and Communicable Diseases,low
ICD-9,7224,Intervertebral disc disorders — Degeneration of cervical intervertebral disc,L1_05,Chronic Non-Communicable Diseases,low
ICD-9,7225,Intervertebral disc disorders — Degeneration of thoracic or lumbar intervertebral disc,L1_05,Chronic Non-Communicable Diseases,low
ICD-9,7226,"Intervertebral disc disorders — Degeneration of intervertebral disc, site unspecified",L1_05,Chronic Non-Communicable Diseases,low
ICD-9,7227,Intervertebral disc disorders — Intervertebral disc disorder with myelopathy,L1_01,Infectious and Communicable Diseases,low
ICD-9,7228,Intervertebral disc disorders — Postlaminectomy syndrome,L1_01,Infectious and Communicable Diseases,low
ICD-9,7229,Intervertebral disc disorders — Other and unspecified disc disorder,L1_01,Infectious and Communicable Diseases,low
ICD-9,7230,Other disorders of cervical region — Spinal stenosis in cervical region,L1_05,Chronic Non-Communicable Diseases,low
ICD-9,7231,Other disorders of cervical region — Cervicalgia,L1_05,Chronic Non-Communicable Diseases,low
ICD-9,7232,Other disorders of cervical region — Cervicocranial syndrome,L1_05,Chronic Non-Communicable Diseases,low
ICD-9,7233,Other disorders of cervical region — Cervicobrachial syndrome (diffuse),L1_05,Chronic Non-Communicable Diseases,low
ICD-9,7234,Other disorders of cervical region — Brachial neuritis or radiculitis nos,L1_05,Chronic Non-Communicable Diseases,medium
ICD-9,7235,"Other disorders of cervical region — Torticollis, unspecified",L1_05,Chronic Non-Communicable Diseases,low
ICD-9,7236,Other disorders of cervical region — Panniculitis specified as affecting neck,L1_05,Chronic Non-Communicable Diseases,low
ICD-9,7237,Other disorders of cervical region — Ossification of posterior longitudinal ligament in cervical region,L1_05,Chronic Non-Communicable Diseases,low
ICD-9,7238,Other disorders of cervical region — Other syndromes affecting cervical region,L1_05,Chronic Non-Communicable Diseases,low
ICD-9,7239,Other disorders of cervical region — Unspecified disorders and symptoms referable to neck,L1_05,Chronic Non-Communicable Diseases,low
ICD-9,7240,"Other and unspecified disorders of back — Spinal stenosis, other than cervical",L1_05,Chronic Non-Communicable Diseases,low
ICD-9,7241,Other and unspecified disorders of back — Pain in thoracic spine,L1_05,Chronic Non-Communicable Diseases,low
ICD-9,7242,Other and unspecified disorders of back — Lumbago,L1_05,Chronic Non-Communicable Diseases,low
ICD-9,7243,Other and unspecified disorders of back — Sciatica,L1_05,Chronic Non-Communicable Diseases,medium
ICD-9,7244,Other and unspecified disorders of back — Thoracic or lumbosacral neuritis or radiculitis nos,L1_05,Chronic Non-Communicable Diseases,medium
ICD-9,7245,"Other and unspecified disorders of back — Backache, unspecified",L1_05,Chronic Non-Communicable Diseases,low
ICD-9,7246,Other and unspecified disorders of back — Disorders of sacrum,L1_05,Chronic Non-Communicable Diseases,low
ICD-9,7247,Other and unspecified disorders of back — Disorders of coccyx,L1_05,Chronic Non-Communicable Diseases,low
ICD-9,7248,Other and unspecified disorders of back — Other symptoms referable to back,L1_05,Chronic Non-Communicable Diseases,low
ICD-9,7249,Other and unspecified disorders of back — Unspecified back disorders,L1_05,Chronic Non-Communicable Diseases,low
ICD-9,7250,Polymyalgia rheumatica — Polymyalgia rheumatica,L1_01,Infectious and Communicable Diseases,low
ICD-9,7260,Peripheral enthesopathies and allied syndromes — Adhesive capsulitis of shoulder,L1_01,Infectious and Communicable Diseases,low
ICD-9,7261,"Peripheral enthesopathies and allied syndromes — Rotator cuff syndrome of shoulder, and allied disorders",L1_01,Infectious and Communicable Diseases,low
ICD-9,7262,"Peripheral enthesopathies and allied syndromes — Other affections of shoulder region, not elsewhere classified",L1_01,Infectious and Communicable Diseases,low
ICD-9,7263,Peripheral enthesopathies and allied syndromes — Enthesopathy of elbow region,L1_01,Infectious and Communicable Diseases,low
ICD-9,7264,Peripheral enthesopathies and allied syndromes — Enthesopathy of wrist and carpus,L1_01,Infectious and Communicable Diseases,low
ICD-9,7265,Peripheral enthesopathies and allied syndromes — Enthesopathy of hip region,L1_01,Infectious and Communicable Diseases,low
ICD-9,7266,Peripheral enthesopathies and allied syndromes — Enthesopathy of knee,L1_01,Infectious and Communicable Diseases,low
ICD-9,7267,Peripheral enthesopathies and allied syndromes — Enthesopathy of ankle and tarsus,L1_01,Infectious and Communicable Diseases,low
ICD-9,7268,Peripheral enthesopathies and allied syndromes — Other peripheral enthesopathies,L1_01,Infectious and Communicable Diseases,low
ICD-9,7269,Peripheral enthesopathies and allied syndromes — Unspecified enthesopathy,L1_01,Infectious and Communicable Diseases,low
ICD-9,7270,"Other disorders of synovium, tendon and bursa — Synovitis and tenosynovitis",L1_05,Chronic Non-Communicable Diseases,low
ICD-9,7271,"Other disorders of synovium, tendon and bursa — Bunion",L1_05,Chronic Non-Communicable Diseases,low
ICD-9,7272,"Other disorders of synovium, tendon and bursa — Specific bursitides often of occupational origin",L1_06,Respiratory and Environmental Disease,low
ICD-9,7273,"Other disorders of synovium, tendon and bursa — Other bursitis",L1_05,Chronic Non-Communicable Diseases,low
ICD-9,7274,"Other disorders of synovium, tendon and bursa — Ganglion and cyst of synovium, tendon and bursa",L1_05,Chronic Non-Communicable Diseases,low
ICD-9,7275,"Other disorders of synovium, tendon and bursa — Rupture of synovium",L1_05,Chronic Non-Communicable Diseases,low
ICD-9,7276,"Other disorders of synovium, tendon and bursa — Rupture of tendon, nontraumatic",L1_05,Chronic Non-Communicable Diseases,low
ICD-9,7278,"Other disorders of synovium, tendon and bursa — Other",L1_05,Chronic Non-Communicable Diseases,low
ICD-9,7279,"Other disorders of synovium, tendon and bursa — Unspecified",L1_05,Chronic Non-Communicable Diseases,low
ICD-9,7280,"Disorders of muscle, ligament and fascia — Infective myositis",L1_05,Chronic Non-Communicable Diseases,low
ICD-9,7281,"Disorders of muscle, ligament and fascia — Muscular calcification and ossification",L1_05,Chronic Non-Communicable Diseases,low
ICD-9,7282,"Disorders of muscle, ligament and fascia — Muscular wasting and disuse atrophy, not elsewhere classified",L1_05,Chronic Non-Communicable Diseases,medium
ICD-9,7283,"Disorders of muscle, ligament and fascia — Other specific muscle disorders",L1_05,Chronic Non-Communicable Diseases,low
ICD-9,7284,"Disorders of muscle, ligament and fascia — Laxity of ligament",L1_05,Chronic Non-Communicable Diseases,low
ICD-9,7285,"Disorders of muscle, ligament and fascia — Hypermobility syndrome",L1_05,Chronic Non-Communicable Diseases,low
ICD-9,7286,"Disorders of muscle, ligament and fascia — Contracture of palmar fascia",L1_05,Chronic Non-Communicable Diseases,low
ICD-9,7287,"Disorders of muscle, ligament and fascia — Other fibromatoses",L1_05,Chronic Non-Communicable Diseases,low
ICD-9,7288,"Disorders of muscle, ligament and fascia — Other disorders of muscle, ligament and fascia",L1_05,Chronic Non-Communicable Diseases,low
ICD-9,7289,"Disorders of muscle, ligament and fascia — Unspecified",L1_05,Chronic Non-Communicable Diseases,low
ICD-9,7290,"Other disorders of soft tissues — Rheumatism, unspecified, and fibrositis",L1_05,Chronic Non-Communicable Diseases,low
ICD-9,7291,"Other disorders of soft tissues — Myalgia and myositis, unspecified",L1_05,Chronic Non-Communicable Diseases,low
ICD-9,7292,"Other disorders of soft tissues — Neuralgia, neuritis and radiculitis, unspecified",L1_05,Chronic Non-Communicable Diseases,high
ICD-9,7293,"Other disorders of soft tissues — Panniculitis, unspecified",L1_05,Chronic Non-Communicable Diseases,low
ICD-9,7294,"Other disorders of soft tissues — Fasciitis, unspecified",L1_05,Chronic Non-Communicable Diseases,low
ICD-9,7295,Other disorders of soft tissues — Pain in limb,L1_05,Chronic Non-Communicable Diseases,low
ICD-9,7296,Other disorders of soft tissues — Residual foreign body in soft tissue,L1_05,Chronic Non-Communicable Diseases,low
ICD-9,7298,Other disorders of soft tissues — Other symptoms referable to limbs,L1_05,Chronic Non-Communicable Diseases,low
ICD-9,7299,Other disorders of soft tissues — Other and unspecified disorders of soft tissue,L1_05,Chronic Non-Communicable Diseases,low
ICD-9,7300,"Osteomyelitis, periostitis and other infections involving bone — Acute osteomyelitis",L1_01,Infectious and Communicable Diseases,low
ICD-9,7301,"Osteomyelitis, periostitis and other infections involving bone — Chronic osteomyelitis",L1_05,Chronic Non-Communicable Diseases,low
ICD-9,7302,"Osteomyelitis, periostitis and other infections involving bone — Unspecified osteomyelitis",L1_01,Infectious and Communicable Diseases,low
ICD-9,7303,"Osteomyelitis, periostitis and other infections involving bone — Periostitis without mention of osteomyelitis",L1_01,Infectious and Communicable Diseases,low
ICD-9,7304,"Osteomyelitis, periostitis and other infections involving bone — Tuberculosis of spine",L1_01,Infectious and Communicable Diseases,medium
ICD-9,7305,"Osteomyelitis, periostitis and other infections involving bone — Tuberculosis of limb bones",L1_01,Infectious and Communicable Diseases,medium
ICD-9,7306,"Osteomyelitis, periostitis and other infections involving bone — Tuberculosis of other bones",L1_01,Infectious and Communicable Diseases,medium
ICD-9,7307,"Osteomyelitis, periostitis and other infections involving bone — Osteopathy resulting from poliomyelitis",L1_01,Infectious and Communicable Diseases,medium
ICD-9,7308,"Osteomyelitis, periostitis and other infections involving bone — Other infections involving bone",L1_01,Infectious and Communicable Diseases,low
ICD-9,7309,"Osteomyelitis, periostitis and other infections involving bone — Unspecified infection of bone",L1_01,Infectious and Communicable Diseases,low
ICD-9,7310,Osteitis deformans and osteopathies associated with other disorders classified elsewhere — Osteitis deformans without mention of bone tumour,L1_05,Chronic Non-Communicable Diseases,low
ICD-9,7311,Osteitis deformans and osteopathies associated with other disorders classified elsewhere — Osteitis deformans in diseases classified elsewhere,L1_01,Infectious and Communicable Diseases,low
ICD-9,7312,Osteitis deformans and osteopathies associated with other disorders classified elsewhere — Hypertrophic pulmonary osteoarthropathy,L1_01,Infectious and Communicable Diseases,low
ICD-9,7318,Osteitis deformans and osteopathies associated with other disorders classified elsewhere — Other bone involvement in diseases classified elsewhere,L1_01,Infectious and Communicable Diseases,low
ICD-9,7320,Osteochondropathies — Juvenile osteochondrosis of spine,L1_01,Infectious and Communicable Diseases,low
ICD-9,7321,Osteochondropathies — Juvenile osteochondrosis of hip and pelvis,L1_01,Infectious and Communicable Diseases,low
ICD-9,7322,Osteochondropathies — Nontraumatic slipped upper femoral epiphysis,L1_01,Infectious and Communicable Diseases,low
ICD-9,7323,Osteochondropathies — Juvenile osteochondrosis of upper extremity,L1_01,Infectious and Communicable Diseases,low
ICD-9,7324,"Osteochondropathies — Juvenile osteochondrosis of lower extremity, excluding foot",L1_01,Infectious and Communicable Diseases,low
ICD-9,7325,Osteochondropathies — Juvenile osteochondrosis of foot,L1_01,Infectious and Communicable Diseases,low
ICD-9,7326,Osteochondropathies — Other juvenile osteochondrosis,L1_01,Infectious and Communicable Diseases,low
ICD-9,7327,Osteochondropathies — Osteochondritis dissecans,L1_01,Infectious and Communicable Diseases,low
ICD-9,7328,Osteochondropathies — Other specified forms of osteochondropathy,L1_01,Infectious and Communicable Diseases,low
ICD-9,7329,Osteochondropathies — Unspecified osteochondropathy,L1_01,Infectious and Communicable Diseases,low
ICD-9,7330,Other disorders of bone and cartilage — Osteoporosis,L1_05,Chronic Non-Communicable Diseases,low
ICD-9,7331,Other disorders of bone and cartilage — Pathological fracture,L1_07,Injury and Accidental Harm,low
ICD-9,7332,Other disorders of bone and cartilage — Cyst of bone,L1_05,Chronic Non-Communicable Diseases,low
ICD-9,7333,Other disorders of bone and cartilage — Hyperostosis of skull,L1_05,Chronic Non-Communicable Diseases,low
ICD-9,7334,Other disorders of bone and cartilage — Aseptic necrosis of bone,L1_05,Chronic Non-Communicable Diseases,low
ICD-9,7335,Other disorders of bone and cartilage — Osteitis condensans,L1_05,Chronic Non-Communicable Diseases,low
ICD-9,7336,Other disorders of bone and cartilage — Tietze's disease,L1_05,Chronic Non-Communicable Diseases,low
ICD-9,7337,Other disorders of bone and cartilage — Algoneurodystrophy,L1_05,Chronic Non-Communicable Diseases,low
ICD-9,7338,Other disorders of bone and cartilage — Malunion and nonunion of fracture,L1_07,Injury and Accidental Harm,low
ICD-9,7339,Other disorders of bone and cartilage — Other and unspecified,L1_05,Chronic Non-Communicable Diseases,low
ICD-9,7340,Flat foot — Flat foot,L1_01,Infectious and Communicable Diseases,low
ICD-9,7350,Acquired deformities of toe — Hallux valgus (acquired),L1_03,Congenital and Developmental Conditions,low
ICD-9,7351,Acquired deformities of toe — Hallux varus (acquired),L1_03,Congenital and Developmental Conditions,low
ICD-9,7352,Acquired deformities of toe — Hallux rigidus,L1_03,Congenital and Developmental Conditions,low
ICD-9,7353,Acquired deformities of toe — Hallux malleus,L1_03,Congenital and Developmental Conditions,low
ICD-9,7354,Acquired deformities of toe — Other hammer toe (acquired),L1_03,Congenital and Developmental Conditions,low
ICD-9,7355,Acquired deformities of toe — Clawtoe (acquired),L1_03,Congenital and Developmental Conditions,low
ICD-9,7358,Acquired deformities of toe — Other,L1_03,Congenital and Developmental Conditions,low
ICD-9,7359,Acquired deformities of toe — Unspecified,L1_03,Congenital and Developmental Conditions,low
ICD-9,7360,"Other acquired deformities of limbs — Acquired deformities of forearm, excluding fingers",L1_03,Congenital and Developmental Conditions,low
ICD-9,7361,Other acquired deformities of limbs — Mallet finger,L1_03,Congenital and Developmental Conditions,low
ICD-9,7362,Other acquired deformities of limbs — Other acquired deformities of finger,L1_03,Congenital and Developmental Conditions,low
ICD-9,7363,Other acquired deformities of limbs — Acquired deformities of hip,L1_03,Congenital and Developmental Conditions,low
ICD-9,7364,Other acquired deformities of limbs — Genu valgum or varum (acquired),L1_03,Congenital and Developmental Conditions,low
ICD-9,7365,Other acquired deformities of limbs — Genu recurvatum (acquired),L1_03,Congenital and Developmental Conditions,low
ICD-9,7366,Other acquired deformities of limbs — Other acquired deformities of knee,L1_03,Congenital and Developmental Conditions,low
ICD-9,7367,Other acquired deformities of limbs — Other acquired deformities of ankle and foot,L1_03,Congenital and Developmental Conditions,low
ICD-9,7368,Other acquired deformities of limbs — Acquired deformities of other parts of limbs,L1_03,Congenital and Developmental Conditions,low
ICD-9,7369,"Other acquired deformities of limbs — Acquired deformity of limb, site unspecified",L1_03,Congenital and Developmental Conditions,low
ICD-9,7370,Curvature of spine — Adolescent postural kyphosis,L1_01,Infectious and Communicable Diseases,low
ICD-9,7371,Curvature of spine — Kyphosis (acquired),L1_01,Infectious and Communicable Diseases,low
ICD-9,7372,Curvature of spine — Lordosis (acquired) (postural),L1_01,Infectious and Communicable Diseases,low
ICD-9,7373,Curvature of spine — Kyphoscoliosis and scoliosis,L1_01,Infectious and Communicable Diseases,low
ICD-9,7374,Curvature of spine — Curvature of spine associated with other conditions,L1_01,Infectious and Communicable Diseases,low
ICD-9,7378,Curvature of spine — Other,L1_01,Infectious and Communicable Diseases,low
ICD-9,7379,Curvature of spine — Unspecified,L1_01,Infectious and Communicable Diseases,low
ICD-9,7380,Other acquired deformity — Acquired deformity of nose,L1_03,Congenital and Developmental Conditions,low
ICD-9,7381,Other acquired deformity — Other acquired deformity of head,L1_03,Congenital and Developmental Conditions,low
ICD-9,7382,Other acquired deformity — Acquired deformity of neck,L1_03,Congenital and Developmental Conditions,low
ICD-9,7383,Other acquired deformity — Acquired deformity of chest and rib,L1_03,Congenital and Developmental Conditions,low
ICD-9,7384,Other acquired deformity — Acquired spondylolisthesis,L1_03,Congenital and Developmental Conditions,low
ICD-9,7385,Other acquired deformity — Other acquired deformity of back or spine,L1_03,Congenital and Developmental Conditions,low
ICD-9,7386,Other acquired deformity — Acquired deformity of pelvis,L1_03,Congenital and Developmental Conditions,low
ICD-9,7387,Other acquired deformity — Cauliflower ear,L1_03,Congenital and Developmental Conditions,low
ICD-9,7388,Other acquired deformity — Acquired deformity of other specified site,L1_03,Congenital and Developmental Conditions,low
ICD-9,7389,Other acquired deformity — Acquired deformity of unspecified site,L1_03,Congenital and Developmental Conditions,low
ICD-9,7390,"Nonallopathic lesions, not elsewhere classified — Head region",L1_01,Infectious and Communicable Diseases,low
ICD-9,7391,"Nonallopathic lesions, not elsewhere classified — Cervical region",L1_01,Infectious and Communicable Diseases,low
ICD-9,7392,"Nonallopathic lesions, not elsewhere classified — Thoracic region",L1_01,Infectious and Communicable Diseases,low
ICD-9,7393,"Nonallopathic lesions, not elsewhere classified — Lumbar region",L1_01,Infectious and Communicable Diseases,low
ICD-9,7394,"Nonallopathic lesions, not elsewhere classified — Sacral region",L1_01,Infectious and Communicable Diseases,low
ICD-9,7395,"Nonallopathic lesions, not elsewhere classified — Pelvic region",L1_01,Infectious and Communicable Diseases,low
ICD-9,7396,"Nonallopathic lesions, not elsewhere classified — Lower extremities",L1_01,Infectious and Communicable Diseases,low
ICD-9,7397,"Nonallopathic lesions, not elsewhere classified — Upper extremities",L1_01,Infectious and Communicable Diseases,low
ICD-9,7398,"Nonallopathic lesions, not elsewhere classified — Rib cage",L1_01,Infectious and Communicable Diseases,low
ICD-9,7399,"Nonallopathic lesions, not elsewhere classified — Abdomen and other",L1_01,Infectious and Communicable Diseases,low
ICD-9,7400,Anencephalus and similar anomalies — Anencephalus,L1_01,Infectious and Communicable Diseases,low
ICD-9,7401,Anencephalus and similar anomalies — Craniorachischisis,L1_01,Infectious and Communicable Diseases,low
ICD-9,7402,Anencephalus and similar anomalies — Iniencephaly,L1_01,Infectious and Communicable Diseases,low
ICD-9,7410,Spina bifida — Spina bifida with hydrocephalus,L1_03,Congenital and Developmental Conditions,medium
ICD-9,7419,Spina bifida — Without mention of hydrocephalus,L1_03,Congenital and Developmental Conditions,medium
ICD-9,7420,Other congenital anomalies of nervous system — Encephalocele,L1_03,Congenital and Developmental Conditions,low
ICD-9,7421,Other congenital anomalies of nervous system — Microcephalus,L1_03,Congenital and Developmental Conditions,low
ICD-9,7422,Other congenital anomalies of nervous system — Reduction deformities of brain,L1_03,Congenital and Developmental Conditions,medium
ICD-9,7423,Other congenital anomalies of nervous system — Congenital hydrocephalus,L1_03,Congenital and Developmental Conditions,medium
ICD-9,7424,Other congenital anomalies of nervous system — Other specified anomalies of brain,L1_03,Congenital and Developmental Conditions,low
ICD-9,7425,Other congenital anomalies of nervous system — Other specified anomalies of spinal cord,L1_03,Congenital and Developmental Conditions,low
ICD-9,7428,Other congenital anomalies of nervous system — Other specified anomalies of nervous system,L1_03,Congenital and Developmental Conditions,low
ICD-9,7429,"Other congenital anomalies of nervous system — Unspecified anomalies of brain, spinal cord and nervous system",L1_03,Congenital and Developmental Conditions,low
ICD-9,7430,Congenital anomalies of eye — Anophthalmos,L1_03,Congenital and Developmental Conditions,low
ICD-9,7431,Congenital anomalies of eye — Microphthalmos,L1_03,Congenital and Developmental Conditions,low
ICD-9,7432,Congenital anomalies of eye — Buphthalmos,L1_03,Congenital and Developmental Conditions,low
ICD-9,7433,Congenital anomalies of eye — Congenital cataract and lens anomalies,L1_03,Congenital and Developmental Conditions,low
ICD-9,7434,Congenital anomalies of eye — Coloboma and other anomalies of anterior segments,L1_03,Congenital and Developmental Conditions,low
ICD-9,7435,Congenital anomalies of eye — Congenital anomalies of posterior segment,L1_03,Congenital and Developmental Conditions,low
ICD-9,7436,"Congenital anomalies of eye — Congenital anomalies of eyelids, lacrimal system and orbit",L1_03,Congenital and Developmental Conditions,low
ICD-9,7438,Congenital anomalies of eye — Other specified anomalies of eye,L1_03,Congenital and Developmental Conditions,low
ICD-9,7439,Congenital anomalies of eye — Unspecified anomalies of eye,L1_03,Congenital and Developmental Conditions,low
ICD-9,7440,"Congenital anomalies of ear, face and neck — Anomalies of ear causing impairment of hearing",L1_03,Congenital and Developmental Conditions,low
ICD-9,7441,"Congenital anomalies of ear, face and neck — Accessory auricle",L1_03,Congenital and Developmental Conditions,low
ICD-9,7442,"Congenital anomalies of ear, face and neck — Other specified anomalies of ear",L1_03,Congenital and Developmental Conditions,low
ICD-9,7443,"Congenital anomalies of ear, face and neck — Unspecified anomalies of ear",L1_03,Congenital and Developmental Conditions,low
ICD-9,7444,"Congenital anomalies of ear, face and neck — Branchial cleft, cyst or fistula; preauricular sinus",L1_03,Congenital and Developmental Conditions,low
ICD-9,7445,"Congenital anomalies of ear, face and neck — Webbing of neck",L1_03,Congenital and Developmental Conditions,low
ICD-9,7448,"Congenital anomalies of ear, face and neck — Other specified anomalies of face and neck",L1_03,Congenital and Developmental Conditions,low
ICD-9,7449,"Congenital anomalies of ear, face and neck — Unspecified anomalies of face and neck",L1_03,Congenital and Developmental Conditions,low
ICD-9,7450,Bulbus cordis anomalies and anomalies of cardiac septal closure — Common truncus,L1_01,Infectious and Communicable Diseases,low
ICD-9,7451,Bulbus cordis anomalies and anomalies of cardiac septal closure — Transposition of great vessels,L1_01,Infectious and Communicable Diseases,low
ICD-9,7452,Bulbus cordis anomalies and anomalies of cardiac septal closure — Tetralogy of Fallot,L1_01,Infectious and Communicable Diseases,low
ICD-9,7453,Bulbus cordis anomalies and anomalies of cardiac septal closure — Common ventricle,L1_01,Infectious and Communicable Diseases,low
ICD-9,7454,Bulbus cordis anomalies and anomalies of cardiac septal closure — Ventricular septal defect,L1_01,Infectious and Communicable Diseases,low
ICD-9,7455,Bulbus cordis anomalies and anomalies of cardiac septal closure — Ostium secundum type atrial septal defect,L1_01,Infectious and Communicable Diseases,low
ICD-9,7456,Bulbus cordis anomalies and anomalies of cardiac septal closure — Endocardial cushion defects,L1_01,Infectious and Communicable Diseases,low
ICD-9,7457,Bulbus cordis anomalies and anomalies of cardiac septal closure — Cor biloculare,L1_01,Infectious and Communicable Diseases,low
ICD-9,7458,Bulbus cordis anomalies and anomalies of cardiac septal closure — Other,L1_01,Infectious and Communicable Diseases,low
ICD-9,7459,Bulbus cordis anomalies and anomalies of cardiac septal closure — Unspecified defect of septal closure,L1_01,Infectious and Communicable Diseases,low
ICD-9,7460,Other congenital anomalies of heart — Anomalies of pulmonary valve,L1_03,Congenital and Developmental Conditions,low
ICD-9,7461,"Other congenital anomalies of heart — Tricuspid atresia and stenosis, congenital",L1_03,Congenital and Developmental Conditions,low
ICD-9,7462,Other congenital anomalies of heart — Ebstein's anomaly,L1_03,Congenital and Developmental Conditions,low
ICD-9,7463,Other congenital anomalies of heart — Congenital stenosis of aortic valve,L1_03,Congenital and Developmental Conditions,low
ICD-9,7464,Other congenital anomalies of heart — Congenital insufficiency of aortic valve,L1_03,Congenital and Developmental Conditions,low
ICD-9,7465,Other congenital anomalies of heart — Congenital mitral stenosis,L1_03,Congenital and Developmental Conditions,low
ICD-9,7466,Other congenital anomalies of heart — Congenital mitral insufficiency,L1_03,Congenital and Developmental Conditions,low
ICD-9,7467,Other congenital anomalies of heart — Hypoplastic left heart syndrome,L1_03,Congenital and Developmental Conditions,low
ICD-9,7468,Other congenital anomalies of heart — Other specified anomalies of heart,L1_03,Congenital and Developmental Conditions,low
ICD-9,7469,Other congenital anomalies of heart — Unspecified anomalies of heart,L1_03,Congenital and Developmental Conditions,low
ICD-9,7470,Other congenital anomalies of circulatory system — Patent ductus arteriosus,L1_03,Congenital and Developmental Conditions,low
ICD-9,7471,Other congenital anomalies of circulatory system — Coarctation of aorta,L1_03,Congenital and Developmental Conditions,low
ICD-9,7472,Other congenital anomalies of circulatory system — Other anomalies of aorta,L1_03,Congenital and Developmental Conditions,low
ICD-9,7473,Other congenital anomalies of circulatory system — Anomalies of pulmonary artery,L1_03,Congenital and Developmental Conditions,low
ICD-9,7474,Other congenital anomalies of circulatory system — Anomalies of great veins,L1_03,Congenital and Developmental Conditions,low
ICD-9,7475,Other congenital anomalies of circulatory system — Absence or hypoplasia of umbilical artery,L1_03,Congenital and Developmental Conditions,low
ICD-9,7476,Other congenital anomalies of circulatory system — Other anomalies of peripheral vascular system,L1_03,Congenital and Developmental Conditions,low
ICD-9,7478,Other congenital anomalies of circulatory system — Other specified anomalies of circulatory system,L1_03,Congenital and Developmental Conditions,low
ICD-9,7479,Other congenital anomalies of circulatory system — Unspecified anomalies of circulatory system,L1_03,Congenital and Developmental Conditions,low
ICD-9,7480,Congenital anomalies of respiratory system — Choanal atresia,L1_06,Respiratory and Environmental Disease,medium
ICD-9,7481,Congenital anomalies of respiratory system — Other anomalies of nose,L1_06,Respiratory and Environmental Disease,medium
ICD-9,7482,Congenital anomalies of respiratory system — Web of larynx,L1_06,Respiratory and Environmental Disease,medium
ICD-9,7483,"Congenital anomalies of respiratory system — Other anomalies of larynx, trachea and bronchus",L1_06,Respiratory and Environmental Disease,medium
ICD-9,7484,Congenital anomalies of respiratory system — Congenital cystic lung,L1_06,Respiratory and Environmental Disease,medium
ICD-9,7485,"Congenital anomalies of respiratory system — Agenesis, hypoplasia and dysplasia of lung",L1_06,Respiratory and Environmental Disease,medium
ICD-9,7486,Congenital anomalies of respiratory system — Other anomalies of lung,L1_06,Respiratory and Environmental Disease,medium
ICD-9,7488,Congenital anomalies of respiratory system — Other specified anomalies of respiratory system,L1_06,Respiratory and Environmental Disease,medium
ICD-9,7489,Congenital anomalies of respiratory system — Unspecified anomalies of respiratory system,L1_06,Respiratory and Environmental Disease,medium
ICD-9,7490,Cleft palate and cleft lip — Cleft palate,L1_03,Congenital and Developmental Conditions,low
ICD-9,7491,Cleft palate and cleft lip — Cleft lip,L1_03,Congenital and Developmental Conditions,low
ICD-9,7492,Cleft palate and cleft lip — Cleft palate with cleft lip,L1_03,Congenital and Developmental Conditions,low
ICD-9,7500,Other congenital anomalies of upper alimentary tract — Tongue tie,L1_03,Congenital and Developmental Conditions,low
ICD-9,7501,Other congenital anomalies of upper alimentary tract — Other anomalies of tongue,L1_03,Congenital and Developmental Conditions,low
ICD-9,7502,Other congenital anomalies of upper alimentary tract — Other specified anomalies of mouth and pharynx,L1_03,Congenital and Developmental Conditions,low
ICD-9,7503,"Other congenital anomalies of upper alimentary tract — Tracheo-oesophageal fistula, oesophageal atresia and stenosis",L1_03,Congenital and Developmental Conditions,low
ICD-9,7504,Other congenital anomalies of upper alimentary tract — Other specified anomalies of oesophagus,L1_03,Congenital and Developmental Conditions,low
ICD-9,7505,Other congenital anomalies of upper alimentary tract — Congenital hypertrophic pyloric stenosis,L1_03,Congenital and Developmental Conditions,low
ICD-9,7506,Other congenital anomalies of upper alimentary tract — Congenital hiatus hernia,L1_03,Congenital and Developmental Conditions,low
ICD-9,7507,Other congenital anomalies of upper alimentary tract — Other specified anomalies of stomach,L1_03,Congenital and Developmental Conditions,low
ICD-9,7508,Other congenital anomalies of upper alimentary tract — Other specified anomalies of upper alimentary tract,L1_03,Congenital and Developmental Conditions,low
ICD-9,7509,Other congenital anomalies of upper alimentary tract — Unspecified anomalies of upper alimentary tract,L1_03,Congenital and Developmental Conditions,low
ICD-9,7510,Other congenital anomalies of digestive system — Meckel's diverticulum,L1_03,Congenital and Developmental Conditions,low
ICD-9,7511,Other congenital anomalies of digestive system — Atresia and stenosis of small intestine,L1_03,Congenital and Developmental Conditions,low
ICD-9,7512,"Other congenital anomalies of digestive system — Atresia and stenosis of large intestine, rectum and anal canal",L1_03,Congenital and Developmental Conditions,low
ICD-9,7513,Other congenital anomalies of digestive system — Hirschsprung's disease and other congenital functional disorders of colon,L1_05,Chronic Non-Communicable Diseases,low
ICD-9,7514,Other congenital anomalies of digestive system — Anomalies of intestinal fixation,L1_03,Congenital and Developmental Conditions,low
ICD-9,7515,Other congenital anomalies of digestive system — Other anomalies of intestine,L1_03,Congenital and Developmental Conditions,low
ICD-9,7516,"Other congenital anomalies of digestive system — Anomalies of gallbladder, bile ducts and liver",L1_03,Congenital and Developmental Conditions,low
ICD-9,7517,Other congenital anomalies of digestive system — Anomalies of pancreas,L1_03,Congenital and Developmental Conditions,low
ICD-9,7518,Other congenital anomalies of digestive system — Other specified anomalies of digestive system,L1_03,Congenital and Developmental Conditions,low
ICD-9,7519,Other congenital anomalies of digestive system — Unspecified anomalies of digestive system,L1_03,Congenital and Developmental Conditions,low
ICD-9,7520,Congenital anomalies of genital organs — Anomalies of ovaries,L1_03,Congenital and Developmental Conditions,low
ICD-9,7521,Congenital anomalies of genital organs — Anomalies of fallopian tubes and broad ligaments,L1_03,Congenital and Developmental Conditions,low
ICD-9,7522,Congenital anomalies of genital organs — Doubling of uterus,L1_03,Congenital and Developmental Conditions,low
ICD-9,7523,Congenital anomalies of genital organs — Other anomalies of uterus,L1_03,Congenital and Developmental Conditions,low
ICD-9,7524,"Congenital anomalies of genital organs — Anomalies of cervix, vagina and external female genitalia",L1_03,Congenital and Developmental Conditions,low
ICD-9,7525,Congenital anomalies of genital organs — Undescended testicle,L1_03,Congenital and Developmental Conditions,low
ICD-9,7526,Congenital anomalies of genital organs — Hypospadias and epispadias,L1_03,Congenital and Developmental Conditions,low
ICD-9,7527,Congenital anomalies of genital organs — Indeterminate sex and pseudohermaphroditism,L1_03,Congenital and Developmental Conditions,low
ICD-9,7528,Congenital anomalies of genital organs — Other specified anomalies of genital organs,L1_03,Congenital and Developmental Conditions,low
ICD-9,7529,Congenital anomalies of genital organs — Unspecified anomalies of genital organs,L1_03,Congenital and Developmental Conditions,low
ICD-9,7530,Congenital anomalies of urinary system — Renal agenesis and dysgenesis,L1_03,Congenital and Developmental Conditions,low
ICD-9,7531,Congenital anomalies of urinary system — Cystic kidney disease,L1_03,Congenital and Developmental Conditions,low
ICD-9,7532,Congenital anomalies of urinary system — Obstructive defects of renal pelvis and ureter,L1_03,Congenital and Developmental Conditions,low
ICD-9,7533,Congenital anomalies of urinary system — Other specified anomalies of kidney,L1_03,Congenital and Developmental Conditions,low
ICD-9,7534,Congenital anomalies of urinary system — Other specified anomalies of ureter,L1_03,Congenital and Developmental Conditions,low
ICD-9,7535,Congenital anomalies of urinary system — Exstrophy of urinary bladder,L1_03,Congenital and Developmental Conditions,low
ICD-9,7536,Congenital anomalies of urinary system — Atresia and stenosis of urethra and bladder neck,L1_03,Congenital and Developmental Conditions,low
ICD-9,7537,Congenital anomalies of urinary system — Anomalies of urachus,L1_03,Congenital and Developmental Conditions,low
ICD-9,7538,Congenital anomalies of urinary system — Other specified anomalies of bladder and urethra,L1_03,Congenital and Developmental Conditions,low
ICD-9,7539,Congenital anomalies of urinary system — Unspecified anomalies of urinary system,L1_03,Congenital and Developmental Conditions,low
ICD-9,7540,"Certain congenital musculoskeletal deformities — Of skull, face and jaw",L1_03,Congenital and Developmental Conditions,medium
ICD-9,7541,Certain congenital musculoskeletal deformities — Of sternocleidomastoid muscle,L1_03,Congenital and Developmental Conditions,medium
ICD-9,7542,Certain congenital musculoskeletal deformities — Of spine,L1_03,Congenital and Developmental Conditions,medium
ICD-9,7543,Certain congenital musculoskeletal deformities — Congenital dislocation of hip,L1_03,Congenital and Developmental Conditions,medium
ICD-9,7544,Certain congenital musculoskeletal deformities — Congenital genu recurvatum and bowing of long bones of leg,L1_03,Congenital and Developmental Conditions,medium
ICD-9,7545,Certain congenital musculoskeletal deformities — Varus deformities of feet,L1_03,Congenital and Developmental Conditions,medium
ICD-9,7546,Certain congenital musculoskeletal deformities — Valgus deformities of feet,L1_03,Congenital and Developmental Conditions,medium
ICD-9,7547,Certain congenital musculoskeletal deformities — Other deformities of feet,L1_03,Congenital and Developmental Conditions,medium
ICD-9,7548,Certain congenital musculoskeletal deformities — Other specified,L1_03,Congenital and Developmental Conditions,medium
ICD-9,7550,Other congenital anomalies of limbs — Polydactyly,L1_03,Congenital and Developmental Conditions,low
ICD-9,7551,Other congenital anomalies of limbs — Syndactyly,L1_03,Congenital and Developmental Conditions,low
ICD-9,7552,Other congenital anomalies of limbs — Reduction deformities of upper limb,L1_03,Congenital and Developmental Conditions,medium
ICD-9,7553,Other congenital anomalies of limbs — Reduction deformities of lower limb,L1_03,Congenital and Developmental Conditions,medium
ICD-9,7554,"Other congenital anomalies of limbs — Reduction deformities, unspecified limb",L1_03,Congenital and Developmental Conditions,medium
ICD-9,7555,"Other congenital anomalies of limbs — Other anomalies of upper limb, including shoulder girdle",L1_03,Congenital and Developmental Conditions,low
ICD-9,7556,"Other congenital anomalies of limbs — Other anomalies of lower limb, including pelvic girdle",L1_03,Congenital and Developmental Conditions,low
ICD-9,7558,Other congenital anomalies of limbs — Other specified anomalies of unspecified limb,L1_03,Congenital and Developmental Conditions,low
ICD-9,7559,Other congenital anomalies of limbs — Unspecified anomalies of unspecified limb,L1_03,Congenital and Developmental Conditions,low
ICD-9,7560,Other congenital musculoskeletal anomalies — Anomalies of skull and face bones,L1_03,Congenital and Developmental Conditions,low
ICD-9,7561,Other congenital musculoskeletal anomalies — Anomalies of spine,L1_03,Congenital and Developmental Conditions,low
ICD-9,7562,Other congenital musculoskeletal anomalies — Cervical rib,L1_03,Congenital and Developmental Conditions,low
ICD-9,7563,Other congenital musculoskeletal anomalies — Other anomalies of ribs and sternum,L1_03,Congenital and Developmental Conditions,low
ICD-9,7564,Other congenital musculoskeletal anomalies — Chondrodystrophy,L1_03,Congenital and Developmental Conditions,low
ICD-9,7565,Other congenital musculoskeletal anomalies — Osteodystrophies,L1_03,Congenital and Developmental Conditions,low
ICD-9,7566,Other congenital musculoskeletal anomalies — Anomalies of diaphragm,L1_03,Congenital and Developmental Conditions,low
ICD-9,7567,Other congenital musculoskeletal anomalies — Anomalies of abdominal wall,L1_03,Congenital and Developmental Conditions,low
ICD-9,7568,"Other congenital musculoskeletal anomalies — Other specified anomalies of muscle, tendon, fascia and connective tissue",L1_03,Congenital and Developmental Conditions,low
ICD-9,7569,Other congenital musculoskeletal anomalies — Unspecified anomalies of musculoskeletal system,L1_03,Congenital and Developmental Conditions,low
ICD-9,7570,Congenital anomalies of the integument — Hereditary oedema of legs,L1_03,Congenital and Developmental Conditions,medium
ICD-9,7571,Congenital anomalies of the integument — Ichthyosis congenita,L1_03,Congenital and Developmental Conditions,low
ICD-9,7572,Congenital anomalies of the integument — Dermatoglyphic anomalies,L1_03,Congenital and Developmental Conditions,low
ICD-9,7573,Congenital anomalies of the integument — Other specified anomalies of skin,L1_03,Congenital and Developmental Conditions,low
ICD-9,7574,Congenital anomalies of the integument — Specified anomalies of hair,L1_03,Congenital and Developmental Conditions,low
ICD-9,7575,Congenital anomalies of the integument — Specified anomalies of nails,L1_03,Congenital and Developmental Conditions,low
ICD-9,7576,Congenital anomalies of the integument — Specified anomalies of breast,L1_03,Congenital and Developmental Conditions,low
ICD-9,7578,Congenital anomalies of the integument — Other specified anomalies of the integument,L1_03,Congenital and Developmental Conditions,low
ICD-9,7579,Congenital anomalies of the integument — Unspecified anomalies of the integument,L1_03,Congenital and Developmental Conditions,low
ICD-9,7580,Chromosomal anomalies — Down's syndrome,L1_01,Infectious and Communicable Diseases,low
ICD-9,7581,Chromosomal anomalies — Patau's syndrome,L1_01,Infectious and Communicable Diseases,low
ICD-9,7582,Chromosomal anomalies — Edwards's syndrome,L1_01,Infectious and Communicable Diseases,low
ICD-9,7583,Chromosomal anomalies — Autosomal deletion syndromes,L1_01,Infectious and Communicable Diseases,low
ICD-9,7584,Chromosomal anomalies — Balanced autosomal translocation in normal individual,L1_01,Infectious and Communicable Diseases,low
ICD-9,7585,Chromosomal anomalies — Other conditions due to autosomal anomalies,L1_01,Infectious and Communicable Diseases,low
ICD-9,7586,Chromosomal anomalies — Gonadal dysgenesis,L1_01,Infectious and Communicable Diseases,low
ICD-9,7587,Chromosomal anomalies — Klinefelter's syndrome,L1_01,Infectious and Communicable Diseases,low
ICD-9,7588,Chromosomal anomalies — Other conditions due to sex chromosome anomalies,L1_01,Infectious and Communicable Diseases,low
ICD-9,7589,Chromosomal anomalies — Conditions due to anomaly of unspecified chromosome,L1_01,Infectious and Communicable Diseases,low
ICD-9,7590,Other and unspecified congenital anomalies — Anomalies of spleen,L1_03,Congenital and Developmental Conditions,low
ICD-9,7591,Other and unspecified congenital anomalies — Anomalies of adrenal gland,L1_03,Congenital and Developmental Conditions,low
ICD-9,7592,Other and unspecified congenital anomalies — Anomalies of other endocrine glands,L1_03,Congenital and Developmental Conditions,low
ICD-9,7593,Other and unspecified congenital anomalies — Situs inversus,L1_03,Congenital and Developmental Conditions,low
ICD-9,7594,Other and unspecified congenital anomalies — Conjoined twins,L1_03,Congenital and Developmental Conditions,low
ICD-9,7595,Other and unspecified congenital anomalies — Tuberous sclerosis,L1_03,Congenital and Developmental Conditions,low
ICD-9,7596,"Other and unspecified congenital anomalies — Other hamartoses, not elsewhere classified",L1_03,Congenital and Developmental Conditions,low
ICD-9,7597,"Other and unspecified congenital anomalies — Multiple congenital anomalies, so described",L1_03,Congenital and Developmental Conditions,low
ICD-9,7598,Other and unspecified congenital anomalies — Other specified anomalies,L1_03,Congenital and Developmental Conditions,low
ICD-9,7599,"Other and unspecified congenital anomalies — Congenital anomaly, unspecified",L1_03,Congenital and Developmental Conditions,low
ICD-9,7600,Fetus or newborn affected by maternal conditions which may be unrelated to present pregnancy — Maternal hypertensive disorders,L1_02,Maternal and Early-Life Mortality,high
ICD-9,7601,Fetus or newborn affected by maternal conditions which may be unrelated to present pregnancy — Maternal renal and urinary tract diseases,L1_02,Maternal and Early-Life Mortality,high
ICD-9,7602,Fetus or newborn affected by maternal conditions which may be unrelated to present pregnancy — Maternal infections,L1_02,Maternal and Early-Life Mortality,high
ICD-9,7603,Fetus or newborn affected by maternal conditions which may be unrelated to present pregnancy — Other chronic maternal circulatory and respiratory diseases,L1_02,Maternal and Early-Life Mortality,high
ICD-9,7604,Fetus or newborn affected by maternal conditions which may be unrelated to present pregnancy — Maternal nutritional disorders,L1_02,Maternal and Early-Life Mortality,high
ICD-9,7605,Fetus or newborn affected by maternal conditions which may be unrelated to present pregnancy — Maternal injury,L1_02,Maternal and Early-Life Mortality,high
ICD-9,7606,Fetus or newborn affected by maternal conditions which may be unrelated to present pregnancy — Surgical operation on mother,L1_02,Maternal and Early-Life Mortality,high
ICD-9,7607,Fetus or newborn affected by maternal conditions which may be unrelated to present pregnancy — Noxious influences transmitted via placenta or breast milk,L1_02,Maternal and Early-Life Mortality,high
ICD-9,7608,Fetus or newborn affected by maternal conditions which may be unrelated to present pregnancy — Other,L1_02,Maternal and Early-Life Mortality,high
ICD-9,7609,Fetus or newborn affected by maternal conditions which may be unrelated to present pregnancy — Unspecified,L1_02,Maternal and Early-Life Mortality,high
ICD-9,7610,Fetus or newborn affected by maternal complications of pregnancy — Incompetent cervix,L1_02,Maternal and Early-Life Mortality,high
ICD-9,7611,Fetus or newborn affected by maternal complications of pregnancy — Premature rupture of membranes,L1_02,Maternal and Early-Life Mortality,high
ICD-9,7612,Fetus or newborn affected by maternal complications of pregnancy — Oligohydramnios,L1_02,Maternal and Early-Life Mortality,high
ICD-9,7613,Fetus or newborn affected by maternal complications of pregnancy — Polyhydramnios,L1_02,Maternal and Early-Life Mortality,high
ICD-9,7614,Fetus or newborn affected by maternal complications of pregnancy — Ectopic pregnancy,L1_02,Maternal and Early-Life Mortality,high
ICD-9,7615,Fetus or newborn affected by maternal complications of pregnancy — Multiple pregnancy,L1_02,Maternal and Early-Life Mortality,high
ICD-9,7616,Fetus or newborn affected by maternal complications of pregnancy — Maternal death,L1_02,Maternal and Early-Life Mortality,high
ICD-9,7617,Fetus or newborn affected by maternal complications of pregnancy — Malpresentation before labour,L1_02,Maternal and Early-Life Mortality,high
ICD-9,7618,Fetus or newborn affected by maternal complications of pregnancy — Other,L1_02,Maternal and Early-Life Mortality,high
ICD-9,7619,Fetus or newborn affected by maternal complications of pregnancy — Unspecified,L1_02,Maternal and Early-Life Mortality,high
ICD-9,7620,Fetus or newborn affected by complications of placenta cord and membranes — Placenta praevia,L1_02,Maternal and Early-Life Mortality,high
ICD-9,7621,Fetus or newborn affected by complications of placenta cord and membranes — Other forms of placental separation and haemorrhage,L1_02,Maternal and Early-Life Mortality,low
ICD-9,7622,Fetus or newborn affected by complications of placenta cord and membranes — Other and unspecified morphological and functional abnormalities of placenta,L1_02,Maternal and Early-Life Mortality,low
ICD-9,7623,Fetus or newborn affected by complications of placenta cord and membranes — Placental transfusion syndromes,L1_02,Maternal and Early-Life Mortality,low
ICD-9,7624,Fetus or newborn affected by complications of placenta cord and membranes — Prolapsed cord,L1_02,Maternal and Early-Life Mortality,low
ICD-9,7625,Fetus or newborn affected by complications of placenta cord and membranes — Other compression of umbilical cord,L1_02,Maternal and Early-Life Mortality,low
ICD-9,7626,Fetus or newborn affected by complications of placenta cord and membranes — Other and unspecified conditions of umbilical cord,L1_02,Maternal and Early-Life Mortality,low
ICD-9,7627,Fetus or newborn affected by complications of placenta cord and membranes — Chorioamnionitis,L1_02,Maternal and Early-Life Mortality,low
ICD-9,7628,Fetus or newborn affected by complications of placenta cord and membranes — Other abnormalities of chorion and amnion,L1_02,Maternal and Early-Life Mortality,low
ICD-9,7629,Fetus or newborn affected by complications of placenta cord and membranes — Unspecified abnormality of chorion and amnion,L1_02,Maternal and Early-Life Mortality,low
ICD-9,7630,Fetus or newborn affected by other complications of labour and delivery — Breech delivery and extraction,L1_02,Maternal and Early-Life Mortality,medium
ICD-9,7631,"Fetus or newborn affected by other complications of labour and delivery — Other malpresentation, malposition and disproportion during labour and delivery",L1_02,Maternal and Early-Life Mortality,medium
ICD-9,7632,Fetus or newborn affected by other complications of labour and delivery — Forceps delivery,L1_02,Maternal and Early-Life Mortality,medium
ICD-9,7633,Fetus or newborn affected by other complications of labour and delivery — Delivery by vacuum extractor,L1_02,Maternal and Early-Life Mortality,medium
ICD-9,7634,Fetus or newborn affected by other complications of labour and delivery — Caesarean delivery,L1_02,Maternal and Early-Life Mortality,medium
ICD-9,7635,Fetus or newborn affected by other complications of labour and delivery — Maternal anaesthesia and analgesia,L1_02,Maternal and Early-Life Mortality,high
ICD-9,7636,Fetus or newborn affected by other complications of labour and delivery — Precipitate delivery,L1_02,Maternal and Early-Life Mortality,medium
ICD-9,7637,Fetus or newborn affected by other complications of labour and delivery — Abnormal uterine contractions,L1_02,Maternal and Early-Life Mortality,medium
ICD-9,7638,Fetus or newborn affected by other complications of labour and delivery — Other complications of labour and delivery,L1_02,Maternal and Early-Life Mortality,medium
ICD-9,7639,Fetus or newborn affected by other complications of labour and delivery — Unspecified,L1_02,Maternal and Early-Life Mortality,medium
ICD-9,7640,Slow fetal growth and fetal malnutrition — Light-for-dates without mention of fetal malnutrition,L1_03,Congenital and Developmental Conditions,low
ICD-9,7641,Slow fetal growth and fetal malnutrition — Light-for-dates with signs of fetal malnutrition,L1_03,Congenital and Developmental Conditions,low
ICD-9,7642,"Slow fetal growth and fetal malnutrition — Fetal malnutrition without mention of ""light-for-dates""",L1_03,Congenital and Developmental Conditions,low
ICD-9,7649,"Slow fetal growth and fetal malnutrition — Fetal growth retardation, unspecified",L1_03,Congenital and Developmental Conditions,low
ICD-9,7650,Disorders relating to short gestation and unspecified low birthweight — Extreme immaturity,L1_02,Maternal and Early-Life Mortality,low
ICD-9,7651,Disorders relating to short gestation and unspecified low birthweight — Other preterm infants,L1_01,Infectious and Communicable Diseases,low
ICD-9,7660,Disorders relating to long gestation and high birthweight — Exceptionally large baby,L1_01,Infectious and Communicable Diseases,low
ICD-9,7661,"Disorders relating to long gestation and high birthweight — Other ""heavy-for-dates"" infants",L1_01,Infectious and Communicable Diseases,low
ICD-9,7662,"Disorders relating to long gestation and high birthweight — Post-term infant, not ""heavy-for-dates""",L1_01,Infectious and Communicable Diseases,low
ICD-9,7670,Birth trauma — Subdural and cerebral haemorrhage,L1_05,Chronic Non-Communicable Diseases,low
ICD-9,7671,Birth trauma — Injuries to scalp,L1_07,Injury and Accidental Harm,low
ICD-9,7672,Birth trauma — Fracture of clavicle,L1_07,Injury and Accidental Harm,low
ICD-9,7673,Birth trauma — Other injuries to skeleton,L1_07,Injury and Accidental Harm,low
ICD-9,7674,Birth trauma — Injury to spine and spinal cord,L1_07,Injury and Accidental Harm,low
ICD-9,7675,Birth trauma — Facial nerve injury,L1_07,Injury and Accidental Harm,low
ICD-9,7676,Birth trauma — Injury to brachial plexus,L1_07,Injury and Accidental Harm,low
ICD-9,7677,Birth trauma — Other cranial and peripheral nerve injuries,L1_07,Injury and Accidental Harm,low
ICD-9,7678,Birth trauma — Other,L1_01,Infectious and Communicable Diseases,low
ICD-9,7679,Birth trauma — Unspecified,L1_01,Infectious and Communicable Diseases,low
ICD-9,7680,Intrauterine hypoxia and birth asphyxia — Fetal death from asphyxia or anoxia before onset of labour or at unspecified time,L1_01,Infectious and Communicable Diseases,low
ICD-9,7681,Intrauterine hypoxia and birth asphyxia — Fetal death from asphyxia or anoxia during labour,L1_01,Infectious and Communicable Diseases,low
ICD-9,7682,"Intrauterine hypoxia and birth asphyxia — Fetal distress before onset of labour, in liveborn infant",L1_01,Infectious and Communicable Diseases,low
ICD-9,7683,"Intrauterine hypoxia and birth asphyxia — Fetal distress first noted during labour, in liveborn infant",L1_01,Infectious and Communicable Diseases,low
ICD-9,7684,"Intrauterine hypoxia and birth asphyxia — Fetal distress, unspecified, in liveborn infant",L1_01,Infectious and Communicable Diseases,low
ICD-9,7685,Intrauterine hypoxia and birth asphyxia — Severe birth asphyxia,L1_01,Infectious and Communicable Diseases,low
ICD-9,7686,Intrauterine hypoxia and birth asphyxia — Mild or moderate birth asphyxia,L1_01,Infectious and Communicable Diseases,low
ICD-9,7689,Intrauterine hypoxia and birth asphyxia — Unspecified birth asphyxia in liveborn infant,L1_01,Infectious and Communicable Diseases,low
ICD-9,7690,Respiratory distress syndrome — Respiratory distress syndrome,L1_06,Respiratory and Environmental Disease,low
ICD-9,7700,Other respiratory conditions of fetus and newborn — Congenital pneumonia,L1_06,Respiratory and Environmental Disease,medium
ICD-9,7701,Other respiratory conditions of fetus and newborn — Massive aspiration syndrome,L1_02,Maternal and Early-Life Mortality,low
ICD-9,7702,Other respiratory conditions of fetus and newborn — Interstitial emphysema and related conditions,L1_06,Respiratory and Environmental Disease,medium
ICD-9,7703,Other respiratory conditions of fetus and newborn — Pulmonary haemorrhage,L1_02,Maternal and Early-Life Mortality,low
ICD-9,7704,Other respiratory conditions of fetus and newborn — Primary atelectasis,L1_06,Respiratory and Environmental Disease,medium
ICD-9,7705,Other respiratory conditions of fetus and newborn — Other and unspecified atelectasis,L1_06,Respiratory and Environmental Disease,medium
ICD-9,7706,Other respiratory conditions of fetus and newborn — Transitory tachypnoea of newborn,L1_02,Maternal and Early-Life Mortality,low
ICD-9,7707,Other respiratory conditions of fetus and newborn — Chronic respiratory disease arising in the perinatal period,L1_02,Maternal and Early-Life Mortality,low
ICD-9,7708,Other respiratory conditions of fetus and newborn — Other respiratory problems after birth,L1_02,Maternal and Early-Life Mortality,low
ICD-9,7709,Other respiratory conditions of fetus and newborn — Unspecified,L1_02,Maternal and Early-Life Mortality,low
ICD-9,7710,Infections specific to the perinatal period — Congenital rubella,L1_01,Infectious and Communicable Diseases,medium
ICD-9,7711,Infections specific to the perinatal period — Congenital cytomegalovirus infection,L1_03,Congenital and Developmental Conditions,low
ICD-9,7712,Infections specific to the perinatal period — Other congenital infections,L1_03,Congenital and Developmental Conditions,low
ICD-9,7713,Infections specific to the perinatal period — Tetanus neonatorum,L1_01,Infectious and Communicable Diseases,medium
ICD-9,7714,Infections specific to the perinatal period — Omphalitis of newborn,L1_02,Maternal and Early-Life Mortality,low
ICD-9,7715,Infections specific to the perinatal period — Neonatal infective mastitis,L1_02,Maternal and Early-Life Mortality,low
ICD-9,7716,Infections specific to the perinatal period — Neonatal conjunctivitis and dacryocystitis,L1_02,Maternal and Early-Life Mortality,low
ICD-9,7717,Infections specific to the perinatal period — Neonatal candida infection,L1_02,Maternal and Early-Life Mortality,low
ICD-9,7718,Infections specific to the perinatal period — Other infection specific to the perinatal period,L1_01,Infectious and Communicable Diseases,low
ICD-9,7720,Fetal and neonatal haemorrhage — Fetal blood loss,L1_02,Maternal and Early-Life Mortality,low
ICD-9,7721,Fetal and neonatal haemorrhage — Intraventricular haemorrhage,L1_02,Maternal and Early-Life Mortality,low
ICD-9,7722,Fetal and neonatal haemorrhage — Subarachnoid haemorrhage,L1_02,Maternal and Early-Life Mortality,low
ICD-9,7723,Fetal and neonatal haemorrhage — Umbilical haemorrhage after birth,L1_02,Maternal and Early-Life Mortality,low
ICD-9,7724,Fetal and neonatal haemorrhage — Gastrointestinal haemorrhage,L1_02,Maternal and Early-Life Mortality,low
ICD-9,7725,Fetal and neonatal haemorrhage — Adrenal haemorrhage,L1_02,Maternal and Early-Life Mortality,low
ICD-9,7726,Fetal and neonatal haemorrhage — Cutaneous haemorrhage,L1_02,Maternal and Early-Life Mortality,low
ICD-9,7728,Fetal and neonatal haemorrhage — Other,L1_02,Maternal and Early-Life Mortality,low
ICD-9,7729,Fetal and neonatal haemorrhage — Unspecified,L1_02,Maternal and Early-Life Mortality,low
ICD-9,7730,"Haemolytic disease of fetus or newborn, due to isoimmunization — Haemolytic disease due to Rh isoimmunization",L1_02,Maternal and Early-Life Mortality,low
ICD-9,7731,"Haemolytic disease of fetus or newborn, due to isoimmunization — Haemolytic disease due to ABO isoimmunization",L1_02,Maternal and Early-Life Mortality,low
ICD-9,7732,"Haemolytic disease of fetus or newborn, due to isoimmunization — Haemolytic disease due to other and unspecified isoimmunization",L1_02,Maternal and Early-Life Mortality,low
ICD-9,7733,"Haemolytic disease of fetus or newborn, due to isoimmunization — Hydrops fetalis due to isoimmunization",L1_02,Maternal and Early-Life Mortality,low
ICD-9,7734,"Haemolytic disease of fetus or newborn, due to isoimmunization — Kernicterus due to isoimmunization",L1_02,Maternal and Early-Life Mortality,low
ICD-9,7735,"Haemolytic disease of fetus or newborn, due to isoimmunization — Late anaemia due to isoimmunization",L1_02,Maternal and Early-Life Mortality,low
ICD-9,7740,Other perinatal jaundice — Perinatal jaundice from hereditary haemolytic anaemias,L1_03,Congenital and Developmental Conditions,medium
ICD-9,7741,Other perinatal jaundice — Perinatal jaundice from other excessive haemolysis,L1_01,Infectious and Communicable Diseases,low
ICD-9,7742,Other perinatal jaundice — Neonatal jaundice associated with preterm delivery,L1_02,Maternal and Early-Life Mortality,medium
ICD-9,7743,Other perinatal jaundice — Neonatal jaundice due to delayed conjugation from other causes,L1_02,Maternal and Early-Life Mortality,low
ICD-9,7744,Other perinatal jaundice — Perinatal jaundice due to hepatocellular damage,L1_01,Infectious and Communicable Diseases,low
ICD-9,7745,Other perinatal jaundice — Perinatal jaundice from other causes,L1_01,Infectious and Communicable Diseases,low
ICD-9,7746,Other perinatal jaundice — Unspecified fetal and neonatal jaundice,L1_02,Maternal and Early-Life Mortality,low
ICD-9,7747,Other perinatal jaundice — Kernicterus not due to isoimmunization,L1_01,Infectious and Communicable Diseases,low
ICD-9,7750,"Endocrine and metabolic disturbances specific to the fetus and newborn — Syndrome of ""infant of a diabetic mother""",L1_02,Maternal and Early-Life Mortality,low
ICD-9,7751,Endocrine and metabolic disturbances specific to the fetus and newborn — Neonatal diabetes mellitus,L1_02,Maternal and Early-Life Mortality,high
ICD-9,7752,Endocrine and metabolic disturbances specific to the fetus and newborn — Neonatal myasthenia gravis,L1_02,Maternal and Early-Life Mortality,high
ICD-9,7753,Endocrine and metabolic disturbances specific to the fetus and newborn — Neonatal thyrotoxicosis,L1_02,Maternal and Early-Life Mortality,high
ICD-9,7754,Endocrine and metabolic disturbances specific to the fetus and newborn — Hypocalcaemia and hypomagnesaemia of newborn,L1_02,Maternal and Early-Life Mortality,low
ICD-9,7755,Endocrine and metabolic disturbances specific to the fetus and newborn — Other transitory neonatal electrolyte disturbances,L1_02,Maternal and Early-Life Mortality,high
ICD-9,7756,Endocrine and metabolic disturbances specific to the fetus and newborn — Neonatal hypoglycaemia,L1_02,Maternal and Early-Life Mortality,high
ICD-9,7757,Endocrine and metabolic disturbances specific to the fetus and newborn — Late metabolic acidosis of newborn,L1_02,Maternal and Early-Life Mortality,low
ICD-9,7758,Endocrine and metabolic disturbances specific to the fetus and newborn — Other transitory neonatal endocrine and metabolic disturbances,L1_02,Maternal and Early-Life Mortality,high
ICD-9,7759,Endocrine and metabolic disturbances specific to the fetus and newborn — Unspecified,L1_02,Maternal and Early-Life Mortality,low
ICD-9,7760,Haematological disorders of fetus and newborn — Haemorrhagic disease of newborn,L1_02,Maternal and Early-Life Mortality,low
ICD-9,7761,Haematological disorders of fetus and newborn — Transient neonatal thrombocytopenia,L1_02,Maternal and Early-Life Mortality,high
ICD-9,7762,Haematological disorders of fetus and newborn — Disseminated intravascular coagulation in newborn,L1_02,Maternal and Early-Life Mortality,low
ICD-9,7763,Haematological disorders of fetus and newborn — Other transient neonatal disorders of coagulation,L1_02,Maternal and Early-Life Mortality,high
ICD-9,7764,Haematological disorders of fetus and newborn — Polycythaemia neonatorum,L1_02,Maternal and Early-Life Mortality,low
ICD-9,7765,Haematological disorders of fetus and newborn — Congenital anaemia,L1_02,Maternal and Early-Life Mortality,low
ICD-9,7766,Haematological disorders of fetus and newborn — Anaemia of prematurity,L1_02,Maternal and Early-Life Mortality,low
ICD-9,7767,Haematological disorders of fetus and newborn — Transient neonatal neutropenia,L1_02,Maternal and Early-Life Mortality,high
ICD-9,7768,Haematological disorders of fetus and newborn — Other specified transient haematological disorders,L1_02,Maternal and Early-Life Mortality,low
ICD-9,7769,Haematological disorders of fetus and newborn — Unspecified,L1_02,Maternal and Early-Life Mortality,low
ICD-9,7770,Perinatal disorders of digestive system — Meconium ileus,L1_05,Chronic Non-Communicable Diseases,medium
ICD-9,7771,Perinatal disorders of digestive system — Other meconium obstruction,L1_05,Chronic Non-Communicable Diseases,medium
ICD-9,7772,Perinatal disorders of digestive system — Intestinal obstruction due to inspissated milk,L1_05,Chronic Non-Communicable Diseases,high
ICD-9,7773,Perinatal disorders of digestive system — Haematemesis and melaena due to swallowed maternal blood,L1_05,Chronic Non-Communicable Diseases,medium
ICD-9,7774,Perinatal disorders of digestive system — Transitory ileus of newborn,L1_05,Chronic Non-Communicable Diseases,low
ICD-9,7775,Perinatal disorders of digestive system — Necrotizing enterocolitis in fetus or newborn,L1_05,Chronic Non-Communicable Diseases,low
ICD-9,7776,Perinatal disorders of digestive system — Perinatal intestinal perforation,L1_05,Chronic Non-Communicable Diseases,medium
ICD-9,7778,Perinatal disorders of digestive system — Other,L1_05,Chronic Non-Communicable Diseases,medium
ICD-9,7779,Perinatal disorders of digestive system — Unspecified,L1_05,Chronic Non-Communicable Diseases,medium
ICD-9,7780,Conditions involving the integument and temperature regulation of fetus and newborn — Hydrops fetalis not due to isoimmunization,L1_02,Maternal and Early-Life Mortality,low
ICD-9,7781,Conditions involving the integument and temperature regulation of fetus and newborn — Sclerema neonatorum,L1_02,Maternal and Early-Life Mortality,low
ICD-9,7782,Conditions involving the integument and temperature regulation of fetus and newborn — Cold injury syndrome of newborn,L1_02,Maternal and Early-Life Mortality,low
ICD-9,7783,Conditions involving the integument and temperature regulation of fetus and newborn — Other hypothermia of newborn,L1_02,Maternal and Early-Life Mortality,low
ICD-9,7784,Conditions involving the integument and temperature regulation of fetus and newborn — Other disturbances of temperature regulation of newborn,L1_02,Maternal and Early-Life Mortality,low
ICD-9,7785,Conditions involving the integument and temperature regulation of fetus and newborn — Other and unspecified oedema of newborn,L1_02,Maternal and Early-Life Mortality,low
ICD-9,7786,Conditions involving the integument and temperature regulation of fetus and newborn — Congenital hydrocele,L1_02,Maternal and Early-Life Mortality,low
ICD-9,7787,Conditions involving the integument and temperature regulation of fetus and newborn — Breast engorgement in newborn,L1_02,Maternal and Early-Life Mortality,low
ICD-9,7788,Conditions involving the integument and temperature regulation of fetus and newborn — Other,L1_02,Maternal and Early-Life Mortality,low
ICD-9,7789,Conditions involving the integument and temperature regulation of fetus and newborn — Unspecified,L1_02,Maternal and Early-Life Mortality,low
ICD-9,7790,Other and ill-defined conditions originating in the perinatal period — Convulsions in newborn,L1_02,Maternal and Early-Life Mortality,low
ICD-9,7791,Other and ill-defined conditions originating in the perinatal period — Other and unspecified cerebral irritability in newborn,L1_02,Maternal and Early-Life Mortality,low
ICD-9,7792,"Other and ill-defined conditions originating in the perinatal period — Cerebral depression, coma and other abnormal cerebral signs",L1_10,"Ill-Defined, Administrative, and Other Causes",low
ICD-9,7793,Other and ill-defined conditions originating in the perinatal period — Feeding problems in newborn,L1_02,Maternal and Early-Life Mortality,low
ICD-9,7794,Other and ill-defined conditions originating in the perinatal period — Drug reactions and intoxications specific to newborn,L1_02,Maternal and Early-Life Mortality,low
ICD-9,7795,Other and ill-defined conditions originating in the perinatal period — Drug withdrawal syndrome in newborn,L1_02,Maternal and Early-Life Mortality,low
ICD-9,7796,Other and ill-defined conditions originating in the perinatal period — Termination of pregnancy (fetus),L1_02,Maternal and Early-Life Mortality,low
ICD-9,7798,Other and ill-defined conditions originating in the perinatal period — Other,L1_10,"Ill-Defined, Administrative, and Other Causes",low
ICD-9,7799,Other and ill-defined conditions originating in the perinatal period — Unspecified,L1_10,"Ill-Defined, Administrative, and Other Causes",low
ICD-9,7800,General symptoms — Coma and stupor,L1_10,"Ill-Defined, Administrative, and Other Causes",low
ICD-9,7801,General symptoms — Hallucinations,L1_10,"Ill-Defined, Administrative, and Other Causes",low
ICD-9,7802,General symptoms — Syncope and collapse,L1_05,Chronic Non-Communicable Diseases,low
ICD-9,7803,General symptoms — Convulsions,L1_05,Chronic Non-Communicable Diseases,low
ICD-9,7804,General symptoms — Dizziness and giddiness,L1_10,"Ill-Defined, Administrative, and Other Causes",low
ICD-9,7805,General symptoms — Sleep disturbances,L1_10,"Ill-Defined, Administrative, and Other Causes",low
ICD-9,7806,General symptoms — Pyrexia of unknown origin,L1_10,"Ill-Defined, Administrative, and Other Causes",medium
ICD-9,7807,General symptoms — Malaise and fatigue,L1_10,"Ill-Defined, Administrative, and Other Causes",low
ICD-9,7808,General symptoms — Hyperhidrosis,L1_10,"Ill-Defined, Administrative, and Other Causes",low
ICD-9,7809,General symptoms — Other,L1_10,"Ill-Defined, Administrative, and Other Causes",low
ICD-9,7810,Symptoms involving nervous and musculoskeletal systems — Abnormal involuntary movements,L1_10,"Ill-Defined, Administrative, and Other Causes",low
ICD-9,7811,Symptoms involving nervous and musculoskeletal systems — Disturbances of sensation of smell and taste,L1_10,"Ill-Defined, Administrative, and Other Causes",low
ICD-9,7812,Symptoms involving nervous and musculoskeletal systems — Abnormality of gait,L1_10,"Ill-Defined, Administrative, and Other Causes",low
ICD-9,7813,Symptoms involving nervous and musculoskeletal systems — Lack of coordination,L1_10,"Ill-Defined, Administrative, and Other Causes",low
ICD-9,7814,Symptoms involving nervous and musculoskeletal systems — Transient paralysis of limb,L1_10,"Ill-Defined, Administrative, and Other Causes",low
ICD-9,7815,Symptoms involving nervous and musculoskeletal systems — Clubbing of fingers,L1_10,"Ill-Defined, Administrative, and Other Causes",low
ICD-9,7816,Symptoms involving nervous and musculoskeletal systems — Meningismus,L1_10,"Ill-Defined, Administrative, and Other Causes",low
ICD-9,7817,Symptoms involving nervous and musculoskeletal systems — Tetany,L1_10,"Ill-Defined, Administrative, and Other Causes",low
ICD-9,7819,Symptoms involving nervous and musculoskeletal systems — Other,L1_10,"Ill-Defined, Administrative, and Other Causes",low
ICD-9,7820,Symptoms involving skin and other integumentary tissue — Disturbance of skin sensation,L1_10,"Ill-Defined, Administrative, and Other Causes",low
ICD-9,7821,Symptoms involving skin and other integumentary tissue — Rash and other nonspecific skin eruption,L1_10,"Ill-Defined, Administrative, and Other Causes",low
ICD-9,7822,"Symptoms involving skin and other integumentary tissue — Localized superficial swelling, mass or lump",L1_10,"Ill-Defined, Administrative, and Other Causes",low
ICD-9,7823,Symptoms involving skin and other integumentary tissue — Oedema,L1_10,"Ill-Defined, Administrative, and Other Causes",low
ICD-9,7824,"Symptoms involving skin and other integumentary tissue — Jaundice unspecified, not of newborn",L1_02,Maternal and Early-Life Mortality,low
ICD-9,7825,Symptoms involving skin and other integumentary tissue — Cyanosis,L1_10,"Ill-Defined, Administrative, and Other Causes",low
ICD-9,7826,Symptoms involving skin and other integumentary tissue — Pallor and flushing,L1_10,"Ill-Defined, Administrative, and Other Causes",low
ICD-9,7827,Symptoms involving skin and other integumentary tissue — Spontaneous ecchymoses,L1_10,"Ill-Defined, Administrative, and Other Causes",low
ICD-9,7828,Symptoms involving skin and other integumentary tissue — Changes in skin texture,L1_10,"Ill-Defined, Administrative, and Other Causes",low
ICD-9,7829,Symptoms involving skin and other integumentary tissue — Other,L1_10,"Ill-Defined, Administrative, and Other Causes",low
ICD-9,7830,"Symptoms concerning nutrition, metabolism and development — Anorexia",L1_10,"Ill-Defined, Administrative, and Other Causes",low
ICD-9,7831,"Symptoms concerning nutrition, metabolism and development — Abnormal weight gain",L1_10,"Ill-Defined, Administrative, and Other Causes",low
ICD-9,7832,"Symptoms concerning nutrition, metabolism and development — Abnormal loss of weight",L1_10,"Ill-Defined, Administrative, and Other Causes",low
ICD-9,7833,"Symptoms concerning nutrition, metabolism and development — Feeding difficulties and mismanagement",L1_10,"Ill-Defined, Administrative, and Other Causes",low
ICD-9,7834,"Symptoms concerning nutrition, metabolism and development — Lack of expected normal physiological development",L1_10,"Ill-Defined, Administrative, and Other Causes",low
ICD-9,7835,"Symptoms concerning nutrition, metabolism and development — Polydipsia",L1_10,"Ill-Defined, Administrative, and Other Causes",low
ICD-9,7836,"Symptoms concerning nutrition, metabolism and development — Polyphagia",L1_10,"Ill-Defined, Administrative, and Other Causes",low
ICD-9,7839,"Symptoms concerning nutrition, metabolism and development — Other",L1_10,"Ill-Defined, Administrative, and Other Causes",low
ICD-9,7840,Symptoms involving head and neck — Headache,L1_10,"Ill-Defined, Administrative, and Other Causes",low
ICD-9,7841,Symptoms involving head and neck — Throat pain,L1_10,"Ill-Defined, Administrative, and Other Causes",low
ICD-9,7842,"Symptoms involving head and neck — Swelling, mass or lump in head and neck",L1_10,"Ill-Defined, Administrative, and Other Causes",low
ICD-9,7843,Symptoms involving head and neck — Aphasia,L1_10,"Ill-Defined, Administrative, and Other Causes",low
ICD-9,7844,Symptoms involving head and neck — Voice disturbance,L1_10,"Ill-Defined, Administrative, and Other Causes",low
ICD-9,7845,Symptoms involving head and neck — Other speech disturbance,L1_10,"Ill-Defined, Administrative, and Other Causes",low
ICD-9,7846,Symptoms involving head and neck — Other symbolic dysfunction,L1_10,"Ill-Defined, Administrative, and Other Causes",low
ICD-9,7847,Symptoms involving head and neck — Epistaxis,L1_05,Chronic Non-Communicable Diseases,low
ICD-9,7848,Symptoms involving head and neck — Haemorrhage from throat,L1_05,Chronic Non-Communicable Diseases,low
ICD-9,7849,Symptoms involving head and neck — Other,L1_10,"Ill-Defined, Administrative, and Other Causes",low
ICD-9,7850,"Symptoms involving cardiovascular system — Tachycardia, unspecified",L1_10,"Ill-Defined, Administrative, and Other Causes",low
ICD-9,7851,Symptoms involving cardiovascular system — Palpitations,L1_10,"Ill-Defined, Administrative, and Other Causes",low
ICD-9,7852,Symptoms involving cardiovascular system — Functional and undiagnosed cardiac murmurs,L1_10,"Ill-Defined, Administrative, and Other Causes",low
ICD-9,7853,Symptoms involving cardiovascular system — Other abnormal heart sounds,L1_10,"Ill-Defined, Administrative, and Other Causes",low
ICD-9,7854,Symptoms involving cardiovascular system — Gangrene,L1_10,"Ill-Defined, Administrative, and Other Causes",low
ICD-9,7855,Symptoms involving cardiovascular system — Shock without mention of trauma,L1_10,"Ill-Defined, Administrative, and Other Causes",low
ICD-9,7856,Symptoms involving cardiovascular system — Enlargement of lymph nodes,L1_10,"Ill-Defined, Administrative, and Other Causes",low
ICD-9,7859,Symptoms involving cardiovascular system — Other,L1_10,"Ill-Defined, Administrative, and Other Causes",low
ICD-9,7860,Symptoms involving respiratory system and other chest symptoms — Dyspnoea and respiratory abnormalities,L1_06,Respiratory and Environmental Disease,medium
ICD-9,7861,Symptoms involving respiratory system and other chest symptoms — Stridor,L1_06,Respiratory and Environmental Disease,medium
ICD-9,7862,Symptoms involving respiratory system and other chest symptoms — Cough,L1_06,Respiratory and Environmental Disease,medium
ICD-9,7863,Symptoms involving respiratory system and other chest symptoms — Haemoptysis,L1_06,Respiratory and Environmental Disease,medium
ICD-9,7864,Symptoms involving respiratory system and other chest symptoms — Abnormal sputum,L1_06,Respiratory and Environmental Disease,medium
ICD-9,7865,Symptoms involving respiratory system and other chest symptoms — Chest pain,L1_06,Respiratory and Environmental Disease,medium
ICD-9,7866,"Symptoms involving respiratory system and other chest symptoms — Swelling, mass or lump in chest",L1_06,Respiratory and Environmental Disease,medium
ICD-9,7867,Symptoms involving respiratory system and other chest symptoms — Abnormal chest sounds,L1_06,Respiratory and Environmental Disease,medium
ICD-9,7868,Symptoms involving respiratory system and other chest symptoms — Hiccough,L1_06,Respiratory and Environmental Disease,medium
ICD-9,7869,Symptoms involving respiratory system and other chest symptoms — Other,L1_06,Respiratory and Environmental Disease,medium
ICD-9,7870,Symptoms involving digestive system — Nausea and vomiting,L1_05,Chronic Non-Communicable Diseases,low
ICD-9,7871,Symptoms involving digestive system — Heartburn,L1_05,Chronic Non-Communicable Diseases,low
ICD-9,7872,Symptoms involving digestive system — Dysphagia,L1_05,Chronic Non-Communicable Diseases,low
ICD-9,7873,"Symptoms involving digestive system — Flatulence, eructation and gas pain",L1_05,Chronic Non-Communicable Diseases,low
ICD-9,7874,Symptoms involving digestive system — Visible peristalsis,L1_05,Chronic Non-Communicable Diseases,low
ICD-9,7875,Symptoms involving digestive system — Abnormal bowel sounds,L1_05,Chronic Non-Communicable Diseases,low
ICD-9,7876,Symptoms involving digestive system — Incontinence of faeces,L1_05,Chronic Non-Communicable Diseases,low
ICD-9,7877,Symptoms involving digestive system — Abnormal faeces,L1_05,Chronic Non-Communicable Diseases,low
ICD-9,7879,Symptoms involving digestive system — Other,L1_05,Chronic Non-Communicable Diseases,low
ICD-9,7880,Symptoms involving urinary system — Renal colic,L1_10,"Ill-Defined, Administrative, and Other Causes",low
ICD-9,7881,Symptoms involving urinary system — Dysuria,L1_10,"Ill-Defined, Administrative, and Other Causes",low
ICD-9,7882,Symptoms involving urinary system — Retention of urine,L1_10,"Ill-Defined, Administrative, and Other Causes",low
ICD-9,7883,Symptoms involving urinary system — Incontinence of urine,L1_10,"Ill-Defined, Administrative, and Other Causes",low
ICD-9,7884,Symptoms involving urinary system — Frequency of urination and popyuria,L1_10,"Ill-Defined, Administrative, and Other Causes",low
ICD-9,7885,Symptoms involving urinary system — Oliguria and anuria,L1_10,"Ill-Defined, Administrative, and Other Causes",low
ICD-9,7886,Symptoms involving urinary system — Other abnormality of urination,L1_10,"Ill-Defined, Administrative, and Other Causes",low
ICD-9,7887,Symptoms involving urinary system — Urethral discharge,L1_10,"Ill-Defined, Administrative, and Other Causes",low
ICD-9,7888,Symptoms involving urinary system — Extravasation of urine,L1_10,"Ill-Defined, Administrative, and Other Causes",low
ICD-9,7889,Symptoms involving urinary system — Other,L1_10,"Ill-Defined, Administrative, and Other Causes",low
ICD-9,7890,Other symptoms involving abdomen and pelvis — Abdominal pain,L1_10,"Ill-Defined, Administrative, and Other Causes",low
ICD-9,7891,Other symptoms involving abdomen and pelvis — Hepatomegaly,L1_10,"Ill-Defined, Administrative, and Other Causes",low
ICD-9,7892,Other symptoms involving abdomen and pelvis — Splenomegaly,L1_10,"Ill-Defined, Administrative, and Other Causes",low
ICD-9,7893,"Other symptoms involving abdomen and pelvis — Abdominal or pelvic swelling, mass or lump",L1_10,"Ill-Defined, Administrative, and Other Causes",low
ICD-9,7894,Other symptoms involving abdomen and pelvis — Abdominal rigidity,L1_10,"Ill-Defined, Administrative, and Other Causes",low
ICD-9,7895,Other symptoms involving abdomen and pelvis — Ascites,L1_10,"Ill-Defined, Administrative, and Other Causes",low
ICD-9,7899,Other symptoms involving abdomen and pelvis — Other,L1_10,"Ill-Defined, Administrative, and Other Causes",low
ICD-9,7900,Nonspecific findings on examination of blood — Abnormality of red blood cells,L1_01,Infectious and Communicable Diseases,low
ICD-9,7901,Nonspecific findings on examination of blood — Elevated sedimentation rate,L1_01,Infectious and Communicable Diseases,low
ICD-9,7902,On examination of blood — Abnormal glucose tolerance test,L1_01,Infectious and Communicable Diseases,low
ICD-9,7903,Nonspecific findings on examination of blood — Excessive blood level of alcohol,L1_01,Infectious and Communicable Diseases,low
ICD-9,7904,Nonspecific findings on examination of blood — Nonspecific elevation of levels of transaminase or lactic acid dehydrogenase [LDH],L1_01,Infectious and Communicable Diseases,low
ICD-9,7905,Nonspecific findings on examination of blood — Other nonspecific abnormal serum enzyme levels,L1_01,Infectious and Communicable Diseases,low
ICD-9,7906,Nonspecific findings on examination of blood — Other abnormal blood chemistry,L1_01,Infectious and Communicable Diseases,low
ICD-9,7907,"Nonspecific findings on examination of blood — Bacteraemia, unspecified",L1_01,Infectious and Communicable Diseases,low
ICD-9,7908,"Nonspecific findings on examination of blood — Viraemia, unspecified",L1_01,Infectious and Communicable Diseases,low
ICD-9,7909,Nonspecific findings on examination of blood — Other,L1_01,Infectious and Communicable Diseases,low
ICD-9,7910,Nonspecific findings on examination of urine — Proteinuria,L1_01,Infectious and Communicable Diseases,low
ICD-9,7911,Nonspecific findings on examination of urine — Chyluria,L1_05,Chronic Non-Communicable Diseases,low
ICD-9,7912,Nonspecific findings on examination of urine — Haemoglobinuria,L1_01,Infectious and Communicable Diseases,low
ICD-9,7913,Nonspecific findings on examination of urine — Myoglobinuria,L1_01,Infectious and Communicable Diseases,low
ICD-9,7914,Nonspecific findings on examination of urine — Biliuria,L1_01,Infectious and Communicable Diseases,low
ICD-9,7915,Nonspecific findings on examination of urine — Glycosuria,L1_01,Infectious and Communicable Diseases,low
ICD-9,7916,Nonspecific findings on examination of urine — Acetonuria,L1_01,Infectious and Communicable Diseases,low
ICD-9,7917,Nonspecific findings on examination of urine — Other cells and casts in urine,L1_01,Infectious and Communicable Diseases,low
ICD-9,7919,Nonspecific findings on examination of urine — Other,L1_01,Infectious and Communicable Diseases,low
ICD-9,7920,Nonspecific abnormal findings in other body substances — Cerebrospinal fluid,L1_01,Infectious and Communicable Diseases,low
ICD-9,7921,Nonspecific abnormal findings in other body substances — Stool contents,L1_01,Infectious and Communicable Diseases,low
ICD-9,7922,Nonspecific abnormal findings in other body substances — Semen,L1_01,Infectious and Communicable Diseases,low
ICD-9,7923,Nonspecific abnormal findings in other body substances — Amniotic fluid,L1_01,Infectious and Communicable Diseases,low
ICD-9,7924,Nonspecific abnormal findings in other body substances — Saliva,L1_01,Infectious and Communicable Diseases,low
ICD-9,7929,Nonspecific abnormal findings in other body substances — Other,L1_01,Infectious and Communicable Diseases,low
ICD-9,7930,Nonspecific abnormal findings on radiological and other examination of body structure — Skull and head,L1_01,Infectious and Communicable Diseases,low
ICD-9,7931,Nonspecific abnormal findings on radiological and other examination of body structure — Lung field,L1_01,Infectious and Communicable Diseases,low
ICD-9,7932,Nonspecific abnormal findings on radiological and other examination of body structure — Other intrathoracic organ,L1_01,Infectious and Communicable Diseases,low
ICD-9,7933,Nonspecific abnormal findings on radiological and other examination of body structure — Biliary tract,L1_01,Infectious and Communicable Diseases,low
ICD-9,7934,Nonspecific abnormal findings on radiological and other examination of body structure — Gastrointestinal tract,L1_01,Infectious and Communicable Diseases,low
ICD-9,7935,Nonspecific abnormal findings on radiological and other examination of body structure — Genitourinary organs,L1_01,Infectious and Communicable Diseases,low
ICD-9,7936,"Nonspecific abnormal findings on radiological and other examination of body structure — Abdominal area, including retroperitoneum",L1_01,Infectious and Communicable Diseases,low
ICD-9,7937,Nonspecific abnormal findings on radiological and other examination of body structure — Musculoskeletal system,L1_01,Infectious and Communicable Diseases,low
ICD-9,7938,Nonspecific abnormal findings on radiological and other examination of body structure — Breast,L1_01,Infectious and Communicable Diseases,low
ICD-9,7939,Nonspecific abnormal findings on radiological and other examination of body structure — Other,L1_01,Infectious and Communicable Diseases,low
ICD-9,7940,Nonspecific abnormal results of function studies — Brain and central nervous system,L1_01,Infectious and Communicable Diseases,low
ICD-9,7941,Nonspecific abnormal results of function studies — Peripheral nervous system and special senses,L1_01,Infectious and Communicable Diseases,low
ICD-9,7942,Nonspecific abnormal results of function studies — Pulmonary,L1_01,Infectious and Communicable Diseases,low
ICD-9,7943,Nonspecific abnormal results of function studies — Cardiovascular,L1_01,Infectious and Communicable Diseases,low
ICD-9,7944,Nonspecific abnormal results of function studies — Kidney,L1_01,Infectious and Communicable Diseases,low
ICD-9,7945,Nonspecific abnormal results of function studies — Thyroid,L1_01,Infectious and Communicable Diseases,low
ICD-9,7946,Nonspecific abnormal results of function studies — Other endocrine function study,L1_01,Infectious and Communicable Diseases,low
ICD-9,7947,Nonspecific abnormal results of function studies — Basal metabolism,L1_01,Infectious and Communicable Diseases,low
ICD-9,7948,Nonspecific abnormal results of function studies — Liver,L1_01,Infectious and Communicable Diseases,low
ICD-9,7949,Nonspecific abnormal results of function studies — Other,L1_01,Infectious and Communicable Diseases,low
ICD-9,7950,Nonspecific abnormal histological and immunological findings — Nonspecific abnormal Papanicolaou smear of cervix,L1_01,Infectious and Communicable Diseases,low
ICD-9,7951,Nonspecific abnormal histological and immunological findings — Nonspecific abnormal Papanicolaou smear of other origin,L1_01,Infectious and Communicable Diseases,low
ICD-9,7952,Nonspecific abnormal histological and immunological findings — Nonspecific abnormal findings on chromosomal analysis,L1_01,Infectious and Communicable Diseases,low
ICD-9,7953,Nonspecific abnormal histological and immunological findings — Nonspecific positive culture findings,L1_01,Infectious and Communicable Diseases,low
ICD-9,7954,Nonspecific abnormal histological and immunological findings — Other nonspecific abnormal histological findings,L1_01,Infectious and Communicable Diseases,low
ICD-9,7955,Nonspecific abnormal histological and immunological findings — Nonspecific reaction to tuberculin test,L1_01,Infectious and Communicable Diseases,low
ICD-9,7956,Nonspecific abnormal histological and immunological findings — False positive serological test for syphilis,L1_01,Infectious and Communicable Diseases,low
ICD-9,7957,Nonspecific abnormal histological and immunological findings — Other nonspecific immunological findings,L1_01,Infectious and Communicable Diseases,low
ICD-9,7958,Nonspecific abnormal histological and immunological findings — Positive serological or viral culture findings for HIV,L1_01,Infectious and Communicable Diseases,low
ICD-9,7960,Other nonspecific abnormal findings — Nonspecific abnormal toxicological findings,L1_01,Infectious and Communicable Diseases,low
ICD-9,7961,Other nonspecific abnormal findings — Abnormal reflex,L1_01,Infectious and Communicable Diseases,low
ICD-9,7962,Other nonspecific abnormal findings — Elevated blood pressure reading without diagnosis of hypertension,L1_01,Infectious and Communicable Diseases,low
ICD-9,7963,Other nonspecific abnormal findings — Nonspecific low blood pressure reading,L1_01,Infectious and Communicable Diseases,low
ICD-9,7964,Other nonspecific abnormal findings — Other abnormal clinical findings,L1_01,Infectious and Communicable Diseases,low
ICD-9,7969,Other nonspecific abnormal findings — Other,L1_01,Infectious and Communicable Diseases,low
ICD-9,7970,Senility without mention of psychosis — Senility without mention of psychosis,L1_04,Later-Life Mortality,low
ICD-9,7980,"Sudden death, cause unknown — Sudden infant death syndrome",L1_10,"Ill-Defined, Administrative, and Other Causes",high
ICD-9,7981,"Sudden death, cause unknown — Instantaneous death",L1_10,"Ill-Defined, Administrative, and Other Causes",high
ICD-9,7982,"Sudden death, cause unknown — Death occurring in less than 24 hours from onset of symptoms, not otherwise explained",L1_10,"Ill-Defined, Administrative, and Other Causes",high
ICD-9,7989,"Sudden death, cause unknown — Unattended death",L1_10,"Ill-Defined, Administrative, and Other Causes",high
ICD-9,7990,Other ill-defined and unknown causes of morbidity and mortality — Asphyxia,L1_10,"Ill-Defined, Administrative, and Other Causes",medium
ICD-9,7991,Other ill-defined and unknown causes of morbidity and mortality — Respiratory failure,L1_10,"Ill-Defined, Administrative, and Other Causes",medium
ICD-9,7992,Other ill-defined and unknown causes of morbidity and mortality — Nervousness,L1_10,"Ill-Defined, Administrative, and Other Causes",medium
ICD-9,7993,"Other ill-defined and unknown causes of morbidity and mortality — Debility, unspecified",L1_10,"Ill-Defined, Administrative, and Other Causes",medium
ICD-9,7994,Other ill-defined and unknown causes of morbidity and mortality — Cachexia,L1_10,"Ill-Defined, Administrative, and Other Causes",medium
ICD-9,7998,Other ill-defined and unknown causes of morbidity and mortality — Other ill-defined conditions,L1_10,"Ill-Defined, Administrative, and Other Causes",medium
ICD-9,7999,Other ill-defined and unknown causes of morbidity and mortality — Unknown cause,L1_10,"Ill-Defined, Administrative, and Other Causes",medium
ICD-9,8000,Railway accident involving collision with rolling stock — Railway employee,L1_07,Injury and Accidental Harm,medium
ICD-9,8001,Railway accident involving collision with rolling stock — Passenger on railway,L1_07,Injury and Accidental Harm,medium
ICD-9,8002,Railway accident involving collision with rolling stock — Pedestrian,L1_07,Injury and Accidental Harm,medium
ICD-9,8003,Railway accident involving collision with rolling stock — Pedal cyclist,L1_07,Injury and Accidental Harm,medium
ICD-9,8008,Railway accident involving collision with rolling stock — Other specified person,L1_07,Injury and Accidental Harm,medium
ICD-9,8009,Railway accident involving collision with rolling stock — Unspecified person,L1_07,Injury and Accidental Harm,medium
ICD-9,8010,Railway accident involving collision with other object — Railway employee,L1_07,Injury and Accidental Harm,medium
ICD-9,8011,Railway accident involving collision with other object — Passenger on railway,L1_07,Injury and Accidental Harm,medium
ICD-9,8012,Railway accident involving collision with other object — Pedestrian,L1_07,Injury and Accidental Harm,medium
ICD-9,8013,Railway accident involving collision with other object — Pedal cyclist,L1_07,Injury and Accidental Harm,medium
ICD-9,8018,Railway accident involving collision with other object — Other specified person,L1_07,Injury and Accidental Harm,medium
ICD-9,8019,Railway accident involving collision with other object — Unspecified person,L1_07,Injury and Accidental Harm,medium
ICD-9,8020,Railway accident involving derailment without antecedent collision — Railway employee,L1_07,Injury and Accidental Harm,medium
ICD-9,8021,Railway accident involving derailment without antecedent collision — Passenger on railway,L1_07,Injury and Accidental Harm,medium
ICD-9,8022,Railway accident involving derailment without antecedent collision — Pedestrian,L1_07,Injury and Accidental Harm,medium
ICD-9,8023,Railway accident involving derailment without antecedent collision — Pedal cyclist,L1_07,Injury and Accidental Harm,medium
ICD-9,8028,Railway accident involving derailment without antecedent collision — Other specified person,L1_07,Injury and Accidental Harm,medium
ICD-9,8029,Railway accident involving derailment without antecedent collision — Unspecified person,L1_07,Injury and Accidental Harm,medium
ICD-9,8030,"Railway accident involving explosion, fire or burning — Railway employee",L1_07,Injury and Accidental Harm,medium
ICD-9,8031,"Railway accident involving explosion, fire or burning — Passenger on railway",L1_07,Injury and Accidental Harm,medium
ICD-9,8032,"Railway accident involving explosion, fire or burning — Pedestrian",L1_07,Injury and Accidental Harm,medium
ICD-9,8033,"Railway accident involving explosion, fire or burning — Pedal cyclist",L1_07,Injury and Accidental Harm,medium
ICD-9,8038,"Railway accident involving explosion, fire or burning — Other specified person",L1_07,Injury and Accidental Harm,medium
ICD-9,8039,"Railway accident involving explosion, fire or burning — Unspecified person",L1_07,Injury and Accidental Harm,medium
ICD-9,8040,"Fall in, on or from railway train — Railway employee",L1_07,Injury and Accidental Harm,high
ICD-9,8041,"Fall in, on or from railway train — Passenger on railway",L1_07,Injury and Accidental Harm,high
ICD-9,8042,"Fall in, on or from railway train — Pedestrian",L1_07,Injury and Accidental Harm,high
ICD-9,8043,"Fall in, on or from railway train — Pedal cyclist",L1_07,Injury and Accidental Harm,high
ICD-9,8048,"Fall in, on or from railway train — Other specified person",L1_07,Injury and Accidental Harm,high
ICD-9,8049,"Fall in, on or from railway train — Unspecified person",L1_07,Injury and Accidental Harm,high
ICD-9,8050,Hit by rolling stock — Railway employee,L1_07,Injury and Accidental Harm,low
ICD-9,8051,Hit by rolling stock — Passenger on railway,L1_07,Injury and Accidental Harm,low
ICD-9,8052,Hit by rolling stock — Pedestrian hit,L1_01,Infectious and Communicable Diseases,low
ICD-9,8053,Hit by rolling stock — Pedal cyclist,L1_01,Infectious and Communicable Diseases,low
ICD-9,8058,Hit by rolling stock — Other specified person,L1_01,Infectious and Communicable Diseases,low
ICD-9,8059,Hit by rolling stock — Unspecified person,L1_01,Infectious and Communicable Diseases,low
ICD-9,8060,Other specified railway accident — Railway employee,L1_07,Injury and Accidental Harm,medium
ICD-9,8061,Other specified railway accident — Passenger on railway,L1_07,Injury and Accidental Harm,medium
ICD-9,8062,Other specified railway accident — Pedestrian,L1_07,Injury and Accidental Harm,medium
ICD-9,8063,Other specified railway accident — Pedal cyclist,L1_07,Injury and Accidental Harm,medium
ICD-9,8068,Other specified railway accident — Other specified person,L1_07,Injury and Accidental Harm,medium
ICD-9,8069,Other specified railway accident — Unspecified person,L1_07,Injury and Accidental Harm,medium
ICD-9,8070,Railway accident of unspecified nature — Railway employee,L1_07,Injury and Accidental Harm,medium
ICD-9,8071,Railway accident of unspecified nature — Passenger on railway,L1_07,Injury and Accidental Harm,medium
ICD-9,8072,Railway accident of unspecified nature — Pedestrian,L1_07,Injury and Accidental Harm,medium
ICD-9,8073,Railway accident of unspecified nature — Pedal cyclist,L1_07,Injury and Accidental Harm,medium
ICD-9,8078,Railway accident of unspecified nature — Other specified person,L1_07,Injury and Accidental Harm,medium
ICD-9,8079,Railway accident of unspecified nature — Unspecified person,L1_07,Injury and Accidental Harm,medium
ICD-9,8100,Motor vehicle traffic accident involving collision with train — Driver of motor vehicle other than motorcycle,L1_07,Injury and Accidental Harm,medium
ICD-9,8101,Motor vehicle traffic accident involving collision with train — Passenger in motor vehicle other than motorcycle,L1_07,Injury and Accidental Harm,medium
ICD-9,8102,Motor vehicle traffic accident involving collision with train — Motorcyclist,L1_07,Injury and Accidental Harm,medium
ICD-9,8103,Motor vehicle traffic accident involving collision with train — Passenger on motorcycle,L1_07,Injury and Accidental Harm,medium
ICD-9,8104,Motor vehicle traffic accident involving collision with train — Occupant of streetcar,L1_07,Injury and Accidental Harm,medium
ICD-9,8105,Motor vehicle traffic accident involving collision with train — Rider of animal; occupant of animal-drawn vehicle,L1_07,Injury and Accidental Harm,medium
ICD-9,8106,Motor vehicle traffic accident involving collision with train — Pedal cyclist,L1_07,Injury and Accidental Harm,medium
ICD-9,8107,Motor vehicle traffic accident involving collision with train — Pedestrian,L1_07,Injury and Accidental Harm,medium
ICD-9,8108,Motor vehicle traffic accident involving collision with train — Other specified person,L1_07,Injury and Accidental Harm,medium
ICD-9,8109,Motor vehicle traffic accident involving collision with train — Unspecified person,L1_07,Injury and Accidental Harm,medium
ICD-9,8110,Motor vehicle traffic accident involving re-entrant collision with another motor vehicle — Driver of motor vehicle other than motorcycle,L1_07,Injury and Accidental Harm,medium
ICD-9,8111,Motor vehicle traffic accident involving re-entrant collision with another motor vehicle — Passenger in motor vehicle other than motorcycle,L1_07,Injury and Accidental Harm,medium
ICD-9,8112,Motor vehicle traffic accident involving re-entrant collision with another motor vehicle — Motorcyclist,L1_07,Injury and Accidental Harm,medium
ICD-9,8113,Motor vehicle traffic accident involving re-entrant collision with another motor vehicle — Passenger on motorcycle,L1_07,Injury and Accidental Harm,medium
ICD-9,8114,Motor vehicle traffic accident involving re-entrant collision with another motor vehicle — Occupant of streetcar,L1_07,Injury and Accidental Harm,medium
ICD-9,8115,Motor vehicle traffic accident involving re-entrant collision with another motor vehicle — Rider of animal; occupant of animal-drawn vehicle,L1_07,Injury and Accidental Harm,medium
ICD-9,8116,Motor vehicle traffic accident involving re-entrant collision with another motor vehicle — Pedal cyclist,L1_07,Injury and Accidental Harm,medium
ICD-9,8117,Motor vehicle traffic accident involving re-entrant collision with another motor vehicle — Pedestrian,L1_07,Injury and Accidental Harm,medium
ICD-9,8118,Motor vehicle traffic accident involving re-entrant collision with another motor vehicle — Other specified person,L1_07,Injury and Accidental Harm,medium
ICD-9,8119,Motor vehicle traffic accident involving re-entrant collision with another motor vehicle — Unspecified person,L1_07,Injury and Accidental Harm,medium
ICD-9,8120,Other motor vehicle traffic accident involving collision with another motor vehicle — Driver of motor vehicle other than motorcycle,L1_07,Injury and Accidental Harm,medium
ICD-9,8121,Other motor vehicle traffic accident involving collision with another motor vehicle — Passenger in motor vehicle other than motorcycle,L1_07,Injury and Accidental Harm,medium
ICD-9,8122,Other motor vehicle traffic accident involving collision with another motor vehicle — Motorcyclist,L1_07,Injury and Accidental Harm,medium
ICD-9,8123,Other motor vehicle traffic accident involving collision with another motor vehicle — Passenger on motorcycle,L1_07,Injury and Accidental Harm,medium
ICD-9,8124,Other motor vehicle traffic accident involving collision with another motor vehicle — Occupant of streetcar,L1_07,Injury and Accidental Harm,medium
ICD-9,8125,Other motor vehicle traffic accident involving collision with another motor vehicle — Rider of animal; occupant of animal-drawn vehicle,L1_07,Injury and Accidental Harm,medium
ICD-9,8126,Other motor vehicle traffic accident involving collision with another motor vehicle — Pedal cyclist,L1_07,Injury and Accidental Harm,medium
ICD-9,8127,Other motor vehicle traffic accident involving collision with another motor vehicle — Pedestrian,L1_07,Injury and Accidental Harm,medium
ICD-9,8128,Other motor vehicle traffic accident involving collision with another motor vehicle — Other specified person,L1_07,Injury and Accidental Harm,medium
ICD-9,8129,Other motor vehicle traffic accident involving collision with another motor vehicle — Unspecified person,L1_07,Injury and Accidental Harm,medium
ICD-9,8130,Motor vehicle traffic accident involving collision with other vehicle — Driver of motor vehicle other than motorcycle,L1_07,Injury and Accidental Harm,medium
ICD-9,8131,Motor vehicle traffic accident involving collision with other vehicle — Passenger in motor vehicle other than motorcycle,L1_07,Injury and Accidental Harm,medium
ICD-9,8132,Motor vehicle traffic accident involving collision with other vehicle — Motorcyclist,L1_07,Injury and Accidental Harm,medium
ICD-9,8133,Motor vehicle traffic accident involving collision with other vehicle — Passenger on motorcycle,L1_07,Injury and Accidental Harm,medium
ICD-9,8134,Motor vehicle traffic accident involving collision with other vehicle — Occupant of streetcar,L1_07,Injury and Accidental Harm,medium
ICD-9,8135,Motor vehicle traffic accident involving collision with other vehicle — Rider of animal; occupant of animal-drawn vehicle,L1_07,Injury and Accidental Harm,medium
ICD-9,8136,"Motor vehicle traffic accident involving collision with other vehicle — Pedal cyclist involved in collision with motor vehicle, mvta",L1_07,Injury and Accidental Harm,medium
ICD-9,8137,Motor vehicle traffic accident involving collision with other vehicle — Pedestrian,L1_07,Injury and Accidental Harm,medium
ICD-9,8138,Motor vehicle traffic accident involving collision with other vehicle — Other specified person,L1_07,Injury and Accidental Harm,medium
ICD-9,8139,Motor vehicle traffic accident involving collision with other vehicle — Unspecified person,L1_07,Injury and Accidental Harm,medium
ICD-9,8140,Motor vehicle traffic accident involving collision with pedestrian — Driver of motor vehicle other than motorcycle,L1_07,Injury and Accidental Harm,medium
ICD-9,8141,Motor vehicle traffic accident involving collision with pedestrian — Passenger in motor vehicle other than motorcycle,L1_07,Injury and Accidental Harm,medium
ICD-9,8142,Motor vehicle traffic accident involving collision with pedestrian — Motorcyclist,L1_07,Injury and Accidental Harm,medium
ICD-9,8143,Motor vehicle traffic accident involving collision with pedestrian — Passenger on motorcycle,L1_07,Injury and Accidental Harm,medium
ICD-9,8144,Motor vehicle traffic accident involving collision with pedestrian — Occupant of streetcar,L1_07,Injury and Accidental Harm,medium
ICD-9,8145,Motor vehicle traffic accident involving collision with pedestrian — Rider of animal; occupant of animal-drawn vehicle,L1_07,Injury and Accidental Harm,medium
ICD-9,8146,Motor vehicle traffic accident involving collision with pedestrian — Pedal cyclist,L1_07,Injury and Accidental Harm,medium
ICD-9,8147,Motor vehicle traffic accident involving collision with pedestrian — Pedestrian,L1_07,Injury and Accidental Harm,medium
ICD-9,8148,Motor vehicle traffic accident involving collision with pedestrian — Other specified person,L1_07,Injury and Accidental Harm,medium
ICD-9,8149,Motor vehicle traffic accident involving collision with pedestrian — Unspecified person,L1_07,Injury and Accidental Harm,medium
ICD-9,8150,Other motor vehicle traffic accident involving collision on the highway — Driver of motor vehicle other than motorcycle,L1_07,Injury and Accidental Harm,medium
ICD-9,8151,Other motor vehicle traffic accident involving collision on the highway — Passenger in motor vehicle other than motorcycle,L1_07,Injury and Accidental Harm,medium
ICD-9,8152,Other motor vehicle traffic accident involving collision on the highway — Motorcyclist,L1_07,Injury and Accidental Harm,medium
ICD-9,8153,Other motor vehicle traffic accident involving collision on the highway — Passenger on motorcycle,L1_07,Injury and Accidental Harm,medium
ICD-9,8154,Other motor vehicle traffic accident involving collision on the highway — Occupant of streetcar,L1_07,Injury and Accidental Harm,medium
ICD-9,8155,Other motor vehicle traffic accident involving collision on the highway — Rider of animal; occupant of animal-drawn vehicle,L1_07,Injury and Accidental Harm,medium
ICD-9,8156,Other motor vehicle traffic accident involving collision on the highway — Pedal cyclist,L1_07,Injury and Accidental Harm,medium
ICD-9,8157,Other motor vehicle traffic accident involving collision on the highway — Pedestrian,L1_07,Injury and Accidental Harm,medium
ICD-9,8158,Other motor vehicle traffic accident involving collision on the highway — Other specified person,L1_07,Injury and Accidental Harm,medium
ICD-9,8159,Other motor vehicle traffic accident involving collision on the highway — Unspecified person,L1_07,Injury and Accidental Harm,medium
ICD-9,8160,"Motor vehicle traffic accident due to loss of control, without collision on the highway — Driver of motor vehicle other than motorcycle",L1_07,Injury and Accidental Harm,medium
ICD-9,8161,"Motor vehicle traffic accident due to loss of control, without collision on the highway — Passenger in motor vehicle other than motorcycle",L1_07,Injury and Accidental Harm,medium
ICD-9,8162,"Motor vehicle traffic accident due to loss of control, without collision on the highway — Motorcyclist",L1_07,Injury and Accidental Harm,medium
ICD-9,8163,"Motor vehicle traffic accident due to loss of control, without collision on the highway — Passenger on motorcycle",L1_07,Injury and Accidental Harm,medium
ICD-9,8164,"Motor vehicle traffic accident due to loss of control, without collision on the highway — Occupant of streetcar",L1_07,Injury and Accidental Harm,medium
ICD-9,8165,"Motor vehicle traffic accident due to loss of control, without collision on the highway — Rider of animal; occupant of animal-drawn vehicle",L1_07,Injury and Accidental Harm,medium
ICD-9,8166,"Motor vehicle traffic accident due to loss of control, without collision on the highway — Pedal cyclist",L1_07,Injury and Accidental Harm,medium
ICD-9,8167,"Motor vehicle traffic accident due to loss of control, without collision on the highway — Pedestrian",L1_07,Injury and Accidental Harm,medium
ICD-9,8168,"Motor vehicle traffic accident due to loss of control, without collision on the highway — Other specified person",L1_07,Injury and Accidental Harm,medium
ICD-9,8169,"Motor vehicle traffic accident due to loss of control, without collision on the highway — Unspecified person",L1_07,Injury and Accidental Harm,medium
ICD-9,8170,Noncollision motor vehicle traffic accident while boarding or alighting — Driver of motor vehicle other than motorcycle,L1_07,Injury and Accidental Harm,medium
ICD-9,8171,Noncollision motor vehicle traffic accident while boarding or alighting — Passenger in motor vehicle other than motorcycle,L1_07,Injury and Accidental Harm,medium
ICD-9,8172,Noncollision motor vehicle traffic accident while boarding or alighting — Motorcyclist,L1_07,Injury and Accidental Harm,medium
ICD-9,8173,Noncollision motor vehicle traffic accident while boarding or alighting — Passenger on motorcycle,L1_07,Injury and Accidental Harm,medium
ICD-9,8174,Noncollision motor vehicle traffic accident while boarding or alighting — Occupant of streetcar,L1_07,Injury and Accidental Harm,medium
ICD-9,8175,Noncollision motor vehicle traffic accident while boarding or alighting — Rider of animal; occupant of animal-drawn vehicle,L1_07,Injury and Accidental Harm,medium
ICD-9,8176,Noncollision motor vehicle traffic accident while boarding or alighting — Pedal cyclist,L1_07,Injury and Accidental Harm,medium
ICD-9,8177,Noncollision motor vehicle traffic accident while boarding or alighting — Pedestrian,L1_07,Injury and Accidental Harm,medium
ICD-9,8178,Noncollision motor vehicle traffic accident while boarding or alighting — Other specified person,L1_07,Injury and Accidental Harm,medium
ICD-9,8179,Noncollision motor vehicle traffic accident while boarding or alighting — Unspecified person,L1_07,Injury and Accidental Harm,medium
ICD-9,8180,Other noncollision motor vehicle traffic accident — Driver of motor vehicle other than motorcycle,L1_07,Injury and Accidental Harm,medium
ICD-9,8181,Other noncollision motor vehicle traffic accident — Passenger in motor vehicle other than motorcycle,L1_07,Injury and Accidental Harm,medium
ICD-9,8182,Other noncollision motor vehicle traffic accident — Motorcyclist,L1_07,Injury and Accidental Harm,medium
ICD-9,8183,Other noncollision motor vehicle traffic accident — Passenger on motorcycle,L1_07,Injury and Accidental Harm,medium
ICD-9,8184,Other noncollision motor vehicle traffic accident — Occupant of sreetcar,L1_07,Injury and Accidental Harm,medium
ICD-9,8185,Other noncollision motor vehicle traffic accident — Rider of animal; occupant of animal-drawn vehicle,L1_07,Injury and Accidental Harm,medium
ICD-9,8186,Other noncollision motor vehicle traffic accident — Pedal cyclist,L1_07,Injury and Accidental Harm,medium
ICD-9,8187,Other noncollision motor vehicle traffic accident — Pedestrian,L1_07,Injury and Accidental Harm,medium
ICD-9,8188,Other noncollision motor vehicle traffic accident — Other specified person,L1_07,Injury and Accidental Harm,medium
ICD-9,8189,Other noncollision motor vehicle traffic accident — Unspecified person,L1_07,Injury and Accidental Harm,medium
ICD-9,8190,Motor vehicle traffic accident of unspecified nature — Driver of motor vehicle other than motorcycle,L1_07,Injury and Accidental Harm,medium
ICD-9,8191,Motor vehicle traffic accident of unspecified nature — Passenger in motor vehicle other than motorcycle,L1_07,Injury and Accidental Harm,medium
ICD-9,8192,Motor vehicle traffic accident of unspecified nature — Motorcyclist,L1_07,Injury and Accidental Harm,medium
ICD-9,8193,Motor vehicle traffic accident of unspecified nature — Passenger on motorcycle,L1_07,Injury and Accidental Harm,medium
ICD-9,8194,Motor vehicle traffic accident of unspecified nature — Occupant of streetcar,L1_07,Injury and Accidental Harm,medium
ICD-9,8195,Motor vehicle traffic accident of unspecified nature — Rider of animal; occupant of animal-drawn vehicle,L1_07,Injury and Accidental Harm,medium
ICD-9,8196,Motor vehicle traffic accident of unspecified nature — Pedal cyclist,L1_07,Injury and Accidental Harm,medium
ICD-9,8197,Motor vehicle traffic accident of unspecified nature — Pedestrian,L1_07,Injury and Accidental Harm,medium
ICD-9,8198,Motor vehicle traffic accident of unspecified nature — Other specified person,L1_07,Injury and Accidental Harm,medium
ICD-9,8199,"Motor vehicle traffic accident of unspecified nature — Unspecified person, mvta",L1_07,Injury and Accidental Harm,medium
ICD-9,8200,Nontraffic accident involving motor-driven snow vehicle — Driver of motor vehicle other than motorcycle,L1_07,Injury and Accidental Harm,medium
ICD-9,8201,Nontraffic accident involving motor-driven snow vehicle — Passenger in motor vehicle other than motorcycle,L1_07,Injury and Accidental Harm,medium
ICD-9,8202,Nontraffic accident involving motor-driven snow vehicle — Motor cyclist,L1_07,Injury and Accidental Harm,medium
ICD-9,8203,Nontraffic accident involving motor-driven snow vehicle — Passenger on motorcycle,L1_07,Injury and Accidental Harm,medium
ICD-9,8204,Nontraffic accident involving motor-driven snow vehicle — Occupant of streetcar,L1_07,Injury and Accidental Harm,medium
ICD-9,8205,Nontraffic accident involving motor-driven snow vehicle — Rider of animal; occupant of animal-drawn vehicle,L1_07,Injury and Accidental Harm,medium
ICD-9,8206,Nontraffic accident involving motor-driven snow vehicle — Pedal cyclist,L1_07,Injury and Accidental Harm,medium
ICD-9,8207,Nontraffic accident involving motor-driven snow vehicle — Pedestrian,L1_07,Injury and Accidental Harm,medium
ICD-9,8208,Nontraffic accident involving motor-driven snow vehicle — Other specified person,L1_07,Injury and Accidental Harm,medium
ICD-9,8209,Nontraffic accident involving motor-driven snow vehicle — Unspecified person,L1_07,Injury and Accidental Harm,medium
ICD-9,8210,Nontraffic accident involving other off-road motor vehicle — Driver of motor vehicle other than motorcycle,L1_07,Injury and Accidental Harm,medium
ICD-9,8211,Nontraffic accident involving other off-road motor vehicle — Passenger in motor vehicle other than motorcycle,L1_07,Injury and Accidental Harm,medium
ICD-9,8212,Nontraffic accident involving other off-road motor vehicle — Motor cyclist,L1_07,Injury and Accidental Harm,medium
ICD-9,8213,Nontraffic accident involving other off-road motor vehicle — Passenger on motorcycle,L1_07,Injury and Accidental Harm,medium
ICD-9,8214,Nontraffic accident involving other off-road motor vehicle — Occupant of streetcar,L1_07,Injury and Accidental Harm,medium
ICD-9,8215,Nontraffic accident involving other off-road motor vehicle — Rider of animal; occupant of animal-drawn vehicle,L1_07,Injury and Accidental Harm,medium
ICD-9,8216,Nontraffic accident involving other off-road motor vehicle — Pedal cyclist,L1_07,Injury and Accidental Harm,medium
ICD-9,8217,Nontraffic accident involving other off-road motor vehicle — Pedestrian,L1_07,Injury and Accidental Harm,medium
ICD-9,8218,Nontraffic accident involving other off-road motor vehicle — Other specified person,L1_07,Injury and Accidental Harm,medium
ICD-9,8219,Nontraffic accident involving other off-road motor vehicle — Unspecified person,L1_07,Injury and Accidental Harm,medium
ICD-9,8220,Other motor vehicle nontraffic accident involving collision with moving object — Driver of motor vehicle other than motorcycle,L1_07,Injury and Accidental Harm,medium
ICD-9,8221,Other motor vehicle nontraffic accident involving collision with moving object — Passenger in motor vehicle other than motorcycle,L1_07,Injury and Accidental Harm,medium
ICD-9,8222,Other motor vehicle nontraffic accident involving collision with moving object — Motor cyclist,L1_07,Injury and Accidental Harm,medium
ICD-9,8223,Other motor vehicle nontraffic accident involving collision with moving object — Passenger on motorcycle,L1_07,Injury and Accidental Harm,medium
ICD-9,8224,Other motor vehicle nontraffic accident involving collision with moving object — Occupant of streetcar,L1_07,Injury and Accidental Harm,medium
ICD-9,8225,Other motor vehicle nontraffic accident involving collision with moving object — Rider of animal; occupant of animal-drawn vehicle,L1_07,Injury and Accidental Harm,medium
ICD-9,8226,Other motor vehicle nontraffic accident involving collision with moving object — Pedal cyclist,L1_07,Injury and Accidental Harm,medium
ICD-9,8227,Other motor vehicle nontraffic accident involving collision with moving object — Pedestrian,L1_07,Injury and Accidental Harm,medium
ICD-9,8228,Other motor vehicle nontraffic accident involving collision with moving object — Other specified person,L1_07,Injury and Accidental Harm,medium
ICD-9,8229,Other motor vehicle nontraffic accident involving collision with moving object — Unspecified person,L1_07,Injury and Accidental Harm,medium
ICD-9,8230,Other motor vehicle nontraffic accident involving collision with stationary object — Driver of motor vehicle other than motorcycle,L1_07,Injury and Accidental Harm,medium
ICD-9,8231,Other motor vehicle nontraffic accident involving collision with stationary object — Passenger in motor vehicle other than motorcycle,L1_07,Injury and Accidental Harm,medium
ICD-9,8232,Other motor vehicle nontraffic accident involving collision with stationary object — Motor cyclist,L1_07,Injury and Accidental Harm,medium
ICD-9,8233,Other motor vehicle nontraffic accident involving collision with stationary object — Passenger on motorcycle,L1_07,Injury and Accidental Harm,medium
ICD-9,8234,Other motor vehicle nontraffic accident involving collision with stationary object — Occupant of streetcar,L1_07,Injury and Accidental Harm,medium
ICD-9,8235,Other motor vehicle nontraffic accident involving collision with stationary object — Rider of animal; occupant of animal-drawn vehicle,L1_07,Injury and Accidental Harm,medium
ICD-9,8236,Other motor vehicle nontraffic accident involving collision with stationary object — Pedal cyclist,L1_07,Injury and Accidental Harm,medium
ICD-9,8237,Other motor vehicle nontraffic accident involving collision with stationary object — Pedestrian,L1_07,Injury and Accidental Harm,medium
ICD-9,8238,Other motor vehicle nontraffic accident involving collision with stationary object — Other specified person,L1_07,Injury and Accidental Harm,medium
ICD-9,8239,Other motor vehicle nontraffic accident involving collision with stationary object — Unspecified person,L1_07,Injury and Accidental Harm,medium
ICD-9,8240,Other motor vehicle nontraffic accident while boarding and alighting — Driver of motor vehicle other than motorcycle,L1_07,Injury and Accidental Harm,medium
ICD-9,8241,Other motor vehicle nontraffic accident while boarding and alighting — Passenger in motor vehicle other than motorcycle,L1_07,Injury and Accidental Harm,medium
ICD-9,8242,Other motor vehicle nontraffic accident while boarding and alighting — Motor cyclist,L1_07,Injury and Accidental Harm,medium
ICD-9,8243,Other motor vehicle nontraffic accident while boarding and alighting — Passenger on motorcycle,L1_07,Injury and Accidental Harm,medium
ICD-9,8244,Other motor vehicle nontraffic accident while boarding and alighting — Occupant of streetcar,L1_07,Injury and Accidental Harm,medium
ICD-9,8245,Other motor vehicle nontraffic accident while boarding and alighting — Rider of animal; occupant of animal drawn vehicle,L1_07,Injury and Accidental Harm,medium
ICD-9,8246,Other motor vehicle nontraffic accident while boarding and alighting — Pedal cyclist,L1_07,Injury and Accidental Harm,medium
ICD-9,8247,Other motor vehicle nontraffic accident while boarding and alighting — Pedestrian,L1_07,Injury and Accidental Harm,medium
ICD-9,8248,Other motor vehicle nontraffic accident while boarding and alighting — Other specified person,L1_07,Injury and Accidental Harm,medium
ICD-9,8249,Other motor vehicle nontraffic accident while boarding and alighting — Unspecified person,L1_07,Injury and Accidental Harm,medium
ICD-9,8250,Other motor vehicle nontraffic accident of other and unspecified nature — Driver of motor vehicle other than motorcycle,L1_07,Injury and Accidental Harm,medium
ICD-9,8251,Other motor vehicle nontraffic accident of other and unspecified nature — Passenger in motor vehicle other than motorcycle,L1_07,Injury and Accidental Harm,medium
ICD-9,8252,Other motor vehicle nontraffic accident of other and unspecified nature — Motor cyclist,L1_07,Injury and Accidental Harm,medium
ICD-9,8253,Other motor vehicle nontraffic accident of other and unspecified nature — Passenger on motorcycle,L1_07,Injury and Accidental Harm,medium
ICD-9,8254,Other motor vehicle nontraffic accident of other and unspecified nature — Occupant of streetcar,L1_07,Injury and Accidental Harm,medium
ICD-9,8255,Other motor vehicle nontraffic accident of other and unspecified nature — Rider of animal; occupant of animal-drawn vehicle,L1_07,Injury and Accidental Harm,medium
ICD-9,8256,Other motor vehicle nontraffic accident of other and unspecified nature — Pedal cyclist,L1_07,Injury and Accidental Harm,medium
ICD-9,8257,Other motor vehicle nontraffic accident of other and unspecified nature — Pedestrian,L1_07,Injury and Accidental Harm,medium
ICD-9,8258,Other motor vehicle nontraffic accident of other and unspecified nature — Other specified person,L1_07,Injury and Accidental Harm,medium
ICD-9,8259,Other motor vehicle nontraffic accident of other and unspecified nature — Unspecified person,L1_07,Injury and Accidental Harm,medium
ICD-9,8260,Pedal cycle accident — Pedestrian,L1_07,Injury and Accidental Harm,low
ICD-9,8261,Pedal cycle accident — Pedal cyclist,L1_07,Injury and Accidental Harm,low
ICD-9,8262,Pedal cycle accident — Rider of animal,L1_07,Injury and Accidental Harm,low
ICD-9,8263,Pedal cycle accident — Occupant of animal-drawn vehicle,L1_07,Injury and Accidental Harm,medium
ICD-9,8264,Pedal cycle accident — Occupant of streetcar,L1_07,Injury and Accidental Harm,low
ICD-9,8268,Pedal cycle accident — Other specified person,L1_07,Injury and Accidental Harm,low
ICD-9,8269,Pedal cycle accident — Unspecified person,L1_07,Injury and Accidental Harm,low
ICD-9,8270,Animal-drawn vehicle accident — Pedestrian,L1_07,Injury and Accidental Harm,medium
ICD-9,8271,Animal-drawn vehicle accident — Pedal cyclist,L1_07,Injury and Accidental Harm,medium
ICD-9,8272,Animal-drawn vehicle accident — Rider of animal,L1_07,Injury and Accidental Harm,medium
ICD-9,8273,Animal-drawn vehicle accident — Occupant of animal-drawn vehicle,L1_07,Injury and Accidental Harm,medium
ICD-9,8274,Animal-drawn vehicle accident — Occupant of streetcar,L1_07,Injury and Accidental Harm,medium
ICD-9,8278,Animal-drawn vehicle accident — Other specified person,L1_07,Injury and Accidental Harm,medium
ICD-9,8279,Animal-drawn vehicle accident — Unspecified person,L1_07,Injury and Accidental Harm,medium
ICD-9,8280,Accident involving animal being ridden — Pedestrian,L1_07,Injury and Accidental Harm,low
ICD-9,8281,Accident involving animal being ridden — Pedal cyclist,L1_07,Injury and Accidental Harm,low
ICD-9,8282,Accident involving animal being ridden — Rider of animal,L1_07,Injury and Accidental Harm,low
ICD-9,8283,Accident involving animal being ridden — Occupant of animal-drawn vehicle,L1_07,Injury and Accidental Harm,medium
ICD-9,8284,Accident involving animal being ridden — Occupant of streetcar,L1_07,Injury and Accidental Harm,low
ICD-9,8288,Accident involving animal being ridden — Other specified person,L1_07,Injury and Accidental Harm,low
ICD-9,8289,Accident involving animal being ridden — Unspecified person,L1_07,Injury and Accidental Harm,low
ICD-9,8290,Other road vehicle accidents — Pedestrian,L1_07,Injury and Accidental Harm,medium
ICD-9,8291,Other road vehicle accidents — Pedal cyclist,L1_07,Injury and Accidental Harm,medium
ICD-9,8292,Other road vehicle accidents — Rider of animal,L1_07,Injury and Accidental Harm,medium
ICD-9,8293,Other road vehicle accidents — Occupant of animal-drawn vehicle,L1_07,Injury and Accidental Harm,medium
ICD-9,8294,Other road vehicle accidents — Occupant of streetcar,L1_07,Injury and Accidental Harm,medium
ICD-9,8298,Other road vehicle accidents — Other specified person,L1_07,Injury and Accidental Harm,medium
ICD-9,8299,Other road vehicle accidents — Unspecified person,L1_07,Injury and Accidental Harm,medium
ICD-9,8300,"Accident to watercraft causing submersion — Occupant of small boat, unpowered",L1_07,Injury and Accidental Harm,low
ICD-9,8301,"Accident to watercraft causing submersion — Occupant of small boat, powered",L1_07,Injury and Accidental Harm,low
ICD-9,8302,Accident to watercraft causing submersion — Occupant of other watercraft - crew,L1_07,Injury and Accidental Harm,low
ICD-9,8303,Accident to watercraft causing submersion — Occupant of other watercraft - other than crew,L1_07,Injury and Accidental Harm,low
ICD-9,8304,Accident to watercraft causing submersion — Water skier,L1_07,Injury and Accidental Harm,low
ICD-9,8305,Accident to watercraft causing submersion — Swimmer,L1_07,Injury and Accidental Harm,low
ICD-9,8306,"Accident to watercraft causing submersion — Dockers, stevedores",L1_07,Injury and Accidental Harm,low
ICD-9,8308,Accident to watercraft causing submersion — Other specified person,L1_07,Injury and Accidental Harm,low
ICD-9,8309,Accident to watercraft causing submersion — Unspecified person,L1_07,Injury and Accidental Harm,low
ICD-9,8310,"Accident to watercraft causing other injury — Occupant of small boat, unpowered",L1_07,Injury and Accidental Harm,medium
ICD-9,8311,"Accident to watercraft causing other injury — Occupant of small boat, powered",L1_07,Injury and Accidental Harm,medium
ICD-9,8312,Accident to watercraft causing other injury — Occupant of other watercraft - crew,L1_07,Injury and Accidental Harm,medium
ICD-9,8313,Accident to watercraft causing other injury — Occupant of other watercraft - other than crew,L1_07,Injury and Accidental Harm,medium
ICD-9,8314,Accident to watercraft causing other injury — Water skier,L1_07,Injury and Accidental Harm,medium
ICD-9,8315,Accident to watercraft causing other injury — Swimmer,L1_07,Injury and Accidental Harm,medium
ICD-9,8316,"Accident to watercraft causing other injury — Dockers, stevedores",L1_07,Injury and Accidental Harm,medium
ICD-9,8318,Accident to watercraft causing other injury — Other specified person,L1_07,Injury and Accidental Harm,medium
ICD-9,8319,Accident to watercraft causing other injury — Unspecified person,L1_07,Injury and Accidental Harm,medium
ICD-9,8320,"Other accidental submersion or drowning in water transport accident — Occupant of small boat, unpowered",L1_07,Injury and Accidental Harm,high
ICD-9,8321,"Other accidental submersion or drowning in water transport accident — Occupant of small boat, powered",L1_07,Injury and Accidental Harm,high
ICD-9,8322,Other accidental submersion or drowning in water transport accident — Occupant of other watercraft - crew,L1_07,Injury and Accidental Harm,high
ICD-9,8323,Other accidental submersion or drowning in water transport accident — Occupant of other watercraft - other than crew,L1_07,Injury and Accidental Harm,high
ICD-9,8324,Other accidental submersion or drowning in water transport accident — Water skier,L1_07,Injury and Accidental Harm,high
ICD-9,8325,Other accidental submersion or drowning in water transport accident — Swimmer,L1_07,Injury and Accidental Harm,high
ICD-9,8326,"Other accidental submersion or drowning in water transport accident — Dockers, stevedores",L1_07,Injury and Accidental Harm,high
ICD-9,8328,Other accidental submersion or drowning in water transport accident — Other specified person,L1_07,Injury and Accidental Harm,high
ICD-9,8329,Other accidental submersion or drowning in water transport accident — Unspecified person,L1_07,Injury and Accidental Harm,high
ICD-9,8330,"Fall on stairs or ladders in water transport — Occupant of small boat, unpowered",L1_07,Injury and Accidental Harm,medium
ICD-9,8331,"Fall on stairs or ladders in water transport — Occupant of small boat, powered",L1_07,Injury and Accidental Harm,medium
ICD-9,8332,Fall on stairs or ladders in water transport — Occupant of other watercraft - crew,L1_07,Injury and Accidental Harm,medium
ICD-9,8333,Fall on stairs or ladders in water transport — Occupant of other watercraft - other than crew,L1_07,Injury and Accidental Harm,medium
ICD-9,8334,Fall on stairs or ladders in water transport — Water skier,L1_07,Injury and Accidental Harm,medium
ICD-9,8335,Fall on stairs or ladders in water transport — Swimmer,L1_07,Injury and Accidental Harm,medium
ICD-9,8336,"Fall on stairs or ladders in water transport — Dockers, stevedores",L1_07,Injury and Accidental Harm,medium
ICD-9,8338,Fall on stairs or ladders in water transport — Other specified person,L1_07,Injury and Accidental Harm,medium
ICD-9,8339,Fall on stairs or ladders in water transport — Unspecified person,L1_07,Injury and Accidental Harm,medium
ICD-9,8340,"Other fall from one level to another in water transport — Occupant of small boat, unpowered",L1_07,Injury and Accidental Harm,medium
ICD-9,8341,"Other fall from one level to another in water transport — Occupant of small boat, powered",L1_07,Injury and Accidental Harm,medium
ICD-9,8342,Other fall from one level to another in water transport — Occupant of other watercraft - crew,L1_07,Injury and Accidental Harm,medium
ICD-9,8343,Other fall from one level to another in water transport — Occupant of other watercraft - other than crew,L1_07,Injury and Accidental Harm,medium
ICD-9,8344,Other fall from one level to another in water transport — Water skier,L1_07,Injury and Accidental Harm,medium
ICD-9,8345,Other fall from one level to another in water transport — Swimmer,L1_07,Injury and Accidental Harm,medium
ICD-9,8346,"Other fall from one level to another in water transport — Dockers, stevedores",L1_07,Injury and Accidental Harm,medium
ICD-9,8348,Other fall from one level to another in water transport — Other specified person,L1_07,Injury and Accidental Harm,medium
ICD-9,8349,Other fall from one level to another in water transport — Unspecified person,L1_07,Injury and Accidental Harm,medium
ICD-9,8350,"Other and unspecified fall in water transport — Occupant of small boat, unpowered",L1_07,Injury and Accidental Harm,medium
ICD-9,8351,"Other and unspecified fall in water transport — Occupant of small boat, powered",L1_07,Injury and Accidental Harm,medium
ICD-9,8352,Other and unspecified fall in water transport — Occupant of other watercraft - crew,L1_07,Injury and Accidental Harm,medium
ICD-9,8353,Other and unspecified fall in water transport — Occupant of other watercraft - other than crew,L1_07,Injury and Accidental Harm,medium
ICD-9,8354,Other and unspecified fall in water transport — Water skier,L1_07,Injury and Accidental Harm,medium
ICD-9,8355,Other and unspecified fall in water transport — Swimmer,L1_07,Injury and Accidental Harm,medium
ICD-9,8356,"Other and unspecified fall in water transport — Dockers, stevedores",L1_07,Injury and Accidental Harm,medium
ICD-9,8358,Other and unspecified fall in water transport — Other specified person,L1_07,Injury and Accidental Harm,medium
ICD-9,8359,Other and unspecified fall in water transport — Unspecified person,L1_07,Injury and Accidental Harm,medium
ICD-9,8360,"Machinery accident in water transport — Occupant of small boat, unpowered",L1_07,Injury and Accidental Harm,medium
ICD-9,8361,"Machinery accident in water transport — Occupant of small boat, powered",L1_07,Injury and Accidental Harm,medium
ICD-9,8362,Machinery accident in water transport — Occupant of other watercraft - crew,L1_07,Injury and Accidental Harm,medium
ICD-9,8363,Machinery accident in water transport — Occupant of other watercraft - other than crew,L1_07,Injury and Accidental Harm,medium
ICD-9,8364,Machinery accident in water transport — Water skier,L1_07,Injury and Accidental Harm,medium
ICD-9,8365,Machinery accident in water transport — Swimmer,L1_07,Injury and Accidental Harm,medium
ICD-9,8366,"Machinery accident in water transport — Dockers, stevedores",L1_07,Injury and Accidental Harm,medium
ICD-9,8368,Machinery accident in water transport — Other specified person,L1_07,Injury and Accidental Harm,medium
ICD-9,8369,Machinery accident in water transport — Unspecified person,L1_07,Injury and Accidental Harm,medium
ICD-9,8370,"Explosion, fire or burning in watercraft — Occupant of small boat, unpowered",L1_01,Infectious and Communicable Diseases,low
ICD-9,8371,"Explosion, fire or burning in watercraft — Occupant of small boat, powered",L1_01,Infectious and Communicable Diseases,low
ICD-9,8372,"Explosion, fire or burning in watercraft — Occupant of other watercraft - crew",L1_01,Infectious and Communicable Diseases,low
ICD-9,8373,"Explosion, fire or burning in watercraft — Occupant of other watercraft - other than crew",L1_01,Infectious and Communicable Diseases,low
ICD-9,8374,"Explosion, fire or burning in watercraft — Water skier",L1_01,Infectious and Communicable Diseases,low
ICD-9,8375,"Explosion, fire or burning in watercraft — Swimmer",L1_01,Infectious and Communicable Diseases,low
ICD-9,8376,"Explosion, fire or burning in watercraft — Dockers, stevedores",L1_01,Infectious and Communicable Diseases,low
ICD-9,8378,"Explosion, fire or burning in watercraft — Other specified person",L1_01,Infectious and Communicable Diseases,low
ICD-9,8379,"Explosion, fire or burning in watercraft — Unspecified person",L1_01,Infectious and Communicable Diseases,low
ICD-9,8380,"Other and unspecified water transport accident — Occupant of small boat, unpowered",L1_07,Injury and Accidental Harm,low
ICD-9,8381,"Other and unspecified water transport accident — Occupant of small boat, powered",L1_07,Injury and Accidental Harm,low
ICD-9,8382,Other and unspecified water transport accident — Occupant of other watercraft - crew,L1_07,Injury and Accidental Harm,low
ICD-9,8383,Other and unspecified water transport accident — Occupant of other watercraft - other than crew,L1_07,Injury and Accidental Harm,low
ICD-9,8384,Other and unspecified water transport accident — Water skier,L1_07,Injury and Accidental Harm,low
ICD-9,8385,Other and unspecified water transport accident — Swimmer,L1_07,Injury and Accidental Harm,low
ICD-9,8386,"Other and unspecified water transport accident — Dockers, stevedores",L1_07,Injury and Accidental Harm,low
ICD-9,8388,Other and unspecified water transport accident — Other specified person,L1_07,Injury and Accidental Harm,low
ICD-9,8389,Other and unspecified water transport accident — Unspecified person,L1_07,Injury and Accidental Harm,low
ICD-9,8400,Accident to powered aircraft at takeoff or landing — Occupant of spacecraft,L1_07,Injury and Accidental Harm,low
ICD-9,8401,"Accident to powered aircraft at takeoff or landing — Occupant of military aircraft, any",L1_07,Injury and Accidental Harm,low
ICD-9,8402,Accident to powered aircraft at takeoff or landing — Crew of commercial aircraft (powered) in surface to surface transport,L1_07,Injury and Accidental Harm,low
ICD-9,8403,Accident to powered aircraft at takeoff or landing — Other occupant of commercial aircraft (powered) in surface to surface transport,L1_07,Injury and Accidental Harm,low
ICD-9,8404,Accident to powered aircraft at takeoff or landing — Occupant of commercial aircraft (powered) in surface to air transport,L1_07,Injury and Accidental Harm,low
ICD-9,8405,Accident to powered aircraft at takeoff or landing — Occupant of other powered aircraft,L1_07,Injury and Accidental Harm,low
ICD-9,8406,"Accident to powered aircraft at takeoff or landing — Occupant of unpowered aircraft, except parachutist",L1_07,Injury and Accidental Harm,low
ICD-9,8407,Accident to powered aircraft at takeoff or landing — Parachutist (military) (other),L1_07,Injury and Accidental Harm,low
ICD-9,8408,"Accident to powered aircraft at takeoff or landing — Ground crew, airline employee",L1_07,Injury and Accidental Harm,low
ICD-9,8409,Accident to powered aircraft at takeoff or landing — Other person,L1_07,Injury and Accidental Harm,low
ICD-9,8410,"Accident to powered aircraft, other and unspecified — Occupant of spacecraft",L1_07,Injury and Accidental Harm,low
ICD-9,8411,"Accident to powered aircraft, other and unspecified — Occupant of military aircraft, any",L1_07,Injury and Accidental Harm,low
ICD-9,8412,"Accident to powered aircraft, other and unspecified — Crew of commercial aircraft (powered) in surface to surface transport",L1_07,Injury and Accidental Harm,low
ICD-9,8413,"Accident to powered aircraft, other and unspecified — Other occupant of commercial aircraft (powered) in surface to surface transport",L1_07,Injury and Accidental Harm,low
ICD-9,8414,"Accident to powered aircraft, other and unspecified — Occupant of commercial aircraft (powered) in surface to air transport",L1_07,Injury and Accidental Harm,low
ICD-9,8415,"Accident to powered aircraft, other and unspecified — Occupant of other powered aircraft",L1_07,Injury and Accidental Harm,low
ICD-9,8416,"Accident to powered aircraft, other and unspecified — Occupant of unpowered aircraft, except parachutist",L1_07,Injury and Accidental Harm,low
ICD-9,8417,"Accident to powered aircraft, other and unspecified — Parachutist (military) (other)",L1_07,Injury and Accidental Harm,low
ICD-9,8418,"Accident to powered aircraft, other and unspecified — Ground crew, airline employee",L1_07,Injury and Accidental Harm,low
ICD-9,8419,"Accident to powered aircraft, other and unspecified — Other person",L1_07,Injury and Accidental Harm,low
ICD-9,8420,Accident to unpowered aircraft — Occupant of spacecraft,L1_07,Injury and Accidental Harm,low
ICD-9,8421,"Accident to unpowered aircraft — Occupant of military aircraft, any",L1_07,Injury and Accidental Harm,low
ICD-9,8422,Accident to unpowered aircraft — Crew of commercial aircraft (powered) in surface to surface transport,L1_07,Injury and Accidental Harm,low
ICD-9,8423,Accident to unpowered aircraft — Other occupant of commercial aircraft (powered) in surface to surface transport,L1_07,Injury and Accidental Harm,low
ICD-9,8424,Accident to unpowered aircraft — Occupant of commercial aircraft (powered) in surface to air transport,L1_07,Injury and Accidental Harm,low
ICD-9,8425,Accident to unpowered aircraft — Occupant of other powered aircraft,L1_07,Injury and Accidental Harm,low
ICD-9,8426,"Accident to unpowered aircraft — Occupant of unpowered aircraft, except parachutist",L1_07,Injury and Accidental Harm,low
ICD-9,8427,Accident to unpowered aircraft — Parachutist (military) (other),L1_07,Injury and Accidental Harm,low
ICD-9,8428,"Accident to unpowered aircraft — Ground crew, airline employee",L1_07,Injury and Accidental Harm,low
ICD-9,8429,Accident to unpowered aircraft — Other person,L1_07,Injury and Accidental Harm,low
ICD-9,8430,"Fall in, on or from aircraft — Occupant of spacecraft",L1_07,Injury and Accidental Harm,medium
ICD-9,8431,"Fall in, on or from aircraft — Occupant of military aircraft, any",L1_07,Injury and Accidental Harm,medium
ICD-9,8432,"Fall in, on or from aircraft — Crew of commercial aircraft (powered) in surface to surface transport",L1_07,Injury and Accidental Harm,medium
ICD-9,8433,"Fall in, on or from aircraft — Other occupant of commercial aircraft (powered) in surface to surface transport",L1_07,Injury and Accidental Harm,medium
ICD-9,8434,"Fall in, on or from aircraft — Occupant of commercial aircraft (powered) in surface to air transport",L1_07,Injury and Accidental Harm,medium
ICD-9,8435,"Fall in, on or from aircraft — Occupant of other powered aircraft",L1_07,Injury and Accidental Harm,medium
ICD-9,8436,"Fall in, on or from aircraft — Occupant of unpowered aircraft, except parachutist",L1_07,Injury and Accidental Harm,medium
ICD-9,8437,"Fall in, on or from aircraft — Parachutist (military) (other)",L1_07,Injury and Accidental Harm,medium
ICD-9,8438,"Fall in, on or from aircraft — Ground crew, airline employee",L1_07,Injury and Accidental Harm,medium
ICD-9,8439,"Fall in, on or from aircraft — Other person",L1_07,Injury and Accidental Harm,medium
ICD-9,8440,Other specified air transport accidents — Occupant of spacecraft,L1_07,Injury and Accidental Harm,low
ICD-9,8441,"Other specified air transport accidents — Occupant of military aircraft, any",L1_07,Injury and Accidental Harm,low
ICD-9,8442,Other specified air transport accidents — Crew of commercial aircraft (powered) in surface to surface transport,L1_07,Injury and Accidental Harm,low
ICD-9,8443,Other specified air transport accidents — Other occupant of commercial aircraft (powered) in surface to surface transport,L1_07,Injury and Accidental Harm,low
ICD-9,8444,Other specified air transport accidents — Occupant of commercial aircraft (powered) in surface to air transport,L1_07,Injury and Accidental Harm,low
ICD-9,8445,Other specified air transport accidents — Occupant of other powered aircraft,L1_07,Injury and Accidental Harm,low
ICD-9,8446,"Other specified air transport accidents — Occupant of unpowered aircraft, except parachutist",L1_07,Injury and Accidental Harm,low
ICD-9,8447,Other specified air transport accidents — Parachutist (military) (other),L1_07,Injury and Accidental Harm,low
ICD-9,8448,"Other specified air transport accidents — Ground crew, airline employee",L1_07,Injury and Accidental Harm,low
ICD-9,8449,Other specified air transport accidents — Other person,L1_07,Injury and Accidental Harm,low
ICD-9,8450,Accident involving spacecraft — Occupant of spacecraft,L1_07,Injury and Accidental Harm,low
ICD-9,8451,"Accident involving spacecraft — Occupant of military aircraft, any",L1_07,Injury and Accidental Harm,low
ICD-9,8452,Accident involving spacecraft — Crew of commercial aircraft (powered) in surface to surface transport,L1_07,Injury and Accidental Harm,low
ICD-9,8453,Accident involving spacecraft — Other occupant of commercial aircraft (powered) in surface to surface transport,L1_07,Injury and Accidental Harm,low
ICD-9,8454,Accident involving spacecraft — Occupant of commercial aircraft (powered) in surface to air transport,L1_07,Injury and Accidental Harm,low
ICD-9,8455,Accident involving spacecraft — Occupant of other powered aircraft,L1_07,Injury and Accidental Harm,low
ICD-9,8456,"Accident involving spacecraft — Occupant of unpowered aircraft, except parachutist",L1_07,Injury and Accidental Harm,low
ICD-9,8457,Accident involving spacecraft — Parachutist (military) (other),L1_07,Injury and Accidental Harm,low
ICD-9,8458,"Accident involving spacecraft — Ground crew, airline employee",L1_07,Injury and Accidental Harm,low
ICD-9,8459,Accident involving spacecraft — Other person,L1_07,Injury and Accidental Harm,low
ICD-9,8460,Accidents involving powered vehicles used solely in an industrial or commercial establishment — Accidents involving powered vehicles used solely in an industrial or commercial establishment,L1_07,Injury and Accidental Harm,medium
ICD-9,8470,Accidents involving cable cars not running on rails — Accidents involving cable cars not running on rails,L1_07,Injury and Accidental Harm,low
ICD-9,8480,Accidents involving other vehicles not elsewhere classifiable — Accidents involving other vehicles not elsewhere classifiable,L1_07,Injury and Accidental Harm,medium
ICD-9,8500,"Accidental poisoning by analgesics, antipyretics, antirheumatics — Opiates and related narcotics",L1_07,Injury and Accidental Harm,medium
ICD-9,8501,"Accidental poisoning by analgesics, antipyretics, antirheumatics — Salicylates",L1_07,Injury and Accidental Harm,medium
ICD-9,8502,"Accidental poisoning by analgesics, antipyretics, antirheumatics — Aromatic analgesics, not elsewhere classified",L1_07,Injury and Accidental Harm,medium
ICD-9,8503,"Accidental poisoning by analgesics, antipyretics, antirheumatics — Pyrazole derivatives",L1_07,Injury and Accidental Harm,medium
ICD-9,8504,"Accidental poisoning by analgesics, antipyretics, antirheumatics — Antirheumatics [antiphlogistics]",L1_07,Injury and Accidental Harm,medium
ICD-9,8505,"Accidental poisoning by analgesics, antipyretics, antirheumatics — Other non-narcotic analgesics",L1_07,Injury and Accidental Harm,medium
ICD-9,8508,"Accidental poisoning by analgesics, antipyretics, antirheumatics — Other",L1_07,Injury and Accidental Harm,medium
ICD-9,8509,"Accidental poisoning by analgesics, antipyretics, antirheumatics — Unspecified",L1_07,Injury and Accidental Harm,medium
ICD-9,8510,Accidental poisoning by barbiturates — Accidental poisoning by barbiturates,L1_07,Injury and Accidental Harm,medium
ICD-9,8520,Accidental poisoning by other sedatives and hypnotics — Chloral hydrate group,L1_07,Injury and Accidental Harm,medium
ICD-9,8521,Accidental poisoning by other sedatives and hypnotics — Paraldehyde,L1_07,Injury and Accidental Harm,medium
ICD-9,8522,Accidental poisoning by other sedatives and hypnotics — Bromine compounds,L1_07,Injury and Accidental Harm,medium
ICD-9,8523,Accidental poisoning by other sedatives and hypnotics — Methaqualone compounds,L1_07,Injury and Accidental Harm,medium
ICD-9,8524,Other sedatives and hypnotics — Glutethimide group,L1_01,Infectious and Communicable Diseases,low
ICD-9,8525,"Accidental poisoning by other sedatives and hypnotics — Mixed sedatives, not elsewhere classified",L1_07,Injury and Accidental Harm,medium
ICD-9,8528,Accidental poisoning by other sedatives and hypnotics — Other,L1_07,Injury and Accidental Harm,medium
ICD-9,8529,Accidental poisoning by other sedatives and hypnotics — Unspecified,L1_07,Injury and Accidental Harm,medium
ICD-9,8530,Accidental poisoning by tranquillizers — Phenothiazine-based tranquillizers,L1_07,Injury and Accidental Harm,medium
ICD-9,8531,Accidental poisoning by tranquillizers — Butyrophenone-based tranquillizers,L1_07,Injury and Accidental Harm,medium
ICD-9,8532,Accidental poisoning by tranquillizers — Benzodiazepine based,L1_07,Injury and Accidental Harm,medium
ICD-9,8538,Accidental poisoning by tranquillizers — Other,L1_07,Injury and Accidental Harm,medium
ICD-9,8539,Accidental poisoning by tranquillizers — Unspecified,L1_07,Injury and Accidental Harm,medium
ICD-9,8540,Accidental poisoning by other psychotropic agents — Antidepressants,L1_07,Injury and Accidental Harm,medium
ICD-9,8541,Accidental poisoning by other psychotropic agents — Psychodysleptics [hallucinogens],L1_07,Injury and Accidental Harm,medium
ICD-9,8542,Accidental poisoning by other psychotropic agents — Psychostimulants,L1_07,Injury and Accidental Harm,medium
ICD-9,8543,Accidental poisoning by other psychotropic agents — Central nervous system stimulants,L1_07,Injury and Accidental Harm,medium
ICD-9,8550,Accidental poisoning by other drugs acting on central and autonomic nervous systems — Anticonvulsant and anti-Parkinsonism drugs,L1_07,Injury and Accidental Harm,medium
ICD-9,8551,Accidental poisoning by other drugs acting on central and autonomic nervous systems — Other central nervous system depressants,L1_07,Injury and Accidental Harm,medium
ICD-9,8552,Accidental poisoning by other drugs acting on central and autonomic nervous systems — Local anaesthetics,L1_07,Injury and Accidental Harm,medium
ICD-9,8553,Accidental poisoning by other drugs acting on central and autonomic nervous systems — Parasympathomimetics [cholinergics],L1_07,Injury and Accidental Harm,medium
ICD-9,8554,Accidental poisoning by other drugs acting on central and autonomic nervous systems — Parasympatholytics [anticholinergics and antimuscarinics] and spasmolytics,L1_07,Injury and Accidental Harm,medium
ICD-9,8555,Accidental poisoning by other drugs acting on central and autonomic nervous systems — Sympathomimetics [adrenergics],L1_07,Injury and Accidental Harm,medium
ICD-9,8556,Accidental poisoning by other drugs acting on central and autonomic nervous systems — Sympatholytics [antiadrenergics],L1_07,Injury and Accidental Harm,medium
ICD-9,8558,Accidental poisoning by other drugs acting on central and autonomic nervous systems — Other,L1_07,Injury and Accidental Harm,medium
ICD-9,8559,Accidental poisoning by other drugs acting on central and autonomic nervous systems — Unspecified,L1_07,Injury and Accidental Harm,medium
ICD-9,8560,Accidental poisoning by antibiotics — Accidental poisoning by antibiotics,L1_07,Injury and Accidental Harm,medium
ICD-9,8570,Accidental poisoning by anti-infectives — Accidental poisoning by anti-infectives,L1_07,Injury and Accidental Harm,medium
ICD-9,8580,Accidental poisoning by other drugs — Hormones and synthetic substitutes,L1_07,Injury and Accidental Harm,medium
ICD-9,8581,Accidental poisoning by other drugs — Primarily systemic agents,L1_07,Injury and Accidental Harm,medium
ICD-9,8582,Accidental poisoning by other drugs — Agents primarily affecting blood constituents,L1_07,Injury and Accidental Harm,medium
ICD-9,8583,Accidental poisoning by other drugs — Agents primarily affecting cardiovascular system,L1_07,Injury and Accidental Harm,medium
ICD-9,8584,Accidental poisoning by other drugs — Agents primarily affecting gastrointestinal system,L1_07,Injury and Accidental Harm,medium
ICD-9,8585,"Accidental poisoning by other drugs — Water, mineral and uric acid metabolism drugs",L1_07,Injury and Accidental Harm,medium
ICD-9,8586,Accidental poisoning by other drugs — Agents primarily acting on the smooth and skeletal muscles and respiratory system,L1_07,Injury and Accidental Harm,medium
ICD-9,8587,"Accidental poisoning by other drugs — Agents primarily affecting skin or mucous membrane,ophthlmological, otorhinolaryngological and dental drugs",L1_07,Injury and Accidental Harm,medium
ICD-9,8588,Accidental poisoning by other drugs — Other,L1_07,Injury and Accidental Harm,medium
ICD-9,8589,Accidental poisoning by other drugs — Unspecified,L1_07,Injury and Accidental Harm,medium
ICD-9,8600,"Accidental poisoning by alcohol, not elsewhere classified — Alcoholic beverages",L1_07,Injury and Accidental Harm,medium
ICD-9,8601,"Accidental poisoning by alcohol, not elsewhere classified — Other and unspecified ethyl alcohol and its products",L1_07,Injury and Accidental Harm,medium
ICD-9,8602,"Accidental poisoning by alcohol, not elsewhere classified — Methyl alcohol",L1_07,Injury and Accidental Harm,medium
ICD-9,8603,"Accidental poisoning by alcohol, not elsewhere classified — Isopropyl alcohol",L1_07,Injury and Accidental Harm,medium
ICD-9,8604,"Accidental poisoning by alcohol, not elsewhere classified — Fusel oil",L1_07,Injury and Accidental Harm,medium
ICD-9,8608,"Accidental poisoning by alcohol, not elsewhere classified — Other",L1_07,Injury and Accidental Harm,medium
ICD-9,8609,"Accidental poisoning by alcohol, not elsewhere classified — Unspecified",L1_07,Injury and Accidental Harm,medium
ICD-9,8610,"Accidental poisoning by cleansing and polishing agents, disinfectants, paints and varnishes — Synthetic detergents and shampoos",L1_07,Injury and Accidental Harm,medium
ICD-9,8611,"Accidental poisoning by cleansing and polishing agents, disinfectants, paints and varnishes — Soap products",L1_07,Injury and Accidental Harm,medium
ICD-9,8612,"Accidental poisoning by cleansing and polishing agents, disinfectants, paints and varnishes — Polishes",L1_07,Injury and Accidental Harm,medium
ICD-9,8613,"Accidental poisoning by cleansing and polishing agents, disinfectants, paints and varnishes — Other cleansing and polishing agents",L1_07,Injury and Accidental Harm,medium
ICD-9,8614,"Accidental poisoning by cleansing and polishing agents, disinfectants, paints and varnishes — Disinfectants",L1_07,Injury and Accidental Harm,medium
ICD-9,8615,"Accidental poisoning by cleansing and polishing agents, disinfectants, paints and varnishes — Lead paints",L1_07,Injury and Accidental Harm,medium
ICD-9,8616,"Accidental poisoning by cleansing and polishing agents, disinfectants, paints and varnishes — Other paints and varnishes",L1_07,Injury and Accidental Harm,medium
ICD-9,8619,"Accidental poisoning by cleansing and polishing agents, disinfectants, paints and varnishes — Unspecified",L1_07,Injury and Accidental Harm,medium
ICD-9,8620,"Accidental poisoning by petroleum products, other solvents and their vapours, not otherwise classified — Petroleum solvents",L1_07,Injury and Accidental Harm,medium
ICD-9,8621,"Accidental poisoning by petroleum products, other solvents and their vapours, not otherwise classified — Petroleum fuels and cleaners",L1_07,Injury and Accidental Harm,medium
ICD-9,8622,"Accidental poisoning by petroleum products, other solvents and their vapours, not otherwise classified — Lubricating oils",L1_07,Injury and Accidental Harm,medium
ICD-9,8623,"Accidental poisoning by petroleum products, other solvents and their vapours, not otherwise classified — Petroleum solids",L1_07,Injury and Accidental Harm,medium
ICD-9,8624,"Accidental poisoning by petroleum products, other solvents and their vapours, not otherwise classified — Other solvents",L1_07,Injury and Accidental Harm,medium
ICD-9,8629,"Accidental poisoning by petroleum products, other solvents and their vapours, not otherwise classified — Unspecified",L1_07,Injury and Accidental Harm,medium
ICD-9,8630,Accidental poisoning by agricultural and horticultural chemical and pharmaceutical preparations other than plant foods or fertilizers — Insecticides of organochlorine compounds,L1_07,Injury and Accidental Harm,medium
ICD-9,8631,Accidental poisoning by agricultural and horticultural chemical and pharmaceutical preparations other than plant foods or fertilizers — Insecticides of organophosphorus compounds,L1_07,Injury and Accidental Harm,medium
ICD-9,8632,Accidental poisoning by agricultural and horticultural chemical and pharmaceutical preparations other than plant foods or fertilizers — Carbamates,L1_07,Injury and Accidental Harm,medium
ICD-9,8633,Accidental poisoning by agricultural and horticultural chemical and pharmaceutical preparations other than plant foods or fertilizers — Mixtures of insecticides,L1_07,Injury and Accidental Harm,medium
ICD-9,8634,Accidental poisoning by agricultural and horticultural chemical and pharmaceutical preparations other than plant foods or fertilizers — Other and unspecified insecticides,L1_07,Injury and Accidental Harm,medium
ICD-9,8635,Accidental poisoning by agricultural and horticultural chemical and pharmaceutical preparations other than plant foods or fertilizers — Herbicides,L1_07,Injury and Accidental Harm,medium
ICD-9,8636,Accidental poisoning by agricultural and horticultural chemical and pharmaceutical preparations other than plant foods or fertilizers — Fungicides,L1_07,Injury and Accidental Harm,medium
ICD-9,8637,Accidental poisoning by agricultural and horticultural chemical and pharmaceutical preparations other than plant foods or fertilizers — Rodenticides,L1_07,Injury and Accidental Harm,medium
ICD-9,8638,Accidental poisoning by agricultural and horticultural chemical and pharmaceutical preparations other than plant foods or fertilizers — Fumigants,L1_07,Injury and Accidental Harm,medium
ICD-9,8639,Accidental poisoning by agricultural and horticultural chemical and pharmaceutical preparations other than plant foods or fertilizers — Other and unspecified,L1_07,Injury and Accidental Harm,medium
ICD-9,8640,"Accidental poisoning by corrosives and caustics, not elsewhere classified — Corrosive aromatics",L1_07,Injury and Accidental Harm,medium
ICD-9,8641,"Accidental poisoning by corrosives and caustics, not elsewhere classified — Acids",L1_07,Injury and Accidental Harm,medium
ICD-9,8642,"Accidental poisoning by corrosives and caustics, not elsewhere classified — Caustic alkalis",L1_07,Injury and Accidental Harm,medium
ICD-9,8643,"Accidental poisoning by corrosives and caustics, not elsewhere classified — Other",L1_07,Injury and Accidental Harm,medium
ICD-9,8644,"Accidental poisoning by corrosives and caustics, not elsewhere classified — Unspecified",L1_07,Injury and Accidental Harm,medium
ICD-9,8650,Accidental poisoning from foodstuffs and poisonous plants — Meat,L1_07,Injury and Accidental Harm,medium
ICD-9,8651,Accidental poisoning from foodstuffs and poisonous plants — Shellfish,L1_07,Injury and Accidental Harm,medium
ICD-9,8652,Accidental poisoning from foodstuffs and poisonous plants — Other fish,L1_07,Injury and Accidental Harm,medium
ICD-9,8653,Accidental poisoning from foodstuffs and poisonous plants — Berries and seeds,L1_07,Injury and Accidental Harm,medium
ICD-9,8654,Accidental poisoning from foodstuffs and poisonous plants — Other plants,L1_07,Injury and Accidental Harm,medium
ICD-9,8655,Accidental poisoning from foodstuffs and poisonous plants — Mushrooms and other fungi,L1_07,Injury and Accidental Harm,medium
ICD-9,8658,Accidental poisoning from foodstuffs and poisonous plants — Other food,L1_07,Injury and Accidental Harm,medium
ICD-9,8659,Accidental poisoning from foodstuffs and poisonous plants — Unspecified,L1_07,Injury and Accidental Harm,medium
ICD-9,8660,Accidental poisoning by other and unspecified solid and liquid substances — Lead and its compounds and fumes,L1_07,Injury and Accidental Harm,medium
ICD-9,8661,Accidental poisoning by other and unspecified solid and liquid substances — Mercury and its compounds and fumes,L1_07,Injury and Accidental Harm,medium
ICD-9,8662,Accidental poisoning by other and unspecified solid and liquid substances — Antimony and its compounds and fumes,L1_07,Injury and Accidental Harm,medium
ICD-9,8663,Accidental poisoning by other and unspecified solid and liquid substances — Arsenic and its compounds and fumes,L1_07,Injury and Accidental Harm,medium
ICD-9,8664,Accidental poisoning by other and unspecified solid and liquid substances — Other metals and their compounds and fumes,L1_07,Injury and Accidental Harm,medium
ICD-9,8665,Accidental poisoning by other and unspecified solid and liquid substances — Plant foods and fertilizers,L1_07,Injury and Accidental Harm,medium
ICD-9,8666,Accidental poisoning by other and unspecified solid and liquid substances — Glues and adhesives,L1_07,Injury and Accidental Harm,medium
ICD-9,8667,Accidental poisoning by other and unspecified solid and liquid substances — Cosmetics,L1_07,Injury and Accidental Harm,medium
ICD-9,8668,Accidental poisoning by other and unspecified solid and liquid substances — Other,L1_07,Injury and Accidental Harm,medium
ICD-9,8669,Accidental poisoning by other and unspecified solid and liquid substances — Unspecified,L1_07,Injury and Accidental Harm,medium
ICD-9,8670,Accidental poisoning by gas distributed by pipeline — Accidental poisoning by gas distributed by pipeline,L1_07,Injury and Accidental Harm,medium
ICD-9,8680,Accidental poisoning by other utility gas and other carbon monoxide — Liquefied petroleum gas distributed in mobile containers,L1_07,Injury and Accidental Harm,medium
ICD-9,8681,Accidental poisoning by other utility gas and other carbon monoxide — Other and unspecified utility gas,L1_07,Injury and Accidental Harm,medium
ICD-9,8682,Accidental poisoning by other utility gas and other carbon monoxide — Motor vehicle exhaust gas,L1_07,Injury and Accidental Harm,high
ICD-9,8683,Accidental poisoning by other utility gas and other carbon monoxide — Carbon monoxide from incomplete combustion of other domestic fuels,L1_07,Injury and Accidental Harm,medium
ICD-9,8688,Accidental poisoning by other utility gas and other carbon monoxide — Carbon monoxide from other sources,L1_07,Injury and Accidental Harm,medium
ICD-9,8689,Accidental poisoning by other utility gas and other carbon monoxide — Unspecified carbon monoxide,L1_07,Injury and Accidental Harm,medium
ICD-9,8690,Accidental poisoning by other gases and vapours — Nitrogen oxides,L1_07,Injury and Accidental Harm,medium
ICD-9,8691,Accidental poisoning by other gases and vapours — Sulphur dioxide,L1_07,Injury and Accidental Harm,medium
ICD-9,8692,Accidental poisoning by other gases and vapours — Freon,L1_07,Injury and Accidental Harm,medium
ICD-9,8693,Accidental poisoning by other gases and vapours — Lacrimogenic gas [tear gas],L1_07,Injury and Accidental Harm,medium
ICD-9,8698,Accidental poisoning by other gases and vapours — Other specified gases and vapours,L1_07,Injury and Accidental Harm,medium
ICD-9,8699,Accidental poisoning by other gases and vapours — Unspecified gases and vapourS,L1_07,Injury and Accidental Harm,medium
ICD-9,8700,"Accidental cut, puncture, perforation or haemorrhage during medical care — Surgical operation",L1_05,Chronic Non-Communicable Diseases,low
ICD-9,8701,"Accidental cut, puncture, perforation or haemorrhage during medical care — Infusion or transfusion",L1_05,Chronic Non-Communicable Diseases,low
ICD-9,8702,"Accidental cut, puncture, perforation or haemorrhage during medical care — Kidney dialysis or other perfusion",L1_05,Chronic Non-Communicable Diseases,low
ICD-9,8703,"Accidental cut, puncture, perforation or haemorrhage during medical care — Injection or vaccination",L1_05,Chronic Non-Communicable Diseases,low
ICD-9,8704,"Accidental cut, puncture, perforation or haemorrhage during medical care — Endoscopic examination",L1_05,Chronic Non-Communicable Diseases,low
ICD-9,8705,"Accidental cut, puncture, perforation or haemorrhage during medical care — Aspiration of fluid or tissue, puncture and catheterization (any, except heart catheterization)",L1_05,Chronic Non-Communicable Diseases,low
ICD-9,8706,"Accidental cut, puncture, perforation or haemorrhage during medical care — Heart catheterization",L1_05,Chronic Non-Communicable Diseases,low
ICD-9,8707,"Accidental cut, puncture, perforation or haemorrhage during medical care — Administration of enema",L1_05,Chronic Non-Communicable Diseases,low
ICD-9,8708,"Accidental cut, puncture, perforation or haemorrhage during medical care — Other",L1_05,Chronic Non-Communicable Diseases,low
ICD-9,8709,"Accidental cut, puncture, perforation or haemorrhage during medical care — Unspecified",L1_05,Chronic Non-Communicable Diseases,low
ICD-9,8710,Foreign object left in body during procedure — Surgical operation,L1_01,Infectious and Communicable Diseases,low
ICD-9,8711,Foreign object left in body during procedure — Infusion or transfusion,L1_01,Infectious and Communicable Diseases,low
ICD-9,8712,Foreign object left in body during procedure — Kidney dialysis or other perfusion,L1_01,Infectious and Communicable Diseases,low
ICD-9,8713,Foreign object left in body during procedure — Injection or vaccination,L1_01,Infectious and Communicable Diseases,low
ICD-9,8714,Foreign object left in body during procedure — Endoscopic examination,L1_01,Infectious and Communicable Diseases,low
ICD-9,8715,"Foreign object left in body during procedure — Aspiration of fluid or tissue, puncture and catheterization (any, except heart catheterization)",L1_01,Infectious and Communicable Diseases,low
ICD-9,8716,Foreign object left in body during procedure — Heart catheterization,L1_01,Infectious and Communicable Diseases,low
ICD-9,8717,Foreign object left in body during procedure — Removal of catheter or packing,L1_01,Infectious and Communicable Diseases,low
ICD-9,8718,Foreign object left in body during procedure — Other,L1_01,Infectious and Communicable Diseases,low
ICD-9,8719,Foreign object left in body during procedure — Unspecified,L1_01,Infectious and Communicable Diseases,low
ICD-9,8720,Failure of sterile precautions during procedure — Surgical operation,L1_01,Infectious and Communicable Diseases,low
ICD-9,8721,Failure of sterile precautions during procedure — Infusion or transfusion,L1_01,Infectious and Communicable Diseases,low
ICD-9,8722,Failure of sterile precautions during procedure — Kidney dialysis and other perfusion,L1_01,Infectious and Communicable Diseases,low
ICD-9,8723,Failure of sterile precautions during procedure — Injection or vaccination,L1_01,Infectious and Communicable Diseases,low
ICD-9,8724,Failure of sterile precautions during procedure — Endoscopic examination,L1_01,Infectious and Communicable Diseases,low
ICD-9,8725,"Failure of sterile precautions during procedure — Aspiration of fluid or tissue, puncture and catheterization (any, except heart catheterization)",L1_01,Infectious and Communicable Diseases,low
ICD-9,8726,Failure of sterile precautions during procedure — Heart catheterization,L1_01,Infectious and Communicable Diseases,low
ICD-9,8728,Failure of sterile precautions during procedure — Other,L1_01,Infectious and Communicable Diseases,low
ICD-9,8729,Failure of sterile precautions during procedure — Unspecified,L1_01,Infectious and Communicable Diseases,low
ICD-9,8730,Failure in dosage — Excessive amount of blood or other fluid during transfusion or infusion,L1_01,Infectious and Communicable Diseases,low
ICD-9,8731,Failure in dosage — Incorrect dilution of fluid during infusion,L1_01,Infectious and Communicable Diseases,low
ICD-9,8732,Failure in dosage — Overdose of radiation in therapy,L1_01,Infectious and Communicable Diseases,low
ICD-9,8733,Failure in dosage — Inadvertent exposure of patient to radiation during medical care,L1_01,Infectious and Communicable Diseases,low
ICD-9,8734,Failure in dosage — Failure in dosage in electroshock or insulin-shock therapy,L1_01,Infectious and Communicable Diseases,low
ICD-9,8735,Failure in dosage — Inappropriate [too hot or too cold] temperature in local application and packing,L1_01,Infectious and Communicable Diseases,low
ICD-9,8736,Failure in dosage — Nonadministration of necessary drug or medicament,L1_09,Self-Harm and Substance Use,low
ICD-9,8738,Failure in dosage — Other,L1_01,Infectious and Communicable Diseases,low
ICD-9,8739,Failure in dosage — Unspecified,L1_01,Infectious and Communicable Diseases,low
ICD-9,8740,Mechanical failure of instrument or apparatus during procedure — Surgical operation,L1_01,Infectious and Communicable Diseases,low
ICD-9,8741,Mechanical failure of instrument or apparatus during procedure — Infusion and transfusion,L1_01,Infectious and Communicable Diseases,low
ICD-9,8742,Mechanical failure of instrument or apparatus during procedure — Kidney dialysis and other perfusion,L1_01,Infectious and Communicable Diseases,low
ICD-9,8743,Mechanical failure of instrument or apparatus during procedure — Endoscopic examination,L1_01,Infectious and Communicable Diseases,low
ICD-9,8744,"Mechanical failure of instrument or apparatus during procedure — Aspiration of fluid or tissue, puncture and catheterization (any, except heart catheterization)",L1_01,Infectious and Communicable Diseases,low
ICD-9,8745,Mechanical failure of instrument or apparatus during procedure — Heart catheterization,L1_01,Infectious and Communicable Diseases,low
ICD-9,8748,Mechanical failure of instrument or apparatus during procedure — Other,L1_01,Infectious and Communicable Diseases,low
ICD-9,8749,Mechanical failure of instrument or apparatus during procedure — Unspecified,L1_01,Infectious and Communicable Diseases,low
ICD-9,8750,"Contaminated or infected blood, other fluid, drug or biological substance — Contaminated substance transfused or infused",L1_09,Self-Harm and Substance Use,low
ICD-9,8751,"Contaminated or infected blood, other fluid, drug or biological substance — Contaminated substance injected or used for vaccination",L1_09,Self-Harm and Substance Use,low
ICD-9,8752,"Contaminated or infected blood, other fluid, drug or biological substance — Contaminated drug or biological substance administered by other means",L1_09,Self-Harm and Substance Use,low
ICD-9,8758,"Contaminated or infected blood, other fluid, drug or biological substance — Other",L1_09,Self-Harm and Substance Use,low
ICD-9,8759,"Contaminated or infected blood, other fluid, drug or biological substance — Unspecified",L1_09,Self-Harm and Substance Use,low
ICD-9,8760,Other and unspecified misadventures during medical care — Mismatched blood in transfusion,L1_01,Infectious and Communicable Diseases,low
ICD-9,8761,Other and unspecified misadventures during medical care — Wrong fluid in infusion,L1_01,Infectious and Communicable Diseases,low
ICD-9,8762,Other and unspecified misadventures during medical care — Failure in suture and ligature during surgical operation,L1_01,Infectious and Communicable Diseases,low
ICD-9,8763,Other and unspecified misadventures during medical care — Endotracheal tube wrongly placed during anaesthetic procedure,L1_01,Infectious and Communicable Diseases,low
ICD-9,8764,Other and unspecified misadventures during medical care — Failure to introduce or to remove other tube or instrument,L1_01,Infectious and Communicable Diseases,low
ICD-9,8765,Other and unspecified misadventures during medical care — Performance of inappropriate operation,L1_01,Infectious and Communicable Diseases,low
ICD-9,8768,Other and unspecified misadventures during medical care — Other specified misadventures,L1_01,Infectious and Communicable Diseases,low
ICD-9,8769,Other and unspecified misadventures during medical care — Unspecified misadventure,L1_01,Infectious and Communicable Diseases,low
ICD-9,8780,"Surgical operation and other surgical procedures as the cause of abnormal reaction of patient, or of later complication, without mention of misadventure at the time of operation — Surgical operation with transplant of whole organ",L1_01,Infectious and Communicable Diseases,low
ICD-9,8781,"Surgical operation and other surgical procedures as the cause of abnormal reaction of patient, or of later complication, without mention of misadventure at the time of operation — Surgical operation with implant of artificial internal device",L1_01,Infectious and Communicable Diseases,low
ICD-9,8782,"Surgical operation and other surgical procedures as the cause of abnormal reaction of patient, or of later complication, without mention of misadventure at the time of operation — Surgical operation with anastomosis, bypass or graft, with natural or artificial tissues used as implant",L1_01,Infectious and Communicable Diseases,low
ICD-9,8783,"Surgical operation and other surgical procedures as the cause of abnormal reaction of patient, or of later complication, without mention of misadventure at the time of operation — Surgical operation with formation of external stoma",L1_01,Infectious and Communicable Diseases,low
ICD-9,8784,"Surgical operation and other surgical procedures as the cause of abnormal reaction of patient, or of later complication, without mention of misadventure at the time of operation — Other restorative surgery",L1_01,Infectious and Communicable Diseases,low
ICD-9,8785,"Surgical operation and other surgical procedures as the cause of abnormal reaction of patient, or of later complication, without mention of misadventure at the time of operation — Amputation of limb(s)",L1_05,Chronic Non-Communicable Diseases,low
ICD-9,8786,"Surgical operation and other surgical procedures as the cause of abnormal reaction of patient, or of later complication, without mention of misadventure at the time of operation — Removal of other organ (partial) (total)",L1_01,Infectious and Communicable Diseases,low
ICD-9,8788,"Surgical operation and other surgical procedures as the cause of abnormal reaction of patient, or of later complication, without mention of misadventure at the time of operation — Other",L1_01,Infectious and Communicable Diseases,low
ICD-9,8789,"Surgical operation and other surgical procedures as the cause of abnormal reaction of patient, or of later complication, without mention of misadventure at the time of operation — Unspecified",L1_01,Infectious and Communicable Diseases,low
ICD-9,8790,"Other procedures, without mention of misadventure at the time of procedure, as the cause of abnormal patient reaction, or of later complication — Cardiac catheterization",L1_01,Infectious and Communicable Diseases,low
ICD-9,8791,"Other procedures, without mention of misadventure at the time of procedure, as the cause of abnormal patient reaction, or of later complication — Kidney dialysis",L1_01,Infectious and Communicable Diseases,low
ICD-9,8792,"Other procedures, without mention of misadventure at the time of procedure, as the cause of abnormal patient reaction, or of later complication — Radiological procedure and radiotherapy",L1_01,Infectious and Communicable Diseases,low
ICD-9,8793,"Other procedures, without mention of misadventure at the time of procedure, as the cause of abnormal patient reaction, or of later complication — Shock therapy",L1_01,Infectious and Communicable Diseases,low
ICD-9,8794,"Other procedures, without mention of misadventure at the time of procedure, as the cause of abnormal patient reaction, or of later complication — Aspiration of fluid",L1_01,Infectious and Communicable Diseases,low
ICD-9,8795,"Other procedures, without mention of misadventure at the time of procedure, as the cause of abnormal patient reaction, or of later complication — Insertion of gastric or duodenal sound",L1_01,Infectious and Communicable Diseases,low
ICD-9,8796,"Other procedures, without mention of misadventure at the time of procedure, as the cause of abnormal patient reaction, or of later complication — Urinary catheterization",L1_01,Infectious and Communicable Diseases,low
ICD-9,8797,"Other procedures, without mention of misadventure at the time of procedure, as the cause of abnormal patient reaction, or of later complication — Blood sampling",L1_01,Infectious and Communicable Diseases,low
ICD-9,8798,"Other procedures, without mention of misadventure at the time of procedure, as the cause of abnormal patient reaction, or of later complication — Other",L1_01,Infectious and Communicable Diseases,low
ICD-9,8799,"Other procedures, without mention of misadventure at the time of procedure, as the cause of abnormal patient reaction, or of later complication — Unspecified",L1_01,Infectious and Communicable Diseases,low
ICD-9,8800,Fall on or from stairs or steps — Escalator,L1_07,Injury and Accidental Harm,medium
ICD-9,8809,Fall on or from stairs or steps — Other stairs or steps,L1_07,Injury and Accidental Harm,medium
ICD-9,8810,Fall on or from ladders or scaffolding — Fall from ladder,L1_07,Injury and Accidental Harm,medium
ICD-9,8811,Fall on or from ladders or scaffolding — Fall from scaffolding,L1_07,Injury and Accidental Harm,medium
ICD-9,8820,Fall from or out of building or other structure — Fall from or out of building or other structure,L1_07,Injury and Accidental Harm,medium
ICD-9,8830,Fall into hole or other opening in surface — Accident from diving or jumping into water [swimming pool],L1_07,Injury and Accidental Harm,high
ICD-9,8831,Fall into hole or other opening in surface — Accidental fall into well,L1_07,Injury and Accidental Harm,high
ICD-9,8832,Fall into hole or other opening in surface — Accidental fall into storm drain or manhole,L1_07,Injury and Accidental Harm,high
ICD-9,8839,Fall into hole or other opening in surface — Fall into other hole or other opening in surface,L1_07,Injury and Accidental Harm,medium
ICD-9,8840,Other fall from one level to another — Fall from playground equipment,L1_07,Injury and Accidental Harm,medium
ICD-9,8841,Other fall from one level to another — Fall from cliff,L1_07,Injury and Accidental Harm,medium
ICD-9,8842,Other fall from one level to another — Fall from chair or bed,L1_07,Injury and Accidental Harm,medium
ICD-9,8849,Other fall from one level to another — Other fall from one level to another,L1_07,Injury and Accidental Harm,medium
ICD-9,8850,"Fall on same level from slipping, tripping or stumbling — Fall on same level from slipping, tripping or stumbling",L1_07,Injury and Accidental Harm,medium
ICD-9,8860,"Fall on same level from collision, pushing or shoving, by or with other person — In sports",L1_07,Injury and Accidental Harm,medium
ICD-9,8869,"Fall on same level from collision, pushing or shoving, by or with other person — Other and unspecified",L1_07,Injury and Accidental Harm,medium
ICD-9,8870,"Fracture, cause unspecified — Fracture, cause unspecified",L1_07,Injury and Accidental Harm,low
ICD-9,8880,Other and unspecified fall — Other and unspecified fall,L1_07,Injury and Accidental Harm,medium
ICD-9,8900,Conflagration in private dwelling — Explosion caused by conflagration,L1_07,Injury and Accidental Harm,low
ICD-9,8901,Conflagration in private dwelling — Fumes from combustion of polyvinylchloride [PVC] and similar material in conflagration,L1_07,Injury and Accidental Harm,low
ICD-9,8902,Conflagration in private dwelling — Other smoke and fumes from conflagration,L1_07,Injury and Accidental Harm,low
ICD-9,8903,Conflagration in private dwelling — Burning caused by conflagration,L1_07,Injury and Accidental Harm,low
ICD-9,8908,Conflagration in private dwelling — Other accident resulting from conflagration,L1_07,Injury and Accidental Harm,medium
ICD-9,8909,Conflagration in private dwelling — Unspecified,L1_07,Injury and Accidental Harm,low
ICD-9,8910,Conflagration in other and unspecified building or structure — Explosion caused by conflagration,L1_07,Injury and Accidental Harm,low
ICD-9,8911,Conflagration in other and unspecified building or structure — Fumes from combustion of polyvinylchloride [PVC] and similar material in conflagration,L1_07,Injury and Accidental Harm,low
ICD-9,8912,Conflagration in other and unspecified building or structure — Other smoke and fumes from conflagration,L1_07,Injury and Accidental Harm,low
ICD-9,8913,Conflagration in other and unspecified building or structure — Burning caused by conflagration,L1_07,Injury and Accidental Harm,low
ICD-9,8918,Conflagration in other and unspecified building or structure — Other accident resulting from conflagration,L1_07,Injury and Accidental Harm,medium
ICD-9,8919,Conflagration in other and unspecified building or structure — Unspecified,L1_07,Injury and Accidental Harm,low
ICD-9,8920,Conflagration not in building or structure — Conflagration not in building or structure,L1_07,Injury and Accidental Harm,low
ICD-9,8930,Accident caused by ignition of clothing — From controlled fire in private dwelling,L1_07,Injury and Accidental Harm,low
ICD-9,8931,Accident caused by ignition of clothing — From controlled fire in other building or structure,L1_07,Injury and Accidental Harm,low
ICD-9,8932,Accident caused by ignition of clothing — From controlled fire not in building or structure,L1_07,Injury and Accidental Harm,low
ICD-9,8938,Accident caused by ignition of clothing — From other sources,L1_07,Injury and Accidental Harm,low
ICD-9,8939,Accident caused by ignition of clothing — Unspecified,L1_07,Injury and Accidental Harm,low
ICD-9,8940,Ignition of highly inflammable material — Ignition of highly inflammable material,L1_01,Infectious and Communicable Diseases,low
ICD-9,8950,Accident caused by controlled fire in private dwelling — Accident caused by controlled fire in private dwelling,L1_07,Injury and Accidental Harm,low
ICD-9,8960,Accident caused by controlled fire in other and unspecified building or structure — Accident caused by controlled fire in other and unspecified building or structure,L1_07,Injury and Accidental Harm,low
ICD-9,8970,Accident caused by controlled fire not in building or structure — Accident caused by controlled fire not in building or structure,L1_07,Injury and Accidental Harm,low
ICD-9,8980,Accident caused by other specified fire and flames — Burning bedclothes,L1_07,Injury and Accidental Harm,low
ICD-9,8981,Accident caused by other specified fire and flames — Other,L1_07,Injury and Accidental Harm,low
ICD-9,8990,Accident caused by unspecified fire — Accident caused by unspecified fire,L1_07,Injury and Accidental Harm,low
ICD-9,9000,Excessive heat — Due to weather conditions,L1_07,Injury and Accidental Harm,low
ICD-9,9001,Excessive heat — Of manmade origin,L1_01,Infectious and Communicable Diseases,low
ICD-9,9009,Excessive heat — Of unspecified origin,L1_01,Infectious and Communicable Diseases,low
ICD-9,9010,Excessive cold — Due to weather conditions,L1_07,Injury and Accidental Harm,low
ICD-9,9011,Excessive cold — Of manmade origin,L1_01,Infectious and Communicable Diseases,low
ICD-9,9018,Excessive cold — Other,L1_01,Infectious and Communicable Diseases,low
ICD-9,9019,Excessive cold — Of unspecified origin,L1_01,Infectious and Communicable Diseases,low
ICD-9,9020,High and low air pressure and changes in air pressure — Residence or prolonged visit at high altitude,L1_01,Infectious and Communicable Diseases,low
ICD-9,9021,High and low air pressure and changes in air pressure — In aircraft,L1_01,Infectious and Communicable Diseases,low
ICD-9,9022,High and low air pressure and changes in air pressure — Due to diving,L1_01,Infectious and Communicable Diseases,low
ICD-9,9028,High and low air pressure and changes in air pressure — Due to other specified causes,L1_01,Infectious and Communicable Diseases,low
ICD-9,9029,High and low air pressure and changes in air pressure — Unspecified,L1_01,Infectious and Communicable Diseases,low
ICD-9,9030,Travel and motion — Travel and motion,L1_01,Infectious and Communicable Diseases,low
ICD-9,9040,"Hunger, thirst, exposure and neglect — Abandonment or neglect of infants and helpless persons",L1_01,Infectious and Communicable Diseases,low
ICD-9,9041,"Hunger, thirst, exposure, neglect — Lack of food",L1_01,Infectious and Communicable Diseases,low
ICD-9,9042,"Hunger, thirst, exposure, neglect — Lack of water",L1_01,Infectious and Communicable Diseases,low
ICD-9,9043,"Hunger, thirst, exposure and neglect — Exposure (to weather conditions) not elsewhere classifiable",L1_07,Injury and Accidental Harm,low
ICD-9,9049,"Hunger, thirst, exposure and neglect — Privation, unqualified",L1_01,Infectious and Communicable Diseases,low
ICD-9,9050,Venomous animals and plants as the cause of poisoning and toxic reactions — Venomous snakes and lizards,L1_07,Injury and Accidental Harm,low
ICD-9,9051,Venomous animals and plants as the cause of poisoning and toxic reactions — Venomous spiders,L1_07,Injury and Accidental Harm,low
ICD-9,9052,Venomous animals and plants as the cause of poisoning and toxic reactions — Scorpion,L1_07,Injury and Accidental Harm,low
ICD-9,9053,"Venomous animals and plants as the cause of poisoning and toxic reactions — Hornets, wasps and bees",L1_07,Injury and Accidental Harm,low
ICD-9,9054,Venomous animals and plants as the cause of poisoning and toxic reactions — Centipede and venomous millipede (tropical),L1_07,Injury and Accidental Harm,low
ICD-9,9055,Venomous animals and plants as the cause of poisoning and toxic reactions — Other venomous arthropods,L1_07,Injury and Accidental Harm,low
ICD-9,9056,Venomous animals and plants as the cause of poisoning and toxic reactions — Venomous marine animals and plants,L1_07,Injury and Accidental Harm,low
ICD-9,9057,Venomous animals and plants as the cause of poisoning and toxic reactions — Poisoning and toxic reactions caused by other plants,L1_07,Injury and Accidental Harm,low
ICD-9,9058,Venomous animals and plants as the cause of poisoning and toxic reactions — Other specified,L1_07,Injury and Accidental Harm,low
ICD-9,9059,Venomous animals and plants as the cause of poisoning and toxic reactions — Unspecified,L1_07,Injury and Accidental Harm,low
ICD-9,9060,Other injury caused by animals — Dog bite,L1_07,Injury and Accidental Harm,low
ICD-9,9061,Other injury caused by animals — Rat bite,L1_07,Injury and Accidental Harm,low
ICD-9,9062,Other injury caused by animals — Bite of nonvenomous snakes and lizards,L1_07,Injury and Accidental Harm,low
ICD-9,9063,Other injury caused by animals — Bite of other animal except arthropod,L1_07,Injury and Accidental Harm,low
ICD-9,9064,Other injury caused by animals — Bite of nonvenomous arthropod,L1_07,Injury and Accidental Harm,low
ICD-9,9068,Other injury caused by animals — Other specified injury caused by animal,L1_07,Injury and Accidental Harm,low
ICD-9,9069,Other injury caused by animals — Unspecified,L1_07,Injury and Accidental Harm,low
ICD-9,9070,Lightning — Lightning,L1_07,Injury and Accidental Harm,low
ICD-9,9080,"Cataclysmic storms, and floods resulting from storms — Cataclysmic storms, and floods resulting from storms",L1_01,Infectious and Communicable Diseases,low
ICD-9,9090,Cataclysmic earth surface movements and eruptions — Cataclysmic earth surface movements and eruptions,L1_01,Infectious and Communicable Diseases,low
ICD-9,9100,Accidental drowning and submersion — While water skiing,L1_07,Injury and Accidental Harm,medium
ICD-9,9101,Accidental drowning and submersion — While engaged in other sport or recreational activity with diving equipment,L1_07,Injury and Accidental Harm,medium
ICD-9,9102,Accidental drowning and submersion — While engaged in other sport or recreational activity without diving equipment,L1_07,Injury and Accidental Harm,medium
ICD-9,9103,Accidental drowning and submersion — While swimming or diving for purposes other than recreation or sport,L1_07,Injury and Accidental Harm,medium
ICD-9,9104,Accidental drowning and submersion — In bathtub,L1_07,Injury and Accidental Harm,medium
ICD-9,9108,Accidental drowning and submersion — Other,L1_07,Injury and Accidental Harm,medium
ICD-9,9109,Accidental drowning and submersion — Unspecified,L1_07,Injury and Accidental Harm,medium
ICD-9,9110,Inhalation and ingestion of food causing obstruction of respiratory tract or suffocation — Inhalation and ingestion of food causing obstruction of respiratory tract or suffocation,L1_07,Injury and Accidental Harm,low
ICD-9,9120,Inhalation and ingestion of other object causing respiratory tract obstruction or suffocation — Inhalation and ingestion of other object causing respiratory tract obstruction or suffocation,L1_07,Injury and Accidental Harm,low
ICD-9,9130,Accidental mechanical suffocation — In bed or cradle,L1_07,Injury and Accidental Harm,medium
ICD-9,9131,Accidental mechanical suffocation — By plastic bag,L1_07,Injury and Accidental Harm,medium
ICD-9,9132,Accidental mechanical suffocation — Due to lack of air (in closed space),L1_07,Injury and Accidental Harm,medium
ICD-9,9133,Accidental mechanical suffocation — By falling earth or other substance,L1_07,Injury and Accidental Harm,medium
ICD-9,9138,Accidental mechanical suffocation — Other specified means,L1_07,Injury and Accidental Harm,medium
ICD-9,9139,Accidental mechanical suffocation — Unspecified,L1_07,Injury and Accidental Harm,medium
ICD-9,9140,Foreign body accidentally entering eye and adnexa — Foreign body accidentally entering eye and adnexa,L1_01,Infectious and Communicable Diseases,low
ICD-9,9150,Foreign body accidentally entering other orifice — Foreign body accidentally entering other orifice,L1_01,Infectious and Communicable Diseases,low
ICD-9,9160,Struck accidentally by falling object — Struck accidentally by falling object,L1_01,Infectious and Communicable Diseases,low
ICD-9,9170,Striking against or struck accidentally by objects or persons — In sports,L1_01,Infectious and Communicable Diseases,low
ICD-9,9171,"Striking against or struck accidentally by objects or persons — Caused by a crowd, by collective fear or panic",L1_01,Infectious and Communicable Diseases,low
ICD-9,9172,Striking against or struck accidentally by objects or persons — In running water,L1_01,Infectious and Communicable Diseases,low
ICD-9,9179,Striking against or struck accidentally by objects or persons — Other,L1_01,Infectious and Communicable Diseases,low
ICD-9,9180,Caught accidentally in or between objects — Caught accidentally in or between objects,L1_01,Infectious and Communicable Diseases,low
ICD-9,9190,Accidents caused by machinery — Agricultural machines,L1_07,Injury and Accidental Harm,medium
ICD-9,9191,Accidents caused by machinery — Mining and earth-drilling machinery,L1_07,Injury and Accidental Harm,medium
ICD-9,9192,Accidents caused by machinery — Lifting machines and appliances,L1_07,Injury and Accidental Harm,medium
ICD-9,9193,Accidents caused by machinery — Metalworking machines,L1_07,Injury and Accidental Harm,medium
ICD-9,9194,Accidents caused by machinery — Woodworking and forming machines,L1_07,Injury and Accidental Harm,medium
ICD-9,9195,"Accidents caused by machinery — Prime movers, except electrical motors",L1_07,Injury and Accidental Harm,medium
ICD-9,9196,Accidents caused by machinery — Transmission machinery,L1_07,Injury and Accidental Harm,medium
ICD-9,9197,"Accidents caused by machinery — Earth moving, scraping and other excavating machines",L1_07,Injury and Accidental Harm,medium
ICD-9,9198,Accidents caused by machinery — Other,L1_07,Injury and Accidental Harm,medium
ICD-9,9199,Accidents caused by machinery — Unspecified,L1_07,Injury and Accidental Harm,medium
ICD-9,9200,Accidents caused by cutting and piercing instruments or objects — Powered lawn mower,L1_07,Injury and Accidental Harm,low
ICD-9,9201,Accidents caused by cutting and piercing instruments or objects — Other powered hand tools,L1_07,Injury and Accidental Harm,low
ICD-9,9202,Accidents caused by cutting and piercing instruments or objects — Powered household appliances and implements,L1_07,Injury and Accidental Harm,low
ICD-9,9203,"Accidents caused by cutting and piercing instruments or objects — Knives, swords and daggers",L1_07,Injury and Accidental Harm,low
ICD-9,9204,Accidents caused by cutting and piercing instruments or objects — Other hand tools and implements,L1_07,Injury and Accidental Harm,low
ICD-9,9208,Accidents caused by cutting and piercing instruments or objects — Other,L1_07,Injury and Accidental Harm,low
ICD-9,9209,Accidents caused by cutting and piercing instruments or objects — Unspecified,L1_07,Injury and Accidental Harm,low
ICD-9,9210,Accident caused by explosion of pressure vessel — Boilers,L1_07,Injury and Accidental Harm,low
ICD-9,9211,Accident caused by explosion of pressure vessel — Gas cylinders,L1_07,Injury and Accidental Harm,low
ICD-9,9218,Accident caused by explosion of pressure vessel — Other,L1_07,Injury and Accidental Harm,low
ICD-9,9219,Accident caused by explosion of pressure vessel — Unspecified,L1_07,Injury and Accidental Harm,low
ICD-9,9220,Accident caused by firearm missile — Hand gun,L1_07,Injury and Accidental Harm,low
ICD-9,9221,Accident caused by firearm missile — Shotgun (automatic),L1_07,Injury and Accidental Harm,low
ICD-9,9222,Accident caused by firearm missile — Hunting rifle,L1_07,Injury and Accidental Harm,low
ICD-9,9223,Accident caused by firearm missile — Military firearms,L1_07,Injury and Accidental Harm,low
ICD-9,9228,Accident caused by firearm missile — Other,L1_07,Injury and Accidental Harm,low
ICD-9,9229,Accident caused by firearm missile — Unspecified,L1_07,Injury and Accidental Harm,low
ICD-9,9230,Accident caused by explosive material — Fireworks,L1_07,Injury and Accidental Harm,low
ICD-9,9231,Accident caused by explosive material — Blasting materials,L1_07,Injury and Accidental Harm,low
ICD-9,9232,Accident caused by explosive material — Explosive gases,L1_07,Injury and Accidental Harm,low
ICD-9,9238,Accident caused by explosive material — Other,L1_07,Injury and Accidental Harm,low
ICD-9,9239,Accident caused by explosive material — Unspecified,L1_07,Injury and Accidental Harm,low
ICD-9,9240,"Accident caused by hot substance or object, caustic or corrosive material and steam — Hot liquids and vapours, including steam",L1_07,Injury and Accidental Harm,low
ICD-9,9241,"Accident caused by hot substance or object, caustic or corrosive material and steam — Caustic and corrosive substances",L1_07,Injury and Accidental Harm,low
ICD-9,9248,"Accident caused by hot substance or object, caustic or corrosive material and steam — Other",L1_07,Injury and Accidental Harm,low
ICD-9,9249,"Accident caused by hot substance or object, caustic or corrosive material and steam — Unspecified",L1_07,Injury and Accidental Harm,low
ICD-9,9250,Accident caused by electric current — Domestic wiring and appliances,L1_07,Injury and Accidental Harm,low
ICD-9,9251,"Accident caused by electric current — Electric power generating plants, distribution stations, transmission lines",L1_07,Injury and Accidental Harm,low
ICD-9,9252,"Accident caused by electric current — Industrial wiring, appliances and electrical machinery",L1_07,Injury and Accidental Harm,medium
ICD-9,9258,Accident caused by electric current — Other,L1_07,Injury and Accidental Harm,low
ICD-9,9259,Accident caused by electric current — Unspecified,L1_07,Injury and Accidental Harm,low
ICD-9,9260,Exposure to radiation — Radiofrequency radiation,L1_01,Infectious and Communicable Diseases,low
ICD-9,9261,Exposure to radiation — Infrared heaters and lamps,L1_01,Infectious and Communicable Diseases,low
ICD-9,9262,Exposure to radiation — Visible and ultraviolet light sources,L1_01,Infectious and Communicable Diseases,low
ICD-9,9263,Exposure to radiation — X-rays and other electromagnetic ionizing radiation,L1_01,Infectious and Communicable Diseases,low
ICD-9,9264,Exposure to radiation — Lasers,L1_01,Infectious and Communicable Diseases,low
ICD-9,9265,Exposure to radiation — Radioactive isotopes,L1_01,Infectious and Communicable Diseases,low
ICD-9,9268,Exposure to radiation — Other specified,L1_01,Infectious and Communicable Diseases,low
ICD-9,9269,Exposure to radiation — Unspecified,L1_01,Infectious and Communicable Diseases,low
ICD-9,9270,Overexertion and strenuous movements — Overexertion and strenuous movements,L1_01,Infectious and Communicable Diseases,low
ICD-9,9280,Other and unspecified environmental and accidental causes — Prolonged stay in weightless environment,L1_07,Injury and Accidental Harm,low
ICD-9,9281,Other and unspecified environmental and accidental causes — Exposure to noise,L1_07,Injury and Accidental Harm,low
ICD-9,9282,Other and unspecified environmental and accidental causes — Vibration,L1_07,Injury and Accidental Harm,low
ICD-9,9288,Other and unspecified environmental and accidental causes — Other,L1_07,Injury and Accidental Harm,low
ICD-9,9289,Other and unspecified environmental and accidental causes — Unspecified accidents,L1_07,Injury and Accidental Harm,medium
ICD-9,9290,Late effects of accidental injury — Late effects of motor vehicle accident,L1_07,Injury and Accidental Harm,high
ICD-9,9291,Late effects of accidental injury — Late effects of other transport accident,L1_07,Injury and Accidental Harm,high
ICD-9,9292,Late effects of accidental injury — Late effects of accidental poisoning,L1_07,Injury and Accidental Harm,high
ICD-9,9293,Late effects of accidental injury — Late effects of accidental fall,L1_07,Injury and Accidental Harm,high
ICD-9,9294,Late effects of accidental injury — Late effects of accident caused by fire,L1_07,Injury and Accidental Harm,high
ICD-9,9295,Late effects of accidental injury — Late effects of accident due to natural and environmental factors,L1_07,Injury and Accidental Harm,high
ICD-9,9298,Late effects of accidental injury — Late effects of other accidents,L1_07,Injury and Accidental Harm,high
ICD-9,9299,Late effects of accidental injury — Late effects of unspecified accident,L1_07,Injury and Accidental Harm,high
ICD-9,9300,Antibiotics — Penicillins,L1_01,Infectious and Communicable Diseases,low
ICD-9,9301,Antibiotics — Antifungal antibiotics,L1_01,Infectious and Communicable Diseases,low
ICD-9,9302,Antibiotics — Chloramphenicol group,L1_01,Infectious and Communicable Diseases,low
ICD-9,9303,Antibiotics — Erythromycin and other macrolides,L1_01,Infectious and Communicable Diseases,low
ICD-9,9304,Antibiotics — Tetracycline group,L1_01,Infectious and Communicable Diseases,low
ICD-9,9305,Antibiotics — Cefalosporin group,L1_01,Infectious and Communicable Diseases,low
ICD-9,9306,Antibiotics — Antimycobacterial antibiotics,L1_01,Infectious and Communicable Diseases,low
ICD-9,9307,Antibiotics — Antineoplastic antibiotics,L1_01,Infectious and Communicable Diseases,low
ICD-9,9308,Antibiotics — Other specified antibiotics,L1_01,Infectious and Communicable Diseases,low
ICD-9,9309,Antibiotics — Unspecified,L1_01,Infectious and Communicable Diseases,low
ICD-9,9310,Other anti-infectives — Sulfonamides,L1_01,Infectious and Communicable Diseases,low
ICD-9,9311,Other anti-infectives — Arsenical anti-infectives,L1_01,Infectious and Communicable Diseases,low
ICD-9,9312,Other anti-infectives — Heavy metal anti-infectives,L1_01,Infectious and Communicable Diseases,low
ICD-9,9313,Other anti-infectives — Quinoline and hydroxyquinoline derivatives,L1_01,Infectious and Communicable Diseases,low
ICD-9,9314,Other anti-infectives — Antimalarials and drugs acting on other blood protozoa,L1_09,Self-Harm and Substance Use,low
ICD-9,9315,Other anti-infectives — Other antiprotozoal drugs,L1_09,Self-Harm and Substance Use,low
ICD-9,9316,Other anti-infectives — Anthelminthics,L1_01,Infectious and Communicable Diseases,low
ICD-9,9317,Other anti-infectives — Antiviral drugs,L1_09,Self-Harm and Substance Use,low
ICD-9,9318,Other anti-infectives — Other antimycobacterial drugs,L1_01,Infectious and Communicable Diseases,low
ICD-9,9319,Other anti-infectives — Other and unspecified anti-infectives,L1_01,Infectious and Communicable Diseases,low
ICD-9,9320,Hormones and synthetic substitutes — Adrenal cortical steroids,L1_01,Infectious and Communicable Diseases,low
ICD-9,9321,Hormones and synthetic substitutes — Androgens and anabolic congeners,L1_01,Infectious and Communicable Diseases,low
ICD-9,9322,Hormones and synthetic substitutes — Ovarian hormones and synthetic substitutes,L1_01,Infectious and Communicable Diseases,low
ICD-9,9323,Hormones and synthetic substitutes — Insulins and antidiabetic agents,L1_01,Infectious and Communicable Diseases,low
ICD-9,9324,Hormones and synthetic substitutes — Anterior pituitary hormones,L1_01,Infectious and Communicable Diseases,low
ICD-9,9325,Hormones and synthetic substitutes — Posterior pituitary hormones,L1_01,Infectious and Communicable Diseases,low
ICD-9,9326,Hormones and synthetic substitutes — Parathyroid and parathyroid derivatives,L1_01,Infectious and Communicable Diseases,low
ICD-9,9327,Hormones and synthetic substitutes — Thyroid and thyroid derivatives,L1_01,Infectious and Communicable Diseases,low
ICD-9,9328,Hormones and synthetic substitutes — Antithyroid agents,L1_01,Infectious and Communicable Diseases,low
ICD-9,9329,Hormones and synthetic substitutes — Other and unspecified hormones and synthetic substitutes,L1_01,Infectious and Communicable Diseases,low
ICD-9,9330,Primarily systemic agents — Antiallergic and antiemetic drugs,L1_09,Self-Harm and Substance Use,low
ICD-9,9331,Primarily systemic agents — Antineoplastic and immunosuppressive drugs,L1_09,Self-Harm and Substance Use,low
ICD-9,9332,Primarily systemic agents — Acidifying agents,L1_01,Infectious and Communicable Diseases,low
ICD-9,9333,Primarily systemic agents — Alkalizing agents,L1_01,Infectious and Communicable Diseases,low
ICD-9,9334,Primarily systemic agents — Enzymes not elsewhere classified,L1_01,Infectious and Communicable Diseases,low
ICD-9,9335,"Primarily systemic agents — Vitamins, not elsewhere classified",L1_01,Infectious and Communicable Diseases,low
ICD-9,9338,"Primarily systemic agents — Other systemic agents, not elsewhere classified",L1_01,Infectious and Communicable Diseases,low
ICD-9,9339,Primarily systemic agents — Unspecified,L1_01,Infectious and Communicable Diseases,low
ICD-9,9340,Agents primarily affecting blood constituents — Iron and its compounds,L1_01,Infectious and Communicable Diseases,low
ICD-9,9341,Agents primarily affecting blood constituents — Liver preparations and other antianemic agents,L1_01,Infectious and Communicable Diseases,low
ICD-9,9342,Agents primarily affecting blood constituents — Anticoagulants,L1_01,Infectious and Communicable Diseases,low
ICD-9,9343,Agents primarily affecting blood constituents — Vitamin K [phytomenadione],L1_01,Infectious and Communicable Diseases,low
ICD-9,9344,Agents primarily affecting blood constituents — Fibrinolysis-affecting drugs,L1_09,Self-Harm and Substance Use,low
ICD-9,9345,Agents primarily affecting blood constituents — Anticoagulant antagonists and other coagulants,L1_01,Infectious and Communicable Diseases,low
ICD-9,9346,Agents primarily affecting blood constituents — Gamma globulin,L1_01,Infectious and Communicable Diseases,low
ICD-9,9347,Agents primarily affecting blood constituents — Natural blood and blood products,L1_01,Infectious and Communicable Diseases,low
ICD-9,9348,Agents primarily affecting blood constituents — Other,L1_01,Infectious and Communicable Diseases,low
ICD-9,9349,Agents primarily affecting blood constituents — Unspecified,L1_01,Infectious and Communicable Diseases,low
ICD-9,9350,"Analgesics, antipyretics and antirheumatics — Opiates and related narcotics",L1_01,Infectious and Communicable Diseases,low
ICD-9,9351,"Analgesics, antipyretics and antirheumatics — Salicylates",L1_01,Infectious and Communicable Diseases,low
ICD-9,9352,"Analgesics, antipyretics and antirheumatics — Aromatic analgesics, not elsewhere classified",L1_01,Infectious and Communicable Diseases,low
ICD-9,9353,"Analgesics, antipyretics and antirheumatics — Pyrazole derivatives",L1_01,Infectious and Communicable Diseases,low
ICD-9,9354,"Analgesics, antipyretics and antirheumatics — Antirheumatics [antiphlogistics]",L1_01,Infectious and Communicable Diseases,low
ICD-9,9355,"Analgesics, antipyretics and antirheumatics — Other non-narcotic analgesics",L1_01,Infectious and Communicable Diseases,low
ICD-9,9358,"Analgesics, antipyretics and antirheumatics — Other",L1_01,Infectious and Communicable Diseases,low
ICD-9,9359,"Analgesics, antipyretics and antirheumatics — Unspecified",L1_01,Infectious and Communicable Diseases,low
ICD-9,9360,Anticonvulsants and anti-Parkinsonism drugs — Oxazolidine derivatives,L1_09,Self-Harm and Substance Use,low
ICD-9,9361,Anticonvulsants and anti-Parkinsonism drugs — Hydantoin derivatives,L1_09,Self-Harm and Substance Use,low
ICD-9,9362,Anticonvulsants and anti-Parkinsonism drugs — Succinimides,L1_09,Self-Harm and Substance Use,low
ICD-9,9363,Anticonvulsants and anti-Parkinsonism drugs — Other and unspecified anticonvulsants,L1_09,Self-Harm and Substance Use,low
ICD-9,9364,Anticonvulsants and anti-Parkinsonism drugs — Anti-Parkinsonism drugs,L1_09,Self-Harm and Substance Use,low
ICD-9,9370,Sedatives and hypnotics — Barbiturates,L1_09,Self-Harm and Substance Use,low
ICD-9,9371,Sedatives and hypnotics — Chloral hydrate group,L1_01,Infectious and Communicable Diseases,low
ICD-9,9372,Sedatives and hypnotics — Paraldehyde,L1_01,Infectious and Communicable Diseases,low
ICD-9,9373,Sedatives and hypnotics — Bromine compounds,L1_01,Infectious and Communicable Diseases,low
ICD-9,9374,Sedatives and hypnotics — Methaqualone compounds,L1_01,Infectious and Communicable Diseases,low
ICD-9,9375,Sedatives and hypnotics — Glutethimide group,L1_01,Infectious and Communicable Diseases,low
ICD-9,9376,"Sedatives and hypnotics — Mixed sedatives, not elsewhere classified",L1_01,Infectious and Communicable Diseases,low
ICD-9,9378,Sedatives and hypnotics — Other,L1_01,Infectious and Communicable Diseases,low
ICD-9,9379,Sedatives and hypnotics — Unspecified,L1_01,Infectious and Communicable Diseases,low
ICD-9,9380,Other central nervous system depressants — Central nervous system muscle-tone depressants,L1_01,Infectious and Communicable Diseases,low
ICD-9,9381,Other central nervous system depressants — Halothane,L1_01,Infectious and Communicable Diseases,low
ICD-9,9382,Other central nervous system depressants — Other gaseous anaesthetics,L1_01,Infectious and Communicable Diseases,low
ICD-9,9383,Other central nervous system depressants — Intravenous anaesthetics,L1_01,Infectious and Communicable Diseases,low
ICD-9,9384,Other central nervous system depressants — Other and unspecified general anaesthetics,L1_01,Infectious and Communicable Diseases,low
ICD-9,9385,Other central nervous system depressants — Surface and infiltration anaesthetics,L1_01,Infectious and Communicable Diseases,low
ICD-9,9386,Other central nervous system depressants — Peripheral nerve- and plexus-blocking anaesthetics,L1_01,Infectious and Communicable Diseases,low
ICD-9,9387,Other central nervous system depressants — Spinal anaesthetics,L1_01,Infectious and Communicable Diseases,low
ICD-9,9389,Other central nervous system depressants — Other and unspecified local anaesthetics,L1_01,Infectious and Communicable Diseases,low
ICD-9,9390,Psychotropic agents — Antidepressants,L1_01,Infectious and Communicable Diseases,low
ICD-9,9391,Psychotropic agents — Phenothiazine-based tranquillizers,L1_01,Infectious and Communicable Diseases,low
ICD-9,9392,Psychotropic agents — Butyrophenone-based tranquillizers,L1_01,Infectious and Communicable Diseases,low
ICD-9,9393,"Psychotropic agents — Other antipsychotics, neuroleptics and major tranquillizers",L1_01,Infectious and Communicable Diseases,low
ICD-9,9394,Psychotropic agents — Benzodiazepine-based tranquillizers,L1_01,Infectious and Communicable Diseases,low
ICD-9,9395,Psychotropic agents — Other tranquillizers,L1_01,Infectious and Communicable Diseases,low
ICD-9,9396,Psychotropic agents — Psychodysleptics [hallucinogens],L1_01,Infectious and Communicable Diseases,low
ICD-9,9397,Psychotropic agents — Psychostimulants,L1_01,Infectious and Communicable Diseases,low
ICD-9,9398,Psychotropic agents — Other psychotropic agents,L1_01,Infectious and Communicable Diseases,low
ICD-9,9399,Psychotropic agents — Unspecified,L1_01,Infectious and Communicable Diseases,low
ICD-9,9400,Central nervous system stimulants — Analeptics,L1_01,Infectious and Communicable Diseases,low
ICD-9,9401,Central nervous system stimulants — Opiate antagonists,L1_01,Infectious and Communicable Diseases,low
ICD-9,9408,Central nervous system stimulants — Other,L1_01,Infectious and Communicable Diseases,low
ICD-9,9409,Central nervous system stimulants — Unspecified,L1_01,Infectious and Communicable Diseases,low
ICD-9,9410,Drugs primarily affecting the autonomic nervous system — Parasympathomimetics [cholinergics],L1_09,Self-Harm and Substance Use,low
ICD-9,9411,Drugs primarily affecting the autonomic nervous system — Parasympatholytics [anticholinergics and antimuscarinics] and spasmolytics,L1_09,Self-Harm and Substance Use,low
ICD-9,9412,Drugs primarily affecting the autonomic nervous system — Sympathomimetics [adrenergics],L1_09,Self-Harm and Substance Use,low
ICD-9,9413,Drugs primarily affecting the autonomic nervous system — Sympatholytics [antiadrenergics],L1_09,Self-Harm and Substance Use,low
ICD-9,9419,Drugs primarily affecting the autonomic nervous system — Unspecified,L1_09,Self-Harm and Substance Use,low
ICD-9,9420,Agents primarily affecting the cardiovascular system — Cardiac rhythm regulators,L1_01,Infectious and Communicable Diseases,low
ICD-9,9421,Agents primarily affecting the cardiovascular system — Cardiotonic glycosides and drugs of similar action,L1_09,Self-Harm and Substance Use,low
ICD-9,9422,Agents primarily affecting the cardiovascular system — Antilipaemic and antiarteriosclerotic drugs,L1_09,Self-Harm and Substance Use,low
ICD-9,9423,Agents primarily affecting the cardiovascular system — Ganglion-blocking agents,L1_01,Infectious and Communicable Diseases,low
ICD-9,9424,Agents primarily affecting the cardiovascular system — Coronary vasodilators,L1_01,Infectious and Communicable Diseases,low
ICD-9,9425,Agents primarily affecting the cardiovascular system — Other vasodilators,L1_01,Infectious and Communicable Diseases,low
ICD-9,9426,Agents primarily affecting the cardiovascular system — Other antihypertensive agents,L1_01,Infectious and Communicable Diseases,low
ICD-9,9427,"Agents primarily affecting the cardiovascular system — Antivaricose drugs, including sclerosing agents",L1_09,Self-Harm and Substance Use,low
ICD-9,9428,Agents primarily affecting the cardiovascular system — Capillary-active drugs,L1_09,Self-Harm and Substance Use,low
ICD-9,9429,Agents primarily affecting the cardiovascular system — Other and unspecified,L1_01,Infectious and Communicable Diseases,low
ICD-9,9430,Agents primarily affecting gastrointestinal system — Antacids and anti-gastric-secretion drugs,L1_09,Self-Harm and Substance Use,low
ICD-9,9431,Agents primarily affecting gastrointestinal system — Irritant cathartics,L1_01,Infectious and Communicable Diseases,low
ICD-9,9432,Agents primarily affecting gastrointestinal system — Emollient cathartics,L1_01,Infectious and Communicable Diseases,low
ICD-9,9433,"Agents primarily affecting gastrointestinal system — Other cathartics, including intestinal atonia drugs",L1_09,Self-Harm and Substance Use,low
ICD-9,9434,Agents primarily affecting gastrointestinal system — Digestants,L1_01,Infectious and Communicable Diseases,low
ICD-9,9435,Agents primarily affecting gastrointestinal system — Antidiarrhoeal drugs,L1_09,Self-Harm and Substance Use,low
ICD-9,9436,Agents primarily affecting gastrointestinal system — Emetics,L1_01,Infectious and Communicable Diseases,low
ICD-9,9438,Agents primarily affecting gastrointestinal system — Other,L1_01,Infectious and Communicable Diseases,low
ICD-9,9439,Agents primarily affecting gastrointestinal system — Unspecified,L1_01,Infectious and Communicable Diseases,low
ICD-9,9440,"Water, mineral and uric acid metabolism drugs — Mercurial diuretics",L1_09,Self-Harm and Substance Use,low
ICD-9,9441,"Water, mineral and uric acid metabolism drugs — Purine derivative diuretics",L1_09,Self-Harm and Substance Use,low
ICD-9,9442,"Water, mineral and uric acid metabolism drugs — Carbonic acid anhydrase inhibitors",L1_09,Self-Harm and Substance Use,low
ICD-9,9443,"Water, mineral and uric acid metabolism drugs — Saluretics",L1_09,Self-Harm and Substance Use,low
ICD-9,9444,"Water, mineral and uric acid metabolism drugs — Other diuretics",L1_09,Self-Harm and Substance Use,low
ICD-9,9445,"Water, mineral and uric acid metabolism drugs — Electrolytic, caloric and water-balance agents",L1_09,Self-Harm and Substance Use,low
ICD-9,9446,"Water, mineral and uric acid metabolism drugs — Other mineral salts, not elsewhere classified",L1_09,Self-Harm and Substance Use,low
ICD-9,9447,"Water, mineral and uric acid metabolism drugs — Uric acid metabolism drugs",L1_09,Self-Harm and Substance Use,low
ICD-9,9450,Agents primarily acting on the smooth and skeletal muscles and respiratory system — Oxytocic agents,L1_06,Respiratory and Environmental Disease,medium
ICD-9,9451,Agents primarily acting on the smooth and skeletal muscles and respiratory system — Smooth muscle relaxants,L1_06,Respiratory and Environmental Disease,medium
ICD-9,9452,Agents primarily acting on the smooth and skeletal muscles and respiratory system — Skeletal muscle relaxants,L1_06,Respiratory and Environmental Disease,medium
ICD-9,9453,Agents primarily acting on the smooth and skeletal muscles and respiratory system — Other and unspecified drugs acting on muscles,L1_06,Respiratory and Environmental Disease,medium
ICD-9,9454,Agents primarily acting on the smooth and skeletal muscles and respiratory system — Antitussives,L1_06,Respiratory and Environmental Disease,medium
ICD-9,9455,Agents primarily acting on the smooth and skeletal muscles and respiratory system — Expectorants,L1_06,Respiratory and Environmental Disease,medium
ICD-9,9456,Agents primarily acting on the smooth and skeletal muscles and respiratory system — Anti-common-cold drugs,L1_06,Respiratory and Environmental Disease,medium
ICD-9,9457,Agents primarily acting on the smooth and skeletal muscles and respiratory system — Antiasthmatics,L1_06,Respiratory and Environmental Disease,medium
ICD-9,9458,Agents primarily acting on the smooth and skeletal muscles and respiratory system — Other and unspecified respiratory drugs,L1_06,Respiratory and Environmental Disease,medium
ICD-9,9460,"Agents primarily affecting skin or mucous membrane,ophthalmological, otorhinolaryngological and dental drugs — Local anti-infectives and anti-inflammatory drugs",L1_09,Self-Harm and Substance Use,low
ICD-9,9461,"Agents primarily affecting skin or mucous membrane,ophthalmological, otorhinolaryngological and dental drugs — Antipruritics",L1_09,Self-Harm and Substance Use,low
ICD-9,9462,"Agents primarily affecting skin or mucous membrane,ophthalmological, otorhinolaryngological and dental drugs — Local astringents and local detergents",L1_09,Self-Harm and Substance Use,low
ICD-9,9463,"Agents primarily affecting skin or mucous membrane,ophthalmological, otorhinolaryngological and dental drugs — Emollients, demulcents and protectants",L1_09,Self-Harm and Substance Use,low
ICD-9,9464,"Agents primarily affecting skin or mucous membrane,ophthalmological, otorhinolaryngological and dental drugs — Keratolytics, keratoplastics, other hair treatment drugs and preparations",L1_09,Self-Harm and Substance Use,low
ICD-9,9465,"Agents primarily affecting skin or mucous membrane,ophthalmological, otorhinolaryngological and dental drugs — Eye anti-infectives and other eye drugs",L1_09,Self-Harm and Substance Use,low
ICD-9,9466,"Agents primarily affecting skin or mucous membrane,ophthalmological, otorhinolaryngological and dental drugs — Anti-infective and other drugs and preparations for ear, nose and throat",L1_09,Self-Harm and Substance Use,low
ICD-9,9467,"Agents primarily affecting skin or mucous membrane,ophthalmological, otorhinolaryngological and dental drugs — Dental drugs topically applied",L1_09,Self-Harm and Substance Use,low
ICD-9,9468,"Agents primarily affecting skin or mucous membrane,ophthalmological, otorhinolaryngological and dental drugs — Other",L1_09,Self-Harm and Substance Use,low
ICD-9,9469,"Agents primarily affecting skin or mucous membrane,ophthalmological, otorhinolaryngological and dental drugs — Unspecified",L1_09,Self-Harm and Substance Use,low
ICD-9,9470,Other and unspecified drugs and medicaments — Dietetics,L1_09,Self-Harm and Substance Use,low
ICD-9,9471,Other and unspecified drugs and medicaments — Lipotropic drugs,L1_09,Self-Harm and Substance Use,low
ICD-9,9472,"Other and unspecified drugs and medicaments — Antidotes and chelating agents, not elsewhere classified",L1_09,Self-Harm and Substance Use,low
ICD-9,9473,Other and unspecified drugs and medicaments — Alcohol deterrents,L1_09,Self-Harm and Substance Use,low
ICD-9,9474,Other and unspecified drugs and medicaments — Pharmaceutical excipients,L1_09,Self-Harm and Substance Use,low
ICD-9,9478,Other and unspecified drugs and medicaments — Other drugs and medicaments,L1_09,Self-Harm and Substance Use,low
ICD-9,9479,Other and unspecified drugs and medicaments — Unspecified drug or medicament,L1_09,Self-Harm and Substance Use,low
ICD-9,9480,Bacterial vaccines — BCG vaccine,L1_01,Infectious and Communicable Diseases,low
ICD-9,9481,Bacterial vaccines — Typhoid and paratyphoid,L1_01,Infectious and Communicable Diseases,low
ICD-9,9482,Bacterial vaccines — Cholera,L1_01,Infectious and Communicable Diseases,low
ICD-9,9483,Bacterial vaccines — Plague,L1_01,Infectious and Communicable Diseases,low
ICD-9,9484,Bacterial vaccines — Tetanus,L1_01,Infectious and Communicable Diseases,low
ICD-9,9485,Bacterial vaccines — Diphtheria,L1_01,Infectious and Communicable Diseases,low
ICD-9,9486,"Bacterial vaccines — Pertussis vaccine, including combinations with a pertussis component",L1_01,Infectious and Communicable Diseases,low
ICD-9,9488,Bacterial vaccines — Other and unspecified bacterial vaccines,L1_01,Infectious and Communicable Diseases,low
ICD-9,9489,"Bacterial vaccines — Mixed bacterial vaccines, except combinations with a pertussis component",L1_01,Infectious and Communicable Diseases,low
ICD-9,9490,Other vaccines and biological substances — Smallpox vaccine,L1_01,Infectious and Communicable Diseases,low
ICD-9,9491,Other vaccines and biological substances — Rabies vaccine,L1_01,Infectious and Communicable Diseases,low
ICD-9,9492,Other vaccines and biological substances — Typhus vaccine,L1_01,Infectious and Communicable Diseases,low
ICD-9,9493,Other vaccines and biological substances — Yellow fever vaccine,L1_01,Infectious and Communicable Diseases,low
ICD-9,9494,Other vaccines and biological substances — Measles vaccine,L1_01,Infectious and Communicable Diseases,low
ICD-9,9495,Other vaccines and biological substances — Poliomyelitis vaccine,L1_01,Infectious and Communicable Diseases,low
ICD-9,9496,Other vaccines and biological substances — Other and unspecified viral and rickettsial vaccines,L1_01,Infectious and Communicable Diseases,low
ICD-9,9497,"Other vaccines and biological substances — Mixed viral-rickettsial and bacterial vaccines, except combinations with a pertussis component",L1_01,Infectious and Communicable Diseases,high
ICD-9,9499,Other vaccines and biological substances — Other and unspecified vaccines and biological substances,L1_01,Infectious and Communicable Diseases,low
ICD-9,9500,"Suicide and selfinflicted poisoning by solid or liquid substances — Analgesics, antipyretics and antirheumatics",L1_09,Self-Harm and Substance Use,low
ICD-9,9501,Suicide and selfinflicted poisoning by solid or liquid substances — Barbiturates,L1_09,Self-Harm and Substance Use,medium
ICD-9,9502,Suicide and selfinflicted poisoning by solid or liquid substances — Other sedatives and hypnotics,L1_09,Self-Harm and Substance Use,low
ICD-9,9503,Suicide and selfinflicted poisoning by solid or liquid substances — Tranquillizers and other psychotropic agents,L1_09,Self-Harm and Substance Use,low
ICD-9,9504,Suicide and selfinflicted poisoning by solid or liquid substances — Other specified drugs and medicaments,L1_09,Self-Harm and Substance Use,medium
ICD-9,9505,Suicide and selfinflicted poisoning by solid or liquid substances — Unspecified drug or medicament,L1_09,Self-Harm and Substance Use,medium
ICD-9,9506,"Suicide and selfinflicted poisoning by solid or liquid substances — Agricultural and horticultural chemical and pharmaceutical, other than plant foods or fertilizers",L1_09,Self-Harm and Substance Use,low
ICD-9,9507,Suicide and selfinflicted poisoning by solid or liquid substances — Corrosive and caustic substances,L1_09,Self-Harm and Substance Use,low
ICD-9,9508,Suicide and selfinflicted poisoning by solid or liquid substances — Arsenic and its compounds,L1_09,Self-Harm and Substance Use,low
ICD-9,9509,Suicide and selfinflicted poisoning by solid or liquid substances — Other and unspecified solid and liquid substances,L1_09,Self-Harm and Substance Use,low
ICD-9,9510,Suicide and selfinflicted poisoning by gases in domestic use — Gas distributed by pipeline,L1_09,Self-Harm and Substance Use,low
ICD-9,9511,Suicide and selfinflicted poisoning by gases in domestic use — Liquefied petroleum gas distributed in mobile containers,L1_09,Self-Harm and Substance Use,low
ICD-9,9518,Suicide and selfinflicted poisoning by gases in domestic use — Other utility gas,L1_09,Self-Harm and Substance Use,low
ICD-9,9520,Suicide and selfinflicted poisoning by other gases and vapours — Motor vehicle exhaust gas,L1_09,Self-Harm and Substance Use,low
ICD-9,9521,Suicide and selfinflicted poisoning by other gases and vapours — Other carbon monoxide,L1_09,Self-Harm and Substance Use,low
ICD-9,9528,Suicide and selfinflicted poisoning by other gases and vapours — Other specified gases and vapours,L1_09,Self-Harm and Substance Use,low
ICD-9,9529,Suicide and selfinflicted poisoning by other gases and vapours — Unspecified gases and vapours,L1_09,Self-Harm and Substance Use,low
ICD-9,9530,"Suicide and selfinflicted injury by hanging, strangulation and suffocation — Hanging",L1_07,Injury and Accidental Harm,medium
ICD-9,9531,"Suicide and selfinflicted injury by hanging, strangulation and suffocation — Suffocation by plastic bag",L1_07,Injury and Accidental Harm,medium
ICD-9,9538,"Suicide and selfinflicted injury by hanging, strangulation and suffocation — Other specified means",L1_07,Injury and Accidental Harm,medium
ICD-9,9539,"Suicide and selfinflicted injury by hanging, strangulation and suffocation — Unspecified means",L1_07,Injury and Accidental Harm,medium
ICD-9,9540,Suicide and selfinflicted injury by submersion [drowning] — Suicide and selfinflicted injury by submersion [drowning],L1_07,Injury and Accidental Harm,medium
ICD-9,9550,Suicide and selfinflicted injury by firearms and explosives — Hand gun,L1_09,Self-Harm and Substance Use,low
ICD-9,9551,Suicide and selfinflicted injury by firearms and explosives — Shot gun,L1_09,Self-Harm and Substance Use,low
ICD-9,9552,Suicide and selfinflicted injury by firearms and explosives — Hunting rifle,L1_09,Self-Harm and Substance Use,low
ICD-9,9553,Suicide and selfinflicted injury by firearms and explosives — Military firearms,L1_09,Self-Harm and Substance Use,low
ICD-9,9554,Suicide and selfinflicted injury by firearms and explosives — Other and unspecified firearm,L1_09,Self-Harm and Substance Use,low
ICD-9,9555,Suicide and selfinflicted injury by firearms and explosives — Explosives,L1_09,Self-Harm and Substance Use,low
ICD-9,9559,Suicide and selfinflicted injury by firearms and explosives — Unspecified,L1_09,Self-Harm and Substance Use,low
ICD-9,9560,Suicide and selfinflicted injury by cutting and piercing instruments — Suicide and selfinflicted injury by cutting and piercing instruments,L1_09,Self-Harm and Substance Use,low
ICD-9,9570,Suicide and selfinflicted injuries by jumping from high place — Residential premises,L1_09,Self-Harm and Substance Use,low
ICD-9,9571,Suicide and selfinflicted injuries by jumping from high place — Other manmade structures,L1_09,Self-Harm and Substance Use,low
ICD-9,9572,Suicide and selfinflicted injuries by jumping from high place — Natural sites,L1_09,Self-Harm and Substance Use,low
ICD-9,9579,Suicide and selfinflicted injuries by jumping from high place — Unspecified,L1_09,Self-Harm and Substance Use,low
ICD-9,9580,Suicide and selfinflicted injury by other and unspecified means — Jumping or lying before moving object,L1_09,Self-Harm and Substance Use,low
ICD-9,9581,"Suicide and selfinflicted injury by other and unspecified means — Burns, fire",L1_07,Injury and Accidental Harm,medium
ICD-9,9582,Suicide and selfinflicted injury by other and unspecified means — Scald,L1_07,Injury and Accidental Harm,medium
ICD-9,9583,Suicide and selfinflicted injury by other and unspecified means — Extremes of cold,L1_09,Self-Harm and Substance Use,low
ICD-9,9584,Suicide and selfinflicted injury by other and unspecified means — Electrocution,L1_09,Self-Harm and Substance Use,low
ICD-9,9585,Suicide and selfinflicted injury by other and unspecified means — Crashing of motor vehicle,L1_07,Injury and Accidental Harm,medium
ICD-9,9586,Suicide and selfinflicted injury by other and unspecified means — Crashing of aircraft,L1_09,Self-Harm and Substance Use,low
ICD-9,9587,"Suicide and selfinflicted injury by other and unspecified means — Caustic substances, except poisoning",L1_09,Self-Harm and Substance Use,low
ICD-9,9588,Suicide and selfinflicted injury by other and unspecified means — Other specified means,L1_09,Self-Harm and Substance Use,low
ICD-9,9589,Suicide and selfinflicted injury by other and unspecified means — Unspecified means,L1_09,Self-Harm and Substance Use,low
ICD-9,9590,Late effects of selfinflicted injury — Late effects of selfinflicted injury,L1_07,Injury and Accidental Harm,low
ICD-9,9600,"Fight, brawl, rape — Unarmed fight or brawl",L1_01,Infectious and Communicable Diseases,low
ICD-9,9601,"Fight, brawl, rape — Rape",L1_01,Infectious and Communicable Diseases,low
ICD-9,9610,"Assault by corrosive or caustic substance, except poisoning — Assault by corrosive or caustic substance, except poisoning",L1_08,Violence and Conflict,low
ICD-9,9620,Assault by poisoning — Drugs and medicaments,L1_08,Violence and Conflict,low
ICD-9,9621,Assault by poisoning — Other solid and liquid substances,L1_08,Violence and Conflict,low
ICD-9,9622,Assault by poisoning — Other gases and vapours,L1_08,Violence and Conflict,low
ICD-9,9629,Assault by poisoning — Unspecified poisoning,L1_08,Violence and Conflict,low
ICD-9,9630,Assault by hanging and strangulation — Assault by hanging and strangulation,L1_08,Violence and Conflict,low
ICD-9,9640,Assault by submersion [drowning] — Assault by submersion [drowning],L1_08,Violence and Conflict,low
ICD-9,9650,Assault by firearms and explosives — Handgun,L1_08,Violence and Conflict,low
ICD-9,9651,Assault by firearms and explosives — Shotgun,L1_08,Violence and Conflict,low
ICD-9,9652,Assault by firearms and explosives — Hunting rifle,L1_08,Violence and Conflict,low
ICD-9,9653,Assault by firearms and explosives — Military firearms,L1_08,Violence and Conflict,low
ICD-9,9654,Assault by firearms and explosives — Other and unspecified firearm,L1_08,Violence and Conflict,low
ICD-9,9655,Assault by firearms and explosives — Antipersonnel bomb,L1_08,Violence and Conflict,low
ICD-9,9656,Assault by firearms and explosives — Petrol bomb,L1_08,Violence and Conflict,low
ICD-9,9657,Assault by firearms and explosives — Letter bomb,L1_08,Violence and Conflict,low
ICD-9,9658,Assault by firearms and explosives — Other specified explosive,L1_08,Violence and Conflict,low
ICD-9,9659,Assault by firearms and explosives — Unspecified explosive,L1_08,Violence and Conflict,low
ICD-9,9660,Assault by cutting and piercing instrument — Assault by cutting and piercing instrument,L1_08,Violence and Conflict,low
ICD-9,9670,Child battering and other maltreatment — By parent,L1_01,Infectious and Communicable Diseases,low
ICD-9,9671,Child battering and other maltreatment — By other specified person,L1_01,Infectious and Communicable Diseases,low
ICD-9,9679,Child battering and other maltreatment — By unspecified person,L1_01,Infectious and Communicable Diseases,low
ICD-9,9680,Assault by other and unspecified means — Fire,L1_08,Violence and Conflict,low
ICD-9,9681,Assault by other and unspecified means — Pushing from high place,L1_08,Violence and Conflict,low
ICD-9,9682,Assault by other and unspecified means — Striking by blunt or thrown object,L1_08,Violence and Conflict,low
ICD-9,9683,Assault by other and unspecified means — Hot liquid,L1_08,Violence and Conflict,low
ICD-9,9684,Assault by other and unspecified means — Criminal neglect,L1_08,Violence and Conflict,low
ICD-9,9688,Assault by other and unspecified means — Other specified means,L1_08,Violence and Conflict,low
ICD-9,9689,Assault by other and unspecified means — Unspecified means,L1_08,Violence and Conflict,low
ICD-9,9690,Late effects of injury purposely inflicted by other person — Late effects of injury purposely inflicted by other person,L1_07,Injury and Accidental Harm,low
ICD-9,9700,Injury due to legal intervention by firearms — Injury due to legal intervention by firearms,L1_07,Injury and Accidental Harm,low
ICD-9,9710,Injury due to legal intervention by explosives — Injury due to legal intervention by explosives,L1_07,Injury and Accidental Harm,low
ICD-9,9720,Injury due to legal intervention by gas — Injury due to legal intervention by gas,L1_07,Injury and Accidental Harm,low
ICD-9,9730,Injury due to legal intervention by blunt object — Injury due to legal intervention by blunt object,L1_07,Injury and Accidental Harm,low
ICD-9,9740,Injury due to legal intervention by cutting and piercing instruments — Injury due to legal intervention by cutting and piercing instruments,L1_07,Injury and Accidental Harm,low
ICD-9,9750,Injury due to legal intervention by other specified means — Injury due to legal intervention by other specified means,L1_07,Injury and Accidental Harm,low
ICD-9,9760,Injury due to legal intervention by unspecified means — Injury due to legal intervention by unspecified means,L1_07,Injury and Accidental Harm,low
ICD-9,9770,Late effects of injuries due to legal intervention — Late effects of injuries due to legal intervention,L1_07,Injury and Accidental Harm,low
ICD-9,9780,Legal execution — Legal execution,L1_08,Violence and Conflict,low
ICD-9,9800,"Poisoning by solid or liquid substances, undetermined whether accidentally or purposely inflicted — Analgesics, antipyretics and antirheumatics",L1_01,Infectious and Communicable Diseases,low
ICD-9,9801,"Poisoning by solid or liquid substances, undetermined whether accidentally or purposely inflicted — Barbiturates",L1_09,Self-Harm and Substance Use,low
ICD-9,9802,"Poisoning by solid or liquid substances, undetermined whether accidentally or purposely inflicted — Other sedatives and hypnotics",L1_01,Infectious and Communicable Diseases,low
ICD-9,9803,"Poisoning by solid or liquid substances, undetermined whether accidentally or purposely inflicted — Tranquillizers and other psychotropic agents",L1_01,Infectious and Communicable Diseases,low
ICD-9,9804,"Poisoning by solid or liquid substances, undetermined whether accidentally or purposely inflicted — Other specified drugs and medicaments",L1_09,Self-Harm and Substance Use,low
ICD-9,9805,"Poisoning by solid or liquid substances, undetermined whether accidentally or purposely inflicted — Unspecified drug or medicament",L1_09,Self-Harm and Substance Use,low
ICD-9,9806,"Poisoning by solid or liquid substances, undetermined whether accidentally or purposely inflicted — Corrosive and caustic substances",L1_01,Infectious and Communicable Diseases,low
ICD-9,9807,"Poisoning by solid or liquid substances, undetermined whether accidentally or purposely inflicted — Agricultural and horticultural chemical and pharmaceutical, other than plant foods or fertilizers",L1_01,Infectious and Communicable Diseases,low
ICD-9,9808,"Poisoning by solid or liquid substances, undetermined whether accidentally or purposely inflicted — Arsenic and its compounds",L1_01,Infectious and Communicable Diseases,low
ICD-9,9809,"Poisoning by solid or liquid substances, undetermined whether accidentally or purposely inflicted — Other and unspecified solid and liquid substances",L1_01,Infectious and Communicable Diseases,low
ICD-9,9810,"Poisoning by gases in domestic use, undetermined whether accidentally or purposely inflicted — Gas distributed by pipeline",L1_01,Infectious and Communicable Diseases,low
ICD-9,9811,"Poisoning by gases in domestic use, undetermined whether accidentally or purposely inflicted — Liquefied petroleum gas distributed in mobile containers",L1_01,Infectious and Communicable Diseases,low
ICD-9,9818,"Poisoning by gases in domestic use, undetermined whether accidentally or purposely inflicted — Other utility gas",L1_01,Infectious and Communicable Diseases,low
ICD-9,9820,"Poisoning by other gases, undetermined whether accidentally or purposely inflicted — Motor vehicle exhaust gas",L1_07,Injury and Accidental Harm,low
ICD-9,9821,"Poisoning by other gases, undetermined whether accidentally or purposely inflicted — Other carbon monoxide",L1_01,Infectious and Communicable Diseases,low
ICD-9,9828,"Poisoning by other gases, undetermined whether accidentally or purposely inflicted — Other specified gases and vapours",L1_01,Infectious and Communicable Diseases,low
ICD-9,9829,"Poisoning by other gases, undetermined whether accidentally or purposely inflicted — Unspecified gases and vapours",L1_01,Infectious and Communicable Diseases,low
ICD-9,9830,"Hanging, strangulation or suffocation, undetermined whether accidentally or purposely inflicted — Hanging",L1_07,Injury and Accidental Harm,low
ICD-9,9831,"Hanging, strangulation or suffocation, undetermined whether accidentally or purposely inflicted — Suffocation by plastic bag",L1_07,Injury and Accidental Harm,low
ICD-9,9838,"Hanging, strangulation or suffocation, undetermined whether accidentally or purposely inflicted — Other specified means",L1_07,Injury and Accidental Harm,low
ICD-9,9839,"Hanging, strangulation or suffocation, undetermined whether accidentally or purposely inflicted — Unspecified means",L1_07,Injury and Accidental Harm,low
ICD-9,9840,"Submersion (drowning), undetermined whether accidentally or purposely inflicted — Submersion (drowning), undetermined whether accidentally or purposely inflicted",L1_07,Injury and Accidental Harm,low
ICD-9,9850,"Injury by firearms and explosives, undetermined whether accidentally or purposely inflicted — Hand gun",L1_07,Injury and Accidental Harm,low
ICD-9,9851,"Injury by firearms and explosives, undetermined whether accidentally or purposely inflicted — Shot gun",L1_07,Injury and Accidental Harm,low
ICD-9,9852,"Injury by firearms and explosives, undetermined whether accidentally or purposely inflicted — Hunting rifle",L1_07,Injury and Accidental Harm,low
ICD-9,9853,"Injury by firearms and explosives, undetermined whether accidentally or purposely inflicted — Military firearms",L1_07,Injury and Accidental Harm,low
ICD-9,9854,"Injury by firearms and explosives, undetermined whether accidentally or purposely inflicted — Other and unspecified firearm",L1_07,Injury and Accidental Harm,low
ICD-9,9855,"Injury by firearms and explosives, undetermined whether accidentally or purposely inflicted — Explosives",L1_07,Injury and Accidental Harm,low
ICD-9,9860,"Injury by cutting and piercing instruments, undetermined whether accidentally or purposely inflicted — Injury by cutting and piercing instruments, undetermined whether accidentally or purposely inflicted",L1_07,Injury and Accidental Harm,low
ICD-9,9870,"Falling from high place, undetermined whether accidentally or purposely inflicted — Residential premises",L1_01,Infectious and Communicable Diseases,low
ICD-9,9871,"Falling from high place, undetermined whether accidentally or purposely inflicted — Other man-made structures",L1_01,Infectious and Communicable Diseases,low
ICD-9,9872,"Falling from high place, undetermined whether accidentally or purposely inflicted — Natural sites",L1_01,Infectious and Communicable Diseases,low
ICD-9,9879,"Falling from high place, undetermined whether accidentally or purposely inflicted — Unspecified",L1_01,Infectious and Communicable Diseases,low
ICD-9,9880,"Injury by other or unspecified means, undetermined whether accidentally or purposely inflicted — Jumping or lying before moving object",L1_07,Injury and Accidental Harm,low
ICD-9,9881,"Injury by other or unspecified means, undetermined whether accidentally or purposely inflicted — Burns, fire",L1_07,Injury and Accidental Harm,medium
ICD-9,9882,"Injury by other or unspecified means, undetermined whether accidentally or purposely inflicted — Scald",L1_07,Injury and Accidental Harm,medium
ICD-9,9883,"Injury by other or unspecified means, undetermined whether accidentally or purposely inflicted — Extremes of cold",L1_07,Injury and Accidental Harm,low
ICD-9,9884,"Injury by other or unspecified means, undetermined whether accidentally or purposely inflicted — Electrocution",L1_07,Injury and Accidental Harm,low
ICD-9,9885,"Injury by other or unspecified means, undetermined whether accidentally or purposely inflicted — Crashing of motor vehicle",L1_07,Injury and Accidental Harm,medium
ICD-9,9886,"Injury by other or unspecified means, undetermined whether accidentally or purposely inflicted — Crashing of aircraft",L1_07,Injury and Accidental Harm,low
ICD-9,9887,"Injury by other or unspecified means, undetermined whether accidentally or purposely inflicted — Caustic substances, except poisoning",L1_07,Injury and Accidental Harm,low
ICD-9,9888,"Injury by other or unspecified means, undetermined whether accidentally or purposely inflicted — Other specified means",L1_07,Injury and Accidental Harm,low
ICD-9,9889,"Injury by other or unspecified means, undetermined whether accidentally or purposely inflicted — Unspecified means",L1_07,Injury and Accidental Harm,low
ICD-9,9890,"Late effects of injury, undetermined whether accidentally or purposely inflicted — Late effects of injury, undetermined whether accidentally or purposely inflicted",L1_07,Injury and Accidental Harm,low
ICD-9,9900,Injury due to war operations by fires and conflagrations — From petrol bomb,L1_07,Injury and Accidental Harm,medium
ICD-9,9909,Injury due to war operations by fires and conflagrations — From other and unspecified sources,L1_07,Injury and Accidental Harm,medium
ICD-9,9910,Injury due to war operations by bullets and fragments — Rubber bullets (rifle),L1_08,Violence and Conflict,low
ICD-9,9911,Injury due to war operations by bullets and fragments — Pellets (rifle),L1_08,Violence and Conflict,low
ICD-9,9912,Injury due to war operations by bullets and fragments — Other bullets,L1_08,Violence and Conflict,low
ICD-9,9913,Injury due to war operations by bullets and fragments — Antipersonnel bomb (fragments),L1_08,Violence and Conflict,low
ICD-9,9919,Injury due to war operations by bullets and fragments — Other and unspecified fragments,L1_08,Violence and Conflict,low
ICD-9,9920,Injury due to war operations by explosion of marine weapons — Injury due to war operations by explosion of marine weapons,L1_08,Violence and Conflict,low
ICD-9,9930,Injury due to war operations by other explosion — Injury due to war operations by other explosion,L1_08,Violence and Conflict,low
ICD-9,9940,Injury due to war operations by destruction of aircraft — Injury due to war operations by destruction of aircraft,L1_08,Violence and Conflict,low
ICD-9,9950,Injury due to war operations by other and unspecified forms of conventional warfare — Injury due to war operations by other and unspecified forms of conventional warfare,L1_08,Violence and Conflict,low
ICD-9,9960,Injury due to war operations by nuclear weapons — Injury due to war operations by nuclear weapons,L1_08,Violence and Conflict,low
ICD-9,9970,Injury due to war operations by other forms of unconventional warfare — Lasers,L1_08,Violence and Conflict,low
ICD-9,9971,Injury due to war operations by other forms of unconventional warfare — Biological warfare,L1_08,Violence and Conflict,low
ICD-9,9972,"Injury due to war operations by other forms of unconventional warfare — Gases, fumes and chemicals",L1_08,Violence and Conflict,low
ICD-9,9978,Injury due to war operations by other forms of unconventional warfare — Other,L1_08,Violence and Conflict,low
ICD-9,9979,Injury due to war operations by other forms of unconventional warfare — Unspecified,L1_08,Violence and Conflict,low
ICD-9,9980,Injury due to war operations but occurring after cessation of hostilities — Injury due to war operations but occurring after cessation of hostilities,L1_08,Violence and Conflict,low
ICD-9,9990,Late effects of injury due to war operations — Late effects of injury due to war operations,L1_08,Violence and Conflict,low
ICD-9,6827,"Other cellulitis and abscess — Foot, except toes",L1_05,Chronic Non-Communicable Diseases,low
ICD-9,6824,"Other cellulitis and abscess — Hand, except fingers",L1_05,Chronic Non-Communicable Diseases,low
ICD-9,4301,Subarachnoid haemorrhage — Ruptured cerebral anuerysm,L1_05,Chronic Non-Communicable Diseases,low
ICD-9,5189,Other diseases of lung — Chronic lung disease,L1_05,Chronic Non-Communicable Diseases,high
ICD-9,5377,Other disorders of stomach and duodenum — Gastritis or varices,L1_05,Chronic Non-Communicable Diseases,medium
ICD-9,1635,Malignant neoplasm of pleura,L1_05,Chronic Non-Communicable Diseases,medium
ICD-9,1652,Malignant neoplasm of other and ill-defined sites within the respiratory system and intrathoracic organs,L1_05,Chronic Non-Communicable Diseases,medium
ICD-9,1759,Malignant neoplasm of male breast,L1_05,Chronic Non-Communicable Diseases,medium
ICD-9,4856,Bronchopneumonia,L1_01,Infectious and Communicable Diseases,low
ICD-9,5159,Postinflammatory pulmonary fibrosis,L1_01,Infectious and Communicable Diseases,low
ICD-9,5894,Small kidney of unknown cause,L1_10,"Ill-Defined, Administrative, and Other Causes",low
ICD-9,7156,Osteoarthrosis and allied disorders,L1_01,Infectious and Communicable Diseases,low
ICD-9,8266,Pedal cycle accident,L1_07,Injury and Accidental Harm,low
ICD-9,8267,Pedal cycle accident,L1_07,Injury and Accidental Harm,low
ICD-9,8489,Accidents involving other vehicles not elsewhere classifiable,L1_07,Injury and Accidental Harm,medium
ICD-9,8959,Accident caused by controlled fire,L1_07,Injury and Accidental Harm,low
ICD-9,9012,Excessive cold,L1_01,Infectious and Communicable Diseases,low
ICD-9,9122,Inhalation and ingestion of other object causing respiratory tract obstruction or suffocation,L1_07,Injury and Accidental Harm,low
ICD-9,9522,Suicide and selfinflicted poisoning by other gases and vapours,L1_09,Self-Harm and Substance Use,low
ICD-9,9523,Suicide and selfinflicted poisoning by other gases and vapours,L1_09,Self-Harm and Substance Use,low
ICD-9,9603,"Fight, brawl, rape",L1_01,Infectious and Communicable Diseases,low
ICD-9,9639,Assault by hanging and strangulation,L1_08,Violence and Conflict,low
ICD-9,9825,"Poisoning by other gases, undetermined whether accidentally or purposely inflicted",L1_01,Infectious and Communicable Diseases,low
ICD-9,9849,"Submersion (drowning), undetermined whether accidentally or purposely inflicted",L1_07,Injury and Accidental Harm,low
