icd_version,cause_code,record_count,total_deaths,first_year,last_year,sample_ages
ICD-10,4100,61,106392,1999,2000,"01-04, 10-14, 15-19, 20-24, 25-29"
ICD-10,4850,75,91959,1999,2000,"01-04, 05-09, 10-14, 15-19, 20-24"
ICD-10,4149,52,78348,1999,2000,"10-14, 20-24, 25-29, 30-34, 35-39"
ICD-10,4360,54,68503,1999,2000,"15-19, 20-24, 25-29, 30-34, 35-39"
ICD-10,1629,55,57351,1999,2000,"15-19, 20-24, 25-29, 30-34, 35-39"
ICD-10,4960,52,43279,1999,2000,"01-04, 10-14, 20-24, 25-29, 30-34"
ICD-10,Unknown,34,36167,2001,2017,"Neonates, neonatal, neonates"
ICD-10,4140,56,35582,1999,2000,"10-14, 15-19, 20-24, 25-29, 30-34"
ICD-10,7970,18,25880,1999,2000,"65-69, 70-74, 75-79, 80-84, 85+"
ICD-10,1749,28,22922,1999,2000,"20-24, 25-29, 30-34, 35-39, 40-44"
ICD-10,4860,76,19155,1999,2000,"01-04, 05-09, 10-14, 15-19, 20-24"
ICD-10,1991,63,17424,1999,2000,"01-04, 05-09, 10-14, 15-19, 20-24"
ICD-10,1850,21,16773,1999,2000,"35-39, 40-44, 45-49, 50-54, 55-59"
ICD-10,1539,58,14543,1999,2000,"15-19, 20-24, 25-29, 30-34, 35-39"
ICD-10,4280,49,13289,1999,2000,"05-09, 20-24, 25-29, 30-34, 35-39"
ICD-10,4379,38,12005,1999,2000,"40-44, 45-49, 50-54, 55-59, 60-64"
ICD-10,1509,52,11905,1999,2000,"15-19, 25-29, 30-34, 35-39, 40-44"
ICD-10,1519,57,11161,1999,2000,"15-19, 20-24, 25-29, 30-34, 35-39"
ICD-10,4151,59,10872,1999,2000,"15-19, 20-24, 25-29, 30-34, 35-39"
ICD-10,1579,50,10349,1999,2000,"10-14, 20-24, 25-29, 30-34, 35-39"
ICD-10,5198,72,9374,1999,2000,"01-04, 05-09, 10-14, 15-19, 20-24"
ICD-10,1990,54,9121,1999,2000,"15-19, 20-24, 25-29, 30-34, 35-39"
ICD-10,4413,39,9092,1999,2000,"30-34, 40-44, 45-49, 50-54, 55-59"
ICD-10,4310,73,9028,1999,2000,"01-04, 05-09, 10-14, 15-19, 20-24"
ICD-10,1889,50,8712,1999,2000,"20-24, 25-29, 30-34, 35-39, 40-44"
ICD-10,2500,59,8398,1999,2000,"10-14, 15-19, 20-24, 25-29, 30-34"
ICD-10,1830,31,7800,1999,2000,"05-09, 15-19, 20-24, 25-29, 30-34"
ICD-10,1541,55,7668,1999,2000,"15-19, 20-24, 25-29, 30-34, 35-39"
ICD-10,2028,69,7667,1999,2000,"01-04, 05-09, 10-14, 15-19, 20-24"
ICD-10,2900,27,7227,1999,2000,"50-54, 55-59, 60-64, 65-69, 70-74"
ICD-10,4349,60,6885,1999,2000,"01-04, 05-09, 10-14, 20-24, 25-29"
ICD-10,5990,52,5743,1999,2000,"01-04, 05-09, 10-14, 20-24, 25-29"
ICD-10,4439,47,5510,1999,2000,"20-24, 25-29, 30-34, 35-39, 40-44"
ICD-10,3320,33,5415,1999,2000,"40-44, 45-49, 50-54, 55-59, 60-64"
ICD-10,1890,59,5192,1999,2000,"01-04, 05-09, 10-14, 15-19, 20-24"
ICD-10,4273,36,5154,1999,2000,"35-39, 40-44, 45-49, 50-54, 55-59"
ICD-10,4300,67,5076,1999,2000,"05-09, 10-14, 15-19, 20-24, 25-29"
ICD-10,0,4,4774,1999,2000,<1
ICD-10,4241,55,4586,1999,2000,"01-04, 15-19, 20-24, 25-29, 30-34"
ICD-10,3310,35,4583,1999,2000,"45-49, 50-54, 55-59, 60-64, 65-69"
ICD-10,4029,49,4539,1999,2000,"20-24, 30-34, 35-39, 40-44, 45-49"
ICD-10,2030,44,4123,1999,2000,"30-34, 35-39, 40-44, 45-49, 50-54"
ICD-10,4810,65,3982,1999,2000,"01-04, 05-09, 10-14, 15-19, 20-24"
ICD-10,1919,73,3852,1999,2000,"01-04, 05-09, 10-14, 15-19, 20-24"
ICD-10,2989,40,3802,1999,2000,"20-24, 25-29, 30-34, 35-39, 40-44"
ICD-10,4410,57,3781,1999,2000,"10-14, 15-19, 20-24, 25-29, 30-34"
ICD-10,8870,40,3653,1999,2000,"20-24, 30-34, 35-39, 40-44, 45-49"
ICD-10,5713,54,3614,1999,2000,"20-24, 25-29, 30-34, 35-39, 40-44"
ICD-10,5621,47,3541,1999,2000,"15-19, 30-34, 35-39, 40-44, 45-49"
ICD-10,2902,19,3490,1999,2000,"65-69, 70-74, 75-79, 80-84, 85+"
ICD-10,4920,44,3321,1999,2000,"30-34, 35-39, 40-44, 45-49, 50-54"
ICD-10,2050,73,3286,1999,2000,"01-04, 05-09, 10-14, 15-19, 20-24"
ICD-10,9530,62,3200,1999,2000,"10-14, 15-19, 20-24, 25-29, 30-34"
ICD-10,1590,54,3159,1999,2000,"15-19, 20-24, 25-29, 30-34, 35-39"
ICD-10,4281,44,2979,1999,2000,"01-04, 30-34, 35-39, 40-44, 45-49"
ICD-10,4291,39,2818,1999,2000,"30-34, 35-39, 40-44, 45-49, 50-54"
ICD-10,1729,62,2814,1999,2000,"10-14, 15-19, 20-24, 25-29, 30-34"
ICD-10,5715,58,2671,1999,2000,"10-14, 15-19, 20-24, 25-29, 30-34"
ICD-10,8880,58,2625,1999,2000,"01-04, 05-09, 10-14, 15-19, 20-24"
ICD-10,2904,28,2609,1999,2000,"50-54, 55-59, 60-64, 65-69, 70-74"
ICD-10,4254,75,2578,1999,2000,"01-04, 05-09, 10-14, 15-19, 20-24"
ICD-10,4939,62,2576,1999,2000,"01-04, 10-14, 15-19, 20-24, 25-29"
ICD-10,5789,49,2552,1999,2000,"05-09, 10-14, 20-24, 30-34, 35-39"
ICD-10,7330,28,2456,1999,2000,"45-49, 50-54, 55-59, 60-64, 65-69"
ICD-10,1534,48,2442,1999,2000,"10-14, 30-34, 35-39, 40-44, 45-49"
ICD-10,5163,46,2429,1999,2000,"20-24, 30-34, 35-39, 40-44, 45-49"
ICD-10,4415,37,2423,1999,2000,"20-24, 30-34, 35-39, 40-44, 45-49"
ICD-10,3352,54,2394,1999,2000,"01-04, 15-19, 20-24, 25-29, 30-34"
ICD-10,4409,32,2259,1999,2000,"45-49, 50-54, 55-59, 60-64, 65-69"
ICD-10,4511,53,2253,1999,2000,"20-24, 25-29, 30-34, 35-39, 40-44"
ICD-10,5325,51,2222,1999,2000,"10-14, 20-24, 25-29, 30-34, 35-39"
ICD-10,1809,28,2189,1999,2000,"20-24, 25-29, 30-34, 35-39, 40-44"
ICD-10,5860,55,2187,1999,2000,"05-09, 15-19, 20-24, 25-29, 30-34"
ICD-10,5850,53,2102,1999,2000,"05-09, 20-24, 25-29, 30-34, 35-39"
ICD-10,4148,46,2097,1999,2000,"01-04, 25-29, 30-34, 35-39, 40-44"
ICD-10,389,73,2053,1999,2000,"01-04, 05-09, 10-14, 15-19, 20-24"
ICD-10,5324,47,1920,1999,2000,"25-29, 30-34, 35-39, 40-44, 45-49"
ICD-10,2898,50,1918,1999,2000,"01-04, 15-19, 30-34, 35-39, 40-44"
ICD-10,4289,53,1894,1999,2000,"01-04, 10-14, 15-19, 20-24, 25-29"
ICD-10,5150,53,1821,1999,2000,"01-04, 05-09, 20-24, 30-34, 35-39"
ICD-10,4912,41,1811,1999,2000,"25-29, 35-39, 40-44, 45-49, 50-54"
ICD-10,1551,47,1809,1999,2000,"25-29, 30-34, 35-39, 40-44, 45-49"
ICD-10,1533,49,1759,1999,2000,"25-29, 30-34, 35-39, 40-44, 45-49"
ICD-10,4340,39,1759,1999,2000,"01-04, 15-19, 25-29, 30-34, 35-39"
ICD-10,5712,50,1699,1999,2000,"20-24, 25-29, 30-34, 35-39, 40-44"
ICD-10,5770,56,1689,1999,2000,"10-14, 15-19, 20-24, 25-29, 30-34"
ICD-10,5570,52,1680,1999,2000,"01-04, 25-29, 30-34, 35-39, 40-44"
ICD-10,1820,24,1666,1999,2000,"30-34, 35-39, 40-44, 45-49, 50-54"
ICD-10,7999,73,1618,1999,2000,"01-04, 05-09, 10-14, 15-19, 20-24"
ICD-10,2041,42,1607,1999,2000,"15-19, 30-34, 35-39, 40-44, 45-49"
ICD-10,5579,44,1582,1999,2000,"01-04, 10-14, 15-19, 30-34, 35-39"
ICD-10,8147,72,1580,1999,2000,"01-04, 05-09, 10-14, 15-19, 20-24"
ICD-10,4370,26,1566,1999,2000,"50-54, 55-59, 60-64, 65-69, 70-74"
ICD-10,1570,45,1563,1999,2000,"25-29, 30-34, 35-39, 40-44, 45-49"
ICD-10,3949,52,1560,1999,2000,"01-04, 20-24, 30-34, 35-39, 40-44"
ICD-10,2506,43,1559,1999,2000,"35-39, 40-44, 45-49, 50-54, 55-59"
ICD-10,5070,61,1535,1999,2000,"01-04, 05-09, 10-14, 15-19, 20-24"
ICD-10,5609,41,1528,1999,2000,"01-04, 05-09, 20-24, 25-29, 30-34"
ICD-10,4940,46,1493,1999,2000,"20-24, 25-29, 30-34, 35-39, 40-44"
ICD-10,2901,35,1463,1999,2000,"35-39, 45-49, 50-54, 55-59, 60-64"
ICD-10,3400,55,1457,1999,2000,"15-19, 20-24, 25-29, 30-34, 35-39"
ICD-10,3459,74,1437,1999,2000,"01-04, 05-09, 10-14, 15-19, 20-24"
ICD-10,4414,29,1434,1999,2000,"50-54, 55-59, 60-64, 65-69, 70-74"
ICD-10,1550,61,1423,1999,2000,"01-04, 05-09, 10-14, 15-19, 20-24"
ICD-10,2396,71,1414,1999,2000,"01-04, 05-09, 10-14, 15-19, 20-24"
ICD-10,5698,50,1377,1999,2000,"20-24, 25-29, 30-34, 35-39, 40-44"
ICD-10,4411,43,1352,1999,2000,"15-19, 25-29, 30-34, 35-39, 40-44"
ICD-10,7140,38,1333,1999,2000,"30-34, 35-39, 40-44, 45-49, 50-54"
ICD-10,1540,46,1295,1999,2000,"15-19, 20-24, 30-34, 35-39, 40-44"
ICD-10,5314,49,1292,1999,2000,"15-19, 20-24, 30-34, 35-39, 40-44"
ICD-10,1619,42,1279,1999,2000,"30-34, 35-39, 40-44, 45-49, 50-54"
ICD-10,8120,60,1278,1999,2000,"15-19, 20-24, 25-29, 30-34, 35-39"
ICD-10,8809,59,1194,1999,2000,"01-04, 15-19, 20-24, 25-29, 30-34"
ICD-10,5140,40,1189,1999,2000,"15-19, 20-24, 25-29, 30-34, 35-39"
ICD-10,9289,63,1076,1999,2000,"01-04, 05-09, 10-14, 15-19, 20-24"
ICD-10,4249,49,1045,1999,2000,"20-24, 25-29, 30-34, 35-39, 40-44"
ICD-10,5580,53,1039,1999,2000,"01-04, 05-09, 15-19, 20-24, 25-29"
ICD-10,1639,39,1008,1999,2000,"25-29, 40-44, 45-49, 50-54, 55-59"
ICD-10,2051,67,978,1999,2000,"01-04, 05-09, 10-14, 15-19, 20-24"
ICD-10,1719,72,972,1999,2000,"01-04, 05-09, 10-14, 15-19, 20-24"
ICD-10,5849,42,941,1999,2000,"15-19, 20-24, 25-29, 30-34, 40-44"
ICD-10,4371,43,935,1999,2000,"01-04, 05-09, 10-14, 25-29, 30-34"
ICD-10,9888,75,912,1999,2000,"01-04, 05-09, 10-14, 15-19, 20-24"
ICD-10,4039,42,909,1999,2000,"05-09, 30-34, 35-39, 40-44, 45-49"
ICD-10,1910,69,906,1999,2000,"01-04, 05-09, 10-14, 15-19, 20-24"
ICD-10,1790,24,890,1999,2000,"25-29, 30-34, 35-39, 40-44, 45-49"
ICD-10,4660,54,859,1999,2000,"01-04, 05-09, 10-14, 20-24, 25-29"
ICD-10,4380,37,824,1999,2000,"20-24, 35-39, 40-44, 45-49, 50-54"
ICD-10,4240,46,813,1999,2000,"25-29, 30-34, 35-39, 40-44, 45-49"
ICD-10,1552,51,798,1999,2000,"01-04, 10-14, 15-19, 20-24, 25-29"
ICD-10,5315,48,796,1999,2000,"05-09, 10-14, 15-19, 30-34, 35-39"
ICD-10,8500,46,786,1999,2000,"01-04, 10-14, 15-19, 20-24, 25-29"
ICD-10,4512,45,783,1999,2000,"20-24, 25-29, 30-34, 35-39, 40-44"
ICD-10,84,38,779,1999,2000,"15-19, 35-39, 40-44, 45-49, 50-54"
ICD-10,4292,28,775,1999,2000,"50-54, 55-59, 60-64, 65-69, 70-74"
ICD-10,4919,37,759,1999,2000,"30-34, 35-39, 40-44, 45-49, 50-54"
ICD-10,5602,52,745,1999,2000,"01-04, 05-09, 15-19, 20-24, 25-29"
ICD-10,5679,46,739,1999,2000,"01-04, 25-29, 30-34, 35-39, 40-44"
ICD-10,3960,40,731,1999,2000,"15-19, 25-29, 30-34, 35-39, 40-44"
ICD-10,4293,53,729,1999,2000,"01-04, 05-09, 15-19, 20-24, 25-29"
ICD-10,1419,49,726,1999,2000,"25-29, 30-34, 35-39, 40-44, 45-49"
ICD-10,4019,35,685,1999,2000,"30-34, 35-39, 40-44, 45-49, 50-54"
ICD-10,1844,23,659,1999,2000,"25-29, 30-34, 35-39, 40-44, 45-49"
ICD-10,5742,40,658,1999,2000,"15-19, 30-34, 35-39, 40-44, 45-49"
ICD-10,4870,44,655,1999,2000,"10-14, 20-24, 30-34, 35-39, 40-44"
ICD-10,7071,31,646,1999,2000,"20-24, 40-44, 45-49, 50-54, 55-59"
ICD-10,9520,50,642,1999,2000,"15-19, 20-24, 25-29, 30-34, 35-39"
ICD-10,1560,41,633,1999,2000,"35-39, 40-44, 45-49, 50-54, 55-59"
ICD-10,8122,38,633,1999,2000,"15-19, 20-24, 25-29, 30-34, 35-39"
ICD-10,5334,34,629,1999,2000,"40-44, 45-49, 50-54, 55-59, 60-64"
ICD-10,9500,60,619,1999,2000,"15-19, 20-24, 25-29, 30-34, 35-39"
ICD-10,3030,54,618,1999,2000,"20-24, 25-29, 30-34, 35-39, 40-44"
ICD-10,1510,42,613,1999,2000,"15-19, 30-34, 35-39, 40-44, 45-49"
ICD-10,2503,48,592,1999,2000,"25-29, 30-34, 35-39, 40-44, 45-49"
ICD-10,4329,54,579,1999,2000,"10-14, 15-19, 20-24, 25-29, 30-34"
ICD-10,9800,64,563,1999,2000,"01-04, 10-14, 15-19, 20-24, 25-29"
ICD-10,9830,58,561,1999,2000,"10-14, 15-19, 20-24, 25-29, 30-34"
ICD-10,1930,49,558,1999,2000,"20-24, 25-29, 30-34, 35-39, 40-44"
ICD-10,2040,75,553,1999,2000,"01-04, 05-09, 10-14, 15-19, 20-24"
ICD-10,4210,54,551,1999,2000,"10-14, 15-19, 20-24, 25-29, 30-34"
ICD-10,B59,281,543,2001,2017,"01-04, 10-14, 15-19, 20-24, 25-29"
ICD-10,5000,13,517,1999,2000,"55-59, 60-64, 65-69, 70-74, 75-79"
ICD-10,3055,36,514,1999,2000,"10-14, 15-19, 20-24, 25-29, 30-34"
ICD-10,3040,30,513,1999,2000,"15-19, 20-24, 25-29, 30-34, 35-39"
ICD-10,1952,45,501,1999,2000,"05-09, 15-19, 20-24, 25-29, 35-39"
ICD-10,7199,40,500,1999,2000,"15-19, 25-29, 35-39, 40-44, 45-49"
ICD-10,9110,66,480,1999,2000,"01-04, 05-09, 10-14, 15-19, 20-24"
ICD-10,7070,30,476,1999,2000,"30-34, 45-49, 50-54, 55-59, 60-64"
ICD-10,1623,39,475,1999,2000,"35-39, 40-44, 45-49, 50-54, 55-59"
ICD-10,2859,27,473,1999,2000,"30-34, 35-39, 40-44, 45-49, 50-54"
ICD-10,4275,51,473,1999,2000,"01-04, 15-19, 20-24, 25-29, 35-39"
ICD-10,2019,59,471,1999,2000,"10-14, 15-19, 20-24, 25-29, 30-34"
ICD-10,4416,31,469,1999,2000,"45-49, 50-54, 55-59, 60-64, 65-69"
ICD-10,8121,70,464,1999,2000,"01-04, 05-09, 10-14, 15-19, 20-24"
ICD-10,2252,45,463,1999,2000,"05-09, 25-29, 30-34, 35-39, 40-44"
ICD-10,4169,40,461,1999,2000,"01-04, 15-19, 30-34, 35-39, 40-44"
ICD-10,4871,43,451,1999,2000,"01-04, 10-14, 15-19, 20-24, 25-29"
ICD-10,6829,42,436,1999,2000,"20-24, 35-39, 40-44, 45-49, 50-54"
ICD-10,2501,61,434,1999,2000,"05-09, 10-14, 15-19, 20-24, 25-29"
ICD-10,2390,41,421,1999,2000,"20-24, 35-39, 40-44, 45-49, 50-54"
ICD-10,5571,36,418,1999,2000,"20-24, 45-49, 50-54, 55-59, 60-64"
ICD-10,119,53,414,1999,2000,"20-24, 25-29, 30-34, 35-39, 40-44"
ICD-10,5908,44,408,1999,2000,"10-14, 25-29, 30-34, 35-39, 40-44"
ICD-10,5761,42,404,1999,2000,"10-14, 25-29, 30-34, 35-39, 40-44"
ICD-10,4290,65,401,1999,2000,"01-04, 05-09, 10-14, 15-19, 20-24"
ICD-10,7980,7,400,1999,2000,"01-04, <1"
ICD-10,5939,49,396,1999,2000,"01-04, 10-14, 20-24, 25-29, 30-34"
ICD-10,6000,14,392,1999,2000,"55-59, 60-64, 65-69, 70-74, 75-79"
ICD-10,2507,35,387,1999,2000,"20-24, 35-39, 40-44, 45-49, 50-54"
ICD-10,7159,21,387,1999,2000,"60-64, 65-69, 70-74, 75-79, 80-84"
ICD-10,4900,47,382,1999,2000,"01-04, 15-19, 30-34, 35-39, 40-44"
ICD-10,9840,60,373,1999,2000,"01-04, 05-09, 15-19, 20-24, 25-29"
ICD-10,5560,47,372,1999,2000,"15-19, 25-29, 30-34, 35-39, 40-44"
ICD-10,3319,44,358,1999,2000,"01-04, 05-09, 20-24, 30-34, 35-39"
ICD-10,9503,57,358,1999,2000,"15-19, 20-24, 25-29, 30-34, 35-39"
ICD-10,381,52,352,1999,2000,"01-04, 05-09, 10-14, 15-19, 25-29"
ICD-10,2387,41,349,1999,2000,"01-04, 05-09, 10-14, 20-24, 25-29"
ICD-10,1490,41,349,1999,2000,"25-29, 30-34, 35-39, 40-44, 45-49"
ICD-10,3940,38,349,1999,2000,"20-24, 35-39, 40-44, 45-49, 50-54"
ICD-10,3429,28,348,1999,2000,"45-49, 50-54, 55-59, 60-64, 65-69"
ICD-10,3050,50,346,1999,2000,"15-19, 20-24, 25-29, 30-34, 35-39"
ICD-10,5188,50,346,1999,2000,"01-04, 05-09, 15-19, 20-24, 25-29"
ICD-10,4321,42,346,1999,2000,"30-34, 35-39, 40-44, 45-49, 50-54"
ICD-10,362,71,342,1999,2000,"01-04, 05-09, 10-14, 15-19, 20-24"
ICD-10,5608,38,340,1999,2000,"01-04, 25-29, 30-34, 35-39, 40-44"
ICD-10,4279,57,337,1999,2000,"01-04, 10-14, 15-19, 20-24, 25-29"
ICD-10,8160,47,328,1999,2000,"15-19, 20-24, 25-29, 30-34, 35-39"
ICD-10,7469,66,327,1999,2000,"01-04, 05-09, 10-14, 15-19, 20-24"
ICD-10,1459,41,324,1999,2000,"35-39, 40-44, 45-49, 50-54, 55-59"
ICD-10,2780,49,321,1999,2000,"20-24, 25-29, 30-34, 35-39, 40-44"
ICD-10,8150,51,320,1999,2000,"15-19, 20-24, 25-29, 30-34, 35-39"
ICD-10,5335,37,317,1999,2000,"35-39, 40-44, 45-49, 50-54, 55-59"
ICD-10,4049,43,316,1999,2000,"20-24, 25-29, 30-34, 35-39, 40-44"
ICD-10,5716,31,316,1999,2000,"35-39, 45-49, 50-54, 55-59, 60-64"
ICD-10,3110,23,313,1999,2000,"30-34, 60-64, 65-69, 70-74, 75-79"
ICD-10,9889,63,312,1999,2000,"01-04, 10-14, 15-19, 20-24, 25-29"
ICD-10,3439,68,309,1999,2000,"01-04, 05-09, 10-14, 15-19, 20-24"
ICD-10,5109,40,306,1999,2000,"30-34, 35-39, 40-44, 45-49, 50-54"
ICD-10,5719,48,304,1999,2000,"25-29, 30-34, 35-39, 40-44, 45-49"
ICD-10,1543,43,303,1999,2000,"30-34, 35-39, 40-44, 45-49, 50-54"
ICD-10,4160,69,301,1999,2000,"01-04, 05-09, 10-14, 15-19, 20-24"
ICD-10,6826,36,301,1999,2000,"25-29, 35-39, 40-44, 45-49, 50-54"
ICD-10,2449,25,300,1999,2000,"30-34, 45-49, 55-59, 60-64, 65-69"
ICD-10,9803,54,299,1999,2000,"15-19, 20-24, 25-29, 30-34, 35-39"
ICD-10,5559,52,298,1999,2000,"15-19, 20-24, 25-29, 30-34, 35-39"
ICD-10,9504,56,298,1999,2000,"15-19, 20-24, 25-29, 30-34, 35-39"
ICD-10,4255,43,297,1999,2000,"25-29, 30-34, 35-39, 40-44, 45-49"
ICD-10,2502,50,295,1999,2000,"15-19, 20-24, 25-29, 30-34, 35-39"
ICD-10,5750,36,295,1999,2000,"35-39, 40-44, 45-49, 50-54, 55-59"
ICD-10,1460,44,290,1999,2000,"30-34, 35-39, 40-44, 45-49, 50-54"
ICD-10,4350,22,286,1999,2000,"25-29, 55-59, 60-64, 65-69, 70-74"
ICD-10,5301,54,286,1999,2000,"01-04, 05-09, 15-19, 25-29, 30-34"
ICD-10,2773,43,283,1999,2000,"30-34, 35-39, 40-44, 45-49, 50-54"
ICD-10,2080,48,280,1999,2000,"01-04, 05-09, 10-14, 15-19, 20-24"
ICD-10,4422,28,279,1999,2000,"45-49, 55-59, 60-64, 65-69, 70-74"
ICD-10,4479,33,275,1999,2000,"40-44, 50-54, 55-59, 60-64, 65-69"
ICD-10,3334,53,273,1999,2000,"10-14, 15-19, 20-24, 25-29, 30-34"
ICD-10,8191,57,271,1999,2000,"01-04, 05-09, 10-14, 15-19, 20-24"
ICD-10,3989,34,268,1999,2000,"10-14, 45-49, 50-54, 55-59, 60-64"
ICD-10,5901,36,268,1999,2000,"25-29, 30-34, 35-39, 40-44, 45-49"
ICD-10,1561,34,267,1999,2000,"40-44, 45-49, 50-54, 55-59, 60-64"
ICD-10,4476,46,265,1999,2000,"05-09, 25-29, 30-34, 35-39, 40-44"
ICD-10,1520,39,263,1999,2000,"35-39, 40-44, 45-49, 50-54, 55-59"
ICD-10,9580,48,261,1999,2000,"15-19, 20-24, 25-29, 30-34, 35-39"
ICD-10,5302,39,261,1999,2000,"20-24, 35-39, 40-44, 45-49, 50-54"
ICD-10,2765,25,259,1999,2000,"01-04, 30-34, 45-49, 60-64, 65-69"
ICD-10,5533,36,257,1999,2000,"10-14, 20-24, 25-29, 35-39, 45-49"
ICD-10,4331,37,257,1999,2000,"20-24, 35-39, 40-44, 45-49, 50-54"
ICD-10,4110,35,257,1999,2000,"10-14, 30-34, 35-39, 45-49, 50-54"
ICD-10,5501,29,256,1999,2000,"25-29, 30-34, 50-54, 55-59, 60-64"
ICD-10,9521,48,256,1999,2000,"15-19, 20-24, 25-29, 30-34, 35-39"
ICD-10,4130,31,254,1999,2000,"20-24, 40-44, 45-49, 50-54, 55-59"
ICD-10,8136,58,250,1999,2000,"01-04, 05-09, 10-14, 15-19, 20-24"
ICD-10,8588,39,250,1999,2000,"15-19, 20-24, 25-29, 30-34, 35-39"
ICD-10,5711,47,247,1999,2000,"20-24, 25-29, 30-34, 35-39, 40-44"
ICD-10,1599,38,246,1999,2000,"20-24, 35-39, 40-44, 45-49, 50-54"
ICD-10,9589,51,244,1999,2000,"15-19, 20-24, 25-29, 30-34, 35-39"
ICD-10,1622,34,244,1999,2000,"45-49, 50-54, 55-59, 60-64, 65-69"
ICD-10,5728,55,239,1999,2000,"01-04, 05-09, 20-24, 25-29, 30-34"
ICD-10,1536,34,238,1999,2000,"45-49, 50-54, 55-59, 60-64, 65-69"
ICD-10,1479,55,237,1999,2000,"01-04, 10-14, 15-19, 20-24, 30-34"
ICD-10,9804,54,237,1999,2000,"15-19, 20-24, 25-29, 30-34, 35-39"
ICD-10,8609,41,237,1999,2000,"15-19, 20-24, 25-29, 30-34, 35-39"
ICD-10,9019,30,235,1999,2000,"30-34, 35-39, 45-49, 50-54, 55-59"
ICD-10,9689,64,235,1999,2000,"01-04, 05-09, 15-19, 20-24, 25-29"
ICD-10,1709,61,233,1999,2000,"05-09, 10-14, 15-19, 20-24, 25-29"
ICD-10,1420,42,230,1999,2000,"25-29, 30-34, 35-39, 40-44, 45-49"
ICD-10,5303,31,230,1999,2000,"15-19, 35-39, 40-44, 45-49, 50-54"
ICD-10,3591,53,228,1999,2000,"05-09, 10-14, 15-19, 20-24, 25-29"
ICD-10,1911,51,225,1999,2000,"10-14, 20-24, 25-29, 30-34, 35-39"
ICD-10,5718,48,224,1999,2000,"01-04, 20-24, 25-29, 30-34, 35-39"
ICD-10,2089,45,224,1999,2000,"01-04, 05-09, 10-14, 15-19, 20-24"
ICD-10,2770,39,224,1999,2000,"05-09, 10-14, 15-19, 20-24, 25-29"
ICD-10,8820,61,223,1999,2000,"01-04, 10-14, 15-19, 20-24, 25-29"
ICD-10,4538,41,220,1999,2000,"15-19, 20-24, 30-34, 35-39, 40-44"
ICD-10,705,50,213,1999,2000,"01-04, 20-24, 25-29, 30-34, 35-39"
ICD-10,1739,38,212,1999,2000,"15-19, 25-29, 30-34, 35-39, 40-44"
ICD-10,9138,50,211,1999,2000,"01-04, 05-09, 10-14, 15-19, 20-24"
ICD-10,1531,37,209,1999,2000,"20-24, 30-34, 40-44, 45-49, 50-54"
ICD-10,7101,38,208,1999,2000,"25-29, 30-34, 35-39, 40-44, 45-49"
ICD-10,8902,63,207,1999,2000,"01-04, 05-09, 10-14, 15-19, 20-24"
ICD-10,5680,36,207,1999,2000,"25-29, 35-39, 40-44, 45-49, 50-54"
ICD-10,1950,40,206,1999,2000,"20-24, 25-29, 35-39, 40-44, 45-49"
ICD-10,5672,41,206,1999,2000,"01-04, 25-29, 30-34, 35-39, 40-44"
ICD-10,5699,41,206,1999,2000,"01-04, 05-09, 20-24, 30-34, 35-39"
ICD-10,7110,28,204,1999,2000,"45-49, 55-59, 60-64, 65-69, 70-74"
ICD-10,4412,32,204,1999,2000,"25-29, 35-39, 45-49, 50-54, 55-59"
ICD-10,2849,45,202,1999,2000,"01-04, 05-09, 10-14, 15-19, 25-29"
ICD-10,8850,38,202,1999,2000,"20-24, 35-39, 40-44, 45-49, 50-54"
ICD-10,4442,27,201,1999,2000,"45-49, 55-59, 60-64, 65-69, 70-74"
ICD-10,3453,64,201,1999,2000,"01-04, 05-09, 10-14, 15-19, 20-24"
ICD-10,7531,43,198,1999,2000,"10-14, 30-34, 35-39, 40-44, 45-49"
ICD-10,1350,44,196,1999,2000,"15-19, 25-29, 30-34, 35-39, 40-44"
ICD-10,5920,32,194,1999,2000,"20-24, 25-29, 30-34, 45-49, 50-54"
ICD-10,3059,30,192,1999,2000,"15-19, 20-24, 25-29, 30-34, 35-39"
ICD-10,1589,40,192,1999,2000,"10-14, 20-24, 25-29, 30-34, 35-39"
ICD-10,8842,35,190,1999,2000,"01-04, 20-24, 25-29, 35-39, 40-44"
ICD-10,8199,60,190,1999,2000,"01-04, 05-09, 10-14, 15-19, 20-24"
ICD-10,5400,45,189,1999,2000,"01-04, 05-09, 10-14, 20-24, 25-29"
ICD-10,2391,33,188,1999,2000,"35-39, 40-44, 45-49, 50-54, 55-59"
ICD-10,384,43,188,1999,2000,"01-04, 05-09, 10-14, 15-19, 30-34"
ICD-10,4539,43,188,1999,2000,"10-14, 20-24, 25-29, 30-34, 35-39"
ICD-10,1940,62,188,1999,2000,"01-04, 05-09, 10-14, 15-19, 20-24"
ICD-10,5119,27,186,1999,2000,"05-09, 40-44, 45-49, 55-59, 60-64"
ICD-10,5996,28,186,1999,2000,"25-29, 40-44, 45-49, 50-54, 55-59"
ICD-10,5329,28,186,1999,2000,"50-54, 55-59, 60-64, 65-69, 70-74"
ICD-10,5780,31,185,1999,2000,"40-44, 45-49, 50-54, 55-59, 60-64"
ICD-10,9540,54,184,1999,2000,"15-19, 20-24, 25-29, 30-34, 35-39"
ICD-10,1529,41,182,1999,2000,"30-34, 35-39, 40-44, 45-49, 50-54"
ICD-10,5520,21,182,1999,2000,"60-64, 65-69, 70-74, 75-79, 80-84"
ICD-10,5710,37,180,1999,2000,"25-29, 30-34, 35-39, 40-44, 45-49"
ICD-10,5130,45,180,1999,2000,"05-09, 15-19, 25-29, 30-34, 35-39"
ICD-10,2733,29,179,1999,2000,"40-44, 45-49, 50-54, 55-59, 60-64"
ICD-10,3229,66,179,1999,2000,"01-04, 05-09, 10-14, 15-19, 20-24"
ICD-10,9108,56,179,1999,2000,"01-04, 05-09, 10-14, 15-19, 20-24"
ICD-10,1625,27,178,1999,2000,"50-54, 55-59, 60-64, 65-69, 70-74"
ICD-10,7454,64,177,1999,2000,"01-04, 05-09, 10-14, 15-19, 20-24"
ICD-10,7302,33,177,1999,2000,"30-34, 35-39, 40-44, 45-49, 50-54"
ICD-10,1469,36,176,1999,2000,"35-39, 40-44, 45-49, 50-54, 55-59"
ICD-10,4911,37,174,1999,2000,"10-14, 20-24, 40-44, 45-49, 50-54"
ICD-10,7100,48,172,1999,2000,"01-04, 10-14, 15-19, 20-24, 25-29"
ICD-10,1913,46,172,1999,2000,"20-24, 25-29, 30-34, 35-39, 40-44"
ICD-10,1953,31,172,1999,2000,"25-29, 35-39, 40-44, 45-49, 50-54"
ICD-10,8589,41,171,1999,2000,"15-19, 20-24, 25-29, 30-34, 35-39"
ICD-10,5771,45,170,1999,2000,"25-29, 30-34, 35-39, 40-44, 45-49"
ICD-10,3314,62,170,1999,2000,"01-04, 05-09, 10-14, 15-19, 20-24"
ICD-10,1840,20,169,1999,2000,"30-34, 35-39, 40-44, 45-49, 50-54"
ICD-10,1874,25,163,1999,2000,"20-24, 25-29, 30-34, 35-39, 40-44"
ICD-10,9660,47,162,1999,2000,"05-09, 10-14, 15-19, 20-24, 25-29"
ICD-10,8981,56,161,1999,2000,"01-04, 10-14, 15-19, 20-24, 25-29"
ICD-10,8789,42,161,1999,2000,"01-04, 10-14, 20-24, 25-29, 30-34"
ICD-10,5751,29,161,1999,2000,"40-44, 50-54, 55-59, 60-64, 65-69"
ICD-10,3568,25,161,1999,2000,"50-54, 55-59, 60-64, 65-69, 70-74"
ICD-10,7580,51,159,1999,2000,"01-04, 05-09, 10-14, 15-19, 20-24"
ICD-10,5714,38,159,1999,2000,"20-24, 25-29, 30-34, 35-39, 40-44"
ICD-10,4120,29,158,1999,2000,"40-44, 45-49, 50-54, 55-59, 60-64"
ICD-10,1580,41,158,1999,2000,"25-29, 30-34, 35-39, 40-44, 45-49"
ICD-10,7373,50,157,1999,2000,"01-04, 05-09, 10-14, 15-19, 20-24"
ICD-10,1481,34,156,1999,2000,"35-39, 40-44, 45-49, 50-54, 55-59"
ICD-10,7331,23,154,1999,2000,"30-34, 35-39, 60-64, 65-69, 70-74"
ICD-10,1892,31,152,1999,2000,"45-49, 50-54, 55-59, 60-64, 65-69"
ICD-10,5678,33,152,1999,2000,"25-29, 40-44, 45-49, 50-54, 55-59"
ICD-10,5640,37,150,1999,2000,"15-19, 25-29, 35-39, 40-44, 45-49"
ICD-10,5522,29,147,1999,2000,"40-44, 45-49, 50-54, 55-59, 60-64"
ICD-10,1505,35,147,1999,2000,"30-34, 35-39, 40-44, 45-49, 50-54"
ICD-10,5829,32,147,1999,2000,"25-29, 40-44, 45-49, 50-54, 55-59"
ICD-10,2866,57,146,1999,2000,"01-04, 05-09, 10-14, 15-19, 20-24"
ICD-10,5339,23,146,1999,2000,"45-49, 50-54, 55-59, 60-64, 65-69"
ICD-10,4599,27,146,1999,2000,"25-29, 45-49, 55-59, 60-64, 65-69"
ICD-10,5319,30,145,1999,2000,"35-39, 40-44, 50-54, 55-59, 60-64"
ICD-10,5839,40,145,1999,2000,"05-09, 25-29, 35-39, 40-44, 45-49"
ICD-10,8161,49,145,1999,2000,"01-04, 05-09, 10-14, 15-19, 20-24"
ICD-10,2720,33,143,1999,2000,"25-29, 40-44, 45-49, 50-54, 55-59"
ICD-10,8152,18,142,1999,2000,"15-19, 20-24, 25-29, 30-34, 35-39"
ICD-10,9560,44,142,1999,2000,"20-24, 25-29, 30-34, 35-39, 40-44"
ICD-10,1869,29,141,1999,2000,"05-09, 15-19, 20-24, 25-29, 30-34"
ICD-10,4464,42,141,1999,2000,"10-14, 15-19, 20-24, 25-29, 30-34"
ICD-10,1732,30,141,1999,2000,"30-34, 45-49, 50-54, 55-59, 60-64"
ICD-10,5739,49,140,1999,2000,"01-04, 10-14, 15-19, 20-24, 25-29"
ICD-10,9505,52,138,1999,2000,"15-19, 20-24, 25-29, 30-34, 35-39"
ICD-10,1449,38,138,1999,2000,"30-34, 35-39, 40-44, 45-49, 50-54"
ICD-10,2398,42,136,1999,2000,"01-04, 10-14, 15-19, 25-29, 30-34"
ICD-10,3592,42,135,1999,2000,"01-04, 10-14, 15-19, 20-24, 30-34"
ICD-10,1750,19,135,1999,2000,"30-34, 40-44, 45-49, 50-54, 55-59"
ICD-10,5354,37,134,1999,2000,"15-19, 30-34, 35-39, 40-44, 45-49"
ICD-10,5603,26,134,1999,2000,"40-44, 55-59, 60-64, 65-69, 70-74"
ICD-10,1734,33,134,1999,2000,"45-49, 50-54, 55-59, 60-64, 65-69"
ICD-10,9551,32,133,1999,2000,"15-19, 20-24, 25-29, 30-34, 35-39"
ICD-10,90,29,133,1999,2000,"05-09, 40-44, 45-49, 55-59, 60-64"
ICD-10,411,31,133,1999,2000,"15-19, 30-34, 40-44, 50-54, 55-59"
ICD-10,2395,37,132,1999,2000,"01-04, 05-09, 10-14, 20-24, 25-29"
ICD-10,1713,42,132,1999,2000,"05-09, 10-14, 20-24, 25-29, 30-34"
ICD-10,8785,26,131,1999,2000,"50-54, 55-59, 60-64, 65-69, 70-74"
ICD-10,8810,26,130,1999,2000,"20-24, 30-34, 40-44, 45-49, 50-54"
ICD-10,5529,27,130,1999,2000,"40-44, 45-49, 50-54, 55-59, 60-64"
ICD-10,7455,44,129,1999,2000,"01-04, 15-19, 20-24, 30-34, 35-39"
ICD-10,461,51,129,1999,2000,"10-14, 15-19, 20-24, 25-29, 30-34"
ICD-10,1912,40,128,1999,2000,"20-24, 25-29, 30-34, 35-39, 40-44"
ICD-10,380,48,128,1999,2000,"01-04, 05-09, 20-24, 25-29, 30-34"
ICD-10,4402,23,127,1999,2000,"55-59, 60-64, 65-69, 70-74, 75-79"
ICD-10,8190,45,127,1999,2000,"15-19, 20-24, 25-29, 30-34, 35-39"
ICD-10,1611,36,126,1999,2000,"30-34, 40-44, 45-49, 50-54, 55-59"
ICD-10,5304,36,125,1999,2000,"25-29, 30-34, 35-39, 45-49, 50-54"
ICD-10,4251,53,124,1999,2000,"01-04, 05-09, 10-14, 15-19, 20-24"
ICD-10,2429,34,124,1999,2000,"20-24, 30-34, 35-39, 40-44, 45-49"
ICD-10,4590,38,124,1999,2000,"20-24, 25-29, 30-34, 35-39, 40-44"
ICD-10,9531,45,123,1999,2000,"15-19, 20-24, 25-29, 30-34, 35-39"
ICD-10,1918,42,123,1999,2000,"10-14, 30-34, 35-39, 40-44, 45-49"
ICD-10,4809,55,122,1999,2000,"01-04, 05-09, 10-14, 15-19, 20-24"
ICD-10,5010,22,122,1999,2000,"50-54, 55-59, 60-64, 65-69, 70-74"
ICD-10,4239,43,122,1999,2000,"20-24, 25-29, 30-34, 35-39, 40-44"
ICD-10,2384,30,122,1999,2000,"30-34, 35-39, 40-44, 50-54, 55-59"
ICD-10,4449,24,121,1999,2000,"50-54, 55-59, 60-64, 65-69, 70-74"
ICD-10,4472,33,120,1999,2000,"20-24, 40-44, 45-49, 50-54, 55-59"
ICD-10,703,40,118,1999,2000,"20-24, 25-29, 30-34, 35-39, 40-44"
ICD-10,4260,20,117,1999,2000,"60-64, 65-69, 70-74, 75-79, 80-84"
ICD-10,7169,24,117,1999,2000,"35-39, 50-54, 55-59, 60-64, 65-69"
ICD-10,7464,44,116,1999,2000,"01-04, 15-19, 20-24, 25-29, 30-34"
ICD-10,5326,28,115,1999,2000,"40-44, 50-54, 55-59, 60-64, 65-69"
ICD-10,4209,35,115,1999,2000,"15-19, 25-29, 30-34, 40-44, 45-49"
ICD-10,4824,36,114,1999,2000,"20-24, 30-34, 35-39, 40-44, 45-49"
ICD-10,2394,19,114,1999,2000,"40-44, 60-64, 65-69, 70-74, 75-79"
ICD-10,4229,53,113,1999,2000,"01-04, 05-09, 15-19, 20-24, 25-29"
ICD-10,5900,32,112,1999,2000,"30-34, 35-39, 40-44, 45-49, 50-54"
ICD-10,7211,23,112,1999,2000,"55-59, 60-64, 65-69, 70-74, 75-79"
ICD-10,1370,25,110,1999,2000,"45-49, 50-54, 55-59, 60-64, 65-69"
ICD-10,7478,51,109,1999,2000,"01-04, 05-09, 10-14, 25-29, 30-34"
ICD-10,2880,44,109,1999,2000,"01-04, 25-29, 30-34, 35-39, 40-44"
ICD-10,3979,27,109,1999,2000,"50-54, 55-59, 60-64, 65-69, 70-74"
ICD-10,2776,44,108,1999,2000,"01-04, 05-09, 15-19, 20-24, 35-39"
ICD-10,7153,23,107,1999,2000,"55-59, 60-64, 65-69, 70-74, 75-79"
ICD-10,3239,47,107,1999,2000,"01-04, 05-09, 15-19, 20-24, 25-29"
ICD-10,7294,41,107,1999,2000,"05-09, 20-24, 25-29, 30-34, 35-39"
ICD-10,5938,30,107,1999,2000,"25-29, 45-49, 50-54, 55-59, 60-64"
ICD-10,116,33,106,1999,2000,"20-24, 35-39, 40-44, 45-49, 50-54"
ICD-10,4299,44,106,1999,2000,"01-04, 05-09, 10-14, 15-19, 20-24"
ICD-10,2059,38,105,1999,2000,"01-04, 10-14, 15-19, 20-24, 25-29"
ICD-10,4141,30,105,1999,2000,"25-29, 35-39, 40-44, 45-49, 50-54"
ICD-10,3047,24,105,1999,2000,"15-19, 20-24, 25-29, 30-34, 35-39"
ICD-10,2020,39,104,1999,2000,"25-29, 30-34, 35-39, 40-44, 45-49"
ICD-10,5762,28,104,1999,2000,"45-49, 50-54, 55-59, 60-64, 65-69"
ICD-10,5185,47,103,1999,2000,"01-04, 10-14, 15-19, 20-24, 25-29"
ICD-10,8151,39,102,1999,2000,"01-04, 05-09, 10-14, 15-19, 20-24"
ICD-10,2949,21,102,1999,2000,"55-59, 60-64, 65-69, 70-74, 75-79"
ICD-10,2397,46,102,1999,2000,"01-04, 05-09, 20-24, 30-34, 35-39"
ICD-10,1562,28,102,1999,2000,"45-49, 50-54, 55-59, 60-64, 65-69"
ICD-10,4823,41,101,1999,2000,"01-04, 20-24, 25-29, 30-34, 35-39"
ICD-10,7598,47,100,1999,2000,"01-04, 05-09, 10-14, 15-19, 20-24"
ICD-10,9805,39,100,1999,2000,"15-19, 20-24, 25-29, 30-34, 35-39"
ICD-10,3201,47,100,1999,2000,"01-04, 05-09, 10-14, 25-29, 30-34"
ICD-10,5768,23,99,1999,2000,"25-29, 50-54, 55-59, 60-64, 65-69"
ICD-10,9539,45,99,1999,2000,"15-19, 20-24, 25-29, 30-34, 35-39"
ICD-10,8540,40,98,1999,2000,"01-04, 15-19, 20-24, 25-29, 30-34"
ICD-10,9881,45,98,1999,2000,"05-09, 15-19, 20-24, 25-29, 30-34"
ICD-10,8162,23,98,1999,2000,"10-14, 15-19, 20-24, 25-29, 30-34"
ICD-10,5720,34,98,1999,2000,"30-34, 40-44, 45-49, 50-54, 55-59"
ICD-10,2049,31,98,1999,2000,"30-34, 40-44, 45-49, 50-54, 55-59"
ICD-10,5355,29,97,1999,2000,"35-39, 40-44, 45-49, 50-54, 55-59"
ICD-10,5910,26,97,1999,2000,"30-34, 40-44, 45-49, 50-54, 55-59"
ICD-10,1173,42,96,1999,2000,"01-04, 05-09, 20-24, 25-29, 30-34"
ICD-10,4278,26,96,1999,2000,"01-04, 05-09, 25-29, 30-34, 40-44"
ICD-10,1909,35,96,1999,2000,"35-39, 40-44, 45-49, 50-54, 55-59"
ICD-10,2848,30,96,1999,2000,"30-34, 35-39, 45-49, 50-54, 55-59"
ICD-10,9120,42,96,1999,2000,"01-04, 05-09, 20-24, 25-29, 35-39"
ICD-10,429,32,96,1999,2000,"25-29, 30-34, 35-39, 40-44, 45-49"
ICD-10,1917,45,96,1999,2000,"01-04, 05-09, 10-14, 15-19, 20-24"
ICD-10,5740,25,95,1999,2000,"45-49, 50-54, 55-59, 60-64, 65-69"
ICD-10,9109,51,94,1999,2000,"01-04, 05-09, 10-14, 15-19, 20-24"
ICD-10,5700,48,94,1999,2000,"01-04, 10-14, 15-19, 20-24, 25-29"
ICD-10,7288,29,93,1999,2000,"30-34, 35-39, 40-44, 45-49, 50-54"
ICD-10,3049,26,93,1999,2000,"15-19, 20-24, 25-29, 30-34, 35-39"
ICD-10,1532,33,91,1999,2000,"30-34, 35-39, 40-44, 45-49, 50-54"
ICD-10,5745,25,91,1999,2000,"40-44, 45-49, 55-59, 60-64, 65-69"
ICD-10,6869,22,91,1999,2000,"50-54, 55-59, 60-64, 65-69, 70-74"
ICD-10,9160,38,90,1999,2000,"01-04, 05-09, 10-14, 20-24, 25-29"
ICD-10,4341,21,90,1999,2000,"30-34, 45-49, 60-64, 65-69, 70-74"
ICD-10,8505,45,89,1999,2000,"10-14, 15-19, 20-24, 25-29, 30-34"
ICD-10,3483,44,88,1999,2000,"01-04, 05-09, 15-19, 20-24, 30-34"
ICD-10,9290,41,88,1999,2000,"10-14, 15-19, 20-24, 25-29, 30-34"
ICD-10,4373,39,88,1999,2000,"15-19, 25-29, 35-39, 40-44, 45-49"
ICD-10,1949,36,88,1999,2000,"20-24, 30-34, 35-39, 40-44, 45-49"
ICD-10,4830,37,86,1999,2000,"01-04, 20-24, 25-29, 30-34, 35-39"
ICD-10,5819,32,85,1999,2000,"01-04, 20-24, 40-44, 50-54, 55-59"
ICD-10,3970,28,85,1999,2000,"25-29, 30-34, 40-44, 50-54, 60-64"
ICD-10,7468,50,84,1999,2000,"01-04, 10-14, 15-19, 20-24, 25-29"
ICD-10,9581,35,84,1999,2000,"20-24, 25-29, 30-34, 35-39, 40-44"
ICD-10,7310,12,84,1999,2000,"70-74, 75-79, 80-84, 85+"
ICD-10,5759,33,84,1999,2000,"35-39, 40-44, 45-49, 50-54, 55-59"
ICD-10,1916,40,84,1999,2000,"01-04, 05-09, 10-14, 15-19, 20-24"
ICD-10,9538,42,84,1999,2000,"15-19, 20-24, 25-29, 30-34, 35-39"
ICD-10,3481,49,83,1999,2000,"01-04, 05-09, 15-19, 20-24, 25-29"
ICD-10,1431,32,82,1999,2000,"40-44, 45-49, 50-54, 55-59, 60-64"
ICD-10,1958,24,82,1999,2000,"35-39, 50-54, 55-59, 60-64, 65-69"
ICD-10,8192,21,81,1999,2000,"15-19, 20-24, 25-29, 30-34, 35-39"
ICD-10,1733,19,81,1999,2000,"45-49, 50-54, 55-59, 60-64, 65-69"
ICD-10,7981,34,81,1999,2000,"01-04, 10-14, 15-19, 20-24, 25-29"
ICD-10,5754,23,81,1999,2000,"50-54, 55-59, 60-64, 65-69, 70-74"
ICD-10,1430,32,81,1999,2000,"45-49, 50-54, 55-59, 60-64, 65-69"
ICD-10,5307,37,80,1999,2000,"30-34, 35-39, 40-44, 45-49, 50-54"
ICD-10,4428,42,80,1999,2000,"25-29, 30-34, 35-39, 40-44, 45-49"
ICD-10,9554,29,79,1999,2000,"15-19, 20-24, 25-29, 30-34, 35-39"
ICD-10,4661,33,78,1999,2000,"01-04, 20-24, 25-29, 30-34, 35-39"
ICD-10,3209,42,78,1999,2000,"01-04, 05-09, 10-14, 15-19, 25-29"
ICD-10,2873,30,78,1999,2000,"05-09, 15-19, 25-29, 30-34, 35-39"
ICD-10,3440,42,78,1999,2000,"05-09, 10-14, 15-19, 20-24, 25-29"
ICD-10,420,26,77,1999,2000,"20-24, 25-29, 30-34, 35-39, 40-44"
ICD-10,9880,31,77,1999,2000,"15-19, 20-24, 25-29, 30-34, 35-39"
ICD-10,1602,34,77,1999,2000,"35-39, 40-44, 45-49, 50-54, 55-59"
ICD-10,3570,32,76,1999,2000,"20-24, 35-39, 40-44, 45-49, 50-54"
ICD-10,7991,27,76,1999,2000,"20-24, 25-29, 40-44, 50-54, 55-59"
ICD-10,1727,31,75,1999,2000,"25-29, 40-44, 45-49, 50-54, 55-59"
ICD-10,5521,27,75,1999,2000,"40-44, 45-49, 50-54, 55-59, 60-64"
ICD-10,1620,30,75,1999,2000,"20-24, 35-39, 40-44, 50-54, 55-59"
ICD-10,2639,29,75,1999,2000,"20-24, 30-34, 35-39, 40-44, 45-49"
ICD-10,6945,16,75,1999,2000,"65-69, 70-74, 75-79, 80-84, 85+"
ICD-10,2001,38,75,1999,2000,"05-09, 10-14, 15-19, 20-24, 25-29"
ICD-10,5310,28,74,1999,2000,"35-39, 45-49, 50-54, 55-59, 60-64"
ICD-10,2389,35,74,1999,2000,"10-14, 25-29, 30-34, 35-39, 45-49"
ICD-10,1489,34,74,1999,2000,"30-34, 35-39, 40-44, 45-49, 50-54"
ICD-10,4441,32,73,1999,2000,"40-44, 45-49, 50-54, 55-59, 60-64"
ICD-10,1737,20,73,1999,2000,"35-39, 50-54, 55-59, 65-69, 70-74"
ICD-10,8502,40,73,1999,2000,"15-19, 20-24, 25-29, 30-34, 35-39"
ICD-10,5120,25,72,1999,2000,"15-19, 30-34, 35-39, 40-44, 45-49"
ICD-10,8849,38,72,1999,2000,"05-09, 10-14, 15-19, 20-24, 25-29"
ICD-10,1363,39,72,1999,2000,"01-04, 15-19, 25-29, 30-34, 35-39"
ICD-10,8903,45,72,1999,2000,"01-04, 05-09, 10-14, 15-19, 25-29"
ICD-10,2875,26,72,1999,2000,"35-39, 45-49, 50-54, 55-59, 60-64"
ICD-10,7150,12,72,1999,2000,"70-74, 75-79, 80-84, 85+"
ICD-10,3046,20,72,1999,2000,"10-14, 15-19, 20-24, 25-29, 30-34"
ICD-10,4460,33,72,1999,2000,"25-29, 35-39, 40-44, 45-49, 50-54"
ICD-10,7993,13,71,1999,2000,"20-24, 45-49, 65-69, 70-74, 75-79"
ICD-10,8940,42,70,1999,2000,"01-04, 05-09, 15-19, 20-24, 25-29"
ICD-10,1649,36,69,1999,2000,"20-24, 25-29, 30-34, 35-39, 40-44"
ICD-10,150,27,69,1999,2000,"25-29, 50-54, 55-59, 60-64, 65-69"
ICD-10,539,13,68,1999,2000,"45-49, 55-59, 60-64, 70-74, 75-79"
ICD-10,9240,27,68,1999,2000,"01-04, 05-09, 40-44, 45-49, 50-54"
ICD-10,3580,24,68,1999,2000,"25-29, 35-39, 55-59, 60-64, 65-69"
ICD-10,2800,13,68,1999,2000,"70-74, 75-79, 80-84, 85+"
ICD-10,3498,37,67,1999,2000,"01-04, 05-09, 10-14, 15-19, 20-24"
ICD-10,9571,33,67,1999,2000,"15-19, 20-24, 25-29, 30-34, 35-39"
ICD-10,799,37,66,1999,2000,"01-04, 05-09, 15-19, 20-24, 25-29"
ICD-10,8788,26,65,1999,2000,"25-29, 30-34, 40-44, 45-49, 55-59"
ICD-10,9630,38,65,1999,2000,"01-04, 05-09, 10-14, 15-19, 20-24"
ICD-10,3369,25,64,1999,2000,"35-39, 50-54, 55-59, 60-64, 65-69"
ICD-10,5961,21,64,1999,2000,"50-54, 55-59, 60-64, 65-69, 70-74"
ICD-10,4269,19,64,1999,2000,"25-29, 30-34, 40-44, 45-49, 50-54"
ICD-10,8990,38,64,1999,2000,"01-04, 20-24, 25-29, 30-34, 35-39"
ICD-10,4560,35,63,1999,2000,"30-34, 40-44, 45-49, 50-54, 55-59"
ICD-10,5724,36,63,1999,2000,"20-24, 30-34, 35-39, 40-44, 45-49"
ICD-10,5959,22,63,1999,2000,"25-29, 35-39, 45-49, 55-59, 60-64"
ICD-10,382,41,63,1999,2000,"01-04, 15-19, 25-29, 30-34, 35-39"
ICD-10,1480,24,63,1999,2000,"25-29, 35-39, 50-54, 55-59, 60-64"
ICD-10,5934,27,62,1999,2000,"30-34, 35-39, 40-44, 50-54, 55-59"
ICD-10,2724,28,62,1999,2000,"35-39, 40-44, 45-49, 50-54, 55-59"
ICD-10,8052,27,61,1999,2000,"10-14, 15-19, 20-24, 25-29, 30-34"
ICD-10,9104,40,61,1999,2000,"01-04, 05-09, 15-19, 20-24, 25-29"
ICD-10,1542,30,61,1999,2000,"40-44, 45-49, 50-54, 55-59, 60-64"
ICD-10,2738,19,60,1999,2000,"45-49, 50-54, 55-59, 60-64, 65-69"
ICD-10,5308,33,60,1999,2000,"01-04, 30-34, 35-39, 40-44, 45-49"
ICD-10,189,34,60,1999,2000,"01-04, 20-24, 25-29, 30-34, 35-39"
ICD-10,9139,30,60,1999,2000,"01-04, 10-14, 20-24, 25-29, 30-34"
ICD-10,5741,16,60,1999,2000,"55-59, 60-64, 70-74, 75-79, 80-84"
ICD-10,8782,26,60,1999,2000,"10-14, 25-29, 40-44, 45-49, 50-54"
ICD-10,9102,29,60,1999,2000,"05-09, 10-14, 15-19, 20-24, 25-29"
ICD-10,7452,34,59,1999,2000,"01-04, 10-14, 15-19, 20-24, 25-29"
ICD-10,788,25,59,1999,2000,"25-29, 35-39, 40-44, 45-49, 50-54"
ICD-10,5168,36,59,1999,2000,"01-04, 05-09, 10-14, 15-19, 20-24"
ICD-10,5722,32,59,1999,2000,"30-34, 35-39, 40-44, 45-49, 50-54"
ICD-10,1707,37,57,1999,2000,"05-09, 10-14, 15-19, 20-24, 25-29"
ICD-10,2554,32,57,1999,2000,"15-19, 20-24, 25-29, 35-39, 40-44"
ICD-10,5694,22,57,1999,2000,"55-59, 60-64, 65-69, 70-74, 75-79"
ICD-10,5379,20,57,1999,2000,"05-09, 50-54, 60-64, 65-69, 70-74"
ICD-10,5523,16,56,1999,2000,"50-54, 55-59, 65-69, 70-74, 75-79"
ICD-10,2830,27,56,1999,2000,"25-29, 35-39, 40-44, 45-49, 55-59"
ICD-10,5316,27,56,1999,2000,"25-29, 45-49, 50-54, 55-59, 60-64"
ICD-10,1716,31,56,1999,2000,"05-09, 20-24, 25-29, 30-34, 45-49"
ICD-10,3448,25,56,1999,2000,"30-34, 40-44, 50-54, 55-59, 60-64"
ICD-10,1537,28,55,1999,2000,"30-34, 35-39, 50-54, 55-59, 60-64"
ICD-10,3351,22,55,1999,2000,"01-04, 05-09, 10-14, 15-19, 25-29"
ICD-10,1535,30,55,1999,2000,"30-34, 40-44, 45-49, 50-54, 55-59"
ICD-10,6823,22,55,1999,2000,"35-39, 40-44, 55-59, 60-64, 65-69"
ICD-10,3441,26,55,1999,2000,"25-29, 35-39, 40-44, 45-49, 50-54"
ICD-10,2352,23,54,1999,2000,"45-49, 50-54, 55-59, 60-64, 65-69"
ICD-10,2750,30,54,1999,2000,"05-09, 25-29, 30-34, 35-39, 40-44"
ICD-10,5902,23,54,1999,2000,"30-34, 35-39, 50-54, 55-59, 65-69"
ICD-10,3451,33,54,1999,2000,"01-04, 10-14, 15-19, 20-24, 25-29"
ICD-10,1569,25,54,1999,2000,"25-29, 40-44, 45-49, 55-59, 60-64"
ICD-10,4401,24,54,1999,2000,"50-54, 55-59, 60-64, 65-69, 70-74"
ICD-10,5845,23,54,1999,2000,"35-39, 45-49, 50-54, 55-59, 60-64"
ICD-10,9820,22,53,1999,2000,"20-24, 25-29, 30-34, 35-39, 40-44"
ICD-10,4930,17,53,1999,2000,"01-04, 05-09, 10-14, 15-19, 75-79"
ICD-10,2002,32,53,1999,2000,"15-19, 20-24, 25-29, 30-34, 35-39"
ICD-10,7998,12,53,1999,2000,"70-74, 75-79, 80-84, 85+"
ICD-10,1715,30,53,1999,2000,"01-04, 10-14, 15-19, 30-34, 35-39"
ICD-10,3240,31,52,1999,2000,"01-04, 15-19, 20-24, 30-34, 35-39"
ICD-10,7419,29,52,1999,2000,"05-09, 10-14, 15-19, 20-24, 25-29"
ICD-10,421,23,52,1999,2000,"01-04, 20-24, 25-29, 30-34, 35-39"
ICD-10,2959,25,52,1999,2000,"25-29, 35-39, 45-49, 50-54, 55-59"
ICD-10,5733,29,51,1999,2000,"25-29, 30-34, 35-39, 40-44, 45-49"
ICD-10,4330,25,51,1999,2000,"25-29, 40-44, 45-49, 50-54, 55-59"
ICD-10,4520,30,51,1999,2000,"25-29, 30-34, 35-39, 40-44, 45-49"
ICD-10,8798,29,50,1999,2000,"01-04, 10-14, 20-24, 25-29, 30-34"
ICD-10,360,33,50,1999,2000,"01-04, 10-14, 15-19, 20-24, 25-29"
ICD-10,1640,31,50,1999,2000,"30-34, 35-39, 40-44, 45-49, 50-54"
ICD-10,2895,33,49,1999,2000,"15-19, 25-29, 30-34, 35-39, 40-44"
ICD-10,449,22,49,1999,2000,"20-24, 25-29, 30-34, 35-39, 40-44"
ICD-10,7078,17,49,1999,2000,"50-54, 60-64, 65-69, 70-74, 75-79"
ICD-10,2520,17,49,1999,2000,"45-49, 60-64, 65-69, 70-74, 75-79"
ICD-10,9502,32,49,1999,2000,"20-24, 25-29, 30-34, 35-39, 40-44"
ICD-10,8980,30,49,1999,2000,"01-04, 05-09, 25-29, 35-39, 40-44"
ICD-10,9018,21,49,1999,2000,"35-39, 50-54, 55-59, 60-64, 65-69"
ICD-10,9010,31,48,1999,2000,"05-09, 15-19, 20-24, 35-39, 40-44"
ICD-10,5378,24,48,1999,2000,"10-14, 20-24, 30-34, 55-59, 60-64"
ICD-10,5370,16,48,1999,2000,"40-44, 70-74, 75-79, 80-84, 85+"
ICD-10,7707,5,48,1999,2000,"01-04, <1"
ICD-10,9570,34,48,1999,2000,"15-19, 20-24, 25-29, 30-34, 35-39"
ICD-10,422,26,48,1999,2000,"20-24, 25-29, 30-34, 35-39, 40-44"
ICD-10,3330,27,48,1999,2000,"05-09, 10-14, 40-44, 45-49, 55-59"
ICD-10,8415,22,47,1999,2000,"15-19, 20-24, 25-29, 30-34, 35-39"
ICD-10,7473,28,47,1999,2000,"01-04, 05-09, 10-14, 15-19, 20-24"
ICD-10,7502,10,47,1999,2000,"50-54, 75-79, 80-84, 85+"
ICD-10,1421,28,47,1999,2000,"35-39, 45-49, 50-54, 55-59, 60-64"
ICD-10,2810,11,47,1999,2000,"65-69, 70-74, 75-79, 80-84, 85+"
ICD-10,4274,31,47,1999,2000,"01-04, 15-19, 25-29, 40-44, 45-49"
ICD-10,2008,24,46,1999,2000,"35-39, 40-44, 45-49, 55-59, 60-64"
ICD-10,4466,33,46,1999,2000,"20-24, 25-29, 30-34, 35-39, 40-44"
ICD-10,2956,17,46,1999,2000,"40-44, 45-49, 65-69, 70-74, 75-79"
ICD-10,1455,22,46,1999,2000,"50-54, 55-59, 60-64, 65-69, 70-74"
ICD-10,5509,17,46,1999,2000,"45-49, 55-59, 60-64, 65-69, 70-74"
ICD-10,5693,13,46,1999,2000,"50-54, 65-69, 70-74, 75-79, 80-84"
ICD-10,8704,23,46,1999,2000,"35-39, 40-44, 45-49, 50-54, 60-64"
ICD-10,1832,14,46,1999,2000,"40-44, 50-54, 55-59, 60-64, 65-69"
ICD-10,2031,28,46,1999,2000,"30-34, 35-39, 40-44, 45-49, 50-54"
ICD-10,3190,27,46,1999,2000,"15-19, 20-24, 25-29, 30-34, 35-39"
ICD-10,4540,18,45,1999,2000,"55-59, 65-69, 70-74, 75-79, 80-84"
ICD-10,2021,26,45,1999,2000,"30-34, 40-44, 45-49, 55-59, 60-64"
ICD-10,4549,29,45,1999,2000,"35-39, 40-44, 45-49, 50-54, 55-59"
ICD-10,7079,14,45,1999,2000,"55-59, 70-74, 75-79, 80-84, 85+"
ICD-10,9870,29,45,1999,2000,"15-19, 20-24, 25-29, 30-34, 35-39"
ICD-10,9299,21,45,1999,2000,"25-29, 30-34, 35-39, 45-49, 50-54"
ICD-10,5601,23,45,1999,2000,"20-24, 25-29, 35-39, 50-54, 55-59"
ICD-10,5305,13,44,1999,2000,"01-04, 65-69, 75-79, 80-84, 85+"
ICD-10,1410,24,44,1999,2000,"40-44, 45-49, 50-54, 55-59, 60-64"
ICD-10,4659,19,44,1999,2000,"30-34, 40-44, 50-54, 60-64, 65-69"
ICD-10,4918,31,44,1999,2000,"01-04, 05-09, 15-19, 25-29, 30-34"
ICD-10,2024,20,44,1999,2000,"50-54, 55-59, 60-64, 65-69, 70-74"
ICD-10,3071,27,44,1999,2000,"15-19, 20-24, 25-29, 30-34, 35-39"
ICD-10,9654,19,43,1999,2000,"15-19, 20-24, 25-29, 30-34, 35-39"
ICD-10,1723,24,43,1999,2000,"35-39, 40-44, 45-49, 50-54, 55-59"
ICD-10,2850,16,43,1999,2000,"10-14, 65-69, 70-74, 75-79, 80-84"
ICD-10,499,26,43,1999,2000,"01-04, 15-19, 25-29, 30-34, 35-39"
ICD-10,4429,23,43,1999,2000,"45-49, 50-54, 55-59, 60-64, 65-69"
ICD-10,1706,31,43,1999,2000,"01-04, 15-19, 30-34, 35-39, 40-44"
ICD-10,1600,28,43,1999,2000,"30-34, 35-39, 40-44, 45-49, 50-54"
ICD-10,4230,24,43,1999,2000,"25-29, 30-34, 35-39, 40-44, 50-54"
ICD-10,4448,21,42,1999,2000,"30-34, 45-49, 50-54, 60-64, 65-69"
ICD-10,3569,20,42,1999,2000,"25-29, 35-39, 45-49, 55-59, 60-64"
ICD-10,4589,19,42,1999,2000,"30-34, 45-49, 50-54, 55-59, 60-64"
ICD-10,6088,17,42,1999,2000,"30-34, 40-44, 45-49, 50-54, 55-59"
ICD-10,5050,11,42,1999,2000,"65-69, 70-74, 75-79, 80-84, 85+"
ICD-10,5300,19,42,1999,2000,"40-44, 55-59, 60-64, 65-69, 70-74"
ICD-10,1572,29,42,1999,2000,"45-49, 50-54, 55-59, 60-64, 65-69"
ICD-10,3300,17,42,1999,2000,"01-04, 05-09, 10-14, 15-19, 20-24"
ICD-10,1603,22,42,1999,2000,"30-34, 35-39, 40-44, 45-49, 50-54"
ICD-10,1380,23,42,1999,2000,"40-44, 45-49, 50-54, 55-59, 60-64"
ICD-10,1891,25,42,1999,2000,"45-49, 50-54, 55-59, 60-64, 65-69"
ICD-10,1951,24,41,1999,2000,"10-14, 25-29, 45-49, 50-54, 55-59"
ICD-10,3301,23,41,1999,2000,"01-04, 05-09, 10-14, 15-19, 20-24"
ICD-10,5539,18,41,1999,2000,"20-24, 40-44, 45-49, 50-54, 55-59"
ICD-10,7371,14,41,1999,2000,"35-39, 45-49, 60-64, 65-69, 70-74"
ICD-10,4465,16,41,1999,2000,"55-59, 65-69, 70-74, 75-79, 80-84"
ICD-10,9860,25,40,1999,2000,"15-19, 20-24, 25-29, 30-34, 35-39"
ICD-10,1571,23,40,1999,2000,"35-39, 45-49, 50-54, 55-59, 60-64"
ICD-10,9293,25,40,1999,2000,"25-29, 30-34, 40-44, 50-54, 55-59"
ICD-10,5620,13,40,1999,2000,"60-64, 65-69, 70-74, 75-79, 80-84"
ICD-10,9250,28,40,1999,2000,"01-04, 10-14, 15-19, 25-29, 30-34"
ICD-10,2505,24,40,1999,2000,"25-29, 30-34, 35-39, 55-59, 60-64"
ICD-10,1439,26,39,1999,2000,"01-04, 15-19, 20-24, 25-29, 30-34"
ICD-10,2869,31,39,1999,2000,"15-19, 25-29, 30-34, 35-39, 40-44"
ICD-10,4400,21,39,1999,2000,"45-49, 50-54, 55-59, 60-64, 65-69"
ICD-10,5350,21,39,1999,2000,"30-34, 45-49, 50-54, 55-59, 60-64"
ICD-10,5401,21,39,1999,2000,"01-04, 40-44, 45-49, 50-54, 55-59"
ICD-10,2762,31,39,1999,2000,"01-04, 05-09, 10-14, 15-19, 30-34"
ICD-10,3488,28,39,1999,2000,"10-14, 15-19, 25-29, 35-39, 40-44"
ICD-10,1922,26,39,1999,2000,"01-04, 30-34, 35-39, 40-44, 45-49"
ICD-10,520,33,39,1999,2000,"01-04, 05-09, 10-14, 15-19, 20-24"
ICD-10,2754,20,39,1999,2000,"35-39, 45-49, 50-54, 55-59, 65-69"
ICD-10,1921,29,39,1999,2000,"01-04, 05-09, 15-19, 35-39, 40-44"
ICD-10,1453,21,39,1999,2000,"35-39, 40-44, 45-49, 50-54, 55-59"
ICD-10,8227,24,39,1999,2000,"01-04, 05-09, 10-14, 15-19, 20-24"
ICD-10,1125,26,38,1999,2000,"01-04, 10-14, 45-49, 50-54, 55-59"
ICD-10,3311,20,38,1999,2000,"45-49, 50-54, 55-59, 60-64, 65-69"
ICD-10,1512,18,38,1999,2000,"60-64, 65-69, 70-74, 75-79, 80-84"
ICD-10,4821,28,38,1999,2000,"01-04, 05-09, 10-14, 15-19, 25-29"
ICD-10,8708,22,37,1999,2000,"30-34, 35-39, 40-44, 50-54, 55-59"
ICD-10,543,26,37,1999,2000,"01-04, 35-39, 40-44, 45-49, 50-54"
ICD-10,4021,23,37,1999,2000,"45-49, 50-54, 55-59, 60-64, 65-69"
ICD-10,419,20,37,1999,2000,"30-34, 45-49, 55-59, 60-64, 65-69"
ICD-10,2829,16,37,1999,2000,"40-44, 55-59, 60-64, 65-69, 70-74"
ICD-10,5110,17,37,1999,2000,"45-49, 60-64, 65-69, 70-74, 75-79"
ICD-10,4232,24,37,1999,2000,"30-34, 35-39, 40-44, 45-49, 50-54"
ICD-10,5512,20,37,1999,2000,"40-44, 50-54, 55-59, 60-64, 65-69"
ICD-10,1179,31,37,1999,2000,"01-04, 05-09, 15-19, 25-29, 45-49"
ICD-10,2251,23,37,1999,2000,"15-19, 25-29, 45-49, 50-54, 55-59"
ICD-10,1548,21,37,1999,2000,"40-44, 50-54, 55-59, 60-64, 65-69"
ICD-10,1530,19,37,1999,2000,"60-64, 65-69, 70-74, 75-79, 80-84"
ICD-10,1522,22,37,1999,2000,"45-49, 55-59, 60-64, 65-69, 70-74"
ICD-10,7339,22,36,1999,2000,"15-19, 20-24, 35-39, 40-44, 45-49"
ICD-10,5500,19,36,1999,2000,"55-59, 60-64, 65-69, 70-74, 75-79"
ICD-10,8261,26,36,1999,2000,"05-09, 10-14, 15-19, 20-24, 25-29"
ICD-10,4161,21,36,1999,2000,"15-19, 25-29, 35-39, 40-44, 55-59"
ICD-10,7423,25,36,1999,2000,"01-04, 05-09, 10-14, 15-19, 20-24"
ICD-10,1658,20,36,1999,2000,"30-34, 40-44, 45-49, 50-54, 55-59"
ICD-10,5530,13,36,1999,2000,"50-54, 65-69, 70-74, 75-79, 80-84"
ICD-10,5184,21,36,1999,2000,"20-24, 35-39, 45-49, 55-59, 60-64"
ICD-10,3361,20,36,1999,2000,"50-54, 55-59, 60-64, 65-69, 70-74"
ICD-10,8600,26,36,1999,2000,"20-24, 25-29, 30-34, 35-39, 40-44"
ICD-10,1409,19,36,1999,2000,"45-49, 50-54, 55-59, 60-64, 65-69"
ICD-10,3349,25,36,1999,2000,"40-44, 45-49, 50-54, 55-59, 60-64"
ICD-10,3360,21,35,1999,2000,"40-44, 50-54, 55-59, 60-64, 65-69"
ICD-10,7109,23,35,1999,2000,"15-19, 20-24, 35-39, 40-44, 45-49"
ICD-10,5660,23,35,1999,2000,"45-49, 50-54, 55-59, 60-64, 65-69"
ICD-10,9572,24,35,1999,2000,"15-19, 20-24, 25-29, 30-34, 35-39"
ICD-10,1893,24,35,1999,2000,"45-49, 50-54, 60-64, 65-69, 70-74"
ICD-10,9871,28,35,1999,2000,"15-19, 20-24, 25-29, 30-34, 35-39"
ICD-10,6144,16,35,1999,2000,"35-39, 45-49, 50-54, 55-59, 60-64"
ICD-10,5790,21,35,1999,2000,"40-44, 45-49, 55-59, 60-64, 65-69"
ICD-10,6202,15,35,1999,2000,"40-44, 45-49, 50-54, 55-59, 60-64"
ICD-10,5199,17,35,1999,2000,"20-24, 50-54, 60-64, 65-69, 70-74"
ICD-10,2826,24,35,1999,2000,"01-04, 05-09, 10-14, 15-19, 20-24"
ICD-10,7200,20,35,1999,2000,"25-29, 30-34, 40-44, 45-49, 50-54"
ICD-10,5519,18,34,1999,2000,"45-49, 60-64, 65-69, 70-74, 75-79"
ICD-10,8282,25,34,1999,2000,"10-14, 15-19, 20-24, 30-34, 35-39"
ICD-10,7104,19,34,1999,2000,"35-39, 50-54, 55-59, 60-64, 65-69"
ICD-10,2299,24,34,1999,2000,"01-04, 05-09, 10-14, 15-19, 20-24"
ICD-10,9192,19,34,1999,2000,"15-19, 20-24, 25-29, 30-34, 35-39"
ICD-10,3348,22,34,1999,2000,"15-19, 40-44, 50-54, 55-59, 60-64"
ICD-10,1735,20,34,1999,2000,"40-44, 45-49, 50-54, 55-59, 60-64"
ICD-10,1714,25,34,1999,2000,"25-29, 35-39, 45-49, 50-54, 55-59"
ICD-10,7250,13,33,1999,2000,"70-74, 75-79, 80-84, 85+"
ICD-10,5020,14,33,1999,2000,"50-54, 60-64, 65-69, 70-74, 75-79"
ICD-10,1702,27,33,1999,2000,"01-04, 10-14, 15-19, 30-34, 35-39"
ICD-10,2592,18,33,1999,2000,"30-34, 40-44, 50-54, 55-59, 60-64"
ICD-10,9821,22,33,1999,2000,"15-19, 20-24, 25-29, 30-34, 35-39"
ICD-10,785,26,33,1999,2000,"01-04, 05-09, 15-19, 20-24, 30-34"
ICD-10,6822,21,33,1999,2000,"40-44, 50-54, 55-59, 65-69, 70-74"
ICD-10,5180,19,33,1999,2000,"45-49, 50-54, 55-59, 60-64, 65-69"
ICD-10,2778,22,33,1999,2000,"01-04, 15-19, 25-29, 30-34, 40-44"
ICD-10,1429,20,33,1999,2000,"30-34, 35-39, 45-49, 50-54, 60-64"
ICD-10,6159,15,33,1999,2000,"30-34, 50-54, 55-59, 60-64, 65-69"
ICD-10,1914,23,33,1999,2000,"15-19, 45-49, 50-54, 55-59, 60-64"
ICD-10,2727,18,33,1999,2000,"01-04, 05-09, 10-14, 15-19, 25-29"
ICD-10,5723,26,32,1999,2000,"05-09, 20-24, 30-34, 35-39, 40-44"
ICD-10,8930,19,32,1999,2000,"15-19, 20-24, 40-44, 45-49, 50-54"
ICD-10,6951,22,32,1999,2000,"25-29, 35-39, 40-44, 45-49, 50-54"
ICD-10,7582,7,32,1999,2000,"01-04, 10-14, <1"
ICD-10,4421,17,32,1999,2000,"55-59, 60-64, 65-69, 70-74, 75-79"
ICD-10,4828,20,32,1999,2000,"10-14, 35-39, 40-44, 45-49, 50-54"
ICD-10,5838,20,32,1999,2000,"55-59, 60-64, 65-69, 70-74, 75-79"
ICD-10,3449,18,32,1999,2000,"55-59, 65-69, 70-74, 75-79, 80-84"
ICD-10,5870,18,32,1999,2000,"10-14, 15-19, 30-34, 35-39, 40-44"
ICD-10,5688,21,32,1999,2000,"30-34, 40-44, 45-49, 55-59, 60-64"
ICD-10,3340,23,31,1999,2000,"10-14, 15-19, 20-24, 25-29, 30-34"
ICD-10,7451,17,31,1999,2000,"01-04, 10-14, 15-19, 20-24, 25-29"
ICD-10,2386,23,31,1999,2000,"01-04, 30-34, 35-39, 40-44, 50-54"
ICD-10,5831,21,31,1999,2000,"40-44, 50-54, 55-59, 60-64, 65-69"
ICD-10,2794,20,31,1999,2000,"35-39, 40-44, 50-54, 55-59, 60-64"
ICD-10,1521,21,31,1999,2000,"35-39, 40-44, 50-54, 55-59, 60-64"
ICD-10,6084,15,30,1999,2000,"50-54, 55-59, 60-64, 65-69, 70-74"
ICD-10,3489,20,30,1999,2000,"01-04, 10-14, 30-34, 40-44, 55-59"
ICD-10,3559,18,30,1999,2000,"50-54, 60-64, 65-69, 70-74, 75-79"
ICD-10,8542,19,30,1999,2000,"15-19, 20-24, 25-29, 30-34, 35-39"
ICD-10,9179,21,30,1999,2000,"01-04, 15-19, 20-24, 25-29, 35-39"
ICD-10,7690,5,30,1999,2000,"01-04, <1"
ICD-10,310,21,30,1999,2000,"25-29, 30-34, 35-39, 40-44, 45-49"
ICD-10,7410,23,30,1999,2000,"10-14, 15-19, 20-24, 25-29, 30-34"
ICD-10,8552,13,30,1999,2000,"20-24, 25-29, 30-34, 35-39, 40-44"
ICD-10,1369,18,29,1999,2000,"25-29, 30-34, 50-54, 55-59, 65-69"
ICD-10,4423,15,29,1999,2000,"55-59, 60-64, 65-69, 70-74, 75-79"
ICD-10,92,13,29,1999,2000,"55-59, 65-69, 75-79, 80-84, 85+"
ICD-10,2060,16,29,1999,2000,"50-54, 55-59, 60-64, 65-69, 70-74"
ICD-10,5272,8,29,1999,2000,"45-49, 70-74, 75-79, 80-84, 85+"
ICD-10,1725,22,29,1999,2000,"45-49, 50-54, 55-59, 60-64, 65-69"
ICD-10,5778,18,29,1999,2000,"35-39, 45-49, 50-54, 55-59, 60-64"
ICD-10,9872,19,29,1999,2000,"10-14, 15-19, 20-24, 25-29, 30-34"
ICD-10,2761,15,29,1999,2000,"01-04, 30-34, 65-69, 70-74, 75-79"
ICD-10,9501,22,29,1999,2000,"20-24, 25-29, 30-34, 35-39, 40-44"
ICD-10,1450,17,29,1999,2000,"40-44, 45-49, 50-54, 60-64, 70-74"
ICD-10,2111,10,29,1999,2000,"40-44, 60-64, 65-69, 75-79, 80-84"
ICD-10,8123,17,29,1999,2000,"10-14, 15-19, 20-24, 25-29, 30-34"
ICD-10,7704,5,28,1999,2000,"01-04, <1"
ICD-10,5532,14,28,1999,2000,"60-64, 65-69, 70-74, 75-79, 80-84"
ICD-10,5410,22,28,1999,2000,"05-09, 15-19, 25-29, 35-39, 40-44"
ICD-10,6219,18,28,1999,2000,"30-34, 35-39, 40-44, 45-49, 50-54"
ICD-10,1906,19,28,1999,2000,"30-34, 35-39, 40-44, 50-54, 55-59"
ICD-10,4782,21,28,1999,2000,"05-09, 30-34, 35-39, 45-49, 50-54"
ICD-10,5647,18,28,1999,2000,"05-09, 20-24, 30-34, 55-59, 60-64"
ICD-10,2793,24,28,1999,2000,"01-04, 05-09, 10-14, 25-29, 30-34"
ICD-10,5191,18,28,1999,2000,"01-04, 10-14, 30-34, 40-44, 60-64"
ICD-10,9258,16,28,1999,2000,"05-09, 10-14, 15-19, 20-24, 25-29"
ICD-10,5691,10,28,1999,2000,"55-59, 70-74, 75-79, 80-84, 85+"
ICD-10,2377,21,28,1999,2000,"01-04, 20-24, 25-29, 30-34, 40-44"
ICD-10,8783,20,28,1999,2000,"01-04, 45-49, 55-59, 60-64, 65-69"
ICD-10,9584,19,28,1999,2000,"25-29, 30-34, 35-39, 40-44, 45-49"
ICD-10,2392,17,27,1999,2000,"15-19, 60-64, 65-69, 70-74, 75-79"
ICD-10,5909,14,27,1999,2000,"30-34, 55-59, 60-64, 70-74, 75-79"
ICD-10,9130,14,27,1999,2000,"01-04, 05-09, 10-14, 20-24, 35-39"
ICD-10,5950,16,27,1999,2000,"55-59, 60-64, 65-69, 70-74, 75-79"
ICD-10,9839,21,27,1999,2000,"01-04, 10-14, 15-19, 20-24, 25-29"
ICD-10,7148,20,27,1999,2000,"30-34, 40-44, 50-54, 55-59, 60-64"
ICD-10,1736,12,27,1999,2000,"70-74, 75-79, 80-84, 85+"
ICD-10,2732,11,27,1999,2000,"60-64, 65-69, 70-74, 75-79, 80-84"
ICD-10,2399,20,27,1999,2000,"01-04, 05-09, 30-34, 40-44, 50-54"
ICD-10,1609,17,27,1999,2000,"45-49, 50-54, 55-59, 60-64, 65-69"
ICD-10,88,10,27,1999,2000,"05-09, 65-69, 70-74, 75-79, 80-84"
ICD-10,1511,15,27,1999,2000,"55-59, 60-64, 65-69, 70-74, 75-79"
ICD-10,8683,19,27,1999,2000,"25-29, 35-39, 45-49, 50-54, 55-59"
ICD-10,1610,18,27,1999,2000,"40-44, 45-49, 50-54, 60-64, 65-69"
ICD-10,114,15,26,1999,2000,"60-64, 65-69, 70-74, 75-79, 80-84"
ICD-10,2768,15,26,1999,2000,"15-19, 45-49, 55-59, 60-64, 70-74"
ICD-10,8528,17,26,1999,2000,"30-34, 35-39, 40-44, 45-49, 50-54"
ICD-10,8786,18,26,1999,2000,"35-39, 40-44, 50-54, 60-64, 65-69"
ICD-10,8700,20,26,1999,2000,"45-49, 50-54, 55-59, 60-64, 65-69"
ICD-10,2899,20,26,1999,2000,"01-04, 15-19, 25-29, 30-34, 35-39"
ICD-10,7855,19,26,1999,2000,"10-14, 20-24, 35-39, 65-69, 70-74"
ICD-10,8601,17,26,1999,2000,"20-24, 30-34, 35-39, 40-44, 45-49"
ICD-10,410,20,26,1999,2000,"05-09, 35-39, 40-44, 60-64, 65-69"
ICD-10,8670,21,26,1999,2000,"01-04, 05-09, 10-14, 25-29, 30-34"
ICD-10,7516,21,26,1999,2000,"01-04, 05-09, 10-14, 20-24, 30-34"
ICD-10,3959,18,26,1999,2000,"35-39, 45-49, 50-54, 55-59, 60-64"
ICD-10,9802,17,26,1999,2000,"15-19, 25-29, 30-34, 35-39, 40-44"
ICD-10,9208,20,26,1999,2000,"20-24, 30-34, 45-49, 50-54, 60-64"
ICD-10,7219,10,26,1999,2000,"60-64, 75-79, 80-84, 85+"
ICD-10,2270,19,26,1999,2000,"25-29, 40-44, 45-49, 50-54, 55-59"
ICD-10,8689,20,25,1999,2000,"01-04, 20-24, 25-29, 30-34, 40-44"
ICD-10,8841,22,25,1999,2000,"15-19, 20-24, 25-29, 30-34, 35-39"
ICD-10,2078,22,25,1999,2000,"01-04, 05-09, 25-29, 35-39, 40-44"
ICD-10,5738,18,25,1999,2000,"30-34, 45-49, 50-54, 55-59, 60-64"
ICD-10,2081,14,25,1999,2000,"55-59, 60-64, 70-74, 75-79, 80-84"
ICD-10,7854,8,25,1999,2000,"70-74, 75-79, 80-84, 85+"
ICD-10,3599,20,25,1999,2000,"05-09, 15-19, 30-34, 50-54, 55-59"
ICD-10,2127,20,25,1999,2000,"20-24, 35-39, 50-54, 55-59, 60-64"
ICD-10,4572,16,25,1999,2000,"50-54, 60-64, 65-69, 70-74, 75-79"
ICD-10,7429,16,25,1999,2000,"01-04, 15-19, 20-24, 30-34, 35-39"
ICD-10,4271,15,25,1999,2000,"60-64, 65-69, 70-74, 75-79, 80-84"
ICD-10,9620,17,25,1999,2000,"01-04, 15-19, 20-24, 25-29, 30-34"
ICD-10,8508,21,25,1999,2000,"15-19, 20-24, 25-29, 30-34, 35-39"
ICD-10,2512,22,25,1999,2000,"01-04, 20-24, 25-29, 30-34, 35-39"
ICD-10,846,19,24,1999,2000,"10-14, 20-24, 30-34, 35-39, 40-44"
ICD-10,4378,15,24,1999,2000,"25-29, 55-59, 70-74, 75-79, 80-84"
ICD-10,7103,15,24,1999,2000,"45-49, 50-54, 55-59, 60-64, 65-69"
ICD-10,2775,14,24,1999,2000,"01-04, 05-09, 10-14, 15-19, 30-34"
ICD-10,9040,19,24,1999,2000,"40-44, 45-49, 55-59, 60-64, 65-69"
ICD-10,2860,16,24,1999,2000,"15-19, 35-39, 55-59, 60-64, 65-69"
ICD-10,7485,12,24,1999,2000,"01-04, 20-24, 25-29, 65-69, 70-74"
ICD-10,1712,12,24,1999,2000,"30-34, 50-54, 65-69, 70-74, 75-79"
ICD-10,1574,20,23,1999,2000,"35-39, 40-44, 45-49, 50-54, 55-59"
ICD-10,5772,15,23,1999,2000,"20-24, 40-44, 50-54, 55-59, 60-64"
ICD-10,1700,15,23,1999,2000,"30-34, 35-39, 40-44, 45-49, 55-59"
ICD-10,3202,18,23,1999,2000,"01-04, 30-34, 40-44, 55-59, 60-64"
ICD-10,7421,14,23,1999,2000,"01-04, 05-09, 10-14, 15-19, 20-24"
ICD-10,3308,11,23,1999,2000,"01-04, 05-09, 10-14, 25-29, <1"
ICD-10,2280,16,23,1999,2000,"05-09, 10-14, 15-19, 35-39, 50-54"
ICD-10,4829,20,23,1999,2000,"15-19, 25-29, 30-34, 35-39, 45-49"
ICD-10,2779,13,23,1999,2000,"01-04, 40-44, 45-49, 70-74, 75-79"
ICD-10,709,19,23,1999,2000,"01-04, 05-09, 20-24, 25-29, 30-34"
ICD-10,3950,18,23,1999,2000,"55-59, 65-69, 70-74, 75-79, 80-84"
ICD-10,463,17,23,1999,2000,"30-34, 35-39, 40-44, 45-49, 55-59"
ICD-10,2200,13,23,1999,2000,"30-34, 40-44, 50-54, 55-59, 60-64"
ICD-10,9232,18,23,1999,2000,"35-39, 40-44, 45-49, 50-54, 55-59"
ICD-10,6191,8,23,1999,2000,"60-64, 70-74, 75-79, 80-84, 85+"
ICD-10,2113,16,23,1999,2000,"30-34, 40-44, 60-64, 65-69, 70-74"
ICD-10,4571,16,23,1999,2000,"01-04, 45-49, 50-54, 60-64, 70-74"
ICD-10,1726,20,23,1999,2000,"45-49, 50-54, 55-59, 60-64, 65-69"
ICD-10,1849,11,23,1999,2000,"35-39, 40-44, 50-54, 60-64, 65-69"
ICD-10,1456,19,23,1999,2000,"40-44, 45-49, 50-54, 55-59, 60-64"
ICD-10,8705,19,23,1999,2000,"25-29, 35-39, 40-44, 45-49, 50-54"
ICD-10,9809,18,23,1999,2000,"20-24, 25-29, 30-34, 35-39, 50-54"
ICD-10,1503,14,22,1999,2000,"55-59, 60-64, 65-69, 70-74, 75-79"
ICD-10,4532,17,22,1999,2000,"35-39, 50-54, 55-59, 60-64, 65-69"
ICD-10,3250,13,22,1999,2000,"01-04, 20-24, 25-29, 30-34, 35-39"
ICD-10,3312,9,22,1999,2000,"70-74, 75-79, 80-84, 85+"
ICD-10,3588,16,22,1999,2000,"01-04, 05-09, 15-19, 30-34, 45-49"
ICD-10,7229,13,22,1999,2000,"50-54, 65-69, 70-74, 75-79, 80-84"
ICD-10,9680,18,22,1999,2000,"01-04, 05-09, 10-14, 25-29, 40-44"
ICD-10,2273,17,22,1999,2000,"45-49, 50-54, 55-59, 60-64, 65-69"
ICD-10,7476,18,22,1999,2000,"10-14, 20-24, 35-39, 45-49, 50-54"
ICD-10,30,13,22,1999,2000,"50-54, 55-59, 60-64, 70-74, 75-79"
ICD-10,7422,11,22,1999,2000,"01-04, 05-09, 10-14, 15-19, <1"
ICD-10,7301,17,22,1999,2000,"35-39, 45-49, 60-64, 65-69, 70-74"
ICD-10,1624,13,22,1999,2000,"60-64, 70-74, 75-79, 80-84, 85+"
ICD-10,319,14,22,1999,2000,"30-34, 35-39, 40-44, 65-69, 70-74"
ICD-10,8181,15,22,1999,2000,"10-14, 15-19, 20-24, 25-29, 30-34"
ICD-10,5192,12,22,1999,2000,"40-44, 45-49, 60-64, 65-69, 70-74"
ICD-10,2532,14,21,1999,2000,"01-04, 20-24, 35-39, 40-44, 45-49"
ICD-10,5921,17,21,1999,2000,"30-34, 45-49, 55-59, 60-64, 65-69"
ICD-10,7863,18,21,1999,2000,"20-24, 30-34, 35-39, 45-49, 50-54"
ICD-10,5551,12,21,1999,2000,"60-64, 65-69, 70-74, 75-79, 80-84"
ICD-10,3109,9,21,1999,2000,"65-69, 70-74, 75-79, 80-84, 85+"
ICD-10,1641,20,21,1999,2000,"25-29, 30-34, 35-39, 40-44, 50-54"
ICD-10,3485,18,21,1999,2000,"01-04, 05-09, 10-14, 15-19, 25-29"
ICD-10,8950,18,21,1999,2000,"20-24, 30-34, 50-54, 65-69, 70-74"
ICD-10,4440,11,21,1999,2000,"50-54, 60-64, 65-69, 70-74, 75-79"
ICD-10,3419,19,21,1999,2000,"05-09, 30-34, 40-44, 45-49, 50-54"
ICD-10,9883,15,21,1999,2000,"45-49, 50-54, 55-59, 60-64, 65-69"
ICD-10,5336,15,21,1999,2000,"45-49, 60-64, 65-69, 70-74, 75-79"
ICD-10,3829,18,21,1999,2000,"05-09, 10-14, 30-34, 35-39, 40-44"
ICD-10,2536,12,21,1999,2000,"50-54, 60-64, 65-69, 70-74, 75-79"
ICD-10,6827,11,21,1999,2000,"50-54, 60-64, 70-74, 75-79, 80-84"
ICD-10,8583,17,20,1999,2000,"20-24, 25-29, 30-34, 35-39, 40-44"
ICD-10,3057,11,20,1999,2000,"15-19, 20-24, 25-29, 35-39, 40-44"
ICD-10,9838,17,20,1999,2000,"10-14, 15-19, 20-24, 25-29, 30-34"
ICD-10,8680,14,20,1999,2000,"01-04, 10-14, 15-19, 20-24, 25-29"
ICD-10,2699,11,20,1999,2000,"60-64, 70-74, 75-79, 80-84, 85+"
ICD-10,9150,15,20,1999,2000,"05-09, 15-19, 25-29, 35-39, 40-44"
ICD-10,3051,14,20,1999,2000,"55-59, 60-64, 65-69, 70-74, 75-79"
ICD-10,4561,12,20,1999,2000,"35-39, 40-44, 45-49, 60-64, 70-74"
ICD-10,5779,16,20,1999,2000,"30-34, 45-49, 55-59, 60-64, 65-69"
ICD-10,2918,16,20,1999,2000,"35-39, 40-44, 45-49, 50-54, 55-59"
ICD-10,4462,16,20,1999,2000,"15-19, 25-29, 30-34, 50-54, 55-59"
ICD-10,2767,16,20,1999,2000,"20-24, 40-44, 45-49, 55-59, 60-64"
ICD-10,8182,14,20,1999,2000,"15-19, 20-24, 25-29, 30-34, 35-39"
ICD-10,7467,5,20,1999,2000,"01-04, <1"
ICD-10,7471,12,20,1999,2000,"20-24, 30-34, 40-44, 45-49, 55-59"
ICD-10,7108,10,20,1999,2000,"50-54, 60-64, 65-69, 70-74, 75-79"
ICD-10,7775,4,19,1999,2000,<1
ICD-10,2760,13,19,1999,2000,"45-49, 50-54, 55-59, 60-64, 70-74"
ICD-10,7803,17,19,1999,2000,"01-04, 10-14, 15-19, 20-24, 25-29"
ICD-10,270,16,19,1999,2000,"50-54, 60-64, 65-69, 70-74, 75-79"
ICD-10,8532,13,19,1999,2000,"30-34, 35-39, 40-44, 45-49, 50-54"
ICD-10,7470,13,19,1999,2000,"25-29, 50-54, 55-59, 60-64, 65-69"
ICD-10,5100,15,19,1999,2000,"30-34, 50-54, 55-59, 60-64, 65-69"
ICD-10,1800,12,19,1999,2000,"35-39, 55-59, 60-64, 65-69, 70-74"
ICD-10,5695,13,19,1999,2000,"55-59, 65-69, 70-74, 75-79, 80-84"
ICD-10,4959,14,19,1999,2000,"45-49, 50-54, 60-64, 65-69, 70-74"
ICD-10,2370,16,19,1999,2000,"05-09, 10-14, 15-19, 20-24, 30-34"
ICD-10,5356,12,19,1999,2000,"30-34, 60-64, 65-69, 75-79, 80-84"
ICD-10,5344,14,19,1999,2000,"50-54, 55-59, 60-64, 65-69, 75-79"
ICD-10,3343,14,19,1999,2000,"45-49, 60-64, 65-69, 70-74, 75-79"
ICD-10,1514,11,19,1999,2000,"70-74, 75-79, 80-84, 85+"
ICD-10,3941,16,19,1999,2000,"50-54, 55-59, 60-64, 65-69, 70-74"
ICD-10,388,15,19,1999,2000,"35-39, 65-69, 70-74, 75-79, 80-84"
ICD-10,4298,18,19,1999,2000,"20-24, 30-34, 35-39, 40-44, 45-49"
ICD-10,8682,13,19,1999,2000,"15-19, 20-24, 25-29, 45-49, 50-54"
ICD-10,9251,15,19,1999,2000,"10-14, 15-19, 20-24, 25-29, 30-34"
ICD-10,7561,17,18,1999,2000,"10-14, 20-24, 25-29, 30-34, 35-39"
ICD-10,3056,10,18,1999,2000,"20-24, 25-29, 30-34, 35-39, 40-44"
ICD-10,1955,11,18,1999,2000,"35-39, 45-49, 55-59, 65-69, 70-74"
ICD-10,2409,9,18,1999,2000,"40-44, 60-64, 65-69, 75-79, 80-84"
ICD-10,4820,13,18,1999,2000,"45-49, 50-54, 65-69, 70-74, 75-79"
ICD-10,5929,14,18,1999,2000,"25-29, 55-59, 65-69, 70-74, 75-79"
ICD-10,8059,13,18,1999,2000,"15-19, 20-24, 25-29, 30-34, 35-39"
ICD-10,9509,15,18,1999,2000,"15-19, 20-24, 25-29, 30-34, 40-44"
ICD-10,1901,15,18,1999,2000,"10-14, 50-54, 55-59, 65-69, 70-74"
ICD-10,369,14,17,1999,2000,"01-04, 05-09, 10-14, 15-19, 20-24"
ICD-10,4530,15,17,1999,2000,"25-29, 30-34, 35-39, 40-44, 45-49"
ICD-10,7424,13,17,1999,2000,"01-04, 05-09, 10-14, 20-24, 25-29"
ICD-10,4950,12,17,1999,2000,"55-59, 60-64, 65-69, 70-74, 75-79"
ICD-10,9170,11,17,1999,2000,"10-14, 15-19, 20-24, 25-29, 30-34"
ICD-10,5510,11,17,1999,2000,"55-59, 60-64, 75-79, 80-84, 85+"
ICD-10,5511,12,17,1999,2000,"40-44, 55-59, 60-64, 65-69, 70-74"
ICD-10,4910,13,17,1999,2000,"50-54, 55-59, 60-64, 65-69, 70-74"
ICD-10,5899,12,17,1999,2000,"60-64, 65-69, 70-74, 75-79, 80-84"
ICD-10,2858,11,17,1999,2000,"45-49, 50-54, 70-74, 75-79, 80-84"
ICD-10,7573,13,17,1999,2000,"01-04, 20-24, 40-44, 50-54, 55-59"
ICD-10,7510,13,17,1999,2000,"15-19, 45-49, 55-59, 65-69, 70-74"
ICD-10,1915,16,17,1999,2000,"01-04, 05-09, 10-14, 20-24, 30-34"
ICD-10,9854,14,17,1999,2000,"10-14, 20-24, 25-29, 30-34, 35-39"
ICD-10,5320,15,17,1999,2000,"40-44, 50-54, 55-59, 60-64, 65-69"
ICD-10,418,12,16,1999,2000,"60-64, 70-74, 75-79, 80-84, 85+"
ICD-10,5353,12,16,1999,2000,"30-34, 35-39, 40-44, 45-49, 50-54"
ICD-10,9831,13,16,1999,2000,"25-29, 45-49, 50-54, 55-59, 60-64"
ICD-10,5118,11,16,1999,2000,"70-74, 75-79, 80-84, 85+"
ICD-10,4783,10,16,1999,2000,"55-59, 60-64, 65-69, 70-74, 75-79"
ICD-10,5781,7,16,1999,2000,"75-79, 80-84, 85+"
ICD-10,5309,13,16,1999,2000,"50-54, 55-59, 60-64, 65-69, 70-74"
ICD-10,4374,13,16,1999,2000,"01-04, 50-54, 55-59, 60-64, 65-69"
ICD-10,7210,10,16,1999,2000,"70-74, 75-79, 80-84, 85+"
ICD-10,8530,14,16,1999,2000,"20-24, 25-29, 30-34, 35-39, 40-44"
ICD-10,5941,11,16,1999,2000,"65-69, 70-74, 75-79, 80-84, 85+"
ICD-10,3589,9,16,1999,2000,"01-04, 35-39, 60-64, 70-74, 75-79"
ICD-10,4268,12,16,1999,2000,"20-24, 30-34, 35-39, 45-49, 55-59"
ICD-10,6828,12,16,1999,2000,"55-59, 60-64, 70-74, 75-79, 80-84"
ICD-10,3432,14,16,1999,2000,"01-04, 05-09, 10-14, 15-19, 20-24"
ICD-10,400,10,16,1999,2000,"35-39, 65-69, 75-79, 80-84, 85+"
ICD-10,9198,10,16,1999,2000,"05-09, 25-29, 35-39, 40-44, 45-49"
ICD-10,7300,12,16,1999,2000,"45-49, 60-64, 65-69, 70-74, 75-79"
ICD-10,5409,13,16,1999,2000,"10-14, 20-24, 50-54, 60-64, 70-74"
ICD-10,3368,13,16,1999,2000,"45-49, 65-69, 70-74, 75-79, 80-84"
ICD-10,8180,12,16,1999,2000,"15-19, 30-34, 35-39, 40-44, 45-49"
ICD-10,2357,13,16,1999,2000,"40-44, 45-49, 50-54, 60-64, 65-69"
ICD-10,9068,14,15,1999,2000,"01-04, 20-24, 25-29, 40-44, 50-54"
ICD-10,8811,11,15,1999,2000,"10-14, 20-24, 30-34, 45-49, 50-54"
ICD-10,4787,13,15,1999,2000,"01-04, 15-19, 45-49, 55-59, 65-69"
ICD-10,2375,15,15,1999,2000,"05-09, 20-24, 25-29, 30-34, 45-49"
ICD-10,2381,12,15,1999,2000,"20-24, 25-29, 40-44, 45-49, 50-54"
ICD-10,9479,14,15,1999,2000,"15-19, 20-24, 30-34, 40-44, 45-49"
ICD-10,9879,14,15,1999,2000,"10-14, 15-19, 20-24, 25-29, 30-34"
ICD-10,6961,11,15,1999,2000,"35-39, 50-54, 55-59, 65-69, 70-74"
ICD-10,9248,10,15,1999,2000,"30-34, 45-49, 65-69, 70-74, 75-79"
ICD-10,2961,7,15,1999,2000,"70-74, 75-79, 80-84, 85+"
ICD-10,1710,13,15,1999,2000,"10-14, 50-54, 60-64, 70-74, 75-79"
ICD-10,3598,14,15,1999,2000,"30-34, 35-39, 45-49, 50-54, 60-64"
ICD-10,8938,14,15,1999,2000,"30-34, 45-49, 60-64, 65-69, 70-74"
ICD-10,6944,9,15,1999,2000,"65-69, 75-79, 80-84, 85+"
ICD-10,7581,7,15,1999,2000,"01-04, 15-19, <1"
ICD-10,2038,13,15,1999,2000,"30-34, 55-59, 60-64, 65-69, 70-74"
ICD-10,5368,11,15,1999,2000,"20-24, 30-34, 65-69, 70-74, 80-84"
ICD-10,7597,8,14,1999,2000,"01-04, <1"
ICD-10,1943,12,14,1999,2000,"35-39, 40-44, 60-64, 65-69, 70-74"
ICD-10,3342,8,14,1999,2000,"45-49, 55-59, 65-69, 70-74, 75-79"
ICD-10,4267,11,14,1999,2000,"15-19, 20-24, 25-29, 30-34, 35-39"
ICD-10,9506,12,14,1999,2000,"30-34, 40-44, 45-49, 50-54, 65-69"
ICD-10,2180,10,14,1999,2000,"35-39, 50-54, 55-59, 65-69, 70-74"
ICD-10,5769,10,14,1999,2000,"60-64, 65-69, 75-79, 80-84, 85+"
ICD-10,1877,8,14,1999,2000,"55-59, 60-64, 65-69, 70-74, 75-79"
ICD-10,363,11,14,1999,2000,"01-04, 05-09, 15-19, 25-29, 35-39"
ICD-10,2912,11,14,1999,2000,"40-44, 65-69, 70-74, 75-79, 80-84"
ICD-10,5800,9,14,1999,2000,"55-59, 60-64, 70-74, 75-79, 80-84"
ICD-10,1946,13,14,1999,2000,"30-34, 35-39, 40-44, 45-49, 50-54"
ICD-10,5799,10,14,1999,2000,"45-49, 55-59, 70-74, 75-79, 80-84"
ICD-10,1601,11,14,1999,2000,"40-44, 45-49, 50-54, 55-59, 60-64"
ICD-10,1701,12,14,1999,2000,"40-44, 45-49, 50-54, 55-59, 60-64"
ICD-10,5969,8,14,1999,2000,"45-49, 50-54, 60-64, 65-69, 70-74"
ICD-10,7599,11,14,1999,2000,"01-04, 30-34, 50-54, 65-69, 80-84"
ICD-10,5968,10,14,1999,2000,"45-49, 50-54, 65-69, 70-74, 75-79"
ICD-10,5327,9,14,1999,2000,"65-69, 70-74, 75-79, 80-84, 85+"
ICD-10,2966,9,13,1999,2000,"55-59, 65-69, 70-74, 75-79, 80-84"
ICD-10,4471,9,13,1999,2000,"30-34, 55-59, 60-64, 65-69, 70-74"
ICD-10,2022,12,13,1999,2000,"50-54, 60-64, 65-69, 70-74, 75-79"
ICD-10,1899,11,13,1999,2000,"55-59, 60-64, 70-74, 75-79, 80-84"
ICD-10,2015,11,13,1999,2000,"30-34, 45-49, 50-54, 55-59, 65-69"
ICD-10,7718,4,13,1999,2000,<1
ICD-10,7240,10,13,1999,2000,"60-64, 70-74, 75-79, 80-84, 85+"
ICD-10,7595,13,13,1999,2000,"01-04, 05-09, 10-14, 20-24, 25-29"
ICD-10,3042,9,13,1999,2000,"25-29, 30-34, 35-39, 40-44, 45-49"
ICD-10,5373,12,13,1999,2000,"35-39, 55-59, 60-64, 65-69, 70-74"
ICD-10,2530,11,13,1999,2000,"55-59, 60-64, 65-69, 70-74, 75-79"
ICD-10,1175,9,13,1999,2000,"25-29, 30-34, 35-39, 45-49, 55-59"
ICD-10,7291,10,13,1999,2000,"45-49, 55-59, 70-74, 75-79, 80-84"
ICD-10,7504,6,13,1999,2000,"70-74, 80-84, 85+"
ICD-10,8193,10,13,1999,2000,"15-19, 20-24, 25-29, 30-34, 35-39"
ICD-10,2972,7,13,1999,2000,"75-79, 80-84, 85+"
ICD-10,8210,11,13,1999,2000,"10-14, 15-19, 20-24, 30-34, 40-44"
ICD-10,2788,12,13,1999,2000,"35-39, 40-44, 45-49, 55-59, 60-64"
ICD-10,2769,9,13,1999,2000,"10-14, 35-39, 65-69, 75-79, 80-84"
ICD-10,2790,12,13,1999,2000,"01-04, 10-14, 35-39, 40-44, 50-54"
ICD-10,4372,9,13,1999,2000,"30-34, 55-59, 70-74, 75-79, 80-84"
ICD-10,4333,11,13,1999,2000,"35-39, 45-49, 50-54, 55-59, 60-64"
ICD-10,2831,13,13,1999,2000,"01-04, 05-09, 15-19, 25-29, 35-39"
ICD-10,8580,11,13,1999,2000,"15-19, 20-24, 30-34, 35-39, 45-49"
ICD-10,8796,9,13,1999,2000,"65-69, 70-74, 75-79, 80-84, 85+"
ICD-10,3318,12,13,1999,2000,"01-04, 05-09, 10-14, 15-19, 20-24"
ICD-10,1128,8,13,1999,2000,"30-34, 70-74, 75-79, 80-84, 85+"
ICD-10,5989,7,13,1999,2000,"25-29, 75-79, 80-84, 85+"
ICD-10,2749,7,13,1999,2000,"70-74, 75-79, 80-84, 85+"
ICD-10,1704,12,13,1999,2000,"20-24, 25-29, 35-39, 40-44, 65-69"
ICD-10,4332,9,13,1999,2000,"40-44, 45-49, 50-54, 55-59, 60-64"
ICD-10,2250,10,12,1999,2000,"30-34, 40-44, 65-69, 70-74, 75-79"
ICD-10,7515,8,12,1999,2000,"01-04, 50-54, 75-79, 85+, <1"
ICD-10,4261,9,12,1999,2000,"15-19, 75-79, 80-84, 85+"
ICD-10,2510,11,12,1999,2000,"35-39, 40-44, 45-49, 50-54, 65-69"
ICD-10,4253,10,12,1999,2000,"01-04, 15-19, 20-24, 25-29, 30-34"
ICD-10,4259,10,12,1999,2000,"01-04, 20-24, 25-29, 50-54, 65-69"
ICD-10,3590,7,12,1999,2000,"01-04, 10-14, <1"
ICD-10,5997,7,12,1999,2000,"70-74, 75-79, 80-84, 85+"
ICD-10,115,9,12,1999,2000,"55-59, 60-64, 65-69, 70-74, 80-84"
ICD-10,7809,10,12,1999,2000,"35-39, 40-44, 65-69, 70-74, 75-79"
ICD-10,9851,8,12,1999,2000,"25-29, 35-39, 40-44, 45-49, 50-54"
ICD-10,5528,9,12,1999,2000,"50-54, 60-64, 70-74, 75-79, 80-84"
ICD-10,5531,9,12,1999,2000,"35-39, 50-54, 55-59, 65-69, 70-74"
ICD-10,3942,9,12,1999,2000,"50-54, 65-69, 70-74, 75-79, 80-84"
ICD-10,9209,10,12,1999,2000,"20-24, 25-29, 30-34, 35-39, 50-54"
ICD-10,7102,11,12,1999,2000,"25-29, 45-49, 55-59, 60-64, 65-69"
ICD-10,8058,11,12,1999,2000,"15-19, 20-24, 30-34, 35-39, 40-44"
ICD-10,4952,11,12,1999,2000,"45-49, 50-54, 60-64, 65-69, 75-79"
ICD-10,4519,10,12,1999,2000,"30-34, 45-49, 50-54, 55-59, 60-64"
ICD-10,1944,10,12,1999,2000,"01-04, 05-09, 20-24, 30-34, 60-64"
ICD-10,8768,12,12,1999,2000,"30-34, 35-39, 40-44, 50-54, 60-64"
ICD-10,3919,9,12,1999,2000,"50-54, 60-64, 65-69, 70-74, 75-79"
ICD-10,9197,7,12,1999,2000,"25-29, 30-34, 35-39, 40-44, 45-49"
ICD-10,3339,10,12,1999,2000,"55-59, 60-64, 65-69, 70-74, 75-79"
ICD-10,3480,10,12,1999,2000,"40-44, 50-54, 55-59, 60-64, 70-74"
ICD-10,2353,11,12,1999,2000,"30-34, 35-39, 40-44, 50-54, 60-64"
ICD-10,2812,5,11,1999,2000,"55-59, 85+"
ICD-10,3044,9,11,1999,2000,"20-24, 25-29, 30-34, 35-39, 40-44"
ICD-10,4739,11,11,1999,2000,"15-19, 20-24, 30-34, 35-39, 50-54"
ICD-10,1504,9,11,1999,2000,"45-49, 50-54, 70-74, 75-79, 80-84"
ICD-10,1724,8,11,1999,2000,"40-44, 60-64, 65-69, 70-74, 75-79"
ICD-10,9180,10,11,1999,2000,"25-29, 35-39, 40-44, 45-49, 50-54"
ICD-10,7567,7,11,1999,2000,"01-04, 35-39, <1"
ICD-10,7565,11,11,1999,2000,"25-29, 30-34, 35-39, 45-49, 50-54"
ICD-10,1588,8,11,1999,2000,"45-49, 60-64, 70-74, 75-79, 80-84"
ICD-10,7560,9,11,1999,2000,"01-04, 15-19, 20-24, 25-29, 75-79"
ICD-10,6825,10,11,1999,2000,"30-34, 45-49, 55-59, 70-74, 75-79"
ICD-10,8784,8,11,1999,2000,"05-09, 50-54, 65-69, 75-79, 80-84"
ICD-10,8781,6,11,1999,2000,"65-69, 70-74, 75-79"
ICD-10,31,9,11,1999,2000,"55-59, 60-64, 70-74, 75-79, 85+"
ICD-10,2420,10,11,1999,2000,"30-34, 55-59, 60-64, 65-69, 75-79"
ICD-10,3418,11,11,1999,2000,"05-09, 25-29, 40-44, 50-54, 55-59"
ICD-10,9190,9,11,1999,2000,"01-04, 20-24, 30-34, 55-59, 60-64"
ICD-10,9622,8,11,1999,2000,"01-04, 05-09, 30-34, 50-54, 75-79"
ICD-10,6929,11,11,1999,2000,"40-44, 50-54, 65-69, 70-74, 75-79"
ICD-10,1461,10,11,1999,2000,"45-49, 55-59, 65-69, 70-74, 75-79"
ICD-10,8212,11,11,1999,2000,"05-09, 10-14, 15-19, 20-24, 25-29"
ICD-10,91,11,11,1999,2000,"05-09, 35-39, 60-64, 65-69, 70-74"
ICD-10,2159,9,11,1999,2000,"01-04, 10-14, 25-29, 50-54, 65-69"
ICD-10,5832,9,11,1999,2000,"55-59, 65-69, 70-74, 75-79, 80-84"
ICD-10,8250,9,11,1999,2000,"15-19, 30-34, 35-39, 40-44, 50-54"
ICD-10,2731,9,11,1999,2000,"55-59, 75-79, 80-84, 85+"
ICD-10,4243,9,11,1999,2000,"35-39, 40-44, 70-74, 75-79, 80-84"
ICD-10,9651,10,11,1999,2000,"25-29, 30-34, 35-39, 40-44, 60-64"
ICD-10,2126,10,11,1999,2000,"20-24, 30-34, 50-54, 60-64, 65-69"
ICD-10,1612,10,11,1999,2000,"65-69, 70-74, 75-79, 80-84, 85+"
ICD-10,5040,8,11,1999,2000,"65-69, 75-79, 80-84, 85+"
ICD-10,3335,7,10,1999,2000,"70-74, 75-79, 80-84, 85+"
ICD-10,1598,8,10,1999,2000,"55-59, 60-64, 65-69, 70-74, 75-79"
ICD-10,8538,9,10,1999,2000,"20-24, 25-29, 30-34, 35-39, 45-49"
ICD-10,2469,10,10,1999,2000,"45-49, 50-54, 55-59, 60-64, 70-74"
ICD-10,8252,8,10,1999,2000,"15-19, 20-24, 25-29, 40-44, 50-54"
ICD-10,1513,7,10,1999,2000,"60-64, 70-74, 75-79, 85+"
ICD-10,4179,9,10,1999,2000,"01-04, 30-34, 55-59, 65-69, 70-74"
ICD-10,8142,7,10,1999,2000,"10-14, 15-19, 20-24, 25-29, 30-34"
ICD-10,7474,5,10,1999,2000,"01-04, <1"
ICD-10,7472,10,10,1999,2000,"01-04, 55-59, 75-79, 80-84, 85+"
ICD-10,4580,6,10,1999,2000,"75-79, 85+"
ICD-10,8558,9,10,1999,2000,"15-19, 25-29, 40-44, 45-49, 50-54"
ICD-10,3338,6,10,1999,2000,"65-69, 70-74, 75-79, 80-84, 85+"
ICD-10,1905,8,10,1999,2000,"60-64, 70-74, 75-79, 80-84, 85+"
ICD-10,130,7,10,1999,2000,"10-14, 30-34, 35-39, 65-69, 70-74"
ICD-10,5317,8,10,1999,2000,"50-54, 60-64, 70-74, 75-79, 80-84"
ICD-10,2550,8,10,1999,2000,"45-49, 50-54, 55-59, 60-64, 70-74"
ICD-10,1929,10,10,1999,2000,"01-04, 10-14, 25-29, 30-34, 45-49"
ICD-10,5321,8,10,1999,2000,"65-69, 70-74, 75-79, 80-84, 85+"
ICD-10,3910,9,10,1999,2000,"40-44, 50-54, 65-69, 70-74"
ICD-10,1452,8,10,1999,2000,"55-59, 60-64, 70-74, 75-79, 80-84"
ICD-10,2940,8,10,1999,2000,"40-44, 55-59, 60-64, 65-69, 70-74"
ICD-10,160,7,10,1999,2000,"60-64, 70-74, 75-79, 80-84"
ICD-10,2061,8,9,1999,2000,"55-59, 60-64, 70-74, 75-79, 80-84"
ICD-10,9884,8,9,1999,2000,"20-24, 25-29, 30-34, 35-39, 85+"
ICD-10,9579,8,9,1999,2000,"15-19, 30-34, 35-39, 45-49, 55-59"
ICD-10,7450,8,9,1999,2000,"20-24, 25-29, 40-44, 75-79, 80-84"
ICD-10,5550,9,9,1999,2000,"20-24, 50-54, 65-69, 70-74, 75-79"
ICD-10,7513,8,9,1999,2000,"01-04, 05-09, 25-29, 45-49, 65-69"
ICD-10,7503,8,9,1999,2000,"01-04, 65-69, 80-84, 85+, <1"
ICD-10,8912,8,9,1999,2000,"10-14, 15-19, 25-29, 30-34, 35-39"
ICD-10,5692,8,9,1999,2000,"50-54, 75-79, 80-84, 85+"
ICD-10,5183,8,9,1999,2000,"50-54, 70-74, 75-79, 80-84, 85+"
ICD-10,6149,7,9,1999,2000,"40-44, 45-49, 60-64, 75-79, 80-84"
ICD-10,7483,9,9,1999,2000,"01-04, 45-49, 60-64, 75-79, 80-84"
ICD-10,8129,8,9,1999,2000,"15-19, 20-24, 30-34, 80-84, 85+"
ICD-10,7461,8,9,1999,2000,"01-04, 05-09, 15-19, 25-29, <1"
ICD-10,6142,8,9,1999,2000,"25-29, 40-44, 45-49, 50-54, 75-79"
ICD-10,8217,7,9,1999,2000,"01-04, 05-09, 25-29, 40-44, 55-59"
ICD-10,9288,9,9,1999,2000,"20-24, 45-49, 55-59, 60-64, 70-74"
ICD-10,4231,9,9,1999,2000,"40-44, 45-49, 50-54, 55-59, 65-69"
ICD-10,3058,9,9,1999,2000,"15-19, 20-24, 25-29, 35-39, 45-49"
ICD-10,2883,9,9,1999,2000,"20-24, 25-29, 50-54, 70-74, 75-79"
ICD-10,6029,6,9,1999,2000,"65-69, 70-74, 75-79, 80-84, 85+"
ICD-10,7895,8,9,1999,2000,"35-39, 60-64, 65-69, 70-74, 75-79"
ICD-10,4643,7,9,1999,2000,"01-04, 30-34, 35-39, 40-44, 60-64"
ICD-10,6860,8,9,1999,2000,"30-34, 55-59, 60-64, 65-69, 70-74"
ICD-10,3562,9,9,1999,2000,"15-19, 55-59, 65-69, 75-79, 85+"
ICD-10,5273,5,9,1999,2000,"45-49, 75-79, 85+"
ICD-10,5798,9,9,1999,2000,"01-04, 55-59, 60-64, 65-69, 70-74"
ICD-10,7589,8,9,1999,2000,"01-04, 05-09, 10-14, <1"
ICD-10,9101,7,9,1999,2000,"20-24, 25-29, 35-39, 40-44, 45-49"
ICD-10,3249,8,9,1999,2000,"15-19, 50-54, 55-59, 60-64, 75-79"
ICD-10,3561,7,9,1999,2000,"30-34, 70-74, 75-79, 80-84, 85+"
ICD-10,4786,7,9,1999,2000,"45-49, 60-64, 80-84, 85+"
ICD-10,704,8,9,1999,2000,"35-39, 40-44, 45-49, 50-54, 70-74"
ICD-10,431,7,9,1999,2000,"30-34, 40-44, 45-49, 60-64, 75-79"
ICD-10,8302,8,9,1999,2000,"30-34, 35-39, 40-44, 45-49, 50-54"
ICD-10,7165,5,9,1999,2000,"70-74, 75-79, 80-84, 85+"
ICD-10,5311,6,8,1999,2000,"25-29, 65-69, 75-79, 80-84, 85+"
ICD-10,6424,4,8,1999,2000,"25-29, 30-34, 35-39"
ICD-10,5648,8,8,1999,2000,"60-64, 65-69, 75-79, 80-84, 85+"
ICD-10,5351,5,8,1999,2000,"40-44, 70-74, 85+"
ICD-10,7334,7,8,1999,2000,"45-49, 50-54, 75-79, 80-84, 85+"
ICD-10,4931,6,8,1999,2000,"70-74, 75-79, 80-84, 85+"
ICD-10,8153,7,8,1999,2000,"15-19, 20-24, 25-29, 30-34, 45-49"
ICD-10,2792,7,8,1999,2000,"01-04, 10-14, 35-39, <1"
ICD-10,2710,6,8,1999,2000,"01-04, 35-39, 45-49, <1"
ICD-10,8171,8,8,1999,2000,"30-34, 45-49, 70-74, 75-79, 80-84"
ICD-10,6959,7,8,1999,2000,"65-69, 70-74, 75-79, 85+"
ICD-10,5345,8,8,1999,2000,"55-59, 65-69, 70-74, 80-84, 85+"
ICD-10,531,6,8,1999,2000,"80-84, 85+"
ICD-10,5809,8,8,1999,2000,"50-54, 60-64, 70-74, 75-79, 80-84"
ICD-10,4592,7,8,1999,2000,"25-29, 55-59, 70-74, 75-79, 80-84"
ICD-10,3911,8,8,1999,2000,"40-44, 50-54, 60-64, 70-74, 80-84"
ICD-10,1515,7,8,1999,2000,"60-64, 65-69, 70-74, 75-79, 85+"
ICD-10,5960,5,8,1999,2000,"55-59, 80-84, 85+"
ICD-10,7539,8,8,1999,2000,"01-04, 35-39, 40-44, 65-69, 85+"
ICD-10,3499,8,8,1999,2000,"10-14, 50-54, 55-59, 65-69, 80-84"
ICD-10,1591,7,8,1999,2000,"55-59, 60-64, 65-69, 70-74, 75-79"
ICD-10,5374,7,8,1999,2000,"45-49, 55-59, 65-69, 70-74, 75-79"
ICD-10,7141,6,8,1999,2000,"65-69, 70-74, 75-79, 80-84, 85+"
ICD-10,5513,6,8,1999,2000,"75-79, 80-84, 85+"
ICD-10,9801,7,8,1999,2000,"40-44, 45-49, 55-59, 65-69, 70-74"
ICD-10,5030,6,8,1999,2000,"60-64, 65-69, 75-79, 80-84"
ICD-10,1129,7,8,1999,2000,"01-04, 40-44, 50-54, 55-59, 80-84"
ICD-10,8251,6,8,1999,1999,"10-14, 15-19, 35-39, 45-49, 75-79"
ICD-10,6820,5,8,1999,2000,"35-39, 65-69, 80-84, 85+"
ICD-10,9131,8,8,1999,2000,"20-24, 25-29, 30-34, 35-39, 40-44"
ICD-10,7566,4,8,1999,2000,"20-24, <1"
ICD-10,8839,7,8,1999,2000,"15-19, 20-24, 50-54, 60-64, 70-74"
ICD-10,8939,7,8,1999,2000,"25-29, 30-34, 55-59, 60-64, 65-69"
ICD-10,2411,8,8,1999,2000,"65-69, 70-74, 75-79, 85+"
ICD-10,2965,7,8,1999,2000,"35-39, 75-79, 80-84, 85+"
ICD-10,4556,8,8,1999,2000,"35-39, 45-49, 50-54, 60-64, 75-79"
ICD-10,2169,7,8,1999,2000,"50-54, 55-59, 65-69, 70-74, 85+"
ICD-10,4578,8,8,1999,2000,"50-54, 75-79, 80-84, 85+, <1"
ICD-10,2070,7,7,1999,2000,"45-49, 50-54, 60-64, 75-79, 80-84"
ICD-10,3450,7,7,1999,2000,"10-14, 55-59, 65-69, 75-79, 85+"
ICD-10,5734,6,7,1999,2000,"50-54, 55-59, 70-74, 75-79, 85+"
ICD-10,3350,4,7,1999,2000,"01-04, 45-49, <1"
ICD-10,6209,5,7,1999,2000,"40-44, 55-59, 65-69, 75-79, 85+"
ICD-10,7289,7,7,1999,2000,"55-59, 65-69, 70-74, 80-84, 85+"
ICD-10,2116,6,7,1999,2000,"40-44, 55-59, 65-69, 70-74, 85+"
ICD-10,2114,6,7,1999,2000,"50-54, 55-59, 60-64, 65-69, 75-79"
ICD-10,5933,6,7,1999,2000,"50-54, 65-69, 75-79, 85+"
ICD-10,5758,5,7,1999,2000,"70-74, 80-84, 85+"
ICD-10,7245,5,7,1999,2000,"75-79, 85+"
ICD-10,9679,6,7,1999,2000,"01-04, <1"
ICD-10,3690,2,7,1999,2000,85+
ICD-10,9588,7,7,1999,2000,"30-34, 40-44, 50-54, 70-74, 75-79"
ICD-10,6145,6,7,1999,2000,"65-69, 75-79, 80-84, 85+"
ICD-10,2117,6,7,1999,2000,"35-39, 50-54, 55-59, 65-69, 85+"
ICD-10,383,6,7,1999,2000,"70-74, 75-79, 80-84, 85+"
ICD-10,7564,5,7,1999,2000,"01-04, 05-09, <1"
ICD-10,462,5,7,1999,2000,"05-09, 10-14, 15-19, 20-24"
ICD-10,2870,7,7,1999,2000,"15-19, 60-64, 75-79, 80-84, 85+"
ICD-10,7530,7,7,1999,2000,"15-19, 20-24, 25-29, 60-64, 65-69"
ICD-10,415,7,7,1999,2000,"01-04, 40-44, 55-59, 60-64, 75-79"
ICD-10,549,7,7,1999,2000,"20-24, 40-44, 55-59, 60-64, 70-74"
ICD-10,8681,7,7,1999,2000,"20-24, 30-34, 35-39, 50-54, 70-74"
ICD-10,417,7,7,1999,2000,"30-34, 40-44, 70-74, 75-79, 85+"
ICD-10,5369,6,7,1999,2000,"60-64, 70-74, 75-79, 80-84, 85+"
ICD-10,5361,7,7,1999,2000,"05-09, 25-29, 50-54, 65-69, 75-79"
ICD-10,7585,6,7,1999,2000,"01-04, 10-14, 50-54, 85+, <1"
ICD-10,4630,7,7,1999,2000,"01-04, 20-24, 50-54, 55-59, 85+"
ICD-10,2840,7,7,1999,2000,"01-04, 05-09, 10-14, 20-24, 25-29"
ICD-10,7650,3,7,1999,2000,<1
ICD-10,140,6,7,1999,2000,"20-24, 50-54, 60-64, 70-74, 80-84"
ICD-10,8426,7,7,1999,2000,"30-34, 35-39, 40-44, 45-49, 50-54"
ICD-10,480,7,7,1999,2000,"01-04, 10-14, 30-34, 55-59, 60-64"
ICD-10,4822,7,7,1999,2000,"01-04, 50-54, 65-69, 70-74, 75-79"
ICD-10,5193,6,7,1999,2000,"75-79, 80-84, 85+"
ICD-10,8830,5,7,1999,2000,"20-24, 25-29, 30-34, 35-39, 50-54"
ICD-10,8230,5,7,1999,2000,"20-24, 45-49, 70-74, 75-79, 85+"
ICD-10,8780,7,7,1999,2000,"10-14, 50-54, 55-59, 60-64, 75-79"
ICD-10,170,7,7,1999,2000,"35-39, 50-54, 55-59, 65-69, 75-79"
ICD-10,7428,5,7,1999,2000,"15-19, 35-39, 45-49, <1"
ICD-10,9193,7,7,1999,2000,"30-34, 35-39, 40-44, 45-49, 50-54"
ICD-10,2824,7,7,1999,2000,"05-09, 15-19, 20-24, 45-49, 55-59"
ICD-10,4467,5,7,1999,2000,"35-39, 45-49, 55-59, 70-74"
ICD-10,7463,7,7,1999,2000,"10-14, 45-49, 75-79, 80-84, <1"
ICD-10,9259,7,7,1999,2000,"20-24, 25-29, 45-49, 65-69, 70-74"
ICD-10,2355,6,7,1999,2000,"40-44, 50-54, 60-64, 70-74, 75-79"
ICD-10,4478,6,7,1999,2000,"40-44, 45-49, 55-59, 75-79, 80-84"
ICD-10,8702,7,7,1999,2000,"40-44, 55-59, 70-74, 75-79, 80-84"
ICD-10,5600,7,7,1999,2000,"01-04, 05-09, 70-74, 75-79, 85+"
ICD-10,4542,4,7,1999,2000,"75-79, 85+"
ICD-10,2751,5,6,1999,2000,"10-14, 15-19, 30-34, 40-44, 50-54"
ICD-10,4338,6,6,1999,2000,"55-59, 60-64, 75-79, 80-84, 85+"
ICD-10,5966,6,6,1999,2000,"05-09, 60-64, 65-69, 80-84, 85+"
ICD-10,479,6,6,1999,2000,"05-09, 60-64, 65-69, 75-79, 80-84"
ICD-10,6960,6,6,1999,2000,"45-49, 65-69, 70-74, 85+"
ICD-10,1454,6,6,1999,2000,"40-44, 55-59, 60-64, 65-69, 70-74"
ICD-10,4801,5,6,1999,2000,"05-09, 35-39, 85+, <1"
ICD-10,8301,6,6,1999,2000,"20-24, 25-29, 35-39, 50-54"
ICD-10,120,5,6,1999,2000,"65-69, 70-74, 80-84, 85+"
ICD-10,4470,5,6,2000,2000,"55-59, 65-69, 70-74, 75-79, 80-84"
ICD-10,5952,3,6,1999,2000,"75-79, 85+"
ICD-10,2069,4,6,1999,2000,"55-59, 75-79, 85+"
ICD-10,1740,6,6,1999,2000,"55-59, 60-64, 65-69, 80-84, 85+"
ICD-10,1703,6,6,1999,2000,"15-19, 20-24, 70-74, 75-79, 85+"
ICD-10,8300,5,6,1999,2000,"15-19, 30-34, 50-54, 70-74"
ICD-10,6732,3,6,1999,2000,"25-29, 35-39"
ICD-10,6931,6,6,1999,2000,"15-19, 20-24, 30-34, 35-39, 85+"
ICD-10,8501,5,6,1999,2000,"40-44, 50-54, 65-69, 75-79, 85+"
ICD-10,178,6,6,1999,2000,"25-29, 30-34, 35-39, 70-74, 75-79"
ICD-10,8550,5,6,1999,2000,"10-14, 30-34, 40-44, 65-69, 70-74"
ICD-10,6339,6,6,1999,2000,"15-19, 20-24, 25-29, 30-34, 35-39"
ICD-10,1722,6,6,1999,2000,"40-44, 55-59, 60-64, 65-69"
ICD-10,8581,6,6,1999,2000,"40-44, 50-54, 60-64, 75-79, 85+"
ICD-10,2791,5,6,1999,2000,"01-04, 05-09, 25-29, <1"
ICD-10,6049,5,6,1999,2000,"60-64, 65-69, 70-74, 75-79"
ICD-10,8582,6,6,1999,2000,"01-04, 55-59, 65-69, 75-79, 85+"
ICD-10,4620,6,6,1999,2000,"01-04, 40-44, 65-69, 70-74, 75-79"
ICD-10,112,6,6,1999,2000,"35-39, 55-59, 60-64, 70-74, 80-84"
ICD-10,6238,3,6,1999,2000,"70-74, 80-84, 85+"
ICD-10,6019,3,6,1999,2000,"65-69, 75-79, 80-84"
ICD-10,8706,6,6,1999,2000,"15-19, 55-59, 60-64, 70-74, 75-79"
ICD-10,113,6,6,1999,2000,"65-69, 70-74, 75-79, 85+"
ICD-10,8792,5,6,1999,1999,"40-44, 55-59, 70-74, 75-79, 80-84"
ICD-10,2879,6,6,1999,2000,"25-29, 60-64, 70-74, 85+, <1"
ICD-10,2839,6,6,1999,2000,"70-74, 75-79, 80-84, 85+"
ICD-10,3839,5,6,1999,2000,"25-29, 55-59, 65-69, 75-79, 85+"
ICD-10,2957,5,6,1999,2000,"75-79, 80-84, 85+"
ICD-10,3313,6,6,1999,2000,"70-74, 75-79, 80-84, 85+"
ICD-10,4266,2,6,1999,2000,85+
ICD-10,3048,5,6,1999,2000,"25-29, 30-34, 40-44, 45-49"
ICD-10,4178,4,6,1999,2000,"01-04, 40-44, 70-74, 75-79"
ICD-10,9103,6,6,1999,2000,"15-19, 20-24, 40-44, 45-49, 75-79"
ICD-10,9070,6,6,1999,1999,"10-14, 20-24, 35-39, 50-54, 60-64"
ICD-10,2682,5,6,1999,2000,"60-64, 75-79, 80-84, 85+"
ICD-10,5830,5,6,1999,2000,"45-49, 65-69, 75-79, 80-84"
ICD-10,3600,5,6,1999,2000,"40-44, 75-79, 80-84, 85+"
ICD-10,5289,4,6,2000,2000,"55-59, 75-79, 80-84, 85+"
ICD-10,414,6,6,1999,2000,"45-49, 50-54, 65-69, 75-79, <1"
ICD-10,413,4,6,1999,2000,"45-49, 80-84, 85+, <1"
ICD-10,5283,6,6,1999,2000,"65-69, 70-74, 75-79, 80-84"
ICD-10,798,6,6,1999,2000,"10-14, 15-19, 20-24, 30-34, 35-39"
ICD-10,7593,6,6,1999,2000,"01-04, 45-49, 55-59, 60-64, 75-79"
ICD-10,5225,6,6,1999,2000,"25-29, 45-49, 60-64, 65-69, 70-74"
ICD-10,4219,5,6,1999,2000,"45-49, 55-59, 75-79, 80-84, 85+"
ICD-10,412,6,6,1999,2000,"40-44, 60-64, 65-69, 80-84, 85+"
ICD-10,2029,5,6,1999,2000,"65-69, 70-74, 80-84, 85+"
ICD-10,730,6,6,1999,2000,"60-64, 65-69, 85+"
ICD-10,5538,5,6,1999,2000,"70-74, 75-79, 80-84, 85+"
ICD-10,408,6,6,1999,2000,"15-19, 25-29, 30-34, 45-49, 85+"
ICD-10,7462,6,6,1999,2000,"01-04, 15-19, 30-34, 35-39, 50-54"
ICD-10,9300,4,6,1999,2000,"55-59, 60-64, 75-79, 85+"
ICD-10,7456,5,6,1999,2000,"10-14, 35-39, 40-44, <1"
ICD-10,9298,5,5,1999,2000,"20-24, 45-49, 55-59, 60-64, 75-79"
ICD-10,1945,5,5,1999,2000,"30-34, 55-59, 60-64, 65-69, 75-79"
ICD-10,7568,5,5,1999,1999,"10-14, 15-19, 60-64, <1"
ICD-10,1731,4,5,1999,2000,"55-59, 65-69, 70-74, 85+"
ICD-10,6824,5,5,1999,2000,"60-64, 75-79, 80-84, 85+"
ICD-10,7514,5,5,1999,2000,"01-04, 05-09, 35-39, 85+, <1"
ICD-10,9528,5,5,1999,2000,"25-29, 30-34, 35-39, 45-49, 50-54"
ICD-10,7292,4,5,1999,2000,"65-69, 75-79, 80-84"
ICD-10,7263,5,5,1999,2000,"65-69, 80-84, 85+"
ICD-10,9221,5,5,1999,2000,"15-19, 25-29, 30-34, 55-59"
ICD-10,6740,4,5,1999,2000,"30-34, 35-39, 40-44"
ICD-10,9229,5,5,1999,2000,"15-19, 30-34, 40-44, 45-49"
ICD-10,7670,3,5,1999,1999,"01-04, 05-09, <1"
ICD-10,7596,5,5,1999,2000,"45-49, 50-54, 55-59, 60-64"
ICD-10,7651,3,5,1999,2000,<1
ICD-10,8909,5,5,1999,2000,"30-34, 50-54, 60-64, 65-69, 70-74"
ICD-10,949,5,5,1999,1999,"60-64, 75-79, 80-84, 85+"
ICD-10,8869,5,5,1999,2000,"45-49, 50-54, 70-74, 75-79, 85+"
ICD-10,8163,5,5,1999,2000,"20-24, 30-34, 45-49"
ICD-10,1810,5,5,1999,2000,"30-34, 35-39, 40-44, 50-54, 60-64"
ICD-10,1361,5,5,1999,2000,"15-19, 45-49, 70-74, 80-84, 85+"
ICD-10,8260,5,5,1999,2000,"60-64, 75-79, 80-84"
ICD-10,8041,5,5,1999,2000,"10-14, 20-24, 25-29"
ICD-10,9688,5,5,1999,2000,"15-19, 30-34, 55-59, 85+"
ICD-10,1887,5,5,1999,2000,"45-49, 55-59, 75-79, 80-84"
ICD-10,701,5,5,1999,2000,"15-19, 50-54, 60-64, 75-79, 80-84"
ICD-10,7143,5,5,1999,2000,"35-39, 50-54, 60-64"
ICD-10,6180,4,5,1999,2000,"40-44, 65-69, 85+"
ICD-10,1498,5,5,1999,2000,"35-39, 45-49, 50-54, 65-69, 70-74"
ICD-10,2000,5,5,1999,2000,"50-54, 55-59, 60-64, 65-69, 75-79"
ICD-10,6954,4,5,1999,2000,"20-24, 30-34, 35-39"
ICD-10,8322,5,5,1999,2000,"25-29, 40-44, 50-54, 70-74"
ICD-10,8382,5,5,1999,2000,"20-24, 35-39, 40-44, 45-49, 55-59"
ICD-10,9053,5,5,1999,2000,"35-39, 45-49, 65-69, 80-84, 85+"
ICD-10,7689,3,5,1999,2000,"05-09, <1"
ICD-10,8211,5,5,1999,2000,"01-04, 05-09, 10-14, 15-19, 25-29"
ICD-10,8520,5,5,2000,2000,"20-24, 25-29, 30-34, 35-39, 50-54"
ICD-10,7230,4,5,1999,2000,"70-74, 75-79, 80-84"
ICD-10,6181,4,5,1999,2000,"60-64, 70-74, 80-84"
ICD-10,1398,5,5,1999,2000,"45-49, 65-69, 80-84, 85+"
ICD-10,2819,5,5,1999,2000,"70-74, 75-79, 80-84, 85+"
ICD-10,5337,3,5,1999,2000,"80-84, 85+"
ICD-10,2538,4,5,1999,2000,"30-34, 50-54, 60-64, 70-74"
ICD-10,4641,5,5,1999,2000,"15-19, 65-69, 70-74, 75-79, <1"
ICD-10,2771,5,5,2000,2000,"20-24, 25-29, 65-69, 70-74, 75-79"
ICD-10,4533,5,5,1999,2000,"30-34, 65-69, 70-74, 75-79, <1"
ICD-10,2504,5,5,1999,2000,"60-64, 65-69, 75-79, 80-84, 85+"
ICD-10,5641,4,5,1999,2000,"70-74, 80-84, 85+"
ICD-10,4408,5,5,2000,2000,"55-59, 70-74, 75-79, 80-84, 85+"
ICD-10,6072,5,5,1999,2000,"70-74, 75-79, 80-84, 85+"
ICD-10,2894,5,5,1999,2000,"70-74, 80-84, <1"
ICD-10,4295,5,5,1999,2000,"40-44, 55-59, 75-79"
ICD-10,2953,4,5,1999,2000,"35-39, 75-79, 85+"
ICD-10,4270,4,5,1999,2000,"55-59, 60-64, 80-84, 85+"
ICD-10,4263,5,5,1999,2000,"65-69, 80-84, 85+"
ICD-10,5764,4,5,1999,2000,"15-19, 70-74, 75-79, 85+"
ICD-10,3004,4,5,1999,2000,"75-79, 80-84, 85+"
ICD-10,4238,4,5,1999,2000,"45-49, 65-69, 85+"
ICD-10,5963,4,5,1999,2000,"60-64, 75-79, 85+"
ICD-10,5958,4,5,1999,2000,"60-64, 65-69, 80-84, 85+"
ICD-10,5828,5,5,1999,2000,"65-69, 75-79, 80-84, 85+"
ICD-10,5834,3,5,1999,1999,"65-69, 80-84, 85+"
ICD-10,391,5,5,1999,2000,"45-49, 65-69, 80-84, 85+"
ICD-10,4750,5,5,1999,1999,"25-29, 35-39, 55-59, 60-64, 70-74"
ICD-10,3181,5,5,1999,2000,"25-29, 30-34, 50-54, 60-64, 80-84"
ICD-10,2610,4,5,1999,2000,"65-69, 70-74, 80-84"
ICD-10,3336,5,5,1999,2000,"40-44, 60-64, 70-74, 80-84"
ICD-10,5190,5,5,1999,2000,"35-39, 55-59, 60-64, 70-74"
ICD-10,2722,5,5,1999,2000,"60-64, 65-69, 75-79, 80-84, 85+"
ICD-10,3379,5,5,1999,2000,"55-59, 70-74, 75-79, 85+"
ICD-10,490,4,5,1999,2000,"25-29, 50-54, 70-74, 80-84"
ICD-10,2620,5,5,2000,2000,"30-34, 35-39, 50-54, 60-64, 75-79"
ICD-10,2651,5,5,1999,1999,"40-44, 45-49, 50-54, 55-59, 65-69"
ICD-10,3321,3,5,1999,2000,"70-74, 75-79, 85+"
ICD-10,3041,4,4,1999,2000,"30-34, 35-39, 70-74"
ICD-10,7819,3,4,1999,2000,"75-79, 80-84"
ICD-10,3000,3,4,1999,2000,"80-84, 85+"
ICD-10,9041,3,4,1999,2000,"45-49, 55-59, 85+"
ICD-10,9060,4,4,1999,2000,"25-29, 50-54, 70-74, <1"
ICD-10,4171,4,4,1999,2000,"30-34, 50-54, 55-59"
ICD-10,5755,4,4,1999,2000,"70-74, 75-79"
ICD-10,2271,4,4,1999,2000,"40-44, 50-54, 60-64, 70-74"
ICD-10,8932,4,4,1999,2000,"35-39, 55-59, 80-84"
ICD-10,5181,3,4,2000,2000,"75-79, 85+, <1"
ICD-10,8411,3,4,1999,2000,"25-29, 30-34, 35-39"
ICD-10,7222,4,4,1999,2000,"45-49, 65-69, 70-74, 85+"
ICD-10,5743,4,4,1999,2000,"70-74, 75-79, 80-84"
ICD-10,416,4,4,1999,2000,"35-39, 75-79, 80-84"
ICD-10,7893,2,4,1999,2000,85+
ICD-10,8079,4,4,1999,2000,"25-29, 40-44, 50-54, 85+"
ICD-10,3075,4,4,1999,2000,"20-24, 60-64, 65-69, 80-84"
ICD-10,1885,4,4,1999,2000,"70-74, 80-84, 85+"
ICD-10,7194,4,4,1999,2000,"70-74, 80-84, 85+"
ICD-10,5837,4,4,1999,2000,"55-59, 85+"
ICD-10,4031,4,4,1999,2000,"75-79, 80-84, 85+"
ICD-10,9199,4,4,1999,2000,"25-29, 30-34, 55-59"
ICD-10,399,3,4,1999,2000,"45-49, 55-59, 65-69"
ICD-10,7119,4,4,1999,2000,"70-74, 75-79, 85+"
ICD-10,2140,4,4,1999,2000,"40-44, 55-59, 75-79"
ICD-10,8222,4,4,1999,2000,"15-19, 25-29, 30-34, 35-39"
ICD-10,7711,3,4,1999,1999,"10-14, <1"
ICD-10,8913,4,4,1999,2000,"20-24, 25-29, 55-59, 75-79"
ICD-10,8412,4,4,2000,2000,"30-34, 35-39, 45-49, 55-59"
ICD-10,840,4,4,1999,2000,"35-39, 50-54, 60-64, 70-74"
ICD-10,7583,3,4,1999,2000,"05-09, 10-14, <1"
ICD-10,4781,4,4,1999,2000,"50-54, 60-64, 65-69, 80-84"
ICD-10,532,4,4,1999,2000,"80-84, 85+"
ICD-10,8447,3,4,1999,2000,"25-29, 35-39, 50-54"
ICD-10,8273,4,4,1999,2000,"05-09, 30-34, 65-69, 80-84"
ICD-10,8504,4,4,1999,1999,"15-19, 20-24, 35-39, 50-54"
ICD-10,4878,4,4,1999,2000,"60-64, 75-79, 80-84, <1"
ICD-10,4640,4,4,1999,2000,"55-59, 70-74, 85+"
ICD-10,8551,4,4,1999,1999,"25-29, 35-39, 40-44"
ICD-10,4568,4,4,1999,2000,"40-44, 45-49, 75-79"
ICD-10,4541,4,4,1999,2000,"60-64, 70-74, 80-84, 85+"
ICD-10,7533,4,4,1999,2000,"35-39, 60-64, 85+"
ICD-10,8624,4,4,1999,2000,"35-39, 45-49, 50-54"
ICD-10,2452,4,4,1999,2000,"45-49, 65-69, 70-74, 85+"
ICD-10,9252,3,4,1999,2000,"20-24, 30-34, 45-49"
ICD-10,750,4,4,1999,2000,"15-19, 20-24, 25-29"
ICD-10,4430,4,4,1999,2000,"70-74, 75-79, 85+"
ICD-10,1920,4,4,1999,2000,"30-34, 40-44, 65-69, 75-79"
ICD-10,2863,4,4,1999,1999,"01-04, 30-34, 60-64, 65-69"
ICD-10,5313,4,4,1999,2000,"60-64, 80-84, 85+"
ICD-10,7708,3,4,1999,2000,<1
ICD-10,2881,4,4,1999,2000,"10-14, 20-24, 35-39, 70-74"
ICD-10,2888,4,4,1999,2000,"01-04, 65-69, 70-74"
ICD-10,2371,4,4,1999,2000,"25-29, 55-59, 70-74, 75-79"
ICD-10,433,4,4,1999,2000,"20-24, 30-34, 35-39, 40-44"
ICD-10,2740,4,4,1999,2000,"80-84, 85+"
ICD-10,6179,4,4,1999,2000,"20-24, 40-44, 45-49, 75-79"
ICD-10,7383,4,4,1999,2000,"15-19, 55-59, 80-84, 85+"
ICD-10,5194,3,4,1999,2000,"70-74, 75-79"
ICD-10,9421,3,4,1999,2000,"75-79, 85+"
ICD-10,340,4,4,1999,2000,"15-19, 30-34, 80-84, 85+"
ICD-10,2115,4,4,1999,2000,"55-59, 65-69, 70-74, 75-79"
ICD-10,6218,4,4,1999,2000,"50-54, 55-59, 80-84, 85+"
ICD-10,339,3,4,1999,2000,<1
ICD-10,6119,4,4,1999,2000,"55-59, 65-69, 70-74, 80-84"
ICD-10,9828,4,4,2000,2000,"35-39, 45-49, 50-54, 65-69"
ICD-10,5999,4,4,1999,2000,"10-14, 60-64, 65-69, 85+"
ICD-10,6486,2,4,1999,2000,25-29
ICD-10,9640,3,4,1999,2000,"30-34, 35-39, <1"
ICD-10,702,4,4,1999,2000,"60-64, 70-74, 85+"
ICD-10,3208,4,4,1999,2000,"70-74, 75-79, <1"
ICD-10,5935,4,4,1999,2000,"60-64, 75-79, 80-84, 85+"
ICD-10,1471,4,4,2000,2000,"35-39, 55-59, 65-69, 80-84"
ICD-10,3431,3,4,1999,2000,"60-64, 80-84"
ICD-10,9807,4,4,1999,2000,"35-39, 40-44, 45-49"
ICD-10,6748,4,4,1999,2000,"20-24, 35-39, 40-44"
ICD-10,1401,4,4,1999,2000,"75-79, 85+"
ICD-10,6821,4,4,2000,2000,"30-34, 65-69, 75-79, 85+"
ICD-10,9811,4,4,1999,2000,"25-29, 35-39, 40-44, 80-84"
ICD-10,9890,4,4,1999,2000,"01-04, 05-09, 30-34, 50-54"
ICD-10,5991,4,4,1999,2000,"35-39, 60-64, 65-69, 85+"
ICD-10,9690,4,4,1999,2000,"40-44, 50-54, 70-74, 85+"
ICD-10,2123,4,4,1999,2000,"01-04, 10-14, 60-64, 80-84"
ICD-10,7556,2,3,1999,2000,"50-54, 75-79"
ICD-10,9700,3,3,2000,2000,"20-24, 25-29, 45-49"
ICD-10,9682,3,3,1999,2000,"15-19, 35-39, 65-69"
ICD-10,2535,3,3,1999,2000,"01-04, 50-54, 70-74"
ICD-10,4731,3,3,1999,2000,"15-19, 50-54, 55-59"
ICD-10,4730,3,3,1999,2000,"65-69, 70-74, 75-79"
ICD-10,3510,3,3,2000,2000,"65-69, 80-84, 85+"
ICD-10,8509,3,3,1999,2000,"35-39, 55-59"
ICD-10,8554,3,3,1999,2000,"20-24, 25-29, 65-69"
ICD-10,4598,3,3,1999,1999,"60-64, 70-74, 75-79"
ICD-10,9671,3,3,1999,2000,"01-04, 05-09"
ICD-10,8570,3,3,2000,2000,"01-04, 05-09, 35-39"
ICD-10,3594,3,3,1999,2000,"05-09, 40-44, 45-49"
ICD-10,1717,3,3,2000,2000,"30-34, 50-54, 75-79"
ICD-10,5689,2,3,1999,2000,"70-74, 75-79"
ICD-10,5651,2,3,2000,2000,"80-84, 85+"
ICD-10,5649,3,3,2000,2000,"70-74, 80-84, 85+"
ICD-10,3621,3,3,1999,2000,"80-84, 85+"
ICD-10,3241,3,3,1999,2000,"65-69, 70-74, 75-79"
ICD-10,2393,3,3,1999,2000,"60-64, 65-69, 70-74"
ICD-10,7484,3,3,1999,2000,"01-04, <1"
ICD-10,7099,2,3,2000,2000,"80-84, 85+"
ICD-10,6697,3,3,1999,2000,"30-34, 35-39"
ICD-10,3260,3,3,1999,1999,"25-29, 30-34, 65-69"
ICD-10,2419,3,3,1999,2000,"80-84, 85+"
ICD-10,2811,3,3,1999,2000,"80-84, 85+"
ICD-10,8642,3,3,2000,2000,"40-44, 80-84, 85+"
ICD-10,1500,3,3,1999,2000,"55-59, 70-74, 85+"
ICD-10,4480,2,3,1999,2000,80-84
ICD-10,8602,3,3,1999,2000,"40-44, 55-59"
ICD-10,6425,3,3,1999,2000,"25-29, 30-34, 35-39"
ICD-10,350,3,3,1999,2000,"40-44, 60-64, 85+"
ICD-10,8320,3,3,1999,2000,"35-39, 40-44, 65-69"
ICD-10,3482,3,3,2000,2000,"15-19, 35-39, 50-54"
ICD-10,9806,3,3,1999,1999,"20-24, 70-74, 75-79"
ICD-10,3370,3,3,1999,2000,"75-79, 80-84, 85+"
ICD-10,8187,3,3,1999,2000,"30-34, 60-64, 75-79"
ICD-10,7798,3,3,1999,2000,<1
ICD-10,7806,3,3,2000,2000,"25-29, 85+"
ICD-10,9885,3,3,2000,2000,"25-29, 35-39, 65-69"
ICD-10,3341,3,3,1999,2000,"70-74, 75-79, 80-84"
ICD-10,7830,3,3,1999,2000,"45-49, 75-79"
ICD-10,1841,3,3,1999,1999,"35-39, 50-54, 85+"
ICD-10,2706,3,3,1999,1999,"01-04, 15-19, <1"
ICD-10,2703,3,3,1999,2000,"05-09, 10-14, <1"
ICD-10,1879,3,3,1999,2000,"80-84, 85+"
ICD-10,6190,2,3,2000,2000,"80-84, 85+"
ICD-10,8072,3,3,1999,2000,"15-19, 20-24, 25-29"
ICD-10,8050,3,3,1999,1999,"30-34, 55-59, 60-64"
ICD-10,1009,3,3,2000,2000,"35-39, 50-54, 60-64"
ICD-10,1330,2,3,1999,2000,"80-84, 85+"
ICD-10,7994,2,3,2000,2000,"70-74, 85+"
ICD-10,5060,3,3,1999,2000,"65-69, 70-74, 75-79"
ICD-10,8196,3,3,1999,1999,"10-14, 50-54"
ICD-10,8197,3,3,1999,2000,"30-34, 50-54, 80-84"
ICD-10,7615,3,3,1999,2000,<1
ICD-10,2551,3,3,1999,1999,"80-84, 85+, <1"
ICD-10,7590,3,3,1999,2000,"01-04, <1"
ICD-10,8403,2,3,2000,2000,"40-44, 50-54"
ICD-10,5330,3,3,1999,1999,"70-74, 85+"
ICD-10,2373,3,3,1999,1999,"15-19, 30-34, 55-59"
ICD-10,7600,1,3,1999,1999,<1
ICD-10,8313,2,3,1999,1999,"20-24, 25-29"
ICD-10,8309,3,3,1999,1999,"35-39, 40-44, 55-59"
ICD-10,2721,3,3,2000,2000,"40-44, 45-49, 50-54"
ICD-10,7649,3,3,1999,2000,<1
ICD-10,5323,3,3,1999,2000,"75-79, 85+"
ICD-10,3454,3,3,1999,1999,"01-04, 25-29, 75-79"
ICD-10,3446,3,3,1999,2000,"30-34, 75-79, 85+"
ICD-10,3442,2,3,1999,1999,"30-34, 80-84"
ICD-10,3337,3,3,1999,2000,"25-29, 30-34, 75-79"
ICD-10,6161,3,3,1999,2000,"50-54, 85+"
ICD-10,8791,2,3,1999,2000,"70-74, 75-79"
ICD-10,3918,3,3,2000,2000,"30-34, 75-79, 80-84"
ICD-10,138,3,3,1999,2000,"45-49, 80-84"
ICD-10,5763,3,3,2000,2000,"70-74, 75-79, 85+"
ICD-10,7249,3,3,2000,2000,"10-14, 45-49, 50-54"
ICD-10,2167,3,3,1999,2000,"80-84, 85+"
ICD-10,9063,3,3,1999,2000,"70-74, 75-79, 85+"
ICD-10,7283,3,3,1999,2000,"10-14, 70-74, <1"
ICD-10,1300,3,3,1999,2000,"50-54, 55-59, <1"
ICD-10,9478,3,3,1999,2000,"25-29, 50-54, 80-84"
ICD-10,2979,3,3,1999,2000,"45-49, 85+"
ICD-10,2253,2,3,2000,2000,"30-34, 65-69"
ICD-10,9389,3,3,1999,2000,"30-34, 35-39, 65-69"
ICD-10,3830,2,3,1999,1999,"35-39, 75-79"
ICD-10,2254,3,3,1999,1999,"65-69, 70-74, 85+"
ICD-10,5753,3,3,1999,2000,"65-69, 85+"
ICD-10,4265,3,3,1999,1999,"75-79, 80-84, 85+"
ICD-10,8970,3,3,1999,2000,"60-64, 80-84"
ICD-10,6851,3,3,1999,2000,"65-69, 75-79"
ICD-10,8920,2,3,2000,2000,"25-29, 30-34"
ICD-10,3009,3,3,2000,2000,"10-14, 25-29, 85+"
ICD-10,6958,3,3,1999,2000,"75-79, 85+"
ICD-10,1120,2,3,2000,2000,85+
ICD-10,9220,3,3,1999,2000,"15-19, 30-34, 35-39"
ICD-10,2053,3,3,1999,2000,"20-24, 35-39, 70-74"
ICD-10,3203,3,3,1999,2000,"55-59, 70-74, 75-79"
ICD-10,5888,3,3,1999,2000,"55-59, 60-64, 85+"
ICD-10,1573,3,3,2000,2000,"50-54, 55-59, 85+"
ICD-10,9291,3,3,2000,2000,"35-39, 45-49, 55-59"
ICD-10,706,3,3,1999,1999,"35-39, 70-74, 75-79"
ICD-10,39,3,3,1999,2000,"25-29, 50-54, <1"
ICD-10,9218,3,3,1999,2000,"25-29, 35-39, 40-44"
ICD-10,9133,3,3,1999,2000,"20-24, 30-34, 35-39"
ICD-10,9203,3,3,1999,2000,"25-29, 30-34, 65-69"
ICD-10,2017,3,3,1999,2000,"25-29, 60-64, 75-79"
ICD-10,2118,3,3,1999,2000,"70-74, 75-79, 80-84"
ICD-10,9342,3,3,1999,2000,"50-54, 70-74, 85+"
ICD-10,7213,2,3,1999,2000,85+
ICD-10,9384,2,3,2000,2000,"45-49, 60-64"
ICD-10,7226,3,3,1999,1999,"55-59, 75-79, 80-84"
ICD-10,2281,3,3,1999,2000,"75-79, <1"
ICD-10,2820,3,3,1999,2000,"01-04, 55-59, 80-84"
ICD-10,2893,3,3,1999,2000,"75-79, 80-84, 85+"
ICD-10,2903,3,3,1999,2000,85+
ICD-10,8908,3,3,1999,1999,"01-04, 35-39, 60-64"
ICD-10,117,3,3,1999,2000,"40-44, 65-69"
ICD-10,9511,3,3,1999,1999,"30-34, 65-69, 70-74"
ICD-10,7425,3,3,1999,2000,"80-84, 85+"
ICD-10,7460,3,3,1999,2000,"01-04, 25-29, <1"
ICD-10,1659,3,3,1999,2000,"70-74, 80-84, 85+"
ICD-10,5721,3,3,1999,2000,"70-74, 75-79, 85+"
ICD-10,7453,3,3,1999,2000,"20-24, <1"
ICD-10,7420,3,3,1999,2000,<1
ICD-10,5730,3,3,2000,2000,"60-64, 65-69, 85+"
ICD-10,8179,2,2,1999,2000,"70-74, 80-84"
ICD-10,4040,2,2,2000,2000,"35-39, 75-79"
ICD-10,4030,2,2,1999,2000,"50-54, 75-79"
ICD-10,2711,2,2,2000,2000,"01-04, <1"
ICD-10,8840,2,2,1999,2000,"01-04, 15-19"
ICD-10,5081,2,2,2000,2000,"45-49, 80-84"
ICD-10,5071,2,2,2000,2000,"75-79, 85+"
ICD-10,2798,2,2,2000,2000,"55-59, 70-74"
ICD-10,8186,2,2,2000,2000,"30-34, 55-59"
ICD-10,9194,2,2,1999,2000,"15-19, 45-49"
ICD-10,8170,2,2,2000,2000,70-74
ICD-10,3089,2,2,1999,2000,85+
ICD-10,93,2,2,1999,2000,"50-54, 60-64"
ICD-10,3853,2,2,2000,2000,"15-19, 35-39"
ICD-10,1209,2,2,1999,2000,"45-49, 85+"
ICD-10,1177,2,2,1999,2000,"15-19, 55-59"
ICD-10,4150,2,2,1999,2000,"65-69, 85+"
ICD-10,8237,2,2,2000,2000,"40-44, 80-84"
ICD-10,2851,2,2,1999,2000,"45-49, 70-74"
ICD-10,8177,2,2,1999,2000,"10-14, 60-64"
ICD-10,5131,2,2,1999,2000,"70-74, 80-84"
ICD-10,2707,2,2,1999,2000,01-04
ICD-10,3723,2,2,2000,2000,75-79
ICD-10,3625,2,2,1999,1999,85+
ICD-10,3930,2,2,2000,2000,"60-64, 65-69"
ICD-10,9990,2,2,1999,1999,"20-24, 65-69"
ICD-10,2874,2,2,1999,2000,"75-79, 85+"
ICD-10,80,2,2,1999,2000,"05-09, 50-54"
ICD-10,5189,2,2,1999,2000,"55-59, 75-79"
ICD-10,9940,1,2,2000,2000,25-29
ICD-10,32,2,2,1999,2000,"70-74, 85+"
ICD-10,2890,2,2,2000,2000,"75-79, 85+"
ICD-10,8100,2,2,1999,1999,"35-39, 55-59"
ICD-10,2867,2,2,1999,2000,"40-44, 75-79"
ICD-10,1878,2,2,1999,1999,"55-59, 70-74"
ICD-10,9230,2,2,1999,2000,"15-19, 50-54"
ICD-10,8128,2,2,1999,1999,"15-19, 55-59"
ICD-10,2702,2,2,1999,2000,"30-34, 75-79"
ICD-10,8135,2,2,1999,2000,"50-54, 55-59"
ICD-10,1876,2,2,1999,2000,"75-79, 85+"
ICD-10,9529,2,2,2000,2000,"35-39, 75-79"
ICD-10,9228,2,2,1999,2000,"10-14, 65-69"
ICD-10,2864,2,2,1999,1999,"25-29, 80-84"
ICD-10,8760,2,2,1999,2000,"40-44, 85+"
ICD-10,3054,2,2,2000,2000,"20-24, 40-44"
ICD-10,8258,2,2,1999,1999,"30-34, 75-79"
ICD-10,2741,2,2,1999,2000,"65-69, 85+"
ICD-10,4296,2,2,2000,2000,"50-54, 60-64"
ICD-10,9021,2,2,1999,1999,"20-24, 25-29"
ICD-10,3484,2,2,1999,1999,"65-69, 70-74"
ICD-10,9009,2,2,1999,1999,"20-24, <1"
ICD-10,9001,2,2,1999,2000,"35-39, 40-44"
ICD-10,4749,2,2,1999,2000,"55-59, <1"
ICD-10,8614,2,2,1999,2000,35-39
ICD-10,9670,2,2,1999,2000,"01-04, <1"
ICD-10,3222,2,2,1999,2000,"55-59, 60-64"
ICD-10,1628,2,2,2000,2000,"55-59, 65-69"
ICD-10,8510,2,2,1999,2000,"40-44, 75-79"
ICD-10,2766,2,2,1999,2000,"70-74, 85+"
ICD-10,1372,2,2,2000,2000,"65-69, 85+"
ICD-10,4272,2,2,1999,1999,"80-84, 85+"
ICD-10,4489,2,2,2000,2000,"25-29, 75-79"
ICD-10,3801,2,2,1999,2000,"55-59, 75-79"
ICD-10,9684,2,2,1999,2000,"50-54, <1"
ICD-10,2799,2,2,1999,2000,"30-34, 85+"
ICD-10,8919,2,2,2000,2000,"40-44, 45-49"
ICD-10,4562,2,2,1999,1999,"40-44, 80-84"
ICD-10,9507,2,2,1999,2000,"45-49, 70-74"
ICD-10,3529,2,2,2000,2000,"60-64, 80-84"
ICD-10,8643,2,2,1999,2000,"30-34, 75-79"
ICD-10,3470,2,2,2000,2000,"75-79, 85+"
ICD-10,9590,2,2,1999,2000,"25-29, 60-64"
ICD-10,4431,2,2,2000,2000,"40-44, 45-49"
ICD-10,8257,2,2,1999,2000,"40-44, 45-49"
ICD-10,8585,2,2,1999,2000,"30-34, 70-74"
ICD-10,8259,2,2,1999,2000,"10-14, 60-64"
ICD-10,8750,2,2,1999,1999,"45-49, 60-64"
ICD-10,8748,2,2,2000,2000,"60-64, 65-69"
ICD-10,1604,2,2,1999,2000,60-64
ICD-10,1605,2,2,1999,2000,"25-29, 70-74"
ICD-10,9390,2,2,1999,2000,"55-59, 70-74"
ICD-10,830,2,2,1999,2000,"65-69, 80-84"
ICD-10,8312,1,2,2000,2000,25-29
ICD-10,8900,2,2,1999,2000,"25-29, 30-34"
ICD-10,3760,2,2,2000,2000,"80-84, 85+"
ICD-10,941,2,2,1999,2000,"75-79, 85+"
ICD-10,2910,2,2,1999,2000,"45-49, 75-79"
ICD-10,9058,2,2,1999,1999,"40-44, 85+"
ICD-10,8321,2,2,1999,2000,"35-39, 50-54"
ICD-10,8332,2,2,1999,1999,"20-24, 25-29"
ICD-10,9460,2,2,2000,2000,"60-64, 75-79"
ICD-10,8381,2,2,1999,2000,"20-24, 50-54"
ICD-10,3699,2,2,1999,1999,"80-84, 85+"
ICD-10,4784,2,2,1999,2000,"70-74, 75-79"
ICD-10,8198,2,2,1999,1999,"45-49, 55-59"
ICD-10,5752,2,2,1999,1999,"80-84, 85+"
ICD-10,7703,1,2,2000,2000,<1
ICD-10,2558,2,2,1999,2000,50-54
ICD-10,7149,2,2,2000,2000,"75-79, 85+"
ICD-10,2023,2,2,1999,1999,"55-59, 75-79"
ICD-10,7621,2,2,1999,2000,<1
ICD-10,2112,2,2,1999,1999,"45-49, 75-79"
ICD-10,7486,2,2,2000,2000,<1
ICD-10,5836,2,2,2000,2000,"75-79, <1"
ICD-10,2598,2,2,2000,2000,"60-64, <1"
ICD-10,7684,2,2,2000,2000,"01-04, <1"
ICD-10,6731,2,2,1999,1999,"25-29, 35-39"
ICD-10,2600,2,2,1999,2000,"45-49, 65-69"
ICD-10,7710,2,2,2000,2000,"20-24, 30-34"
ICD-10,7459,2,2,1999,2000,"50-54, 75-79"
ICD-10,2388,2,2,1999,2000,"50-54, 80-84"
ICD-10,5312,2,2,2000,2000,"70-74, 85+"
ICD-10,72,2,2,1999,1999,"10-14, 15-19"
ICD-10,5690,2,2,1999,2000,"70-74, 85+"
ICD-10,6713,2,2,1999,2000,"20-24, 30-34"
ICD-10,6712,2,2,1999,2000,30-34
ICD-10,6700,2,2,2000,2000,"30-34, 35-39"
ICD-10,5820,2,2,1999,1999,"65-69, 75-79"
ICD-10,7465,2,2,1999,1999,"45-49, 50-54"
ICD-10,6660,2,2,1999,2000,"20-24, 30-34"
ICD-10,6484,1,2,1999,1999,25-29
ICD-10,7490,2,2,1999,2000,"60-64, <1"
ICD-10,6040,2,2,1999,2000,"80-84, 85+"
ICD-10,5846,2,2,1999,1999,"65-69, 80-84"
ICD-10,5847,2,2,2000,2000,85+
ICD-10,7011,2,2,2000,2000,"75-79, 85+"
ICD-10,5937,2,2,1999,2000,"45-49, 55-59"
ICD-10,7543,2,2,1999,2000,"05-09, 65-69"
ICD-10,5964,2,2,1999,1999,"35-39, 75-79"
ICD-10,5518,2,2,2000,2000,"60-64, 85+"
ICD-10,7558,2,2,1999,2000,"05-09, <1"
ICD-10,5970,2,2,1999,2000,"75-79, 80-84"
ICD-10,5978,1,2,1999,1999,85+
ICD-10,7517,2,2,1999,1999,"01-04, 80-84"
ICD-10,1228,2,2,1999,2000,"70-74, 75-79"
ICD-10,2121,2,2,1999,2000,"60-64, <1"
ICD-10,5362,1,2,2000,2000,85+
ICD-10,2537,2,2,1999,2000,"75-79, 80-84"
ICD-10,2132,2,2,2000,2000,"55-59, 80-84"
ICD-10,5891,2,2,1999,2000,"45-49, 65-69"
ICD-10,5881,2,2,1999,2000,"55-59, 75-79"
ICD-10,7511,2,2,1999,2000,<1
ICD-10,6850,2,2,1999,2000,"60-64, 75-79"
ICD-10,6840,2,2,1999,2000,85+
ICD-10,2539,2,2,2000,2000,"40-44, 75-79"
ICD-10,7586,2,2,1999,2000,"60-64, 65-69"
ICD-10,6021,2,2,1999,2000,85+
ICD-10,5333,2,2,1999,1999,85+
ICD-10,5818,2,2,1999,1999,"60-64, 65-69"
ICD-10,551,2,2,1999,1999,"10-14, 50-54"
ICD-10,7824,2,2,1999,2000,"70-74, 85+"
ICD-10,7807,2,2,2000,2000,"75-79, 85+"
ICD-10,1902,2,2,1999,2000,"65-69, 85+"
ICD-10,5744,2,2,2000,2000,"75-79, 85+"
ICD-10,7338,2,2,1999,1999,"45-49, 85+"
ICD-10,6331,2,2,2000,2000,"25-29, 30-34"
ICD-10,7899,2,2,2000,2000,"75-79, 80-84"
ICD-10,6205,2,2,1999,2000,"65-69, 75-79"
ICD-10,2354,2,2,1999,1999,"50-54, 75-79"
ICD-10,7906,2,2,1999,2000,"01-04, 05-09"
ICD-10,7842,2,2,1999,2000,"65-69, 85+"
ICD-10,2298,2,2,1999,2000,"65-69, 70-74"
ICD-10,7847,2,2,1999,2000,"80-84, 85+"
ICD-10,7908,2,2,1999,1999,"20-24, 85+"
ICD-10,7780,2,2,1999,2000,<1
ICD-10,2367,2,2,1999,2000,85+
ICD-10,2662,1,2,1999,1999,85+
ICD-10,7989,2,2,1999,1999,"40-44, 60-64"
ICD-10,1900,2,2,1999,2000,"60-64, 65-69"
ICD-10,1941,2,2,1999,2000,"70-74, 75-79"
ICD-10,6117,2,2,1999,2000,85+
ICD-10,5306,2,2,1999,1999,"75-79, 85+"
ICD-10,1000,2,2,1999,2000,"55-59, 60-64"
ICD-10,6183,1,2,2000,2000,85+
ICD-10,9022,1,1,2000,2000,30-34
ICD-10,9249,1,1,2000,2000,80-84
ICD-10,3200,1,1,1999,1999,65-69
ICD-10,9238,1,1,1999,1999,15-19
ICD-10,2136,1,1,1999,1999,75-79
ICD-10,3952,1,1,1999,1999,80-84
ICD-10,3951,1,1,2000,2000,65-69
ICD-10,7282,1,1,1999,1999,70-74
ICD-10,9239,1,1,1999,1999,50-54
ICD-10,729,1,1,2000,2000,85+
ICD-10,5813,1,1,2000,2000,75-79
ICD-10,2125,1,1,2000,2000,40-44
ICD-10,9294,1,1,2000,2000,35-39
ICD-10,9309,1,1,1999,1999,80-84
ICD-10,7010,1,1,2000,2000,80-84
ICD-10,1961,1,1,2000,2000,70-74
ICD-10,2072,1,1,2000,2000,75-79
ICD-10,7295,1,1,2000,2000,80-84
ICD-10,1983,1,1,2000,2000,65-69
ICD-10,1613,1,1,1999,1999,75-79
ICD-10,123,1,1,2000,2000,85+
ICD-10,2969,1,1,2000,2000,75-79
ICD-10,2119,1,1,1999,1999,85+
ICD-10,5932,1,1,1999,1999,65-69
ICD-10,4258,1,1,2000,2000,40-44
ICD-10,7293,1,1,1999,1999,70-74
ICD-10,3912,1,1,1999,1999,35-39
ICD-10,2139,1,1,2000,2000,65-69
ICD-10,2150,1,1,2000,2000,10-14
ICD-10,9049,1,1,1999,1999,80-84
ICD-10,2982,1,1,1999,1999,85+
ICD-10,9191,1,1,2000,2000,40-44
ICD-10,3002,1,1,1999,1999,60-64
ICD-10,7261,1,1,2000,2000,40-44
ICD-10,931,1,1,1999,1999,50-54
ICD-10,7190,1,1,2000,2000,75-79
ICD-10,58,1,1,2000,2000,85+
ICD-10,7242,1,1,2000,2000,80-84
ICD-10,5822,1,1,1999,1999,70-74
ICD-10,5808,1,1,1999,1999,75-79
ICD-10,159,1,1,1999,1999,85+
ICD-10,7231,1,1,2000,2000,80-84
ICD-10,3011,1,1,2000,2000,65-69
ICD-10,2165,1,1,1999,1999,80-84
ICD-10,7221,1,1,2000,2000,75-79
ICD-10,7227,1,1,2000,2000,70-74
ICD-10,3019,1,1,2000,2000,85+
ICD-10,9132,1,1,1999,1999,25-29
ICD-10,2230,1,1,1999,1999,75-79
ICD-10,3090,1,1,1999,1999,85+
ICD-10,909,1,1,1999,1999,75-79
ICD-10,9201,1,1,2000,2000,45-49
ICD-10,7142,1,1,2000,2000,45-49
ICD-10,4010,1,1,2000,2000,35-39
ICD-10,9219,1,1,2000,2000,45-49
ICD-10,311,1,1,1999,1999,60-64
ICD-10,4020,1,1,1999,1999,40-44
ICD-10,9204,1,1,2000,2000,45-49
ICD-10,7280,1,1,1999,1999,50-54
ICD-10,7271,1,1,2000,2000,75-79
ICD-10,4041,1,1,2000,2000,85+
ICD-10,7270,1,1,2000,2000,85+
ICD-10,2155,1,1,2000,2000,85+
ICD-10,9064,1,1,1999,1999,45-49
ICD-10,4250,1,1,2000,2000,55-59
ICD-10,7158,1,1,1999,1999,85+
ICD-10,4242,1,1,2000,2000,75-79
ICD-10,7185,1,1,2000,2000,50-54
ICD-10,309,1,1,1999,1999,80-84
ICD-10,7990,1,1,2000,2000,25-29
ICD-10,9319,1,1,1999,1999,85+
ICD-10,9760,1,1,2000,2000,55-59
ICD-10,3458,1,1,2000,2000,45-49
ICD-10,6351,1,1,2000,2000,40-44
ICD-10,6370,1,1,2000,2000,25-29
ICD-10,6411,1,1,2000,2000,30-34
ICD-10,6412,1,1,1999,1999,35-39
ICD-10,6413,1,1,1999,1999,25-29
ICD-10,1462,1,1,1999,1999,60-64
ICD-10,6426,1,1,2000,2000,35-39
ICD-10,3508,1,1,1999,1999,30-34
ICD-10,1463,1,1,1999,1999,50-54
ICD-10,6429,1,1,2000,2000,30-34
ICD-10,3563,1,1,2000,2000,05-09
ICD-10,6482,1,1,1999,1999,40-44
ICD-10,6485,1,1,2000,2000,25-29
ICD-10,6570,1,1,1999,1999,30-34
ICD-10,9681,1,1,2000,2000,45-49
ICD-10,3523,1,1,1999,1999,85+
ICD-10,6661,1,1,1999,1999,25-29
ICD-10,3545,1,1,1999,1999,75-79
ICD-10,9652,1,1,1999,1999,40-44
ICD-10,3560,1,1,2000,2000,01-04
ICD-10,9650,1,1,1999,1999,05-09
ICD-10,3455,1,1,2000,2000,05-09
ICD-10,6341,1,1,2000,2000,35-39
ICD-10,6338,1,1,1999,1999,30-34
ICD-10,3452,1,1,2000,2000,80-84
ICD-10,1400,1,1,1999,1999,85+
ICD-10,6184,1,1,2000,2000,65-69
ICD-10,993,1,1,2000,2000,45-49
ICD-10,6189,1,1,1999,1999,80-84
ICD-10,6168,1,1,2000,2000,70-74
ICD-10,6201,1,1,1999,1999,75-79
ICD-10,9886,1,1,1999,1999,55-59
ICD-10,6164,1,1,2000,2000,80-84
ICD-10,3359,1,1,1999,1999,60-64
ICD-10,6208,1,1,2000,2000,75-79
ICD-10,6163,1,1,2000,2000,85+
ICD-10,6224,1,1,1999,1999,75-79
ICD-10,3421,1,1,2000,2000,85+
ICD-10,6146,1,1,2000,2000,70-74
ICD-10,6271,1,1,1999,1999,80-84
ICD-10,6298,1,1,2000,2000,75-79
ICD-10,9855,1,1,2000,2000,30-34
ICD-10,6299,1,1,2000,2000,80-84
ICD-10,3443,1,1,1999,1999,85+
ICD-10,6330,1,1,1999,1999,30-34
ICD-10,3331,1,1,1999,1999,80-84
ICD-10,6110,1,1,1999,1999,65-69
ICD-10,3564,1,1,2000,2000,70-74
ICD-10,9328,1,1,1999,1999,45-49
ICD-10,3220,1,1,1999,1999,70-74
ICD-10,2106,1,1,2000,2000,85+
ICD-10,3238,1,1,2000,2000,70-74
ICD-10,1538,1,1,2000,2000,20-24
ICD-10,1373,1,1,1999,1999,60-64
ICD-10,6861,1,1,1999,1999,40-44
ICD-10,3236,1,1,1999,1999,30-34
ICD-10,2102,1,1,1999,1999,55-59
ICD-10,4264,1,1,2000,2000,75-79
ICD-10,69,1,1,2000,2000,65-69
ICD-10,9486,1,1,2000,2000,40-44
ICD-10,6924,1,1,2000,2000,25-29
ICD-10,3575,1,1,2000,2000,60-64
ICD-10,5998,1,1,1999,1999,70-74
ICD-10,9452,1,1,1999,1999,70-74
ICD-10,9447,1,1,1999,1999,55-59
ICD-10,940,1,1,1999,1999,80-84
ICD-10,9398,1,1,2000,2000,85+
ICD-10,9391,1,1,1999,1999,35-39
ICD-10,6952,1,1,2000,2000,30-34
ICD-10,5962,1,1,2000,2000,70-74
ICD-10,9350,1,1,1999,1999,35-39
ICD-10,6964,1,1,1999,1999,75-79
ICD-10,9518,1,1,1999,1999,70-74
ICD-10,6010,1,1,2000,2000,85+
ICD-10,1528,1,1,1999,1999,70-74
ICD-10,2110,1,1,1999,1999,75-79
ICD-10,9600,1,1,2000,2000,35-39
ICD-10,3579,1,1,1999,1999,70-74
ICD-10,330,1,1,1999,1999,<1
ICD-10,9585,1,1,2000,2000,30-34
ICD-10,6089,1,1,1999,1999,65-69
ICD-10,9583,1,1,1999,1999,30-34
ICD-10,6811,1,1,2000,2000,85+
ICD-10,6078,1,1,1999,1999,85+
ICD-10,6071,1,1,1999,1999,85+
ICD-10,3627,1,1,1999,1999,45-49
ICD-10,3659,1,1,1999,1999,85+
ICD-10,3669,1,1,1999,1999,85+
ICD-10,9559,1,1,2000,2000,25-29
ICD-10,9552,1,1,2000,2000,25-29
ICD-10,1516,1,1,1999,1999,85+
ICD-10,9550,1,1,2000,2000,80-84
ICD-10,1518,1,1,1999,1999,70-74
ICD-10,6039,1,1,2000,2000,75-79
ICD-10,370,1,1,1999,1999,85+
ICD-10,3700,1,1,2000,2000,85+
ICD-10,1523,1,1,2000,2000,70-74
ICD-10,3824,1,1,2000,2000,75-79
ICD-10,2329,1,1,1999,1999,80-84
ICD-10,7321,1,1,2000,2000,35-39
ICD-10,2753,1,1,2000,2000,<1
ICD-10,4785,1,1,2000,2000,80-84
ICD-10,2594,1,1,1999,1999,15-19
ICD-10,8319,1,1,1999,1999,55-59
ICD-10,7601,1,1,2000,2000,<1
ICD-10,8311,1,1,1999,1999,50-54
ICD-10,7627,1,1,1999,1999,<1
ICD-10,4800,1,1,2000,2000,<1
ICD-10,2764,1,1,2000,2000,<1
ICD-10,1124,1,1,2000,2000,80-84
ICD-10,7638,1,1,1999,1999,<1
ICD-10,7685,1,1,2000,2000,01-04
ICD-10,2553,1,1,1999,1999,75-79
ICD-10,7700,1,1,1999,1999,<1
ICD-10,1903,1,1,2000,2000,55-59
ICD-10,2730,1,1,2000,2000,85+
ICD-10,8248,1,1,2000,2000,80-84
ICD-10,8241,1,1,2000,2000,20-24
ICD-10,8232,1,1,2000,2000,40-44
ICD-10,8231,1,1,2000,2000,25-29
ICD-10,2728,1,1,2000,2000,01-04
ICD-10,2726,1,1,2000,2000,05-09
ICD-10,7721,1,1,1999,1999,<1
ICD-10,8323,1,1,1999,1999,01-04
ICD-10,8342,1,1,2000,2000,50-54
ICD-10,1954,1,1,2000,2000,80-84
ICD-10,5346,1,1,1999,1999,55-59
ICD-10,7570,1,1,2000,2000,50-54
ICD-10,4733,1,1,2000,2000,45-49
ICD-10,4741,1,1,1999,1999,25-29
ICD-10,1738,1,1,2000,2000,80-84
ICD-10,850,1,1,2000,2000,40-44
ICD-10,849,1,1,1999,1999,20-24
ICD-10,7571,1,1,1999,1999,05-09
ICD-10,8449,1,1,1999,1999,65-69
ICD-10,5349,1,1,1999,1999,85+
ICD-10,8441,1,1,1999,1999,30-34
ICD-10,8419,1,1,2000,2000,60-64
ICD-10,8346,1,1,1999,1999,55-59
ICD-10,8414,1,1,2000,2000,65-69
ICD-10,7588,1,1,2000,2000,25-29
ICD-10,8405,1,1,1999,1999,25-29
ICD-10,7592,1,1,2000,2000,55-59
ICD-10,1368,1,1,2000,2000,85+
ICD-10,8386,1,1,1999,1999,40-44
ICD-10,8384,1,1,2000,2000,25-29
ICD-10,7594,1,1,2000,2000,<1
ICD-10,5331,1,1,1999,1999,75-79
ICD-10,8380,1,1,1999,1999,35-39
ICD-10,8220,1,1,2000,2000,60-64
ICD-10,8218,1,1,2000,2000,25-29
ICD-10,1123,1,1,2000,2000,80-84
ICD-10,5170,1,1,2000,2000,75-79
ICD-10,7839,1,1,1999,1999,45-49
ICD-10,1848,1,1,2000,2000,75-79
ICD-10,2704,1,1,2000,2000,45-49
ICD-10,5160,1,1,2000,2000,50-54
ICD-10,1873,1,1,2000,2000,50-54
ICD-10,8139,1,1,1999,1999,80-84
ICD-10,8132,1,1,2000,2000,30-34
ICD-10,8130,1,1,1999,1999,45-49
ICD-10,2681,1,1,2000,2000,70-74
ICD-10,8126,1,1,2000,2000,70-74
ICD-10,7860,1,1,2000,2000,<1
ICD-10,8213,1,1,2000,2000,60-64
ICD-10,8101,1,1,2000,2000,40-44
ICD-10,5290,1,1,2000,2000,85+
ICD-10,2701,1,1,1999,1999,50-54
ICD-10,2700,1,1,2000,2000,65-69
ICD-10,7907,1,1,1999,1999,20-24
ICD-10,8048,1,1,1999,1999,15-19
ICD-10,792,1,1,2000,2000,<1
ICD-10,793,1,1,2000,2000,<1
ICD-10,5264,1,1,2000,2000,85+
ICD-10,5234,1,1,1999,1999,75-79
ICD-10,7834,1,1,1999,1999,05-09
ICD-10,1833,1,1,1999,1999,75-79
ICD-10,7832,1,1,1999,1999,85+
ICD-10,8169,1,1,2000,2000,30-34
ICD-10,2725,1,1,2000,2000,60-64
ICD-10,7724,1,1,2000,2000,<1
ICD-10,7744,1,1,2000,2000,<1
ICD-10,1759,1,1,2000,2000,65-69
ICD-10,6170,1,1,2000,2000,50-54
ICD-10,7750,1,1,2000,2000,<1
ICD-10,7752,1,1,1999,1999,30-34
ICD-10,2718,1,1,1999,1999,40-44
ICD-10,176,1,1,2000,2000,65-69
ICD-10,7760,1,1,1999,1999,<1
ICD-10,2713,1,1,2000,2000,50-54
ICD-10,8188,1,1,1999,1999,20-24
ICD-10,7776,1,1,2000,2000,<1
ICD-10,8183,1,1,2000,2000,25-29
ICD-10,78,1,1,2000,2000,85+
ICD-10,2630,1,1,1999,1999,40-44
ICD-10,7813,1,1,1999,1999,01-04
ICD-10,8178,1,1,2000,2000,10-14
ICD-10,7822,1,1,2000,2000,80-84
ICD-10,2709,1,1,2000,2000,01-04
ICD-10,7823,1,1,1999,1999,85+
ICD-10,7569,1,1,1999,1999,60-64
ICD-10,2529,1,1,1999,1999,60-64
ICD-10,5430,1,1,1999,1999,60-64
ICD-10,2871,1,1,1999,1999,85+
ICD-10,4320,1,1,2000,2000,70-74
ICD-10,2366,1,1,1999,1999,30-34
ICD-10,1708,1,1,1999,1999,70-74
ICD-10,8800,1,1,2000,2000,65-69
ICD-10,8799,1,1,2000,2000,65-69
ICD-10,2374,1,1,2000,2000,75-79
ICD-10,5696,1,1,2000,2000,60-64
ICD-10,8794,1,1,1999,1999,85+
ICD-10,7466,1,1,1999,1999,50-54
ICD-10,8790,1,1,2000,2000,70-74
ICD-10,4375,1,1,1999,1999,50-54
ICD-10,7489,1,1,2000,2000,<1
ICD-10,1721,1,1,1999,1999,75-79
ICD-10,1923,1,1,2000,2000,75-79
ICD-10,2379,1,1,2000,2000,80-84
ICD-10,239,1,1,2000,2000,85+
ICD-10,7480,1,1,2000,2000,<1
ICD-10,2832,1,1,2000,2000,45-49
ICD-10,8764,1,1,2000,2000,70-74
ICD-10,7482,1,1,2000,2000,80-84
ICD-10,2410,1,1,1999,1999,55-59
ICD-10,8720,1,1,1999,1999,01-04
ICD-10,8831,1,1,1999,1999,75-79
ICD-10,432,1,1,1999,1999,50-54
ICD-10,2364,1,1,2000,2000,80-84
ICD-10,1159,1,1,2000,2000,75-79
ICD-10,8960,1,1,1999,1999,85+
ICD-10,2260,1,1,1999,1999,85+
ICD-10,1642,1,1,1999,1999,75-79
ICD-10,7332,1,1,2000,2000,60-64
ICD-10,2960,1,1,1999,1999,45-49
ICD-10,7337,1,1,1999,1999,65-69
ICD-10,8931,1,1,1999,1999,35-39
ICD-10,7368,1,1,2000,2000,85+
ICD-10,7389,1,1,1999,1999,25-29
ICD-10,7400,1,1,2000,2000,85+
ICD-10,8911,1,1,2000,2000,45-49
ICD-10,2952,1,1,1999,1999,80-84
ICD-10,2919,1,1,2000,2000,65-69
ICD-10,5731,1,1,2000,2000,50-54
ICD-10,8901,1,1,1999,1999,45-49
ICD-10,2302,1,1,2000,2000,85+
ICD-10,2911,1,1,1999,1999,80-84
ICD-10,2323,1,1,2000,2000,75-79
ICD-10,5224,1,1,2000,2000,80-84
ICD-10,2358,1,1,1999,1999,30-34
ICD-10,2360,1,1,1999,1999,50-54
ICD-10,8709,1,1,1999,1999,65-69
ICD-10,8707,1,1,2000,2000,75-79
ICD-10,4650,1,1,2000,2000,45-49
ICD-10,2521,1,1,1999,1999,60-64
ICD-10,7529,1,1,2000,2000,50-54
ICD-10,859,1,1,2000,2000,65-69
ICD-10,4510,1,1,2000,2000,70-74
ICD-10,1730,1,1,1999,1999,80-84
ICD-10,8587,1,1,2000,2000,80-84
ICD-10,8586,1,1,2000,2000,35-39
ICD-10,7534,1,1,2000,2000,80-84
ICD-10,7536,1,1,1999,1999,<1
ICD-10,7538,1,1,2000,2000,01-04
ICD-10,4558,1,1,2000,2000,85+
ICD-10,8560,1,1,1999,1999,25-29
ICD-10,2827,1,1,2000,2000,85+
ICD-10,7540,1,1,2000,2000,40-44
ICD-10,7548,1,1,2000,2000,75-79
ICD-10,7554,1,1,1999,1999,05-09
ICD-10,459,1,1,1999,1999,75-79
ICD-10,550,1,1,2000,2000,20-24
ICD-10,8539,1,1,2000,2000,40-44
ICD-10,545,1,1,2000,2000,70-74
ICD-10,7563,1,1,1999,1999,30-34
ICD-10,4642,1,1,2000,2000,<1
ICD-10,8529,1,1,2000,2000,85+
ICD-10,8603,1,1,2000,2000,45-49
ICD-10,2509,1,1,2000,2000,70-74
ICD-10,8620,1,1,1999,1999,<1
ICD-10,8621,1,1,2000,2000,40-44
ICD-10,2825,1,1,1999,1999,20-24
ICD-10,2821,1,1,1999,1999,65-69
ICD-10,8701,1,1,1999,1999,55-59
ICD-10,4461,1,1,2000,2000,01-04
ICD-10,8698,1,1,1999,1999,20-24
ICD-10,4463,1,1,1999,1999,80-84
ICD-10,7491,1,1,1999,1999,<1
ICD-10,2423,1,1,1999,1999,75-79
ICD-10,2818,1,1,1999,1999,85+
ICD-10,4475,1,1,2000,2000,65-69
ICD-10,7509,1,1,2000,2000,<1
ICD-10,8669,1,1,1999,1999,50-54
ICD-10,8668,1,1,2000,2000,40-44
ICD-10,8664,1,1,1999,1999,25-29
ICD-10,8658,1,1,1999,1999,15-19
ICD-10,8644,1,1,1999,1999,01-04
ICD-10,2459,1,1,1999,1999,40-44
ICD-10,8641,1,1,1999,1999,01-04
ICD-10,8635,1,1,2000,2000,75-79
ICD-10,8631,1,1,1999,1999,80-84
ICD-10,2462,1,1,1999,1999,85+
ICD-10,6714,1,1,1999,1999,30-34
ICD-2,1180,26,34463,1910,1910,"01-04, 05-09, 10-14, 15-19, 20-24"
ICD-2,1670,8,31671,1910,1910,"85+, T55-64, T65-74, T75-84"
ICD-2,1050,26,24687,1910,1910,"01-04, 05-09, 10-14, 15-19, 20-24"
ICD-2,460,26,20792,1910,1910,"01-04, 05-09, 10-14, 15-19, 20-24"
ICD-2,680,23,20320,1910,1910,"01-04, 05-09, 10-14, 15-19, 20-24"
ICD-2,1060,26,17886,1910,1910,"01-04, 05-09, 10-14, 15-19, 20-24"
ICD-2,760,2,17574,1910,1910,<1
ICD-2,380,26,17547,1910,1910,"01-04, 05-09, 10-14, 15-19, 20-24"
ICD-2,390,26,16927,1910,1910,"01-04, 05-09, 10-14, 15-19, 20-24"
ICD-2,990,26,16769,1910,1910,"01-04, 05-09, 10-14, 15-19, 20-24"
ICD-2,470,26,15542,1910,1910,"01-04, 05-09, 10-14, 15-19, 20-24"
ICD-2,1660,23,13045,1910,1910,"01-04, 05-09, 10-14, 15-19, 20-24"
ICD-2,700,25,12214,1910,1910,"01-04, 05-09, 10-14, 15-19, 20-24"
ICD-2,1440,26,10352,1910,1910,"01-04, 05-09, 10-14, 15-19, 20-24"
ICD-2,890,20,9396,1910,1910,"01-04, 05-09, 10-14, 15-19, 20-24"
ICD-2,130,16,8797,1910,1910,"01-04, 05-09, 10-14, 15-19, 20-24"
ICD-2,1070,25,7384,1910,1910,"01-04, 05-09, 10-14, 15-19, 20-24"
ICD-2,120,26,6504,1910,1910,"01-04, 05-09, 10-14, 15-19, 20-24"
ICD-2,480,22,5471,1910,1910,"01-04, 05-09, 10-14, 15-19, 20-24"
ICD-2,210,25,5407,1910,1910,"01-04, 05-09, 10-14, 15-19, 20-24"
ICD-2,360,26,5277,1910,1910,"01-04, 05-09, 10-14, 15-19, 20-24"
ICD-2,830,26,5006,1910,1910,"01-04, 05-09, 10-14, 15-19, 20-24"
ICD-2,220,26,4846,1910,1910,"01-04, 05-09, 10-14, 15-19, 20-24"
ICD-2,780,20,4491,1910,1910,"01-04, 05-09, 10-14, 15-19, 20-24"
ICD-2,150,23,4284,1910,1910,"01-04, 05-09, 10-14, 15-19, 20-24"
ICD-2,750,25,3937,1910,1910,"01-04, 05-09, 10-14, 15-19, 20-24"
ICD-2,1290,26,3699,1910,1910,"01-04, 05-09, 10-14, 15-19, 20-24"
ICD-2,1430,26,3595,1910,1910,"01-04, 05-09, 10-14, 15-19, 20-24"
ICD-2,1900,20,3567,1910,1910,"10-14, 15-19, 20-24, 85+, T25-34"
ICD-2,490,24,3554,1910,1910,"01-04, 05-09, 10-14, 15-19, 20-24"
ICD-2,1130,18,3285,1910,1910,"05-09, 10-14, 20-24, 85+, T25-34"
ICD-2,1360,24,3211,1910,1910,"01-04, 05-09, 10-14, 15-19, 20-24"
ICD-2,1040,25,3195,1910,1910,"01-04, 05-09, 10-14, 15-19, 20-24"
ICD-2,1260,26,3188,1910,1910,"01-04, 05-09, 10-14, 15-19, 20-24"
ICD-2,1300,26,3102,1910,1910,"01-04, 05-09, 10-14, 15-19, 20-24"
ICD-2,530,25,2884,1910,1910,"01-04, 05-09, 10-14, 15-19, 20-24"
ICD-2,880,26,2682,1910,1910,"01-04, 05-09, 10-14, 15-19, 20-24"
ICD-2,1220,26,2556,1910,1910,"01-04, 05-09, 10-14, 15-19, 20-24"
ICD-2,1330,26,2502,1910,1910,"01-04, 05-09, 10-14, 15-19, 20-24"
ICD-2,740,26,2419,1910,1910,"01-04, 05-09, 10-14, 15-19, 20-24"
ICD-2,1020,16,2417,1910,1910,"20-24, 85+, T25-34, T35-44, T45-54"
ICD-2,950,26,2411,1910,1910,"01-04, 05-09, 10-14, 15-19, 20-24"
ICD-2,1460,23,2410,1910,1910,"05-09, 10-14, 15-19, 20-24, 85+"
ICD-2,1760,26,2396,1910,1910,"01-04, 05-09, 10-14, 15-19, 20-24"
ICD-2,1310,26,2361,1910,1910,"01-04, 05-09, 10-14, 15-19, 20-24"
ICD-2,1850,26,2356,1910,1910,"01-04, 05-09, 10-14, 15-19, 20-24"
ICD-2,1810,26,2325,1910,1910,"01-04, 05-09, 10-14, 15-19, 20-24"
ICD-2,1830,25,2258,1910,1910,"01-04, 05-09, 10-14, 15-19, 20-24"
ICD-2,850,20,2213,1910,1910,"10-14, 15-19, 20-24, 85+, T25-34"
ICD-2,520,26,2188,1910,1910,"01-04, 05-09, 10-14, 15-19, 20-24"
ICD-2,920,26,2101,1910,1910,"01-04, 05-09, 10-14, 15-19, 20-24"
ICD-2,860,26,2091,1910,1910,"01-04, 05-09, 10-14, 15-19, 20-24"
ICD-2,840,19,2077,1910,1910,"10-14, 15-19, 20-24, 85+, T25-34"
ICD-2,690,26,2073,1910,1910,"01-04, 05-09, 10-14, 15-19, 20-24"
ICD-2,1370,26,1896,1910,1910,"01-04, 05-09, 10-14, 15-19, 20-24"
ICD-2,1250,26,1825,1910,1910,"01-04, 05-09, 10-14, 15-19, 20-24"
ICD-2,630,25,1680,1910,1910,"01-04, 05-09, 10-14, 15-19, 20-24"
ICD-2,290,24,1639,1910,1910,"01-04, 05-09, 10-14, 15-19, 20-24"
ICD-2,1190,25,1625,1910,1910,"01-04, 05-09, 10-14, 15-19, 20-24"
ICD-2,820,4,1600,1910,1910,"01-04, <1"
ICD-2,800,2,1553,1910,1910,<1
ICD-2,1840,23,1519,1910,1910,"01-04, 05-09, 10-14, 15-19, 20-24"
ICD-2,580,15,1490,1910,1910,"20-24, 85+, T25-34, T35-44, T45-54"
ICD-2,1320,22,1477,1910,1910,"01-04, 05-09, 15-19, 20-24, 85+"
ICD-2,1090,8,1407,1910,1910,"85+, T55-64, T65-74, T75-84"
ICD-2,1750,8,1299,1910,1910,"10-14, 15-19, 20-24, T25-34, T35-44"
ICD-2,1200,26,1283,1910,1910,"01-04, 05-09, 10-14, 15-19, 20-24"
ICD-2,1870,26,1265,1910,1910,"01-04, 05-09, 10-14, 15-19, 20-24"
ICD-2,1080,20,1123,1910,1910,"05-09, 10-14, 15-19, 20-24, 85+"
ICD-2,710,12,1061,1910,1910,"01-04, 05-09, 10-14, 15-19, <1"
ICD-2,660,16,1040,1910,1910,"15-19, 20-24, 85+, T25-34, T35-44"
ICD-2,960,25,1018,1910,1910,"01-04, 05-09, 10-14, 15-19, 20-24"
ICD-2,1010,16,1010,1910,1910,"10-14, 85+, <1, T25-34, T35-44"
ICD-2,320,5,967,1910,1910,"15-19, 20-24, T25-34, T35-44, T45-54"
ICD-2,1140,26,865,1910,1910,"01-04, 05-09, 10-14, 15-19, 20-24"
ICD-2,1280,26,858,1910,1910,"01-04, 05-09, 10-14, 15-19, 20-24"
ICD-2,790,4,846,1910,1910,"01-04, <1"
ICD-2,400,26,826,1910,1910,"01-04, 05-09, 10-14, 15-19, 20-24"
ICD-2,940,25,804,1910,1910,"01-04, 05-09, 10-14, 15-19, 20-24"
ICD-2,500,19,791,1910,1910,"01-04, 05-09, 10-14, 15-19, 20-24"
ICD-2,1580,5,740,1910,1910,"15-19, 20-24, T25-34, T35-44, T45-54"
ICD-2,1470,26,712,1910,1910,"01-04, 05-09, 10-14, 15-19, 20-24"
ICD-2,430,26,697,1910,1910,"01-04, 05-09, 10-14, 15-19, 20-24"
ICD-2,1410,25,651,1910,1910,"01-04, 05-09, 10-14, 15-19, 20-24"
ICD-2,1270,26,636,1910,1910,"01-04, 05-09, 10-14, 15-19, 20-24"
ICD-2,1730,26,634,1910,1910,"01-04, 05-09, 10-14, 15-19, 20-24"
ICD-2,1240,26,623,1910,1910,"01-04, 05-09, 10-14, 15-19, 20-24"
ICD-2,1570,5,612,1910,1910,"15-19, 20-24, T25-34, T35-44, T45-54"
ICD-2,910,15,580,1910,1910,"10-14, 15-19, 85+, T25-34, T35-44"
ICD-2,1350,26,554,1910,1910,"01-04, 05-09, 10-14, 15-19, 20-24"
ICD-2,810,2,541,1910,1910,<1
ICD-2,350,22,522,1910,1910,"01-04, 05-09, 10-14, 15-19, 20-24"
ICD-2,1820,26,518,1910,1910,"01-04, 05-09, 10-14, 15-19, 20-24"
ICD-2,1400,26,511,1910,1910,"01-04, 05-09, 10-14, 15-19, 20-24"
ICD-2,1620,19,459,1910,1910,"01-04, 05-09, 85+, <1, T25-34"
ICD-2,1210,23,448,1910,1910,"01-04, 05-09, 10-14, 15-19, 20-24"
ICD-2,1000,25,446,1910,1910,"01-04, 05-09, 10-14, 15-19, 20-24"
ICD-2,1560,5,439,1910,1910,"15-19, 20-24, T25-34, T35-44, T45-54"
ICD-2,1100,23,401,1910,1910,"01-04, 05-09, 10-14, 15-19, 20-24"
ICD-2,670,13,383,1910,1910,"85+, T25-34, T35-44, T45-54, T55-64"
ICD-2,930,19,377,1910,1910,"01-04, 10-14, 15-19, 20-24, 85+"
ICD-2,650,16,371,1910,1910,"15-19, 20-24, 85+, T25-34, T35-44"
ICD-2,1340,26,354,1910,1910,"01-04, 05-09, 10-14, 15-19, 20-24"
ICD-2,1610,25,350,1910,1910,"01-04, 05-09, 10-14, 15-19, 20-24"
ICD-2,1230,24,320,1910,1910,"01-04, 05-09, 10-14, 15-19, 20-24"
ICD-2,640,21,318,1910,1910,"01-04, 05-09, 10-14, 15-19, 20-24"
ICD-2,1500,9,312,1910,1910,"15-19, 20-24, 85+, T25-34, T35-44"
ICD-2,770,14,302,1910,1910,"01-04, 05-09, 10-14, 15-19, 20-24"
ICD-2,720,24,302,1910,1910,"01-04, 05-09, 10-14, 15-19, 20-24"
ICD-2,410,25,300,1910,1910,"01-04, 05-09, 10-14, 15-19, 20-24"
ICD-2,1480,10,291,1910,1910,"10-14, 15-19, 20-24, 85+, T25-34"
ICD-2,1890,23,287,1910,1910,"01-04, 05-09, 10-14, 15-19, 20-24"
ICD-2,1510,12,285,1910,1910,"01-04, 05-09, 15-19, 20-24, 85+"
ICD-2,1770,9,253,1910,1910,"10-14, 15-19, 20-24, T25-34, T35-44"
ICD-2,200,24,251,1910,1910,"01-04, 05-09, 10-14, 15-19, 20-24"
ICD-2,1630,20,245,1910,1910,"01-04, 15-19, 20-24, 85+, <1"
ICD-2,230,23,243,1910,1910,"01-04, 05-09, 10-14, 15-19, 20-24"
ICD-2,1450,24,239,1910,1910,"01-04, 05-09, 10-14, 15-19, 20-24"
ICD-2,1700,24,239,1910,1910,"01-04, 05-09, 10-14, 15-19, 20-24"
ICD-2,900,9,236,1910,1910,"01-04, 05-09, 10-14, <1, T25-34"
ICD-2,1380,25,234,1910,1910,"01-04, 05-09, 10-14, 15-19, 20-24"
ICD-2,1650,24,233,1910,1910,"01-04, 05-09, 10-14, 15-19, 20-24"
ICD-2,1600,26,233,1910,1910,"01-04, 05-09, 10-14, 15-19, 20-24"
ICD-2,1420,21,226,1910,1910,"01-04, 05-09, 10-14, 15-19, 20-24"
ICD-2,1790,17,209,1910,1910,"01-04, 05-09, 10-14, 15-19, 20-24"
ICD-2,1640,19,204,1910,1910,"01-04, 05-09, 20-24, 85+, <1"
ICD-2,450,26,204,1910,1910,"01-04, 05-09, 10-14, 15-19, 20-24"
ICD-2,1030,19,200,1910,1910,"10-14, 15-19, 20-24, 85+, T25-34"
ICD-2,1780,7,199,1910,1910,"15-19, 20-24, T25-34, T35-44, T45-54"
ICD-2,240,22,197,1910,1910,"01-04, 05-09, 10-14, 15-19, 20-24"
ICD-2,1740,22,180,1910,1910,"01-04, 05-09, 15-19, 20-24, 85+"
ICD-2,550,18,178,1910,1910,"01-04, 05-09, 10-14, 15-19, <1"
ICD-2,1860,26,167,1910,1910,"01-04, 05-09, 10-14, 15-19, 20-24"
ICD-2,340,4,161,1910,1910,"15-19, 20-24, T25-34, T35-44"
ICD-2,870,21,137,1910,1910,"01-04, 05-09, 10-14, 15-19, 20-24"
ICD-2,1110,16,136,1910,1910,"01-04, 15-19, 20-24, 85+, <1"
ICD-2,420,23,118,1910,1910,"01-04, 05-09, 10-14, 15-19, 20-24"
ICD-2,1120,13,106,1910,1910,"20-24, T25-34, T35-44, T45-54, T55-64"
ICD-2,330,5,91,1910,1910,"15-19, 20-24, T25-34, T35-44, T45-54"
ICD-2,1800,18,89,1910,1910,"01-04, 05-09, 10-14, 15-19, 20-24"
ICD-2,600,10,86,1910,1910,"20-24, T25-34, T35-44, T45-54, T55-64"
ICD-2,730,17,85,1910,1910,"01-04, 05-09, 10-14, 15-19, 20-24"
ICD-2,1530,16,79,1910,1910,"01-04, 10-14, 85+, <1, T25-34"
ICD-2,1540,4,78,1910,1910,"20-24, T25-34, T35-44, T45-54"
ICD-2,1690,16,76,1910,1910,"15-19, 20-24, 85+, T25-34, T35-44"
ICD-2,1160,6,73,1910,1910,"01-04, 05-09, 10-14, <1"
ICD-2,970,24,70,1910,1910,"01-04, 05-09, 10-14, 15-19, 20-24"
ICD-2,1590,22,66,1910,1910,"01-04, 05-09, 10-14, 15-19, 20-24"
ICD-2,980,18,62,1910,1910,"01-04, 05-09, 15-19, 20-24, <1"
ICD-2,510,17,61,1910,1910,"01-04, 10-14, 15-19, 20-24, T25-34"
ICD-2,310,4,55,1910,1910,"20-24, T25-34, T35-44, T45-54"
ICD-2,1710,19,52,1910,1910,"01-04, 10-14, 15-19, 20-24, T25-34"
ICD-2,250,12,51,1910,1910,"20-24, T25-34, T35-44, T45-54, T55-64"
ICD-2,1550,4,48,1910,1910,"15-19, 20-24, T25-34, T35-44"
ICD-2,570,14,44,1910,1910,"01-04, 05-09, 15-19, 20-24, <1"
ICD-2,1680,15,40,1910,1910,"85+, <1, T25-34, T35-44, T45-54"
ICD-2,1390,18,38,1910,1910,"01-04, 05-09, 15-19, 20-24, <1"
ICD-2,300,12,35,1910,1910,"01-04, 15-19, 20-24, <1, T25-34"
ICD-2,540,15,34,1910,1910,"01-04, 05-09, 10-14, 15-19, <1"
ICD-2,560,11,29,1910,1910,"01-04, 05-09, <1, T35-44, T45-54"
ICD-2,1520,6,26,1910,1910,"10-14, 15-19, 20-24, T25-34, T35-44"
ICD-2,1490,6,23,1910,1910,"15-19, 20-24, T25-34, T35-44, T45-54"
ICD-2,1170,9,21,1910,1910,"01-04, <1, T25-34, T35-44, T45-54"
ICD-2,1150,8,18,1910,1910,"01-04, 05-09, 10-14, <1, T25-34"
ICD-2,1910,4,16,1910,1910,"20-24, T25-34, T45-54, T55-64"
ICD-2,70,6,15,1910,1910,"01-04, 05-09, <1, T25-34"
ICD-2,280,8,15,1910,1910,"15-19, 20-24, T25-34, T35-44, T45-54"
ICD-2,1720,11,14,1910,1910,"01-04, 20-24, 85+, <1, T45-54"
ICD-2,590,7,10,1910,1910,"T25-34, T35-44, T45-54, T55-64, T65-74"
ICD-2,370,7,9,1910,1910,"05-09, T25-34, T35-44, T45-54, T65-74"
ICD-2,90,4,5,1910,1910,"05-09, T25-34, T35-44, T45-54"
ICD-2,440,5,5,1910,1910,"01-04, T35-44, T45-54, T55-64"
ICD-2,100,4,5,1910,1910,"05-09, T35-44, T55-64"
ICD-2,20,2,2,1910,1910,"05-09, <1"
ICD-2,260,1,1,1910,1910,20-24
ICD-2,270,1,1,1910,1910,T55-64
ICD-3,93b(3),261,315549,1931,1938,"01-04, 05-09, 10-14, 15-19, 20-24"
ICD-3,82a(1),260,143902,1931,1938,"01-04, 05-09, 10-14, 15-19, 20-24"
ICD-3,"99c,99d",360,135131,1921,1930,"01-04, 05-09, 10-14, 15-19, 20-24"
ICD-3,162b,105,128021,1931,1938,"50-54, 55-59, 60-64, 65-69, 70-74"
ICD-3,107,288,125758,1931,1938,"01-04, 05-09, 10-14, 15-19, 20-24"
ICD-3,93b(2),182,121058,1931,1938,"20-24, 25-29, 30-34, 35-39, 40-44"
ICD-3,93c,252,108213,1931,1938,"01-04, 05-09, 10-14, 15-19, 20-24"
ICD-3,159,16,84651,1931,1938,<1
ICD-3,108,288,80357,1931,1938,"01-04, 05-09, 10-14, 15-19, 20-24"
ICD-3,"113,114(3)",360,75184,1921,1930,"01-04, 05-09, 10-14, 15-19, 20-24"
ICD-3,92(2),271,74360,1931,1938,"01-04, 05-09, 10-14, 15-19, 20-24"
ICD-3,97(3),175,72444,1931,1938,"20-24, 25-29, 30-34, 35-39, 40-44"
ICD-3,92(5),269,70020,1931,1938,"01-04, 05-09, 10-14, 15-19, 20-24"
ICD-3,106b,288,56363,1931,1938,"01-04, 05-09, 10-14, 15-19, 20-24"
ICD-3,106c,287,52967,1931,1938,"01-04, 05-09, 10-14, 15-19, 20-24"
ICD-3,82b(2),215,46945,1931,1938,"01-04, 05-09, 10-14, 15-19, 20-24"
ICD-3,106a,288,38703,1931,1938,"01-04, 05-09, 10-14, 15-19, 20-24"
ICD-3,"119,120a(2)",288,34575,1931,1938,"01-04, 05-09, 10-14, 15-19, 20-24"
ICD-3,95b(2),267,34378,1931,1938,"01-04, 05-09, 10-14, 15-19, 20-24"
ICD-3,"79,80*",200,31188,1921,1930,"01-04, 05-09, 10-14, 15-19, 20-24"
ICD-3,109,288,26143,1931,1938,"01-04, 05-09, 10-14, 15-19, 20-24"
ICD-3,57(2),248,25657,1931,1938,"01-04, 05-09, 10-14, 15-19, 20-24"
ICD-3,92(1),257,25129,1931,1938,"01-04, 05-09, 10-14, 15-19, 20-24"
ICD-3,117a,253,23704,1931,1938,"01-04, 05-09, 10-14, 15-19, 20-24"
ICD-3,95a,233,22696,1931,1938,"05-09, 10-14, 15-19, 20-24, 25-29"
ICD-3,71a,288,18847,1931,1938,"01-04, 05-09, 10-14, 15-19, 20-24"
ICD-3,93b(1),221,18659,1931,1938,"10-14, 15-19, 20-24, 25-29, 30-34"
ICD-3,164,230,14182,1931,1938,"10-14, 15-19, 20-24, 25-29, 30-34"
ICD-3,112,286,13564,1931,1938,"01-04, 05-09, 10-14, 15-19, 20-24"
ICD-3,122a(1),258,12492,1931,1938,"01-04, 05-09, 10-14, 15-19, 20-24"
ICD-3,66b,232,12113,1931,1938,"05-09, 10-14, 15-19, 20-24, 25-29"
ICD-3,87c,180,11739,1931,1938,"15-19, 20-24, 25-29, 30-34, 35-39"
ICD-3,157c,209,11630,1931,1938,"01-04, 05-09, 10-14, 15-19, 20-24"
ICD-3,160b,16,11397,1931,1938,<1
ICD-3,117b,236,11138,1931,1938,"01-04, 05-09, 10-14, 15-19, 20-24"
ICD-3,55b,287,9554,1931,1938,"01-04, 05-09, 10-14, 15-19, 20-24"
ICD-3,86,32,9550,1931,1938,"01-04, <1"
ICD-3,92(4),269,9187,1931,1938,"01-04, 05-09, 10-14, 15-19, 20-24"
ICD-3,52,239,9141,1931,1938,"01-04, 05-09, 10-14, 15-19, 20-24"
ICD-3,111(1),258,9139,1931,1938,"01-04, 05-09, 10-14, 15-19, 20-24"
ICD-3,124b,267,9112,1931,1938,"01-04, 05-09, 10-14, 15-19, 20-24"
ICD-3,161a,16,9084,1931,1938,<1
ICD-3,92(3),262,8861,1931,1938,"01-04, 05-09, 10-14, 15-19, 20-24"
ICD-3,91(1),281,8726,1931,1938,"01-04, 05-09, 10-14, 15-19, 20-24"
ICD-3,127(1),225,8712,1931,1938,"01-04, 05-09, 10-14, 15-19, 20-24"
ICD-3,82c(1),184,8677,1931,1938,"01-04, 05-09, 10-14, 15-19, 20-24"
ICD-3,157b,87,8534,1931,1938,"01-04, 05-09, 10-14, 15-19, 20-24"
ICD-3,"34b,c",238,8092,1931,1938,"05-09, 10-14, 15-19, 20-24, 25-29"
ICD-3,115(3),288,7910,1931,1938,"01-04, 05-09, 10-14, 15-19, 20-24"
ICD-3,84b,227,7903,1931,1938,"01-04, 05-09, 10-14, 15-19, 20-24"
ICD-3,162a,105,7828,1931,1938,"45-49, 50-54, 55-59, 60-64, 65-69"
ICD-3,82a(2),174,7518,1931,1938,"05-09, 20-24, 25-29, 30-34, 35-39"
ICD-3,87d,224,7144,1931,1938,"10-14, 15-19, 20-24, 25-29, 30-34"
ICD-3,89a,286,6920,1931,1938,"01-04, 05-09, 10-14, 15-19, 20-24"
ICD-3,72a,288,6904,1931,1938,"01-04, 05-09, 10-14, 15-19, 20-24"
ICD-3,200(1),250,6892,1931,1938,"01-04, 05-09, 10-14, 15-19, 20-24"
ICD-3,54b,288,6842,1931,1938,"01-04, 05-09, 10-14, 15-19, 20-24"
ICD-3,166,226,6716,1931,1938,"05-09, 10-14, 15-19, 20-24, 25-29"
ICD-3,25,278,6599,1931,1938,"01-04, 05-09, 10-14, 15-19, 20-24"
ICD-3,41,360,6563,1921,1930,"01-04, 05-09, 10-14, 15-19, 20-24"
ICD-3,135a,230,6484,1931,1938,"01-04, 05-09, 10-14, 15-19, 20-24"
ICD-3,133a,287,6405,1931,1938,"01-04, 05-09, 10-14, 15-19, 20-24"
ICD-3,118(1),274,6368,1931,1938,"01-04, 05-09, 10-14, 15-19, 20-24"
ICD-3,17,281,6198,1931,1938,"01-04, 05-09, 10-14, 15-19, 20-24"
ICD-3,126(2),197,6124,1931,1938,"15-19, 20-24, 25-29, 30-34, 35-39"
ICD-3,"165, 166*",275,5493,1921,1930,"10-14, 15-19, 20-24, 25-29, 30-34"
ICD-3,145a,56,5415,1931,1938,"15-19, 20-24, 25-29, 30-34, 35-39"
ICD-3,54a,121,5362,1931,1938,"01-04, 05-09, 10-14, 15-19, 20-24"
ICD-3,98a,89,5322,1931,1938,"50-54, 55-59, 60-64, 65-69, 70-74"
ICD-3,80,193,5235,1931,1938,"10-14, 15-19, 20-24, 25-29, 30-34"
ICD-3,153,282,5101,1931,1938,"01-04, 05-09, 10-14, 15-19, 20-24"
ICD-3,152(1),288,4827,1931,1938,"01-04, 05-09, 10-14, 15-19, 20-24"
ICD-3,32a,262,4774,1931,1938,"01-04, 05-09, 10-14, 15-19, 20-24"
ICD-3,89b,275,4714,1931,1938,"01-04, 05-09, 10-14, 15-19, 20-24"
ICD-3,81(1),253,4467,1931,1938,"01-04, 05-09, 10-14, 15-19, 20-24"
ICD-3,72b(1),272,4441,1931,1938,"01-04, 05-09, 10-14, 15-19, 20-24"
ICD-3,151,282,4433,1931,1938,"01-04, 05-09, 10-14, 15-19, 20-24"
ICD-3,87e,287,4349,1931,1938,"01-04, 05-09, 10-14, 15-19, 20-24"
ICD-3,102,185,4249,1931,1938,"05-09, 10-14, 15-19, 20-24, 25-29"
ICD-3,32c,280,4238,1931,1938,"01-04, 05-09, 10-14, 15-19, 20-24"
ICD-3,"113,114(2)",346,4161,1921,1930,"01-04, 05-09, 10-14, 15-19, 20-24"
ICD-3,122a(2),255,4151,1931,1938,"01-04, 05-09, 10-14, 15-19, 20-24"
ICD-3,157e(4),183,4049,1931,1938,"01-04, 05-09, 10-14, 15-19, 20-24"
ICD-3,"119,120b",276,3747,1931,1938,"01-04, 05-09, 10-14, 15-19, 20-24"
ICD-3,110(2),280,3724,1931,1938,"01-04, 05-09, 10-14, 15-19, 20-24"
ICD-3,154,256,3665,1931,1938,"01-04, 05-09, 10-14, 15-19, 20-24"
ICD-3,123(2),248,3641,1931,1938,"01-04, 05-09, 10-14, 15-19, 20-24"
ICD-3,82b(1),185,3567,1931,1938,"15-19, 20-24, 25-29, 30-34, 35-39"
ICD-3,126(1),181,3410,1931,1938,"20-24, 25-29, 30-34, 35-39, 40-44"
ICD-3,157e(1),26,3071,1931,1938,"01-04, 05-09, <1"
ICD-3,110(1),284,3016,1931,1938,"01-04, 05-09, 10-14, 15-19, 20-24"
ICD-3,115(1),287,3000,1931,1938,"01-04, 05-09, 10-14, 15-19, 20-24"
ICD-3,"113,114(1)",344,2832,1921,1930,"01-04, 05-09, 10-14, 15-19, 20-24"
ICD-3,136a,107,2819,1931,1938,"05-09, 15-19, 20-24, 25-29, 30-34"
ICD-3,100(2),201,2804,1931,1938,"05-09, 10-14, 15-19, 20-24, 25-29"
ICD-3,194(2),277,2755,1931,1938,"01-04, 05-09, 10-14, 15-19, 20-24"
ICD-3,99,227,2744,1931,1938,"01-04, 05-09, 10-14, 15-19, 20-24"
ICD-3,115(4),287,2657,1931,1938,"01-04, 05-09, 10-14, 15-19, 20-24"
ICD-3,90,287,2617,1931,1938,"01-04, 05-09, 10-14, 15-19, 20-24"
ICD-3,81(4),258,2607,1931,1938,"01-04, 05-09, 10-14, 15-19, 20-24"
ICD-3,114a,216,2580,1931,1938,"01-04, 05-09, 10-14, 15-19, 20-24"
ICD-3,161b,16,2553,1931,1938,<1
ICD-3,161c(3),16,2436,1931,1938,<1
ICD-3,"119,120a(1)",272,2401,1931,1938,"01-04, 05-09, 10-14, 15-19, 20-24"
ICD-3,133b,274,2320,1931,1938,"01-04, 05-09, 10-14, 15-19, 20-24"
ICD-3,30,236,2180,1931,1938,"01-04, 05-09, 10-14, 15-19, 20-24"
ICD-3,81(3),244,2173,1931,1938,"01-04, 05-09, 10-14, 15-19, 20-24"
ICD-3,34a,175,2163,1931,1938,"01-04, 05-09, 10-14, 15-19, 20-24"
ICD-3,157a,140,2163,1931,1938,"01-04, 05-09, 10-14, 15-19, 20-24"
ICD-3,70a,286,2111,1931,1938,"01-04, 05-09, 10-14, 15-19, 20-24"
ICD-3,95b(1),211,2044,1931,1938,"05-09, 10-14, 15-19, 20-24, 25-29"
ICD-3,100(1),195,2030,1931,1938,"15-19, 20-24, 25-29, 30-34, 35-39"
ICD-3,82b(3),154,2005,1931,1938,"20-24, 25-29, 30-34, 35-39, 40-44"
ICD-3,93a,231,1829,1931,1938,"01-04, 05-09, 10-14, 15-19, 20-24"
ICD-3,58,131,1816,1931,1938,"25-29, 30-34, 35-39, 40-44, 45-49"
ICD-3,104(2),266,1802,1931,1938,"01-04, 05-09, 10-14, 15-19, 20-24"
ICD-3,66c,232,1733,1931,1938,"01-04, 05-09, 10-14, 15-19, 20-24"
ICD-3,139b,115,1661,1931,1938,"10-14, 15-19, 20-24, 25-29, 30-34"
ICD-3,63(1),82,1648,1931,1938,"01-04, 05-09, 10-14, 15-19, 20-24"
ICD-3,124(a),174,1636,1931,1938,"25-29, 30-34, 35-39, 40-44, 45-49"
ICD-3,71b(1),277,1462,1931,1938,"01-04, 05-09, 10-14, 15-19, 20-24"
ICD-3,194(1),16,1424,1931,1938,<1
ICD-3,139a(2),114,1417,1931,1938,"01-04, 05-09, 10-14, 15-19, 20-24"
ICD-3,155,253,1390,1931,1938,"01-04, 05-09, 10-14, 15-19, 20-24"
ICD-3,1,243,1386,1931,1938,"01-04, 05-09, 10-14, 15-19, 20-24"
ICD-3,118(2),250,1378,1931,1938,"01-04, 05-09, 10-14, 15-19, 20-24"
ICD-3,156a,279,1344,1931,1938,"01-04, 05-09, 10-14, 15-19, 20-24"
ICD-3,123(3),234,1273,1931,1938,"01-04, 05-09, 10-14, 15-19, 20-24"
ICD-3,152(2),272,1268,1931,1938,"01-04, 05-09, 10-14, 15-19, 20-24"
ICD-3,78a,248,1255,1931,1938,"01-04, 05-09, 10-14, 15-19, 20-24"
ICD-3,66a,199,1228,1931,1938,"05-09, 10-14, 15-19, 20-24, 25-29"
ICD-3,144b,54,1190,1931,1938,"15-19, 20-24, 25-29, 30-34, 35-39"
ICD-3,147,54,1183,1931,1938,"15-19, 20-24, 25-29, 30-34, 35-39"
ICD-3,67,133,1179,1931,1938,"01-04, 05-09, 10-14, 15-19, 20-24"
ICD-3,105(2),245,1164,1931,1938,"01-04, 05-09, 10-14, 15-19, 20-24"
ICD-3,125(2),256,1159,1931,1938,"01-04, 05-09, 10-14, 15-19, 20-24"
ICD-3,70b,142,1059,1931,1938,"01-04, 05-09, 10-14, 15-19, 20-24"
ICD-3,144a,51,1052,1931,1938,"15-19, 20-24, 25-29, 30-34, 35-39"
ICD-3,91(2),252,1002,1931,1938,"01-04, 05-09, 10-14, 15-19, 20-24"
ICD-3,78b,260,1000,1931,1938,"01-04, 05-09, 10-14, 15-19, 20-24"
ICD-3,157e(2),41,976,1931,1938,"01-04, 05-09, 10-14, 20-24, 40-44"
ICD-3,114b(2),253,969,1931,1938,"01-04, 05-09, 10-14, 15-19, 20-24"
ICD-3,87b,216,941,1931,1938,"01-04, 05-09, 10-14, 15-19, 20-24"
ICD-3,148b,53,924,1931,1938,"15-19, 20-24, 25-29, 30-34, 35-39"
ICD-3,57(1),122,916,1931,1938,"15-19, 30-34, 35-39, 40-44, 45-49"
ICD-3,22,238,892,1931,1938,"01-04, 05-09, 10-14, 15-19, 20-24"
ICD-3,123(1),184,870,1931,1938,"01-04, 05-09, 15-19, 20-24, 25-29"
ICD-3,111(2),195,848,1931,1938,"01-04, 05-09, 10-14, 15-19, 20-24"
ICD-3,16(1),181,812,1931,1938,"01-04, 05-09, 10-14, 15-19, 20-24"
ICD-3,71b(2),228,778,1931,1938,"01-04, 05-09, 10-14, 15-19, 20-24"
ICD-3,125(1),209,757,1931,1938,"01-04, 05-09, 10-14, 15-19, 20-24"
ICD-3,127(2),236,739,1931,1938,"01-04, 05-09, 10-14, 15-19, 20-24"
ICD-3,81(2),149,734,1931,1938,"15-19, 25-29, 30-34, 35-39, 40-44"
ICD-3,88,217,712,1931,1938,"01-04, 05-09, 10-14, 15-19, 20-24"
ICD-3,157d,18,711,1931,1938,"01-04, 05-09, <1"
ICD-3,82c(2),186,679,1931,1938,"01-04, 05-09, 10-14, 15-19, 20-24"
ICD-3,200(2),184,659,1931,1938,"01-04, 05-09, 10-14, 15-19, 20-24"
ICD-3,157e(5),28,649,1931,1938,"01-04, 05-09, 10-14, 25-29, <1"
ICD-3,115(2),249,648,1931,1938,"01-04, 05-09, 10-14, 15-19, 20-24"
ICD-3,161c(1),16,643,1931,1938,<1
ICD-3,156b,225,631,1931,1938,"01-04, 05-09, 10-14, 15-19, 20-24"
ICD-3,73(1),224,628,1931,1938,"01-04, 05-09, 10-14, 15-19, 20-24"
ICD-3,75,167,607,1931,1938,"20-24, 25-29, 30-34, 35-39, 40-44"
ICD-3,101,201,598,1931,1938,"01-04, 05-09, 10-14, 15-19, 20-24"
ICD-3,84a,156,562,1931,1938,"10-14, 15-19, 20-24, 25-29, 30-34"
ICD-3,161c(2),16,550,1931,1938,<1
ICD-3,135b,165,548,1931,1938,"01-04, 05-09, 10-14, 15-19, 20-24"
ICD-3,138,114,542,1931,1938,"01-04, 05-09, 10-14, 15-19, 20-24"
ICD-3,157e(3),24,532,1931,1938,"01-04, 05-09, <1"
ICD-3,98b,214,531,1931,1938,"01-04, 05-09, 10-14, 15-19, 20-24"
ICD-3,44(6),60,521,1931,1938,"01-04, 05-09, 10-14, 15-19, 20-24"
ICD-3,87a,127,491,1931,1938,"01-04, 05-09, 10-14, 15-19, 20-24"
ICD-3,43(1),187,485,1931,1938,"01-04, 05-09, 10-14, 15-19, 20-24"
ICD-3,13b,215,458,1931,1938,"01-04, 05-09, 10-14, 15-19, 20-24"
ICD-3,16(2),146,454,1931,1938,"01-04, 05-09, 10-14, 15-19, 20-24"
ICD-3,65(2),180,407,1931,1938,"01-04, 05-09, 10-14, 15-19, 20-24"
ICD-3,13c,190,401,1931,1938,"01-04, 05-09, 10-14, 15-19, 20-24"
ICD-3,148a,49,395,1931,1938,"15-19, 20-24, 25-29, 30-34, 35-39"
ICD-3,116,153,368,1931,1938,"01-04, 10-14, 15-19, 20-24, 25-29"
ICD-3,200(3),137,343,1931,1938,"01-04, 05-09, 10-14, 15-19, 20-24"
ICD-3,74,131,327,1931,1938,"01-04, 15-19, 20-24, 25-29, 30-34"
ICD-3,35(2),132,319,1931,1938,"01-04, 05-09, 15-19, 20-24, 25-29"
ICD-3,73(2),173,305,1931,1938,"01-04, 05-09, 10-14, 15-19, 20-24"
ICD-3,43(2),149,305,1931,1938,"01-04, 05-09, 10-14, 15-19, 20-24"
ICD-3,44(4),75,304,1931,1938,"01-04, 05-09, 10-14, 15-19, 20-24"
ICD-3,104(1),157,279,1931,1938,"01-04, 05-09, 10-14, 15-19, 20-24"
ICD-3,105(1),45,254,1931,1938,"01-04, 05-09, 10-14, <1"
ICD-3,72b(2),96,230,1935,1938,"01-04, 05-09, 10-14, 15-19, 20-24"
ICD-3,77(1),81,218,1931,1938,"15-19, 20-24, 25-29, 30-34, 35-39"
ICD-3,150(3),45,202,1931,1938,"15-19, 20-24, 25-29, 30-34, 35-39"
ICD-3,139a(3),91,201,1931,1938,"01-04, 15-19, 20-24, 25-29, 30-34"
ICD-3,31(1),116,187,1931,1938,"05-09, 10-14, 15-19, 20-24, 25-29"
ICD-3,136b,93,175,1931,1938,"15-19, 20-24, 25-29, 30-34, 35-39"
ICD-3,63(2),117,171,1931,1938,"05-09, 10-14, 15-19, 20-24, 25-29"
ICD-3,143,51,165,1931,1938,"15-19, 20-24, 25-29, 30-34, 35-39"
ICD-3,139d,89,156,1931,1938,"01-04, 05-09, 10-14, 20-24, 25-29"
ICD-3,66d,57,154,1931,1938,"01-04, 05-09, 10-14, 15-19, 20-24"
ICD-3,114b(1),95,147,1931,1938,"01-04, 05-09, 15-19, 20-24, 25-29"
ICD-3,44(5),81,146,1931,1938,"01-04, 05-09, 10-14, 15-19, 20-24"
ICD-3,41a,99,144,1931,1938,"01-04, 05-09, 10-14, 15-19, 20-24"
ICD-3,55a,67,137,1931,1938,"20-24, 25-29, 35-39, 40-44, 45-49"
ICD-3,35(1),17,135,1931,1938,"01-04, <1"
ICD-3,150(1),39,130,1931,1938,"15-19, 20-24, 25-29, 30-34, 35-39"
ICD-3,60,53,112,1931,1938,"01-04, 10-14, 15-19, 20-24, 35-39"
ICD-3,150(2),38,107,1931,1938,"15-19, 20-24, 25-29, 30-34, 35-39"
ICD-3,139c,57,91,1931,1938,"15-19, 20-24, 25-29, 30-34, 35-39"
ICD-3,160a,16,89,1931,1938,<1
ICD-3,42,53,86,1931,1938,"01-04, 05-09, 10-14, 25-29, 30-34"
ICD-3,44(3),44,83,1931,1938,"01-04, 05-09, 10-14, 15-19, 20-24"
ICD-3,31(2),71,82,1931,1938,"01-04, 05-09, 10-14, 15-19, 20-24"
ICD-3,66e,61,73,1931,1938,"01-04, 10-14, 15-19, 20-24, 25-29"
ICD-3,139a(1),45,69,1931,1938,"10-14, 15-19, 20-24, 25-29, 30-34"
ICD-3,13a,45,65,1931,1938,"05-09, 25-29, 30-34, 35-39, 40-44"
ICD-3,41b,55,64,1931,1938,"10-14, 15-19, 20-24, 25-29, 30-34"
ICD-3,105(3),41,47,1931,1938,"01-04, 05-09, 10-14, 15-19, 20-24"
ICD-3,65(1),29,36,1931,1938,"01-04, 05-09, 10-14, 15-19, 20-24"
ICD-3,44(1),25,35,1931,1938,"01-04, 05-09, 10-14, 15-19, 20-24"
ICD-3,32b,33,34,1931,1938,"01-04, 10-14, 15-19, 20-24, 25-29"
ICD-3,44(7),22,28,1936,1938,"01-04, 05-09, 10-14, 15-19, 30-34"
ICD-3,44(2),18,25,1931,1938,"01-04, 10-14, 15-19, 20-24, 25-29"
ICD-3,77(2),21,25,1931,1937,"05-09, 20-24, 25-29, 35-39, 40-44"
ICD-3,134c,21,23,1931,1938,"20-24, 35-39, 40-44, 45-49, 50-54"
ICD-3,61,6,6,1931,1938,"20-24, 25-29, 35-39, 45-49, 55-59"
ICD-3,145b,3,3,1931,1937,"25-29, 30-34, 35-39"
ICD-4,93c(3),295,425419,1940,1948,"01-04, 05-09, 10-14, 15-19, 20-24"
ICD-4,83a,337,289521,1940,1948,"01-04, 05-09, 10-14, 15-19, 20-24"
ICD-4,93c(1),233,225594,1940,1948,"05-09, 10-14, 15-19, 20-24, 25-29"
ICD-4,94a,265,203679,1940,1948,"01-04, 05-09, 10-14, 15-19, 20-24"
ICD-4,83bc,287,160979,1940,1948,"01-04, 05-09, 10-14, 15-19, 20-24"
ICD-4,162c,99,136284,1940,1948,"55-59, 60-64, 65-69, 70-74, 75-79"
ICD-4,107(2),338,132222,1940,1948,"01-04, 05-09, 10-14, 15-19, 20-24"
ICD-4,46b,265,121242,1940,1948,"01-04, 05-09, 10-14, 15-19, 20-24"
ICD-4,97,213,100516,1940,1948,"05-09, 15-19, 20-24, 25-29, 30-34"
ICD-4,46c,294,93188,1940,1948,"01-04, 05-09, 10-14, 15-19, 20-24"
ICD-4,93d,285,74744,1940,1948,"01-04, 05-09, 10-14, 15-19, 20-24"
ICD-4,92b(1),316,72142,1940,1948,"01-04, 05-09, 10-14, 15-19, 20-24"
ICD-4,47b,310,66089,1940,1948,"01-04, 05-09, 10-14, 15-19, 20-24"
ICD-4,131b,311,60166,1940,1948,"01-04, 05-09, 10-14, 15-19, 20-24"
ICD-4,46d,265,55640,1940,1948,"01-04, 10-14, 15-19, 20-24, 25-29"
ICD-4,108(2),338,50611,1940,1948,"01-04, 05-09, 10-14, 15-19, 20-24"
ICD-4,137a,94,46535,1940,1948,"25-29, 30-34, 35-39, 40-44, 45-49"
ICD-4,92c,310,39959,1940,1948,"01-04, 05-09, 10-14, 15-19, 20-24"
ICD-4,131c,322,39668,1940,1948,"01-04, 05-09, 10-14, 15-19, 20-24"
ICD-4,170c,336,39276,1940,1948,"01-04, 05-09, 10-14, 15-19, 20-24"
ICD-4,"119a,",36,30912,1940,1948,"01-04, <1"
ICD-4,46e,284,24750,1940,1948,"01-04, 05-09, 10-14, 15-19, 20-24"
ICD-4,48b,134,22986,1940,1948,"01-04, 10-14, 15-19, 20-24, 25-29"
ICD-4,51b,120,21771,1940,1948,"01-04, 05-09, 10-14, 15-19, 20-24"
ICD-4,33a(1),338,21623,1940,1948,"01-04, 05-09, 10-14, 15-19, 20-24"
ICD-4,46f,237,21304,1940,1948,"15-19, 20-24, 25-29, 30-34, 35-39"
ICD-4,46a,231,20515,1940,1948,"20-24, 25-29, 30-34, 35-39, 40-44"
ICD-4,122a,306,19763,1940,1948,"01-04, 05-09, 10-14, 15-19, 20-24"
ICD-4,94b,209,17813,1940,1948,"15-19, 20-24, 25-29, 30-34, 35-39"
ICD-4,95c,294,17688,1940,1948,"01-04, 05-09, 10-14, 15-19, 20-24"
ICD-4,109(2),338,17636,1940,1948,"01-04, 05-09, 10-14, 15-19, 20-24"
ICD-4,73a,266,16955,1940,1948,"01-04, 05-09, 10-14, 15-19, 20-24"
ICD-4,112(6),337,16819,1940,1948,"01-04, 05-09, 10-14, 15-19, 20-24"
ICD-4,48a,127,16653,1940,1948,"01-04, 05-09, 15-19, 20-24, 25-29"
ICD-4,92a,276,16568,1940,1948,"01-04, 05-09, 10-14, 15-19, 20-24"
ICD-4,83d,243,15374,1940,1948,"01-04, 05-09, 10-14, 15-19, 20-24"
ICD-4,92b(2),316,15192,1940,1948,"01-04, 05-09, 10-14, 15-19, 20-24"
ICD-4,45c,303,13930,1940,1948,"01-04, 05-09, 10-14, 15-19, 20-24"
ICD-4,163ba,274,13726,1940,1948,"10-14, 15-19, 20-24, 25-29, 30-34"
ICD-4,33a(2),318,13434,1940,1948,"01-04, 05-09, 10-14, 15-19, 20-24"
ICD-4,122b(3),338,13246,1940,1948,"01-04, 05-09, 10-14, 15-19, 20-24"
ICD-4,121(1),336,13205,1940,1948,"01-04, 05-09, 10-14, 15-19, 20-24"
ICD-4,55d(2),332,12021,1940,1948,"01-04, 05-09, 10-14, 15-19, 20-24"
ICD-4,59a,276,11233,1940,1948,"01-04, 05-09, 10-14, 15-19, 20-24"
ICD-4,74a,336,10562,1940,1948,"01-04, 05-09, 10-14, 15-19, 20-24"
ICD-4,33b(1),333,10230,1940,1948,"01-04, 05-09, 10-14, 15-19, 20-24"
ICD-4,47a,230,10178,1940,1948,"01-04, 05-09, 15-19, 20-24, 25-29"
ICD-4,93c(2),252,9183,1940,1948,"01-04, 05-09, 10-14, 15-19, 20-24"
ICD-4,112(3),268,9085,1940,1948,"01-04, 05-09, 10-14, 15-19, 20-24"
ICD-4,30c,245,8393,1940,1948,"10-14, 15-19, 20-24, 25-29, 30-34"
ICD-4,120a,320,8350,1940,1948,"01-04, 05-09, 10-14, 15-19, 20-24"
ICD-4,45b,211,7628,1940,1948,"15-19, 20-24, 25-29, 30-34, 35-39"
ICD-4,126,230,7364,1940,1948,"10-14, 20-24, 25-29, 30-34, 35-39"
ICD-4,93b,304,7172,1940,1948,"01-04, 05-09, 10-14, 15-19, 20-24"
ICD-4,63b,251,7108,1940,1948,"01-04, 05-09, 10-14, 15-19, 20-24"
ICD-4,57d,327,6922,1940,1948,"01-04, 05-09, 10-14, 15-19, 20-24"
ICD-4,127a,242,6821,1940,1948,"01-04, 05-09, 10-14, 15-19, 20-24"
ICD-4,"30db,dc",257,6724,1940,1948,"10-14, 15-19, 20-24, 25-29, 30-34"
ICD-4,91ab,321,6587,1940,1948,"01-04, 05-09, 10-14, 15-19, 20-24"
ICD-4,111c,237,6535,1940,1948,"01-04, 05-09, 10-14, 15-19, 20-24"
ICD-4,81,320,5815,1940,1948,"01-04, 05-09, 10-14, 15-19, 20-24"
ICD-4,164a,259,5687,1940,1948,"10-14, 15-19, 20-24, 25-29, 30-34"
ICD-4,44b,315,5406,1940,1948,"01-04, 05-09, 10-14, 15-19, 20-24"
ICD-4,35,171,5368,1940,1948,"01-04, 05-09, 10-14, 15-19, 20-24"
ICD-4,33b(2),308,5315,1940,1948,"01-04, 05-09, 10-14, 15-19, 20-24"
ICD-4,157ic,293,5216,1940,1948,"01-04, 05-09, 10-14, 15-19, 20-24"
ICD-4,164b,258,5041,1940,1948,"10-14, 15-19, 20-24, 25-29, 30-34"
ICD-4,98,200,5002,1940,1948,"01-04, 05-09, 10-14, 15-19, 20-24"
ICD-4,30b,260,4815,1940,1948,"01-04, 05-09, 10-14, 15-19, 20-24"
ICD-4,82(1),296,4675,1940,1948,"01-04, 05-09, 10-14, 15-19, 20-24"
ICD-4,123a,231,4542,1940,1948,"01-04, 05-09, 10-14, 15-19, 20-24"
ICD-4,160c,18,4381,1940,1948,<1
ICD-4,195d,337,4296,1940,1948,"01-04, 05-09, 10-14, 15-19, 20-24"
ICD-4,161e(1),18,4200,1940,1948,<1
ICD-4,22c,308,3839,1940,1948,"01-04, 05-09, 10-14, 15-19, 20-24"
ICD-4,73d,336,3792,1940,1948,"01-04, 05-09, 10-14, 15-19, 20-24"
ICD-4,56e,333,3782,1940,1948,"01-04, 05-09, 10-14, 15-19, 20-24"
ICD-4,100b,271,3756,1940,1948,"01-04, 05-09, 10-14, 15-19, 20-24"
ICD-4,171b,312,3501,1940,1948,"01-04, 05-09, 10-14, 15-19, 20-24"
ICD-4,84d,283,3454,1940,1948,"01-04, 05-09, 10-14, 15-19, 20-24"
ICD-4,"119,120a(2)",36,3391,1939,1939,"01-04, 05-09, 10-14, 15-19, 20-24"
ICD-4,200a(1),247,3325,1940,1948,"01-04, 05-09, 10-14, 15-19, 20-24"
ICD-4,110b,303,3301,1940,1948,"01-04, 05-09, 10-14, 15-19, 20-24"
ICD-4,131a,317,3258,1940,1948,"01-04, 05-09, 10-14, 15-19, 20-24"
ICD-4,46g,310,3254,1940,1948,"01-04, 05-09, 10-14, 15-19, 20-24"
ICD-4,100a,233,3212,1940,1948,"10-14, 15-19, 20-24, 25-29, 30-34"
ICD-4,58b,277,2968,1940,1948,"01-04, 05-09, 10-14, 15-19, 20-24"
ICD-4,16,311,2903,1940,1948,"01-04, 05-09, 10-14, 15-19, 20-24"
ICD-4,157e,32,2902,1940,1948,"01-04, 05-09, 45-49, 55-59, <1"
ICD-4,111a,266,2849,1940,1948,"01-04, 05-09, 10-14, 15-19, 20-24"
ICD-4,51c,144,2807,1940,1948,"01-04, 05-09, 10-14, 15-19, 20-24"
ICD-4,59b,212,2774,1940,1948,"10-14, 15-19, 20-24, 25-29, 30-34"
ICD-4,121(2),315,2726,1940,1948,"01-04, 05-09, 10-14, 15-19, 20-24"
ICD-4,161d,18,2717,1940,1948,<1
ICD-4,37b,248,2647,1940,1948,"01-04, 05-09, 10-14, 15-19, 20-24"
ICD-4,55c,219,2641,1940,1948,"01-04, 05-09, 10-14, 15-19, 20-24"
ICD-4,164d,229,2632,1940,1948,"15-19, 20-24, 25-29, 30-34, 35-39"
ICD-4,123b,299,2587,1940,1948,"01-04, 05-09, 10-14, 15-19, 20-24"
ICD-4,30a,190,2559,1940,1948,"20-24, 25-29, 30-34, 35-39, 40-44"
ICD-4,24a,328,2544,1940,1948,"01-04, 05-09, 10-14, 15-19, 20-24"
ICD-4,56b,121,2541,1940,1948,"15-19, 20-24, 25-29, 30-34, 35-39"
ICD-4,122b(1),230,2510,1940,1948,"01-04, 05-09, 10-14, 15-19, 20-24"
ICD-4,110a,307,2467,1940,1948,"01-04, 05-09, 10-14, 15-19, 20-24"
ICD-4,157ib,304,2456,1940,1948,"01-04, 05-09, 10-14, 15-19, 20-24"
ICD-4,90b,322,2347,1940,1948,"01-04, 05-09, 10-14, 15-19, 20-24"
ICD-4,125b,328,2342,1940,1948,"01-04, 05-09, 10-14, 15-19, 20-24"
ICD-4,152,311,2322,1940,1948,"01-04, 05-09, 10-14, 15-19, 20-24"
ICD-4,114e(1),242,2271,1940,1948,"01-04, 05-09, 10-14, 15-19, 20-24"
ICD-4,57e,293,2260,1940,1948,"01-04, 05-09, 10-14, 15-19, 20-24"
ICD-4,164c,218,2161,1940,1948,"10-14, 15-19, 20-24, 25-29, 30-34"
ICD-4,56d,303,2077,1940,1948,"01-04, 05-09, 10-14, 15-19, 20-24"
ICD-4,45a,158,1894,1940,1948,"01-04, 25-29, 30-34, 35-39, 40-44"
ICD-4,63c,239,1853,1940,1948,"01-04, 05-09, 10-14, 15-19, 20-24"
ICD-4,87e(2),322,1825,1940,1948,"01-04, 05-09, 10-14, 15-19, 20-24"
ICD-4,157h,286,1728,1940,1948,"01-04, 05-09, 10-14, 15-19, 20-24"
ICD-4,56a,135,1632,1940,1948,"05-09, 10-14, 15-19, 20-24, 25-29"
ICD-4,54c,285,1625,1940,1948,"01-04, 05-09, 10-14, 15-19, 20-24"
ICD-4,137b,91,1613,1940,1948,"20-24, 25-29, 30-34, 35-39, 40-44"
ICD-4,37c,285,1600,1940,1948,"01-04, 05-09, 10-14, 15-19, 20-24"
ICD-4,104,318,1555,1940,1948,"01-04, 05-09, 10-14, 15-19, 20-24"
ICD-4,195c,18,1475,1940,1948,<1
ICD-4,157ie,204,1463,1940,1948,"01-04, 05-09, 10-14, 15-19, 20-24"
ICD-4,115a,309,1432,1940,1948,"01-04, 05-09, 10-14, 15-19, 20-24"
ICD-4,149a,84,1413,1940,1948,"15-19, 20-24, 25-29, 30-34, 35-39"
ICD-4,65a,249,1389,1940,1948,"01-04, 05-09, 10-14, 15-19, 20-24"
ICD-4,163aa,226,1373,1940,1948,"15-19, 20-24, 25-29, 30-34, 35-39"
ICD-4,80b,275,1290,1940,1948,"01-04, 05-09, 10-14, 15-19, 20-24"
ICD-4,30da,152,1258,1940,1948,"01-04, 05-09, 10-14, 15-19, 20-24"
ICD-4,95b,253,1253,1940,1948,"05-09, 10-14, 15-19, 20-24, 25-29"
ICD-4,36(1),242,1248,1940,1948,"01-04, 05-09, 10-14, 15-19, 20-24"
ICD-4,115c(2),306,1198,1940,1948,"01-04, 05-09, 10-14, 15-19, 20-24"
ICD-4,164e,248,1197,1940,1948,"15-19, 20-24, 25-29, 30-34, 35-39"
ICD-4,75a,277,1189,1940,1948,"01-04, 05-09, 10-14, 15-19, 20-24"
ICD-4,22a,253,1159,1940,1948,"01-04, 05-09, 10-14, 15-19, 20-24"
ICD-4,164fa,227,1149,1940,1948,"10-14, 15-19, 20-24, 25-29, 30-34"
ICD-4,105,250,1131,1940,1948,"01-04, 05-09, 10-14, 15-19, 20-24"
ICD-4,80a,280,1128,1940,1948,"01-04, 05-09, 10-14, 15-19, 20-24"
ICD-4,157id,213,1128,1940,1948,"01-04, 05-09, 10-14, 15-19, 20-24"
ICD-4,82(4),277,1111,1940,1948,"01-04, 05-09, 10-14, 15-19, 20-24"
ICD-4,82(3),243,1102,1940,1948,"01-04, 05-09, 10-14, 15-19, 20-24"
ICD-4,11,239,1095,1940,1948,"01-04, 05-09, 10-14, 15-19, 20-24"
ICD-4,"34b,c",28,1084,1939,1939,"15-19, 20-24, 25-29, 30-34, 35-39"
ICD-4,157ia,148,1081,1940,1948,"01-04, 05-09, 10-14, 15-19, 20-24"
ICD-4,127b,255,1069,1940,1948,"01-04, 05-09, 10-14, 15-19, 20-24"
ICD-4,146d,58,1065,1940,1948,"15-19, 20-24, 25-29, 30-34, 35-39"
ICD-4,114d,254,1065,1940,1948,"01-04, 05-09, 10-14, 15-19, 20-24"
ICD-4,140ab,57,1030,1940,1948,"15-19, 20-24, 25-29, 30-34, 35-39"
ICD-4,58d,281,1009,1940,1948,"01-04, 05-09, 10-14, 15-19, 20-24"
ICD-4,115b(2),287,992,1940,1948,"01-04, 05-09, 10-14, 15-19, 20-24"
ICD-4,149b,61,989,1940,1948,"15-19, 20-24, 25-29, 30-34, 35-39"
ICD-4,66b(3),284,977,1940,1948,"01-04, 05-09, 10-14, 15-19, 20-24"
ICD-4,111b,249,965,1940,1948,"01-04, 05-09, 10-14, 15-19, 20-24"
ICD-4,63a,198,952,1940,1948,"01-04, 10-14, 15-19, 20-24, 25-29"
ICD-4,27a,254,948,1940,1948,"01-04, 05-09, 10-14, 15-19, 20-24"
ICD-4,115c(3),276,920,1940,1948,"01-04, 05-09, 10-14, 15-19, 20-24"
ICD-4,147b,57,894,1940,1948,"15-19, 20-24, 25-29, 30-34, 35-39"
ICD-4,156b(1),269,894,1940,1948,"01-04, 05-09, 10-14, 15-19, 20-24"
ICD-4,171a,228,866,1940,1948,"01-04, 05-09, 10-14, 15-19, 20-24"
ICD-4,125a,270,857,1940,1948,"01-04, 05-09, 10-14, 15-19, 20-24"
ICD-4,73c,211,841,1940,1948,"01-04, 05-09, 10-14, 15-19, 20-24"
ICD-4,200a(2),203,827,1940,1948,"01-04, 05-09, 10-14, 15-19, 20-24"
ICD-4,157f,43,808,1940,1948,"01-04, 05-09, 10-14, 30-34, <1"
ICD-4,175a,175,795,1940,1948,"01-04, 05-09, 10-14, 15-19, 20-24"
ICD-4,163ad,226,791,1940,1948,"10-14, 15-19, 20-24, 25-29, 30-34"
ICD-4,115b(3),281,788,1940,1948,"01-04, 05-09, 10-14, 15-19, 20-24"
ICD-4,43,256,788,1940,1948,"01-04, 05-09, 10-14, 15-19, 20-24"
ICD-4,75b,248,787,1940,1948,"01-04, 05-09, 10-14, 15-19, 20-24"
ICD-4,59c,158,761,1940,1948,"15-19, 20-24, 25-29, 30-34, 35-39"
ICD-4,115d,203,749,1940,1948,"01-04, 05-09, 10-14, 15-19, 20-24"
ICD-4,124a,151,744,1940,1948,"25-29, 30-34, 35-39, 40-44, 45-49"
ICD-4,163ac,189,695,1940,1948,"15-19, 20-24, 25-29, 30-34, 35-39"
ICD-4,163ab(1),196,661,1940,1948,"15-19, 20-24, 25-29, 30-34, 35-39"
ICD-4,82(2),168,649,1940,1948,"10-14, 15-19, 30-34, 35-39, 40-44"
ICD-4,77,163,642,1940,1948,"15-19, 20-24, 25-29, 30-34, 35-39"
ICD-4,38c,121,604,1940,1948,"01-04, 15-19, 25-29, 30-34, 35-39"
ICD-4,58c,230,588,1940,1948,"01-04, 05-09, 10-14, 15-19, 20-24"
ICD-4,66b(2),197,551,1940,1948,"01-04, 05-09, 10-14, 15-19, 20-24"
ICD-4,147d,57,547,1940,1948,"15-19, 20-24, 25-29, 30-34, 35-39"
ICD-4,"119,120b",35,546,1939,1939,"01-04, 05-09, 10-14, 15-19, 20-24"
ICD-4,36(2),172,543,1940,1948,"01-04, 05-09, 10-14, 15-19, 20-24"
ICD-4,74b,228,518,1940,1948,"01-04, 05-09, 10-14, 15-19, 20-24"
ICD-4,157g,32,516,1940,1948,"01-04, 05-09, 15-19, 45-49, <1"
ICD-4,66b(1),37,515,1940,1948,"01-04, 05-09, <1"
ICD-4,115c(1),127,507,1940,1948,"01-04, 05-09, 10-14, 15-19, 20-24"
ICD-4,161e(2),18,496,1940,1948,<1
ICD-4,200b,157,473,1940,1948,"01-04, 05-09, 15-19, 20-24, 25-29"
ICD-4,147c,54,457,1940,1948,"15-19, 20-24, 25-29, 30-34, 35-39"
ICD-4,24b,204,445,1940,1948,"01-04, 05-09, 10-14, 15-19, 20-24"
ICD-4,146a,52,433,1940,1948,"15-19, 20-24, 25-29, 30-34, 35-39"
ICD-4,157j,34,432,1940,1948,"01-04, 05-09, 10-14, 20-24, 25-29"
ICD-4,58a,148,412,1940,1948,"01-04, 05-09, 10-14, 15-19, 20-24"
ICD-4,51a,88,412,1940,1948,"30-34, 35-39, 40-44, 45-49, 50-54"
ICD-4,76b,140,369,1940,1948,"05-09, 15-19, 20-24, 25-29, 30-34"
ICD-4,27d,188,359,1940,1948,"01-04, 05-09, 10-14, 15-19, 20-24"
ICD-4,37a,177,355,1940,1948,"01-04, 05-09, 10-14, 15-19, 20-24"
ICD-4,76a,199,345,1940,1948,"01-04, 05-09, 10-14, 15-19, 20-24"
ICD-4,175c,129,344,1940,1948,"01-04, 05-09, 10-14, 15-19, 20-24"
ICD-4,73b,166,338,1940,1948,"01-04, 05-09, 10-14, 15-19, 20-24"
ICD-4,112(2),157,332,1940,1948,"05-09, 10-14, 15-19, 20-24, 25-29"
ICD-4,156b(2),182,325,1940,1948,"01-04, 05-09, 10-14, 15-19, 20-24"
ICD-4,148c,48,301,1940,1948,"15-19, 20-24, 25-29, 30-34, 35-39"
ICD-4,70,63,292,1940,1948,"01-04, 05-09, 10-14, 15-19, 20-24"
ICD-4,83e,145,290,1940,1948,"01-04, 05-09, 10-14, 20-24, 25-29"
ICD-4,148d,54,272,1940,1948,"10-14, 15-19, 20-24, 25-29, 30-34"
ICD-4,114e(2),161,262,1940,1948,"01-04, 05-09, 10-14, 15-19, 20-24"
ICD-4,62(2),154,255,1940,1948,"01-04, 05-09, 10-14, 15-19, 20-24"
ICD-4,72b,106,249,1940,1948,"01-04, 05-09, 10-14, 15-19, 20-24"
ICD-4,91c,161,246,1940,1948,"01-04, 05-09, 10-14, 15-19, 20-24"
ICD-4,141aa(2),49,239,1940,1948,"15-19, 20-24, 25-29, 30-34, 35-39"
ICD-4,107(1),118,235,1940,1948,"01-04, 05-09, 10-14, 15-19, 20-24"
ICD-4,"119,120a(1)",34,235,1939,1939,"01-04, 05-09, 15-19, 20-24, 25-29"
ICD-4,140ba,46,235,1940,1948,"15-19, 20-24, 25-29, 30-34, 35-39"
ICD-4,90a,151,221,1940,1948,"01-04, 05-09, 10-14, 15-19, 20-24"
ICD-4,75c,141,220,1940,1948,"01-04, 15-19, 20-24, 25-29, 30-34"
ICD-4,175bb,94,218,1940,1947,"01-04, 05-09, 10-14, 15-19, 20-24"
ICD-4,122b(2),144,217,1940,1948,"01-04, 10-14, 15-19, 20-24, 25-29"
ICD-4,21a,136,216,1940,1948,"05-09, 10-14, 15-19, 20-24, 25-29"
ICD-4,65b,114,215,1940,1948,"01-04, 05-09, 10-14, 15-19, 20-24"
ICD-4,55d(1),121,207,1940,1948,"10-14, 15-19, 25-29, 30-34, 35-39"
ICD-4,112(4),97,207,1940,1948,"35-39, 45-49, 50-54, 55-59, 60-64"
ICD-4,144d,47,192,1940,1948,"15-19, 20-24, 25-29, 30-34, 35-39"
ICD-4,145,55,185,1940,1948,"15-19, 20-24, 25-29, 30-34, 35-39"
ICD-4,164g,115,185,1940,1948,"10-14, 15-19, 20-24, 25-29, 30-34"
ICD-4,200c,118,185,1940,1948,"01-04, 05-09, 10-14, 15-19, 20-24"
ICD-4,112(1),101,181,1940,1948,"01-04, 10-14, 20-24, 25-29, 30-34"
ICD-4,140bc,46,168,1940,1948,"15-19, 20-24, 25-29, 30-34, 35-39"
ICD-4,141ab(1),46,154,1940,1948,"15-19, 20-24, 25-29, 30-34, 35-39"
ICD-4,62(1),105,153,1940,1948,"15-19, 20-24, 25-29, 30-34, 35-39"
ICD-4,38e,61,137,1940,1948,"01-04, 05-09, 10-14, 15-19, 20-24"
ICD-4,21b,107,137,1940,1948,"01-04, 05-09, 10-14, 15-19, 20-24"
ICD-4,44d,106,133,1940,1948,"01-04, 05-09, 10-14, 15-19, 20-24"
ICD-4,63d,89,131,1940,1948,"10-14, 15-19, 20-24, 25-29, 30-34"
ICD-4,163bb,70,131,1940,1948,"15-19, 20-24, 25-29, 30-34, 35-39"
ICD-4,84c,82,124,1940,1948,"15-19, 20-24, 25-29, 30-34, 35-39"
ICD-4,109(1),76,110,1940,1948,"01-04, 05-09, 10-14, 15-19, 20-24"
ICD-4,146c,40,105,1940,1948,"20-24, 25-29, 30-34, 35-39, 40-44"
ICD-4,164fb,68,104,1940,1948,"15-19, 20-24, 25-29, 30-34, 35-39"
ICD-4,170a,73,104,1940,1948,"01-04, 05-09, 10-14, 15-19, 20-24"
ICD-4,143a,41,101,1940,1948,"20-24, 25-29, 30-34, 35-39, 40-44"
ICD-4,114c,76,96,1940,1948,"01-04, 05-09, 15-19, 20-24, 25-29"
ICD-4,194,77,95,1940,1948,"01-04, 05-09, 10-14, 15-19, 20-24"
ICD-4,44c,70,95,1940,1948,"01-04, 05-09, 10-14, 15-19, 20-24"
ICD-4,140bb,38,93,1940,1948,"15-19, 20-24, 25-29, 30-34, 35-39"
ICD-4,146b,39,92,1940,1948,"15-19, 20-24, 25-29, 30-34, 35-39"
ICD-4,150c,44,88,1940,1948,"20-24, 25-29, 30-34, 35-39, 40-44"
ICD-4,141ab(2),34,87,1940,1947,"15-19, 20-24, 25-29, 30-34, 35-39"
ICD-4,56c,56,86,1940,1948,"15-19, 20-24, 25-29, 30-34, 35-39"
ICD-4,175ba,40,84,1943,1948,"01-04, 05-09, 10-14, 15-19, 20-24"
ICD-4,144c,40,79,1940,1948,"15-19, 20-24, 25-29, 30-34, 35-39"
ICD-4,163ab(2),63,75,1940,1948,"20-24, 25-29, 30-34, 35-39, 40-44"
ICD-4,27b,45,73,1940,1948,"01-04, 10-14, 20-24, 25-29, 30-34"
ICD-4,71,55,70,1940,1948,"01-04, 05-09, 30-34, 35-39, 40-44"
ICD-4,112(5),59,70,1940,1948,"05-09, 25-29, 35-39, 40-44, 45-49"
ICD-4,147a,35,69,1940,1948,"15-19, 20-24, 25-29, 30-34, 35-39"
ICD-4,38d,43,69,1940,1948,"01-04, 05-09, 10-14, 15-19, 20-24"
ICD-4,22b,59,66,1940,1948,"01-04, 10-14, 15-19, 20-24, 25-29"
ICD-4,69,53,64,1940,1948,"10-14, 25-29, 30-34, 35-39, 40-44"
ICD-4,119b,23,60,1940,1948,"01-04, <1"
ICD-4,115b(1),48,60,1940,1948,"01-04, 05-09, 10-14, 15-19, 20-24"
ICD-4,141ba,26,60,1940,1948,"15-19, 20-24, 25-29, 30-34, 35-39"
ICD-4,108(1),50,55,1940,1948,"05-09, 15-19, 20-24, 25-29, 30-34"
ICD-4,143b,30,55,1940,1948,"15-19, 20-24, 25-29, 30-34, 35-39"
ICD-4,79a,40,55,1940,1948,"15-19, 20-24, 25-29, 30-34, 35-39"
ICD-4,57a,35,52,1940,1948,"25-29, 30-34, 35-39, 40-44, 45-49"
ICD-4,67b,44,52,1940,1948,"01-04, 15-19, 20-24, 25-29, 30-34"
ICD-4,63e,43,48,1940,1948,"01-04, 10-14, 15-19, 20-24, 25-29"
ICD-4,141aa(1),25,47,1940,1948,"20-24, 25-29, 30-34, 35-39, 40-44"
ICD-4,87e(1),28,43,1940,1948,"05-09, 10-14, 15-19, 20-24, 35-39"
ICD-4,195a(1),27,42,1940,1948,"01-04, 05-09, 10-14, 15-19, 25-29"
ICD-4,150a,26,39,1940,1948,"15-19, 20-24, 25-29, 30-34, 35-39"
ICD-4,143c,26,38,1940,1948,"20-24, 25-29, 30-34, 35-39, 40-44"
ICD-4,62(3),35,37,1940,1948,"01-04, 05-09, 15-19, 20-24, 25-29"
ICD-4,150b,23,37,1940,1948,"20-24, 25-29, 30-34, 35-39"
ICD-4,24c,33,34,1940,1948,"05-09, 25-29, 30-34, 35-39, 45-49"
ICD-4,195bb,24,32,1941,1948,"01-04, 10-14, 15-19, 25-29, 30-34"
ICD-4,163bc,24,31,1940,1948,"20-24, 25-29, 30-34, 35-39, 40-44"
ICD-4,57b,28,31,1940,1948,"25-29, 30-34, 40-44, 45-49, 50-54"
ICD-4,24d,25,30,1940,1948,"15-19, 25-29, 40-44, 50-54, 55-59"
ICD-4,67a,15,29,1940,1948,<1
ICD-4,141bc,20,29,1940,1948,"20-24, 25-29, 30-34, 35-39, 40-44"
ICD-4,34,22,29,1944,1947,"01-04, 05-09, 10-14, 15-19, 20-24"
ICD-4,140aa,17,24,1940,1948,"20-24, 25-29, 30-34, 35-39, 40-44"
ICD-4,57c,20,24,1940,1947,"45-49, 50-54, 55-59, 60-64, 65-69"
ICD-4,170b,22,24,1941,1948,"05-09, 10-14, 15-19, 20-24, 25-29"
ICD-4,46h,19,23,1942,1948,"50-54, 55-59, 60-64, 65-69, 75-79"
ICD-4,141bb,16,21,1940,1948,"15-19, 20-24, 25-29, 30-34, 35-39"
ICD-4,79bb,16,17,1940,1948,"25-29, 35-39, 40-44, 45-49, 50-54"
ICD-4,44a,16,16,1940,1947,"35-39, 40-44, 45-49, 50-54, 55-59"
ICD-4,79ba,15,16,1940,1948,"30-34, 35-39, 40-44, 45-49, 50-54"
ICD-4,195ba,14,15,1940,1948,"05-09, 25-29, 30-34, 35-39, 45-49"
ICD-4,76d,14,15,1941,1948,"25-29, 35-39, 45-49, 50-54, 55-59"
ICD-4,39bc,7,7,1941,1948,"05-09, 50-54, 55-59, 60-64, 65-69"
ICD-4,79c,7,7,1941,1948,"05-09, 25-29, 35-39, 45-49, 60-64"
ICD-4,195a(2),5,7,1941,1947,"10-14, <1"
ICD-4,76c,3,3,1942,1948,"45-49, 55-59, 60-64"
ICD-4,27c,3,3,1942,1944,"35-39, 75-79, 85+"
ICD-4,31,1,1,1940,1940,70-74
ICD-4,114b,1,1,1945,1945,55-59
ICD-4,38f,1,1,1941,1941,50-54
ICD-4,72c,1,1,1948,1948,15-19
ICD-4,47c,1,1,1946,1946,55-59
ICD-5,4201,247,513986,1950,1957,"01-04, 05-09, 10-14, 15-19, 20-24"
ICD-5,4222,279,328500,1950,1957,"01-04, 05-09, 10-14, 15-19, 20-24"
ICD-5,3320,259,253895,1950,1957,"01-04, 05-09, 10-14, 15-19, 20-24"
ICD-5,3310,286,253280,1950,1957,"01-04, 05-09, 10-14, 15-19, 20-24"
ICD-5,4221,191,210767,1950,1957,"05-09, 25-29, 30-34, 35-39, 40-44"
ICD-5,4910,304,123816,1950,1957,"01-04, 05-09, 10-14, 15-19, 20-24"
ICD-5,5021,292,115685,1950,1957,"01-04, 05-09, 10-14, 15-19, 20-24"
ICD-5,1510,244,113985,1950,1957,"01-04, 05-09, 10-14, 15-19, 20-24"
ICD-5,4430,227,98161,1950,1957,"01-04, 05-09, 10-14, 15-19, 20-24"
ICD-5,4500,191,82081,1950,1957,"05-09, 25-29, 30-34, 35-39, 40-44"
ICD-5,1530,244,76893,1950,1957,"01-04, 05-09, 10-14, 15-19, 20-24"
ICD-5,1700,202,66989,1950,1957,"15-19, 20-24, 25-29, 30-34, 35-39"
ICD-5,5020,248,66840,1950,1957,"01-04, 05-09, 15-19, 20-24, 25-29"
ICD-5,7940,90,66450,1950,1957,"60-64, 65-69, 70-74, 75-79, 80-84"
ICD-5,1620,241,63382,1950,1957,"01-04, 05-09, 10-14, 15-19, 20-24"
ICD-5,1630,243,62364,1950,1957,"01-04, 05-09, 10-14, 15-19, 20-24"
ICD-5,4100,269,53202,1950,1957,"01-04, 05-09, 10-14, 15-19, 20-24"
ICD-5,1540,230,46092,1950,1957,"10-14, 15-19, 20-24, 25-29, 30-34"
ICD-5,4340,277,36682,1950,1957,"01-04, 05-09, 10-14, 15-19, 20-24"
ICD-5,3340,227,36655,1950,1957,"01-04, 05-09, 10-14, 15-19, 20-24"
ICD-5,5920,290,35783,1950,1957,"01-04, 05-09, 10-14, 15-19, 20-24"
ICD-5,6100,84,33760,1950,1957,"25-29, 35-39, 40-44, 45-49, 50-54"
ICD-5,5000,303,32574,1950,1957,"01-04, 05-09, 10-14, 15-19, 20-24"
ICD-5,4440,217,29281,1950,1957,"10-14, 15-19, 20-24, 25-29, 30-34"
ICD-5,4900,304,28662,1950,1957,"01-04, 05-09, 10-14, 15-19, 20-24"
ICD-5,7760,16,26643,1950,1957,<1
ICD-5,2600,295,26617,1950,1957,"01-04, 05-09, 10-14, 15-19, 20-24"
ICD-5,1570,221,26269,1950,1957,"05-09, 10-14, 15-19, 20-24, 25-29"
ICD-5,1770,105,25988,1950,1957,"01-04, 05-09, 10-14, 15-19, 20-24"
ICD-5,4800,301,22206,1950,1957,"01-04, 05-09, 10-14, 15-19, 20-24"
ICD-5,4330,237,22051,1950,1957,"01-04, 05-09, 10-14, 15-19, 20-24"
ICD-5,1810,223,21555,1950,1957,"01-04, 05-09, 15-19, 20-24, 25-29"
ICD-5,2410,301,21428,1950,1957,"01-04, 05-09, 10-14, 15-19, 20-24"
ICD-5,3300,303,21210,1950,1957,"01-04, 05-09, 10-14, 15-19, 20-24"
ICD-5,1750,138,21196,1950,1957,"01-04, 05-09, 10-14, 15-19, 20-24"
ICD-5,1710,115,20168,1950,1957,"01-04, 15-19, 20-24, 25-29, 30-34"
ICD-5,7620,28,19932,1950,1957,"01-04, 45-49, <1"
ICD-5,5010,281,18744,1950,1957,"01-04, 05-09, 10-14, 15-19, 20-24"
ICD-5,1500,205,18372,1950,1957,"20-24, 25-29, 30-34, 35-39, 40-44"
ICD-5,9720,253,17725,1950,1957,"10-14, 15-19, 20-24, 25-29, 30-34"
ICD-5,5400,237,16667,1950,1957,"01-04, 05-09, 10-14, 15-19, 20-24"
ICD-5,8120,298,15633,1950,1957,"01-04, 05-09, 10-14, 15-19, 20-24"
ICD-5,7540,292,14862,1950,1957,"01-04, 05-09, 10-14, 15-19, 20-24"
ICD-5,4211,240,13805,1950,1957,"01-04, 05-09, 10-14, 15-19, 20-24"
ICD-5,4470,209,13649,1950,1957,"01-04, 05-09, 10-14, 15-19, 20-24"
ICD-5,5260,301,12944,1950,1957,"01-04, 05-09, 10-14, 15-19, 20-24"
ICD-5,5410,234,12593,1950,1957,"01-04, 05-09, 10-14, 15-19, 20-24"
ICD-5,9030,253,12567,1950,1957,"01-04, 05-09, 10-14, 15-19, 20-24"
ICD-5,3500,182,12265,1950,1957,"25-29, 30-34, 35-39, 40-44, 45-49"
ICD-5,9040,257,12243,1950,1957,"01-04, 05-09, 10-14, 15-19, 20-24"
ICD-5,7600,16,11858,1950,1957,<1
ICD-5,1930,297,11268,1950,1957,"01-04, 05-09, 10-14, 15-19, 20-24"
ICD-5,1550,238,10577,1950,1957,"01-04, 05-09, 10-14, 15-19, 20-24"
ICD-5,6000,298,10463,1950,1957,"01-04, 05-09, 10-14, 15-19, 20-24"
ICD-5,5610,240,10329,1950,1957,"01-04, 05-09, 10-14, 15-19, 20-24"
ICD-5,4930,298,10017,1950,1957,"01-04, 05-09, 10-14, 15-19, 20-24"
ICD-5,4811,259,9843,1950,1957,"01-04, 05-09, 10-14, 15-19, 20-24"
ICD-5,1990,266,9760,1950,1957,"01-04, 05-09, 10-14, 15-19, 20-24"
ICD-5,1720,112,9514,1950,1957,"01-04, 10-14, 15-19, 20-24, 25-29"
ICD-5,4810,277,9512,1950,1957,"01-04, 05-09, 10-14, 15-19, 20-24"
ICD-5,5810,293,9095,1950,1957,"01-04, 05-09, 10-14, 15-19, 20-24"
ICD-5,4501,136,8823,1950,1957,"40-44, 45-49, 50-54, 55-59, 60-64"
ICD-5,1800,282,8755,1950,1957,"01-04, 05-09, 10-14, 15-19, 20-24"
ICD-5,5270,267,8707,1950,1957,"01-04, 05-09, 10-14, 15-19, 20-24"
ICD-5,5710,291,8554,1950,1957,"01-04, 05-09, 10-14, 15-19, 20-24"
ICD-5,4510,218,8551,1950,1957,"05-09, 10-14, 15-19, 20-24, 25-29"
ICD-5,4460,201,8216,1950,1957,"05-09, 15-19, 20-24, 25-29, 30-34"
ICD-5,4214,232,7997,1950,1957,"01-04, 05-09, 10-14, 15-19, 20-24"
ICD-5,1560,232,7917,1950,1957,"01-04, 05-09, 10-14, 15-19, 20-24"
ICD-5,2041,303,7687,1950,1957,"01-04, 05-09, 10-14, 15-19, 20-24"
ICD-5,5411,229,7517,1950,1957,"01-04, 05-09, 15-19, 20-24, 25-29"
ICD-5,7510,123,7485,1950,1957,"01-04, 05-09, 10-14, 15-19, 20-24"
ICD-5,9290,304,7313,1950,1957,"01-04, 05-09, 10-14, 15-19, 20-24"
ICD-5,1610,204,7263,1950,1957,"01-04, 10-14, 20-24, 25-29, 30-34"
ICD-5,4202,171,7250,1950,1957,"20-24, 25-29, 30-34, 35-39, 40-44"
ICD-5,4140,263,7117,1950,1957,"05-09, 10-14, 15-19, 20-24, 25-29"
ICD-5,4160,264,6991,1950,1957,"01-04, 05-09, 10-14, 15-19, 20-24"
ICD-5,9000,249,6940,1950,1957,"01-04, 05-09, 10-14, 15-19, 20-24"
ICD-5,2900,189,6919,1950,1957,"05-09, 15-19, 20-24, 25-29, 30-34"
ICD-5,5840,203,6739,1950,1957,"01-04, 05-09, 20-24, 25-29, 30-34"
ICD-5,7220,228,6686,1950,1957,"01-04, 05-09, 10-14, 15-19, 20-24"
ICD-5,4650,248,6658,1950,1957,"01-04, 05-09, 10-14, 15-19, 20-24"
ICD-5,7630,16,6656,1950,1957,<1
ICD-5,3450,235,6526,1950,1957,"01-04, 05-09, 10-14, 15-19, 20-24"
ICD-5,3530,304,6389,1950,1957,"01-04, 05-09, 10-14, 15-19, 20-24"
ICD-5,9020,295,6341,1950,1957,"01-04, 05-09, 10-14, 15-19, 20-24"
ICD-5,2040,304,6253,1950,1957,"01-04, 05-09, 10-14, 15-19, 20-24"
ICD-5,2010,278,6196,1950,1957,"01-04, 05-09, 10-14, 15-19, 20-24"
ICD-5,2000,294,6179,1950,1957,"01-04, 05-09, 10-14, 15-19, 20-24"
ICD-5,8150,208,6009,1950,1957,"01-04, 05-09, 10-14, 15-19, 20-24"
ICD-5,5401,230,5829,1950,1957,"01-04, 10-14, 15-19, 20-24, 25-29"
ICD-5,5501,296,5618,1950,1957,"01-04, 05-09, 10-14, 15-19, 20-24"
ICD-5,1960,293,5576,1950,1957,"01-04, 05-09, 10-14, 15-19, 20-24"
ICD-5,9740,231,5474,1950,1957,"10-14, 15-19, 20-24, 25-29, 30-34"
ICD-5,2370,291,5370,1950,1957,"01-04, 05-09, 10-14, 15-19, 20-24"
ICD-5,5721,190,5362,1950,1957,"10-14, 25-29, 30-34, 35-39, 40-44"
ICD-5,5220,175,5239,1950,1957,"01-04, 05-09, 10-14, 20-24, 25-29"
ICD-5,9160,304,5233,1950,1957,"01-04, 05-09, 10-14, 15-19, 20-24"
ICD-5,220,205,5165,1950,1957,"01-04, 05-09, 10-14, 15-19, 20-24"
ICD-5,3040,109,5155,1950,1957,"35-39, 50-54, 55-59, 60-64, 65-69"
ICD-5,5230,119,5118,1950,1957,"30-34, 35-39, 40-44, 45-49, 50-54"
ICD-5,1910,218,5049,1950,1957,"01-04, 05-09, 10-14, 15-19, 20-24"
ICD-5,5850,195,4955,1950,1957,"15-19, 20-24, 25-29, 30-34, 35-39"
ICD-5,8900,287,4952,1950,1957,"01-04, 05-09, 10-14, 15-19, 20-24"
ICD-5,4660,230,4890,1950,1957,"01-04, 10-14, 15-19, 20-24, 25-29"
ICD-5,1410,199,4620,1950,1957,"15-19, 20-24, 25-29, 30-34, 35-39"
ICD-5,3520,184,4442,1950,1957,"01-04, 05-09, 10-14, 15-19, 25-29"
ICD-5,9700,231,4303,1950,1957,"15-19, 20-24, 25-29, 30-34, 35-39"
ICD-5,5870,282,4283,1950,1957,"01-04, 05-09, 10-14, 15-19, 20-24"
ICD-5,8130,260,4237,1950,1957,"01-04, 05-09, 10-14, 15-19, 20-24"
ICD-5,4450,231,4236,1950,1957,"01-04, 05-09, 10-14, 15-19, 20-24"
ICD-5,230,200,4105,1950,1957,"20-24, 25-29, 30-34, 35-39, 40-44"
ICD-5,9750,228,3943,1950,1957,"10-14, 15-19, 20-24, 25-29, 30-34"
ICD-5,1760,115,3811,1950,1957,"01-04, 05-09, 20-24, 25-29, 30-34"
ICD-5,4200,144,3620,1950,1957,"20-24, 35-39, 40-44, 45-49, 50-54"
ICD-5,4110,238,3584,1950,1957,"05-09, 10-14, 15-19, 20-24, 25-29"
ICD-5,5705,266,3556,1950,1957,"01-04, 05-09, 10-14, 15-19, 20-24"
ICD-5,5722,267,3535,1950,1957,"01-04, 05-09, 10-14, 15-19, 20-24"
ICD-5,2520,210,3449,1950,1957,"01-04, 10-14, 15-19, 20-24, 25-29"
ICD-5,7700,33,3431,1950,1957,"01-04, 05-09, 10-14, 15-19, <1"
ICD-5,8160,278,3384,1950,1957,"01-04, 05-09, 10-14, 15-19, 20-24"
ICD-5,5930,270,3279,1950,1957,"01-04, 05-09, 10-14, 15-19, 20-24"
ICD-5,7562,262,3266,1950,1957,"01-04, 05-09, 10-14, 15-19, 20-24"
ICD-5,9210,280,3241,1950,1957,"01-04, 05-09, 10-14, 15-19, 20-24"
ICD-5,2030,192,3218,1950,1957,"01-04, 05-09, 10-14, 15-19, 20-24"
ICD-5,100,240,3152,1950,1957,"01-04, 05-09, 10-14, 15-19, 20-24"
ICD-5,4420,167,3152,1950,1957,"20-24, 25-29, 30-34, 35-39, 40-44"
ICD-5,7610,17,3056,1950,1957,"01-04, <1"
ICD-5,4630,209,2987,1950,1957,"05-09, 15-19, 20-24, 25-29, 30-34"
ICD-5,4220,202,2950,1950,1957,"15-19, 20-24, 25-29, 30-34, 35-39"
ICD-5,5910,301,2935,1950,1957,"01-04, 05-09, 10-14, 15-19, 20-24"
ICD-5,5702,232,2913,1950,1957,"01-04, 05-09, 10-14, 15-19, 20-24"
ICD-5,5703,284,2867,1950,1957,"01-04, 05-09, 10-14, 15-19, 20-24"
ICD-5,1940,192,2852,1950,1957,"01-04, 15-19, 20-24, 25-29, 30-34"
ICD-5,3560,239,2817,1950,1957,"01-04, 05-09, 10-14, 15-19, 20-24"
ICD-5,1580,268,2807,1950,1957,"01-04, 05-09, 10-14, 15-19, 20-24"
ICD-5,9100,207,2783,1950,1957,"01-04, 05-09, 10-14, 15-19, 20-24"
ICD-5,5600,218,2717,1950,1957,"01-04, 05-09, 10-14, 15-19, 20-24"
ICD-5,4300,277,2706,1950,1957,"01-04, 05-09, 10-14, 15-19, 20-24"
ICD-5,6050,200,2704,1950,1957,"01-04, 05-09, 15-19, 20-24, 25-29"
ICD-5,5780,252,2559,1950,1957,"01-04, 05-09, 10-14, 15-19, 20-24"
ICD-5,8210,172,2548,1950,1957,"01-04, 05-09, 10-14, 15-19, 20-24"
ICD-5,1900,242,2511,1950,1957,"01-04, 05-09, 10-14, 15-19, 20-24"
ICD-5,2230,291,2393,1950,1957,"01-04, 05-09, 10-14, 15-19, 20-24"
ICD-5,4150,235,2379,1950,1957,"01-04, 05-09, 10-14, 15-19, 20-24"
ICD-5,7590,247,2330,1950,1957,"01-04, 05-09, 10-14, 15-19, 20-24"
ICD-5,6020,233,2329,1950,1957,"01-04, 05-09, 10-14, 15-19, 20-24"
ICD-5,1440,173,2307,1950,1957,"01-04, 05-09, 15-19, 20-24, 30-34"
ICD-5,7571,258,2269,1950,1957,"01-04, 05-09, 10-14, 15-19, 20-24"
ICD-5,7230,157,2267,1950,1957,"20-24, 30-34, 35-39, 40-44, 45-49"
ICD-5,1480,199,2261,1950,1957,"01-04, 05-09, 10-14, 15-19, 20-24"
ICD-5,2924,283,2224,1950,1957,"01-04, 05-09, 10-14, 15-19, 20-24"
ICD-5,920,301,2186,1950,1957,"01-04, 05-09, 10-14, 15-19, 20-24"
ICD-5,5250,226,2156,1950,1957,"01-04, 05-09, 10-14, 15-19, 20-24"
ICD-5,4600,192,2110,1950,1957,"20-24, 25-29, 30-34, 35-39, 40-44"
ICD-5,"119a,",4,2075,1949,1949,"01-04, <1"
ICD-5,7730,16,2052,1950,1957,<1
ICD-5,570,244,1999,1950,1957,"01-04, 05-09, 10-14, 15-19, 20-24"
ICD-5,2530,189,1948,1950,1957,"01-04, 05-09, 15-19, 20-24, 25-29"
ICD-5,3910,281,1914,1950,1957,"01-04, 05-09, 10-14, 15-19, 20-24"
ICD-5,1470,187,1904,1950,1957,"20-24, 25-29, 30-34, 35-39, 40-44"
ICD-5,9240,108,1842,1950,1957,"01-04, 05-09, 10-14, 15-19, 20-24"
ICD-5,5900,301,1817,1950,1957,"01-04, 05-09, 10-14, 15-19, 20-24"
ICD-5,2910,194,1814,1950,1957,"01-04, 05-09, 10-14, 15-19, 20-24"
ICD-5,1740,95,1794,1950,1957,"01-04, 25-29, 30-34, 35-39, 40-44"
ICD-5,4400,150,1790,1950,1957,"20-24, 35-39, 40-44, 45-49, 50-54"
ICD-5,1600,205,1721,1950,1957,"01-04, 05-09, 10-14, 15-19, 20-24"
ICD-5,7520,156,1694,1950,1957,"01-04, 05-09, 10-14, 15-19, 20-24"
ICD-5,560,76,1687,1950,1957,"01-04, 05-09, 10-14, 15-19, 20-24"
ICD-5,9760,169,1655,1950,1957,"10-14, 15-19, 20-24, 25-29, 30-34"
ICD-5,9120,152,1645,1950,1957,"01-04, 05-09, 10-14, 15-19, 20-24"
ICD-5,1970,274,1642,1950,1957,"01-04, 05-09, 10-14, 15-19, 20-24"
ICD-5,1450,173,1637,1950,1957,"05-09, 10-14, 15-19, 20-24, 25-29"
ICD-5,7710,17,1621,1950,1957,"01-04, <1"
ICD-5,4560,251,1601,1950,1957,"01-04, 05-09, 10-14, 15-19, 20-24"
ICD-5,1780,134,1575,1950,1957,"01-04, 05-09, 10-14, 15-19, 20-24"
ICD-5,3550,280,1574,1950,1957,"01-04, 05-09, 10-14, 15-19, 20-24"
ICD-5,1520,206,1573,1950,1957,"05-09, 10-14, 15-19, 20-24, 25-29"
ICD-5,9770,198,1533,1950,1957,"15-19, 20-24, 25-29, 30-34, 35-39"
ICD-5,4410,201,1512,1950,1957,"10-14, 15-19, 20-24, 25-29, 30-34"
ICD-5,160,232,1510,1950,1957,"01-04, 05-09, 10-14, 15-19, 20-24"
ICD-5,2042,278,1489,1950,1957,"01-04, 05-09, 10-14, 15-19, 20-24"
ICD-5,3401,257,1487,1950,1957,"01-04, 05-09, 10-14, 15-19, 20-24"
ICD-5,9790,212,1442,1950,1957,"10-14, 15-19, 20-24, 25-29, 30-34"
ICD-5,830,199,1410,1950,1957,"01-04, 05-09, 10-14, 15-19, 20-24"
ICD-5,9360,268,1394,1950,1957,"01-04, 05-09, 10-14, 15-19, 20-24"
ICD-5,8000,100,1393,1950,1957,"15-19, 20-24, 25-29, 30-34, 35-39"
ICD-5,8710,226,1360,1950,1957,"01-04, 05-09, 15-19, 20-24, 25-29"
ICD-5,7690,16,1339,1950,1957,<1
ICD-5,7310,131,1286,1950,1957,"25-29, 35-39, 40-44, 45-49, 50-54"
ICD-5,9710,222,1286,1950,1957,"10-14, 15-19, 20-24, 25-29, 30-34"
ICD-5,850,122,1275,1950,1957,"01-04, 05-09, 10-14, 15-19, 20-24"
ICD-5,8230,209,1266,1950,1957,"01-04, 05-09, 10-14, 15-19, 20-24"
ICD-5,4310,258,1261,1950,1957,"01-04, 05-09, 10-14, 15-19, 20-24"
ICD-5,7740,21,1250,1950,1957,"01-04, <1"
ICD-5,8430,220,1232,1950,1957,"01-04, 05-09, 10-14, 15-19, 20-24"
ICD-5,3250,244,1232,1950,1957,"01-04, 05-09, 10-14, 15-19, 20-24"
ICD-5,8600,54,1205,1950,1957,"01-04, 15-19, 20-24, 25-29, 30-34"
ICD-5,6010,249,1199,1950,1957,"01-04, 05-09, 10-14, 15-19, 20-24"
ICD-5,2960,289,1196,1950,1957,"01-04, 05-09, 10-14, 15-19, 20-24"
ICD-5,4920,258,1189,1950,1957,"01-04, 05-09, 10-14, 15-19, 20-24"
ICD-5,1790,94,1174,1950,1957,"15-19, 20-24, 25-29, 30-34, 35-39"
ICD-5,2930,189,1168,1950,1957,"01-04, 05-09, 10-14, 15-19, 20-24"
ICD-5,1420,194,1132,1950,1957,"01-04, 05-09, 10-14, 20-24, 25-29"
ICD-5,5510,260,1126,1950,1957,"01-04, 05-09, 10-14, 15-19, 20-24"
ICD-5,7440,264,1111,1950,1957,"01-04, 05-09, 10-14, 15-19, 20-24"
ICD-5,5180,226,1104,1950,1957,"01-04, 05-09, 10-14, 15-19, 20-24"
ICD-5,1640,225,1098,1950,1957,"01-04, 05-09, 10-14, 15-19, 20-24"
ICD-5,2020,246,1076,1950,1957,"01-04, 05-09, 10-14, 15-19, 20-24"
ICD-5,2870,170,1069,1950,1957,"20-24, 25-29, 30-34, 35-39, 40-44"
ICD-5,2190,151,1062,1950,1957,"05-09, 15-19, 25-29, 30-34, 35-39"
ICD-5,2740,246,1059,1950,1957,"01-04, 05-09, 10-14, 15-19, 20-24"
ICD-5,2043,262,1057,1950,1957,"01-04, 05-09, 10-14, 15-19, 20-24"
ICD-5,3430,278,1053,1950,1957,"01-04, 05-09, 10-14, 15-19, 20-24"
ICD-5,5430,209,1048,1950,1957,"01-04, 05-09, 10-14, 15-19, 20-24"
ICD-5,9170,233,1043,1950,1957,"01-04, 05-09, 10-14, 15-19, 20-24"
ICD-5,4210,148,1034,1950,1957,"15-19, 20-24, 25-29, 30-34, 35-39"
ICD-5,4013,211,1019,1950,1957,"01-04, 05-09, 10-14, 15-19, 20-24"
ICD-5,5500,259,1016,1950,1957,"01-04, 05-09, 10-14, 15-19, 20-24"
ICD-5,5800,260,1011,1950,1957,"01-04, 05-09, 10-14, 15-19, 20-24"
ICD-5,6420,75,989,1950,1957,"15-19, 20-24, 25-29, 30-34, 35-39"
ICD-5,2920,248,975,1950,1957,"01-04, 05-09, 10-14, 15-19, 20-24"
ICD-5,250,166,973,1950,1957,"10-14, 15-19, 20-24, 25-29, 30-34"
ICD-5,1400,120,971,1950,1957,"01-04, 15-19, 35-39, 40-44, 45-49"
ICD-5,2160,119,970,1950,1957,"05-09, 15-19, 20-24, 25-29, 30-34"
ICD-5,6920,228,969,1950,1957,"01-04, 05-09, 10-14, 15-19, 20-24"
ICD-5,803,176,968,1950,1957,"01-04, 05-09, 10-14, 15-19, 20-24"
ICD-5,2140,101,958,1950,1957,"25-29, 30-34, 35-39, 40-44, 45-49"
ICD-5,7570,132,958,1950,1957,"01-04, 05-09, 10-14, 15-19, 20-24"
ICD-5,9780,214,956,1950,1957,"15-19, 20-24, 25-29, 30-34, 35-39"
ICD-5,7530,162,955,1950,1957,"01-04, 05-09, 10-14, 15-19, 20-24"
ICD-5,6310,94,940,1950,1957,"25-29, 30-34, 35-39, 40-44, 45-49"
ICD-5,2980,226,932,1950,1957,"01-04, 05-09, 10-14, 15-19, 20-24"
ICD-5,110,257,932,1950,1957,"01-04, 05-09, 10-14, 15-19, 20-24"
ICD-5,7500,22,930,1950,1957,"01-04, 05-09, 10-14, <1"
ICD-5,530,256,912,1950,1957,"01-04, 05-09, 10-14, 15-19, 20-24"
ICD-5,800,175,905,1950,1957,"01-04, 05-09, 10-14, 15-19, 20-24"
ICD-5,1460,212,904,1950,1957,"01-04, 05-09, 10-14, 15-19, 20-24"
ICD-5,2890,248,901,1950,1957,"01-04, 05-09, 10-14, 15-19, 20-24"
ICD-5,8020,235,897,1950,1957,"01-04, 05-09, 10-14, 15-19, 20-24"
ICD-5,120,231,897,1950,1957,"01-04, 05-09, 10-14, 15-19, 20-24"
ICD-5,1920,208,894,1950,1957,"01-04, 05-09, 15-19, 20-24, 25-29"
ICD-5,5390,201,891,1950,1957,"01-04, 05-09, 10-14, 15-19, 20-24"
ICD-5,3510,260,887,1950,1957,"01-04, 05-09, 10-14, 15-19, 20-24"
ICD-5,9830,263,886,1950,1957,"01-04, 05-09, 10-14, 15-19, 20-24"
ICD-5,6080,103,885,1950,1957,"01-04, 10-14, 15-19, 20-24, 25-29"
ICD-5,1950,242,883,1950,1957,"01-04, 05-09, 10-14, 15-19, 20-24"
ICD-5,9140,200,874,1950,1957,"01-04, 05-09, 10-14, 15-19, 20-24"
ICD-5,820,245,862,1950,1957,"01-04, 05-09, 10-14, 15-19, 20-24"
ICD-5,5760,230,852,1950,1957,"01-04, 05-09, 10-14, 15-19, 20-24"
ICD-5,9650,98,842,1950,1957,"20-24, 25-29, 30-34, 35-39, 40-44"
ICD-5,240,132,835,1950,1957,"10-14, 30-34, 35-39, 40-44, 45-49"
ICD-5,2860,216,832,1950,1957,"01-04, 05-09, 10-14, 15-19, 20-24"
ICD-5,5704,154,828,1950,1957,"01-04, 05-09, 15-19, 20-24, 25-29"
ICD-5,2720,204,824,1950,1957,"01-04, 05-09, 10-14, 15-19, 20-24"
ICD-5,5700,147,810,1950,1957,"01-04, 05-09, 10-14, 15-19, 20-24"
ICD-5,5450,173,798,1950,1957,"01-04, 05-09, 20-24, 25-29, 30-34"
ICD-5,1430,140,794,1950,1957,"30-34, 35-39, 40-44, 45-49, 50-54"
ICD-5,5190,186,788,1950,1957,"01-04, 05-09, 10-14, 15-19, 20-24"
ICD-5,8240,239,786,1950,1957,"01-04, 05-09, 10-14, 15-19, 20-24"
ICD-5,3403,240,784,1950,1957,"01-04, 05-09, 10-14, 15-19, 20-24"
ICD-5,3561,163,769,1950,1957,"05-09, 15-19, 20-24, 25-29, 30-34"
ICD-5,7150,126,760,1950,1957,"01-04, 30-34, 35-39, 40-44, 45-49"
ICD-5,9010,151,748,1950,1957,"01-04, 05-09, 10-14, 15-19, 20-24"
ICD-5,6060,167,740,1950,1957,"01-04, 05-09, 10-14, 20-24, 25-29"
ICD-5,3420,258,739,1950,1957,"01-04, 05-09, 10-14, 15-19, 20-24"
ICD-5,7040,167,731,1950,1957,"01-04, 25-29, 30-34, 35-39, 40-44"
ICD-5,5860,175,712,1950,1957,"01-04, 20-24, 25-29, 30-34, 35-39"
ICD-5,8140,118,711,1950,1957,"10-14, 15-19, 20-24, 25-29, 30-34"
ICD-5,2240,236,710,1950,1957,"01-04, 05-09, 10-14, 15-19, 20-24"
ICD-5,9190,154,706,1950,1957,"01-04, 05-09, 10-14, 15-19, 20-24"
ICD-5,9110,99,703,1950,1957,"05-09, 10-14, 15-19, 20-24, 25-29"
ICD-5,7300,250,690,1950,1957,"01-04, 05-09, 10-14, 15-19, 20-24"
ICD-5,6110,68,690,1950,1957,"30-34, 40-44, 45-49, 50-54, 55-59"
ICD-5,9620,190,681,1950,1957,"01-04, 05-09, 10-14, 15-19, 20-24"
ICD-5,7950,222,664,1950,1957,"01-04, 05-09, 10-14, 15-19, 20-24"
ICD-5,4520,188,658,1950,1957,"01-04, 05-09, 10-14, 15-19, 20-24"
ICD-5,7824,165,648,1950,1957,"01-04, 05-09, 10-14, 15-19, 20-24"
ICD-5,5210,202,631,1950,1957,"01-04, 05-09, 10-14, 15-19, 20-24"
ICD-5,4540,154,621,1950,1957,"10-14, 20-24, 25-29, 30-34, 35-39"
ICD-5,3570,211,613,1950,1957,"01-04, 05-09, 10-14, 15-19, 20-24"
ICD-5,9260,16,596,1950,1957,<1
ICD-5,3010,178,594,1950,1957,"15-19, 20-24, 25-29, 30-34, 35-39"
ICD-5,"30db,dc",26,586,1949,1949,"25-29, 30-34, 35-39, 40-44, 45-49"
ICD-5,6030,213,577,1950,1957,"01-04, 05-09, 10-14, 15-19, 20-24"
ICD-5,3050,110,569,1950,1957,"30-34, 35-39, 40-44, 45-49, 50-54"
ICD-5,7050,213,560,1950,1957,"01-04, 05-09, 10-14, 15-19, 20-24"
ICD-5,5370,119,557,1950,1957,"10-14, 15-19, 25-29, 30-34, 35-39"
ICD-5,1980,156,556,1950,1957,"01-04, 20-24, 25-29, 30-34, 35-39"
ICD-5,3562,162,551,1950,1957,"01-04, 05-09, 10-14, 15-19, 25-29"
ICD-5,8220,167,543,1950,1957,"01-04, 05-09, 10-14, 15-19, 20-24"
ICD-5,8420,163,540,1950,1957,"01-04, 05-09, 10-14, 15-19, 20-24"
ICD-5,2901,134,536,1950,1957,"15-19, 25-29, 30-34, 35-39, 40-44"
ICD-5,2044,215,530,1950,1957,"01-04, 05-09, 10-14, 15-19, 20-24"
ICD-5,3000,180,525,1950,1957,"01-04, 10-14, 15-19, 20-24, 25-29"
ICD-5,3402,139,517,1950,1957,"01-04, 05-09, 10-14, 15-19, 20-24"
ICD-5,7560,24,506,1950,1957,"01-04, 10-14, 30-34, 50-54, 65-69"
ICD-5,260,147,500,1950,1957,"05-09, 15-19, 25-29, 30-34, 35-39"
ICD-5,4010,202,494,1950,1957,"01-04, 05-09, 10-14, 15-19, 20-24"
ICD-5,880,93,485,1950,1957,"05-09, 45-49, 50-54, 55-59, 60-64"
ICD-5,7640,16,481,1950,1957,<1
ICD-5,3440,205,474,1950,1957,"01-04, 05-09, 10-14, 15-19, 20-24"
ICD-5,9250,141,468,1950,1957,"01-04, 05-09, 10-14, 15-19, 20-24"
ICD-5,2940,135,467,1950,1957,"15-19, 20-24, 25-29, 30-34, 35-39"
ICD-5,8010,175,466,1950,1957,"01-04, 05-09, 10-14, 15-19, 20-24"
ICD-5,4670,151,465,1950,1957,"01-04, 05-09, 15-19, 20-24, 25-29"
ICD-5,7580,133,462,1950,1957,"01-04, 05-09, 10-14, 15-19, 20-24"
ICD-5,4011,179,461,1950,1957,"01-04, 05-09, 10-14, 15-19, 20-24"
ICD-5,7330,135,437,1950,1957,"01-04, 05-09, 15-19, 20-24, 30-34"
ICD-5,5720,179,435,1950,1957,"01-04, 05-09, 10-14, 15-19, 20-24"
ICD-5,5830,198,434,1950,1957,"01-04, 05-09, 10-14, 15-19, 20-24"
ICD-5,2902,129,431,1950,1957,"01-04, 15-19, 20-24, 25-29, 30-34"
ICD-5,8500,113,424,1950,1957,"01-04, 05-09, 10-14, 15-19, 20-24"
ICD-5,8300,153,421,1950,1957,"01-04, 05-09, 10-14, 15-19, 20-24"
ICD-5,2300,136,419,1950,1957,"01-04, 10-14, 15-19, 20-24, 35-39"
ICD-5,4531,127,416,1950,1957,"15-19, 25-29, 30-34, 35-39, 40-44"
ICD-5,610,181,411,1950,1957,"01-04, 05-09, 10-14, 15-19, 20-24"
ICD-5,2110,168,402,1950,1957,"01-04, 05-09, 10-14, 15-19, 20-24"
ICD-5,3930,197,402,1950,1957,"01-04, 05-09, 10-14, 15-19, 20-24"
ICD-5,5130,196,401,1950,1957,"01-04, 05-09, 10-14, 15-19, 20-24"
ICD-5,8350,116,401,1950,1957,"01-04, 05-09, 10-14, 15-19, 20-24"
ICD-5,3640,180,391,1950,1957,"01-04, 05-09, 10-14, 15-19, 20-24"
ICD-5,1380,148,390,1950,1957,"01-04, 05-09, 15-19, 20-24, 25-29"
ICD-5,4740,150,387,1950,1957,"01-04, 05-09, 10-14, 15-19, 20-24"
ICD-5,6040,120,382,1950,1957,"01-04, 05-09, 20-24, 30-34, 35-39"
ICD-5,7573,112,382,1950,1957,"01-04, 05-09, 10-14, 15-19, 20-24"
ICD-5,6090,130,376,1950,1957,"01-04, 05-09, 15-19, 20-24, 25-29"
ICD-5,4820,132,371,1950,1957,"01-04, 05-09, 10-14, 15-19, 20-24"
ICD-5,3090,142,370,1950,1957,"15-19, 20-24, 25-29, 30-34, 35-39"
ICD-5,6900,193,370,1950,1957,"01-04, 10-14, 15-19, 20-24, 25-29"
ICD-5,6510,48,360,1950,1957,"15-19, 20-24, 25-29, 30-34, 35-39"
ICD-5,4550,103,358,1950,1957,"15-19, 20-24, 25-29, 45-49, 50-54"
ICD-5,9730,123,355,1950,1957,"15-19, 20-24, 25-29, 30-34, 35-39"
ICD-5,420,157,352,1950,1957,"01-04, 05-09, 10-14, 15-19, 20-24"
ICD-5,2310,142,351,1950,1957,"01-04, 05-09, 10-14, 20-24, 25-29"
ICD-5,5420,120,351,1950,1957,"10-14, 25-29, 30-34, 35-39, 40-44"
ICD-5,9340,73,342,1952,1957,"01-04, 05-09, 10-14, 15-19, 20-24"
ICD-5,801,137,338,1950,1957,"01-04, 05-09, 10-14, 15-19, 20-24"
ICD-5,4730,189,336,1950,1957,"01-04, 05-09, 10-14, 15-19, 20-24"
ICD-5,8510,103,335,1950,1957,"01-04, 05-09, 10-14, 15-19, 20-24"
ICD-5,2770,136,334,1950,1957,"01-04, 15-19, 20-24, 25-29, 30-34"
ICD-5,7100,141,328,1950,1956,"01-04, 05-09, 10-14, 15-19, 20-24"
ICD-5,4620,144,327,1950,1957,"05-09, 15-19, 25-29, 30-34, 35-39"
ICD-5,3400,76,326,1950,1957,"01-04, 05-09, 10-14, 20-24, 30-34"
ICD-5,7561,24,324,1950,1957,"01-04, 05-09, 15-19, <1"
ICD-5,1650,129,323,1950,1957,"15-19, 20-24, 30-34, 35-39, 40-44"
ICD-5,5170,160,312,1950,1957,"01-04, 05-09, 10-14, 15-19, 20-24"
ICD-5,2510,112,308,1950,1957,"20-24, 25-29, 30-34, 35-39, 40-44"
ICD-5,5100,102,302,1950,1957,"01-04, 05-09, 10-14, 15-19, 20-24"
ICD-5,121,160,302,1950,1957,"01-04, 05-09, 10-14, 15-19, 20-24"
ICD-5,8720,166,296,1950,1957,"01-04, 15-19, 20-24, 25-29, 30-34"
ICD-5,7680,16,291,1950,1957,<1
ICD-5,1730,94,285,1950,1957,"15-19, 20-24, 25-29, 30-34, 35-39"
ICD-5,4640,135,276,1950,1957,"15-19, 20-24, 25-29, 30-34, 35-39"
ICD-5,5723,114,270,1950,1957,"01-04, 05-09, 25-29, 30-34, 35-39"
ICD-5,3110,137,270,1950,1957,"10-14, 15-19, 20-24, 25-29, 30-34"
ICD-5,2970,143,270,1950,1957,"01-04, 05-09, 10-14, 15-19, 20-24"
ICD-5,6120,53,269,1950,1957,"20-24, 40-44, 45-49, 50-54, 55-59"
ICD-5,5730,130,267,1950,1957,"01-04, 10-14, 25-29, 30-34, 35-39"
ICD-5,4700,99,261,1950,1957,"01-04, 05-09, 15-19, 20-24, 25-29"
ICD-5,5940,154,258,1950,1957,"01-04, 05-09, 10-14, 15-19, 20-24"
ICD-5,510,167,258,1950,1957,"01-04, 05-09, 10-14, 15-19, 20-24"
ICD-5,1590,117,256,1950,1957,"35-39, 40-44, 45-49, 50-54, 55-59"
ICD-5,7920,129,255,1950,1957,"01-04, 20-24, 25-29, 30-34, 35-39"
ICD-5,6820,54,254,1950,1957,"15-19, 20-24, 25-29, 30-34, 35-39"
ICD-5,8610,78,254,1950,1957,"01-04, 05-09, 10-14, 15-19, 20-24"
ICD-5,8920,135,251,1950,1957,"01-04, 05-09, 10-14, 15-19, 20-24"
ICD-5,7450,164,251,1950,1957,"01-04, 05-09, 10-14, 15-19, 20-24"
ICD-5,5820,138,250,1950,1957,"01-04, 10-14, 15-19, 20-24, 25-29"
ICD-5,7802,52,249,1950,1957,"01-04, 15-19, 25-29, 30-34, 35-39"
ICD-5,2500,119,248,1950,1957,"15-19, 20-24, 25-29, 30-34, 35-39"
ICD-5,4750,95,248,1950,1957,"01-04, 05-09, 10-14, 15-19, 20-24"
ICD-5,4610,119,245,1950,1957,"15-19, 25-29, 30-34, 35-39, 40-44"
ICD-5,8200,127,245,1950,1957,"05-09, 10-14, 15-19, 20-24, 25-29"
ICD-5,2390,130,242,1950,1957,"01-04, 05-09, 10-14, 15-19, 25-29"
ICD-5,450,135,242,1950,1957,"01-04, 05-09, 10-14, 15-19, 20-24"
ICD-5,6500,46,238,1950,1957,"15-19, 20-24, 25-29, 30-34, 35-39"
ICD-5,9230,154,237,1950,1957,"01-04, 05-09, 10-14, 15-19, 20-24"
ICD-5,6240,91,237,1950,1957,"01-04, 10-14, 15-19, 20-24, 25-29"
ICD-5,5750,115,233,1950,1957,"20-24, 30-34, 35-39, 40-44, 45-49"
ICD-5,6330,88,232,1950,1957,"15-19, 25-29, 30-34, 35-39, 40-44"
ICD-5,9800,93,232,1950,1957,"01-04, 05-09, 10-14, 15-19, 20-24"
ICD-5,7550,33,229,1950,1957,"01-04, 20-24, 25-29, 30-34, 45-49"
ICD-5,8450,124,223,1950,1957,"01-04, 05-09, 10-14, 15-19, 20-24"
ICD-5,9330,123,222,1950,1957,"01-04, 15-19, 20-24, 25-29, 30-34"
ICD-5,720,91,221,1950,1957,"01-04, 05-09, 10-14, 15-19, 20-24"
ICD-5,3221,111,220,1950,1957,"25-29, 30-34, 35-39, 40-44, 45-49"
ICD-5,9500,94,213,1950,1957,"01-04, 15-19, 20-24, 25-29, 30-34"
ICD-5,9820,134,208,1950,1957,"01-04, 05-09, 10-14, 15-19, 20-24"
ICD-5,4320,121,207,1950,1957,"01-04, 15-19, 20-24, 25-29, 30-34"
ICD-5,150,132,207,1950,1957,"01-04, 05-09, 10-14, 15-19, 20-24"
ICD-5,270,106,207,1950,1957,"20-24, 30-34, 35-39, 40-44, 45-49"
ICD-5,5330,103,207,1950,1957,"01-04, 05-09, 10-14, 15-19, 20-24"
ICD-5,2280,127,206,1950,1957,"01-04, 05-09, 10-14, 15-19, 20-24"
ICD-5,6450,46,204,1950,1957,"15-19, 20-24, 25-29, 30-34, 35-39"
ICD-5,3650,28,203,1950,1957,"01-04, <1"
ICD-5,9220,104,201,1950,1957,"01-04, 05-09, 10-14, 15-19, 20-24"
ICD-5,6700,39,196,1950,1957,"20-24, 25-29, 30-34, 35-39, 40-44"
ICD-5,5701,118,196,1950,1957,"01-04, 10-14, 15-19, 20-24, 25-29"
ICD-5,4020,113,195,1950,1957,"01-04, 05-09, 10-14, 15-19, 20-24"
ICD-5,8570,86,194,1950,1957,"01-04, 05-09, 15-19, 20-24, 25-29"
ICD-5,500,134,193,1950,1957,"01-04, 05-09, 10-14, 15-19, 20-24"
ICD-5,3850,73,192,1950,1957,"45-49, 50-54, 55-59, 60-64, 65-69"
ICD-5,3410,110,190,1950,1957,"01-04, 05-09, 10-14, 15-19, 20-24"
ICD-5,9130,135,190,1950,1957,"01-04, 05-09, 10-14, 15-19, 20-24"
ICD-5,7200,118,188,1950,1957,"01-04, 05-09, 10-14, 15-19, 25-29"
ICD-5,6720,50,188,1950,1957,"15-19, 20-24, 25-29, 30-34, 35-39"
ICD-5,810,128,188,1950,1957,"01-04, 05-09, 10-14, 15-19, 20-24"
ICD-5,9280,118,187,1950,1957,"01-04, 05-09, 10-14, 15-19, 20-24"
ICD-5,7010,92,184,1950,1957,"01-04, 20-24, 30-34, 35-39, 40-44"
ICD-5,30,114,176,1950,1957,"05-09, 10-14, 15-19, 20-24, 25-29"
ICD-5,2730,57,176,1950,1957,"01-04, 05-09, 10-14, 15-19, 20-24"
ICD-5,2050,98,176,1950,1957,"20-24, 30-34, 35-39, 40-44, 45-49"
ICD-5,550,84,173,1950,1957,"01-04, 05-09, 10-14, 15-19, 20-24"
ICD-5,2120,127,173,1950,1957,"01-04, 05-09, 15-19, 20-24, 25-29"
ICD-5,6340,56,169,1950,1957,"20-24, 25-29, 30-34, 35-39, 40-44"
ICD-5,5440,112,166,1950,1957,"01-04, 05-09, 15-19, 20-24, 30-34"
ICD-5,7670,16,165,1950,1957,<1
ICD-5,6750,45,164,1950,1957,"15-19, 20-24, 25-29, 30-34, 35-39"
ICD-5,200,83,164,1950,1957,"01-04, 05-09, 10-14, 15-19, 20-24"
ICD-5,4532,87,164,1950,1957,"35-39, 40-44, 45-49, 50-54, 55-59"
ICD-5,8190,70,164,1950,1957,"01-04, 05-09, 10-14, 15-19, 20-24"
ICD-5,4720,112,163,1950,1957,"01-04, 05-09, 15-19, 20-24, 25-29"
ICD-5,8880,97,162,1950,1957,"01-04, 10-14, 15-19, 20-24, 25-29"
ICD-5,2880,84,159,1950,1957,"30-34, 35-39, 40-44, 45-49, 50-54"
ICD-5,9810,110,158,1950,1957,"01-04, 05-09, 10-14, 15-19, 20-24"
ICD-5,6780,43,158,1950,1957,"15-19, 20-24, 25-29, 30-34, 35-39"
ICD-5,7840,93,156,1950,1957,"01-04, 25-29, 30-34, 35-39, 45-49"
ICD-5,4000,102,153,1950,1957,"01-04, 05-09, 10-14, 15-19, 20-24"
ICD-5,8530,71,150,1950,1957,"15-19, 20-24, 25-29, 30-34, 35-39"
ICD-5,2250,112,148,1950,1957,"01-04, 10-14, 15-19, 20-24, 25-29"
ICD-5,3920,101,147,1950,1957,"01-04, 05-09, 10-14, 15-19, 20-24"
ICD-5,1340,104,143,1950,1957,"01-04, 05-09, 10-14, 20-24, 25-29"
ICD-5,6840,38,141,1950,1957,"15-19, 20-24, 25-29, 30-34, 35-39"
ICD-5,6980,92,141,1950,1957,"01-04, 05-09, 10-14, 15-19, 25-29"
ICD-5,5421,80,136,1950,1957,"01-04, 25-29, 30-34, 35-39, 40-44"
ICD-5,520,84,136,1950,1957,"15-19, 20-24, 25-29, 30-34, 35-39"
ICD-5,8780,79,135,1950,1957,"01-04, 05-09, 10-14, 20-24, 25-29"
ICD-5,4830,91,130,1950,1957,"01-04, 05-09, 10-14, 15-19, 20-24"
ICD-5,7350,86,127,1950,1957,"20-24, 25-29, 30-34, 35-39, 40-44"
ICD-5,6710,39,126,1950,1957,"15-19, 20-24, 25-29, 30-34, 35-39"
ICD-5,4680,96,125,1950,1957,"01-04, 05-09, 10-14, 15-19, 20-24"
ICD-5,2950,83,125,1950,1957,"01-04, 05-09, 10-14, 15-19, 20-24"
ICD-5,5240,51,124,1950,1957,"30-34, 45-49, 50-54, 55-59, 60-64"
ICD-5,7720,16,123,1950,1957,<1
ICD-5,5320,87,121,1950,1957,"01-04, 05-09, 10-14, 15-19, 20-24"
ICD-5,5770,86,121,1950,1957,"15-19, 30-34, 35-39, 40-44, 45-49"
ICD-5,8940,73,120,1950,1957,"01-04, 10-14, 15-19, 20-24, 25-29"
ICD-5,8740,90,119,1950,1957,"01-04, 10-14, 15-19, 20-24, 25-29"
ICD-5,2540,83,118,1950,1957,"10-14, 15-19, 20-24, 25-29, 30-34"
ICD-5,6480,39,118,1950,1957,"15-19, 20-24, 25-29, 30-34, 35-39"
ICD-5,2150,59,117,1950,1957,"20-24, 25-29, 30-34, 35-39, 40-44"
ICD-5,5110,91,115,1950,1957,"01-04, 05-09, 10-14, 15-19, 20-24"
ICD-5,6300,65,113,1950,1957,"01-04, 20-24, 25-29, 30-34, 35-39"
ICD-5,3660,76,113,1950,1957,"01-04, 10-14, 20-24, 30-34, 35-39"
ICD-5,6770,41,113,1950,1957,"15-19, 20-24, 25-29, 30-34, 35-39"
ICD-5,4530,73,112,1950,1957,"35-39, 40-44, 45-49, 50-54, 55-59"
ICD-5,5360,76,109,1950,1957,"01-04, 05-09, 10-14, 15-19, 20-24"
ICD-5,4012,88,109,1950,1957,"01-04, 05-09, 10-14, 15-19, 20-24"
ICD-5,8830,82,107,1950,1957,"01-04, 05-09, 15-19, 20-24, 25-29"
ICD-5,2270,96,107,1950,1957,"01-04, 05-09, 10-14, 15-19, 20-24"
ICD-5,1250,79,106,1950,1957,"01-04, 05-09, 15-19, 20-24, 25-29"
ICD-5,9320,70,104,1950,1957,"01-04, 20-24, 30-34, 35-39, 40-44"
ICD-5,6260,61,104,1950,1957,"20-24, 25-29, 30-34, 35-39, 40-44"
ICD-5,7250,61,102,1950,1957,"30-34, 35-39, 40-44, 45-49, 50-54"
ICD-5,6810,40,100,1950,1957,"15-19, 20-24, 25-29, 30-34, 35-39"
ICD-5,870,55,100,1950,1957,"01-04, 05-09, 10-14, 15-19, 25-29"
ICD-5,6850,38,99,1950,1957,"15-19, 20-24, 25-29, 30-34, 35-39"
ICD-5,8100,77,99,1950,1957,"01-04, 10-14, 15-19, 20-24, 25-29"
ICD-5,2360,67,99,1950,1957,"01-04, 05-09, 20-24, 40-44, 45-49"
ICD-5,6170,55,98,1950,1957,"40-44, 45-49, 50-54, 55-59, 60-64"
ICD-5,9850,41,97,1950,1957,"15-19, 20-24, 25-29, 30-34, 35-39"
ICD-5,8800,68,97,1950,1957,"01-04, 15-19, 20-24, 25-29, 30-34"
ICD-5,8910,59,94,1950,1957,"01-04, 05-09, 15-19, 25-29, 30-34"
ICD-5,960,73,94,1950,1957,"01-04, 10-14, 15-19, 25-29, 30-34"
ICD-5,8250,59,92,1950,1957,"05-09, 15-19, 20-24, 25-29, 30-34"
ICD-5,2990,76,91,1950,1957,"01-04, 05-09, 10-14, 15-19, 20-24"
ICD-5,7850,59,91,1950,1957,"01-04, 40-44, 45-49, 50-54, 60-64"
ICD-5,6740,39,86,1950,1957,"15-19, 20-24, 25-29, 30-34, 35-39"
ICD-5,9600,67,85,1950,1957,"05-09, 10-14, 15-19, 20-24, 25-29"
ICD-5,5530,55,85,1950,1957,"01-04, 05-09, 10-14, 15-19, 20-24"
ICD-5,8400,61,83,1950,1957,"01-04, 05-09, 20-24, 25-29, 30-34"
ICD-5,9350,59,82,1950,1957,"05-09, 10-14, 15-19, 20-24, 25-29"
ICD-5,9150,58,81,1950,1957,"01-04, 05-09, 15-19, 20-24, 25-29"
ICD-5,290,54,80,1950,1957,"10-14, 15-19, 20-24, 25-29, 35-39"
ICD-5,4120,61,80,1950,1957,"01-04, 15-19, 25-29, 30-34, 35-39"
ICD-5,5380,63,77,1950,1957,"01-04, 05-09, 15-19, 20-24, 25-29"
ICD-5,8440,59,76,1950,1956,"01-04, 05-09, 10-14, 15-19, 20-24"
ICD-5,7030,53,76,1950,1957,"01-04, 35-39, 40-44, 45-49, 50-54"
ICD-5,8630,40,74,1950,1957,"10-14, 15-19, 20-24, 25-29, 30-34"
ICD-5,7060,57,73,1950,1957,"15-19, 25-29, 30-34, 35-39, 40-44"
ICD-5,890,62,73,1950,1957,"01-04, 05-09, 15-19, 20-24, 30-34"
ICD-5,460,54,72,1950,1957,"20-24, 25-29, 30-34, 35-39, 40-44"
ICD-5,7490,64,71,1950,1957,"01-04, 05-09, 15-19, 20-24, 25-29"
ICD-5,2380,57,70,1950,1957,"01-04, 10-14, 15-19, 30-34, 35-39"
ICD-5,2710,55,70,1950,1957,"01-04, 25-29, 30-34, 35-39, 40-44"
ICD-5,3180,57,70,1950,1957,"15-19, 20-24, 25-29, 30-34, 35-39"
ICD-5,8320,35,68,1950,1957,"10-14, 15-19, 20-24, 25-29, 30-34"
ICD-5,7380,57,66,1950,1957,"01-04, 05-09, 10-14, 15-19, 20-24"
ICD-5,2260,50,65,1950,1957,"01-04, 25-29, 30-34, 40-44, 45-49"
ICD-5,7070,25,64,1951,1957,"05-09, 15-19, 25-29, 30-34, 35-39"
ICD-5,2700,56,64,1950,1957,"01-04, 05-09, 10-14, 15-19, 20-24"
ICD-5,8640,36,64,1950,1957,"10-14, 15-19, 20-24, 25-29, 30-34"
ICD-5,6370,42,64,1950,1957,"25-29, 30-34, 40-44, 45-49, 50-54"
ICD-5,7860,38,63,1950,1957,"01-04, 40-44, 60-64, 65-69, 70-74"
ICD-5,7820,52,63,1950,1957,"10-14, 20-24, 25-29, 30-34, 35-39"
ICD-5,1320,52,63,1950,1957,"05-09, 15-19, 20-24, 25-29, 30-34"
ICD-5,5200,49,62,1950,1957,"10-14, 15-19, 20-24, 30-34, 35-39"
ICD-5,400,54,60,1950,1957,"01-04, 10-14, 15-19, 20-24, 25-29"
ICD-5,140,46,60,1950,1957,"05-09, 25-29, 30-34, 35-39, 40-44"
ICD-5,3020,46,59,1950,1957,"40-44, 45-49, 50-54, 55-59, 60-64"
ICD-5,630,50,58,1950,1957,"15-19, 20-24, 30-34, 40-44, 45-49"
ICD-5,3610,46,58,1950,1957,"35-39, 50-54, 55-59, 60-64, 65-69"
ICD-5,7660,18,57,1950,1957,"01-04, 55-59, <1"
ICD-5,490,47,56,1950,1957,"01-04, 10-14, 15-19, 25-29, 40-44"
ICD-5,6520,33,55,1950,1957,"15-19, 20-24, 25-29, 30-34, 35-39"
ICD-5,7260,48,53,1950,1957,"05-09, 15-19, 30-34, 35-39, 40-44"
ICD-5,8660,35,53,1950,1957,"15-19, 20-24, 25-29, 30-34, 35-39"
ICD-5,3222,43,53,1950,1957,"25-29, 35-39, 40-44, 45-49, 50-54"
ICD-5,4021,44,52,1950,1957,"05-09, 10-14, 15-19, 20-24, 25-29"
ICD-5,5150,44,52,1950,1957,"10-14, 30-34, 35-39, 40-44, 45-49"
ICD-5,8520,37,50,1950,1957,"15-19, 20-24, 25-29, 30-34, 35-39"
ICD-5,6910,41,50,1950,1957,"15-19, 20-24, 25-29, 30-34, 35-39"
ICD-5,2290,48,50,1950,1957,"01-04, 05-09, 30-34, 35-39, 40-44"
ICD-5,7830,43,49,1950,1957,"10-14, 20-24, 25-29, 30-34, 45-49"
ICD-5,3870,36,48,1950,1957,"50-54, 55-59, 60-64, 65-69, 70-74"
ICD-5,6150,30,47,1950,1957,"01-04, 35-39, 40-44, 55-59, 60-64"
ICD-5,6440,25,46,1950,1957,"15-19, 20-24, 25-29, 30-34, 35-39"
ICD-5,9310,40,45,1950,1957,"01-04, 25-29, 35-39, 40-44, 50-54"
ICD-5,2420,41,44,1950,1957,"01-04, 05-09, 15-19, 20-24, 25-29"
ICD-5,5520,37,43,1950,1957,"10-14, 15-19, 30-34, 35-39, 40-44"
ICD-5,6250,35,43,1950,1957,"05-09, 15-19, 25-29, 30-34, 35-39"
ICD-5,4710,40,43,1950,1957,"01-04, 05-09, 10-14, 15-19, 20-24"
ICD-5,7270,37,43,1950,1957,"05-09, 10-14, 30-34, 40-44, 45-49"
ICD-5,410,38,43,1950,1957,"01-04, 05-09, 10-14, 15-19, 20-24"
ICD-5,3230,32,42,1950,1957,"30-34, 35-39, 40-44, 45-49, 50-54"
ICD-5,3070,36,41,1950,1957,"30-34, 35-39, 40-44, 45-49, 50-54"
ICD-5,6870,24,40,1950,1957,"15-19, 20-24, 25-29, 30-34, 35-39"
ICD-5,8560,32,39,1950,1957,"15-19, 20-24, 25-29, 30-34, 35-39"
ICD-5,2820,32,39,1950,1957,"01-04, 35-39, 45-49, 50-54, 55-59"
ICD-5,3220,35,38,1950,1957,"15-19, 25-29, 30-34, 35-39, 40-44"
ICD-5,6600,28,37,1950,1957,"10-14, 20-24, 25-29, 30-34, 35-39"
ICD-5,9270,33,36,1950,1957,"01-04, 05-09, 20-24, 25-29, 30-34"
ICD-5,1120,27,36,1950,1957,"15-19, 20-24, 25-29, 30-34, 35-39"
ICD-5,3890,27,36,1951,1957,"01-04, 10-14, 70-74, 75-79, 80-84"
ICD-5,8180,28,36,1950,1957,"10-14, 15-19, 20-24, 25-29, 35-39"
ICD-5,7410,34,36,1950,1956,"25-29, 30-34, 40-44, 45-49, 50-54"
ICD-5,8650,31,36,1951,1957,"01-04, 15-19, 20-24, 25-29, 30-34"
ICD-5,7240,32,35,1950,1957,"10-14, 25-29, 45-49, 50-54, 55-59"
ICD-5,350,24,34,1950,1957,"50-54, 55-59, 60-64, 65-69, 70-74"
ICD-5,9550,33,34,1950,1957,"01-04, 15-19, 20-24, 30-34, 35-39"
ICD-5,6130,26,32,1950,1957,"01-04, 25-29, 50-54, 55-59, 60-64"
ICD-5,5120,29,32,1950,1957,"01-04, 40-44, 55-59, 60-64, 65-69"
ICD-5,6400,23,31,1950,1957,"15-19, 20-24, 25-29, 30-34, 35-39"
ICD-5,7880,27,31,1950,1957,"01-04, 05-09, 30-34, 40-44, 50-54"
ICD-5,3960,28,31,1950,1957,"01-04, 10-14, 15-19, 20-24, 25-29"
ICD-5,3140,27,31,1951,1957,"20-24, 30-34, 40-44, 45-49, 50-54"
ICD-5,480,30,31,1950,1957,"01-04, 05-09, 20-24, 40-44, 45-49"
ICD-5,9530,26,30,1950,1957,"05-09, 20-24, 25-29, 30-34, 40-44"
ICD-5,8700,24,30,1950,1957,"01-04, 10-14, 15-19, 25-29, 30-34"
ICD-5,2100,28,30,1950,1957,"10-14, 15-19, 35-39, 45-49, 50-54"
ICD-5,7000,29,30,1950,1956,"30-34, 35-39, 40-44, 45-49, 50-54"
ICD-5,1220,25,30,1950,1957,"01-04, 05-09, 10-14, 20-24, 30-34"
ICD-5,930,28,30,1950,1957,"05-09, 10-14, 15-19, 20-24, 25-29"
ICD-5,8820,28,30,1950,1957,"01-04, 15-19, 20-24, 25-29, 30-34"
ICD-5,8760,17,29,1950,1957,"01-04, 15-19, 25-29, 35-39, 55-59"
ICD-5,6460,23,29,1950,1957,"20-24, 25-29, 30-34, 35-39, 40-44"
ICD-5,2340,23,29,1950,1957,"10-14, 25-29, 35-39, 45-49, 50-54"
ICD-5,3100,27,28,1950,1957,"25-29, 30-34, 35-39, 45-49, 50-54"
ICD-5,1260,25,28,1950,1957,"01-04, 25-29, 35-39, 40-44, 45-49"
ICD-5,5740,22,26,1950,1957,"20-24, 35-39, 50-54, 55-59, 60-64"
ICD-5,3840,20,25,1950,1957,"01-04, 05-09, 10-14, 20-24, 35-39"
ICD-5,6930,24,25,1950,1957,"01-04, 25-29, 35-39, 45-49, 55-59"
ICD-5,3860,22,25,1950,1957,"40-44, 45-49, 50-54, 55-59, 60-64"
ICD-5,7080,22,25,1950,1957,"10-14, 40-44, 45-49, 50-54, 55-59"
ICD-5,7160,24,25,1950,1957,"05-09, 20-24, 35-39, 40-44, 45-49"
ICD-5,7809,23,25,1950,1957,"01-04, 05-09, 30-34, 35-39, 40-44"
ICD-5,5310,24,24,1950,1957,"01-04, 15-19, 20-24, 25-29, 30-34"
ICD-5,2810,21,24,1950,1957,"40-44, 45-49, 50-54, 55-59, 60-64"
ICD-5,4213,23,24,1951,1957,"15-19, 20-24, 25-29, 35-39, 40-44"
ICD-5,4212,24,24,1950,1957,"25-29, 35-39, 40-44, 45-49, 50-54"
ICD-5,3030,23,24,1950,1957,"30-34, 35-39, 40-44, 45-49, 50-54"
ICD-5,6220,22,24,1950,1957,"01-04, 15-19, 20-24, 25-29, 30-34"
ICD-5,9440,21,23,1950,1957,"01-04, 10-14, 15-19, 25-29, 30-34"
ICD-5,6350,19,23,1950,1957,"30-34, 40-44, 45-49, 50-54, 55-59"
ICD-5,2850,23,23,1951,1957,"35-39, 55-59, 60-64, 65-69, 75-79"
ICD-5,6860,18,23,1950,1956,"15-19, 20-24, 25-29, 30-34, 35-39"
ICD-5,6730,19,23,1950,1957,"20-24, 25-29, 30-34, 35-39, 40-44"
ICD-5,3630,21,23,1950,1957,"40-44, 50-54, 55-59, 60-64, 65-69"
ICD-5,3170,20,23,1950,1957,"25-29, 40-44, 50-54, 55-59, 60-64"
ICD-5,3880,22,22,1951,1957,"01-04, 05-09, 25-29, 30-34, 35-39"
ICD-5,6230,19,22,1951,1957,"20-24, 25-29, 30-34, 35-39, 45-49"
ICD-5,700,20,22,1950,1957,"01-04, 15-19, 20-24, 30-34, 40-44"
ICD-5,8850,17,22,1950,1956,"01-04, 05-09, 35-39, 40-44, 65-69"
ICD-5,3790,22,22,1950,1957,"01-04, 10-14, 15-19, 20-24, 30-34"
ICD-5,6210,21,21,1951,1957,"20-24, 25-29, 30-34, 40-44, 50-54"
ICD-5,80,20,21,1950,1957,"25-29, 30-34, 35-39, 40-44, 45-49"
ICD-5,840,17,21,1951,1957,"05-09, 15-19, 20-24, 25-29, 35-39"
ICD-5,2800,19,20,1950,1957,"30-34, 35-39, 40-44, 45-49, 50-54"
ICD-5,2170,16,19,1950,1957,"35-39, 40-44, 45-49, 50-54, 55-59"
ICD-5,3160,18,19,1950,1957,"01-04, 05-09, 10-14, 40-44, 45-49"
ICD-5,2830,14,19,1950,1956,"01-04, 05-09, 45-49, 65-69, <1"
ICD-5,8410,17,18,1950,1956,"25-29, 30-34, 35-39, 40-44, 50-54"
ICD-5,860,18,18,1950,1957,"01-04, 05-09, 20-24, 30-34, 40-44"
ICD-5,9510,18,18,1950,1957,"10-14, 20-24, 25-29, 30-34, 35-39"
ICD-5,9410,17,18,1950,1957,"01-04, 05-09, 15-19, 20-24, 25-29"
ICD-5,2840,17,18,1950,1957,"35-39, 40-44, 45-49, 50-54, 55-59"
ICD-5,6880,15,18,1950,1957,"20-24, 25-29, 30-34, 35-39, 40-44"
ICD-5,6140,17,18,1950,1957,"25-29, 45-49, 50-54, 55-59, 60-64"
ICD-5,3760,16,17,1950,1957,"01-04, 35-39, 60-64, 65-69, 70-74"
ICD-5,2450,16,17,1951,1957,"01-04, 25-29, 40-44, 45-49, 50-54"
ICD-5,6070,15,17,1950,1957,"40-44, 55-59, 65-69, 70-74, 75-79"
ICD-5,3330,16,16,1950,1957,"45-49, 50-54, 60-64, 65-69, 70-74"
ICD-5,1160,14,16,1950,1957,"25-29, 30-34, 35-39, 40-44, 50-54"
ICD-5,6430,11,16,1950,1955,"20-24, 25-29, 30-34, 35-39, 40-44"
ICD-5,6950,16,16,1950,1957,"01-04, 15-19, 20-24, 25-29, 40-44"
ICD-5,7370,16,16,1950,1957,"05-09, 10-14, 25-29, 30-34, 40-44"
ICD-5,300,13,15,1950,1957,"40-44, 55-59, 60-64, 65-69, 70-74"
ICD-5,7890,14,15,1951,1956,"15-19, 25-29, 55-59, 65-69, 70-74"
ICD-5,8620,7,15,1951,1951,"20-24, 25-29, 30-34, 35-39, 40-44"
ICD-5,7480,15,15,1950,1957,"01-04, 10-14, 40-44, 50-54, 55-59"
ICD-5,5160,14,15,1950,1957,"01-04, 50-54, 55-59, 65-69, 70-74"
ICD-5,7470,15,15,1950,1957,"35-39, 45-49, 50-54, 55-59, 60-64"
ICD-5,3680,14,15,1950,1957,"15-19, 30-34, 40-44, 50-54, 55-59"
ICD-5,7900,12,14,1950,1956,"01-04, 45-49, 50-54, 55-59, 60-64"
ICD-5,8540,14,14,1950,1957,"30-34, 35-39, 40-44, 45-49, 50-54"
ICD-5,8810,10,13,1950,1957,"01-04, 20-24, 50-54, 65-69, <1"
ICD-5,8840,12,13,1950,1956,"01-04, 40-44, 55-59, 65-69, 85+"
ICD-5,6320,12,13,1950,1956,"25-29, 35-39, 40-44, 45-49, 65-69"
ICD-5,640,13,13,1950,1957,"01-04, 20-24, 40-44, 50-54, 55-59"
ICD-5,440,12,13,1950,1956,"30-34, 45-49, 50-54, 55-59, 60-64"
ICD-5,7430,13,13,1950,1957,"01-04, 10-14, 15-19, 30-34, 35-39"
ICD-5,2220,12,12,1950,1957,"30-34, 45-49, 60-64, 65-69, 75-79"
ICD-5,6890,9,12,1952,1956,"15-19, 20-24, 25-29, 30-34"
ICD-5,7650,7,12,1950,1956,<1
ICD-5,9990,8,12,1950,1957,"10-14, 15-19, 25-29, 30-34, 40-44"
ICD-5,8330,11,11,1950,1957,"05-09, 20-24, 25-29, 30-34, 35-39"
ICD-5,9610,10,11,1950,1957,"30-34, 40-44, 45-49, 50-54, 55-59"
ICD-5,5300,10,10,1950,1956,"20-24, 25-29, 50-54, 55-59, 60-64"
ICD-5,9540,10,10,1950,1957,"10-14, 15-19, 25-29, 35-39, 40-44"
ICD-5,2330,10,10,1950,1956,"60-64, 65-69, 70-74, 75-79, 85+"
ICD-5,3810,10,10,1950,1957,"50-54, 65-69, 70-74, 75-79, 80-84"
ICD-5,7400,10,10,1950,1957,"45-49, 55-59, 60-64, 65-69, 85+"
ICD-5,3770,10,10,1950,1957,"50-54, 55-59, 60-64, 65-69, 70-74"
ICD-5,620,10,10,1951,1957,"15-19, 25-29, 45-49, 50-54, 55-59"
ICD-5,9460,9,9,1950,1957,"15-19, 25-29, 30-34, 35-39, 40-44"
ICD-5,3130,8,9,1950,1957,"30-34, 40-44, 50-54, 70-74, 75-79"
ICD-5,8770,9,9,1950,1955,"01-04, 15-19, 60-64, 65-69, 70-74"
ICD-5,3700,8,9,1951,1953,"01-04, 45-49, 50-54, 65-69, 70-74"
ICD-5,7140,9,9,1950,1957,"15-19, 35-39, 45-49, 70-74, 85+"
ICD-5,3950,9,9,1950,1957,"30-34, 45-49, 50-54, 55-59, 65-69"
ICD-5,740,8,9,1950,1957,"10-14, 25-29, 40-44, 45-49, 50-54"
ICD-5,3200,6,8,1950,1956,"15-19, 25-29, 30-34, 35-39, 70-74"
ICD-5,2130,8,8,1951,1956,"20-24, 45-49, 50-54, 60-64, 65-69"
ICD-5,3720,8,8,1950,1956,"10-14, 15-19, 20-24, 40-44, 45-49"
ICD-5,5140,8,8,1950,1957,"15-19, 25-29, 30-34, 45-49, 70-74"
ICD-5,8340,8,8,1950,1957,"55-59, 65-69, 70-74, 75-79, 85+"
ICD-5,1310,8,8,1950,1956,"10-14, 30-34, 70-74, 75-79, 80-84"
ICD-5,540,8,8,1950,1957,"01-04, 15-19, 20-24, 40-44, 45-49"
ICD-5,6410,7,8,1951,1957,"20-24, 25-29, 35-39, 40-44"
ICD-5,6940,7,8,1950,1954,"01-04, 05-09, 65-69, 75-79, 85+"
ICD-5,7020,7,7,1950,1954,"45-49, 50-54, 55-59, 60-64, 65-69"
ICD-5,210,7,7,1950,1956,"50-54, 55-59, 60-64, 65-69, 70-74"
ICD-5,8550,7,7,1953,1957,"35-39, 40-44, 45-49, 50-54, 55-59"
ICD-5,3940,7,7,1950,1956,"25-29, 40-44, 55-59, 60-64, 65-69"
ICD-5,8860,6,7,1950,1955,"10-14, 35-39, 40-44, 45-49, 50-54"
ICD-5,2400,7,7,1951,1956,"30-34, 35-39, 40-44, 45-49"
ICD-5,7090,7,7,1951,1957,"50-54, 60-64, 70-74, 75-79, 80-84"
ICD-5,8730,7,7,1951,1957,"15-19, 25-29, 30-34, 35-39, 45-49"
ICD-5,8170,6,7,1952,1956,"05-09, 20-24, 35-39, 45-49, 50-54"
ICD-5,340,7,7,1950,1956,"20-24, 35-39, 45-49, 50-54, 70-74"
ICD-5,3150,7,7,1950,1956,"55-59, 65-69, 75-79, 80-84, 85+"
ICD-5,9300,6,7,1950,1955,"20-24, 25-29, 35-39"
ICD-5,2210,7,7,1950,1957,"20-24, 25-29, 50-54, 55-59, 60-64"
ICD-5,9400,5,6,1951,1957,<1
ICD-5,1230,6,6,1950,1956,"30-34, 35-39, 45-49, 55-59, 60-64"
ICD-5,3780,6,6,1950,1955,"70-74, 75-79, 80-84, 85+, <1"
ICD-5,3670,6,6,1950,1956,"40-44, 55-59, 65-69, 70-74"
ICD-5,8790,6,6,1950,1957,"30-34, 40-44, 55-59, 70-74, 75-79"
ICD-5,7120,6,6,1951,1957,"20-24, 25-29, 40-44, 45-49, 75-79"
ICD-5,7810,5,6,1950,1955,"01-04, 05-09, 15-19, 30-34, <1"
ICD-5,3540,5,5,1950,1957,"20-24, 45-49, 55-59, 60-64, <1"
ICD-5,122,3,5,1952,1952,"01-04, <1"
ICD-5,1300,5,5,1951,1955,"01-04, 10-14, 30-34, 35-39, 80-84"
ICD-5,8310,5,5,1950,1957,"01-04, 15-19, 25-29, 35-39"
ICD-5,9560,5,5,1950,1957,"50-54, 60-64, 70-74, 75-79, 80-84"
ICD-5,9420,5,5,1950,1957,"20-24, 65-69, <1"
ICD-5,8950,5,5,1951,1957,"15-19, 25-29, 35-39, 55-59, 60-64"
ICD-5,9520,5,5,1951,1956,"45-49, 50-54, 55-59, 70-74"
ICD-5,6360,4,4,1952,1956,"25-29, 30-34, 35-39"
ICD-5,4130,4,4,1950,1951,"15-19, 40-44, 45-49, 60-64"
ICD-5,6960,4,4,1950,1953,"10-14, 45-49, 55-59, 60-64"
ICD-5,7110,4,4,1952,1957,"60-64, 70-74, 85+"
ICD-5,310,4,4,1951,1954,"50-54, 60-64, 65-69, 80-84"
ICD-5,7320,4,4,1950,1956,"25-29, 35-39, 45-49, 70-74"
ICD-5,7340,4,4,1951,1957,"30-34, 60-64, 70-74, 85+"
ICD-5,2320,4,4,1951,1955,"55-59, 70-74, 75-79"
ICD-5,8110,4,4,1950,1957,"45-49, 50-54, 55-59, 60-64"
ICD-5,8580,4,4,1952,1957,"35-39, 40-44, 55-59"
ICD-5,3740,3,3,1950,1955,"50-54, 70-74, 75-79"
ICD-5,3710,3,3,1951,1955,"75-79, <1"
ICD-5,3600,3,3,1953,1955,"15-19, 70-74, 75-79"
ICD-5,3900,3,3,1950,1953,"10-14, 65-69, <1"
ICD-5,8930,3,3,1955,1957,"30-34, 65-69, <1"
ICD-5,1100,3,3,1951,1957,40-44
ICD-5,1350,3,3,1950,1952,"55-59, 70-74, 85+"
ICD-5,370,3,3,1952,1957,"55-59, 60-64, 65-69"
ICD-5,1200,3,3,1951,1953,"05-09, 30-34, 45-49"
ICD-5,2440,3,3,1950,1954,"70-74, 75-79"
ICD-5,3730,3,3,1950,1956,"70-74, 85+, <1"
ICD-5,6830,2,3,1951,1953,"30-34, 40-44"
ICD-5,3980,3,3,1953,1957,"30-34, 40-44, 75-79"
ICD-5,2180,3,3,1951,1952,"50-54, 55-59, 85+"
ICD-5,7130,3,3,1952,1957,"75-79, 85+"
ICD-5,1210,3,3,1954,1957,"35-39, 45-49, 50-54"
ICD-5,8870,3,3,1951,1956,"25-29, 35-39, 60-64"
ICD-5,3690,2,2,1956,1957,"25-29, 65-69"
ICD-5,9590,2,2,1955,1957,"55-59, 65-69"
ICD-5,1150,2,2,1951,1952,"25-29, 45-49"
ICD-5,3620,2,2,1955,1955,"30-34, 75-79"
ICD-5,3750,2,2,1951,1951,"20-24, 55-59"
ICD-5,390,2,2,1955,1955,"60-64, 80-84"
ICD-5,2430,2,2,1953,1954,"01-04, 50-54"
ICD-5,7360,2,2,1954,1955,"45-49, 50-54"
ICD-5,6760,2,2,1950,1951,20-24
ICD-5,9200,2,2,1951,1957,"15-19, 60-64"
ICD-5,802,2,2,1952,1952,"01-04, 25-29"
ICD-5,9450,2,2,1955,1956,"25-29, 60-64"
ICD-5,8750,2,2,1951,1953,"01-04, 80-84"
ICD-5,5350,2,2,1951,1952,"05-09, 65-69"
ICD-5,940,2,2,1955,1956,"25-29, 30-34"
ICD-5,600,2,2,1951,1951,"40-44, 50-54"
ICD-5,1360,2,2,1950,1955,"20-24, 45-49"
ICD-5,1050,1,1,1953,1953,20-24
ICD-5,3970,1,1,1957,1957,85+
ICD-5,900,1,1,1953,1953,01-04
ICD-5,1270,1,1,1950,1950,40-44
ICD-5,3800,1,1,1953,1953,65-69
ICD-5,9840,1,1,1951,1951,15-19
ICD-5,380,1,1,1954,1954,45-49
ICD-5,9950,1,1,1953,1953,20-24
ICD-5,1280,1,1,1953,1953,40-44
ICD-5,950,1,1,1952,1952,55-59
ICD-5,2350,1,1,1951,1951,55-59
ICD-5,7420,1,1,1950,1950,55-59
ICD-5,320,1,1,1950,1950,65-69
ICD-5,1240,1,1,1954,1954,60-64
ICD-5,6800,1,1,1950,1950,30-34
ICD-5,9630,1,1,1957,1957,65-69
ICD-5,6200,1,1,1952,1952,65-69
ICD-5,2750,1,1,1956,1956,40-44
ICD-5,2760,1,1,1950,1950,50-54
ICD-5,9430,1,1,1957,1957,55-59
ICD-5,3120,1,1,1957,1957,40-44
ICD-5,3260,1,1,1956,1956,10-14
ICD-5,1020,1,1,1952,1952,60-64
ICD-6,1621,299,164912,1958,1967,"01-04, 05-09, 10-14, 15-19, 20-24"
ICD-6,1633,264,47949,1959,1967,"01-04, 05-09, 10-14, 15-19, 20-24"
ICD-6,1533,277,30146,1958,1967,"10-14, 15-19, 20-24, 25-29, 30-34"
ICD-6,1631,285,27115,1958,1967,"01-04, 05-09, 10-14, 15-19, 20-24"
ICD-6,1992,272,13731,1959,1967,"01-04, 05-09, 10-14, 15-19, 20-24"
ICD-6,1532,241,12500,1959,1967,"01-04, 10-14, 15-19, 20-24, 25-29"
ICD-6,1531,242,12463,1959,1967,"05-09, 10-14, 15-19, 20-24, 25-29"
ICD-6,1538,264,11799,1958,1967,"15-19, 20-24, 25-29, 30-34, 35-39"
ICD-6,1551,245,10730,1958,1967,"01-04, 05-09, 15-19, 20-24, 25-29"
ICD-6,4345,200,7694,1960,1967,"05-09, 15-19, 20-24, 25-29, 30-34"
ICD-6,1539,208,5833,1958,1967,"15-19, 20-24, 25-29, 30-34, 35-39"
ICD-6,7547,305,4131,1958,1967,"01-04, 05-09, 10-14, 15-19, 20-24"
ICD-6,1991,261,3192,1958,1967,"01-04, 05-09, 10-14, 15-19, 20-24"
ICD-6,4344,313,3058,1959,1967,"01-04, 05-09, 10-14, 15-19, 20-24"
ICD-6,1417,222,2173,1958,1967,"10-14, 15-19, 20-24, 25-29, 30-34"
ICD-6,1472,197,1512,1959,1967,"20-24, 25-29, 30-34, 35-39, 40-44"
ICD-6,1907,248,1420,1959,1967,"10-14, 15-19, 20-24, 25-29, 30-34"
ICD-6,1602,231,1417,1958,1967,"01-04, 05-09, 10-14, 15-19, 20-24"
ICD-6,1967,289,1400,1959,1967,"01-04, 05-09, 10-14, 15-19, 20-24"
ICD-6,1761,126,1379,1958,1967,"01-04, 05-09, 20-24, 25-29, 30-34"
ICD-6,1527,241,1371,1958,1967,"01-04, 05-09, 10-14, 15-19, 20-24"
ICD-6,1915,205,1139,1959,1967,"01-04, 05-09, 10-14, 15-19, 20-24"
ICD-6,1913,166,1083,1959,1967,"01-04, 15-19, 25-29, 30-34, 35-39"
ICD-6,1611,113,1037,1958,1967,"25-29, 30-34, 35-39, 40-44, 45-49"
ICD-6,1909,248,1005,1958,1967,"01-04, 05-09, 10-14, 15-19, 20-24"
ICD-6,1973,270,996,1959,1967,"01-04, 05-09, 10-14, 15-19, 20-24"
ICD-6,823,287,967,1958,1967,"01-04, 05-09, 10-14, 15-19, 20-24"
ICD-6,1969,159,840,1958,1967,"01-04, 05-09, 10-14, 15-19, 20-24"
ICD-6,1905,225,790,1959,1967,"15-19, 20-24, 25-29, 30-34, 35-39"
ICD-6,1966,259,721,1959,1967,"01-04, 05-09, 10-14, 15-19, 20-24"
ICD-6,1939,226,717,1959,1967,"01-04, 05-09, 10-14, 15-19, 20-24"
ICD-6,1471,155,696,1959,1967,"30-34, 35-39, 40-44, 45-49, 50-54"
ICD-6,1919,119,676,1958,1967,"01-04, 10-14, 15-19, 20-24, 25-29"
ICD-6,1934,201,658,1958,1967,"01-04, 05-09, 10-14, 15-19, 20-24"
ICD-6,1537,175,620,1959,1967,"20-24, 25-29, 30-34, 35-39, 40-44"
ICD-6,1419,155,567,1959,1967,"25-29, 30-34, 35-39, 40-44, 45-49"
ICD-6,1401,121,551,1958,1967,"30-34, 35-39, 40-44, 45-49, 50-54"
ICD-6,1971,221,545,1959,1967,"01-04, 05-09, 10-14, 15-19, 20-24"
ICD-6,1917,153,513,1959,1967,"15-19, 20-24, 25-29, 30-34, 35-39"
ICD-6,1961,165,492,1959,1967,"01-04, 10-14, 20-24, 25-29, 30-34"
ICD-6,1906,199,461,1959,1967,"10-14, 15-19, 20-24, 25-29, 30-34"
ICD-6,1964,208,460,1959,1967,"01-04, 05-09, 10-14, 15-19, 20-24"
ICD-6,1962,186,457,1959,1967,"01-04, 05-09, 10-14, 15-19, 20-24"
ICD-6,1979,167,436,1958,1967,"01-04, 05-09, 10-14, 15-19, 20-24"
ICD-6,1914,156,424,1959,1967,"10-14, 25-29, 30-34, 35-39, 40-44"
ICD-6,1912,104,362,1959,1967,"30-34, 35-39, 40-44, 45-49, 50-54"
ICD-6,1634,148,343,1959,1967,"10-14, 15-19, 20-24, 25-29, 30-34"
ICD-6,1903,171,334,1959,1967,"15-19, 20-24, 25-29, 30-34, 35-39"
ICD-6,1817,139,331,1959,1967,"01-04, 15-19, 35-39, 40-44, 45-49"
ICD-6,1651,157,328,1958,1967,"01-04, 10-14, 25-29, 30-34, 35-39"
ICD-6,1916,122,308,1959,1967,"30-34, 40-44, 45-49, 50-54, 55-59"
ICD-6,1931,194,297,1958,1967,"01-04, 05-09, 10-14, 15-19, 20-24"
ICD-6,1972,160,263,1959,1967,"01-04, 05-09, 10-14, 15-19, 20-24"
ICD-6,1601,137,263,1958,1967,"01-04, 20-24, 25-29, 40-44, 45-49"
ICD-6,1529,135,255,1959,1967,"20-24, 25-29, 30-34, 35-39, 40-44"
ICD-6,1457,104,253,1958,1967,"35-39, 40-44, 45-49, 50-54, 55-59"
ICD-6,1427,137,244,1958,1967,"01-04, 30-34, 35-39, 40-44, 45-49"
ICD-6,1791,89,243,1958,1967,"15-19, 30-34, 35-39, 40-44, 45-49"
ICD-6,1963,146,235,1959,1967,"01-04, 05-09, 10-14, 15-19, 20-24"
ICD-6,1751,83,211,1958,1967,"05-09, 15-19, 35-39, 40-44, 45-49"
ICD-6,1632,113,192,1959,1967,"15-19, 20-24, 25-29, 30-34, 35-39"
ICD-6,1459,98,185,1959,1967,"25-29, 35-39, 40-44, 45-49, 50-54"
ICD-6,2867,107,171,1959,1967,"01-04, 05-09, 15-19, 20-24, 25-29"
ICD-6,1904,120,171,1959,1967,"15-19, 20-24, 25-29, 30-34, 35-39"
ICD-6,1952,126,165,1959,1967,"01-04, 05-09, 10-14, 15-19, 20-24"
ICD-6,1418,83,150,1958,1967,"35-39, 40-44, 45-49, 50-54, 55-59"
ICD-6,1932,107,145,1958,1967,"01-04, 05-09, 10-14, 15-19, 20-24"
ICD-6,1607,99,143,1958,1967,"01-04, 05-09, 10-14, 30-34, 35-39"
ICD-6,1989,81,135,1958,1967,"10-14, 15-19, 30-34, 35-39, 40-44"
ICD-6,1953,78,97,1958,1967,"10-14, 15-19, 20-24, 25-29, 30-34"
ICD-6,1933,76,92,1958,1967,"01-04, 05-09, 10-14, 15-19, 20-24"
ICD-6,1911,62,87,1959,1967,"10-14, 40-44, 50-54, 55-59, 60-64"
ICD-6,1984,61,74,1959,1967,"25-29, 30-34, 35-39, 40-44, 45-49"
ICD-6,1938,42,61,1958,1966,"01-04, 05-09, 10-14, 15-19, 20-24"
ICD-6,1409,45,59,1958,1967,"35-39, 40-44, 45-49, 50-54, 55-59"
ICD-6,1968,56,59,1959,1967,"01-04, 05-09, 10-14, 15-19, 20-24"
ICD-6,1528,44,54,1959,1967,"40-44, 45-49, 50-54, 55-59, 60-64"
ICD-6,1918,41,47,1959,1967,"45-49, 50-54, 60-64, 65-69, 70-74"
ICD-6,1902,38,46,1959,1967,"20-24, 25-29, 35-39, 45-49, 50-54"
ICD-6,1429,38,44,1959,1967,"05-09, 30-34, 40-44, 45-49, 50-54"
ICD-6,1622,35,39,1958,1967,"15-19, 25-29, 35-39, 40-44, 45-49"
ICD-6,821,36,39,1959,1967,"01-04, 05-09, 10-14, 15-19, 20-24"
ICD-6,1797,34,37,1959,1967,"15-19, 20-24, 25-29, 30-34, 35-39"
ICD-6,1767,32,36,1958,1967,"01-04, 40-44, 45-49, 50-54, 55-59"
ICD-6,1818,24,36,1958,1967,"40-44, 50-54, 55-59, 60-64, 65-69"
ICD-6,1951,26,33,1958,1966,"05-09, 10-14, 20-24, 25-29, 30-34"
ICD-6,1983,28,31,1959,1967,"35-39, 45-49, 50-54, 55-59, 60-64"
ICD-6,1769,25,30,1959,1967,"25-29, 35-39, 40-44, 45-49, 50-54"
ICD-6,1957,27,30,1959,1967,"10-14, 15-19, 25-29, 35-39, 40-44"
ICD-6,1981,26,29,1959,1967,"35-39, 40-44, 45-49, 55-59, 60-64"
ICD-6,1608,26,27,1958,1967,"40-44, 45-49, 50-54, 55-59, 60-64"
ICD-6,721,19,27,1958,1967,"10-14, 30-34, 35-39, 40-44, 45-49"
ICD-6,1908,23,23,1959,1967,"01-04, 20-24, 25-29, 30-34, 40-44"
ICD-6,1652,20,23,1960,1966,"45-49, 50-54, 55-59, 60-64, 65-69"
ICD-6,1982,19,23,1959,1967,"30-34, 35-39, 45-49, 50-54, 55-59"
ICD-6,1954,19,22,1959,1967,"15-19, 20-24, 25-29, 30-34, 35-39"
ICD-6,1628,19,22,1958,1967,"40-44, 45-49, 50-54, 55-59, 60-64"
ICD-6,1768,17,19,1959,1967,"45-49, 55-59, 60-64, 65-69, 70-74"
ICD-6,1987,16,19,1959,1967,"45-49, 50-54, 55-59, 60-64, 65-69"
ICD-6,1901,17,18,1959,1967,"35-39, 40-44, 55-59, 60-64, 65-69"
ICD-6,1988,18,18,1959,1967,"55-59, 60-64, 65-69, 70-74, 75-79"
ICD-6,1653,16,16,1960,1967,"40-44, 50-54, 55-59, 60-64, 65-69"
ICD-6,822,14,15,1959,1967,"01-04, 10-14, 15-19, 35-39, 40-44"
ICD-6,1408,12,13,1959,1967,"50-54, 60-64, 65-69, 70-74, 75-79"
ICD-6,1609,11,11,1960,1967,"01-04, 30-34, 50-54, 60-64, 65-69"
ICD-6,1458,11,11,1959,1966,"50-54, 55-59, 60-64, 65-69, 70-74"
ICD-6,1758,10,10,1958,1967,"15-19, 35-39, 50-54, 55-59, 60-64"
ICD-6,1965,9,9,1960,1967,"05-09, 25-29, 55-59, 65-69, 70-74"
ICD-6,1978,8,8,1959,1966,"20-24, 40-44, 60-64, 65-69, 70-74"
ICD-6,1558,8,8,1959,1967,"55-59, 60-64, 65-69, 75-79"
ICD-6,1428,6,6,1958,1965,"30-34, 40-44, 60-64, 65-69, 75-79"
ICD-6,1798,5,5,1959,1966,"45-49, 60-64, 65-69, 80-84, 85+"
ICD-6,7898,2,2,1958,1961,"05-09, 80-84"
ICD-6,1799,2,2,1958,1958,"40-44, 65-69"
ICD-6,1759,2,2,1960,1962,"35-39, 75-79"
ICD-7,4109,337,1037568,1968,1978,"01-04, 05-09, 10-14, 15-19, 20-24"
ICD-7,4850,418,455389,1968,1978,"01-04, 05-09, 10-14, 15-19, 20-24"
ICD-7,4123,315,421061,1968,1978,"01-04, 10-14, 15-19, 20-24, 25-29"
ICD-7,4339,351,263524,1968,1978,"01-04, 05-09, 10-14, 15-19, 20-24"
ICD-7,4369,294,188840,1968,1978,"01-04, 05-09, 10-14, 15-19, 20-24"
ICD-7,4280,377,125046,1968,1978,"01-04, 05-09, 10-14, 15-19, 20-24"
ICD-7,4409,221,115789,1968,1978,"15-19, 30-34, 35-39, 40-44, 45-49"
ICD-7,4319,397,111630,1968,1978,"01-04, 05-09, 10-14, 15-19, 20-24"
ICD-7,4379,229,107669,1968,1978,"01-04, 10-14, 15-19, 20-24, 25-29"
ICD-7,4270,345,101289,1968,1978,"01-04, 05-09, 10-14, 15-19, 20-24"
ICD-7,1519,304,68425,1968,1978,"15-19, 20-24, 25-29, 30-34, 35-39"
ICD-7,1541,302,60471,1968,1978,"15-19, 20-24, 25-29, 30-34, 35-39"
ICD-7,1850,134,46969,1968,1978,"01-04, 05-09, 15-19, 20-24, 25-29"
ICD-7,1880,284,43994,1968,1978,"01-04, 05-09, 10-14, 15-19, 20-24"
ICD-7,1830,183,39457,1968,1978,"01-04, 05-09, 10-14, 15-19, 20-24"
ICD-7,1518,286,36938,1968,1978,"15-19, 20-24, 25-29, 30-34, 35-39"
ICD-7,4121,268,35570,1968,1978,"15-19, 20-24, 25-29, 30-34, 35-39"
ICD-7,4309,391,34828,1968,1978,"01-04, 05-09, 10-14, 15-19, 20-24"
ICD-7,4360,267,32087,1968,1978,"01-04, 10-14, 15-19, 20-24, 25-29"
ICD-7,4124,206,29455,1968,1978,"30-34, 35-39, 40-44, 45-49, 50-54"
ICD-7,3949,324,21246,1968,1978,"05-09, 10-14, 15-19, 20-24, 25-29"
ICD-7,4412,201,19961,1968,1978,"20-24, 30-34, 35-39, 40-44, 45-49"
ICD-7,4860,410,18630,1968,1978,"01-04, 05-09, 10-14, 15-19, 20-24"
ICD-7,4279,288,18541,1968,1978,"01-04, 05-09, 10-14, 15-19, 20-24"
ICD-7,1579,281,18051,1968,1978,"10-14, 15-19, 20-24, 25-29, 30-34"
ICD-7,4271,291,17279,1968,1978,"01-04, 05-09, 10-14, 15-19, 20-24"
ICD-7,4119,273,16840,1968,1978,"05-09, 10-14, 15-19, 20-24, 25-29"
ICD-7,1890,400,16636,1968,1978,"01-04, 05-09, 10-14, 15-19, 20-24"
ICD-7,5719,400,15526,1968,1978,"01-04, 05-09, 10-14, 15-19, 20-24"
ICD-7,1511,264,15337,1968,1978,"10-14, 15-19, 20-24, 25-29, 30-34"
ICD-7,3959,327,15320,1968,1978,"01-04, 05-09, 10-14, 15-19, 20-24"
ICD-7,5319,296,14339,1968,1978,"01-04, 05-09, 10-14, 15-19, 20-24"
ICD-7,5621,248,14241,1968,1978,"15-19, 20-24, 25-29, 30-34, 35-39"
ICD-7,4260,373,14120,1968,1978,"01-04, 05-09, 10-14, 15-19, 20-24"
ICD-7,1820,140,13221,1968,1978,"01-04, 20-24, 25-29, 30-34, 35-39"
ICD-7,4419,244,12952,1968,1978,"05-09, 10-14, 15-19, 20-24, 25-29"
ICD-7,4389,285,12347,1968,1978,"01-04, 05-09, 10-14, 15-19, 20-24"
ICD-7,4241,246,12213,1968,1978,"10-14, 15-19, 20-24, 25-29, 30-34"
ICD-7,7770,22,12018,1968,1978,<1
ICD-7,5329,293,11814,1968,1978,"01-04, 05-09, 15-19, 20-24, 25-29"
ICD-7,4442,297,11004,1968,1978,"01-04, 05-09, 10-14, 15-19, 20-24"
ICD-7,7762,24,10445,1968,1978,"01-04, <1"
ICD-7,7123,254,10385,1968,1978,"05-09, 20-24, 25-29, 30-34, 35-39"
ICD-7,7769,25,9728,1968,1978,"01-04, <1"
ICD-7,5932,353,9535,1968,1978,"01-04, 05-09, 10-14, 15-19, 20-24"
ICD-7,5901,342,8067,1968,1978,"01-04, 05-09, 10-14, 15-19, 20-24"
ICD-7,5690,345,7842,1968,1978,"01-04, 05-09, 10-14, 15-19, 20-24"
ICD-7,5199,337,7695,1968,1978,"01-04, 05-09, 10-14, 15-19, 20-24"
ICD-7,1578,261,6970,1968,1978,"15-19, 20-24, 25-29, 30-34, 35-39"
ICD-7,5609,323,6718,1968,1978,"01-04, 05-09, 10-14, 15-19, 20-24"
ICD-7,4411,255,6026,1968,1978,"10-14, 20-24, 25-29, 30-34, 35-39"
ICD-7,4030,268,5868,1968,1978,"01-04, 05-09, 10-14, 15-19, 20-24"
ICD-7,2051,368,5772,1968,1978,"01-04, 05-09, 10-14, 15-19, 20-24"
ICD-7,3489,272,5638,1968,1978,"01-04, 10-14, 15-19, 20-24, 25-29"
ICD-7,4250,409,5458,1968,1978,"01-04, 05-09, 10-14, 15-19, 20-24"
ICD-7,2859,230,5095,1968,1978,"01-04, 05-09, 10-14, 15-19, 20-24"
ICD-7,2381,407,4959,1968,1978,"01-04, 05-09, 10-14, 15-19, 20-24"
ICD-7,5198,66,4951,1976,1978,"01-04, 30-34, 35-39, 40-44, 45-49"
ICD-7,2022,358,4863,1968,1978,"01-04, 05-09, 10-14, 15-19, 20-24"
ICD-7,1561,266,4811,1968,1978,"01-04, 05-09, 20-24, 25-29, 30-34"
ICD-7,4329,289,4761,1968,1978,"01-04, 05-09, 10-14, 15-19, 20-24"
ICD-7,4272,336,4629,1968,1978,"01-04, 05-09, 10-14, 15-19, 20-24"
ICD-7,1841,128,4592,1968,1978,"01-04, 05-09, 15-19, 25-29, 30-34"
ICD-7,4439,190,4572,1968,1978,"15-19, 20-24, 40-44, 45-49, 50-54"
ICD-7,92,357,4497,1968,1978,"01-04, 05-09, 10-14, 15-19, 20-24"
ICD-7,3459,406,4273,1968,1978,"01-04, 05-09, 10-14, 15-19, 20-24"
ICD-7,5990,240,4030,1968,1978,"01-04, 05-09, 15-19, 20-24, 25-29"
ICD-7,1619,240,3974,1968,1978,"15-19, 20-24, 30-34, 35-39, 40-44"
ICD-7,4370,185,3919,1968,1978,"35-39, 40-44, 45-49, 50-54, 55-59"
ICD-7,5513,275,3902,1968,1978,"01-04, 05-09, 10-14, 15-19, 20-24"
ICD-7,3479,398,3778,1968,1978,"01-04, 05-09, 10-14, 15-19, 20-24"
ICD-7,1977,245,3752,1968,1978,"01-04, 15-19, 20-24, 25-29, 30-34"
ICD-7,5339,216,3684,1968,1978,"05-09, 20-24, 25-29, 30-34, 35-39"
ICD-7,1829,135,3579,1968,1978,"01-04, 05-09, 10-14, 15-19, 20-24"
ICD-7,5631,337,3577,1968,1978,"01-04, 05-09, 10-14, 15-19, 20-24"
ICD-7,3969,283,3450,1968,1978,"01-04, 05-09, 10-14, 15-19, 20-24"
ICD-7,7463,364,3435,1968,1978,"01-04, 05-09, 10-14, 15-19, 20-24"
ICD-7,4349,226,3313,1968,1978,"01-04, 05-09, 20-24, 25-29, 30-34"
ICD-7,5309,306,3228,1968,1978,"01-04, 05-09, 10-14, 15-19, 20-24"
ICD-7,4290,297,3228,1968,1978,"01-04, 05-09, 10-14, 15-19, 20-24"
ICD-7,7469,261,3087,1968,1978,"01-04, 05-09, 10-14, 15-19, 20-24"
ICD-7,4459,178,3029,1968,1978,"25-29, 30-34, 35-39, 40-44, 45-49"
ICD-7,4249,268,3016,1968,1978,"01-04, 05-09, 10-14, 15-19, 20-24"
ICD-7,5151,96,2973,1968,1978,"40-44, 45-49, 50-54, 55-59, 60-64"
ICD-7,1860,189,2756,1968,1978,"01-04, 05-09, 10-14, 15-19, 20-24"
ICD-7,7419,158,2679,1968,1978,"01-04, 05-09, 10-14, 15-19, 20-24"
ICD-7,7761,22,2675,1968,1978,<1
ICD-7,4444,189,2658,1968,1978,"15-19, 20-24, 30-34, 35-39, 40-44"
ICD-7,4380,194,2652,1968,1978,"25-29, 30-34, 35-39, 40-44, 45-49"
ICD-7,7466,381,2634,1968,1978,"01-04, 05-09, 10-14, 15-19, 20-24"
ICD-7,2422,241,2316,1968,1978,"01-04, 15-19, 20-24, 25-29, 30-34"
ICD-7,2090,243,2259,1968,1978,"01-04, 05-09, 10-14, 15-19, 20-24"
ICD-7,1728,305,2256,1968,1978,"10-14, 15-19, 20-24, 25-29, 30-34"
ICD-7,3452,383,2239,1968,1978,"01-04, 05-09, 10-14, 15-19, 20-24"
ICD-7,1618,218,2128,1968,1978,"25-29, 30-34, 35-39, 40-44, 45-49"
ICD-7,4122,208,2025,1968,1978,"25-29, 30-34, 35-39, 40-44, 45-49"
ICD-7,7464,363,2024,1968,1978,"01-04, 05-09, 10-14, 15-19, 20-24"
ICD-7,5630,320,2007,1968,1978,"05-09, 10-14, 15-19, 20-24, 25-29"
ICD-7,9880,370,1882,1968,1978,"01-04, 05-09, 10-14, 15-19, 20-24"
ICD-7,1729,303,1873,1968,1978,"01-04, 10-14, 15-19, 20-24, 25-29"
ICD-7,4240,187,1857,1968,1978,"25-29, 30-34, 35-39, 40-44, 45-49"
ICD-7,5670,283,1840,1968,1978,"01-04, 05-09, 10-14, 15-19, 20-24"
ICD-7,9680,370,1823,1968,1978,"01-04, 05-09, 10-14, 15-19, 20-24"
ICD-7,3209,365,1809,1968,1978,"01-04, 05-09, 10-14, 15-19, 20-24"
ICD-7,4040,237,1788,1968,1978,"01-04, 10-14, 15-19, 20-24, 25-29"
ICD-7,389,314,1734,1968,1978,"01-04, 05-09, 10-14, 15-19, 20-24"
ICD-7,7599,64,1708,1968,1978,"01-04, 05-09, 10-14, 15-19, 20-24"
ICD-7,7461,142,1645,1968,1978,"01-04, 05-09, 10-14, 15-19, 20-24"
ICD-7,1589,236,1625,1968,1978,"05-09, 15-19, 20-24, 25-29, 30-34"
ICD-7,4003,256,1621,1968,1978,"01-04, 05-09, 10-14, 15-19, 20-24"
ICD-7,7462,223,1566,1968,1978,"01-04, 05-09, 10-14, 15-19, 20-24"
ICD-7,4002,250,1554,1968,1978,"15-19, 20-24, 25-29, 30-34, 35-39"
ICD-7,4589,223,1511,1968,1978,"15-19, 20-24, 25-29, 30-34, 35-39"
ICD-7,1481,215,1501,1968,1978,"20-24, 30-34, 35-39, 40-44, 45-49"
ICD-7,7341,289,1499,1968,1978,"05-09, 10-14, 15-19, 20-24, 25-29"
ICD-7,1736,233,1462,1968,1978,"01-04, 05-09, 10-14, 15-19, 20-24"
ICD-7,4449,205,1461,1968,1978,"01-04, 20-24, 25-29, 30-34, 35-39"
ICD-7,1929,320,1437,1968,1978,"01-04, 05-09, 10-14, 15-19, 20-24"
ICD-7,7468,295,1432,1968,1978,"01-04, 05-09, 10-14, 15-19, 20-24"
ICD-7,2080,221,1421,1968,1978,"10-14, 25-29, 30-34, 35-39, 40-44"
ICD-7,1707,343,1396,1968,1978,"01-04, 05-09, 10-14, 15-19, 20-24"
ICD-7,1726,297,1372,1968,1978,"01-04, 10-14, 15-19, 20-24, 25-29"
ICD-7,5159,135,1359,1968,1978,"20-24, 35-39, 40-44, 45-49, 50-54"
ICD-7,1713,326,1354,1968,1978,"01-04, 05-09, 10-14, 15-19, 20-24"
ICD-7,9660,308,1347,1968,1978,"01-04, 05-09, 10-14, 15-19, 20-24"
ICD-7,1840,118,1344,1968,1978,"01-04, 20-24, 25-29, 35-39, 40-44"
ICD-7,4230,274,1337,1968,1978,"01-04, 05-09, 10-14, 15-19, 20-24"
ICD-7,2790,350,1304,1968,1978,"01-04, 05-09, 10-14, 15-19, 20-24"
ICD-7,5950,183,1272,1968,1978,"01-04, 05-09, 20-24, 25-29, 30-34"
ICD-7,7782,22,1227,1968,1978,<1
ICD-7,3309,317,1209,1968,1978,"01-04, 05-09, 10-14, 15-19, 20-24"
ICD-7,3481,215,1165,1968,1978,"01-04, 05-09, 15-19, 20-24, 25-29"
ICD-7,4139,172,1164,1968,1978,"35-39, 40-44, 45-49, 50-54, 55-59"
ICD-7,2252,251,1135,1968,1978,"01-04, 05-09, 10-14, 15-19, 20-24"
ICD-7,1733,188,1090,1968,1978,"05-09, 15-19, 30-34, 35-39, 40-44"
ICD-7,1562,207,1075,1968,1978,"20-24, 25-29, 30-34, 35-39, 40-44"
ICD-7,2871,312,1070,1968,1978,"01-04, 05-09, 10-14, 15-19, 20-24"
ICD-7,1985,212,1060,1968,1978,"01-04, 10-14, 15-19, 20-24, 25-29"
ICD-7,1959,260,1058,1968,1978,"01-04, 05-09, 10-14, 15-19, 20-24"
ICD-7,1870,122,1006,1968,1978,"25-29, 30-34, 35-39, 40-44, 45-49"
ICD-7,7789,27,990,1968,1978,"01-04, 10-14, <1"
ICD-7,8989,230,988,1968,1978,"01-04, 05-09, 10-14, 15-19, 20-24"
ICD-7,361,219,973,1968,1978,"01-04, 05-09, 10-14, 15-19, 20-24"
ICD-7,1490,217,963,1968,1978,"01-04, 05-09, 10-14, 15-19, 20-24"
ICD-7,7131,166,953,1968,1978,"35-39, 40-44, 45-49, 50-54, 55-59"
ICD-7,1412,221,944,1968,1978,"25-29, 30-34, 35-39, 40-44, 45-49"
ICD-7,1711,311,932,1968,1978,"01-04, 05-09, 10-14, 15-19, 20-24"
ICD-7,1706,305,918,1968,1978,"01-04, 05-09, 10-14, 15-19, 20-24"
ICD-7,4549,205,912,1968,1978,"20-24, 25-29, 30-34, 35-39, 40-44"
ICD-7,2812,184,906,1968,1978,"05-09, 15-19, 20-24, 25-29, 30-34"
ICD-7,4441,194,901,1968,1978,"15-19, 25-29, 30-34, 35-39, 40-44"
ICD-7,7962,305,886,1968,1978,"01-04, 05-09, 10-14, 15-19, 20-24"
ICD-7,7471,232,876,1968,1978,"01-04, 05-09, 10-14, 15-19, 20-24"
ICD-7,2699,179,843,1968,1978,"01-04, 05-09, 20-24, 25-29, 30-34"
ICD-7,4823,318,830,1968,1978,"01-04, 05-09, 10-14, 15-19, 20-24"
ICD-7,1451,200,826,1968,1978,"01-04, 05-09, 10-14, 15-19, 20-24"
ICD-7,5960,214,802,1968,1978,"01-04, 05-09, 10-14, 15-19, 20-24"
ICD-7,5531,199,794,1968,1978,"01-04, 30-34, 35-39, 40-44, 45-49"
ICD-7,3032,203,752,1968,1978,"20-24, 25-29, 30-34, 35-39, 40-44"
ICD-7,1925,166,752,1968,1978,"01-04, 05-09, 10-14, 15-19, 20-24"
ICD-7,5532,175,747,1968,1978,"20-24, 35-39, 40-44, 45-49, 50-54"
ICD-7,1727,263,747,1968,1978,"15-19, 20-24, 25-29, 30-34, 35-39"
ICD-7,2079,280,747,1968,1978,"01-04, 05-09, 10-14, 15-19, 20-24"
ICD-7,5080,247,742,1968,1978,"01-04, 05-09, 10-14, 15-19, 20-24"
ICD-7,650,319,742,1968,1978,"01-04, 05-09, 10-14, 15-19, 20-24"
ICD-7,3039,207,699,1968,1978,"01-04, 05-09, 15-19, 20-24, 25-29"
ICD-7,7467,111,678,1968,1978,"01-04, 05-09, 10-14, 15-19, 20-24"
ICD-7,2589,215,672,1968,1978,"01-04, 05-09, 10-14, 15-19, 20-24"
ICD-7,5771,214,658,1968,1978,"05-09, 15-19, 25-29, 30-34, 35-39"
ICD-7,7239,152,654,1968,1978,"05-09, 10-14, 15-19, 20-24, 25-29"
ICD-7,9870,269,650,1968,1978,"01-04, 05-09, 10-14, 15-19, 20-24"
ICD-7,5533,183,646,1968,1978,"01-04, 05-09, 10-14, 15-19, 25-29"
ICD-7,7473,166,626,1968,1978,"01-04, 05-09, 10-14, 15-19, 20-24"
ICD-7,1976,178,624,1968,1978,"30-34, 35-39, 40-44, 45-49, 50-54"
ICD-7,1738,181,610,1968,1978,"15-19, 20-24, 25-29, 30-34, 35-39"
ICD-7,7486,62,604,1968,1978,"01-04, 05-09, 10-14, 15-19, 20-24"
ICD-7,5539,159,600,1968,1978,"05-09, 15-19, 25-29, 30-34, 35-39"
ICD-7,939,172,588,1968,1978,"20-24, 35-39, 40-44, 45-49, 50-54"
ICD-7,1719,270,576,1968,1978,"01-04, 05-09, 10-14, 15-19, 20-24"
ICD-7,7431,121,573,1968,1978,"01-04, 05-09, 10-14, 15-19, 20-24"
ICD-7,3208,173,570,1968,1978,"01-04, 05-09, 10-14, 15-19, 20-24"
ICD-7,1892,187,559,1968,1978,"30-34, 35-39, 40-44, 45-49, 50-54"
ICD-7,1701,193,550,1968,1978,"05-09, 10-14, 15-19, 20-24, 25-29"
ICD-7,799,230,547,1968,1978,"01-04, 05-09, 10-14, 15-19, 20-24"
ICD-7,1702,221,544,1968,1978,"01-04, 05-09, 10-14, 15-19, 20-24"
ICD-7,2819,139,541,1968,1978,"20-24, 25-29, 30-34, 35-39, 40-44"
ICD-7,3482,192,540,1968,1978,"01-04, 05-09, 10-14, 15-19, 20-24"
ICD-7,2262,267,538,1968,1978,"01-04, 05-09, 10-14, 15-19, 20-24"
ICD-7,1891,172,525,1968,1978,"30-34, 35-39, 40-44, 45-49, 50-54"
ICD-7,2072,212,516,1968,1978,"01-04, 05-09, 10-14, 15-19, 20-24"
ICD-7,4009,182,511,1968,1978,"05-09, 10-14, 15-19, 20-24, 25-29"
ICD-7,5112,129,507,1968,1978,"10-14, 30-34, 35-39, 40-44, 45-49"
ICD-7,1411,171,502,1968,1978,"01-04, 25-29, 35-39, 40-44, 45-49"
ICD-7,1732,166,502,1968,1978,"01-04, 35-39, 40-44, 45-49, 50-54"
ICD-7,1734,169,502,1968,1978,"05-09, 25-29, 30-34, 40-44, 45-49"
ICD-7,189,231,501,1968,1978,"01-04, 05-09, 10-14, 15-19, 20-24"
ICD-7,2691,211,500,1968,1978,"01-04, 05-09, 10-14, 15-19, 20-24"
ICD-7,1542,176,496,1968,1978,"15-19, 20-24, 25-29, 30-34, 35-39"
ICD-7,2680,147,495,1968,1978,"01-04, 05-09, 10-14, 15-19, 25-29"
ICD-7,7516,119,495,1968,1978,"01-04, 05-09, 10-14, 15-19, 20-24"
ICD-7,7759,23,494,1968,1978,"01-04, <1"
ICD-7,2313,162,494,1968,1978,"15-19, 35-39, 40-44, 45-49, 50-54"
ICD-7,7502,54,490,1968,1978,"01-04, 05-09, 15-19, 60-64, 65-69"
ICD-7,2059,217,490,1968,1978,"01-04, 05-09, 10-14, 15-19, 20-24"
ICD-7,4519,176,484,1968,1978,"15-19, 20-24, 25-29, 30-34, 35-39"
ICD-7,7594,40,480,1968,1978,"01-04, 05-09, 10-14, 15-19, 40-44"
ICD-7,1704,238,478,1968,1978,"01-04, 05-09, 10-14, 15-19, 20-24"
ICD-7,3819,221,476,1968,1978,"01-04, 05-09, 10-14, 15-19, 20-24"
ICD-7,8598,218,470,1968,1978,"01-04, 05-09, 10-14, 15-19, 20-24"
ICD-7,8261,205,466,1968,1978,"01-04, 05-09, 10-14, 15-19, 20-24"
ICD-7,7764,23,463,1968,1978,"01-04, <1"
ICD-7,2829,197,461,1968,1978,"01-04, 05-09, 10-14, 15-19, 20-24"
ICD-7,1723,197,452,1968,1978,"20-24, 25-29, 30-34, 35-39, 40-44"
ICD-7,3303,165,443,1968,1978,"01-04, 05-09, 10-14, 15-19, 20-24"
ICD-7,7511,32,443,1968,1978,"01-04, 15-19, 20-24, 25-29, 30-34"
ICD-7,7960,170,435,1968,1978,"01-04, 05-09, 20-24, 25-29, 30-34"
ICD-7,2233,129,431,1968,1978,"35-39, 40-44, 45-49, 50-54, 55-59"
ICD-7,2899,192,428,1968,1978,"01-04, 05-09, 10-14, 15-19, 20-24"
ICD-7,5538,166,426,1968,1978,"01-04, 05-09, 10-14, 15-19, 20-24"
ICD-7,7621,22,424,1968,1978,<1
ICD-7,8052,236,422,1968,1978,"01-04, 05-09, 10-14, 15-19, 20-24"
ICD-7,5511,99,412,1968,1978,"01-04, 45-49, 50-54, 55-59, 60-64"
ICD-7,5409,214,409,1968,1978,"01-04, 05-09, 10-14, 15-19, 20-24"
ICD-7,7290,159,408,1968,1978,"01-04, 05-09, 15-19, 20-24, 30-34"
ICD-7,4463,125,403,1968,1978,"30-34, 40-44, 45-49, 50-54, 55-59"
ICD-7,2559,216,397,1968,1978,"01-04, 05-09, 10-14, 15-19, 20-24"
ICD-7,1899,167,388,1968,1978,"20-24, 25-29, 30-34, 35-39, 40-44"
ICD-7,1737,142,386,1968,1978,"20-24, 25-29, 30-34, 40-44, 45-49"
ICD-7,660,149,385,1968,1978,"01-04, 05-09, 10-14, 15-19, 20-24"
ICD-7,7484,229,385,1968,1978,"01-04, 05-09, 10-14, 15-19, 20-24"
ICD-7,1489,167,385,1968,1978,"30-34, 35-39, 40-44, 45-49, 50-54"
ICD-7,7124,157,381,1968,1978,"20-24, 25-29, 30-34, 35-39, 40-44"
ICD-7,4001,159,380,1968,1978,"20-24, 25-29, 30-34, 35-39, 40-44"
ICD-7,5197,56,379,1976,1978,"05-09, 20-24, 25-29, 45-49, 50-54"
ICD-7,7969,229,378,1968,1978,"01-04, 10-14, 15-19, 20-24, 25-29"
ICD-7,2551,205,376,1968,1978,"01-04, 05-09, 10-14, 15-19, 20-24"
ICD-7,381,214,375,1968,1978,"01-04, 05-09, 10-14, 15-19, 20-24"
ICD-7,5902,169,372,1968,1978,"10-14, 15-19, 20-24, 25-29, 30-34"
ICD-7,4840,96,370,1968,1978,"01-04, 05-09, 10-14, 15-19, 25-29"
ICD-7,6824,136,370,1968,1978,"01-04, 05-09, 30-34, 35-39, 40-44"
ICD-7,89,164,362,1968,1978,"01-04, 05-09, 10-14, 15-19, 20-24"
ICD-7,1712,217,359,1968,1978,"01-04, 05-09, 10-14, 15-19, 20-24"
ICD-7,2251,171,356,1968,1978,"10-14, 15-19, 20-24, 25-29, 30-34"
ICD-7,8050,109,354,1968,1978,"15-19, 20-24, 25-29, 30-34, 35-39"
ICD-7,4580,149,346,1968,1978,"20-24, 25-29, 30-34, 40-44, 45-49"
ICD-7,7598,177,341,1968,1978,"01-04, 05-09, 10-14, 15-19, 20-24"
ICD-7,5680,156,336,1968,1978,"01-04, 05-09, 15-19, 20-24, 25-29"
ICD-7,7763,22,334,1968,1978,<1
ICD-7,1709,203,333,1968,1978,"01-04, 05-09, 10-14, 15-19, 20-24"
ICD-7,1431,150,329,1968,1978,"15-19, 25-29, 30-34, 40-44, 45-49"
ICD-7,2049,164,327,1968,1978,"01-04, 05-09, 10-14, 15-19, 20-24"
ICD-7,3301,62,325,1968,1978,"01-04, 05-09, 10-14, 15-19, 25-29"
ICD-7,6239,90,319,1968,1978,"30-34, 35-39, 40-44, 45-49, 50-54"
ICD-7,5980,99,316,1968,1978,"25-29, 40-44, 45-49, 50-54, 55-59"
ICD-7,3159,213,315,1968,1978,"01-04, 05-09, 10-14, 15-19, 20-24"
ICD-7,7709,22,315,1968,1978,<1
ICD-7,39,164,312,1968,1978,"01-04, 05-09, 10-14, 15-19, 20-24"
ICD-7,2029,149,309,1968,1978,"01-04, 05-09, 15-19, 20-24, 25-29"
ICD-7,7432,166,309,1968,1978,"01-04, 05-09, 10-14, 15-19, 20-24"
ICD-7,8549,176,309,1968,1978,"05-09, 15-19, 20-24, 25-29, 30-34"
ICD-7,2755,134,308,1968,1978,"40-44, 45-49, 50-54, 55-59, 60-64"
ICD-7,1924,199,307,1968,1978,"01-04, 05-09, 10-14, 15-19, 20-24"
ICD-7,3451,206,306,1968,1978,"01-04, 05-09, 10-14, 15-19, 20-24"
ICD-7,7664,22,305,1968,1978,<1
ICD-7,7202,170,301,1968,1978,"01-04, 05-09, 10-14, 15-19, 20-24"
ICD-7,2839,166,298,1968,1978,"01-04, 05-09, 10-14, 15-19, 20-24"
ICD-7,1488,147,295,1968,1978,"20-24, 35-39, 40-44, 45-49, 50-54"
ICD-7,388,139,293,1968,1978,"01-04, 05-09, 10-14, 15-19, 20-24"
ICD-7,1922,197,291,1968,1978,"01-04, 05-09, 10-14, 15-19, 20-24"
ICD-7,2399,142,288,1968,1978,"05-09, 15-19, 20-24, 35-39, 40-44"
ICD-7,1569,136,287,1968,1978,"30-34, 35-39, 40-44, 45-49, 50-54"
ICD-7,5933,147,286,1968,1978,"01-04, 10-14, 20-24, 30-34, 35-39"
ICD-7,7474,64,285,1968,1978,"01-04, 05-09, 10-14, 15-19, 20-24"
ICD-7,7513,100,284,1968,1978,"01-04, 05-09, 10-14, 15-19, 20-24"
ICD-7,3139,205,283,1968,1978,"01-04, 05-09, 10-14, 15-19, 20-24"
ICD-7,3490,159,283,1968,1978,"01-04, 05-09, 10-14, 20-24, 25-29"
ICD-7,1703,165,282,1968,1978,"05-09, 10-14, 15-19, 20-24, 25-29"
ICD-7,8059,158,282,1968,1978,"01-04, 05-09, 10-14, 15-19, 20-24"
ICD-7,8551,178,278,1968,1978,"01-04, 10-14, 15-19, 20-24, 25-29"
ICD-7,7478,179,278,1968,1978,"01-04, 05-09, 10-14, 15-19, 20-24"
ICD-7,2531,156,277,1968,1978,"01-04, 05-09, 15-19, 20-24, 25-29"
ICD-7,7465,78,277,1968,1978,"01-04, 05-09, 10-14, 15-19, 20-24"
ICD-7,7711,22,276,1968,1978,<1
ICD-7,1468,123,275,1968,1978,"30-34, 40-44, 45-49, 50-54, 55-59"
ICD-7,2869,159,275,1968,1978,"01-04, 05-09, 10-14, 15-19, 20-24"
ICD-7,6259,117,271,1968,1978,"15-19, 20-24, 25-29, 30-34, 35-39"
ICD-7,5152,109,270,1968,1978,"35-39, 40-44, 45-49, 50-54, 55-59"
ICD-7,8981,101,266,1975,1978,"01-04, 05-09, 15-19, 20-24, 25-29"
ICD-7,2552,164,265,1968,1978,"01-04, 05-09, 10-14, 15-19, 20-24"
ICD-7,5640,131,264,1968,1978,"10-14, 15-19, 20-24, 25-29, 30-34"
ICD-7,4469,149,263,1968,1978,"01-04, 10-14, 15-19, 20-24, 25-29"
ICD-7,2539,166,260,1968,1978,"01-04, 05-09, 15-19, 20-24, 25-29"
ICD-7,9060,186,258,1968,1978,"01-04, 05-09, 10-14, 15-19, 20-24"
ICD-7,3065,157,258,1968,1978,"10-14, 15-19, 20-24, 25-29, 30-34"
ICD-7,8999,165,250,1968,1978,"01-04, 05-09, 10-14, 15-19, 20-24"
ICD-7,1724,158,247,1968,1978,"10-14, 20-24, 25-29, 30-34, 35-39"
ICD-7,1173,147,246,1968,1978,"01-04, 05-09, 20-24, 25-29, 30-34"
ICD-7,4443,146,246,1968,1978,"15-19, 30-34, 35-39, 40-44, 45-49"
ICD-7,7508,124,246,1968,1978,"01-04, 15-19, 40-44, 45-49, 50-54"
ICD-7,4462,150,239,1968,1978,"15-19, 20-24, 25-29, 30-34, 35-39"
ICD-7,7476,166,238,1968,1978,"01-04, 05-09, 10-14, 15-19, 20-24"
ICD-7,3480,129,237,1968,1978,"20-24, 30-34, 35-39, 40-44, 45-49"
ICD-7,7349,142,235,1968,1978,"01-04, 10-14, 20-24, 25-29, 30-34"
ICD-7,7439,115,234,1968,1978,"01-04, 05-09, 10-14, 15-19, 20-24"
ICD-7,1739,120,229,1968,1978,"15-19, 35-39, 40-44, 45-49, 50-54"
ICD-7,7339,156,227,1968,1978,"01-04, 05-09, 10-14, 15-19, 20-24"
ICD-7,5909,121,226,1968,1978,"05-09, 15-19, 25-29, 35-39, 40-44"
ICD-7,5349,125,226,1968,1978,"20-24, 35-39, 40-44, 45-49, 50-54"
ICD-7,7719,22,225,1968,1978,<1
ICD-7,2123,117,225,1968,1978,"01-04, 20-24, 25-29, 30-34, 35-39"
ICD-7,1831,88,225,1968,1978,"01-04, 05-09, 25-29, 40-44, 45-49"
ICD-7,8531,158,225,1968,1978,"01-04, 05-09, 10-14, 15-19, 20-24"
ICD-7,3499,130,224,1968,1978,"01-04, 05-09, 10-14, 15-19, 25-29"
ICD-7,82,117,224,1968,1978,"01-04, 05-09, 10-14, 15-19, 20-24"
ICD-7,2113,129,222,1968,1978,"15-19, 20-24, 25-29, 30-34, 35-39"
ICD-7,6821,129,222,1968,1978,"01-04, 05-09, 10-14, 20-24, 30-34"
ICD-7,5779,133,219,1968,1978,"01-04, 15-19, 20-24, 25-29, 30-34"
ICD-7,2690,136,215,1968,1978,"15-19, 20-24, 25-29, 30-34, 35-39"
ICD-7,8539,105,214,1968,1978,"01-04, 10-14, 15-19, 20-24, 25-29"
ICD-7,7472,102,213,1968,1978,"01-04, 05-09, 10-14, 15-19, 20-24"
ICD-7,2259,127,210,1968,1978,"20-24, 25-29, 30-34, 35-39, 40-44"
ICD-7,2732,108,210,1968,1978,"20-24, 25-29, 35-39, 40-44, 45-49"
ICD-7,7611,22,209,1968,1978,<1
ICD-7,5512,118,208,1968,1978,"20-24, 30-34, 40-44, 45-49, 50-54"
ICD-7,1942,151,206,1968,1978,"01-04, 05-09, 10-14, 15-19, 20-24"
ICD-7,2652,74,202,1968,1978,"30-34, 50-54, 55-59, 60-64, 65-69"
ICD-7,5620,104,202,1968,1978,"45-49, 50-54, 55-59, 60-64, 65-69"
ICD-7,2962,113,201,1968,1978,"30-34, 35-39, 40-44, 45-49, 50-54"
ICD-7,7539,91,200,1968,1978,"01-04, 05-09, 10-14, 15-19, 20-24"
ICD-7,1735,78,199,1968,1978,"20-24, 40-44, 45-49, 50-54, 55-59"
ICD-7,5931,126,199,1968,1978,"15-19, 20-24, 25-29, 30-34, 35-39"
ICD-7,5161,105,193,1968,1978,"25-29, 35-39, 40-44, 45-49, 50-54"
ICD-7,3339,112,193,1968,1978,"01-04, 05-09, 10-14, 20-24, 25-29"
ICD-7,7532,83,192,1968,1978,"01-04, 05-09, 10-14, 15-19, 20-24"
ICD-7,4402,99,191,1968,1978,"45-49, 50-54, 55-59, 60-64, 65-69"
ICD-7,3099,61,189,1969,1978,"60-64, 65-69, 70-74, 75-79, 80-84"
ICD-7,5660,121,189,1968,1978,"10-14, 20-24, 25-29, 30-34, 35-39"
ICD-7,2303,107,189,1968,1978,"40-44, 45-49, 50-54, 55-59, 60-64"
ICD-7,8414,99,189,1968,1978,"01-04, 05-09, 10-14, 15-19, 20-24"
ICD-7,2894,129,186,1968,1978,"01-04, 05-09, 10-14, 15-19, 20-24"
ICD-7,2738,116,185,1968,1978,"01-04, 05-09, 10-14, 15-19, 20-24"
ICD-7,7483,47,183,1968,1978,"01-04, 05-09, 10-14, 25-29, 60-64"
ICD-7,3048,78,179,1968,1978,"01-04, 15-19, 20-24, 25-29, 30-34"
ICD-7,941,108,178,1968,1978,"25-29, 35-39, 40-44, 45-49, 50-54"
ICD-7,5030,138,178,1968,1978,"01-04, 05-09, 10-14, 15-19, 20-24"
ICD-7,5639,101,175,1968,1978,"01-04, 05-09, 15-19, 30-34, 35-39"
ICD-7,2959,127,174,1968,1978,"15-19, 20-24, 25-29, 30-34, 35-39"
ICD-7,4359,95,172,1968,1978,"10-14, 30-34, 35-39, 40-44, 45-49"
ICD-7,3042,93,171,1968,1978,"15-19, 20-24, 25-29, 30-34, 35-39"
ICD-7,2949,85,170,1968,1978,"30-34, 35-39, 50-54, 55-59, 60-64"
ICD-7,8278,120,168,1968,1978,"01-04, 05-09, 10-14, 15-19, 20-24"
ICD-7,7161,113,168,1968,1978,"05-09, 10-14, 25-29, 30-34, 35-39"
ICD-7,399,109,167,1968,1978,"01-04, 05-09, 10-14, 15-19, 20-24"
ICD-7,2301,97,166,1968,1978,"40-44, 45-49, 50-54, 55-59, 60-64"
ICD-7,7515,57,163,1968,1978,"01-04, 05-09, 10-14, 15-19, 20-24"
ICD-7,7623,22,163,1968,1978,<1
ICD-7,4822,110,162,1968,1978,"01-04, 05-09, 10-14, 15-19, 20-24"
ICD-7,2409,91,160,1968,1978,"35-39, 40-44, 45-49, 50-54, 55-59"
ICD-7,7589,36,159,1968,1978,"01-04, 05-09, 10-14, 15-19, 25-29"
ICD-7,7201,115,158,1968,1978,"20-24, 30-34, 35-39, 40-44, 45-49"
ICD-7,8411,49,156,1968,1978,"15-19, 20-24, 25-29, 30-34, 35-39"
ICD-7,1469,105,155,1968,1978,"30-34, 35-39, 40-44, 45-49, 50-54"
ICD-7,8534,107,154,1968,1978,"01-04, 10-14, 15-19, 20-24, 25-29"
ICD-7,7568,31,152,1968,1978,"01-04, 15-19, 40-44, 50-54, 55-59"
ICD-7,2759,102,147,1968,1978,"20-24, 25-29, 35-39, 40-44, 50-54"
ICD-7,1413,104,147,1968,1978,"35-39, 40-44, 45-49, 50-54, 55-59"
ICD-7,7565,54,146,1968,1978,"01-04, 05-09, 10-14, 15-19, 20-24"
ICD-7,6959,102,145,1968,1978,"01-04, 20-24, 25-29, 30-34, 35-39"
ICD-7,91,98,145,1968,1978,"01-04, 05-09, 15-19, 25-29, 40-44"
ICD-7,5519,101,145,1968,1978,"01-04, 10-14, 35-39, 40-44, 45-49"
ICD-7,7588,53,144,1968,1978,"01-04, 15-19, 35-39, 40-44, 45-49"
ICD-7,7434,115,143,1968,1978,"01-04, 05-09, 10-14, 15-19, 20-24"
ICD-7,7512,31,142,1968,1978,"01-04, 05-09, 50-54, 60-64, <1"
ICD-7,2825,95,141,1968,1978,"01-04, 05-09, 10-14, 15-19, 20-24"
ICD-7,8041,110,140,1968,1978,"01-04, 05-09, 10-14, 15-19, 20-24"
ICD-7,5361,112,140,1968,1978,"01-04, 10-14, 15-19, 20-24, 25-29"
ICD-7,2532,102,140,1968,1978,"15-19, 20-24, 30-34, 35-39, 40-44"
ICD-7,8413,45,135,1969,1977,"05-09, 10-14, 15-19, 20-24, 25-29"
ICD-7,4431,95,134,1968,1978,"20-24, 30-34, 35-39, 40-44, 45-49"
ICD-7,4829,95,134,1968,1978,"01-04, 15-19, 20-24, 25-29, 30-34"
ICD-7,2958,94,133,1968,1978,"20-24, 25-29, 30-34, 35-39, 40-44"
ICD-7,6961,91,130,1968,1978,"15-19, 20-24, 35-39, 40-44, 45-49"
ICD-7,4461,98,130,1968,1978,"10-14, 15-19, 20-24, 25-29, 30-34"
ICD-7,2114,85,129,1968,1978,"40-44, 45-49, 50-54, 55-59, 60-64"
ICD-7,2580,87,129,1968,1978,"01-04, 10-14, 15-19, 20-24, 25-29"
ICD-7,7729,22,127,1968,1978,<1
ICD-7,7179,82,126,1968,1978,"25-29, 40-44, 45-49, 50-54, 55-59"
ICD-7,2419,80,126,1968,1978,"35-39, 40-44, 45-49, 50-54, 55-59"
ICD-7,3811,102,124,1968,1978,"01-04, 05-09, 10-14, 15-19, 20-24"
ICD-7,7533,89,124,1968,1978,"01-04, 05-09, 15-19, 20-24, 25-29"
ICD-7,4403,87,124,1968,1978,"40-44, 45-49, 50-54, 55-59, 60-64"
ICD-7,8985,54,123,1975,1978,"01-04, 05-09, 10-14, 20-24, 25-29"
ICD-7,2112,95,122,1968,1978,"01-04, 10-14, 15-19, 25-29, 30-34"
ICD-7,179,95,120,1968,1978,"15-19, 20-24, 25-29, 30-34, 35-39"
ICD-7,8403,52,119,1968,1972,"01-04, 05-09, 10-14, 15-19, 20-24"
ICD-7,4480,89,119,1968,1978,"05-09, 10-14, 20-24, 30-34, 35-39"
ICD-7,2391,92,118,1968,1978,"01-04, 05-09, 10-14, 15-19, 20-24"
ICD-7,2376,73,117,1968,1978,"50-54, 55-59, 60-64, 65-69, 70-74"
ICD-7,3049,60,117,1968,1978,"15-19, 20-24, 25-29, 30-34, 35-39"
ICD-7,2460,82,117,1968,1978,"30-34, 35-39, 40-44, 45-49, 50-54"
ICD-7,7669,22,115,1968,1978,<1
ICD-7,3331,79,113,1968,1978,"01-04, 05-09, 10-14, 15-19, 20-24"
ICD-7,7514,58,113,1968,1978,"01-04, 05-09, 10-14, 15-19, 20-24"
ICD-7,949,72,113,1968,1978,"40-44, 45-49, 50-54, 55-59, 60-64"
ICD-7,6829,87,113,1968,1978,"01-04, 10-14, 15-19, 20-24, 25-29"
ICD-7,7564,43,111,1968,1978,"01-04, 25-29, 30-34, 35-39, 45-49"
ICD-7,7536,54,109,1968,1978,"01-04, 05-09, 10-14, 15-19, 20-24"
ICD-7,1439,84,108,1968,1978,"05-09, 15-19, 20-24, 25-29, 40-44"
ICD-7,339,32,107,1968,1978,"01-04, 05-09, <1"
ICD-7,2315,87,107,1968,1978,"01-04, 05-09, 10-14, 20-24, 30-34"
ICD-7,2111,72,106,1968,1978,"30-34, 35-39, 40-44, 50-54, 55-59"
ICD-7,2751,78,105,1968,1978,"01-04, 05-09, 10-14, 15-19, 20-24"
ICD-7,8260,85,104,1968,1978,"01-04, 05-09, 10-14, 15-19, 20-24"
ICD-7,5641,65,102,1968,1978,"05-09, 30-34, 45-49, 50-54, 55-59"
ICD-7,6869,82,101,1968,1978,"01-04, 20-24, 25-29, 30-34, 35-39"
ICD-7,7622,21,101,1968,1978,<1
ICD-7,7684,22,100,1968,1978,<1
ICD-7,7121,72,100,1968,1978,"30-34, 45-49, 50-54, 55-59, 60-64"
ICD-7,5259,79,98,1968,1978,"01-04, 05-09, 10-14, 15-19, 20-24"
ICD-7,8079,67,97,1968,1978,"15-19, 20-24, 25-29, 30-34, 35-39"
ICD-7,2728,76,96,1968,1978,"01-04, 05-09, 10-14, 15-19, 20-24"
ICD-7,6349,50,94,1968,1978,"15-19, 20-24, 25-29, 30-34, 35-39"
ICD-7,4401,68,91,1968,1978,"10-14, 20-24, 25-29, 35-39, 45-49"
ICD-7,6951,81,91,1968,1978,"01-04, 05-09, 10-14, 15-19, 20-24"
ICD-7,459,72,88,1968,1978,"01-04, 05-09, 10-14, 20-24, 25-29"
ICD-7,6954,70,88,1968,1978,"05-09, 10-14, 20-24, 25-29, 30-34"
ICD-7,2305,70,87,1968,1978,"05-09, 45-49, 50-54, 55-59, 60-64"
ICD-7,2373,68,87,1968,1978,"30-34, 40-44, 50-54, 55-59, 60-64"
ICD-7,750,65,86,1968,1978,"01-04, 05-09, 10-14, 15-19, 20-24"
ICD-7,1943,78,85,1968,1978,"05-09, 15-19, 20-24, 25-29, 30-34"
ICD-7,8986,62,85,1975,1978,"01-04, 05-09, 10-14, 15-19, 20-24"
ICD-7,1921,68,84,1968,1978,"10-14, 15-19, 20-24, 30-34, 35-39"
ICD-7,2421,60,84,1968,1978,"45-49, 50-54, 55-59, 60-64, 65-69"
ICD-7,5935,79,84,1968,1978,"01-04, 05-09, 10-14, 15-19, 20-24"
ICD-7,193,72,83,1968,1978,"15-19, 20-24, 25-29, 30-34, 35-39"
ICD-7,2638,52,81,1968,1978,"25-29, 50-54, 55-59, 60-64, 65-69"
ICD-7,7563,61,81,1968,1978,"01-04, 05-09, 10-14, 15-19, 20-24"
ICD-7,7596,68,79,1968,1978,"01-04, 05-09, 10-14, 15-19, 20-24"
ICD-7,1975,58,77,1968,1978,"35-39, 40-44, 45-49, 50-54, 55-59"
ICD-7,6315,37,73,1968,1978,"15-19, 20-24, 25-29, 30-34, 35-39"
ICD-7,8058,61,73,1968,1978,"05-09, 10-14, 15-19, 20-24, 25-29"
ICD-7,2384,62,72,1968,1978,"01-04, 05-09, 15-19, 25-29, 35-39"
ICD-7,2255,61,72,1968,1978,"01-04, 20-24, 30-34, 35-39, 40-44"
ICD-7,9860,55,71,1968,1978,"01-04, 05-09, 15-19, 20-24, 25-29"
ICD-7,7639,21,70,1968,1978,<1
ICD-7,8559,63,70,1968,1978,"01-04, 15-19, 20-24, 25-29, 30-34"
ICD-7,2261,61,70,1968,1978,"01-04, 20-24, 25-29, 30-34, 35-39"
ICD-7,7783,19,69,1968,1978,<1
ICD-7,7284,52,68,1968,1978,"30-34, 40-44, 45-49, 50-54, 55-59"
ICD-7,7613,25,67,1968,1978,"01-04, 10-14, <1"
ICD-7,1722,61,67,1968,1978,"20-24, 30-34, 35-39, 40-44, 45-49"
ICD-7,2879,60,67,1968,1978,"10-14, 20-24, 30-34, 35-39, 40-44"
ICD-7,1731,55,66,1968,1978,"40-44, 45-49, 50-54, 55-59, 60-64"
ICD-7,2253,55,66,1968,1978,"05-09, 20-24, 25-29, 40-44, 45-49"
ICD-7,171,54,66,1968,1978,"01-04, 15-19, 20-24, 25-29, 30-34"
ICD-7,7485,25,65,1968,1978,"20-24, 25-29, 60-64, 65-69, <1"
ICD-7,5649,54,65,1968,1978,"01-04, 10-14, 20-24, 25-29, 35-39"
ICD-7,2307,54,64,1968,1978,"30-34, 40-44, 45-49, 50-54, 55-59"
ICD-7,7566,45,63,1968,1978,"01-04, 05-09, 20-24, 25-29, 35-39"
ICD-7,1708,56,63,1968,1978,"05-09, 10-14, 15-19, 20-24, 25-29"
ICD-7,6929,55,63,1968,1978,"15-19, 20-24, 25-29, 30-34, 35-39"
ICD-7,3839,57,62,1968,1978,"01-04, 05-09, 10-14, 15-19, 20-24"
ICD-7,7259,56,62,1968,1978,"15-19, 20-24, 30-34, 35-39, 40-44"
ICD-7,8554,57,62,1968,1978,"01-04, 10-14, 15-19, 20-24, 25-29"
ICD-7,2263,55,61,1968,1978,"01-04, 05-09, 10-14, 15-19, 20-24"
ICD-7,2708,41,61,1968,1978,"01-04, 05-09, 10-14, 15-19, 20-24"
ICD-7,4464,56,60,1968,1978,"15-19, 20-24, 25-29, 30-34, 35-39"
ICD-7,7501,22,60,1968,1978,"01-04, 15-19, 50-54, <1"
ICD-7,6075,43,60,1968,1978,"05-09, 25-29, 40-44, 45-49, 50-54"
ICD-7,2718,42,60,1968,1978,"01-04, 05-09, 10-14, 15-19, 20-24"
ICD-7,2969,49,59,1968,1978,"30-34, 40-44, 45-49, 50-54, 55-59"
ICD-7,6616,38,59,1968,1978,"15-19, 20-24, 25-29, 30-34, 35-39"
ICD-7,2102,53,58,1968,1978,"35-39, 45-49, 50-54, 55-59, 60-64"
ICD-7,7619,22,58,1968,1978,<1
ICD-7,199,52,57,1968,1978,"20-24, 25-29, 30-34, 40-44, 45-49"
ICD-7,2858,44,57,1968,1978,"05-09, 40-44, 45-49, 50-54, 55-59"
ICD-7,3041,34,57,1969,1978,"15-19, 20-24, 25-29, 30-34, 35-39"
ICD-7,8541,47,56,1968,1978,"15-19, 20-24, 25-29, 30-34, 35-39"
ICD-7,7674,19,56,1968,1978,<1
ICD-7,382,52,56,1968,1978,"01-04, 05-09, 10-14, 15-19, 25-29"
ICD-7,5518,51,56,1968,1978,"35-39, 40-44, 45-49, 50-54, 55-59"
ICD-7,7149,44,55,1968,1978,"45-49, 55-59, 60-64, 65-69, 70-74"
ICD-7,1878,46,54,1968,1978,"15-19, 20-24, 25-29, 35-39, 45-49"
ICD-7,2306,47,54,1968,1978,"30-34, 35-39, 45-49, 50-54, 55-59"
ICD-7,7558,31,54,1968,1978,"01-04, 05-09, 15-19, 30-34, <1"
ICD-7,1948,51,54,1968,1978,"10-14, 20-24, 30-34, 35-39, 40-44"
ICD-7,4219,46,54,1968,1978,"15-19, 20-24, 30-34, 45-49, 50-54"
ICD-7,7180,39,54,1968,1978,"20-24, 40-44, 45-49, 50-54, 55-59"
ICD-7,2979,41,53,1968,1978,"55-59, 60-64, 65-69, 70-74, 75-79"
ICD-7,6822,45,52,1968,1978,"01-04, 25-29, 35-39, 45-49, 50-54"
ICD-7,5369,48,52,1968,1978,"01-04, 05-09, 15-19, 40-44, 45-49"
ICD-7,4570,43,50,1968,1978,"05-09, 15-19, 40-44, 45-49, 55-59"
ICD-7,2550,44,50,1968,1978,"01-04, 05-09, 45-49, 50-54, 55-59"
ICD-7,795,35,50,1968,1978,"01-04, 05-09, 25-29, 40-44, 45-49"
ICD-7,2731,45,50,1968,1978,"05-09, 10-14, 15-19, 20-24, 25-29"
ICD-7,6825,38,49,1968,1978,"25-29, 40-44, 45-49, 50-54, 60-64"
ICD-7,8381,45,49,1968,1978,"15-19, 20-24, 25-29, 30-34, 35-39"
ICD-7,2824,43,49,1968,1978,"01-04, 05-09, 10-14, 15-19, 20-24"
ICD-7,4821,44,48,1968,1978,"01-04, 05-09, 10-14, 15-19, 25-29"
ICD-7,6253,32,48,1968,1978,"30-34, 35-39, 40-44, 45-49, 50-54"
ICD-7,2254,42,47,1968,1978,"10-14, 25-29, 40-44, 45-49, 50-54"
ICD-7,3302,33,47,1968,1977,"01-04, 05-09, 10-14, 15-19, 20-24"
ICD-7,8670,45,46,1969,1978,"01-04, 05-09, 10-14, 15-19, 20-24"
ICD-7,8599,44,46,1968,1978,"01-04, 15-19, 20-24, 25-29, 30-34"
ICD-7,43,38,45,1968,1978,"01-04, 05-09, 15-19, 20-24, 40-44"
ICD-7,8424,37,45,1968,1978,"15-19, 20-24, 25-29, 30-34, 35-39"
ICD-7,9070,39,45,1968,1978,"05-09, 10-14, 15-19, 20-24, 25-29"
ICD-7,1639,39,45,1968,1978,"25-29, 40-44, 45-49, 50-54, 55-59"
ICD-7,2309,39,44,1968,1978,"50-54, 55-59, 60-64, 65-69, 70-74"
ICD-7,2811,35,44,1968,1978,"45-49, 55-59, 60-64, 65-69, 70-74"
ICD-7,3043,32,42,1968,1978,"15-19, 20-24, 25-29, 30-34, 40-44"
ICD-7,2268,38,42,1968,1978,"01-04, 20-24, 30-34, 35-39, 40-44"
ICD-7,6262,29,41,1968,1978,"25-29, 30-34, 35-39, 40-44, 45-49"
ICD-7,8011,19,41,1975,1975,"15-19, 20-24, 25-29, 30-34, 35-39"
ICD-7,2952,37,40,1968,1978,"15-19, 25-29, 30-34, 35-39, 40-44"
ICD-7,6079,34,40,1968,1978,"30-34, 45-49, 50-54, 55-59, 60-64"
ICD-7,2733,35,40,1968,1978,"01-04, 05-09, 10-14, 15-19, 20-24"
ICD-7,970,33,39,1968,1978,"50-54, 55-59, 60-64, 65-69, 70-74"
ICD-7,7708,16,39,1970,1978,<1
ICD-7,7519,26,38,1968,1978,"01-04, 05-09, 15-19, 30-34, 50-54"
ICD-7,5273,31,38,1968,1978,"25-29, 40-44, 55-59, 60-64, 65-69"
ICD-7,6409,29,38,1968,1978,"15-19, 20-24, 25-29, 30-34, 35-39"
ICD-7,6539,28,37,1968,1977,"15-19, 20-24, 25-29, 30-34, 35-39"
ICD-7,3759,28,37,1968,1978,"55-59, 70-74, 75-79, 80-84, 85+"
ICD-7,2982,29,37,1968,1978,"60-64, 65-69, 70-74, 75-79, 80-84"
ICD-7,2304,33,37,1968,1978,"40-44, 45-49, 50-54, 55-59, 60-64"
ICD-7,6379,27,37,1968,1978,"15-19, 20-24, 25-29, 30-34, 35-39"
ICD-7,1849,33,37,1968,1978,"01-04, 20-24, 30-34, 45-49, 50-54"
ICD-7,7492,18,37,1968,1978,"01-04, 20-24, <1"
ICD-7,7602,13,36,1968,1978,<1
ICD-7,7535,27,36,1968,1978,"01-04, 10-14, 15-19, 20-24, 30-34"
ICD-7,8571,31,35,1969,1977,"01-04, 50-54, 55-59, 60-64, 65-69"
ICD-7,6861,34,35,1968,1977,"01-04, 05-09, 10-14, 15-19, 25-29"
ICD-7,7569,21,35,1968,1978,"01-04, 10-14, 15-19, 35-39, <1"
ICD-7,2302,32,35,1968,1978,"40-44, 50-54, 55-59, 60-64, 65-69"
ICD-7,2115,30,34,1968,1978,"35-39, 45-49, 55-59, 60-64, 65-69"
ICD-7,2560,30,34,1968,1977,"15-19, 20-24, 25-29, 35-39, 45-49"
ICD-7,1944,31,34,1968,1978,"01-04, 05-09, 10-14, 15-19, 20-24"
ICD-7,8513,33,34,1968,1978,"01-04, 15-19, 20-24, 30-34, 35-39"
ICD-7,6299,29,34,1968,1978,"30-34, 35-39, 50-54, 55-59, 60-64"
ICD-7,3580,31,34,1969,1978,"25-29, 30-34, 50-54, 55-59, 60-64"
ICD-7,3453,33,34,1968,1978,"01-04, 05-09, 10-14, 25-29, 30-34"
ICD-7,6429,20,33,1968,1975,"10-14, 15-19, 20-24, 25-29, 30-34"
ICD-7,83,28,33,1968,1977,"01-04, 05-09, 15-19, 50-54, 55-59"
ICD-7,2703,25,33,1968,1978,"01-04, 05-09, 10-14, <1"
ICD-7,742,22,33,1968,1978,"01-04, 05-09, 10-14, 25-29, 50-54"
ICD-7,8690,32,32,1968,1978,"01-04, 10-14, 15-19, 20-24, 25-29"
ICD-7,7749,13,31,1968,1977,<1
ICD-7,6221,26,31,1968,1978,"50-54, 55-59, 60-64, 65-69, 70-74"
ICD-7,6298,25,31,1968,1978,"40-44, 65-69, 70-74, 75-79, 80-84"
ICD-7,6576,23,30,1968,1978,"15-19, 20-24, 25-29, 30-34, 35-39"
ICD-7,8448,25,30,1968,1978,"15-19, 20-24, 25-29, 30-34, 35-39"
ICD-7,3789,27,30,1968,1978,"01-04, 10-14, 25-29, 35-39, 40-44"
ICD-7,7689,16,29,1968,1978,<1
ICD-7,9050,26,29,1968,1978,"05-09, 20-24, 30-34, 35-39, 40-44"
ICD-7,3321,27,29,1968,1978,"05-09, 10-14, 35-39, 45-49, 50-54"
ICD-7,6159,23,28,1968,1978,"20-24, 25-29, 30-34, 35-39, 40-44"
ICD-7,8371,20,28,1968,1977,"15-19, 20-24, 25-29, 30-34, 35-39"
ICD-7,2116,27,28,1968,1978,"35-39, 40-44, 45-49, 50-54, 55-59"
ICD-7,1941,27,28,1968,1978,"25-29, 30-34, 35-39, 40-44, 45-49"
ICD-7,2961,27,28,1968,1978,"25-29, 30-34, 40-44, 45-49, 55-59"
ICD-7,7251,27,28,1968,1978,"15-19, 25-29, 35-39, 45-49, 50-54"
ICD-7,7538,15,28,1968,1978,"10-14, 15-19, 20-24, 25-29, <1"
ICD-7,7595,20,27,1968,1978,"01-04, 05-09, 15-19, 35-39, 40-44"
ICD-7,8361,25,27,1968,1978,"15-19, 20-24, 25-29, 30-34, 35-39"
ICD-7,8380,25,27,1968,1978,"01-04, 05-09, 10-14, 15-19, 20-24"
ICD-7,8984,23,27,1975,1978,"01-04, 05-09, 20-24, 25-29, 40-44"
ICD-7,1174,22,26,1968,1977,"30-34, 45-49, 50-54, 55-59, 60-64"
ICD-7,2121,25,26,1968,1977,"01-04, 05-09, 10-14, 20-24, 40-44"
ICD-7,7679,14,26,1968,1977,<1
ICD-7,6319,16,25,1968,1978,"20-24, 25-29, 30-34, 35-39, 40-44"
ICD-7,1309,22,25,1968,1977,"01-04, 10-14, 15-19, 20-24, 30-34"
ICD-7,6519,19,25,1968,1978,"15-19, 20-24, 25-29, 30-34, 35-39"
ICD-7,3919,24,25,1968,1978,"01-04, 05-09, 10-14, 15-19, 25-29"
ICD-7,2311,23,25,1968,1978,"40-44, 50-54, 55-59, 60-64, 65-69"
ICD-7,2736,17,25,1968,1977,"01-04, 05-09, 85+, <1"
ICD-7,4569,22,24,1968,1977,"01-04, 10-14, 55-59, 60-64, 65-69"
ICD-7,8404,17,24,1968,1978,"25-29, 30-34, 35-39, 40-44, 45-49"
ICD-7,8402,16,24,1968,1977,"20-24, 25-29, 30-34, 35-39, 40-44"
ICD-7,7509,17,24,1968,1978,"01-04, 05-09, 25-29, <1"
ICD-7,1179,23,24,1968,1978,"35-39, 45-49, 50-54, 55-59, 60-64"
ICD-7,2702,22,24,1968,1978,"01-04, 05-09, 10-14, 15-19, 20-24"
ICD-7,7331,23,23,1968,1978,"01-04, 05-09, 15-19, 20-24, 40-44"
ICD-7,3791,19,23,1968,1978,"01-04, 60-64, 70-74, 75-79, 80-84"
ICD-7,8051,21,23,1968,1978,"15-19, 20-24, 30-34, 35-39, 50-54"
ICD-7,8983,21,23,1975,1978,"01-04, 30-34, 60-64, 65-69, 70-74"
ICD-7,7654,13,23,1969,1977,<1
ICD-7,8412,18,23,1969,1977,"15-19, 20-24, 25-29, 30-34, 35-39"
ICD-7,8383,18,22,1968,1975,"20-24, 25-29, 30-34, 35-39, 40-44"
ICD-7,2639,22,22,1968,1978,"30-34, 40-44, 45-49, 50-54, 55-59"
ICD-7,3329,22,22,1968,1978,"05-09, 20-24, 35-39, 40-44, 45-49"
ICD-7,8564,20,21,1968,1978,"01-04, 05-09, 10-14, 15-19, 20-24"
ICD-7,8021,17,21,1969,1974,"10-14, 15-19, 20-24, 25-29, 30-34"
ICD-7,88,17,21,1968,1978,"01-04, 05-09, 10-14, 15-19, 55-59"
ICD-7,9890,20,21,1969,1978,"01-04, 20-24, 30-34, 55-59, 60-64"
ICD-7,3009,21,21,1968,1977,"01-04, 30-34, 35-39, 45-49, 50-54"
ICD-7,8508,20,21,1968,1978,"01-04, 15-19, 20-24, 35-39, 40-44"
ICD-7,8991,18,21,1975,1978,"01-04, 05-09, 30-34, 45-49, 50-54"
ICD-7,6599,15,20,1968,1978,"20-24, 25-29, 30-34, 35-39, 40-44"
ICD-7,2953,19,20,1969,1978,"25-29, 35-39, 55-59, 60-64, 65-69"
ICD-7,979,19,20,1968,1978,"45-49, 50-54, 55-59, 60-64, 65-69"
ICD-7,129,19,20,1968,1977,"15-19, 20-24, 35-39, 40-44, 45-49"
ICD-7,2321,19,20,1968,1978,"10-14, 15-19, 25-29, 45-49, 50-54"
ICD-7,6439,16,19,1968,1977,"15-19, 20-24, 25-29, 30-34, 35-39"
ICD-7,6161,18,19,1968,1978,"35-39, 40-44, 45-49, 60-64, 65-69"
ICD-7,9690,19,19,1968,1978,"01-04, 05-09, 15-19, 30-34, 35-39"
ICD-7,8388,16,18,1968,1977,"05-09, 10-14, 20-24, 30-34, 35-39"
ICD-7,792,18,18,1969,1978,"01-04, 05-09, 10-14, 25-29, 50-54"
ICD-7,139,18,18,1968,1977,"01-04, 20-24, 30-34, 35-39, 45-49"
ICD-7,2893,16,18,1968,1978,"40-44, 50-54, 55-59, 65-69, 70-74"
ICD-7,3879,18,18,1969,1978,"15-19, 40-44, 45-49, 50-54, 55-59"
ICD-7,7534,16,18,1968,1978,"01-04, 05-09, 40-44, 45-49, 50-54"
ICD-7,7557,15,18,1968,1977,"15-19, 25-29, 30-34, 50-54, 60-64"
ICD-7,49,18,18,1968,1978,"01-04, 05-09, 10-14, 50-54, 55-59"
ICD-7,1209,16,17,1968,1978,"15-19, 20-24, 25-29, 30-34, 35-39"
ICD-7,7780,11,17,1969,1978,<1
ICD-7,2640,15,17,1968,1978,"50-54, 60-64, 65-69, 75-79, 80-84"
ICD-7,849,16,17,1968,1978,"15-19, 25-29, 35-39, 40-44, 45-49"
ICD-7,2125,16,17,1968,1977,"15-19, 20-24, 30-34, 40-44, 45-49"
ICD-7,4350,14,17,1968,1978,"45-49, 55-59, 65-69, 70-74, 75-79"
ICD-7,8555,17,17,1968,1977,"01-04, 10-14, 15-19, 30-34, 40-44"
ICD-7,2168,17,17,1968,1978,"01-04, 25-29, 35-39, 45-49, 50-54"
ICD-7,3831,17,17,1969,1978,"05-09, 10-14, 15-19, 20-24, 25-29"
ICD-7,3460,17,17,1968,1978,"10-14, 40-44, 45-49, 50-54, 55-59"
ICD-7,2117,17,17,1968,1978,"35-39, 40-44, 55-59, 60-64, 65-69"
ICD-7,369,17,17,1968,1978,"01-04, 10-14, 25-29, 50-54, 55-59"
ICD-7,2754,15,16,1968,1978,"25-29, 40-44, 45-49, 50-54, 55-59"
ICD-7,2739,15,16,1968,1978,"01-04, 05-09, 10-14, 15-19, <1"
ICD-7,1721,15,16,1968,1978,"45-49, 50-54, 55-59, 60-64, 65-69"
ICD-7,6739,14,16,1968,1978,"20-24, 25-29, 30-34"
ICD-7,8401,11,16,1969,1977,"20-24, 25-29, 30-34, 35-39, 40-44"
ICD-7,6119,16,16,1969,1978,"25-29, 45-49, 50-54, 60-64, 65-69"
ICD-7,5050,13,15,1970,1977,"20-24, 45-49, 50-54, 60-64, 65-69"
ICD-7,8061,14,15,1968,1978,"10-14, 15-19, 20-24, 25-29, 30-34"
ICD-7,2729,15,15,1968,1978,"01-04, 05-09, 10-14, 15-19, 20-24"
ICD-7,5280,14,15,1968,1975,"55-59, 60-64, 65-69, 75-79, 80-84"
ICD-7,7488,13,15,1969,1978,"01-04, 45-49, <1"
ICD-7,1229,15,15,1968,1978,"20-24, 25-29, 30-34, 35-39, 40-44"
ICD-7,8049,15,15,1969,1977,"10-14, 20-24, 25-29, 35-39, 40-44"
ICD-7,7963,15,15,1969,1977,"15-19, 20-24, 30-34, 40-44, 45-49"
ICD-7,3829,15,15,1968,1977,"01-04, 05-09, 15-19, 20-24, 25-29"
ICD-7,5289,14,14,1968,1978,"55-59, 60-64, 70-74, 75-79, 80-84"
ICD-7,7722,13,14,1968,1978,<1
ICD-7,7518,10,14,1969,1975,"01-04, 05-09, <1"
ICD-7,2669,13,14,1968,1978,"50-54, 60-64, 65-69, 70-74, 75-79"
ICD-7,2932,13,14,1970,1977,"10-14, 15-19, 20-24, 25-29, 30-34"
ICD-7,6390,13,14,1968,1978,"15-19, 25-29, 30-34, 35-39"
ICD-7,8562,13,14,1968,1978,"15-19, 20-24, 25-29, 30-34, 35-39"
ICD-7,7433,14,14,1969,1978,"01-04, 05-09, 45-49, 55-59, 65-69"
ICD-7,6341,10,14,1968,1977,"15-19, 20-24, 25-29, 30-34, 35-39"
ICD-7,2319,14,14,1968,1978,"40-44, 45-49, 55-59, 60-64, 65-69"
ICD-7,1974,13,13,1968,1977,"50-54, 60-64, 65-69, 70-74, 75-79"
ICD-7,6779,12,13,1968,1977,"15-19, 20-24, 25-29, 30-34, 35-39"
ICD-7,2256,12,13,1970,1978,"01-04, 05-09, 20-24, 30-34, 45-49"
ICD-7,2734,11,13,1968,1977,"25-29, 55-59, <1"
ICD-7,5283,13,13,1968,1978,"20-24, 45-49, 60-64, 65-69, 70-74"
ICD-7,8040,11,13,1968,1976,"45-49, 50-54, 55-59, 60-64, 70-74"
ICD-7,6152,13,13,1968,1978,"20-24, 30-34, 40-44, 45-49, 55-59"
ICD-7,8982,12,13,1975,1978,"01-04, 65-69, 70-74, 75-79, 80-84"
ICD-7,2872,12,13,1968,1977,"55-59, 60-64, 65-69, 70-74, 75-79"
ICD-7,798,13,13,1968,1977,"01-04, 05-09, 35-39, 65-69, 70-74"
ICD-7,2931,11,13,1969,1978,"70-74, 75-79, 80-84, 85+"
ICD-7,7289,13,13,1968,1977,"15-19, 35-39, 40-44, 60-64, 65-69"
ICD-7,8031,10,12,1978,1978,"15-19, 25-29, 35-39, 40-44, 45-49"
ICD-7,9470,12,12,1968,1978,"20-24, 25-29, 45-49, 50-54, 55-59"
ICD-7,8979,12,12,1968,1978,"05-09, 20-24, 25-29, 50-54, 55-59"
ICD-7,7781,10,12,1968,1975,<1
ICD-7,904,12,12,1970,1978,"10-14, 20-24, 25-29, 30-34, 40-44"
ICD-7,6529,11,12,1968,1978,"20-24, 25-29, 30-34, 35-39, 45-49"
ICD-7,9490,12,12,1968,1978,"01-04, 05-09, 10-14, 35-39, 50-54"
ICD-7,1009,12,12,1969,1978,"01-04, 35-39, 40-44, 45-49, 50-54"
ICD-7,6269,12,12,1969,1975,"35-39, 40-44, 45-49, 50-54, 55-59"
ICD-7,6267,12,12,1969,1977,"45-49, 50-54, 65-69, 70-74, 75-79"
ICD-7,5265,12,12,1974,1977,"45-49, 55-59, 65-69, 70-74, 75-79"
ICD-7,2610,11,12,1968,1978,"50-54, 55-59, 60-64, 65-69, 75-79"
ICD-7,151,12,12,1968,1977,"45-49, 55-59, 60-64, 65-69, 70-74"
ICD-7,6389,11,12,1968,1978,"20-24, 25-29, 30-34, 35-39, 40-44"
ICD-7,2389,12,12,1968,1978,"05-09, 30-34, 35-39, 40-44, 55-59"
ICD-7,7529,10,11,1968,1978,"25-29, <1"
ICD-7,7479,8,11,1968,1978,"40-44, 60-64, 70-74, <1"
ICD-7,7663,8,11,1968,1974,<1
ICD-7,6823,11,11,1968,1978,"65-69, 70-74, 80-84, 85+"
ICD-7,41,10,11,1968,1977,"01-04, 10-14, 15-19, 25-29, 50-54"
ICD-7,8579,10,11,1976,1978,"15-19, 25-29, 30-34, 45-49, 55-59"
ICD-7,2650,11,11,1969,1978,"01-04, 05-09, 15-19, 75-79, 80-84"
ICD-7,158,11,11,1968,1977,"15-19, 40-44, 60-64, 65-69, 70-74"
ICD-7,7556,10,11,1968,1977,"01-04, 05-09, 45-49, 60-64, 75-79"
ICD-7,5225,11,11,1969,1978,"20-24, 30-34, 35-39, 40-44, 55-59"
ICD-7,6556,11,11,1968,1977,"20-24, 25-29, 30-34, 35-39"
ICD-7,6516,10,11,1968,1978,"25-29, 30-34, 35-39, 40-44"
ICD-7,8525,10,11,1968,1978,"01-04, 20-24, 75-79"
ICD-7,1705,10,10,1968,1977,"15-19, 20-24, 65-69, 70-74, 75-79"
ICD-7,5934,10,10,1969,1978,"30-34, 60-64, 65-69, 75-79, 80-84"
ICD-7,8552,10,10,1969,1978,"01-04, 15-19, 20-24, 30-34, 35-39"
ICD-7,8969,9,10,1969,1975,"30-34, 40-44, 45-49, 50-54, 55-59"
ICD-7,9090,10,10,1969,1977,"10-14, 65-69, 70-74, 75-79, 80-84"
ICD-7,6928,8,10,1968,1973,"01-04, 15-19, 45-49, 60-64, 65-69"
ICD-7,8441,7,10,1968,1976,"15-19, 20-24, 25-29, 30-34, 40-44"
ICD-7,8060,9,10,1968,1977,"20-24, 25-29, 40-44, 45-49, 55-59"
ICD-7,3319,10,10,1968,1978,"05-09, 10-14, 15-19, 20-24, 55-59"
ICD-7,2312,10,10,1969,1978,"15-19, 20-24, 50-54, 65-69, 70-74"
ICD-7,2670,10,10,1968,1978,"10-14, 40-44, 60-64, 70-74, 75-79"
ICD-7,7438,10,10,1969,1978,"01-04, 20-24, 25-29, <1"
ICD-7,6609,9,10,1970,1977,"15-19, 20-24, 25-29, 30-34, 45-49"
ICD-7,8419,7,10,1971,1978,"01-04, 10-14, 35-39, 40-44, 50-54"
ICD-7,8597,10,10,1969,1978,"40-44, 45-49, 55-59, 65-69, 80-84"
ICD-7,6566,9,10,1968,1975,"25-29, 30-34, 35-39, 40-44, 45-49"
ICD-7,8980,10,10,1976,1978,"01-04, 20-24, 45-49, 65-69, 75-79"
ICD-7,2704,9,10,1968,1978,"01-04, 05-09, <1"
ICD-7,69,8,9,1968,1978,"10-14, 30-34, 45-49, 50-54, 60-64"
ICD-7,7631,9,9,1968,1978,<1
ICD-7,2581,8,9,1969,1978,"01-04, 45-49, 50-54, 60-64, 65-69"
ICD-7,1848,8,9,1968,1977,"45-49, 50-54, 60-64, 65-69, 80-84"
ICD-7,8522,9,9,1971,1978,"01-04, 25-29, 55-59, 65-69, 70-74"
ICD-7,7555,9,9,1968,1978,"05-09, 15-19, 60-64, 65-69, <1"
ICD-7,5290,9,9,1968,1978,"01-04, 25-29, 40-44, 70-74, 75-79"
ICD-7,3055,9,9,1969,1978,"01-04, 05-09, 15-19, 55-59, 60-64"
ICD-7,5224,9,9,1968,1977,"15-19, 40-44, 55-59, 60-64, 70-74"
ICD-7,8048,9,9,1969,1978,"05-09, 10-14, 15-19, 20-24, 35-39"
ICD-7,7481,8,9,1968,1978,"01-04, 15-19, 20-24, 30-34, <1"
ICD-7,6619,8,9,1968,1977,"20-24, 25-29, 35-39"
ICD-7,8070,8,9,1968,1977,"20-24, 40-44, 45-49, 50-54, 55-59"
ICD-7,7491,7,9,1968,1973,"01-04, <1"
ICD-7,2349,9,9,1969,1977,"40-44, 45-49, 50-54, 55-59, 65-69"
ICD-7,5060,9,9,1968,1978,"55-59, 65-69, 70-74, 80-84, 85+"
ICD-7,6809,7,9,1968,1975,"60-64, 70-74, 75-79, 85+"
ICD-7,2314,9,9,1970,1978,"55-59, 60-64, 65-69, 70-74, 80-84"
ICD-7,3311,8,8,1970,1978,"10-14, 25-29, 30-34, 35-39, 45-49"
ICD-7,8389,8,8,1969,1978,"10-14, 15-19, 25-29, 35-39, 50-54"
ICD-7,3046,7,8,1968,1978,"15-19, 20-24, 25-29, 65-69"
ICD-7,2911,8,8,1969,1978,"55-59, 60-64, 65-69, 70-74"
ICD-7,1402,7,8,1971,1977,"70-74, 80-84, 85+"
ICD-7,6252,8,8,1968,1978,"30-34, 35-39, 45-49, 50-54, 55-59"
ICD-7,7522,7,8,1968,1976,"60-64, 65-69, 75-79, 85+, <1"
ICD-7,2382,8,8,1968,1977,"05-09, 35-39, 65-69, 85+"
ICD-7,2651,7,8,1968,1973,"50-54, 60-64, 65-69, 70-74, 85+"
ICD-7,6802,8,8,1969,1976,"25-29, 45-49, 50-54, 55-59, 75-79"
ICD-7,1923,7,8,1969,1977,"15-19, 35-39, 50-54, 55-59, 60-64"
ICD-7,8418,6,7,1970,1978,"15-19, 20-24, 25-29, 35-39, 50-54"
ICD-7,6266,6,7,1968,1977,"15-19, 30-34, 45-49, 65-69"
ICD-7,7459,6,7,1968,1978,"01-04, 75-79, <1"
ICD-7,3929,7,7,1968,1978,"05-09, 60-64, 70-74, 75-79, 80-84"
ICD-7,3821,7,7,1968,1974,"40-44, 45-49, 55-59, 60-64, 75-79"
ICD-7,5651,7,7,1968,1978,"55-59, 70-74, 75-79, 80-84, 85+"
ICD-7,7517,7,7,1969,1976,"01-04, 10-14, <1"
ICD-7,52,7,7,1971,1977,"20-24, 35-39, 45-49, 50-54, 65-69"
ICD-7,2232,7,7,1969,1978,"40-44, 50-54, 55-59, 70-74, 85+"
ICD-7,3312,7,7,1968,1978,"01-04, 10-14, 15-19, 30-34, 40-44"
ICD-7,1879,7,7,1969,1977,"45-49, 65-69, 75-79, 80-84, 85+"
ICD-7,2124,7,7,1970,1977,"45-49, 50-54, 60-64, 70-74, 75-79"
ICD-7,8363,7,7,1968,1978,"25-29, 30-34, 45-49, 50-54, 55-59"
ICD-7,8988,7,7,1975,1978,"05-09, 15-19, 50-54, 60-64, 75-79"
ICD-7,9080,7,7,1968,1977,"30-34, 40-44, 45-49, 55-59, 65-69"
ICD-7,7649,6,7,1968,1973,<1
ICD-7,909,7,7,1968,1976,"30-34, 45-49, 50-54, 55-59, 70-74"
ICD-7,6329,7,7,1968,1975,"25-29, 30-34, 35-39, 40-44"
ICD-7,6324,7,7,1968,1977,"20-24, 25-29, 30-34, 40-44"
ICD-7,2789,7,7,1969,1978,"15-19, 20-24, 25-29, 45-49, 60-64"
ICD-7,6801,6,7,1968,1975,"60-64, 65-69, 70-74, 80-84"
ICD-7,3149,7,7,1968,1975,"01-04, 05-09, 10-14, 60-64"
ICD-7,7751,5,7,1968,1978,<1
ICD-7,7752,3,7,1968,1976,<1
ICD-7,981,7,7,1968,1975,"35-39, 45-49, 50-54, 65-69, 70-74"
ICD-7,7554,5,6,1970,1977,<1
ICD-7,2919,6,6,1968,1977,"30-34, 50-54, 55-59, 60-64, 70-74"
ICD-7,7559,5,6,1969,1978,"60-64, <1"
ICD-7,5264,6,6,1969,1978,"80-84, 85+, <1"
ICD-7,8526,6,6,1970,1978,"50-54, 55-59, 60-64, 75-79"
ICD-7,3069,6,6,1969,1976,"10-14, 30-34, 40-44, 50-54, 60-64"
ICD-7,7552,5,6,1972,1978,"01-04, <1"
ICD-7,6449,6,6,1968,1976,"20-24, 25-29, 30-34, 35-39"
ICD-7,5970,6,6,1968,1978,"60-64, 65-69, 70-74, 80-84"
ICD-7,9670,6,6,1968,1978,"01-04, 30-34, 35-39, 65-69, <1"
ICD-7,6342,6,6,1969,1975,"15-19, 20-24, 30-34, 35-39"
ICD-7,1725,6,6,1968,1976,"20-24, 50-54, 60-64, 75-79, 85+"
ICD-7,8071,6,6,1970,1976,"15-19, 20-24, 30-34, 35-39, 60-64"
ICD-7,8378,6,6,1968,1978,"25-29, 30-34, 35-39, 40-44, 60-64"
ICD-7,8382,5,6,1968,1978,"10-14, 25-29, 30-34, 45-49, 50-54"
ICD-7,3751,6,6,1969,1978,"65-69, 75-79, 80-84, 85+"
ICD-7,2119,6,6,1969,1978,"20-24, 40-44, 65-69, 70-74, 80-84"
ICD-7,239,6,6,1968,1974,"05-09, 40-44, 55-59, 60-64, 75-79"
ICD-7,8590,6,6,1971,1978,"15-19, 20-24, 25-29, 70-74, 85+"
ICD-7,8995,5,5,1976,1978,"05-09, 50-54, 60-64, 80-84, 85+"
ICD-7,7132,5,5,1968,1977,"35-39, 50-54, 65-69, 70-74, 75-79"
ICD-7,7528,5,5,1968,1975,<1
ICD-7,7258,5,5,1969,1978,"40-44, 45-49, 55-59, 65-69"
ICD-7,6294,5,5,1970,1978,"25-29, 75-79, 80-84, 85+"
ICD-7,8542,5,5,1968,1973,"35-39, 45-49, 50-54, 80-84"
ICD-7,3053,5,5,1968,1976,"55-59, 65-69, 80-84, 85+"
ICD-7,6280,5,5,1969,1976,"25-29, 30-34, 35-39"
ICD-7,2322,5,5,1969,1977,"45-49, 65-69, 75-79, 80-84, 85+"
ICD-7,1271,5,5,1971,1978,"25-29, 30-34, 45-49, 50-54, 60-64"
ICD-7,7489,5,5,1968,1978,"01-04, 70-74, <1"
ICD-7,3470,5,5,1969,1978,"30-34, 40-44, 55-59, 60-64, 85+"
ICD-7,2957,5,5,1969,1977,"15-19, 55-59, 65-69, 85+"
ICD-7,8680,5,5,1969,1977,"05-09, 25-29, 50-54"
ICD-7,8370,5,5,1970,1978,"30-34, 55-59, 75-79, 80-84"
ICD-7,2211,5,5,1969,1974,"55-59, 65-69, 70-74, 75-79, 85+"
ICD-7,7287,5,5,1969,1978,"60-64, 65-69, 70-74, 75-79"
ICD-7,6808,5,5,1968,1972,"45-49, 65-69, 70-74, 75-79, 85+"
ICD-7,7448,5,5,1968,1977,"01-04, 75-79, <1"
ICD-7,8270,5,5,1969,1978,"05-09, 65-69, 70-74, 75-79, 85+"
ICD-7,5040,5,5,1968,1975,"05-09, 15-19, 20-24, 40-44, 60-64"
ICD-7,7454,5,5,1970,1978,"40-44, 70-74, <1"
ICD-7,59,5,5,1970,1978,"30-34, 45-49, 75-79, <1"
ICD-7,6215,5,5,1968,1977,"45-49, 80-84, 85+"
ICD-7,907,5,5,1971,1978,"15-19, 30-34, 50-54, 65-69, 80-84"
ICD-7,7683,4,5,1968,1973,<1
ICD-7,2122,5,5,1968,1978,"01-04, 35-39, 45-49, 60-64, 70-74"
ICD-7,7644,4,4,1968,1976,<1
ICD-7,7579,3,4,1968,1970,<1
ICD-7,8521,4,4,1971,1978,"01-04, 60-64, 65-69"
ICD-7,8373,2,4,1969,1969,"40-44, 55-59"
ICD-7,2822,4,4,1968,1978,"01-04, 60-64, 75-79, 80-84"
ICD-7,8001,4,4,1969,1969,"10-14, 35-39, 75-79"
ICD-7,8445,4,4,1969,1975,"25-29, 45-49, 60-64"
ICD-7,2954,4,4,1970,1974,"30-34, 35-39, 40-44, 45-49"
ICD-7,3154,4,4,1974,1977,"01-04, 10-14, 25-29"
ICD-7,5650,4,4,1970,1978,"45-49, 55-59, 75-79"
ICD-7,2942,4,4,1972,1976,"80-84, 85+"
ICD-7,5249,4,4,1970,1975,"10-14, 15-19, <1"
ICD-7,159,4,4,1968,1977,"45-49, 50-54, 55-59, 60-64"
ICD-7,6295,4,4,1969,1978,"75-79, 85+"
ICD-7,7241,4,4,1972,1978,"15-19, 45-49, 75-79"
ICD-7,7275,4,4,1970,1975,"55-59, 75-79, 85+"
ICD-7,7011,4,4,1969,1977,"55-59, 75-79, 80-84, 85+"
ICD-7,8593,4,4,1970,1977,"01-04, 20-24, 45-49, 60-64"
ICD-7,8575,4,4,1970,1975,"01-04, 15-19, 65-69, 75-79"
ICD-7,6431,3,4,1968,1969,"20-24, 30-34, 45-49"
ICD-7,6231,4,4,1970,1978,"35-39, 70-74, 80-84"
ICD-7,8563,4,4,1972,1975,"20-24, 25-29, 30-34, 70-74"
ICD-7,6442,4,4,1968,1973,"15-19, 20-24, 35-39"
ICD-7,6077,4,4,1969,1977,"10-14, 45-49, 50-54, 70-74"
ICD-7,6629,4,4,1971,1977,"15-19, 20-24, 25-29"
ICD-7,6624,3,4,1968,1970,"20-24, 30-34"
ICD-7,6805,4,4,1969,1977,"35-39, 65-69, 80-84, 85+"
ICD-7,8535,4,4,1968,1978,"01-04, 20-24, 55-59, 70-74"
ICD-7,2269,4,4,1971,1978,"30-34, 45-49, 60-64, 65-69"
ICD-7,6614,4,4,1969,1974,"15-19, 20-24, 30-34"
ICD-7,6579,4,4,1968,1974,"20-24, 25-29, 30-34, 35-39"
ICD-7,6546,3,4,1968,1973,"25-29, 35-39, 40-44"
ICD-7,989,4,4,1969,1975,"45-49, 60-64, 65-69, 85+"
ICD-7,7741,3,3,1968,1970,<1
ICD-7,21,3,3,1968,1969,"35-39, 40-44, 60-64"
ICD-7,6962,3,3,1971,1974,"50-54, 55-59, 70-74"
ICD-7,1178,3,3,1975,1976,"20-24, 30-34, 55-59"
ICD-7,8987,3,3,1975,1978,"50-54, 70-74, 85+"
ICD-7,6321,3,3,1968,1976,"25-29, 35-39, 40-44"
ICD-7,2109,3,3,1971,1977,"60-64, 80-84, 85+"
ICD-7,7629,3,3,1973,1976,<1
ICD-7,5234,3,3,1972,1974,"50-54, 60-64, 65-69"
ICD-7,793,3,3,1970,1977,"50-54, 60-64, 75-79"
ICD-7,6314,3,3,1970,1973,"25-29, 35-39"
ICD-7,90,3,3,1968,1972,"01-04, 80-84"
ICD-7,29,3,3,1976,1978,"35-39, 60-64, 70-74"
ICD-7,2701,3,3,1971,1975,"35-39, 45-49, 55-59"
ICD-7,8018,3,3,1969,1978,"20-24, 45-49, 60-64"
ICD-7,1228,3,3,1969,1973,"35-39, 50-54, 75-79"
ICD-7,7673,3,3,1973,1976,"05-09, <1"
ICD-7,2706,3,3,1969,1971,"70-74, 75-79, 85+"
ICD-7,8030,3,3,1968,1976,"20-24, 35-39"
ICD-7,8072,3,3,1970,1977,"05-09, 60-64"
ICD-7,6806,3,3,1968,1973,"65-69, 85+"
ICD-7,8968,3,3,1975,1978,"50-54, 60-64, 75-79"
ICD-7,2821,3,3,1968,1974,"70-74, 85+"
ICD-7,8068,3,3,1976,1977,"15-19, 60-64"
ICD-7,2709,3,3,1968,1977,"01-04, 05-09, <1"
ICD-7,7742,3,3,1969,1976,<1
ICD-7,7617,3,3,1973,1978,<1
ICD-7,7170,3,3,1971,1975,"60-64, 85+"
ICD-7,7614,3,3,1969,1978,<1
ICD-7,2939,3,3,1968,1977,"75-79, 80-84"
ICD-7,7453,3,3,1968,1971,"65-69, <1"
ICD-7,7458,3,3,1968,1973,<1
ICD-7,6209,3,3,1968,1975,"50-54, 55-59, 75-79"
ICD-7,5070,3,3,1969,1976,"01-04, 30-34, 35-39"
ICD-7,2379,3,3,1969,1976,"65-69, 85+"
ICD-7,5111,3,3,1968,1977,"35-39, 70-74, 85+"
ICD-7,8449,3,3,1971,1973,"20-24, 35-39, 65-69"
ICD-7,8543,3,3,1969,1975,"35-39, 60-64, 75-79"
ICD-7,8592,3,3,1970,1978,"01-04, 20-24, 75-79"
ICD-7,2375,3,3,1971,1974,"40-44, 75-79, 80-84"
ICD-7,7526,2,3,1969,1976,<1
ICD-7,7525,3,3,1971,1975,"25-29, 45-49, <1"
ICD-7,7482,3,3,1969,1971,"60-64, 80-84, <1"
ICD-7,7521,3,3,1971,1976,"05-09, 10-14, 15-19"
ICD-7,8509,3,3,1976,1978,"01-04, 20-24, 65-69"
ICD-7,5269,3,3,1969,1978,"50-54, 60-64, 65-69"
ICD-7,2228,3,3,1970,1975,"30-34, 65-69, 70-74"
ICD-7,6169,3,3,1976,1977,"30-34, 55-59, 60-64"
ICD-7,7203,3,3,1968,1974,"20-24, 65-69, <1"
ICD-7,7249,3,3,1968,1977,"50-54, 70-74, 75-79"
ICD-7,3779,3,3,1968,1978,"40-44, 55-59, 65-69"
ICD-7,6292,3,3,1968,1977,"75-79, 80-84, 85+"
ICD-7,8268,2,2,1976,1977,10-14
ICD-7,2374,2,2,1971,1977,"65-69, 70-74"
ICD-7,1289,2,2,1968,1975,"01-04, 65-69"
ICD-7,2107,2,2,1971,1976,85+
ICD-7,1269,2,2,1969,1970,"25-29, 65-69"
ICD-7,8408,2,2,1969,1969,"25-29, 40-44"
ICD-7,2529,2,2,1969,1970,"60-64, 65-69"
ICD-7,1213,2,2,1969,1970,"15-19, 55-59"
ICD-7,2823,2,2,1974,1977,"01-04, <1"
ICD-7,9480,2,2,1968,1970,"50-54, 70-74"
ICD-7,2129,2,2,1971,1975,55-59
ICD-7,2161,2,2,1968,1970,"20-24, 85+"
ICD-7,2341,2,2,1975,1976,"55-59, 65-69"
ICD-7,99,2,2,1973,1974,"01-04, 25-29"
ICD-7,152,2,2,1969,1971,"65-69, 85+"
ICD-7,2199,2,2,1973,1976,"60-64, 65-69"
ICD-7,8568,2,2,1973,1976,"55-59, 65-69"
ICD-7,279,2,2,1978,1978,"01-04, 55-59"
ICD-7,8421,2,2,1973,1973,"15-19, 45-49"
ICD-7,905,2,2,1972,1972,"60-64, 75-79"
ICD-7,8078,2,2,1970,1974,"20-24, 80-84"
ICD-7,2231,2,2,1968,1978,"75-79, 80-84"
ICD-7,902,2,2,1973,1977,<1
ICD-7,2212,2,2,1969,1969,"65-69, 80-84"
ICD-7,2162,2,2,1977,1977,"80-84, 85+"
ICD-7,2239,2,2,1972,1976,55-59
ICD-7,2386,2,2,1969,1977,"20-24, 70-74"
ICD-7,2735,2,2,1971,1978,"85+, <1"
ICD-7,2782,2,2,1971,1973,65-69
ICD-7,8553,2,2,1974,1975,"20-24, 60-64"
ICD-7,8993,2,2,1975,1975,"50-54, 60-64"
ICD-7,2104,2,2,1973,1974,"60-64, 70-74"
ICD-7,2387,2,2,1968,1974,"50-54, 70-74"
ICD-7,3144,2,2,1974,1975,"01-04, 10-14"
ICD-7,999,2,2,1970,1972,"35-39, 55-59"
ICD-7,3639,2,2,1968,1969,"55-59, 60-64"
ICD-7,341,2,2,1968,1975,"05-09, 65-69"
ICD-7,5282,2,2,1970,1974,"60-64, 85+"
ICD-7,6270,1,2,1974,1974,50-54
ICD-7,7172,2,2,1974,1976,"35-39, 55-59"
ICD-7,7662,2,2,1974,1975,<1
ICD-7,7229,2,2,1969,1970,"45-49, 70-74"
ICD-7,7659,2,2,1968,1969,<1
ICD-7,6402,2,2,1969,1970,"15-19, 25-29"
ICD-7,5261,2,2,1968,1972,"75-79, 85+"
ICD-7,6399,2,2,1968,1969,20-24
ICD-7,6359,2,2,1970,1977,"20-24, 30-34"
ICD-7,7616,2,2,1968,1975,<1
ICD-7,7604,2,2,1971,1972,<1
ICD-7,3134,2,2,1970,1973,"10-14, 15-19"
ICD-7,6344,2,2,1968,1974,25-29
ICD-7,7603,2,2,1969,1973,<1
ICD-7,6343,2,2,1969,1971,"20-24, 40-44"
ICD-7,7523,2,2,1975,1978,55-59
ICD-7,7601,2,2,1968,1970,<1
ICD-7,7527,2,2,1968,1970,"05-09, <1"
ICD-7,51,2,2,1978,1978,"60-64, 65-69"
ICD-7,509,2,2,1973,1973,"25-29, 30-34"
ICD-7,7019,2,2,1972,1978,"45-49, 75-79"
ICD-7,6311,2,2,1968,1971,"25-29, 35-39"
ICD-7,6339,2,2,1969,1969,"20-24, 35-39"
ICD-7,6618,2,2,1971,1978,"20-24, 30-34"
ICD-7,6316,2,2,1976,1976,"20-24, 35-39"
ICD-7,7682,2,2,1972,1973,<1
ICD-7,6536,2,2,1969,1971,"25-29, 30-34"
ICD-7,3044,2,2,1978,1978,20-24
ICD-7,6213,2,2,1970,1974,80-84
ICD-7,6569,2,2,1968,1971,40-44
ICD-7,791,2,2,1973,1974,"10-14, 35-39"
ICD-7,3064,2,2,1975,1977,"65-69, 70-74"
ICD-7,309,2,2,1968,1972,"35-39, 50-54"
ICD-7,6564,2,2,1971,1974,"20-24, 30-34"
ICD-7,7721,1,2,1973,1973,<1
ICD-7,7443,2,2,1975,1975,"01-04, 05-09"
ICD-7,3031,2,2,1969,1978,"25-29, 35-39"
ICD-7,6219,2,2,1968,1976,"80-84, 85+"
ICD-7,6265,2,2,1975,1977,"35-39, 45-49"
ICD-7,7475,2,2,1970,1975,<1
ICD-7,3096,2,2,1977,1978,"75-79, 80-84"
ICD-7,5299,2,2,1968,1973,"40-44, 65-69"
ICD-7,6506,2,2,1968,1968,"25-29, 35-39"
ICD-7,6459,2,2,1968,1974,"20-24, 30-34"
ICD-7,7451,2,2,1969,1972,"55-59, 60-64"
ICD-7,8970,1,1,1977,1977,85+
ICD-7,8971,1,1,1977,1977,80-84
ICD-7,6297,1,1,1972,1972,55-59
ICD-7,6249,1,1,1973,1973,45-49
ICD-7,8963,1,1,1976,1976,15-19
ICD-7,8978,1,1,1978,1978,75-79
ICD-7,6296,1,1,1977,1977,25-29
ICD-7,8962,1,1,1977,1977,45-49
ICD-7,8582,1,1,1969,1969,65-69
ICD-7,8585,1,1,1977,1977,30-34
ICD-7,2169,1,1,1968,1968,70-74
ICD-7,2191,1,1,1971,1971,45-49
ICD-7,8589,1,1,1973,1973,85+
ICD-7,6251,1,1,1977,1977,20-24
ICD-7,6264,1,1,1972,1972,35-39
ICD-7,7276,1,1,1977,1977,55-59
ICD-7,7279,1,1,1976,1976,85+
ICD-7,8596,1,1,1978,1978,01-04
ICD-7,8594,1,1,1971,1971,20-24
ICD-7,7288,1,1,1978,1978,65-69
ICD-7,2944,1,1,1973,1973,30-34
ICD-7,7171,1,1,1975,1975,70-74
ICD-7,1272,1,1,1971,1971,30-34
ICD-7,6441,1,1,1968,1968,30-34
ICD-7,6626,1,1,1968,1968,35-39
ICD-7,6608,1,1,1970,1970,25-29
ICD-7,6595,1,1,1969,1969,35-39
ICD-7,6594,1,1,1978,1978,30-34
ICD-7,6590,1,1,1976,1976,40-44
ICD-7,6589,1,1,1969,1969,30-34
ICD-7,6584,1,1,1973,1973,20-24
ICD-7,1839,1,1,1976,1976,80-84
ICD-7,6509,1,1,1974,1974,25-29
ICD-7,980,1,1,1970,1970,55-59
ICD-7,6574,1,1,1969,1969,25-29
ICD-7,1259,1,1,1968,1968,60-64
ICD-7,6560,1,1,1973,1973,20-24
ICD-7,6559,1,1,1971,1971,20-24
ICD-7,991,1,1,1974,1974,35-39
ICD-7,912,1,1,1977,1977,50-54
ICD-7,6803,1,1,1971,1971,20-24
ICD-7,6323,1,1,1972,1972,20-24
ICD-7,6983,1,1,1970,1970,55-59
ICD-7,71,1,1,1978,1978,30-34
ICD-7,7089,1,1,1969,1969,75-79
ICD-7,7059,1,1,1975,1975,35-39
ICD-7,6989,1,1,1971,1971,85+
ICD-7,2105,1,1,1971,1971,<1
ICD-7,8990,1,1,1976,1976,55-59
ICD-7,6984,1,1,1971,1971,70-74
ICD-7,8574,1,1,1975,1975,01-04
ICD-7,6804,1,1,1969,1969,60-64
ICD-7,8994,1,1,1977,1977,30-34
ICD-7,6952,1,1,1977,1977,65-69
ICD-7,6345,1,1,1972,1972,25-29
ICD-7,1949,1,1,1977,1977,60-64
ICD-7,6401,1,1,1969,1969,30-34
ICD-7,6419,1,1,1971,1971,10-14
ICD-7,6432,1,1,1968,1968,35-39
ICD-7,6241,1,1,1971,1971,20-24
ICD-7,5297,1,1,1977,1977,85+
ICD-7,2219,1,1,1974,1974,70-74
ICD-7,2668,1,1,1972,1972,50-54
ICD-7,2705,1,1,1977,1977,<1
ICD-7,7672,1,1,1972,1972,<1
ICD-7,3145,1,1,1973,1973,50-54
ICD-7,3146,1,1,1973,1973,<1
ICD-7,8269,1,1,1973,1973,75-79
ICD-7,7661,1,1,1971,1971,<1
ICD-7,8279,1,1,1978,1978,60-64
ICD-7,7653,1,1,1970,1970,<1
ICD-7,3132,1,1,1968,1968,25-29
ICD-7,7652,1,1,1969,1969,<1
ICD-7,7643,1,1,1969,1969,<1
ICD-7,8372,1,1,1978,1978,25-29
ICD-7,3155,1,1,1974,1974,40-44
ICD-7,2631,1,1,1973,1973,70-74
ICD-7,7612,1,1,1968,1968,<1
ICD-7,2571,1,1,1968,1968,70-74
ICD-7,6526,1,1,1974,1974,35-39
ICD-7,3131,1,1,1974,1974,05-09
ICD-7,6233,1,1,1970,1970,75-79
ICD-7,2814,1,1,1978,1978,85+
ICD-7,2971,1,1,1973,1973,80-84
ICD-7,2873,1,1,1971,1971,75-79
ICD-7,2983,1,1,1977,1977,75-79
ICD-7,3016,1,1,1971,1971,65-69
ICD-7,3019,1,1,1971,1971,50-54
ICD-7,3029,1,1,1969,1969,65-69
ICD-7,8028,1,1,1973,1973,35-39
ICD-7,2813,1,1,1977,1977,75-79
ICD-7,8069,1,1,1973,1973,15-19
ICD-7,3047,1,1,1977,1977,20-24
ICD-7,2781,1,1,1969,1969,65-69
ICD-7,8053,1,1,1971,1971,05-09
ICD-7,3094,1,1,1974,1974,40-44
ICD-7,2719,1,1,1969,1969,55-59
ICD-7,3095,1,1,1976,1976,75-79
ICD-7,3109,1,1,1974,1974,65-69
ICD-7,2570,1,1,1969,1969,10-14
ICD-7,2569,1,1,1970,1970,35-39
ICD-7,368,1,1,1974,1974,<1
ICD-7,5281,1,1,1972,1972,50-54
ICD-7,2369,1,1,1976,1976,65-69
ICD-7,8519,1,1,1975,1975,05-09
ICD-7,5243,1,1,1968,1968,40-44
ICD-7,8523,1,1,1974,1974,45-49
ICD-7,5262,1,1,1975,1975,25-29
ICD-7,5277,1,1,1976,1976,85+
ICD-7,5279,1,1,1978,1978,55-59
ICD-7,5286,1,1,1974,1974,55-59
ICD-7,841,1,1,1978,1978,25-29
ICD-7,5287,1,1,1976,1976,70-74
ICD-7,58,1,1,1977,1977,80-84
ICD-7,6073,1,1,1974,1974,65-69
ICD-7,6076,1,1,1972,1972,60-64
ICD-7,6151,1,1,1969,1969,85+
ICD-7,2238,1,1,1977,1977,55-59
ICD-7,8561,1,1,1975,1975,10-14
ICD-7,5207,1,1,1970,1970,<1
ICD-7,8505,1,1,1968,1968,55-59
ICD-7,5206,1,1,1968,1968,65-69
ICD-7,8444,1,1,1976,1976,25-29
ICD-7,3752,1,1,1969,1969,85+
ICD-7,3771,1,1,1978,1978,05-09
ICD-7,3772,1,1,1970,1970,85+
ICD-7,2383,1,1,1972,1972,50-54
ICD-7,8415,1,1,1968,1968,65-69
ICD-7,3899,1,1,1969,1969,25-29
ICD-7,391,1,1,1971,1971,10-14
ICD-7,42,1,1,1972,1972,25-29
ICD-7,4438,1,1,1969,1969,50-54
ICD-7,8428,1,1,1977,1977,35-39
ICD-7,8431,1,1,1969,1969,20-24
ICD-7,8433,1,1,1973,1973,70-74
ICD-7,8435,1,1,1969,1969,40-44
ICD-7,844,1,1,1968,1968,45-49
ICD-7,48,1,1,1974,1974,40-44
ICD-7,6528,1,1,1971,1971,45-49
ICD-8,1629,227,266614,1979,1986,"01-04, 10-14, 15-19, 20-24, 25-29"
ICD-8,1749,116,102208,1979,1986,"15-19, 20-24, 25-29, 30-34, 35-39"
ICD-8,4960,205,67104,1979,1986,"01-04, 05-09, 15-19, 20-24, 25-29"
ICD-8,4919,208,59078,1979,1986,"01-04, 05-09, 10-14, 15-19, 20-24"
ICD-8,4912,199,52761,1979,1986,"10-14, 15-19, 20-24, 25-29, 30-34"
ICD-8,4291,191,51470,1979,1986,"01-04, 05-09, 15-19, 20-24, 25-29"
ICD-8,1889,208,35329,1979,1986,"01-04, 05-09, 10-14, 15-19, 20-24"
ICD-8,4148,198,34977,1979,1986,"10-14, 20-24, 25-29, 30-34, 35-39"
ICD-8,1509,209,30248,1979,1986,"15-19, 20-24, 25-29, 30-34, 35-39"
ICD-8,4029,214,30065,1979,1986,"01-04, 05-09, 10-14, 15-19, 20-24"
ICD-8,4413,149,20821,1979,1986,"10-14, 15-19, 30-34, 35-39, 40-44"
ICD-8,4151,233,19925,1979,1986,"01-04, 10-14, 15-19, 20-24, 25-29"
ICD-8,8880,248,17059,1979,1986,"01-04, 05-09, 10-14, 15-19, 20-24"
ICD-8,5850,246,16443,1979,1986,"01-04, 05-09, 10-14, 15-19, 20-24"
ICD-8,1809,114,15774,1979,1986,"15-19, 20-24, 25-29, 30-34, 35-39"
ICD-8,2028,284,15126,1979,1986,"01-04, 05-09, 10-14, 15-19, 20-24"
ICD-8,1534,195,13948,1979,1986,"15-19, 20-24, 25-29, 30-34, 35-39"
ICD-8,4939,293,13446,1979,1986,"01-04, 05-09, 10-14, 15-19, 20-24"
ICD-8,5860,226,12821,1979,1986,"01-04, 05-09, 10-14, 15-19, 20-24"
ICD-8,4539,217,12732,1979,1986,"01-04, 05-09, 10-14, 15-19, 20-24"
ICD-8,4281,190,12228,1979,1986,"01-04, 15-19, 20-24, 25-29, 30-34"
ICD-8,4415,158,10942,1979,1986,"20-24, 25-29, 30-34, 35-39, 40-44"
ICD-8,4273,147,10606,1979,1986,"25-29, 30-34, 35-39, 40-44, 45-49"
ICD-8,4289,206,10269,1979,1986,"01-04, 05-09, 10-14, 15-19, 20-24"
ICD-8,4292,138,10213,1979,1986,"35-39, 40-44, 45-49, 50-54, 55-59"
ICD-8,3429,142,9955,1979,1986,"35-39, 40-44, 45-49, 50-54, 55-59"
ICD-8,7970,73,9415,1979,1986,"55-59, 60-64, 65-69, 70-74, 75-79"
ICD-8,7980,32,8924,1979,1986,"01-04, <1"
ICD-8,5570,202,8435,1979,1986,"01-04, 05-09, 15-19, 20-24, 25-29"
ICD-8,5715,234,8229,1979,1986,"01-04, 05-09, 10-14, 15-19, 20-24"
ICD-8,5325,191,8182,1979,1986,"01-04, 05-09, 10-14, 15-19, 20-24"
ICD-8,4371,154,7862,1979,1986,"01-04, 10-14, 15-19, 20-24, 30-34"
ICD-8,4254,302,7580,1979,1986,"01-04, 05-09, 10-14, 15-19, 20-24"
ICD-8,5324,191,7572,1979,1986,"01-04, 15-19, 20-24, 25-29, 30-34"
ICD-8,3352,215,7467,1979,1986,"01-04, 10-14, 15-19, 20-24, 25-29"
ICD-8,5314,191,7337,1979,1986,"01-04, 15-19, 20-24, 25-29, 30-34"
ICD-8,1623,176,7245,1979,1986,"25-29, 30-34, 35-39, 40-44, 45-49"
ICD-8,1919,294,6708,1979,1986,"01-04, 05-09, 10-14, 15-19, 20-24"
ICD-8,4169,172,6128,1979,1986,"10-14, 15-19, 20-24, 30-34, 35-39"
ICD-8,4940,237,5761,1979,1986,"01-04, 05-09, 10-14, 15-19, 20-24"
ICD-8,4538,216,5695,1979,1986,"10-14, 15-19, 20-24, 25-29, 30-34"
ICD-8,2503,214,5630,1979,1986,"15-19, 20-24, 25-29, 30-34, 35-39"
ICD-8,1536,181,5056,1979,1986,"15-19, 25-29, 30-34, 35-39, 40-44"
ICD-8,2904,110,5044,1979,1986,"45-49, 50-54, 55-59, 60-64, 65-69"
ICD-8,5789,172,4982,1979,1986,"01-04, 05-09, 10-14, 15-19, 20-24"
ICD-8,5712,202,4977,1979,1986,"20-24, 25-29, 30-34, 35-39, 40-44"
ICD-8,8809,240,4940,1979,1986,"01-04, 05-09, 10-14, 15-19, 20-24"
ICD-8,4511,190,4727,1979,1986,"15-19, 20-24, 25-29, 30-34, 35-39"
ICD-8,4512,197,4607,1979,1986,"15-19, 20-24, 25-29, 30-34, 35-39"
ICD-8,4039,207,4526,1979,1986,"05-09, 10-14, 15-19, 20-24, 25-29"
ICD-8,3989,197,4218,1979,1986,"05-09, 15-19, 20-24, 25-29, 30-34"
ICD-8,2506,147,4041,1979,1986,"15-19, 35-39, 40-44, 45-49, 50-54"
ICD-8,2019,251,4007,1979,1986,"05-09, 10-14, 15-19, 20-24, 25-29"
ICD-8,4019,167,3997,1979,1986,"20-24, 30-34, 35-39, 40-44, 45-49"
ICD-8,2396,286,3934,1979,1986,"01-04, 05-09, 10-14, 15-19, 20-24"
ICD-8,1790,100,3810,1979,1986,"01-04, 05-09, 15-19, 20-24, 25-29"
ICD-8,5315,189,3807,1979,1986,"01-04, 15-19, 20-24, 25-29, 30-34"
ICD-8,5163,192,3783,1979,1986,"01-04, 05-09, 10-14, 15-19, 20-24"
ICD-8,4870,216,3664,1979,1986,"01-04, 05-09, 10-14, 15-19, 20-24"
ICD-8,1622,171,3615,1979,1986,"25-29, 30-34, 35-39, 40-44, 45-49"
ICD-8,5849,198,3598,1979,1986,"01-04, 05-09, 10-14, 15-19, 20-24"
ICD-8,7159,113,3554,1979,1986,"40-44, 45-49, 50-54, 55-59, 60-64"
ICD-8,1625,159,3235,1979,1986,"25-29, 30-34, 35-39, 40-44, 45-49"
ICD-8,1844,90,3173,1979,1986,"15-19, 20-24, 25-29, 30-34, 35-39"
ICD-8,2449,144,3041,1979,1986,"30-34, 35-39, 40-44, 45-49, 50-54"
ICD-8,4416,140,3021,1979,1986,"15-19, 20-24, 30-34, 35-39, 40-44"
ICD-8,2898,181,2727,1979,1986,"01-04, 05-09, 10-14, 15-19, 20-24"
ICD-8,5742,171,2668,1979,1986,"20-24, 25-29, 30-34, 35-39, 40-44"
ICD-8,5334,142,2653,1979,1986,"01-04, 05-09, 10-14, 35-39, 40-44"
ICD-8,5908,184,2497,1979,1986,"01-04, 05-09, 15-19, 20-24, 25-29"
ICD-8,4809,289,2484,1979,1986,"01-04, 05-09, 10-14, 15-19, 20-24"
ICD-8,9888,295,2387,1979,1986,"01-04, 05-09, 10-14, 15-19, 20-24"
ICD-8,119,197,2338,1979,1986,"01-04, 10-14, 15-19, 20-24, 25-29"
ICD-8,5580,209,2305,1979,1986,"01-04, 05-09, 10-14, 15-19, 20-24"
ICD-8,1952,173,2278,1979,1986,"01-04, 05-09, 10-14, 15-19, 20-24"
ICD-8,2501,248,2218,1979,1986,"01-04, 05-09, 10-14, 15-19, 20-24"
ICD-8,4275,216,2207,1979,1986,"01-04, 05-09, 10-14, 15-19, 20-24"
ICD-8,5829,225,2194,1979,1986,"01-04, 10-14, 15-19, 20-24, 25-29"
ICD-8,9503,232,2094,1979,1986,"10-14, 15-19, 20-24, 25-29, 30-34"
ICD-8,2502,233,2003,1979,1986,"01-04, 05-09, 10-14, 15-19, 20-24"
ICD-8,5698,184,2002,1979,1986,"01-04, 05-09, 10-14, 15-19, 20-24"
ICD-8,1505,161,1943,1979,1986,"25-29, 30-34, 35-39, 40-44, 45-49"
ICD-8,4911,183,1940,1979,1986,"01-04, 05-09, 10-14, 15-19, 20-24"
ICD-8,5579,158,1905,1979,1986,"01-04, 05-09, 15-19, 30-34, 35-39"
ICD-8,1370,166,1883,1979,1986,"05-09, 15-19, 20-24, 25-29, 30-34"
ICD-8,4293,201,1785,1979,1986,"01-04, 05-09, 10-14, 15-19, 20-24"
ICD-8,9289,223,1777,1979,1986,"01-04, 05-09, 10-14, 15-19, 20-24"
ICD-8,4341,137,1750,1979,1986,"05-09, 25-29, 30-34, 35-39, 40-44"
ICD-8,2849,255,1750,1979,1986,"01-04, 05-09, 10-14, 15-19, 20-24"
ICD-8,9501,225,1712,1979,1986,"10-14, 15-19, 20-24, 25-29, 30-34"
ICD-8,5716,159,1574,1979,1986,"01-04, 10-14, 15-19, 20-24, 25-29"
ICD-8,5560,207,1564,1979,1986,"01-04, 05-09, 10-14, 15-19, 20-24"
ICD-8,4414,110,1551,1979,1986,"40-44, 45-49, 50-54, 55-59, 60-64"
ICD-8,5608,192,1542,1979,1986,"01-04, 05-09, 10-14, 15-19, 20-24"
ICD-8,4331,181,1537,1979,1986,"20-24, 25-29, 30-34, 35-39, 40-44"
ICD-8,5501,130,1522,1979,1986,"01-04, 20-24, 25-29, 30-34, 40-44"
ICD-8,1552,168,1515,1979,1986,"01-04, 05-09, 10-14, 15-19, 20-24"
ICD-8,9504,233,1498,1979,1986,"10-14, 15-19, 20-24, 25-29, 30-34"
ICD-8,5303,145,1484,1979,1986,"01-04, 05-09, 15-19, 20-24, 25-29"
ICD-8,4049,170,1465,1979,1986,"01-04, 05-09, 10-14, 15-19, 20-24"
ICD-8,1911,206,1446,1979,1986,"01-04, 05-09, 10-14, 15-19, 20-24"
ICD-8,8842,153,1435,1979,1986,"01-04, 05-09, 10-14, 25-29, 30-34"
ICD-8,9531,231,1431,1979,1986,"10-14, 15-19, 20-24, 25-29, 30-34"
ICD-8,1512,150,1399,1979,1986,"25-29, 30-34, 35-39, 40-44, 45-49"
ICD-8,1571,161,1387,1979,1986,"20-24, 30-34, 35-39, 40-44, 45-49"
ICD-8,1514,143,1383,1979,1986,"35-39, 40-44, 45-49, 50-54, 55-59"
ICD-8,4871,161,1359,1979,1986,"01-04, 10-14, 15-19, 20-24, 25-29"
ICD-8,1869,125,1261,1979,1986,"01-04, 05-09, 10-14, 15-19, 20-24"
ICD-8,5714,217,1245,1979,1986,"01-04, 10-14, 15-19, 20-24, 25-29"
ICD-8,1599,156,1245,1979,1986,"25-29, 30-34, 35-39, 40-44, 45-49"
ICD-8,7989,235,1221,1979,1986,"01-04, 05-09, 10-14, 15-19, 20-24"
ICD-8,1913,197,1197,1979,1986,"01-04, 05-09, 10-14, 15-19, 20-24"
ICD-8,5335,123,1175,1979,1986,"20-24, 30-34, 35-39, 40-44, 45-49"
ICD-8,5728,203,1159,1979,1986,"01-04, 05-09, 10-14, 15-19, 20-24"
ICD-8,1479,227,1152,1979,1986,"01-04, 05-09, 10-14, 15-19, 20-24"
ICD-8,5713,176,1147,1979,1986,"15-19, 20-24, 25-29, 30-34, 35-39"
ICD-8,1918,206,1144,1979,1986,"01-04, 05-09, 10-14, 15-19, 20-24"
ICD-8,5559,212,1143,1979,1986,"05-09, 10-14, 15-19, 20-24, 25-29"
ICD-8,7071,114,1140,1979,1986,"15-19, 35-39, 40-44, 45-49, 50-54"
ICD-8,2429,151,1136,1979,1986,"15-19, 25-29, 30-34, 35-39, 40-44"
ICD-8,3591,229,1093,1979,1986,"01-04, 05-09, 10-14, 15-19, 20-24"
ICD-8,9108,246,1055,1979,1986,"01-04, 05-09, 10-14, 15-19, 20-24"
ICD-8,5679,154,1054,1979,1986,"10-14, 15-19, 25-29, 30-34, 35-39"
ICD-8,7597,48,1048,1979,1986,"01-04, 05-09, 10-14, 15-19, 20-24"
ICD-8,9019,121,974,1979,1986,"01-04, 15-19, 25-29, 30-34, 35-39"
ICD-8,9554,159,942,1979,1986,"10-14, 15-19, 20-24, 25-29, 30-34"
ICD-8,5780,126,938,1979,1986,"25-29, 30-34, 35-39, 40-44, 45-49"
ICD-8,3979,154,921,1979,1986,"25-29, 30-34, 35-39, 40-44, 45-49"
ICD-8,3334,191,916,1979,1986,"05-09, 10-14, 15-19, 20-24, 25-29"
ICD-8,7153,113,899,1979,1986,"40-44, 45-49, 50-54, 55-59, 60-64"
ICD-8,1449,153,876,1979,1986,"20-24, 25-29, 35-39, 40-44, 45-49"
ICD-8,2765,127,865,1979,1986,"01-04, 05-09, 15-19, 20-24, 25-29"
ICD-8,1513,137,856,1979,1986,"25-29, 30-34, 35-39, 40-44, 45-49"
ICD-8,9018,146,854,1979,1986,"01-04, 05-09, 15-19, 20-24, 25-29"
ICD-8,9803,215,849,1979,1986,"01-04, 05-09, 10-14, 15-19, 20-24"
ICD-8,7991,156,848,1979,1986,"01-04, 10-14, 15-19, 20-24, 30-34"
ICD-8,4661,140,840,1979,1986,"01-04, 05-09, 10-14, 15-19, 20-24"
ICD-8,9889,238,839,1979,1986,"01-04, 05-09, 10-14, 15-19, 20-24"
ICD-8,1909,178,822,1979,1986,"01-04, 05-09, 10-14, 15-19, 20-24"
ICD-8,7101,165,811,1979,1986,"15-19, 20-24, 25-29, 30-34, 35-39"
ICD-8,1912,187,809,1979,1986,"05-09, 10-14, 15-19, 20-24, 25-29"
ICD-8,4160,253,778,1979,1986,"01-04, 05-09, 10-14, 15-19, 20-24"
ICD-8,4141,151,776,1979,1986,"10-14, 15-19, 30-34, 35-39, 40-44"
ICD-8,1874,89,773,1979,1986,"20-24, 25-29, 30-34, 35-39, 40-44"
ICD-8,4479,134,765,1979,1986,"05-09, 25-29, 30-34, 35-39, 40-44"
ICD-8,7169,107,756,1979,1986,"15-19, 35-39, 40-44, 45-49, 50-54"
ICD-8,5768,107,755,1979,1986,"25-29, 40-44, 45-49, 50-54, 55-59"
ICD-8,5751,116,748,1979,1986,"30-34, 35-39, 40-44, 45-49, 50-54"
ICD-8,5302,139,743,1979,1986,"15-19, 20-24, 30-34, 35-39, 40-44"
ICD-8,2773,172,740,1979,1986,"20-24, 25-29, 30-34, 35-39, 40-44"
ICD-8,9502,201,728,1979,1986,"15-19, 20-24, 25-29, 30-34, 35-39"
ICD-8,116,160,727,1979,1986,"15-19, 20-24, 25-29, 30-34, 35-39"
ICD-8,1543,152,718,1979,1986,"30-34, 35-39, 40-44, 45-49, 50-54"
ICD-8,4378,125,715,1979,1986,"01-04, 15-19, 20-24, 25-29, 30-34"
ICD-8,2089,175,713,1979,1986,"01-04, 05-09, 10-14, 15-19, 20-24"
ICD-8,4599,128,705,1979,1986,"25-29, 30-34, 35-39, 40-44, 45-49"
ICD-8,1750,83,702,1979,1986,"20-24, 30-34, 35-39, 40-44, 45-49"
ICD-8,5761,147,701,1979,1986,"25-29, 30-34, 35-39, 40-44, 45-49"
ICD-8,3941,153,700,1979,1986,"15-19, 20-24, 25-29, 30-34, 35-39"
ICD-8,5109,155,666,1979,1986,"01-04, 15-19, 20-24, 25-29, 30-34"
ICD-8,4229,259,661,1979,1986,"01-04, 05-09, 10-14, 15-19, 20-24"
ICD-8,3229,212,647,1979,1986,"01-04, 05-09, 10-14, 15-19, 20-24"
ICD-8,7423,134,644,1979,1986,"01-04, 05-09, 10-14, 15-19, 20-24"
ICD-8,7999,231,644,1979,1986,"01-04, 05-09, 10-14, 15-19, 20-24"
ICD-8,1953,138,639,1979,1986,"01-04, 05-09, 15-19, 20-24, 25-29"
ICD-8,9138,166,637,1979,1986,"01-04, 05-09, 10-14, 15-19, 20-24"
ICD-8,9551,143,634,1979,1986,"10-14, 15-19, 20-24, 25-29, 30-34"
ICD-8,7373,199,624,1979,1986,"01-04, 05-09, 10-14, 15-19, 20-24"
ICD-8,4422,111,622,1979,1986,"30-34, 35-39, 50-54, 55-59, 60-64"
ICD-8,9804,211,619,1979,1986,"10-14, 15-19, 20-24, 25-29, 30-34"
ICD-8,3942,129,605,1979,1986,"05-09, 30-34, 35-39, 40-44, 45-49"
ICD-8,9801,190,597,1979,1986,"05-09, 15-19, 20-24, 25-29, 30-34"
ICD-8,1515,121,590,1979,1986,"40-44, 45-49, 50-54, 55-59, 60-64"
ICD-8,3439,187,566,1979,1986,"01-04, 05-09, 10-14, 15-19, 20-24"
ICD-8,9689,227,548,1979,1986,"01-04, 05-09, 10-14, 15-19, 20-24"
ICD-8,1624,122,547,1979,1986,"35-39, 40-44, 45-49, 50-54, 55-59"
ICD-8,4269,107,543,1979,1986,"01-04, 05-09, 10-14, 15-19, 20-24"
ICD-8,4239,158,534,1979,1986,"10-14, 15-19, 20-24, 25-29, 30-34"
ICD-8,7775,16,532,1979,1986,<1
ICD-8,7718,17,531,1979,1986,"01-04, 05-09, <1"
ICD-8,5819,175,529,1979,1986,"01-04, 05-09, 10-14, 15-19, 20-24"
ICD-8,5745,104,526,1979,1986,"20-24, 30-34, 35-39, 45-49, 50-54"
ICD-8,9102,148,526,1979,1986,"01-04, 05-09, 10-14, 15-19, 20-24"
ICD-8,4209,154,511,1979,1986,"01-04, 05-09, 15-19, 20-24, 25-29"
ICD-8,7199,115,510,1979,1986,"30-34, 35-39, 40-44, 45-49, 50-54"
ICD-8,1916,203,510,1979,1986,"01-04, 05-09, 10-14, 15-19, 20-24"
ICD-8,1611,125,509,1979,1986,"30-34, 35-39, 40-44, 45-49, 50-54"
ICD-8,9539,191,504,1979,1986,"15-19, 20-24, 25-29, 30-34, 35-39"
ICD-8,8609,157,501,1979,1986,"15-19, 20-24, 25-29, 30-34, 35-39"
ICD-8,5301,128,498,1979,1986,"01-04, 10-14, 25-29, 30-34, 35-39"
ICD-8,9581,186,497,1979,1986,"10-14, 15-19, 20-24, 25-29, 30-34"
ICD-8,9571,173,491,1979,1986,"15-19, 20-24, 25-29, 30-34, 35-39"
ICD-8,5672,145,491,1979,1986,"10-14, 20-24, 25-29, 30-34, 35-39"
ICD-8,539,91,488,1979,1986,"15-19, 25-29, 30-34, 40-44, 50-54"
ICD-8,5939,187,483,1979,1986,"01-04, 10-14, 15-19, 20-24, 25-29"
ICD-8,4321,142,480,1979,1986,"01-04, 15-19, 20-24, 25-29, 30-34"
ICD-8,5188,155,479,1979,1986,"01-04, 10-14, 15-19, 20-24, 25-29"
ICD-8,5119,128,469,1979,1986,"10-14, 20-24, 30-34, 35-39, 40-44"
ICD-8,9521,124,466,1979,1986,"15-19, 20-24, 25-29, 30-34, 35-39"
ICD-8,4251,203,465,1979,1986,"01-04, 05-09, 10-14, 15-19, 20-24"
ICD-8,2875,157,464,1979,1986,"01-04, 10-14, 15-19, 20-24, 25-29"
ICD-8,1598,120,448,1979,1986,"30-34, 35-39, 40-44, 45-49, 50-54"
ICD-8,1572,131,447,1979,1986,"25-29, 30-34, 40-44, 45-49, 50-54"
ICD-8,8849,188,445,1979,1986,"01-04, 05-09, 10-14, 15-19, 20-24"
ICD-8,5522,112,440,1979,1986,"40-44, 45-49, 50-54, 55-59, 60-64"
ICD-8,9505,166,435,1979,1986,"15-19, 20-24, 25-29, 30-34, 35-39"
ICD-8,3441,130,434,1979,1986,"05-09, 25-29, 30-34, 35-39, 40-44"
ICD-8,5996,97,432,1979,1986,"01-04, 15-19, 20-24, 30-34, 35-39"
ICD-8,7798,21,429,1979,1986,"01-04, 20-24, <1"
ICD-8,5304,129,427,1979,1986,"15-19, 25-29, 30-34, 35-39, 40-44"
ICD-8,3239,220,417,1979,1986,"01-04, 05-09, 10-14, 15-19, 20-24"
ICD-8,7456,82,417,1979,1986,"01-04, 05-09, 10-14, 15-19, 20-24"
ICD-8,2866,178,415,1979,1986,"01-04, 05-09, 10-14, 15-19, 20-24"
ICD-8,8789,141,415,1979,1986,"01-04, 10-14, 20-24, 25-29, 30-34"
ICD-8,4465,90,414,1979,1986,"20-24, 35-39, 40-44, 45-49, 50-54"
ICD-8,2554,178,413,1979,1986,"01-04, 05-09, 10-14, 15-19, 20-24"
ICD-8,5839,160,412,1979,1986,"01-04, 05-09, 10-14, 15-19, 20-24"
ICD-8,5571,114,411,1979,1986,"40-44, 45-49, 50-54, 55-59, 60-64"
ICD-8,3190,170,409,1979,1986,"01-04, 05-09, 10-14, 15-19, 20-24"
ICD-8,1504,122,409,1979,1986,"25-29, 35-39, 40-44, 45-49, 50-54"
ICD-8,5711,150,408,1979,1986,"20-24, 25-29, 30-34, 35-39, 40-44"
ICD-8,5938,129,408,1979,1986,"01-04, 15-19, 20-24, 25-29, 35-39"
ICD-8,5521,113,396,1979,1986,"40-44, 45-49, 50-54, 55-59, 60-64"
ICD-8,5759,131,392,1979,1986,"25-29, 30-34, 35-39, 40-44, 45-49"
ICD-8,9589,141,391,1979,1986,"10-14, 15-19, 20-24, 25-29, 30-34"
ICD-8,5699,124,390,1979,1986,"01-04, 05-09, 20-24, 25-29, 30-34"
ICD-8,5379,121,384,1979,1986,"10-14, 15-19, 30-34, 35-39, 40-44"
ICD-8,5523,109,382,1979,1986,"01-04, 05-09, 10-14, 20-24, 25-29"
ICD-8,3314,179,381,1979,1986,"01-04, 05-09, 10-14, 15-19, 20-24"
ICD-8,8785,98,379,1979,1986,"40-44, 45-49, 50-54, 55-59, 60-64"
ICD-8,4824,180,378,1979,1986,"01-04, 05-09, 10-14, 15-19, 20-24"
ICD-8,1917,178,377,1979,1986,"01-04, 05-09, 10-14, 15-19, 20-24"
ICD-8,5741,113,373,1979,1986,"20-24, 25-29, 30-34, 35-39, 40-44"
ICD-8,703,141,370,1979,1986,"01-04, 15-19, 20-24, 25-29, 30-34"
ICD-8,1716,170,368,1979,1986,"01-04, 05-09, 10-14, 15-19, 20-24"
ICD-8,362,124,368,1979,1986,"01-04, 05-09, 10-14, 15-19, 20-24"
ICD-8,9802,160,367,1979,1986,"15-19, 20-24, 25-29, 30-34, 35-39"
ICD-8,9104,182,360,1979,1986,"01-04, 05-09, 10-14, 15-19, 20-24"
ICD-8,4476,146,357,1979,1986,"01-04, 05-09, 10-14, 15-19, 25-29"
ICD-8,4021,113,355,1979,1986,"35-39, 40-44, 45-49, 50-54, 55-59"
ICD-8,9881,193,352,1979,1986,"01-04, 05-09, 10-14, 15-19, 20-24"
ICD-8,3448,98,349,1979,1986,"40-44, 45-49, 50-54, 55-59, 60-64"
ICD-8,7211,96,349,1979,1986,"15-19, 30-34, 45-49, 50-54, 55-59"
ICD-8,5724,130,349,1979,1986,"01-04, 05-09, 20-24, 25-29, 30-34"
ICD-8,5529,106,349,1979,1986,"01-04, 05-09, 10-14, 30-34, 35-39"
ICD-8,5959,105,347,1979,1986,"15-19, 30-34, 40-44, 45-49, 50-54"
ICD-8,1522,130,345,1979,1986,"25-29, 30-34, 35-39, 40-44, 45-49"
ICD-8,4161,154,344,1979,1986,"10-14, 15-19, 20-24, 25-29, 30-34"
ICD-8,5733,176,344,1979,1986,"01-04, 05-09, 10-14, 15-19, 20-24"
ICD-8,5678,118,343,1979,1986,"30-34, 35-39, 40-44, 45-49, 50-54"
ICD-8,7705,16,341,1979,1985,"75-79, 80-84, <1"
ICD-8,4659,83,338,1979,1986,"01-04, 05-09, 10-14, 15-19, 30-34"
ICD-8,4448,97,338,1979,1986,"15-19, 40-44, 50-54, 55-59, 60-64"
ICD-8,384,132,328,1979,1986,"01-04, 15-19, 20-24, 30-34, 35-39"
ICD-8,2398,110,327,1979,1986,"01-04, 05-09, 10-14, 15-19, 20-24"
ICD-8,2848,126,322,1979,1986,"01-04, 10-14, 15-19, 20-24, 25-29"
ICD-8,3592,137,321,1979,1986,"01-04, 05-09, 15-19, 20-24, 25-29"
ICD-8,4373,144,319,1979,1986,"01-04, 10-14, 15-19, 20-24, 25-29"
ICD-8,2397,152,316,1979,1986,"01-04, 05-09, 10-14, 15-19, 20-24"
ICD-8,499,195,314,1979,1986,"01-04, 05-09, 10-14, 15-19, 20-24"
ICD-8,4278,109,314,1979,1986,"01-04, 05-09, 15-19, 30-34, 35-39"
ICD-8,5326,105,301,1979,1986,"35-39, 40-44, 45-49, 50-54, 55-59"
ICD-8,2008,137,300,1979,1986,"05-09, 15-19, 20-24, 25-29, 30-34"
ICD-8,7302,113,300,1979,1986,"05-09, 10-14, 15-19, 25-29, 35-39"
ICD-8,9192,91,296,1979,1986,"01-04, 05-09, 10-14, 15-19, 20-24"
ICD-8,1455,119,295,1979,1986,"25-29, 35-39, 40-44, 45-49, 50-54"
ICD-8,7421,95,294,1979,1986,"01-04, 05-09, 10-14, 15-19, 20-24"
ICD-8,4255,113,291,1979,1986,"25-29, 30-34, 35-39, 40-44, 45-49"
ICD-8,5762,108,290,1979,1986,"25-29, 35-39, 40-44, 45-49, 50-54"
ICD-8,6826,97,287,1979,1986,"35-39, 40-44, 45-49, 50-54, 55-59"
ICD-8,5327,115,287,1979,1986,"25-29, 35-39, 40-44, 45-49, 50-54"
ICD-8,7158,60,286,1979,1986,"55-59, 60-64, 65-69, 70-74, 75-79"
ICD-8,2791,55,282,1979,1986,"01-04, 05-09, 10-14, 15-19, 20-24"
ICD-8,3350,44,276,1979,1986,"01-04, 05-09, 10-14, 15-19, 20-24"
ICD-8,2273,123,274,1979,1986,"15-19, 25-29, 30-34, 35-39, 40-44"
ICD-8,9871,142,270,1979,1986,"10-14, 15-19, 20-24, 25-29, 30-34"
ICD-8,5509,88,269,1979,1986,"01-04, 35-39, 45-49, 50-54, 55-59"
ICD-8,9506,146,264,1979,1986,"15-19, 20-24, 25-29, 30-34, 35-39"
ICD-8,7703,14,264,1979,1985,<1
ICD-8,8588,143,263,1979,1986,"10-14, 15-19, 20-24, 25-29, 30-34"
ICD-8,1649,140,262,1979,1986,"01-04, 05-09, 10-14, 15-19, 20-24"
ICD-8,9179,154,262,1979,1986,"01-04, 05-09, 10-14, 15-19, 20-24"
ICD-8,9509,132,259,1979,1986,"15-19, 20-24, 25-29, 30-34, 35-39"
ICD-8,8683,150,257,1979,1986,"01-04, 05-09, 10-14, 15-19, 20-24"
ICD-8,1603,126,256,1979,1986,"05-09, 10-14, 15-19, 20-24, 25-29"
ICD-8,5168,114,255,1979,1986,"01-04, 05-09, 10-14, 15-19, 20-24"
ICD-8,5184,137,255,1979,1986,"05-09, 10-14, 15-19, 20-24, 25-29"
ICD-8,7707,25,254,1979,1986,"01-04, <1"
ICD-8,9538,146,252,1979,1986,"10-14, 15-19, 20-24, 25-29, 30-34"
ICD-8,9584,117,248,1979,1986,"15-19, 20-24, 25-29, 30-34, 35-39"
ICD-8,1521,125,247,1979,1986,"25-29, 30-34, 35-39, 40-44, 45-49"
ICD-8,1893,114,247,1979,1986,"30-34, 35-39, 40-44, 45-49, 50-54"
ICD-8,4428,124,245,1979,1986,"10-14, 15-19, 25-29, 30-34, 35-39"
ICD-8,1714,139,245,1979,1986,"01-04, 05-09, 10-14, 15-19, 20-24"
ICD-8,8682,108,243,1979,1986,"01-04, 10-14, 15-19, 20-24, 25-29"
ICD-8,5355,101,243,1979,1986,"01-04, 05-09, 15-19, 20-24, 25-29"
ICD-8,4274,129,241,1979,1986,"01-04, 05-09, 10-14, 15-19, 20-24"
ICD-8,3569,108,237,1979,1986,"25-29, 30-34, 40-44, 45-49, 50-54"
ICD-8,5317,101,236,1979,1986,"25-29, 35-39, 40-44, 45-49, 50-54"
ICD-8,709,150,233,1979,1986,"01-04, 05-09, 10-14, 15-19, 20-24"
ICD-8,4643,90,233,1979,1986,"01-04, 05-09, 10-14, 15-19, 20-24"
ICD-8,5799,102,232,1979,1986,"01-04, 05-09, 20-24, 25-29, 30-34"
ICD-8,461,100,230,1979,1986,"15-19, 20-24, 30-34, 35-39, 40-44"
ICD-8,7219,73,229,1979,1986,"40-44, 50-54, 55-59, 60-64, 65-69"
ICD-8,4232,111,228,1979,1986,"10-14, 20-24, 25-29, 30-34, 35-39"
ICD-8,2724,100,226,1979,1986,"15-19, 30-34, 35-39, 40-44, 45-49"
ICD-8,1516,89,226,1979,1986,"35-39, 45-49, 50-54, 55-59, 60-64"
ICD-8,4332,109,225,1979,1986,"25-29, 30-34, 35-39, 40-44, 45-49"
ICD-8,9293,106,225,1979,1986,"25-29, 30-34, 35-39, 40-44, 45-49"
ICD-8,3181,148,223,1979,1986,"01-04, 05-09, 10-14, 15-19, 20-24"
ICD-8,1715,126,223,1979,1986,"01-04, 05-09, 10-14, 15-19, 25-29"
ICD-8,1535,122,222,1979,1986,"25-29, 30-34, 35-39, 40-44, 45-49"
ICD-8,6945,67,222,1979,1986,"40-44, 60-64, 65-69, 70-74, 75-79"
ICD-8,4299,111,221,1979,1986,"15-19, 20-24, 25-29, 30-34, 35-39"
ICD-8,5718,117,219,1979,1986,"10-14, 15-19, 20-24, 25-29, 30-34"
ICD-8,2024,105,218,1979,1986,"30-34, 35-39, 40-44, 45-49, 50-54"
ICD-8,7685,16,217,1979,1986,<1
ICD-8,4590,120,216,1979,1986,"10-14, 20-24, 25-29, 30-34, 35-39"
ICD-8,1421,111,216,1979,1986,"05-09, 30-34, 35-39, 40-44, 45-49"
ICD-8,4372,114,213,1979,1986,"10-14, 15-19, 25-29, 30-34, 35-39"
ICD-8,6202,67,208,1979,1986,"10-14, 15-19, 20-24, 25-29, 30-34"
ICD-8,1380,119,205,1979,1986,"10-14, 15-19, 20-24, 25-29, 30-34"
ICD-8,1503,102,204,1979,1986,"30-34, 35-39, 40-44, 45-49, 50-54"
ICD-8,543,135,201,1979,1986,"01-04, 05-09, 10-14, 15-19, 20-24"
ICD-8,2395,85,200,1979,1986,"20-24, 45-49, 50-54, 55-59, 60-64"
ICD-8,1832,63,197,1979,1986,"40-44, 45-49, 50-54, 55-59, 60-64"
ICD-8,4253,70,195,1979,1986,"01-04, 05-09, 10-14, 15-19, 20-24"
ICD-8,8788,123,194,1979,1986,"01-04, 05-09, 10-14, 15-19, 20-24"
ICD-8,3260,118,193,1979,1986,"01-04, 05-09, 10-14, 15-19, 25-29"
ICD-8,3349,99,192,1979,1986,"01-04, 05-09, 15-19, 25-29, 30-34"
ICD-8,2888,59,187,1979,1986,"40-44, 50-54, 55-59, 60-64, 65-69"
ICD-8,5528,89,187,1979,1986,"01-04, 10-14, 20-24, 25-29, 35-39"
ICD-8,7104,111,187,1979,1986,"01-04, 15-19, 20-24, 25-29, 30-34"
ICD-8,2749,77,186,1979,1986,"45-49, 50-54, 55-59, 60-64, 65-69"
ICD-8,4429,97,185,1979,1986,"10-14, 25-29, 30-34, 35-39, 40-44"
ICD-8,3369,91,184,1979,1986,"10-14, 15-19, 25-29, 45-49, 50-54"
ICD-8,5647,93,183,1979,1986,"10-14, 15-19, 20-24, 30-34, 35-39"
ICD-8,2352,92,182,1979,1986,"25-29, 40-44, 45-49, 50-54, 55-59"
ICD-8,5754,76,181,1979,1986,"45-49, 55-59, 60-64, 65-69, 70-74"
ICD-8,8282,109,179,1979,1986,"05-09, 10-14, 15-19, 20-24, 25-29"
ICD-8,114,86,178,1979,1986,"05-09, 30-34, 35-39, 40-44, 45-49"
ICD-8,2394,67,177,1979,1986,"55-59, 60-64, 65-69, 70-74, 75-79"
ICD-8,2776,112,177,1979,1986,"01-04, 05-09, 10-14, 15-19, 20-24"
ICD-8,1640,121,176,1979,1986,"01-04, 10-14, 15-19, 20-24, 25-29"
ICD-8,4472,94,175,1979,1986,"05-09, 20-24, 25-29, 30-34, 35-39"
ICD-8,2023,118,175,1979,1986,"01-04, 05-09, 10-14, 15-19, 20-24"
ICD-8,5401,89,174,1979,1986,"01-04, 10-14, 20-24, 25-29, 30-34"
ICD-8,7429,85,173,1979,1986,"01-04, 05-09, 10-14, 15-19, 20-24"
ICD-8,5316,88,173,1979,1986,"35-39, 45-49, 50-54, 55-59, 60-64"
ICD-8,7503,35,172,1979,1986,"01-04, 05-09, 15-19, 20-24, 60-64"
ICD-8,5308,101,172,1979,1986,"01-04, 05-09, 25-29, 30-34, 40-44"
ICD-8,3360,104,170,1979,1986,"10-14, 25-29, 30-34, 35-39, 40-44"
ICD-8,5723,110,170,1979,1986,"01-04, 05-09, 10-14, 15-19, 25-29"
ICD-8,1453,87,169,1979,1986,"05-09, 40-44, 45-49, 50-54, 55-59"
ICD-8,9872,103,168,1979,1986,"15-19, 20-24, 25-29, 30-34, 35-39"
ICD-8,7078,57,167,1979,1986,"50-54, 55-59, 60-64, 65-69, 70-74"
ICD-8,3318,73,167,1979,1986,"01-04, 05-09, 10-14, 15-19, 25-29"
ICD-8,1914,96,165,1979,1986,"01-04, 10-14, 15-19, 20-24, 25-29"
ICD-8,3071,97,163,1979,1986,"10-14, 15-19, 20-24, 25-29, 30-34"
ICD-8,7371,75,161,1979,1986,"20-24, 30-34, 40-44, 45-49, 50-54"
ICD-8,8811,76,160,1979,1986,"05-09, 10-14, 15-19, 20-24, 25-29"
ICD-8,5989,61,158,1979,1986,"01-04, 30-34, 45-49, 50-54, 55-59"
ICD-8,3202,75,155,1979,1986,"01-04, 10-14, 15-19, 20-24, 25-29"
ICD-8,5694,83,155,1979,1986,"30-34, 35-39, 40-44, 45-49, 50-54"
ICD-8,7567,20,155,1979,1986,"01-04, 05-09, <1"
ICD-8,5790,87,154,1979,1986,"01-04, 25-29, 35-39, 40-44, 45-49"
ICD-8,9805,109,152,1979,1986,"15-19, 20-24, 25-29, 30-34, 35-39"
ICD-8,2682,55,152,1979,1986,"50-54, 55-59, 60-64, 65-69, 70-74"
ICD-8,9248,71,152,1979,1986,"01-04, 40-44, 50-54, 55-59, 60-64"
ICD-8,8796,60,149,1979,1986,"40-44, 50-54, 55-59, 60-64, 65-69"
ICD-8,6144,58,148,1979,1986,"30-34, 40-44, 45-49, 50-54, 55-59"
ICD-8,1906,99,147,1979,1986,"25-29, 30-34, 35-39, 40-44, 45-49"
ICD-8,701,105,147,1979,1986,"01-04, 05-09, 10-14, 15-19, 20-24"
ICD-8,7148,82,147,1979,1986,"35-39, 40-44, 45-49, 50-54, 55-59"
ICD-8,5691,46,146,1979,1986,"25-29, 55-59, 60-64, 65-69, 70-74"
ICD-8,5961,66,145,1979,1986,"40-44, 50-54, 55-59, 60-64, 65-69"
ICD-8,4532,92,145,1979,1986,"01-04, 15-19, 20-24, 25-29, 30-34"
ICD-8,2367,64,144,1979,1986,"50-54, 60-64, 65-69, 70-74, 75-79"
ICD-8,7109,97,141,1979,1986,"01-04, 05-09, 10-14, 20-24, 25-29"
ICD-8,4333,88,141,1979,1986,"30-34, 35-39, 40-44, 45-49, 50-54"
ICD-8,1588,90,140,1979,1986,"15-19, 20-24, 25-29, 30-34, 35-39"
ICD-8,9572,97,140,1979,1986,"10-14, 15-19, 20-24, 25-29, 30-34"
ICD-8,5739,97,140,1979,1986,"01-04, 05-09, 10-14, 15-19, 20-24"
ICD-8,9682,106,139,1979,1986,"01-04, 05-09, 10-14, 15-19, 20-24"
ICD-8,2775,73,139,1979,1986,"01-04, 05-09, 10-14, 15-19, 20-24"
ICD-8,9654,91,138,1979,1986,"01-04, 05-09, 10-14, 15-19, 20-24"
ICD-8,5845,95,138,1979,1986,"05-09, 15-19, 30-34, 35-39, 40-44"
ICD-8,3340,96,137,1979,1986,"05-09, 10-14, 15-19, 20-24, 25-29"
ICD-8,7424,93,137,1979,1986,"01-04, 05-09, 10-14, 15-19, 20-24"
ICD-8,9507,100,136,1979,1986,"20-24, 25-29, 30-34, 35-39, 40-44"
ICD-8,5929,86,136,1979,1986,"20-24, 30-34, 35-39, 40-44, 45-49"
ICD-8,4471,71,136,1979,1986,"50-54, 55-59, 60-64, 65-69, 70-74"
ICD-8,5870,72,135,1979,1986,"01-04, 10-14, 15-19, 25-29, 30-34"
ICD-8,5695,69,135,1979,1986,"40-44, 45-49, 50-54, 55-59, 60-64"
ICD-8,9579,103,134,1979,1986,"15-19, 20-24, 25-29, 30-34, 35-39"
ICD-8,7103,90,134,1979,1986,"01-04, 05-09, 10-14, 15-19, 20-24"
ICD-8,2505,82,134,1979,1986,"15-19, 20-24, 30-34, 35-39, 40-44"
ICD-8,3432,96,132,1979,1986,"01-04, 05-09, 10-14, 15-19, 20-24"
ICD-8,5321,76,131,1979,1986,"25-29, 35-39, 45-49, 50-54, 55-59"
ICD-8,2895,91,131,1979,1986,"01-04, 05-09, 20-24, 30-34, 35-39"
ICD-8,1548,90,131,1979,1986,"25-29, 35-39, 40-44, 45-49, 50-54"
ICD-8,1915,102,130,1979,1986,"01-04, 05-09, 10-14, 15-19, 20-24"
ICD-8,3951,83,129,1979,1986,"20-24, 25-29, 30-34, 35-39, 40-44"
ICD-8,8841,78,129,1979,1986,"05-09, 10-14, 15-19, 20-24, 25-29"
ICD-8,9299,91,126,1979,1986,"10-14, 15-19, 20-24, 25-29, 30-34"
ICD-8,5952,69,123,1979,1986,"40-44, 45-49, 50-54, 55-59, 60-64"
ICD-8,5378,78,121,1979,1986,"01-04, 10-14, 15-19, 20-24, 25-29"
ICD-8,5809,87,121,1979,1986,"01-04, 10-14, 15-19, 20-24, 25-29"
ICD-8,3485,88,119,1979,1986,"01-04, 05-09, 10-14, 15-19, 20-24"
ICD-8,1901,79,119,1979,1986,"01-04, 05-09, 10-14, 15-19, 20-24"
ICD-8,5838,77,119,1979,1986,"10-14, 30-34, 40-44, 45-49, 50-54"
ICD-8,1877,51,119,1979,1986,"25-29, 30-34, 50-54, 55-59, 60-64"
ICD-8,9809,91,119,1979,1986,"15-19, 20-24, 25-29, 30-34, 35-39"
ICD-8,4828,83,118,1979,1986,"01-04, 15-19, 20-24, 30-34, 35-39"
ICD-8,2052,69,118,1979,1986,"05-09, 10-14, 30-34, 40-44, 50-54"
ICD-8,7993,40,117,1979,1986,"60-64, 65-69, 70-74, 75-79, 80-84"
ICD-8,5781,53,116,1979,1986,"65-69, 70-74, 75-79, 80-84, 85+"
ICD-8,8689,70,116,1979,1986,"10-14, 15-19, 20-24, 25-29, 30-34"
ICD-8,9854,78,114,1979,1986,"10-14, 15-19, 20-24, 25-29, 30-34"
ICD-8,9131,70,113,1979,1986,"01-04, 05-09, 10-14, 15-19, 20-24"
ICD-8,7141,63,112,1979,1986,"40-44, 45-49, 50-54, 55-59, 60-64"
ICD-8,9879,89,111,1979,1986,"15-19, 20-24, 25-29, 30-34, 35-39"
ICD-8,3483,77,110,1979,1986,"01-04, 05-09, 10-14, 15-19, 20-24"
ICD-8,5551,69,110,1979,1986,"15-19, 20-24, 30-34, 45-49, 50-54"
ICD-8,5185,76,108,1979,1986,"15-19, 20-24, 25-29, 30-34, 35-39"
ICD-8,2081,66,107,1979,1986,"10-14, 20-24, 35-39, 40-44, 50-54"
ICD-8,9198,70,107,1979,1986,"01-04, 05-09, 10-14, 15-19, 20-24"
ICD-8,1363,70,106,1979,1986,"01-04, 05-09, 15-19, 20-24, 25-29"
ICD-8,7301,65,105,1979,1986,"15-19, 40-44, 50-54, 55-59, 60-64"
ICD-8,2762,72,105,1979,1986,"01-04, 15-19, 20-24, 25-29, 30-34"
ICD-8,3361,67,105,1979,1986,"25-29, 35-39, 40-44, 50-54, 55-59"
ICD-8,4238,71,104,1979,1986,"05-09, 20-24, 35-39, 40-44, 45-49"
ICD-8,5941,64,104,1979,1986,"25-29, 50-54, 55-59, 60-64, 65-69"
ICD-8,2966,56,104,1979,1986,"20-24, 35-39, 40-44, 45-49, 50-54"
ICD-8,2377,85,103,1979,1986,"01-04, 10-14, 15-19, 20-24, 25-29"
ICD-8,9197,66,103,1979,1986,"10-14, 15-19, 20-24, 25-29, 30-34"
ICD-8,4011,64,102,1979,1986,"45-49, 55-59, 60-64, 65-69, 70-74"
ICD-8,3568,56,101,1979,1986,"50-54, 55-59, 60-64, 65-69, 70-74"
ICD-8,1398,82,101,1979,1986,"01-04, 05-09, 10-14, 15-19, 20-24"
ICD-8,4338,67,101,1979,1986,"40-44, 45-49, 50-54, 55-59, 60-64"
ICD-8,2592,67,101,1979,1986,"35-39, 40-44, 45-49, 50-54, 55-59"
ICD-8,4298,71,100,1979,1986,"15-19, 25-29, 35-39, 40-44, 45-49"
ICD-8,363,71,100,1979,1986,"01-04, 05-09, 10-14, 15-19, 20-24"
ICD-8,1369,65,99,1979,1986,"10-14, 20-24, 25-29, 30-34, 35-39"
ICD-8,5738,72,98,1979,1986,"05-09, 15-19, 20-24, 30-34, 40-44"
ICD-8,5772,69,97,1979,1986,"25-29, 30-34, 40-44, 45-49, 50-54"
ICD-8,3599,69,97,1979,1986,"01-04, 10-14, 15-19, 20-24, 30-34"
ICD-8,2778,72,96,1979,1986,"01-04, 05-09, 10-14, 15-19, 20-24"
ICD-8,9651,72,96,1979,1986,"01-04, 05-09, 10-14, 15-19, 20-24"
ICD-8,3488,75,94,1979,1986,"01-04, 05-09, 10-14, 15-19, 25-29"
ICD-8,2662,55,94,1979,1986,"25-29, 45-49, 50-54, 55-59, 60-64"
ICD-8,5778,67,94,1979,1986,"25-29, 30-34, 35-39, 40-44, 45-49"
ICD-8,2512,76,94,1979,1986,"01-04, 05-09, 15-19, 20-24, 25-29"
ICD-8,1612,59,93,1979,1986,"25-29, 45-49, 55-59, 60-64, 65-69"
ICD-8,3449,65,93,1979,1986,"05-09, 10-14, 15-19, 20-24, 25-29"
ICD-8,2031,71,93,1979,1986,"35-39, 40-44, 45-49, 50-54, 55-59"
ICD-8,2727,62,93,1979,1986,"01-04, 05-09, 10-14, 15-19, 20-24"
ICD-8,7079,47,92,1979,1986,"45-49, 50-54, 55-59, 65-69, 70-74"
ICD-8,5374,67,92,1979,1986,"30-34, 40-44, 45-49, 50-54, 55-59"
ICD-8,4541,62,92,1979,1986,"30-34, 35-39, 40-44, 45-49, 50-54"
ICD-8,1452,66,91,1979,1986,"40-44, 45-49, 50-54, 55-59, 60-64"
ICD-8,5722,71,91,1979,1986,"15-19, 25-29, 40-44, 45-49, 50-54"
ICD-8,9883,67,90,1979,1986,"15-19, 20-24, 25-29, 30-34, 35-39"
ICD-8,4478,60,90,1979,1986,"20-24, 35-39, 45-49, 50-54, 55-59"
ICD-8,2127,71,89,1979,1986,"10-14, 15-19, 20-24, 25-29, 30-34"
ICD-8,5313,54,89,1979,1986,"05-09, 40-44, 45-49, 50-54, 55-59"
ICD-8,8624,47,89,1979,1986,"01-04, 10-14, 15-19, 20-24, 25-29"
ICD-8,5344,60,89,1979,1986,"45-49, 55-59, 60-64, 65-69, 70-74"
ICD-8,5693,55,89,1979,1986,"45-49, 55-59, 60-64, 65-69, 70-74"
ICD-8,4782,64,88,1979,1986,"01-04, 10-14, 15-19, 20-24, 25-29"
ICD-8,2826,70,88,1979,1986,"01-04, 05-09, 10-14, 15-19, 20-24"
ICD-8,9839,71,88,1979,1986,"10-14, 15-19, 20-24, 25-29, 30-34"
ICD-8,9133,61,87,1979,1986,"05-09, 10-14, 15-19, 20-24, 25-29"
ICD-8,9688,67,87,1979,1986,"01-04, 05-09, 10-14, 15-19, 20-24"
ICD-8,532,39,86,1979,1986,"55-59, 60-64, 70-74, 75-79, 80-84"
ICD-8,31,64,85,1979,1986,"01-04, 20-24, 25-29, 35-39, 40-44"
ICD-8,8460,53,85,1979,1986,"15-19, 20-24, 25-29, 30-34, 35-39"
ICD-8,1628,51,85,1979,1986,"30-34, 40-44, 45-49, 50-54, 55-59"
ICD-8,2831,64,84,1979,1986,"01-04, 05-09, 10-14, 15-19, 20-24"
ICD-8,7165,53,84,1979,1986,"40-44, 45-49, 50-54, 55-59, 60-64"
ICD-8,1955,48,84,1979,1986,"25-29, 45-49, 50-54, 55-59, 60-64"
ICD-8,6944,45,83,1979,1986,"50-54, 55-59, 60-64, 65-69, 70-74"
ICD-8,8839,60,82,1979,1986,"01-04, 10-14, 15-19, 20-24, 25-29"
ICD-8,2159,54,81,1979,1986,"10-14, 15-19, 20-24, 25-29, 45-49"
ICD-8,5307,59,81,1979,1986,"15-19, 25-29, 45-49, 50-54, 55-59"
ICD-8,9851,55,80,1979,1986,"05-09, 10-14, 15-19, 20-24, 25-29"
ICD-8,7704,14,80,1979,1985,<1
ICD-8,4423,53,80,1979,1986,"40-44, 45-49, 55-59, 60-64, 65-69"
ICD-8,9191,54,80,1979,1986,"15-19, 20-24, 25-29, 30-34, 35-39"
ICD-8,4542,51,80,1979,1986,"40-44, 45-49, 50-54, 55-59, 60-64"
ICD-8,4950,51,79,1979,1986,"35-39, 40-44, 45-49, 50-54, 55-59"
ICD-8,3952,55,79,1979,1986,"45-49, 50-54, 55-59, 60-64, 65-69"
ICD-8,1905,63,79,1979,1986,"01-04, 05-09, 10-14, 45-49, 50-54"
ICD-8,5550,58,78,1979,1986,"05-09, 10-14, 15-19, 20-24, 25-29"
ICD-8,5345,54,77,1979,1986,"35-39, 40-44, 55-59, 60-64, 65-69"
ICD-8,8782,61,77,1979,1986,"20-24, 30-34, 45-49, 50-54, 55-59"
ICD-8,4231,57,76,1979,1986,"35-39, 45-49, 50-54, 55-59, 60-64"
ICD-8,5311,56,75,1979,1986,"25-29, 45-49, 50-54, 55-59, 60-64"
ICD-8,9298,54,75,1979,1986,"10-14, 15-19, 20-24, 25-29, 30-34"
ICD-8,8869,51,75,1979,1986,"05-09, 20-24, 35-39, 45-49, 50-54"
ICD-8,5758,46,74,1979,1986,"40-44, 45-49, 50-54, 60-64, 65-69"
ICD-8,7425,49,73,1979,1986,"01-04, 05-09, 10-14, 30-34, 35-39"
ICD-8,9821,60,72,1979,1986,"01-04, 15-19, 20-24, 25-29, 30-34"
ICD-8,5921,53,72,1979,1986,"25-29, 35-39, 40-44, 45-49, 50-54"
ICD-8,9252,44,71,1979,1986,"05-09, 10-14, 15-19, 20-24, 25-29"
ICD-8,3335,42,70,1979,1986,"45-49, 55-59, 65-69, 70-74, 75-79"
ICD-8,84,53,70,1979,1986,"01-04, 10-14, 15-19, 20-24, 25-29"
ICD-8,1498,42,69,1979,1986,"15-19, 30-34, 35-39, 40-44, 45-49"
ICD-8,2088,53,69,1979,1986,"05-09, 25-29, 30-34, 35-39, 40-44"
ICD-8,9807,59,69,1979,1986,"15-19, 20-24, 25-29, 30-34, 35-39"
ICD-8,3348,60,69,1979,1986,"01-04, 10-14, 15-19, 20-24, 25-29"
ICD-8,4787,59,68,1979,1986,"01-04, 15-19, 20-24, 35-39, 40-44"
ICD-8,2972,31,68,1979,1986,"65-69, 70-74, 75-79, 80-84, 85+"
ICD-8,3351,57,67,1979,1986,"01-04, 05-09, 10-14, 15-19, 20-24"
ICD-8,4592,54,66,1979,1986,"01-04, 15-19, 50-54, 55-59, 60-64"
ICD-8,112,56,66,1979,1986,"20-24, 30-34, 40-44, 45-49, 50-54"
ICD-8,5351,45,65,1979,1986,"50-54, 55-59, 60-64, 65-69, 70-74"
ICD-8,9043,54,65,1979,1986,"15-19, 25-29, 30-34, 35-39, 40-44"
ICD-8,2392,50,65,1979,1986,"10-14, 20-24, 30-34, 35-39, 40-44"
ICD-8,1641,54,64,1979,1986,"05-09, 10-14, 15-19, 20-24, 25-29"
ICD-8,9831,57,64,1979,1986,"01-04, 15-19, 20-24, 25-29, 30-34"
ICD-8,551,40,64,1979,1986,"01-04, 05-09, 10-14, 15-19, 25-29"
ICD-8,2779,44,64,1979,1986,"01-04, 10-14, 15-19, 25-29, 45-49"
ICD-8,3250,55,64,1979,1986,"01-04, 15-19, 20-24, 25-29, 30-34"
ICD-8,3498,58,63,1979,1986,"01-04, 05-09, 10-14, 15-19, 20-24"
ICD-8,462,36,63,1979,1986,"05-09, 10-14, 15-19, 20-24, 25-29"
ICD-8,8704,44,62,1979,1986,"40-44, 45-49, 50-54, 55-59, 60-64"
ICD-8,4878,51,62,1979,1986,"15-19, 25-29, 30-34, 35-39, 40-44"
ICD-8,3419,50,62,1979,1986,"01-04, 25-29, 30-34, 35-39, 40-44"
ICD-8,2902,30,61,1979,1986,"70-74, 75-79, 80-84, 85+"
ICD-8,3579,53,61,1979,1986,"20-24, 25-29, 30-34, 35-39, 40-44"
ICD-8,931,45,61,1979,1986,"45-49, 50-54, 55-59, 60-64, 65-69"
ICD-8,5337,38,60,1979,1986,"55-59, 60-64, 65-69, 70-74, 75-79"
ICD-8,4466,52,60,1979,1986,"15-19, 20-24, 25-29, 30-34, 35-39"
ICD-8,2536,41,60,1979,1986,"50-54, 55-59, 60-64, 65-69, 70-74"
ICD-8,9068,53,60,1979,1986,"01-04, 05-09, 10-14, 15-19, 20-24"
ICD-8,5963,46,59,1979,1986,"35-39, 45-49, 55-59, 60-64, 65-69"
ICD-8,1461,47,59,1979,1986,"40-44, 45-49, 50-54, 55-59, 60-64"
ICD-8,8426,43,59,1979,1986,"10-14, 15-19, 20-24, 25-29, 30-34"
ICD-8,9221,45,59,1979,1986,"01-04, 05-09, 10-14, 15-19, 20-24"
ICD-8,479,53,59,1979,1986,"01-04, 05-09, 15-19, 20-24, 25-29"
ICD-8,5769,47,59,1979,1986,"01-04, 30-34, 40-44, 45-49, 50-54"
ICD-8,2767,46,58,1979,1986,"01-04, 20-24, 25-29, 30-34, 40-44"
ICD-8,5997,36,58,1979,1986,"45-49, 60-64, 65-69, 70-74, 75-79"
ICD-8,6181,35,58,1979,1986,"45-49, 50-54, 60-64, 65-69, 70-74"
ICD-8,7422,32,58,1979,1986,"01-04, 05-09, 10-14, 20-24, 25-29"
ICD-8,2794,51,57,1979,1986,"01-04, 05-09, 15-19, 25-29, 30-34"
ICD-8,5969,42,57,1979,1986,"15-19, 40-44, 45-49, 50-54, 55-59"
ICD-8,8705,48,57,1979,1986,"15-19, 20-24, 35-39, 40-44, 45-49"
ICD-8,531,35,57,1979,1986,"15-19, 45-49, 55-59, 60-64, 65-69"
ICD-8,5368,48,56,1979,1986,"15-19, 20-24, 25-29, 35-39, 40-44"
ICD-8,415,44,56,1979,1986,"01-04, 05-09, 25-29, 55-59, 60-64"
ICD-8,1574,46,55,1979,1986,"15-19, 25-29, 30-34, 35-39, 40-44"
ICD-8,1717,47,55,1979,1986,"01-04, 20-24, 45-49, 50-54, 55-59"
ICD-8,4571,39,55,1979,1986,"01-04, 20-24, 35-39, 50-54, 60-64"
ICD-8,6149,39,55,1979,1986,"20-24, 25-29, 30-34, 35-39, 40-44"
ICD-8,2271,44,54,1979,1986,"30-34, 35-39, 45-49, 50-54, 55-59"
ICD-8,6191,31,54,1979,1986,"45-49, 55-59, 60-64, 65-69, 70-74"
ICD-8,7638,15,54,1979,1986,"25-29, <1"
ICD-8,4931,47,54,1979,1986,"10-14, 45-49, 50-54, 55-59, 60-64"
ICD-8,3590,35,53,1979,1986,"01-04, 05-09, 10-14, 15-19, 40-44"
ICD-8,3598,42,52,1979,1986,"01-04, 10-14, 15-19, 20-24, 25-29"
ICD-8,5336,37,52,1979,1986,"55-59, 60-64, 65-69, 70-74, 75-79"
ICD-8,6084,31,52,1979,1986,"45-49, 50-54, 55-59, 65-69, 70-74"
ICD-8,8798,39,51,1979,1986,"15-19, 30-34, 35-39, 40-44, 45-49"
ICD-8,2768,39,51,1979,1986,"35-39, 40-44, 45-49, 50-54, 55-59"
ICD-8,6958,39,51,1979,1986,"20-24, 50-54, 55-59, 60-64, 65-69"
ICD-8,2793,39,50,1980,1986,"01-04, 05-09, 10-14, 20-24, 25-29"
ICD-8,8698,40,50,1979,1986,"01-04, 10-14, 15-19, 20-24, 25-29"
ICD-8,785,44,49,1979,1986,"01-04, 05-09, 10-14, 15-19, 20-24"
ICD-8,1372,40,49,1979,1986,"45-49, 50-54, 55-59, 60-64, 65-69"
ICD-8,2769,41,49,1979,1986,"01-04, 45-49, 55-59, 60-64, 65-69"
ICD-8,5968,40,49,1979,1986,"10-14, 30-34, 45-49, 60-64, 65-69"
ICD-8,1483,38,48,1979,1986,"35-39, 40-44, 45-49, 50-54, 55-59"
ICD-8,1373,42,48,1979,1986,"25-29, 35-39, 40-44, 45-49, 50-54"
ICD-8,6142,38,46,1979,1986,"15-19, 25-29, 30-34, 35-39, 40-44"
ICD-8,4642,30,46,1979,1986,"01-04, 10-14, 15-19, 35-39, 50-54"
ICD-8,4267,41,46,1979,1986,"05-09, 10-14, 15-19, 25-29, 30-34"
ICD-8,2038,39,46,1979,1986,"15-19, 30-34, 40-44, 45-49, 50-54"
ICD-8,4533,42,46,1979,1986,"01-04, 05-09, 35-39, 40-44, 50-54"
ICD-8,2015,45,46,1979,1986,"15-19, 20-24, 25-29, 30-34, 35-39"
ICD-8,9838,40,45,1979,1986,"05-09, 10-14, 15-19, 20-24, 25-29"
ICD-8,8786,36,45,1979,1986,"01-04, 05-09, 30-34, 35-39, 40-44"
ICD-8,2126,41,45,1979,1986,"10-14, 15-19, 25-29, 40-44, 45-49"
ICD-8,3342,41,45,1979,1986,"10-14, 20-24, 25-29, 35-39, 40-44"
ICD-8,2357,40,45,1979,1986,"20-24, 25-29, 35-39, 40-44, 45-49"
ICD-8,7712,20,44,1979,1986,"01-04, 10-14, 15-19, <1"
ICD-8,549,36,44,1979,1986,"01-04, 05-09, 10-14, 20-24, 25-29"
ICD-8,2002,39,44,1979,1986,"01-04, 05-09, 10-14, 15-19, 20-24"
ICD-8,6088,29,44,1979,1986,"40-44, 50-54, 55-59, 60-64, 65-69"
ICD-8,93,30,43,1979,1986,"01-04, 35-39, 55-59, 60-64, 70-74"
ICD-8,9806,38,43,1979,1986,"30-34, 35-39, 40-44, 45-49, 50-54"
ICD-8,7504,34,43,1979,1986,"01-04, 40-44, 60-64, 65-69, 70-74"
ICD-8,9103,35,43,1979,1986,"10-14, 15-19, 20-24, 25-29, 30-34"
ICD-8,7119,31,43,1979,1986,"60-64, 65-69, 70-74, 75-79, 80-84"
ICD-8,8784,40,43,1979,1986,"05-09, 20-24, 25-29, 30-34, 40-44"
ICD-8,2078,34,43,1979,1986,"01-04, 05-09, 10-14, 30-34, 40-44"
ICD-8,7809,30,42,1979,1986,"35-39, 50-54, 55-59, 60-64, 65-69"
ICD-8,8708,33,42,1979,1986,"10-14, 30-34, 35-39, 40-44, 45-49"
ICD-8,9588,40,42,1979,1986,"15-19, 20-24, 25-29, 30-34, 35-39"
ICD-8,5798,37,42,1979,1986,"20-24, 30-34, 35-39, 45-49, 50-54"
ICD-8,7428,32,42,1979,1986,"01-04, 05-09, 10-14, 15-19, 25-29"
ICD-8,9288,35,42,1979,1986,"01-04, 05-09, 15-19, 20-24, 25-29"
ICD-8,1843,33,41,1979,1986,"35-39, 55-59, 60-64, 65-69, 70-74"
ICD-8,2741,33,41,1979,1986,"35-39, 45-49, 55-59, 60-64, 65-69"
ICD-8,8781,35,41,1979,1986,"25-29, 55-59, 60-64, 65-69, 70-74"
ICD-8,2761,34,41,1979,1986,"01-04, 25-29, 40-44, 45-49, 50-54"
ICD-8,9622,29,41,1979,1986,"01-04, 05-09, 10-14, 20-24, 25-29"
ICD-8,4786,36,40,1979,1986,"01-04, 05-09, 15-19, 20-24, 30-34"
ICD-8,1463,32,40,1979,1986,"45-49, 50-54, 55-59, 60-64, 65-69"
ICD-8,4421,32,40,1979,1986,"40-44, 45-49, 50-54, 55-59, 60-64"
ICD-8,7143,34,40,1979,1986,"01-04, 05-09, 10-14, 15-19, 20-24"
ICD-8,3343,31,40,1979,1986,"35-39, 40-44, 55-59, 60-64, 65-69"
ICD-8,5958,28,40,1979,1986,"50-54, 55-59, 60-64, 65-69, 70-74"
ICD-8,4959,33,40,1979,1986,"35-39, 50-54, 55-59, 60-64, 65-69"
ICD-8,8601,34,39,1979,1986,"05-09, 15-19, 30-34, 35-39, 40-44"
ICD-8,3203,36,39,1979,1986,"01-04, 10-14, 15-19, 20-24, 35-39"
ICD-8,2452,29,39,1979,1986,"15-19, 35-39, 50-54, 55-59, 60-64"
ICD-8,3589,35,39,1979,1986,"20-24, 45-49, 55-59, 60-64, 65-69"
ICD-8,8558,34,38,1979,1986,"15-19, 25-29, 30-34, 35-39, 40-44"
ICD-8,2832,36,38,1979,1986,"15-19, 20-24, 25-29, 30-34, 35-39"
ICD-8,4263,30,38,1979,1986,"55-59, 60-64, 65-69, 70-74, 75-79"
ICD-8,5118,30,37,1979,1986,"35-39, 40-44, 50-54, 55-59, 60-64"
ICD-8,7184,29,37,1979,1986,"55-59, 60-64, 65-69, 70-74, 75-79"
ICD-8,7732,11,37,1979,1986,<1
ICD-8,4918,34,37,1979,1986,"01-04, 15-19, 35-39, 50-54, 55-59"
ICD-8,5764,33,36,1979,1986,"50-54, 55-59, 60-64, 65-69, 70-74"
ICD-8,7209,33,36,1979,1986,"55-59, 60-64, 65-69, 70-74, 75-79"
ICD-8,6183,25,36,1979,1986,"65-69, 70-74, 75-79, 80-84, 85+"
ICD-8,5688,33,36,1979,1986,"25-29, 45-49, 50-54, 55-59, 60-64"
ICD-8,9196,28,36,1979,1986,"15-19, 20-24, 25-29, 30-34, 35-39"
ICD-8,5744,27,36,1979,1986,"50-54, 60-64, 65-69, 70-74, 75-79"
ICD-8,6827,32,36,1979,1986,"50-54, 60-64, 65-69, 70-74, 75-79"
ICD-8,3308,28,36,1979,1986,"01-04, 05-09, 10-14, 15-19, 40-44"
ICD-8,2017,33,35,1979,1986,"15-19, 20-24, 25-29, 30-34, 35-39"
ICD-8,7744,20,35,1979,1986,"01-04, 05-09, 10-14, <1"
ICD-8,7142,29,35,1979,1986,"45-49, 50-54, 55-59, 60-64, 65-69"
ICD-8,1958,32,35,1979,1986,"35-39, 40-44, 45-49, 50-54, 55-59"
ICD-8,5836,30,35,1979,1986,"05-09, 45-49, 50-54, 55-59, 60-64"
ICD-8,6426,26,35,1979,1986,"15-19, 20-24, 25-29, 30-34, 35-39"
ICD-8,2469,29,35,1979,1986,"15-19, 45-49, 50-54, 55-59, 65-69"
ICD-8,8681,33,35,1979,1986,"15-19, 20-24, 25-29, 30-34, 35-39"
ICD-8,932,32,35,1979,1986,"15-19, 45-49, 50-54, 55-59, 60-64"
ICD-8,4783,27,35,1979,1986,"65-69, 70-74, 75-79, 80-84, 85+"
ICD-8,5193,30,34,1979,1986,"20-24, 30-34, 40-44, 55-59, 60-64"
ICD-8,1471,30,34,1979,1986,"30-34, 45-49, 50-54, 55-59, 60-64"
ICD-8,7678,13,34,1979,1986,<1
ICD-8,1946,31,34,1979,1986,"20-24, 25-29, 30-34, 45-49, 50-54"
ICD-8,3559,31,33,1979,1986,"30-34, 45-49, 50-54, 55-59, 60-64"
ICD-8,9193,27,33,1979,1986,"15-19, 20-24, 25-29, 30-34, 35-39"
ICD-8,2792,22,33,1979,1986,"01-04, 05-09, 10-14, 15-19, 55-59"
ICD-8,178,31,32,1979,1986,"20-24, 30-34, 35-39, 40-44, 45-49"
ICD-8,5821,28,32,1979,1986,"35-39, 40-44, 50-54, 55-59, 60-64"
ICD-8,4952,28,32,1979,1986,"35-39, 40-44, 45-49, 55-59, 60-64"
ICD-8,5306,23,32,1980,1986,"15-19, 60-64, 70-74, 75-79, 80-84"
ICD-8,1898,20,32,1979,1986,"45-49, 55-59, 60-64, 65-69, 70-74"
ICD-8,5831,28,32,1979,1986,"01-04, 35-39, 40-44, 45-49, 50-54"
ICD-8,8447,21,32,1979,1986,"15-19, 20-24, 25-29, 30-34, 35-39"
ICD-8,4641,29,31,1979,1986,"01-04, 05-09, 10-14, 15-19, 30-34"
ICD-8,1456,29,31,1979,1986,"45-49, 50-54, 55-59, 60-64, 65-69"
ICD-8,1416,26,31,1979,1986,"45-49, 50-54, 55-59, 60-64, 65-69"
ICD-8,4556,28,30,1979,1986,"35-39, 50-54, 55-59, 60-64, 65-69"
ICD-8,7998,19,30,1979,1986,"60-64, 70-74, 75-79, 80-84, 85+"
ICD-8,5743,25,30,1979,1986,"50-54, 60-64, 65-69, 70-74, 75-79"
ICD-8,4266,26,30,1979,1986,"01-04, 20-24, 50-54, 55-59, 60-64"
ICD-8,4374,28,30,1979,1986,"15-19, 20-24, 25-29, 45-49, 50-54"
ICD-8,4518,27,30,1979,1986,"20-24, 35-39, 45-49, 50-54, 55-59"
ICD-8,2788,27,29,1979,1986,"10-14, 20-24, 25-29, 35-39, 45-49"
ICD-8,3379,29,29,1979,1986,"20-24, 30-34, 35-39, 50-54, 55-59"
ICD-8,419,27,29,1979,1986,"01-04, 35-39, 45-49, 55-59, 60-64"
ICD-8,7505,13,29,1979,1985,"65-69, <1"
ICD-8,4731,28,28,1979,1986,"10-14, 15-19, 20-24, 25-29, 30-34"
ICD-8,2504,26,28,1979,1986,"45-49, 55-59, 60-64, 65-69, 70-74"
ICD-8,1129,27,28,1979,1986,"35-39, 40-44, 50-54, 55-59, 60-64"
ICD-8,9679,16,28,1979,1986,"01-04, <1"
ICD-8,9884,26,28,1979,1986,"05-09, 20-24, 25-29, 30-34, 35-39"
ICD-8,3313,25,28,1979,1986,"10-14, 35-39, 45-49, 55-59, 60-64"
ICD-8,1361,26,28,1980,1986,"20-24, 25-29, 30-34, 35-39, 40-44"
ICD-8,8706,24,27,1979,1986,"15-19, 20-24, 45-49, 50-54, 55-59"
ICD-8,3561,24,27,1979,1986,"05-09, 30-34, 40-44, 45-49, 50-54"
ICD-8,8635,24,27,1979,1986,"15-19, 20-24, 25-29, 30-34, 40-44"
ICD-8,7102,23,27,1979,1986,"25-29, 40-44, 45-49, 50-54, 55-59"
ICD-8,9658,19,27,1979,1985,"15-19, 20-24, 25-29, 30-34, 35-39"
ICD-8,1885,24,27,1979,1986,"05-09, 50-54, 60-64, 65-69, 70-74"
ICD-8,6489,23,27,1979,1986,"15-19, 20-24, 25-29, 30-34, 35-39"
ICD-8,4265,26,27,1979,1986,"55-59, 65-69, 70-74, 75-79, 80-84"
ICD-8,3446,20,26,1979,1986,"10-14, 20-24, 35-39, 50-54, 65-69"
ICD-8,5847,23,26,1979,1986,"50-54, 55-59, 60-64, 65-69, 70-74"
ICD-8,115,24,26,1979,1986,"45-49, 50-54, 55-59, 60-64, 65-69"
ICD-8,1591,25,26,1979,1986,"25-29, 30-34, 35-39, 40-44, 45-49"
ICD-8,9511,24,26,1979,1986,"15-19, 20-24, 25-29, 30-34, 35-39"
ICD-8,7636,12,26,1979,1985,<1
ICD-8,7108,24,25,1979,1986,"15-19, 20-24, 30-34, 45-49, 50-54"
ICD-8,1954,21,25,1979,1986,"20-24, 30-34, 60-64, 65-69, 70-74"
ICD-8,6180,20,25,1979,1985,"25-29, 50-54, 55-59, 60-64, 65-69"
ICD-8,2558,23,25,1979,1986,"01-04, 25-29, 30-34, 35-39, 45-49"
ICD-8,6424,18,25,1979,1986,"15-19, 20-24, 25-29, 30-34, 35-39"
ICD-8,1454,18,25,1979,1986,"40-44, 45-49, 50-54, 55-59, 60-64"
ICD-8,4408,21,25,1979,1986,"40-44, 50-54, 55-59, 60-64, 65-69"
ICD-8,4150,23,25,1979,1986,"50-54, 55-59, 60-64, 65-69, 70-74"
ICD-8,3249,22,24,1979,1986,"30-34, 35-39, 40-44, 45-49, 50-54"
ICD-8,9291,23,24,1979,1986,"01-04, 20-24, 25-29, 30-34, 35-39"
ICD-8,1374,23,24,1979,1986,"25-29, 45-49, 50-54, 60-64, 65-69"
ICD-8,7548,23,24,1979,1986,"01-04, 10-14, 15-19, 20-24, 25-29"
ICD-8,9101,19,24,1979,1986,"15-19, 20-24, 25-29, 30-34, 35-39"
ICD-8,5692,19,24,1979,1986,"45-49, 50-54, 55-59, 60-64, 65-69"
ICD-8,7585,19,23,1979,1986,"01-04, 15-19, 20-24, 85+, <1"
ICD-8,5689,20,23,1979,1986,"01-04, 25-29, 40-44, 50-54, 65-69"
ICD-8,6029,14,23,1979,1986,"60-64, 70-74, 75-79, 80-84, 85+"
ICD-8,5828,21,23,1979,1986,"50-54, 55-59, 60-64, 75-79, 80-84"
ICD-8,9053,19,23,1979,1985,"20-24, 45-49, 50-54, 55-59, 60-64"
ICD-8,9585,22,23,1979,1986,"15-19, 20-24, 25-29, 30-34, 40-44"
ICD-8,7338,17,23,1979,1986,"65-69, 70-74, 75-79, 80-84, 85+"
ICD-8,5353,20,23,1979,1986,"25-29, 30-34, 40-44, 45-49, 50-54"
ICD-8,1573,22,22,1979,1986,"35-39, 50-54, 55-59, 60-64, 65-69"
ICD-8,2281,18,22,1979,1986,"01-04, 10-14, 30-34, 50-54, 65-69"
ICD-8,5832,21,22,1979,1986,"25-29, 30-34, 35-39, 50-54, 55-59"
ICD-8,5998,19,22,1979,1986,"60-64, 65-69, 70-74, 75-79, 80-84"
ICD-8,4264,20,22,1979,1986,"65-69, 70-74, 75-79, 80-84, 85+"
ICD-8,6049,20,21,1979,1986,"45-49, 50-54, 60-64, 65-69, 70-74"
ICD-8,7778,11,21,1979,1986,"20-24, 45-49, <1"
ICD-8,5354,19,21,1979,1986,"45-49, 50-54, 60-64, 70-74, 75-79"
ICD-8,7383,20,21,1979,1986,"10-14, 15-19, 25-29, 35-39, 40-44"
ICD-8,5721,21,21,1979,1986,"40-44, 45-49, 55-59, 60-64, 65-69"
ICD-8,7725,8,21,1979,1984,<1
ICD-8,7618,11,21,1979,1985,<1
ICD-8,9828,18,21,1979,1986,"10-14, 15-19, 20-24, 25-29, 30-34"
ICD-8,8602,20,21,1979,1986,"15-19, 25-29, 30-34, 35-39, 40-44"
ICD-8,9199,19,21,1979,1986,"20-24, 30-34, 35-39, 40-44, 45-49"
ICD-8,2707,16,21,1979,1986,"01-04, 10-14, 20-24, 65-69, <1"
ICD-8,3368,19,21,1980,1986,"01-04, 15-19, 40-44, 70-74, 75-79"
ICD-8,480,21,21,1979,1985,"01-04, 10-14, 15-19, 20-24, 35-39"
ICD-8,3454,19,21,1979,1986,"05-09, 15-19, 25-29, 30-34, 40-44"
ICD-8,176,21,21,1979,1986,"45-49, 55-59, 60-64, 65-69, 70-74"
ICD-8,8768,19,21,1979,1986,"01-04, 20-24, 25-29, 35-39, 40-44"
ICD-8,4739,19,20,1979,1986,"20-24, 25-29, 30-34, 45-49, 55-59"
ICD-8,4276,19,20,1979,1986,"30-34, 35-39, 60-64, 65-69, 70-74"
ICD-8,5648,20,20,1979,1986,"01-04, 40-44, 60-64, 70-74, 75-79"
ICD-8,7776,10,20,1979,1985,<1
ICD-8,2016,19,20,1979,1986,"20-24, 25-29, 35-39, 40-44, 50-54"
ICD-8,1462,20,20,1979,1986,"45-49, 50-54, 55-59, 60-64, 65-69"
ICD-8,3824,19,20,1979,1986,"01-04, 05-09, 10-14, 25-29, 50-54"
ICD-8,5822,19,19,1979,1986,"01-04, 05-09, 20-24, 25-29, 30-34"
ICD-8,5834,17,19,1979,1986,"01-04, 10-14, 25-29, 45-49, 55-59"
ICD-8,1604,17,19,1979,1986,"25-29, 30-34, 40-44, 50-54, 55-59"
ICD-8,4467,19,19,1979,1986,"05-09, 15-19, 20-24, 35-39, 40-44"
ICD-8,5356,18,19,1979,1986,"20-24, 25-29, 45-49, 50-54, 60-64"
ICD-8,1887,16,19,1980,1986,"20-24, 30-34, 35-39, 45-49, 50-54"
ICD-8,5373,17,19,1980,1986,"01-04, 50-54, 60-64, 65-69, 70-74"
ICD-8,4295,16,19,1979,1986,"55-59, 60-64, 65-69, 70-74, 75-79"
ICD-8,1888,17,19,1979,1986,"50-54, 60-64, 65-69, 70-74, 75-79"
ICD-8,1568,16,19,1979,1986,"50-54, 55-59, 60-64, 65-69, 70-74"
ICD-8,6012,17,19,1979,1986,"45-49, 50-54, 55-59, 65-69, 70-74"
ICD-8,5999,19,19,1979,1986,"15-19, 50-54, 60-64, 65-69, 70-74"
ICD-8,3341,18,19,1979,1986,"30-34, 35-39, 55-59, 60-64, 65-69"
ICD-8,3418,18,19,1979,1986,"10-14, 15-19, 25-29, 30-34, 35-39"
ICD-8,3421,19,19,1979,1986,"01-04, 20-24, 50-54, 65-69, 70-74"
ICD-8,2082,16,19,1979,1986,"60-64, 70-74, 75-79, 80-84"
ICD-8,1175,17,19,1979,1986,"20-24, 25-29, 35-39, 40-44, 45-49"
ICD-8,1605,17,19,1979,1986,"10-14, 20-24, 35-39, 40-44, 45-49"
ICD-8,2358,17,19,1979,1986,"15-19, 20-24, 25-29, 30-34, 35-39"
ICD-8,411,15,18,1979,1986,"15-19, 50-54, 60-64, 65-69, 70-74"
ICD-8,2118,16,18,1979,1986,"30-34, 55-59, 60-64, 65-69, 70-74"
ICD-8,1508,16,18,1979,1986,"50-54, 55-59, 60-64, 65-69, 70-74"
ICD-8,6486,15,18,1979,1986,"15-19, 20-24, 25-29, 30-34, 35-39"
ICD-8,4178,17,18,1979,1986,"05-09, 55-59, 60-64, 65-69, 70-74"
ICD-8,559,15,18,1979,1986,"01-04, 05-09, 10-14, 40-44, <1"
ICD-8,7994,17,18,1979,1986,"55-59, 65-69, 70-74, 75-79, 80-84"
ICD-8,6019,15,18,1979,1986,"65-69, 70-74, 75-79, 80-84, 85+"
ICD-8,2598,18,18,1979,1986,"01-04, 10-14, 25-29, 30-34, 40-44"
ICD-8,7908,15,18,1979,1986,"01-04, 05-09, 10-14, 15-19, 20-24"
ICD-8,8668,18,18,1979,1986,"15-19, 30-34, 35-39, 40-44, 45-49"
ICD-8,6146,14,18,1979,1986,"40-44, 65-69, 70-74, 75-79, 80-84"
ICD-8,4243,17,18,1979,1986,"01-04, 15-19, 50-54, 60-64, 70-74"
ICD-8,5937,18,18,1979,1986,"05-09, 10-14, 15-19, 25-29, 50-54"
ICD-8,1371,16,18,1979,1986,"05-09, 10-14, 25-29, 30-34, 35-39"
ICD-8,9203,18,18,1979,1986,"10-14, 15-19, 20-24, 25-29, 30-34"
ICD-8,138,17,17,1979,1986,"15-19, 25-29, 35-39, 40-44, 45-49"
ICD-8,2721,16,17,1979,1986,"35-39, 45-49, 55-59, 60-64, 65-69"
ICD-8,2507,17,17,1979,1986,"45-49, 50-54, 55-59, 60-64, 65-69"
ICD-8,2459,14,17,1979,1986,"55-59, 65-69, 70-74, 75-79, 80-84"
ICD-8,5333,15,17,1979,1986,"65-69, 70-74, 75-79, 80-84, 85+"
ICD-8,9194,15,17,1979,1986,"20-24, 30-34, 40-44, 45-49, 50-54"
ICD-8,8257,17,17,1979,1986,"15-19, 20-24, 25-29, 30-34, 35-39"
ICD-8,2538,17,17,1979,1986,"20-24, 30-34, 45-49, 55-59, 60-64"
ICD-8,5966,13,17,1979,1986,"45-49, 55-59, 60-64, 65-69, 70-74"
ICD-8,2881,17,17,1979,1986,"01-04, 05-09, 10-14, 15-19, 35-39"
ICD-8,2883,17,17,1979,1986,"15-19, 35-39, 45-49, 50-54, 55-59"
ICD-8,5888,17,17,1979,1986,"01-04, 25-29, 45-49, 50-54, 55-59"
ICD-8,5891,15,17,1979,1986,"35-39, 55-59, 60-64, 65-69, 70-74"
ICD-8,2594,14,16,1979,1986,"05-09, 20-24, 70-74, <1"
ICD-8,5991,16,16,1979,1986,"55-59, 65-69, 70-74, 75-79, 80-84"
ICD-8,417,16,16,1979,1986,"01-04, 10-14, 40-44, 65-69, 70-74"
ICD-8,3823,16,16,1979,1986,"05-09, 15-19, 30-34, 40-44, 45-49"
ICD-8,4171,15,16,1979,1986,"35-39, 40-44, 55-59, 60-64, 65-69"
ICD-8,7990,12,16,1979,1986,"25-29, 30-34, 45-49, 50-54, 70-74"
ICD-8,2353,14,16,1979,1986,"45-49, 50-54, 55-59, 60-64, 65-69"
ICD-8,3431,14,16,1979,1986,"45-49, 60-64, 65-69, 70-74, 75-79"
ICD-8,5183,14,16,1979,1986,"20-24, 35-39, 40-44, 55-59, 60-64"
ICD-8,2771,15,16,1979,1985,"15-19, 20-24, 30-34, 40-44, 45-49"
ICD-8,6713,13,16,1979,1986,"15-19, 20-24, 25-29, 30-34, 35-39"
ICD-8,1414,15,16,1979,1986,"40-44, 55-59, 60-64, 65-69, 70-74"
ICD-8,2766,16,16,1979,1986,"30-34, 40-44, 45-49, 50-54, 55-59"
ICD-8,1872,14,16,1979,1985,"50-54, 55-59, 60-64, 65-69, 70-74"
ICD-8,2798,16,16,1979,1986,"01-04, 05-09, 10-14, 15-19, 25-29"
ICD-8,4489,16,16,1979,1986,"05-09, 25-29, 50-54, 60-64, 65-69"
ICD-8,5181,16,16,1979,1986,"20-24, 40-44, 45-49, 50-54, 55-59"
ICD-8,3455,16,16,1979,1986,"20-24, 60-64, 65-69, 75-79, 80-84"
ICD-8,4531,15,16,1979,1986,"45-49, 50-54, 55-59, 60-64, 65-69"
ICD-8,5880,13,16,1979,1986,"05-09, 15-19, 40-44, 55-59, 65-69"
ICD-8,9528,15,16,1979,1986,"30-34, 40-44, 45-49, 50-54, 60-64"
ICD-8,6190,13,16,1979,1986,"45-49, 60-64, 65-69, 70-74, 75-79"
ICD-8,5552,15,15,1979,1986,"20-24, 40-44, 45-49, 50-54, 55-59"
ICD-8,9681,15,15,1979,1986,"01-04, 15-19, 20-24, 25-29, 30-34"
ICD-8,2509,12,15,1979,1985,"50-54, 65-69, 70-74, 75-79, 80-84"
ICD-8,8692,13,15,1979,1986,"10-14, 15-19, 20-24, 25-29"
ICD-8,537,14,15,1979,1986,"25-29, 65-69, 70-74, 80-84, 85+"
ICD-8,9479,15,15,1980,1985,"15-19, 25-29, 30-34, 40-44, 45-49"
ICD-8,2423,15,15,1979,1986,"55-59, 60-64, 65-69, 70-74, 75-79"
ICD-8,1658,10,15,1979,1986,"35-39, 60-64, 65-69, 70-74, 85+"
ICD-8,7542,15,15,1979,1985,"01-04, 10-14, 15-19, 20-24, 35-39"
ICD-8,3484,14,15,1979,1984,"35-39, 45-49, 50-54, 55-59, 60-64"
ICD-8,7728,11,15,1979,1985,<1
ICD-8,2388,13,14,1979,1986,"01-04, 15-19, 30-34, 45-49, 55-59"
ICD-8,7294,14,14,1981,1986,"55-59, 60-64, 65-69, 70-74, 75-79"
ICD-8,6467,13,14,1979,1986,"15-19, 20-24, 25-29, 30-34, 35-39"
ICD-8,498,14,14,1979,1986,"01-04, 05-09, 15-19, 35-39, 55-59"
ICD-8,5755,13,14,1979,1986,"45-49, 55-59, 65-69, 70-74, 75-79"
ICD-8,490,14,14,1979,1986,"01-04, 05-09, 20-24, 25-29, 60-64"
ICD-8,2722,14,14,1979,1986,"15-19, 40-44, 45-49, 50-54, 55-59"
ICD-8,8538,13,14,1979,1986,"15-19, 25-29, 35-39, 45-49, 50-54"
ICD-8,7213,13,14,1979,1986,"55-59, 70-74, 75-79, 80-84, 85+"
ICD-8,4261,14,14,1979,1986,"20-24, 60-64, 75-79, 80-84, 85+"
ICD-8,9478,14,14,1979,1986,"15-19, 45-49, 55-59, 60-64, 65-69"
ICD-8,5169,14,14,1979,1986,"55-59, 60-64, 65-69, 70-74, 75-79"
ICD-8,2515,13,14,1980,1986,"25-29, 30-34, 35-39, 45-49, 55-59"
ICD-8,1903,14,14,1979,1986,"50-54, 55-59, 60-64, 70-74, 80-84"
ICD-8,948,13,14,1979,1986,"50-54, 55-59, 60-64, 65-69, 70-74"
ICD-8,2468,13,14,1979,1986,"40-44, 55-59, 60-64, 70-74, 75-79"
ICD-8,1881,12,14,1979,1986,"55-59, 60-64, 65-69, 70-74, 75-79"
ICD-8,3411,13,13,1979,1984,"01-04, 05-09, 10-14, 15-19, 20-24"
ICD-8,4578,12,13,1979,1986,"50-54, 55-59, 60-64, 65-69, 70-74"
ICD-8,4781,12,13,1979,1986,"20-24, 30-34, 40-44, 45-49, 50-54"
ICD-8,2042,12,13,1979,1985,"05-09, 50-54, 55-59, 60-64, 65-69"
ICD-8,9041,12,13,1979,1985,"45-49, 55-59, 60-64, 65-69, 70-74"
ICD-8,118,12,13,1979,1985,"25-29, 35-39, 55-59, 60-64, 65-69"
ICD-8,3241,12,13,1979,1986,"40-44, 65-69, 70-74, 75-79"
ICD-8,938,12,13,1979,1986,"60-64, 65-69, 75-79, 80-84, 85+"
ICD-8,2025,11,12,1979,1986,"01-04, 25-29, 70-74, <1"
ICD-8,6714,9,12,1979,1986,"20-24, 25-29, 30-34, 35-39, 40-44"
ICD-8,2874,12,12,1981,1986,"25-29, 45-49, 50-54, 55-59, 65-69"
ICD-8,2354,12,12,1979,1986,"10-14, 25-29, 40-44, 50-54, 55-59"
ICD-8,6184,9,12,1980,1985,"50-54, 65-69, 75-79, 80-84"
ICD-8,5312,12,12,1979,1986,"55-59, 65-69, 70-74, 75-79, 80-84"
ICD-8,5323,12,12,1980,1986,"60-64, 65-69, 75-79, 80-84, 85+"
ICD-8,4558,12,12,1979,1984,"55-59, 75-79, 80-84, 85+"
ICD-8,6748,10,12,1979,1986,"15-19, 20-24, 25-29, 30-34, 40-44"
ICD-8,4598,11,12,1979,1986,"20-24, 40-44, 60-64, 65-69, 70-74"
ICD-8,2299,12,12,1979,1985,"01-04, 55-59, 60-64, 65-69, 70-74"
ICD-8,463,12,12,1980,1986,"25-29, 30-34, 35-39, 40-44, 50-54"
ICD-8,7714,10,12,1979,1985,<1
ICD-8,86,12,12,1979,1986,"01-04, 15-19, 20-24, 25-29, 30-34"
ICD-8,2535,11,12,1980,1985,"01-04, 35-39, 45-49, 50-54, 75-79"
ICD-8,3853,12,12,1979,1986,"50-54, 60-64, 65-69, 70-74, 80-84"
ICD-8,4031,12,12,1979,1984,"50-54, 65-69, 70-74, 75-79, 80-84"
ICD-8,8688,12,12,1979,1985,"01-04, 30-34, 40-44, 45-49, 50-54"
ICD-8,1902,12,12,1979,1983,"30-34, 35-39, 40-44, 50-54, 55-59"
ICD-8,113,11,12,1980,1986,"25-29, 55-59, 65-69, 70-74, 75-79"
ICD-8,4750,12,12,1979,1986,"30-34, 50-54, 55-59, 60-64, 70-74"
ICD-8,1482,12,12,1979,1986,"30-34, 45-49, 55-59, 60-64, 65-69"
ICD-8,1907,10,11,1979,1986,"40-44, 45-49, 60-64, 65-69, 70-74"
ICD-8,9009,10,11,1980,1986,"25-29, 35-39, 55-59, 65-69, 70-74"
ICD-8,2062,10,11,1980,1986,"40-44, 60-64, 75-79, 80-84, 85+"
ICD-8,9583,11,11,1979,1985,"25-29, 35-39, 40-44, 45-49, 60-64"
ICD-8,2012,11,11,1979,1985,"20-24, 45-49, 50-54, 60-64, 65-69"
ICD-8,5962,11,11,1979,1986,"45-49, 60-64, 65-69, 70-74, 75-79"
ICD-8,846,11,11,1979,1986,"15-19, 35-39, 40-44, 45-49, 55-59"
ICD-8,3659,8,11,1980,1986,"40-44, 75-79, 80-84, 85+"
ICD-8,3337,10,11,1982,1986,"01-04, 05-09, 10-14, 15-19, 30-34"
ICD-8,3336,11,11,1979,1986,"05-09, 10-14, 15-19, 20-24, 25-29"
ICD-8,6028,10,11,1979,1986,"50-54, 55-59, 60-64, 70-74, 75-79"
ICD-8,1467,10,11,1979,1986,"50-54, 55-59, 60-64, 65-69, 70-74"
ICD-8,5362,11,11,1979,1986,"05-09, 45-49, 70-74, 75-79, 85+"
ICD-8,7368,10,11,1979,1986,"50-54, 60-64, 65-69, 70-74, 75-79"
ICD-8,6828,10,11,1979,1984,"55-59, 60-64, 65-69, 70-74, 75-79"
ICD-8,8241,10,11,1979,1986,"10-14, 55-59, 60-64, 70-74, 80-84"
ICD-8,1128,9,11,1981,1986,"30-34, 65-69, 75-79, 80-84, 85+"
ICD-8,7627,7,11,1979,1985,<1
ICD-8,4268,10,11,1979,1985,"25-29, 40-44, 50-54, 75-79, 80-84"
ICD-8,6732,10,11,1979,1985,"15-19, 20-24, 25-29, 30-34, 35-39"
ICD-8,729,11,11,1980,1986,"01-04, 20-24, 40-44, 70-74, 75-79"
ICD-8,8614,9,10,1979,1983,"01-04, 30-34, 40-44, 50-54, 70-74"
ICD-8,2298,9,10,1979,1986,"25-29, 60-64, 65-69, 75-79, 85+"
ICD-8,2458,10,10,1979,1986,"45-49, 70-74, 75-79, 80-84, 85+"
ICD-8,1390,10,10,1980,1986,"05-09, 50-54, 55-59, 60-64, 70-74"
ICD-8,1833,10,10,1979,1985,"20-24, 30-34, 40-44, 50-54, 65-69"
ICD-8,5305,9,10,1980,1986,"70-74, 75-79, 80-84, 85+"
ICD-8,1945,10,10,1979,1986,"40-44, 45-49, 60-64, 65-69, 70-74"
ICD-8,4733,10,10,1981,1986,"20-24, 35-39, 50-54, 55-59, 60-64"
ICD-8,1875,10,10,1979,1985,"55-59, 65-69, 70-74, 75-79, 80-84"
ICD-8,9559,10,10,1979,1986,"15-19, 20-24, 30-34, 35-39, 40-44"
ICD-8,7402,6,10,1979,1985,<1
ICD-8,1718,10,10,1979,1986,"01-04, 10-14, 40-44, 45-49, 50-54"
ICD-8,5951,10,10,1979,1986,"60-64, 65-69, 70-74, 75-79, 80-84"
ICD-8,5763,10,10,1979,1986,"60-64, 65-69, 70-74, 75-79, 85+"
ICD-8,6011,9,10,1979,1985,"70-74, 75-79, 80-84, 85+"
ICD-8,7293,9,10,1980,1984,"50-54, 55-59, 60-64, 65-69, 70-74"
ICD-8,1744,9,10,1981,1986,"40-44, 45-49, 50-54, 55-59, 60-64"
ICD-8,2014,9,10,1980,1986,"20-24, 55-59, 65-69, 70-74, 75-79"
ICD-8,1125,10,10,1980,1986,"25-29, 45-49, 55-59, 65-69, 70-74"
ICD-8,9389,9,10,1980,1981,"01-04, 05-09, 30-34, 50-54, 65-69"
ICD-8,38,8,10,1979,1986,"65-69, 70-74, 75-79, 80-84, 85+"
ICD-8,5964,10,10,1979,1986,"25-29, 50-54, 60-64, 75-79, 85+"
ICD-8,8763,10,10,1979,1986,"30-34, 35-39, 55-59, 70-74, 75-79"
ICD-8,6651,9,10,1980,1985,"25-29, 30-34, 35-39, 40-44"
ICD-8,3332,8,10,1980,1986,"05-09, 10-14, 15-19, 20-24, 25-29"
ICD-8,8621,9,9,1982,1985,"10-14, 15-19, 20-24, 25-29, 35-39"
ICD-8,6145,7,9,1980,1986,"30-34, 60-64, 70-74, 80-84, 85+"
ICD-8,7626,6,9,1979,1984,<1
ICD-8,9132,8,9,1979,1986,"10-14, 30-34, 40-44, 45-49, 50-54"
ICD-8,1838,8,9,1980,1986,"40-44, 50-54, 65-69, 75-79, 80-84"
ICD-8,9204,9,9,1980,1986,"35-39, 45-49, 50-54, 70-74, 75-79"
ICD-8,3456,8,9,1979,1986,"01-04, 10-14, <1"
ICD-8,7334,9,9,1979,1986,"50-54, 70-74, 75-79, 80-84, 85+"
ICD-8,1876,8,9,1979,1985,"25-29, 40-44, 60-64, 65-69, 70-74"
ICD-8,5331,9,9,1979,1986,"45-49, 65-69, 70-74, 75-79, 80-84"
ICD-8,7309,9,9,1979,1986,"40-44, 60-64, 65-69, 75-79, 80-84"
ICD-8,8707,9,9,1980,1986,"70-74, 75-79, 80-84"
ICD-8,5734,9,9,1980,1986,"45-49, 65-69, 70-74, 75-79, 85+"
ICD-8,6697,9,9,1979,1985,"15-19, 20-24, 25-29, 30-34, 35-39"
ICD-8,7457,7,9,1979,1985,<1
ICD-8,6205,8,9,1979,1985,"55-59, 60-64, 65-69, 75-79, 80-84"
ICD-8,3588,9,9,1979,1986,"05-09, 25-29, 35-39, 65-69, 75-79"
ICD-8,85,8,9,1979,1986,"40-44, 50-54, 60-64, 65-69, 75-79"
ICD-8,7198,9,9,1980,1986,"70-74, 75-79, 80-84, 85+"
ICD-8,8641,8,9,1980,1985,"40-44, 60-64, 65-69, 70-74, 75-79"
ICD-8,7586,8,9,1980,1986,"01-04, 20-24, 35-39, 60-64, <1"
ICD-8,5752,7,8,1979,1985,"65-69, 70-74, 75-79, 85+"
ICD-8,9292,8,8,1980,1986,"20-24, 25-29, 40-44, 60-64, 75-79"
ICD-8,6179,7,8,1980,1985,"25-29, 30-34, 35-39, 45-49, 60-64"
ICD-8,9529,8,8,1979,1985,"10-14, 20-24, 30-34, 45-49, 50-54"
ICD-8,557,7,8,1979,1985,"01-04, 15-19, <1"
ICD-8,3338,8,8,1979,1984,"55-59, 65-69, 70-74, 75-79, 80-84"
ICD-8,8780,8,8,1981,1986,"35-39, 45-49, 50-54, 55-59, 60-64"
ICD-8,1464,8,8,1979,1984,"65-69, 70-74, 75-79, 85+"
ICD-8,7385,8,8,1979,1983,"15-19, 20-24, 25-29, 60-64, 65-69"
ICD-8,3445,6,8,1979,1986,"75-79, 80-84, 85+"
ICD-8,3801,6,8,1979,1986,"70-74, 75-79, 80-84, 85+"
ICD-8,5194,8,8,1979,1986,"55-59, 60-64, 70-74, 75-79, <1"
ICD-8,1748,7,8,1979,1984,"45-49, 55-59, 65-69, 70-74, 85+"
ICD-8,4784,8,8,1980,1986,"50-54, 55-59, 60-64, 65-69, 70-74"
ICD-8,3863,8,8,1979,1986,"01-04, 30-34, 45-49, 70-74, 75-79"
ICD-8,705,7,8,1979,1986,"15-19, 30-34, 35-39, 45-49, 55-59"
ICD-8,7608,5,8,1980,1985,<1
ICD-8,2132,8,8,1979,1985,"20-24, 25-29, 50-54, 55-59, 60-64"
ICD-8,5899,7,8,1981,1986,"55-59, 65-69, 70-74, 75-79, 80-84"
ICD-8,5824,8,8,1979,1986,"15-19, 50-54, 55-59, 60-64, 65-69"
ICD-8,1466,8,8,1979,1986,"50-54, 60-64, 65-69, 70-74, 85+"
ICD-8,1124,8,8,1980,1986,"01-04, 25-29, 45-49, 70-74, 80-84"
ICD-8,3526,7,8,1980,1985,"01-04, 70-74, 80-84, <1"
ICD-8,7506,7,8,1979,1985,"01-04, 55-59, 60-64, 75-79, <1"
ICD-8,2903,8,8,1979,1986,"75-79, 80-84, 85+"
ICD-8,2918,7,7,1979,1985,"40-44, 55-59, 60-64, 65-69"
ICD-8,2533,7,7,1980,1986,"15-19, 20-24, 50-54, 75-79, 80-84"
ICD-8,9552,6,7,1980,1985,"15-19, 20-24, 60-64, 70-74"
ICD-8,722,6,7,1981,1986,"01-04, 05-09, 15-19, 60-64"
ICD-8,7099,7,7,1979,1986,"60-64, 65-69, 75-79, 85+"
ICD-8,2462,6,7,1979,1986,"20-24, 40-44, 55-59, 80-84, 85+"
ICD-8,2599,7,7,1980,1986,"35-39, 50-54, 55-59, 65-69, 70-74"
ICD-8,2909,6,7,1980,1985,"75-79, 80-84, 85+"
ICD-8,2393,6,7,1981,1986,"65-69, 75-79, 80-84, 85+"
ICD-8,9241,7,7,1981,1986,"25-29, 30-34, 50-54, 55-59, 80-84"
ICD-8,942,7,7,1979,1986,"40-44, 50-54, 55-59, 60-64, 65-69"
ICD-8,7634,6,7,1979,1985,<1
ICD-8,2867,7,7,1979,1986,"55-59, 70-74, 75-79, 85+, <1"
ICD-8,1742,7,7,1981,1985,"50-54, 55-59, 60-64, 65-69, 80-84"
ICD-8,398,7,7,1979,1985,"50-54, 55-59, 65-69, 80-84, 85+"
ICD-8,5131,7,7,1979,1984,"45-49, 55-59, 60-64, 75-79, 85+"
ICD-8,414,7,7,1979,1986,"60-64, 65-69, 70-74, 85+, <1"
ICD-8,8699,7,7,1980,1986,"15-19, 20-24, 25-29, 30-34, 35-39"
ICD-8,8702,7,7,1979,1986,"20-24, 25-29, 35-39, 50-54, 60-64"
ICD-8,1523,7,7,1979,1986,"40-44, 50-54, 60-64, 70-74, 75-79"
ICD-8,4259,6,7,1981,1986,"45-49, 50-54, 70-74, 85+"
ICD-8,1884,6,7,1979,1986,"60-64, 65-69, 70-74, 80-84"
ICD-8,5753,7,7,1979,1986,"65-69, 80-84, 85+"
ICD-8,8792,6,7,1981,1985,"25-29, 55-59, 70-74, 75-79"
ICD-8,3594,5,7,1983,1986,"40-44, 55-59, 75-79"
ICD-8,4568,7,7,1980,1986,"50-54, 55-59, 60-64, 70-74, 85+"
ICD-8,2058,7,7,1980,1985,"55-59, 60-64, 70-74, 80-84"
ICD-8,5818,7,7,1979,1985,"60-64, 70-74, 75-79, 80-84, 85+"
ICD-8,1642,7,7,1980,1986,"15-19, 40-44, 45-49, 60-64, 65-69"
ICD-8,8799,7,7,1979,1986,"55-59, 60-64, 65-69, 70-74, 80-84"
ICD-8,4808,7,7,1982,1986,"25-29, 35-39, 45-49, 75-79, 85+"
ICD-8,5071,7,7,1979,1986,"01-04, 10-14, 60-64, 65-69, 70-74"
ICD-8,3359,7,7,1979,1986,"01-04, 50-54, 65-69, 75-79, <1"
ICD-8,7717,7,7,1979,1985,<1
ICD-8,5352,6,6,1979,1982,"35-39, 65-69, 75-79, 85+"
ICD-8,2156,6,6,1979,1985,"55-59, 60-64, 70-74, 75-79, 85+"
ICD-8,9684,5,6,1979,1985,"01-04, 60-64, <1"
ICD-8,6682,5,6,1979,1984,"25-29, 30-34, 40-44"
ICD-8,7168,6,6,1980,1986,"65-69, 70-74, 85+"
ICD-8,6663,6,6,1979,1986,"20-24, 25-29, 30-34, 35-39, 40-44"
ICD-8,6661,6,6,1979,1985,"20-24, 25-29, 30-34, 40-44"
ICD-8,7785,5,6,1979,1985,<1
ICD-8,2548,5,6,1982,1986,"01-04, 10-14, 30-34, 45-49, <1"
ICD-8,993,5,6,1983,1986,"55-59, 60-64, 65-69"
ICD-8,9421,6,6,1979,1986,"20-24, 75-79, 80-84"
ICD-8,8701,6,6,1979,1986,"50-54, 55-59, 75-79, 80-84, <1"
ICD-8,4179,6,6,1979,1984,"01-04, 55-59, 65-69, 75-79"
ICD-8,7263,6,6,1979,1985,"60-64, 65-69, 75-79, 80-84"
ICD-8,2139,5,6,1982,1984,"45-49, 70-74, 75-79, 80-84, 85+"
ICD-8,4041,6,6,1979,1986,"60-64, 75-79, 80-84, 85+"
ICD-8,413,6,6,1979,1986,"01-04, 55-59, 60-64, 70-74"
ICD-8,3442,6,6,1979,1986,"40-44, 45-49, 60-64, 65-69, 75-79"
ICD-8,1473,6,6,1980,1984,"50-54, 55-59, 60-64, 65-69, 70-74"
ICD-8,7632,5,6,1979,1981,<1
ICD-8,1613,6,6,1980,1986,"50-54, 55-59, 60-64, 70-74, 80-84"
ICD-8,9811,6,6,1979,1986,"10-14, 15-19, 20-24"
ICD-8,7587,6,6,1979,1985,"65-69, 75-79, <1"
ICD-8,7746,4,6,1980,1985,<1
ICD-8,8587,6,6,1980,1985,"15-19, 35-39, 65-69, 75-79, 80-84"
ICD-8,7756,5,6,1979,1984,<1
ICD-8,7771,4,6,1979,1983,<1
ICD-8,3529,6,6,1980,1985,"01-04, 15-19, 25-29, 55-59, 80-84"
ICD-8,2355,6,6,1980,1985,"50-54, 55-59, 65-69, 70-74"
ICD-8,1746,6,6,1981,1984,"60-64, 65-69, 70-74, 75-79, 85+"
ICD-8,3545,6,6,1979,1985,"65-69, 70-74, 75-79, 80-84, 85+"
ICD-8,1808,6,6,1979,1986,"50-54, 75-79, 80-84, 85+"
ICD-8,9671,6,6,1979,1985,"01-04, <1"
ICD-8,2774,6,6,1979,1985,"05-09, 15-19, 50-54, 55-59, 75-79"
ICD-8,7183,5,5,1979,1986,"75-79, 80-84, 85+"
ICD-8,1659,5,5,1979,1984,"55-59, 60-64, 75-79, 80-84, 85+"
ICD-8,7907,5,5,1979,1985,"30-34, 75-79, 80-84, 85+"
ICD-8,8386,5,5,1979,1985,"20-24, 45-49, 50-54, 55-59"
ICD-8,1882,5,5,1979,1986,"60-64, 70-74, 75-79, 85+"
ICD-8,1501,5,5,1979,1986,"55-59, 65-69, 70-74, 85+"
ICD-8,7269,4,5,1979,1983,"60-64, 70-74, 75-79"
ICD-8,6851,5,5,1979,1986,"15-19, 75-79, 85+"
ICD-8,1871,5,5,1981,1984,"40-44, 45-49, 65-69, 75-79, 80-84"
ICD-8,6485,4,5,1979,1985,"20-24, 25-29, 35-39"
ICD-8,1886,5,5,1979,1984,"40-44, 70-74, 85+"
ICD-8,8273,5,5,1979,1985,"30-34, 35-39, 55-59, 75-79"
ICD-8,8290,5,5,1980,1986,"50-54, 65-69, 70-74, 75-79, 80-84"
ICD-8,188,5,5,1980,1983,"60-64, 65-69, 70-74, 75-79"
ICD-8,169,5,5,1979,1985,"60-64, 65-69, 70-74, 85+"
ICD-8,9508,5,5,1979,1982,"20-24, 25-29, 30-34, 45-49, 75-79"
ICD-8,2988,4,5,1979,1984,"65-69, 75-79, 80-84, 85+"
ICD-8,6218,5,5,1979,1985,"35-39, 40-44, 45-49, 75-79, 85+"
ICD-8,3669,5,5,1979,1986,"70-74, 80-84, 85+"
ICD-8,5756,5,5,1981,1986,"75-79, 80-84, 85+"
ICD-8,2763,4,5,1983,1986,"20-24, 60-64, 75-79"
ICD-8,117,5,5,1979,1981,"15-19, 65-69, 70-74, 75-79, 80-84"
ICD-8,319,4,5,1981,1986,"45-49, 55-59, 75-79"
ICD-8,8791,5,5,1981,1986,"30-34, 40-44, 50-54, 55-59, 70-74"
ICD-8,2772,5,5,1981,1986,"01-04, 10-14, 25-29"
ICD-8,6189,5,5,1979,1985,"60-64, 65-69, 75-79"
ICD-8,2053,5,5,1982,1986,"25-29, 35-39, 50-54, 80-84, 85+"
ICD-8,2799,5,5,1980,1985,"65-69, 70-74, 80-84, <1"
ICD-8,9055,5,5,1982,1985,"40-44, 65-69, 70-74"
ICD-8,9063,5,5,1979,1986,"50-54, 60-64, 80-84, <1"
ICD-8,3458,5,5,1980,1986,"25-29, 30-34, 40-44, 80-84"
ICD-8,3443,5,5,1979,1986,"75-79, 80-84, 85+"
ICD-8,9228,5,5,1979,1984,"10-14, 15-19, 20-24, 40-44"
ICD-8,9653,2,5,1981,1981,"20-24, 25-29"
ICD-8,2131,5,5,1982,1986,"65-69, 70-74, 75-79, 80-84"
ICD-8,6039,5,5,1980,1986,"65-69, 80-84, 85+"
ICD-8,9621,5,5,1979,1983,"01-04, 10-14, 30-34, 45-49"
ICD-8,32,5,5,1979,1985,"01-04, 70-74, <1"
ICD-8,3651,4,5,1979,1986,85+
ICD-8,3501,5,5,1979,1985,"50-54, 65-69, 80-84"
ICD-8,2692,4,5,1982,1986,"40-44, 75-79, 80-84, 85+"
ICD-8,7332,5,5,1979,1982,"45-49, 60-64, 75-79, 85+"
ICD-8,9383,5,5,1979,1984,"40-44, 45-49, 50-54, 55-59"
ICD-8,7369,5,5,1979,1985,"70-74, 80-84, 85+"
ICD-8,3889,5,5,1980,1984,"05-09, 20-24, 40-44, 55-59, 60-64"
ICD-8,1438,5,5,1979,1985,"35-39, 60-64, 85+"
ICD-8,8742,5,5,1979,1984,"15-19, 35-39, 45-49, 55-59"
ICD-8,7226,3,4,1979,1986,"40-44, 65-69, 75-79"
ICD-8,7724,4,4,1980,1983,<1
ICD-8,8384,4,4,1979,1986,"15-19, 25-29, 30-34"
ICD-8,8741,4,4,1979,1986,"10-14, 45-49, 65-69, <1"
ICD-8,9223,4,4,1979,1985,"15-19, 20-24, 30-34, 40-44"
ICD-8,7321,4,4,1981,1983,"45-49, 60-64, 70-74, 80-84"
ICD-8,7733,3,4,1979,1985,<1
ICD-8,9384,4,4,1983,1986,"30-34, 55-59, 60-64, 85+"
ICD-8,8480,4,4,1982,1985,"10-14, 15-19, 65-69, 85+"
ICD-8,8703,4,4,1980,1986,"25-29, 55-59, 75-79"
ICD-8,7372,3,4,1980,1986,"10-14, 85+"
ICD-8,9882,4,4,1979,1986,"55-59, 75-79, <1"
ICD-8,7747,4,4,1980,1986,"15-19, <1"
ICD-8,8655,3,4,1981,1986,"01-04, 05-09, 10-14"
ICD-8,7779,4,4,1979,1983,<1
ICD-8,7981,4,4,1980,1986,"25-29, 40-44, 55-59, 60-64"
ICD-8,8608,4,4,1982,1984,"30-34, 50-54, 55-59"
ICD-8,8613,4,4,1982,1983,"20-24, 40-44, 45-49, 50-54"
ICD-8,8644,4,4,1979,1983,"05-09, 40-44, 45-49, 65-69"
ICD-8,9829,3,4,1982,1985,"25-29, 70-74, 85+"
ICD-8,8832,4,4,1980,1984,"01-04, 60-64, 80-84"
ICD-8,8642,4,4,1983,1985,"25-29, 60-64, 75-79"
ICD-8,783,4,4,1980,1984,"20-24, 50-54, 85+"
ICD-8,7194,4,4,1982,1986,"75-79, 80-84, 85+"
ICD-8,7191,4,4,1980,1983,"70-74, 80-84, 85+"
ICD-8,8783,4,4,1979,1985,"60-64, 70-74, 75-79"
ICD-8,8643,4,4,1979,1984,"60-64, 70-74, 80-84"
ICD-8,8748,4,4,1981,1984,"50-54, 55-59, 60-64, <1"
ICD-8,7291,4,4,1984,1986,"55-59, 70-74, 80-84"
ICD-8,9972,3,4,1985,1986,"15-19, 20-24, 25-29"
ICD-8,706,4,4,1979,1985,"01-04, 35-39, 50-54, 75-79"
ICD-8,412,4,4,1980,1986,"70-74, 75-79, <1"
ICD-8,418,4,4,1979,1984,"40-44, 65-69, 70-74, 80-84"
ICD-8,4242,4,4,1983,1986,"70-74, 80-84"
ICD-8,2818,4,4,1984,1986,"70-74, 75-79, 85+"
ICD-8,4557,4,4,1980,1984,"35-39, 55-59, 80-84"
ICD-8,1472,4,4,1980,1986,"20-24, 55-59, 70-74, 75-79"
ICD-8,6208,4,4,1979,1984,"35-39, 40-44, 50-54, 55-59"
ICD-8,4732,4,4,1979,1985,"10-14, 15-19, 65-69, 70-74"
ICD-8,6482,4,4,1981,1986,"20-24, 30-34"
ICD-8,4801,4,4,1980,1984,<1
ICD-8,6480,3,4,1981,1986,"20-24, 25-29, 30-34"
ICD-8,1650,4,4,1980,1984,"70-74, 85+"
ICD-8,1741,4,4,1979,1986,"55-59, 60-64, 65-69"
ICD-8,1743,4,4,1981,1983,"50-54, 60-64, 65-69, 75-79"
ICD-8,1745,4,4,1980,1984,"45-49, 55-59, 70-74, 80-84"
ICD-8,6413,2,4,1979,1979,"25-29, 35-39"
ICD-8,545,4,4,1979,1982,"75-79, 85+, <1"
ICD-8,547,4,4,1979,1983,"25-29, 55-59, 75-79, <1"
ICD-8,5804,4,4,1982,1985,"35-39, 60-64, 70-74, 80-84"
ICD-8,5811,4,4,1983,1986,"45-49, 55-59, 65-69, 70-74"
ICD-8,5846,4,4,1981,1986,"20-24, 60-64, 70-74"
ICD-8,2331,4,4,1979,1983,"30-34, 40-44, 50-54"
ICD-8,5942,4,4,1979,1983,"50-54, 55-59, 70-74, 85+"
ICD-8,6021,4,4,1979,1986,"60-64, 70-74, 75-79, 80-84"
ICD-8,6164,4,4,1979,1985,"60-64, 80-84, 85+"
ICD-8,6271,4,4,1979,1985,"50-54, 55-59, 80-84, 85+"
ICD-8,2167,4,4,1980,1986,"45-49, 65-69, 80-84, 85+"
ICD-8,2136,4,4,1980,1983,"45-49, 50-54, 70-74, <1"
ICD-8,416,4,4,1979,1983,"35-39, 65-69, 85+"
ICD-8,161,4,4,1979,1982,"60-64, 75-79"
ICD-8,3578,4,4,1979,1983,"70-74, 75-79, 80-84"
ICD-8,2897,3,4,1982,1985,"01-04, 05-09, 70-74"
ICD-8,3564,4,4,1981,1985,"45-49, 50-54, 70-74"
ICD-8,6694,4,4,1979,1983,"20-24, 25-29, 30-34, 35-39"
ICD-8,3222,4,4,1979,1985,"40-44, 50-54, 60-64"
ICD-8,6712,4,4,1979,1984,"15-19, 35-39"
ICD-8,3532,4,4,1980,1984,"65-69, 70-74, 85+"
ICD-8,6680,4,4,1979,1986,"25-29, 30-34, 35-39"
ICD-8,3182,4,4,1980,1986,"01-04, 15-19, 35-39, 60-64"
ICD-8,702,4,4,1979,1984,"20-24, 35-39, 40-44, 45-49"
ICD-8,383,4,4,1983,1986,"45-49, 65-69, 70-74"
ICD-8,2828,4,4,1982,1985,"60-64, 70-74, 85+"
ICD-8,3444,4,4,1980,1986,"70-74, 80-84, 85+"
ICD-8,6811,4,4,1980,1982,"70-74, 85+"
ICD-8,2448,3,3,1979,1985,"45-49, 65-69, <1"
ICD-8,3562,3,3,1981,1985,"50-54, 70-74, 80-84"
ICD-8,9069,2,3,1980,1980,"25-29, 65-69"
ICD-8,3575,3,3,1980,1985,"45-49, 60-64"
ICD-8,7755,3,3,1983,1985,<1
ICD-8,3577,3,3,1979,1983,"45-49, 60-64"
ICD-8,7765,3,3,1980,1986,<1
ICD-8,408,3,3,1981,1985,"15-19, 75-79"
ICD-8,9518,3,3,1981,1986,"45-49, 60-64"
ICD-8,7726,3,3,1979,1985,<1
ICD-8,5903,3,3,1980,1986,"80-84, 85+"
ICD-8,7793,3,3,1980,1982,<1
ICD-8,2329,3,3,1979,1985,"75-79, 85+"
ICD-8,5965,3,3,1979,1985,"75-79, 80-84"
ICD-8,5978,3,3,1982,1985,"25-29, 75-79, 85+"
ICD-8,7637,3,3,1980,1983,<1
ICD-8,6089,3,3,1980,1985,"01-04, 60-64"
ICD-8,9555,3,3,1982,1984,"20-24, 30-34, 55-59"
ICD-8,9001,3,3,1982,1984,"01-04, 70-74, <1"
ICD-8,6170,3,3,1981,1986,"40-44, 50-54, 80-84"
ICD-8,3492,3,3,1980,1985,"05-09, 15-19, 70-74"
ICD-8,9049,3,3,1979,1983,"15-19, 55-59"
ICD-8,9064,3,3,1980,1986,"35-39, 70-74, 75-79"
ICD-8,3627,3,3,1980,1984,"10-14, 15-19, 20-24"
ICD-8,7796,3,3,1983,1985,<1
ICD-8,8761,3,3,1979,1985,"01-04, 30-34, <1"
ICD-8,3971,3,3,1979,1985,"65-69, 70-74, 80-84"
ICD-8,4170,3,3,1980,1984,"10-14, 65-69, 75-79"
ICD-8,3859,3,3,1984,1986,"30-34, 50-54, 70-74"
ICD-8,2827,3,3,1981,1985,"65-69, 75-79, <1"
ICD-8,4296,3,3,1981,1986,"45-49, 50-54, 65-69"
ICD-8,2748,3,3,1980,1986,"75-79, 80-84, 85+"
ICD-8,2726,3,3,1979,1980,"10-14, 45-49, 85+"
ICD-8,2725,3,3,1979,1986,"35-39, 60-64"
ICD-8,2713,3,3,1979,1985,"80-84, <1"
ICD-8,4572,3,3,1982,1983,"65-69, 85+"
ICD-8,2698,2,3,1982,1985,"85+, <1"
ICD-8,4619,3,3,1981,1983,"20-24, 35-39, 70-74"
ICD-8,5371,3,3,1980,1984,"70-74, 80-84, 85+"
ICD-8,8762,3,3,1980,1986,"30-34, 55-59, 70-74"
ICD-8,4738,3,3,1979,1980,"55-59, 60-64"
ICD-8,8346,3,3,1979,1982,"40-44, 55-59, 60-64"
ICD-8,4785,3,3,1979,1985,"60-64, 70-74, 80-84"
ICD-8,2553,3,3,1982,1986,"05-09, 60-64, 70-74"
ICD-8,8253,3,3,1979,1986,"15-19, 20-24, 25-29"
ICD-8,8247,3,3,1979,1984,"20-24, 70-74, 85+"
ICD-8,5064,3,3,1981,1984,"70-74, 75-79, 85+"
ICD-8,9171,3,3,1983,1983,"20-24, 40-44, 65-69"
ICD-8,402,3,3,1980,1986,"60-64, 80-84, 85+"
ICD-8,9499,3,3,1979,1981,"15-19, 30-34, 55-59"
ICD-8,2158,3,3,1980,1983,"55-59, 65-69, 70-74"
ICD-8,9042,3,3,1980,1981,"30-34, 55-59, 85+"
ICD-8,7185,3,3,1981,1985,"55-59, 70-74, 85+"
ICD-8,6715,3,3,1979,1986,"20-24, 25-29, 35-39"
ICD-8,1422,3,3,1979,1985,"50-54, 55-59, 60-64"
ICD-8,7214,3,3,1981,1986,"50-54, 75-79, 80-84"
ICD-8,7190,3,3,1981,1984,"50-54, 65-69, 75-79"
ICD-8,1441,3,3,1980,1985,"55-59, 75-79"
ICD-8,6356,3,3,1979,1985,"25-29, 35-39, 40-44"
ICD-8,2048,3,3,1979,1983,"50-54, 80-84"
ICD-8,7224,3,3,1980,1985,"60-64, 70-74, 85+"
ICD-8,1842,3,3,1979,1984,"65-69, 70-74, 75-79"
ICD-8,1177,3,3,1979,1986,"10-14, 55-59, 75-79"
ICD-8,1159,3,3,1984,1986,"10-14, 35-39, 40-44"
ICD-8,6273,3,3,1984,1985,"80-84, 85+"
ICD-8,9855,2,3,1979,1980,35-39
ICD-8,7292,3,3,1981,1986,"70-74, 75-79, 80-84"
ICD-8,6238,3,3,1980,1986,"75-79, 80-84, 85+"
ICD-8,7098,3,3,1983,1986,"60-64, 70-74"
ICD-8,6931,3,3,1980,1984,"01-04, 20-24"
ICD-8,68,3,3,1979,1982,"35-39, 60-64"
ICD-8,727,3,3,1981,1983,"01-04, 15-19, 85+"
ICD-8,1648,3,3,1979,1983,"45-49, 60-64, 65-69"
ICD-8,6918,3,3,1981,1983,"10-14, <1"
ICD-8,6946,2,3,1984,1985,"75-79, 85+"
ICD-8,7245,2,2,1981,1982,"70-74, 80-84"
ICD-8,9398,2,2,1979,1986,"55-59, 80-84"
ICD-8,1478,2,2,1981,1985,"75-79, 85+"
ICD-8,4591,2,2,1985,1985,"80-84, 85+"
ICD-8,7225,2,2,1979,1983,"70-74, 85+"
ICD-8,1448,2,2,1981,1983,"50-54, 65-69"
ICD-8,2714,2,2,1980,1985,"65-69, 75-79"
ICD-8,1643,2,2,1979,1983,<1
ICD-8,9295,2,2,1979,1982,"55-59, 65-69"
ICD-8,4375,2,2,1982,1986,"20-24, 45-49"
ICD-8,2681,2,2,1980,1981,"65-69, 70-74"
ICD-8,1638,2,2,1984,1986,60-64
ICD-8,4780,2,2,1979,1979,"30-34, 80-84"
ICD-8,4748,2,2,1979,1979,"05-09, 50-54"
ICD-8,4778,2,2,1986,1986,"25-29, 65-69"
ICD-8,2153,2,2,1980,1985,"80-84, 85+"
ICD-8,4760,2,2,1980,1984,85+
ICD-8,9390,2,2,1979,1982,20-24
ICD-8,8437,2,2,1982,1985,40-44
ICD-8,4749,2,2,1981,1984,"05-09, 20-24"
ICD-8,4741,2,2,1982,1984,01-04
ICD-8,4644,2,2,1980,1981,"01-04, 05-09"
ICD-8,8663,2,2,1980,1984,"05-09, 30-34"
ICD-8,7242,2,2,1982,1983,"55-59, 60-64"
ICD-8,4719,2,2,1979,1985,"35-39, 85+"
ICD-8,2593,2,2,1980,1985,"65-69, 70-74"
ICD-8,8336,2,2,1981,1986,"45-49, 55-59"
ICD-8,9381,2,2,1981,1982,"10-14, 25-29"
ICD-8,164,2,2,1979,1979,"60-64, 75-79"
ICD-8,6224,2,2,1985,1986,"75-79, 85+"
ICD-8,8666,2,2,1982,1984,"15-19, 25-29"
ICD-8,3625,2,2,1984,1986,"25-29, 85+"
ICD-8,7151,2,2,1982,1984,"80-84, 85+"
ICD-8,3238,2,2,1979,1980,"50-54, 85+"
ICD-8,3358,2,2,1985,1986,"40-44, 75-79"
ICD-8,3370,2,2,1983,1985,"65-69, 70-74"
ICD-8,3433,2,2,1980,1985,"50-54, 80-84"
ICD-8,3434,2,2,1979,1984,"01-04, 60-64"
ICD-8,8790,2,2,1981,1986,65-69
ICD-8,3623,2,2,1986,1986,"80-84, 85+"
ICD-8,4252,2,2,1985,1986,"75-79, <1"
ICD-8,3593,2,2,1979,1984,"30-34, 65-69"
ICD-8,6819,2,2,1982,1982,"45-49, 70-74"
ICD-8,3563,2,2,1981,1986,"35-39, 55-59"
ICD-8,6949,2,2,1983,1986,"65-69, 75-79"
ICD-8,3469,2,2,1980,1986,"15-19, 35-39"
ICD-8,7018,1,2,1986,1986,70-74
ICD-8,3523,2,2,1980,1984,"70-74, 75-79"
ICD-8,3235,2,2,1979,1984,"35-39, <1"
ICD-8,9885,2,2,1981,1985,"20-24, 65-69"
ICD-8,8764,2,2,1979,1982,"60-64, 70-74"
ICD-8,3180,2,2,1980,1984,"60-64, 85+"
ICD-8,8669,2,2,1981,1986,"40-44, 75-79"
ICD-8,6657,2,2,1982,1983,"30-34, 35-39"
ICD-8,6660,2,2,1980,1983,"20-24, 35-39"
ICD-8,6476,2,2,1979,1985,20-24
ICD-8,6662,2,2,1982,1986,"25-29, 35-39"
ICD-8,1368,2,2,1983,1985,"60-64, 85+"
ICD-8,2878,2,2,1980,1986,"50-54, 75-79"
ICD-8,7182,2,2,1985,1986,"75-79, 85+"
ICD-8,2882,2,2,1984,1984,"05-09, <1"
ICD-8,9222,2,2,1981,1984,"05-09, 10-14"
ICD-8,2896,2,2,1982,1986,"70-74, 80-84"
ICD-8,9219,2,2,1980,1984,"15-19, 55-59"
ICD-8,8731,2,2,1983,1984,"80-84, <1"
ICD-8,8743,2,2,1981,1982,"20-24, 50-54"
ICD-8,6681,2,2,1982,1984,"25-29, 30-34"
ICD-8,8248,2,2,1979,1984,"25-29, 35-39"
ICD-8,9393,2,2,1986,1986,"25-29, 30-34"
ICD-8,5881,2,2,1984,1986,"70-74, 80-84"
ICD-8,8240,2,2,1983,1984,"25-29, 35-39"
ICD-8,2308,2,2,1981,1981,"75-79, 80-84"
ICD-8,5988,2,2,1979,1980,"70-74, 85+"
ICD-8,5981,2,2,1981,1982,"55-59, 65-69"
ICD-8,6338,2,2,1980,1983,"30-34, 35-39"
ICD-8,5949,2,2,1979,1983,"55-59, 80-84"
ICD-8,6352,2,2,1979,1984,"25-29, 35-39"
ICD-8,6375,2,2,1979,1981,"20-24, 30-34"
ICD-8,7389,2,2,1979,1984,"20-24, 75-79"
ICD-8,2337,2,2,1982,1986,"65-69, 80-84"
ICD-8,2359,2,2,1985,1986,"01-04, 70-74"
ICD-8,7754,2,2,1983,1985,<1
ICD-8,1908,2,2,1983,1986,"70-74, 80-84"
ICD-8,19,2,2,1983,1985,"60-64, <1"
ICD-8,7772,2,2,1979,1985,<1
ICD-8,6018,2,2,1979,1986,"70-74, 80-84"
ICD-8,6332,2,2,1980,1982,"30-34, 35-39"
ICD-8,5671,2,2,1982,1983,45-49
ICD-8,2165,2,2,1984,1985,"60-64, 70-74"
ICD-8,6199,2,2,1981,1982,"40-44, 75-79"
ICD-8,6198,2,2,1983,1984,"50-54, 75-79"
ICD-8,6188,2,2,1979,1986,"70-74, 75-79"
ICD-8,2154,2,2,1985,1986,"70-74, 80-84"
ICD-8,9586,2,2,1984,1986,"30-34, 40-44"
ICD-8,2155,2,2,1980,1986,"40-44, 45-49"
ICD-8,9582,2,2,1982,1985,"20-24, 70-74"
ICD-8,2276,2,2,1984,1984,"15-19, 60-64"
ICD-8,6168,2,2,1982,1986,"35-39, 85+"
ICD-8,2222,2,2,1985,1986,"55-59, 70-74"
ICD-8,7607,2,2,1980,1985,<1
ICD-8,2258,2,2,1982,1982,"70-74, 75-79"
ICD-8,9553,2,2,1984,1986,65-69
ICD-8,63,2,2,1981,1983,"60-64, 80-84"
ICD-8,569,2,2,1979,1986,"25-29, <1"
ICD-8,2453,2,2,1983,1986,"70-74, 75-79"
ICD-8,5346,2,2,1979,1979,"65-69, 80-84"
ICD-8,7957,2,2,1981,1984,<1
ICD-8,5375,2,2,1979,1986,"65-69, 75-79"
ICD-8,5088,2,2,1984,1984,"40-44, 65-69"
ICD-8,538,2,2,1980,1983,"55-59, 85+"
ICD-8,1828,2,2,1979,1983,75-79
ICD-8,7819,2,2,1983,1986,"01-04, 40-44"
ICD-8,5081,2,2,1981,1983,"65-69, 75-79"
ICD-8,5298,2,2,1980,1982,"45-49, <1"
ICD-8,6427,2,2,1979,1980,"30-34, 35-39"
ICD-8,5343,2,2,1979,1985,"65-69, 80-84"
ICD-8,5322,2,2,1979,1983,"55-59, 70-74"
ICD-8,2541,1,2,1980,1980,<1
ICD-8,5347,2,2,1982,1986,"55-59, 75-79"
ICD-8,5061,2,2,1983,1983,"15-19, 20-24"
ICD-8,7913,2,2,1979,1979,"01-04, 05-09"
ICD-8,7792,1,2,1985,1985,<1
ICD-8,1821,2,2,1980,1982,"40-44, 70-74"
ICD-8,2519,2,2,1979,1983,"01-04, 70-74"
ICD-8,5089,2,2,1981,1983,"40-44, 60-64"
ICD-8,1835,2,2,1982,1986,"20-24, 75-79"
ICD-8,9394,1,1,1983,1983,80-84
ICD-8,338,1,1,1983,1983,01-04
ICD-8,2511,1,1,1980,1980,01-04
ICD-8,329,1,1,1982,1982,01-04
ICD-8,2278,1,1,1985,1985,60-64
ICD-8,9886,1,1,1986,1986,40-44
ICD-8,9392,1,1,1983,1983,35-39
ICD-8,9488,1,1,1983,1983,25-29
ICD-8,2133,1,1,1983,1983,80-84
ICD-8,3461,1,1,1983,1983,50-54
ICD-8,2224,1,1,1982,1982,80-84
ICD-8,9808,1,1,1981,1981,40-44
ICD-8,1121,1,1,1984,1984,45-49
ICD-8,3508,1,1,1983,1983,60-64
ICD-8,1122,1,1,1985,1985,85+
ICD-8,9601,1,1,1986,1986,20-24
ICD-8,9458,1,1,1981,1981,<1
ICD-8,9452,1,1,1982,1982,65-69
ICD-8,3462,1,1,1986,1986,10-14
ICD-8,2549,1,1,1983,1983,65-69
ICD-8,2537,1,1,1986,1986,75-79
ICD-8,2137,1,1,1986,1986,85+
ICD-8,1123,1,1,1985,1985,01-04
ICD-8,2166,1,1,1981,1981,80-84
ICD-8,2198,1,1,1985,1985,<1
ICD-8,2323,1,1,1979,1979,80-84
ICD-8,9887,1,1,1984,1984,45-49
ICD-8,9629,1,1,1986,1986,55-59
ICD-8,2564,1,1,1979,1979,<1
ICD-8,3075,1,1,1981,1981,80-84
ICD-8,3170,1,1,1984,1984,85+
ICD-8,278,1,1,1981,1981,65-69
ICD-8,1415,1,1,1979,1979,85+
ICD-8,2649,1,1,1985,1985,<1
ICD-8,1834,1,1,1986,1986,80-84
ICD-8,2363,1,1,1979,1979,75-79
ICD-8,9853,1,1,1979,1979,35-39
ICD-8,2441,1,1,1984,1984,85+
ICD-8,2784,1,1,1985,1985,70-74
ICD-8,1894,1,1,1982,1982,65-69
ICD-8,9195,1,1,1982,1982,40-44
ICD-8,9852,1,1,1983,1983,50-54
ICD-8,9294,1,1,1984,1984,35-39
ICD-8,9683,1,1,1979,1979,01-04
ICD-8,1883,1,1,1980,1980,75-79
ICD-8,2723,1,1,1983,1983,45-49
ICD-8,3509,1,1,1986,1986,75-79
ICD-8,9372,1,1,1983,1983,30-34
ICD-8,1406,1,1,1985,1985,85+
ICD-8,1405,1,1,1981,1981,40-44
ICD-8,2518,1,1,1985,1985,75-79
ICD-8,2332,1,1,1983,1983,65-69
ICD-8,311,1,1,1984,1984,75-79
ICD-8,3089,1,1,1985,1985,70-74
ICD-8,9314,1,1,1983,1983,25-29
ICD-8,3072,1,1,1984,1984,15-19
ICD-8,2325,1,1,1979,1979,80-84
ICD-8,2938,1,1,1986,1986,80-84
ICD-8,2326,1,1,1980,1980,75-79
ICD-8,2327,1,1,1984,1984,85+
ICD-8,2889,1,1,1982,1982,30-34
ICD-8,2128,1,1,1985,1985,05-09
ICD-8,2011,1,1,1980,1980,40-44
ICD-8,9249,1,1,1979,1979,65-69
ICD-8,9659,1,1,1984,1984,30-34
ICD-8,1928,1,1,1985,1985,60-64
ICD-8,1403,1,1,1979,1979,60-64
ICD-8,9468,1,1,1981,1981,01-04
ICD-8,8636,1,1,1983,1983,55-59
ICD-8,3518,1,1,1980,1980,55-59
ICD-8,6234,1,1,1979,1979,85+
ICD-8,7547,1,1,1980,1980,<1
ICD-8,7543,1,1,1985,1985,75-79
ICD-8,6186,1,1,1986,1986,85+
ICD-8,7507,1,1,1985,1985,01-04
ICD-8,748,1,1,1981,1981,30-34
ICD-8,6227,1,1,1983,1983,85+
ICD-8,7436,1,1,1980,1980,01-04
ICD-8,6268,1,1,1980,1980,45-49
ICD-8,6173,1,1,1980,1980,35-39
ICD-8,6272,1,1,1979,1979,45-49
ICD-8,7384,1,1,1980,1980,80-84
ICD-8,7379,1,1,1980,1980,65-69
ICD-8,6355,1,1,1980,1980,40-44
ICD-8,6357,1,1,1985,1985,30-34
ICD-8,6358,1,1,1982,1982,35-39
ICD-8,7366,1,1,1980,1980,80-84
ICD-8,6175,1,1,1980,1980,45-49
ICD-8,7578,1,1,1983,1983,01-04
ICD-8,6381,1,1,1984,1984,20-24
ICD-8,6013,1,1,1986,1986,80-84
ICD-8,7731,1,1,1979,1979,<1
ICD-8,5890,1,1,1986,1986,60-64
ICD-8,7723,1,1,1980,1980,<1
ICD-8,7715,1,1,1985,1985,<1
ICD-8,5967,1,1,1986,1986,85+
ICD-8,5982,1,1,1986,1986,80-84
ICD-8,5995,1,1,1984,1984,85+
ICD-8,6031,1,1,1979,1979,75-79
ICD-8,7584,1,1,1983,1983,85+
ICD-8,6081,1,1,1985,1985,75-79
ICD-8,6117,1,1,1985,1985,85+
ICD-8,6118,1,1,1981,1981,45-49
ICD-8,6141,1,1,1979,1979,15-19
ICD-8,7606,1,1,1981,1981,<1
ICD-8,6165,1,1,1981,1981,75-79
ICD-8,6171,1,1,1982,1982,40-44
ICD-8,6376,1,1,1979,1979,15-19
ICD-8,7333,1,1,1980,1980,75-79
ICD-8,3521,1,1,1985,1985,50-54
ICD-8,6670,1,1,1985,1985,25-29
ICD-8,65,1,1,1983,1983,40-44
ICD-8,6607,1,1,1983,1983,20-24
ICD-8,6650,1,1,1979,1979,25-29
ICD-8,6653,1,1,1985,1985,25-29
ICD-8,6655,1,1,1982,1982,25-29
ICD-8,7193,1,1,1982,1982,60-64
ICD-8,7189,1,1,1979,1979,85+
ICD-8,7173,1,1,1980,1980,50-54
ICD-8,7218,1,1,1986,1986,70-74
ICD-8,6688,1,1,1979,1979,25-29
ICD-8,7163,1,1,1984,1984,70-74
ICD-8,6699,1,1,1983,1983,35-39
ICD-8,6719,1,1,1979,1979,25-29
ICD-8,6868,1,1,1986,1986,75-79
ICD-8,7039,1,1,1983,1983,50-54
ICD-8,704,1,1,1980,1980,35-39
ICD-8,7216,1,1,1979,1979,70-74
ICD-8,6488,1,1,1980,1980,25-29
ICD-8,6392,1,1,1979,1979,25-29
ICD-8,6468,1,1,1983,1983,20-24
ICD-8,7329,1,1,1981,1981,85+
ICD-8,7325,1,1,1985,1985,80-84
ICD-8,6398,1,1,1982,1982,30-34
ICD-8,7312,1,1,1979,1979,50-54
ICD-8,6425,1,1,1983,1983,15-19
ICD-8,7299,1,1,1985,1985,75-79
ICD-8,6466,1,1,1979,1979,15-19
ICD-8,6478,1,1,1980,1980,25-29
ICD-8,6487,1,1,1981,1981,30-34
ICD-8,7267,1,1,1982,1982,75-79
ICD-8,7266,1,1,1979,1979,75-79
ICD-8,7246,1,1,1979,1979,40-44
ICD-8,7243,1,1,1984,1984,80-84
ICD-8,7234,1,1,1985,1985,65-69
ICD-8,7227,1,1,1983,1983,70-74
ICD-8,6484,1,1,1984,1984,30-34
ICD-8,5889,1,1,1979,1979,<1
ICD-8,5813,1,1,1981,1981,75-79
ICD-8,5812,1,1,1980,1980,70-74
ICD-8,8711,1,1,1984,1984,65-69
ICD-8,3763,1,1,1981,1981,75-79
ICD-8,8745,1,1,1982,1982,<1
ICD-8,8744,1,1,1981,1981,10-14
ICD-8,3774,1,1,1980,1980,20-24
ICD-8,3785,1,1,1979,1979,70-74
ICD-8,8721,1,1,1983,1983,<1
ICD-8,8719,1,1,1982,1982,60-64
ICD-8,8709,1,1,1986,1986,85+
ICD-8,3761,1,1,1979,1979,15-19
ICD-8,3788,1,1,1984,1984,80-84
ICD-8,3812,1,1,1979,1979,01-04
ICD-8,3813,1,1,1980,1980,45-49
ICD-8,3832,1,1,1985,1985,75-79
ICD-8,3842,1,1,1984,1984,15-19
ICD-8,3858,1,1,1979,1979,70-74
ICD-8,4262,1,1,1980,1980,45-49
ICD-8,8749,1,1,1980,1980,70-74
ICD-8,8765,1,1,1979,1979,45-49
ICD-8,7757,1,1,1983,1983,<1
ICD-8,3636,1,1,1979,1979,70-74
ICD-8,3522,1,1,1985,1985,85+
ICD-8,3534,1,1,1979,1979,85+
ICD-8,3535,1,1,1983,1983,60-64
ICD-8,3542,1,1,1986,1986,60-64
ICD-8,8831,1,1,1982,1982,30-34
ICD-8,3604,1,1,1982,1982,15-19
ICD-8,8793,1,1,1985,1985,60-64
ICD-8,3638,1,1,1986,1986,45-49
ICD-8,3696,1,1,1981,1981,85+
ICD-8,364,1,1,1982,1982,60-64
ICD-8,3643,1,1,1979,1979,85+
ICD-8,3644,1,1,1980,1980,85+
ICD-8,3652,1,1,1983,1983,80-84
ICD-8,3656,1,1,1986,1986,85+
ICD-8,3661,1,1,1986,1986,85+
ICD-8,8769,1,1,1984,1984,65-69
ICD-8,8654,1,1,1986,1986,45-49
ICD-8,4473,1,1,1980,1980,35-39
ICD-8,4475,1,1,1983,1983,50-54
ICD-8,5268,1,1,1981,1981,50-54
ICD-8,8298,1,1,1984,1984,10-14
ICD-8,4789,1,1,1984,1984,85+
ICD-8,8280,1,1,1982,1982,10-14
ICD-8,4955,1,1,1982,1982,65-69
ICD-8,8249,1,1,1980,1980,60-64
ICD-8,4958,1,1,1982,1982,45-49
ICD-8,5069,1,1,1981,1981,35-39
ICD-8,7954,1,1,1986,1986,65-69
ICD-8,7058,1,1,1980,1980,50-54
ICD-8,7919,1,1,1986,1986,85+
ICD-8,7912,1,1,1986,1986,10-14
ICD-8,5372,1,1,1983,1983,75-79
ICD-8,558,1,1,1981,1981,01-04
ICD-8,7774,1,1,1982,1982,<1
ICD-8,7767,1,1,1984,1984,<1
ICD-8,7758,1,1,1983,1983,<1
ICD-8,8366,1,1,1982,1982,55-59
ICD-8,4761,1,1,1983,1983,65-69
ICD-8,8416,1,1,1984,1984,30-34
ICD-8,8427,1,1,1980,1980,15-19
ICD-8,4552,1,1,1984,1984,85+
ICD-8,8634,1,1,1984,1984,30-34
ICD-8,8633,1,1,1984,1984,30-34
ICD-8,8631,1,1,1986,1986,25-29
ICD-8,4564,1,1,1986,1986,65-69
ICD-8,862,1,1,1986,1986,25-29
ICD-8,8615,1,1,1980,1980,01-04
ICD-8,4581,1,1,1983,1983,65-69
ICD-8,4611,1,1,1984,1984,65-69
ICD-8,8603,1,1,1981,1981,15-19
ICD-8,4613,1,1,1982,1982,25-29
ICD-8,4658,1,1,1979,1979,60-64
ICD-8,470,1,1,1985,1985,<1
ICD-8,4718,1,1,1985,1985,55-59
ICD-8,8436,1,1,1980,1980,55-59
ICD-8,109,1,1,1982,1982,85+
ICD-9,8266,4,4,1994,1995,"05-09, 25-29, 60-64, 70-74"
ICD-9,1635,1,1,1994,1994,65-69
ICD-9,9012,1,1,1995,1995,30-34
ICD-9,9825,1,1,1994,1994,40-44
ICD-9,9639,1,1,1998,1998,75-79
ICD-9,9603,1,1,1998,1998,35-39
ICD-9,9523,1,1,1994,1994,50-54
ICD-9,9522,1,1,1993,1993,45-49
ICD-9,9122,1,1,1995,1995,20-24
ICD-9,8959,1,1,1994,1994,30-34
ICD-9,1652,1,1,1994,1994,70-74
ICD-9,8489,1,1,1995,1995,75-79
ICD-9,8267,1,1,1994,1994,80-84
ICD-9,7156,1,1,1995,1995,45-49
ICD-9,5894,1,1,1993,1993,65-69
ICD-9,5159,1,1,1993,1993,80-84
ICD-9,4856,1,1,1994,1994,85+
ICD-9,9849,1,1,1995,1995,60-64
