given_name,family_name,member_house,post,start_date,end_date,tenure_length_days,parliament_start_date,parliament_length_days,party,prime_minister,person_id,mnis_id
James,Wilson,Commons,Parliamentary Secretary (Ministry of Works),1945-08-01,1947-03-01,577.0,,,Labour,Clement Attlee,https://id.parliament.uk/Ia6ERfYN,1016
Herbert,Parker,Commons,Parliamentary Under-Secretary (Dominions Office),1945-08-01,1946-05-01,273.0,,,Labour,Clement Attlee,https://id.parliament.uk/8TZcsFL9,1174
Arthur,Bottomley,Commons,Parliamentary Under-Secretary (Dominions Office),1946-01-01,1947-01-01,365.0,,,Labour,Clement Attlee,https://id.parliament.uk/jIMjYzBB,2967
Leonard,Callaghan,Commons,Parliamentary Secretary (Ministry of Transport),1947-01-01,1950-01-01,1096.0,,,,Clement Attlee,https://id.parliament.uk/YSsLNF3h,3326
Arthur,Bottomley,Commons,Parliamentary Under-Secretary (Board of Trade) (Overseas Trade),1947-01-01,1951-01-01,1461.0,,,Labour,Clement Attlee,https://id.parliament.uk/jIMjYzBB,2967
Douglas,Jay,Commons,Economic Secretary (HM Treasury),1947-01-01,1950-01-01,1096.0,,,Labour,Clement Attlee,https://id.parliament.uk/pHPAF60z,881
James,Wilson,Commons,Parliamentary Under-Secretary (Board of Trade) (Overseas Trade),1947-03-01,1947-10-01,214.0,,,Labour,Clement Attlee,https://id.parliament.uk/Ia6ERfYN,1016
James,Wilson,Commons,President of the Board of Trade,1947-10-01,1951-04-01,1278.0,,,Labour,Clement Attlee,https://id.parliament.uk/Ia6ERfYN,1016
Leonard,Callaghan,Commons,Parliamentary and Financial Secretary to the Admiralty,1950-01-01,1951-01-01,365.0,,,,Clement Attlee,https://id.parliament.uk/YSsLNF3h,3326
Douglas,Jay,Commons,Financial Secretary (HM Treasury),1950-02-01,1951-10-01,607.0,,,Labour,Clement Attlee,https://id.parliament.uk/pHPAF60z,881
Frederick,Willey,Commons,Parliamentary Secretary (Ministry of Food),1950-04-18,1951-10-26,556.0,,,Labour,Clement Attlee,https://id.parliament.uk/HNb6OkWZ,1360
Thomas,Galbraith,Commons,Lord Commissioner (HM Treasury) (Whip),1951-01-01,1954-01-01,1096.0,,,Conservative,Clement Attlee,https://id.parliament.uk/fGsYCkze,1117
Donald,Kaberry,Commons,Assistant Whip (HM Treasury),1951-01-01,1955-04-01,1551.0,,,Conservative,Clement Attlee,https://id.parliament.uk/6DP8w0X4,885
Edward,Heath,Commons,Lord Commissioner (HM Treasury) (Whip),1951-11-01,1952-05-01,182.0,,,Conservative,Winston Churchill,https://id.parliament.uk/xCFBQOk1,195
Edward,Heath,Commons,Deputy Chief Whip,1952-05-01,1955-05-01,1095.0,,,Conservative,Winston Churchill,https://id.parliament.uk/xCFBQOk1,195
Thomas,Galbraith,Commons,Comptroller (HM Household),1954-01-01,1955-01-01,365.0,,,Conservative,Winston Churchill,https://id.parliament.uk/fGsYCkze,1117
Thomas,Galbraith,Commons,Deputy Chief Whip and Treasurer,1955-01-01,1957-01-01,731.0,,,Conservative,Winston Churchill,https://id.parliament.uk/fGsYCkze,1117
Derek,Walker-Smith,Commons,Parliamentary Secretary (Board of Trade),1955-01-01,1956-01-01,365.0,,,Conservative,Winston Churchill,https://id.parliament.uk/QUUeviYP,1326
Donald,Kaberry,Commons,Parliamentary Secretary (Board of Trade),1955-04-02,1955-10-01,182.0,,,Conservative,Winston Churchill,https://id.parliament.uk/6DP8w0X4,885
Edward,Heath,Commons,Parliamentary Secretary to the Treasury (Chief Whip),1955-05-01,1959-10-01,1614.0,,,Conservative,Anthony Eden,https://id.parliament.uk/xCFBQOk1,195
John,Powell,Commons,Parliamentary Secretary (Ministry of Housing and Local Government),1955-12-01,1957-01-13,409.0,,,Conservative,Anthony Eden,https://id.parliament.uk/iwSZQI9M,1023
Paul,Bryan,Commons,Assistant Whip (HM Treasury),1956-01-01,1958-01-01,731.0,,,Conservative,Anthony Eden,https://id.parliament.uk/hCp2l8M5,1042
Derek,Walker-Smith,Commons,Economic Secretary (HM Treasury),1956-01-01,1957-01-01,366.0,,,Conservative,Anthony Eden,https://id.parliament.uk/QUUeviYP,1326
Thomas,Galbraith,Commons,Civil Lord of the Admiralty,1957-01-01,1959-01-01,730.0,,,Conservative,Anthony Eden,https://id.parliament.uk/fGsYCkze,1117
Derek,Walker-Smith,Commons,Minister of State (Board of Trade),1957-01-01,1957-12-31,364.0,,,Conservative,Anthony Eden,https://id.parliament.uk/QUUeviYP,1326
Julian,Amery,Commons,Parliamentary Under-Secretary (War Office),1957-01-01,1958-12-01,699.0,,,Conservative,Anthony Eden,https://id.parliament.uk/2yI884fp,2919
John,Powell,Commons,Financial Secretary (HM Treasury),1957-01-13,1958-01-16,368.0,,,Conservative,Harold Macmillan,https://id.parliament.uk/iwSZQI9M,1023
Derek,Walker-Smith,Commons,Minister of State (Department of Health and Social Security),1957-12-31,1960-01-01,731.0,,,Conservative,Harold Macmillan,https://id.parliament.uk/QUUeviYP,1326
Julian,Amery,Commons,Parliamentary Under-Secretary (Colonial Office),1958-01-01,1960-01-01,730.0,,,Conservative,Harold Macmillan,https://id.parliament.uk/2yI884fp,2919
Paul,Bryan,Commons,Lord Commissioner (HM Treasury) (Whip),1958-01-01,1961-01-01,1096.0,,,Conservative,Harold Macmillan,https://id.parliament.uk/hCp2l8M5,1042
Hugh,Fraser,Commons,Parliamentary Under-Secretary and Financial Secretary (War Office),1958-01-01,1960-01-01,730.0,,,Conservative,Harold Macmillan,https://id.parliament.uk/PfvG6nP8,1007
Michael,Beach,Lords,"Captain of the Honourable Corps of Gentlemen-at-Arms (HM Household) (Chief Whip, House of Lords)",1958-06-01,1964-09-30,2313.0,,,Conservative,Harold Macmillan,https://id.parliament.uk/4IWBcpoh,3097
Thomas,Galbraith,Commons,Parliamentary Under-Secretary (Scottish Office),1959-01-01,1962-01-01,1096.0,,,Conservative,Harold Macmillan,https://id.parliament.uk/fGsYCkze,1117
William,Whitelaw,Commons,Assistant Whip (HM Treasury),1959-01-01,1961-01-01,731.0,,,Conservative,Harold Macmillan,https://id.parliament.uk/6LEjNWW7,1722
Peter,Thomas,Commons,Parliamentary Secretary (Ministry of Labour),1959-01-01,1961-01-01,731.0,,,Conservative,Harold Macmillan,https://id.parliament.uk/2UsdtrJr,1046
Keith,Joseph,Commons,Parliamentary Secretary (Ministry of Housing and Local Government),1959-07-13,1961-10-16,826.0,,,Conservative,Harold Macmillan,https://id.parliament.uk/NGcXa023,2976
Aubrey,Rippon,Commons,Parliamentary Secretary (Ministry of Aviation),1959-10-10,1961-10-01,722.0,,,Conservative,Harold Macmillan,https://id.parliament.uk/gpETTaOP,1327
Edward,Heath,Commons,Minister of State (Ministry of Labour),1959-10-14,1960-07-27,287.0,,,Conservative,Harold Macmillan,https://id.parliament.uk/xCFBQOk1,195
Hugh,Fraser,Commons,Parliamentary-Under Secretary (Colonial Office) (The Colonies),1960-01-01,1962-01-01,731.0,,,Conservative,Harold Macmillan,https://id.parliament.uk/PfvG6nP8,1007
John,Powell,Commons,Minister (Department of Health),1960-07-27,1963-10-19,1179.0,,,Conservative,Harold Macmillan,https://id.parliament.uk/iwSZQI9M,1023
Edward,Heath,Commons,Lord Privy Seal,1960-07-27,1963-10-19,1179.0,,,Conservative,Harold Macmillan,https://id.parliament.uk/xCFBQOk1,195
Bernard,Braine,Commons,Parliamentary Secretary (Ministry of Pensions and Insurance),1960-10-01,1961-02-01,123.0,,,Conservative,Harold Macmillan,https://id.parliament.uk/OWKh0Eit,3497
Julian,Amery,Commons,Secretary of State for the Air Ministry,1960-10-28,1962-07-15,625.0,,,Conservative,Harold Macmillan,https://id.parliament.uk/2yI884fp,2919
William,Whitelaw,Commons,Lord Commissioner (HM Treasury) (Whip),1961-01-01,1962-01-01,365.0,,,Conservative,Harold Macmillan,https://id.parliament.uk/6LEjNWW7,1722
Peter,Thomas,Commons,Parliamentary Under-Secretary (Foreign Office),1961-01-01,1963-01-01,730.0,,,Conservative,Harold Macmillan,https://id.parliament.uk/2UsdtrJr,1046
Charles,Fletcher-Cooke,Commons,Parliamentary Under-Secretary (Home Office),1961-01-01,1963-01-01,730.0,,,Conservative,Harold Macmillan,https://id.parliament.uk/dDRroADI,829
Margaret,Thatcher,Commons,Parliamentary Secretary (Ministry of Pensions and Insurance),1961-01-01,1964-01-01,1095.0,,,Conservative,Harold Macmillan,https://id.parliament.uk/xUmb6Tyk,953
Michael,Hamilton,Commons,Assistant Whip (HM Treasury),1961-01-01,1962-01-01,365.0,,,Conservative,Harold Macmillan,https://id.parliament.uk/TUC5GOWO,1034
Bernard,Braine,Commons,Parliamentary Under-Secretary (Commonwealth Relations Office),1961-02-01,1962-07-01,515.0,,,Conservative,Harold Macmillan,https://id.parliament.uk/OWKh0Eit,3497
Aubrey,Rippon,Commons,Parliamentary Secretary (Ministry of Housing and Local Government),1961-10-01,1962-07-16,288.0,,,Conservative,Harold Macmillan,https://id.parliament.uk/gpETTaOP,1327
Keith,Joseph,Commons,Minister of State (Board of Trade),1961-10-17,1962-07-13,269.0,,,Conservative,Harold Macmillan,https://id.parliament.uk/NGcXa023,2976
Julian,Ridsdale,Commons,Parliamentary Under-Secretary (Air Ministry),1962-01-01,1964-01-01,730.0,,,Conservative,Harold Macmillan,https://id.parliament.uk/kDQqtfkB,1287
Francis,Pym,Commons,Assistant Whip (HM Treasury),1962-01-01,1964-10-14,1017.0,,,Conservative,Harold Macmillan,https://id.parliament.uk/gzClaQUx,3257
Michael,Hamilton,Commons,Lord Commissioner (HM Treasury) (Whip),1962-01-01,1964-01-01,730.0,,,Conservative,Harold Macmillan,https://id.parliament.uk/TUC5GOWO,1034
David,Price,Commons,Parliamentary Secretary (Board of Trade),1962-01-01,1964-01-01,730.0,,,Conservative,Harold Macmillan,https://id.parliament.uk/jbQOSByE,1283
William,Whitelaw,Commons,Parliamentary Secretary (Ministry of Labour),1962-01-01,1964-01-01,730.0,,,Conservative,Harold Macmillan,https://id.parliament.uk/6LEjNWW7,1722
Julian,Amery,Commons,Minister of State (Ministry of Aviation),1962-06-16,1964-10-16,853.0,,,Conservative,Harold Macmillan,https://id.parliament.uk/2yI884fp,2919
Bernard,Braine,Commons,Parliamentary Secretary (Department of Health),1962-07-01,1964-01-01,549.0,,,Conservative,Harold Macmillan,https://id.parliament.uk/OWKh0Eit,3497
John,Peyton,Commons,Parliamentary Secretary (Ministry of Power),1962-07-01,1964-10-15,837.0,,,Conservative,Harold Macmillan,https://id.parliament.uk/aeLpjDqw,3162
Edward,du Cann,Commons,Economic Secretary (HM Treasury),1962-07-01,1963-10-01,457.0,,,Conservative,Harold Macmillan,https://id.parliament.uk/zI6WNLVG,804
Nigel,Fisher,Commons,Parliamentary Under-Secretary (Commonwealth Relations Office),1962-07-01,1964-10-01,823.0,,,Conservative,Harold Macmillan,https://id.parliament.uk/nKOhten9,1040
Keith,Joseph,Commons,Minister (Ministry of Housing and Local Government) and for Welsh Affairs,1962-07-13,1964-10-16,826.0,,,Conservative,Harold Macmillan,https://id.parliament.uk/NGcXa023,2976
Aubrey,Rippon,Commons,Secretary of State for Public Building and Works,1962-07-16,1964-10-16,823.0,,,Conservative,Harold Macmillan,https://id.parliament.uk/gpETTaOP,1327
Hugh,Fraser,Commons,Secretary of State for the Air Ministry,1962-07-16,1964-04-01,625.0,,,Conservative,Harold Macmillan,https://id.parliament.uk/PfvG6nP8,1007
Harry,Marten,Commons,Parliamentary Secretary (Ministry of Aviation),1962-12-01,1964-10-15,684.0,,,Conservative,Harold Macmillan,https://id.parliament.uk/oEuNOvf1,1178
Maurice,Macmillan,Commons,Economic Secretary (HM Treasury),1963-01-01,1964-01-01,365.0,,,Conservative,Harold Macmillan,https://id.parliament.uk/XyaxBFkV,910
Robert,Elliott,Commons,Assistant Whip (HM Treasury),1963-01-01,1964-12-31,730.0,,,Conservative,Harold Macmillan,https://id.parliament.uk/A2V6sA7X,816
Peter,Thomas,Commons,Minister of State (Foreign Office),1963-01-01,1964-01-01,365.0,,,Conservative,Harold Macmillan,https://id.parliament.uk/2UsdtrJr,1046
Thomas,Galbraith,Commons,Parliamentary Secretary (Ministry of Transport),1963-01-01,1964-01-01,365.0,,,Conservative,Harold Macmillan,https://id.parliament.uk/fGsYCkze,1117
Raymond,Mawby,Commons,Assistant Postmaster General (Post Office),1963-03-01,1964-01-01,306.0,,,Conservative,Harold Macmillan,https://id.parliament.uk/Icigw1VU,1365
Edward,du Cann,Commons,Minister of State (Board of Trade),1963-10-01,1964-01-01,92.0,,,Conservative,Harold Macmillan,https://id.parliament.uk/zI6WNLVG,804
Edward,Heath,Commons,President of the Board of Trade,1963-10-20,1964-10-16,362.0,,,Conservative,Alec Douglas-Home,https://id.parliament.uk/xCFBQOk1,195
Ifor,Davies,Commons,Lord Commissioner (HM Treasury) (Whip),1964-01-01,1966-01-01,731.0,,,Labour,Alec Douglas-Home,https://id.parliament.uk/0GHlYR2O,1011
Roy,Mason,Commons,Minister of State (Board of Trade) (Shipping),1964-01-01,1967-01-01,1096.0,,,Labour,Alec Douglas-Home,https://id.parliament.uk/pWHpqFcZ,1062
Harry,Gourlay,Commons,Assistant Whip (HM Treasury),1964-01-01,1966-01-01,731.0,,,Labour,Alec Douglas-Home,https://id.parliament.uk/UKL6siLB,849
Hugh,Fraser,Commons,Minister of State (Ministry of Defence) (Air Services),1964-04-01,1964-10-18,200.0,,,Conservative,Alec Douglas-Home,https://id.parliament.uk/PfvG6nP8,1007
Malcolm,Shepherd,Lords,"Captain of the Honourable Corps of Gentlemen-at-Arms (HM Household) (Chief Whip, House of Lords)",1964-10-01,1967-06-30,1002.0,,,Labour,Alec Douglas-Home,https://id.parliament.uk/4PKNanHf,2117
Francis,Pakenham,Lords,Lord Privy Seal and Leader of the House of Lords,1964-10-01,1968-01-31,1217.0,,,Labour,Alec Douglas-Home,https://id.parliament.uk/erEzgsmT,1878
Leonard,Callaghan,Commons,Chancellor of the Exchequer,1964-10-16,1967-11-29,1139.0,,,,Alec Douglas-Home,https://id.parliament.uk/YSsLNF3h,3326
Denis,Healey,Commons,Secretary of State for Defence,1964-10-16,1970-06-19,2072.0,,,Labour,Alec Douglas-Home,https://id.parliament.uk/dXhbdj80,979
James,Wilson,Commons,"Prime Minister, First Lord of the Treasury and Minister for the Civil Service",1964-10-16,1970-06-18,2071.0,,,Labour,Alec Douglas-Home,https://id.parliament.uk/Ia6ERfYN,1016
Frederick,Willey,Commons,Secretary of State for Land and Natural Resources,1964-10-17,1967-02-17,853.0,,,Labour,Harold Wilson,https://id.parliament.uk/HNb6OkWZ,1360
Arthur,Bottomley,Commons,Secretary of State for Commonwealth Relations,1964-10-18,1966-08-11,662.0,,,Labour,Harold Wilson,https://id.parliament.uk/jIMjYzBB,2967
Douglas,Jay,Commons,President of the Board of Trade,1964-10-18,1967-08-28,1044.0,,,Labour,Harold Wilson,https://id.parliament.uk/pHPAF60z,881
Roy,Jenkins,Commons,Minister of State (Ministry of Aviation),1964-10-18,1965-12-22,430.0,,,Labour,Harold Wilson,https://id.parliament.uk/k6GCchmd,732
Anthony,Benn,Commons,Postmaster General (Post Office),1964-10-19,1966-07-04,623.0,,,Labour,Harold Wilson,https://id.parliament.uk/cKwj1NnB,326
Frederick,Mulley,Commons,Minister of State (Ministry of Defence) (Army),1964-10-19,1965-12-23,430.0,,,Labour,Harold Wilson,https://id.parliament.uk/XbTeIjjO,2977
Thomas,Thomas,Commons,Parliamentary Under-Secretary (Home Office),1964-10-20,1966-04-05,532.0,,,Labour,Harold Wilson,https://id.parliament.uk/uqNcZnUB,2830
Bruce,Millan,Commons,Parliamentary Under-Secretary (Ministry of Defence) (Air Force),1964-10-20,1966-04-16,543.0,,,Labour,Harold Wilson,https://id.parliament.uk/KoBAklrn,704
Denis,Howell,Commons,Parliamentary Under-Secretary (Department of Education and Science) (Sport),1964-10-20,1969-10-12,1818.0,,,Labour,Harold Wilson,https://id.parliament.uk/MqBNoFVn,997
Judith,Hart,Commons,Parliamentary Under-Secretary (Scottish Office),1964-10-20,1966-04-06,533.0,,,Labour,Harold Wilson,https://id.parliament.uk/aHWyhv9n,857
Reginald,Prentice,Commons,Minister of State (Department of Education and Science),1964-10-20,1966-04-06,533.0,,,Labour,Harold Wilson,https://id.parliament.uk/bfKKouvx,3261
William,Whitlock,Commons,Vice-Chamberlain (HM Household),1964-10-21,1966-04-11,537.0,,,Labour,Harold Wilson,https://id.parliament.uk/3B5GMTI6,961
William,Rodgers,Commons,Parliamentary Under-Secretary (Department of Economic Affairs),1964-10-21,1967-01-07,808.0,,,Labour,Harold Wilson,https://id.parliament.uk/9dvXtuKV,940
Jesse,Mabon,Commons,Parliamentary Under-Secretary (Scottish Office),1964-10-21,1967-01-07,808.0,,,Labour,Harold Wilson,https://id.parliament.uk/jlBLO7xs,909
Ernest,Fitch,Commons,Assistant Whip (HM Treasury),1964-10-22,1966-04-16,541.0,,,Labour,Harold Wilson,https://id.parliament.uk/fNgAMzdX,827
John,Silkin,Commons,Assistant Whip (HM Treasury),1964-10-22,1966-01-11,446.0,,,Labour,Harold Wilson,https://id.parliament.uk/ze3iKK7K,1335
John,Morris,Commons,Parliamentary Secretary (Ministry of Power),1964-10-25,1966-03-31,522.0,,,Labour,Harold Wilson,https://id.parliament.uk/wC1Rw40g,565
Robert,Mellish,Commons,Parliamentary Secretary (Ministry of Housing and Local Government),1964-11-01,1967-08-29,1031.0,,,Labour,Harold Wilson,https://id.parliament.uk/jMMlrvhT,2828
Roy,Jenkins,Commons,Home Secretary,1965-12-23,1967-11-29,706.0,,,Labour,Harold Wilson,https://id.parliament.uk/k6GCchmd,732
Frederick,Mulley,Commons,Minister of State (Ministry of Aviation),1965-12-23,1967-01-06,379.0,,,Labour,Harold Wilson,https://id.parliament.uk/XbTeIjjO,2977
Merlyn,Rees,Commons,Parliamentary Under-Secretary (Ministry of Defence) (Army),1965-12-24,1966-04-06,103.0,,,Labour,Harold Wilson,https://id.parliament.uk/i35wOJro,936
Judith,Hart,Commons,Minister of State (Commonwealth Office),1966-01-01,1967-01-01,365.0,,,Labour,Harold Wilson,https://id.parliament.uk/aHWyhv9n,857
Jeremy,Bray,Commons,Parliamentary Secretary (Ministry of Power),1966-01-01,1967-01-01,365.0,,,Labour,Harold Wilson,https://id.parliament.uk/1Y9PgXoo,761
Harry,Gourlay,Commons,Lord Commissioner (HM Treasury) (Whip),1966-01-01,1968-01-01,730.0,,,Labour,Harold Wilson,https://id.parliament.uk/UKL6siLB,849
Ronald,Brown,Commons,Assistant Whip (HM Treasury),1966-01-01,1967-01-01,365.0,,,Labour,Harold Wilson,https://id.parliament.uk/87nmI4Bj,1061
Walter,Harrison,Commons,Assistant Whip (HM Treasury),1966-01-01,1968-01-01,730.0,,,Labour,Harold Wilson,https://id.parliament.uk/4OANvvH2,1072
John,Silkin,Commons,Lord Commissioner (Whip),1966-01-11,1966-04-11,90.0,,,Labour,Harold Wilson,https://id.parliament.uk/ze3iKK7K,1335
Charles,Morris,Commons,Assistant Whip (HM Treasury),1966-01-25,1967-07-29,550.0,,,Labour,Harold Wilson,https://id.parliament.uk/5H8Y14pX,1341
John,Morris,Commons,Parliamentary Secretary (Ministry of Transport),1966-04-01,1968-04-06,736.0,,,Labour,Harold Wilson,https://id.parliament.uk/wC1Rw40g,565
John,Silkin,Commons,Parliamentary Secretary to the Treasury (Chief Whip),1966-04-01,1969-04-30,1125.0,,,Labour,Harold Wilson,https://id.parliament.uk/ze3iKK7K,1335
Bruce,Millan,Commons,Parliamentary Under-Secretary (Scottish Office),1966-04-06,1970-06-19,1535.0,,,Labour,Harold Wilson,https://id.parliament.uk/KoBAklrn,704
Ifor,Davies,Commons,Parliamentary Under-Secretary (Welsh Office),1966-04-06,1969-10-13,1286.0,,,Labour,Harold Wilson,https://id.parliament.uk/0GHlYR2O,1011
Thomas,Thomas,Commons,Minister of State (Welsh Office),1966-04-06,1967-01-06,275.0,,,Labour,Harold Wilson,https://id.parliament.uk/uqNcZnUB,2830
Reginald,Prentice,Commons,Minister of State (Ministry of Public Building and Works),1966-04-06,1967-08-28,509.0,,,Labour,Harold Wilson,https://id.parliament.uk/bfKKouvx,3261
Shirley,Williams,Commons,Parliamentary Secretary (Ministry of Labour),1966-04-06,1967-01-07,276.0,,,Labour,Harold Wilson,https://id.parliament.uk/URDlhhkg,740
Peter,Shore,Commons,Parliamentary Under-Secretary (Ministry of Technology),1966-04-06,1967-01-07,276.0,,,Labour,Harold Wilson,https://id.parliament.uk/zqMyUBMz,944
David,Ennals,Commons,Parliamentary Under-Secretary (Ministry of Defence) (Army),1966-04-06,1967-01-07,276.0,,,Labour,Harold Wilson,https://id.parliament.uk/GgEnqOnV,2959
William,Whitlock,Commons,Lord Commissioner (HM Treasury) (Whip),1966-04-11,1966-07-07,87.0,,,Labour,Harold Wilson,https://id.parliament.uk/3B5GMTI6,961
John,Silkin,Commons,Treasurer of Her Majesty's Household (HM Household),1966-04-11,1966-07-04,84.0,,,Labour,Harold Wilson,https://id.parliament.uk/ze3iKK7K,1335
Ernest,Fitch,Commons,Lord Commissioner (HM Treasury) (Whip),1966-04-16,1969-10-13,1276.0,,,Labour,Harold Wilson,https://id.parliament.uk/fNgAMzdX,827
Merlyn,Rees,Commons,Parliamentary Under-Secretary (Ministry of Defence) (Air Force),1966-04-16,1968-11-01,930.0,,,Labour,Harold Wilson,https://id.parliament.uk/i35wOJro,936
Anthony,Benn,Commons,Minister of State (Ministry of Technology),1966-07-04,1970-06-19,1446.0,,,Labour,Harold Wilson,https://id.parliament.uk/cKwj1NnB,326
William,Whitlock,Commons,Comptroller (HM Household),1966-07-07,1967-04-01,268.0,,,Labour,Harold Wilson,https://id.parliament.uk/3B5GMTI6,961
Ioan,Evans,Commons,Assistant Whip (HM Treasury),1966-07-07,1968-02-06,579.0,,,,Harold Wilson,https://id.parliament.uk/AKOEptfy,1012
Arthur,Bottomley,Commons,Minister of State (Ministry of Overseas Development),1966-08-11,1967-08-28,382.0,,,Labour,Harold Wilson,https://id.parliament.uk/jIMjYzBB,2967
Frederick,Mulley,Commons,Minister (Foreign and Commonwealth Office) (Disarmament),1967-01-01,1969-01-01,731.0,,,Labour,Harold Wilson,https://id.parliament.uk/XbTeIjjO,2977
Edward,Shackleton,Lords,Deputy Leader of the House of Lords,1967-01-01,1968-01-31,395.0,,,Labour,Harold Wilson,https://id.parliament.uk/t5S40ai0,3010
Gwyneth,Dunwoody,Commons,Parliamentary Secretary (Board of Trade),1967-01-01,1970-01-01,1096.0,,,Labour,Harold Wilson,https://id.parliament.uk/AgBKua7B,426
Jeremy,Bray,Commons,Joint Parliamentary Secretary (Ministry of Technology),1967-01-01,1969-01-01,731.0,,,Labour,Harold Wilson,https://id.parliament.uk/1Y9PgXoo,761
David,Ennals,Commons,Parliamentary Under-Secretary (Home Office),1967-01-06,1968-11-01,665.0,,,Labour,Harold Wilson,https://id.parliament.uk/GgEnqOnV,2959
Shirley,Williams,Commons,Minister of State (Department of Education and Science),1967-01-07,1969-10-13,1010.0,,,Labour,Harold Wilson,https://id.parliament.uk/URDlhhkg,740
Peter,Shore,Commons,Parliamentary Under-Secretary (Department of Economic Affairs),1967-01-07,1967-08-29,234.0,,,Labour,Harold Wilson,https://id.parliament.uk/zqMyUBMz,944
Jesse,Mabon,Commons,Minister of State (Scottish Office),1967-01-07,1970-07-19,1289.0,,,Labour,Harold Wilson,https://id.parliament.uk/jlBLO7xs,909
Roy,Mason,Commons,Minister of State (Ministry of Defence) (Defence Equipment),1967-01-07,1968-04-05,454.0,,,Labour,Harold Wilson,https://id.parliament.uk/pWHpqFcZ,1062
Norman,Lever,Commons,Parliamentary Under-Secretary (Department of Economic Affairs),1967-01-07,1967-08-29,234.0,,,Labour,Harold Wilson,https://id.parliament.uk/tYoKt6oA,2954
William,Rodgers,Commons,Parliamentary Under-Secretary (Foreign Office),1967-01-07,1968-07-03,543.0,,,Labour,Harold Wilson,https://id.parliament.uk/9dvXtuKV,940
Norman,Buchan,Commons,Parliamentary Under-Secretary (Scottish Office),1967-01-07,1970-06-19,1259.0,,,Labour,Harold Wilson,https://id.parliament.uk/AlsvoQ3x,721
Ernest,Armstrong,Commons,Assistant Whip (HM Treasury),1967-01-20,1969-10-13,997.0,,,Labour,Harold Wilson,https://id.parliament.uk/52DBgtyM,968
Frederick,Willey,Commons,Minister of State (Ministry of Housing and Local Government),1967-02-17,1967-08-29,193.0,,,Labour,Harold Wilson,https://id.parliament.uk/HNb6OkWZ,1360
Roy,Hattersley,Commons,Parliamentary Secretary (Ministry of Labour),1967-03-01,1968-03-01,366.0,,,Labour,Harold Wilson,https://id.parliament.uk/CBMA1d1v,858
William,Whitlock,Commons,Deputy Chief Whip and Lords Commissioner,1967-04-01,1967-07-28,118.0,,,Labour,Harold Wilson,https://id.parliament.uk/3B5GMTI6,961
Harold,Walker,Commons,Assistant Whip (HM Treasury),1967-04-01,1968-04-05,370.0,,,Labour,Harold Wilson,https://id.parliament.uk/nkq3A6Ey,1006
Frank,Beswick,Lords,"Captain of the Honourable Corps of Gentlemen-at-Arms (HM Household) (Chief Whip, House of Lords)",1967-07-01,1970-06-01,1066.0,,,Labour,Harold Wilson,https://id.parliament.uk/IObqmZND,2405
Reginald,Freeson,Commons,Parliamentary Under-Secretary (Ministry of Power),1967-07-01,1969-07-01,731.0,,,Labour,Harold Wilson,https://id.parliament.uk/JkpUSJ8i,837
William,Whitlock,Commons,Parliamentary Under-Secretary (Commonwealth Office),1967-07-26,1968-10-17,449.0,,,Labour,Harold Wilson,https://id.parliament.uk/3B5GMTI6,961
Judith,Hart,Commons,Minister of State (Ministry of Social Security),1967-07-26,1968-10-16,448.0,,,Labour,Harold Wilson,https://id.parliament.uk/aHWyhv9n,857
Eric,Varley,Commons,Assistant Whip (HM Treasury),1967-07-29,1968-11-30,490.0,,,Labour,Harold Wilson,https://id.parliament.uk/imDOYRae,1830
Charles,Morris,Commons,Vice-Chamberlain (HM Household),1967-07-29,1969-10-13,807.0,,,Labour,Harold Wilson,https://id.parliament.uk/5H8Y14pX,1341
Norman,Lever,Commons,Financial Secretary (HM Treasury),1967-08-29,1969-10-13,776.0,,,Labour,Harold Wilson,https://id.parliament.uk/tYoKt6oA,2954
Alan,Williams,Commons,Parliamentary Under-Secretary (Department of Economic Affairs),1967-08-29,1969-10-06,769.0,,,Labour,Harold Wilson,https://id.parliament.uk/7gUJqpZZ,569
Robert,Mellish,Commons,Minister of State (Ministry of Public Building and Works),1967-08-29,1969-04-29,609.0,,,Labour,Harold Wilson,https://id.parliament.uk/jMMlrvhT,2828
Reginald,Prentice,Commons,Minister (Foreign and Commonwealth Office) (Overseas Development),1967-08-29,1969-10-05,768.0,,,Labour,Harold Wilson,https://id.parliament.uk/bfKKouvx,3261
Thomas,Thomas,Commons,Minister of State (Commonwealth Relations Office),1967-08-29,1968-04-06,221.0,,,Labour,Harold Wilson,https://id.parliament.uk/uqNcZnUB,2830
Neil,Carmichael,Commons,Parliamentary Secretary (Ministry of Transport),1967-08-29,1969-10-13,776.0,,,Labour,Harold Wilson,https://id.parliament.uk/8tyWH6Lk,1037
Peter,Shore,Commons,Secretary of State for Economic Affairs,1967-08-29,1969-10-08,771.0,,,Labour,Harold Wilson,https://id.parliament.uk/zqMyUBMz,944
Leonard,Callaghan,Commons,Home Secretary,1967-11-30,1970-06-19,932.0,,,,Harold Wilson,https://id.parliament.uk/YSsLNF3h,3326
Roy,Jenkins,Commons,Chancellor of the Exchequer,1967-11-30,1970-06-19,932.0,,,Labour,Harold Wilson,https://id.parliament.uk/k6GCchmd,732
Walter,Harrison,Commons,Lord Commissioner (HM Treasury) (Whip),1968-01-01,1970-01-01,731.0,,,Labour,Harold Wilson,https://id.parliament.uk/4OANvvH2,1072
Maurice,Miller,Commons,Assistant Whip (HM Treasury),1968-01-01,1969-01-01,366.0,,,Labour,Harold Wilson,https://id.parliament.uk/WmDM7nDp,1031
John,Concannon,Commons,Assistant Whip (HM Treasury),1968-01-01,1970-01-01,731.0,,,Labour,Harold Wilson,https://id.parliament.uk/kvOpJJ29,784
Edward,Shackleton,Lords,Lord Privy Seal and Leader of the House of Lords,1968-02-01,1970-06-19,869.0,,,Labour,Harold Wilson,https://id.parliament.uk/t5S40ai0,3010
Malcolm,Shepherd,Lords,Deputy Leader of the House of Lords,1968-02-01,1970-06-18,868.0,,,Labour,Harold Wilson,https://id.parliament.uk/4PKNanHf,2117
Ioan,Evans,Commons,Comptroller (HM Household),1968-02-06,1970-06-18,863.0,,,,Harold Wilson,https://id.parliament.uk/AKOEptfy,1012
Roy,Mason,Commons,Postmaster General (Post Office),1968-04-01,1968-06-01,61.0,,,Labour,Harold Wilson,https://id.parliament.uk/pWHpqFcZ,1062
Harold,Walker,Commons,Parliamentary Under-Secretary (Department of Employment and Productivity),1968-04-06,1970-06-19,804.0,,,Labour,Harold Wilson,https://id.parliament.uk/nkq3A6Ey,1006
Thomas,Urwin,Commons,Minister of State (Department of Economic Affairs),1968-04-06,1969-10-06,548.0,,,Labour,Harold Wilson,https://id.parliament.uk/I6dxrBda,1329
Roy,Hattersley,Commons,Parliamentary Under-Secretary (Department of Employment and Productivity),1968-04-06,1969-07-15,465.0,,,Labour,Harold Wilson,https://id.parliament.uk/CBMA1d1v,858
Thomas,Thomas,Commons,Secretary of State for Wales,1968-04-06,1970-06-18,803.0,,,Labour,Harold Wilson,https://id.parliament.uk/uqNcZnUB,2830
John,Morris,Commons,Minister of State (Ministry of Defence) (Defence Equipment),1968-04-06,1970-01-18,652.0,,,Labour,Harold Wilson,https://id.parliament.uk/wC1Rw40g,565
Robert,Brown,Commons,Parliamentary Secretary (Ministry of Transport),1968-04-06,1970-06-19,804.0,,,Labour,Harold Wilson,https://id.parliament.uk/r1dYOtaF,1055
Roy,Mason,Commons,Minister (Ministry of Power),1968-06-02,1969-10-06,491.0,,,Labour,Harold Wilson,https://id.parliament.uk/pWHpqFcZ,1062
William,Rodgers,Commons,Minister of State (Board of Trade),1968-07-01,1969-10-13,469.0,,,Labour,Harold Wilson,https://id.parliament.uk/9dvXtuKV,940
John,Silkin,Commons,Deputy Leader of the House of Commons,1968-07-01,1969-04-30,303.0,,,Labour,Harold Wilson,https://id.parliament.uk/ze3iKK7K,1335
David,Owen,Commons,Parliamentary Under-Secretary (Ministry of Defence) (Royal Navy),1968-07-03,1970-06-18,715.0,,,Labour,Harold Wilson,https://id.parliament.uk/zcZtiXy9,992
William,Whitlock,Commons,Parliamentary Under-Secretary (Foreign and Commonwealth Office),1968-10-17,1969-10-13,361.0,,,Labour,Harold Wilson,https://id.parliament.uk/3B5GMTI6,961
Merlyn,Rees,Commons,Parliamentary Under-Secretary (Home Office),1968-11-01,1970-06-19,595.0,,,Labour,Harold Wilson,https://id.parliament.uk/i35wOJro,936
Judith,Hart,Commons,Paymaster General (HM Treasury),1968-11-01,1969-10-05,338.0,,,Labour,Harold Wilson,https://id.parliament.uk/aHWyhv9n,857
David,Ennals,Commons,Minister of State (Department of Health and Social Security),1968-11-01,1970-06-19,595.0,,,Labour,Harold Wilson,https://id.parliament.uk/GgEnqOnV,2959
Alan,Williams,Commons,Parliamentary Secretary (Ministry of Technology),1969-01-01,1970-01-01,365.0,,,Labour,Harold Wilson,https://id.parliament.uk/7gUJqpZZ,569
Eric,Varley,Commons,Minister of State (Ministry of Technology),1969-01-10,1970-01-01,356.0,,,Labour,Harold Wilson,https://id.parliament.uk/imDOYRae,1830
John,Silkin,Commons,Secretary of State for Public Building and Works,1969-04-30,1970-06-22,418.0,,,Labour,Harold Wilson,https://id.parliament.uk/ze3iKK7K,1335
Robert,Mellish,Commons,Parliamentary Secretary to the Treasury (Chief Whip),1969-04-30,1970-05-31,396.0,,,Labour,Harold Wilson,https://id.parliament.uk/jMMlrvhT,2828
Reginald,Freeson,Commons,Minister of State (Ministry of Housing and Local Government),1969-07-01,1970-06-18,352.0,,,Labour,Harold Wilson,https://id.parliament.uk/JkpUSJ8i,837
Roy,Hattersley,Commons,Minister of State (Ministry of Defence) (Defence Administration),1969-07-15,1970-06-19,339.0,,,Labour,Harold Wilson,https://id.parliament.uk/CBMA1d1v,858
Peter,Shore,Commons,Minister without Portfolio and Deputy Leader of the House of Commons,1969-10-06,1970-06-19,256.0,,,Labour,Harold Wilson,https://id.parliament.uk/zqMyUBMz,944
Roy,Mason,Commons,President of the Board of Trade,1969-10-06,1970-06-20,257.0,,,Labour,Harold Wilson,https://id.parliament.uk/pWHpqFcZ,1062
Reginald,Prentice,Commons,Minister of State (Ministry of Technology),1969-10-06,1969-10-10,4.0,,,Labour,Harold Wilson,https://id.parliament.uk/bfKKouvx,3261
Judith,Hart,Commons,Minister of State (Ministry of Overseas Development),1969-10-06,1970-06-22,259.0,,,Labour,Harold Wilson,https://id.parliament.uk/aHWyhv9n,857
Norman,Lever,Commons,Paymaster General (HM Treasury),1969-10-06,1970-06-22,259.0,,,Labour,Harold Wilson,https://id.parliament.uk/tYoKt6oA,2954
Frederick,Mulley,Commons,Minister (Ministry of Transport),1969-10-06,1970-06-22,259.0,,,Labour,Harold Wilson,https://id.parliament.uk/XbTeIjjO,2977
Thomas,Urwin,Commons,Minister of State (Office of the Secretary of State for Local Government and Regional Planning),1969-10-06,1970-06-19,256.0,,,Labour,Harold Wilson,https://id.parliament.uk/I6dxrBda,1329
Shirley,Williams,Commons,Minister of State (Home Office),1969-10-13,1970-06-19,249.0,,,Labour,Harold Wilson,https://id.parliament.uk/URDlhhkg,740
Joan,Lestor,Commons,Parliamentary Under-Secretary (Department of Education and Science),1969-10-13,1970-06-19,249.0,,,Labour,Harold Wilson,https://id.parliament.uk/gWFxN8f7,2465
Charles,Morris,Commons,Deputy Chief Whip and Treasurer,1969-10-13,1970-06-18,248.0,,,Labour,Harold Wilson,https://id.parliament.uk/5H8Y14pX,1341
William,Rodgers,Commons,Minister of State (HM Treasury),1969-10-13,1970-06-19,249.0,,,Labour,Harold Wilson,https://id.parliament.uk/9dvXtuKV,940
Neil,Carmichael,Commons,Parliamentary Secretary (Ministry of Technology),1969-10-13,1970-06-19,249.0,,,Labour,Harold Wilson,https://id.parliament.uk/8tyWH6Lk,1037
Edward,Rowlands,Commons,Parliamentary Under-Secretary (Welsh Office),1969-10-13,1970-06-19,249.0,,,Labour,Harold Wilson,https://id.parliament.uk/frmNh9nn,554
Ernest,Armstrong,Commons,Lord Commissioner (HM Treasury) (Whip),1969-10-13,1970-06-19,249.0,,,Labour,Harold Wilson,https://id.parliament.uk/52DBgtyM,968
James,Hamilton,Commons,Assistant Whip (HM Treasury),1969-10-13,1970-06-19,249.0,,,Labour,Harold Wilson,https://id.parliament.uk/7Gj3CnfA,978
Ernest,Fitch,Commons,Vice-Chamberlain (HM Household),1969-10-13,1970-06-18,248.0,,,Labour,Harold Wilson,https://id.parliament.uk/fNgAMzdX,827
Denis,Howell,Commons,Minister (Ministry of Housing and Local Government) (Sport),1969-10-13,1970-06-23,253.0,,,Labour,Harold Wilson,https://id.parliament.uk/MqBNoFVn,997
Charles,Jenkin,Commons,Financial Secretary (HM Treasury),1970-01-01,1972-01-01,730.0,,,Conservative,Harold Wilson,https://id.parliament.uk/Se3SjGlA,1097
Robert,Mellish,Commons,Minister (Ministry of Housing and Local Government),1970-05-31,1970-06-19,19.0,,,Labour,Harold Wilson,https://id.parliament.uk/jMMlrvhT,2828
Morys,Bruce,Lords,Deputy Leader of the House of Lords,1970-06-19,1974-03-04,1354.0,,,Conservative,Harold Wilson,https://id.parliament.uk/eVYgq4yB,3468
Michael,Beach,Lords,"Captain of the Honourable Corps of Gentlemen-at-Arms (HM Household) (Chief Whip, House of Lords)",1970-06-19,1974-02-28,1350.0,,,Conservative,Harold Wilson,https://id.parliament.uk/4IWBcpoh,3097
Edward,Heath,Commons,"Prime Minister, First Lord of the Treasury and Minister for the Civil Service",1970-06-19,1974-03-04,1354.0,,,Conservative,Harold Wilson,https://id.parliament.uk/xCFBQOk1,195
Francis,Pym,Commons,Parliamentary Secretary to the Treasury (Chief Whip),1970-06-20,1973-12-02,1261.0,,,Conservative,Edward Heath,https://id.parliament.uk/gzClaQUx,3257
Peter,Thomas,Commons,Secretary of State for Wales,1970-06-20,1974-03-04,1353.0,,,Conservative,Edward Heath,https://id.parliament.uk/2UsdtrJr,1046
Aubrey,Rippon,Commons,Secretary of State for Technology,1970-06-20,1970-07-27,37.0,,,Conservative,Edward Heath,https://id.parliament.uk/gpETTaOP,1327
William,Whitelaw,Commons,Lord President of the Council and Leader of the House Lords (Privy Council Office),1970-06-20,1972-04-06,656.0,,,Conservative,Edward Heath,https://id.parliament.uk/6LEjNWW7,1722
Nicholas,Ridley,Commons,Parliamentary Secretary (Ministry of Technology),1970-06-20,1970-10-15,117.0,,,Conservative,Edward Heath,https://id.parliament.uk/pudylhrb,1304
Margaret,Thatcher,Commons,Secretary of State for Education and Science,1970-06-20,1974-03-04,1353.0,,,Conservative,Edward Heath,https://id.parliament.uk/xUmb6Tyk,953
David,Howell,Commons,Parliamentary Secretary (Civil Service Department),1970-06-20,1972-03-26,645.0,,,Conservative,Edward Heath,https://id.parliament.uk/jAgDv8hd,993
Rodney,Page,Commons,Minister of State (Ministry of Housing and Local Government),1970-06-20,1970-10-15,117.0,,,Conservative,Edward Heath,https://id.parliament.uk/7PW8FKEN,1115
David,Howell,Commons,Lord Commissioner (HM Treasury) (Whip),1970-06-20,1971-01-05,199.0,,,Conservative,Edward Heath,https://id.parliament.uk/jAgDv8hd,993
George,Jellicoe,Lords,Lord Privy Seal and Leader of the House of Lords,1970-06-20,1973-05-30,1075.0,,,Conservative,Edward Heath,https://id.parliament.uk/1Vl2yzNz,1989
James,Prior,Commons,"Secretary of State for Agriculture, Fisheries and Food",1970-06-20,1972-11-04,868.0,,,Conservative,Edward Heath,https://id.parliament.uk/mraBVJfH,1104
Peter,Walker,Commons,Minister of State (Ministry of Housing and Local Government),1970-06-20,1970-10-15,117.0,,,Conservative,Edward Heath,https://id.parliament.uk/4eJ0v0w4,1045
Keith,Joseph,Commons,Secretary of State for Health and Social Security,1970-06-20,1974-03-04,1353.0,,,Conservative,Edward Heath,https://id.parliament.uk/NGcXa023,2976
Richard,Howe,Commons,Solicitor-General,1970-06-23,1972-11-04,865.0,,,Conservative,Edward Heath,https://id.parliament.uk/Ta7hlBXe,872
John,Peyton,Commons,Minister (Ministry of Transport),1970-06-23,1970-10-14,113.0,,,Conservative,Edward Heath,https://id.parliament.uk/aeLpjDqw,3162
Julian,Amery,Commons,Minister of State (Ministry of Public Building and Works),1970-06-23,1970-10-15,114.0,,,Conservative,Edward Heath,https://id.parliament.uk/2yI884fp,2919
Maurice,Macmillan,Commons,Chief Secretary to the Treasury,1970-06-23,1972-04-07,654.0,,,Conservative,Edward Heath,https://id.parliament.uk/XyaxBFkV,910
David,Price,Commons,Parliamentary Secretary (Ministry of Technology),1970-06-23,1970-10-15,114.0,,,Conservative,Edward Heath,https://id.parliament.uk/jbQOSByE,1283
Paul,Bryan,Commons,Minister of State (Department of Employment and Productivity),1970-06-23,1970-11-12,142.0,,,Conservative,Edward Heath,https://id.parliament.uk/hCp2l8M5,1042
John,Eden,Commons,Minister of State (Ministry of Technology),1970-06-23,1970-10-15,114.0,,,Conservative,Edward Heath,https://id.parliament.uk/vbVfAjdI,813
Terence,Higgins,Commons,Minister of State (HM Treasury),1970-06-23,1972-04-07,654.0,,,Conservative,Edward Heath,https://id.parliament.uk/SDyqKxHO,1067
Dudley,Smith,Commons,Parliamentary Under-Secretary (Department of Employment and Productivity),1970-06-24,1970-11-12,141.0,,,Conservative,Edward Heath,https://id.parliament.uk/8JPFdofG,1267
Hector,Monro,Commons,Lord Commissioner (HM Treasury) (Whip),1970-06-24,1971-07-28,399.0,,,Conservative,Edward Heath,https://id.parliament.uk/uFWbfP6Y,1238
Walter,Clegg,Commons,Lord Commissioner (HM Treasury) (Whip),1970-06-24,1972-04-07,653.0,,,Conservative,Edward Heath,https://id.parliament.uk/yk28z0wq,780
Michael,Alison,Commons,Parliamentary Under-Secretary (Department of Health and Social Security),1970-06-24,1974-03-04,1349.0,,,Conservative,Edward Heath,https://id.parliament.uk/0BegVILq,736
John,Grant,Commons,Parliamentary Secretary (Board of Trade),1970-06-24,1970-10-15,113.0,,,Conservative,Edward Heath,https://id.parliament.uk/yfMhrwM8,1019
Robert,Elliott,Commons,Comptroller (HM Household),1970-06-24,1970-12-31,190.0,,,Conservative,Edward Heath,https://id.parliament.uk/A2V6sA7X,816
Bruce,Weatherill,Commons,Lord Commissioner (HM Treasury) (Whip),1970-06-24,1971-10-17,480.0,,,Conservative,Edward Heath,https://id.parliament.uk/1eypqVv1,1736
Humphrey,Atkins,Commons,Treasurer of Her Majesty's Household and Deputy Chief Whip,1970-06-24,1973-12-02,1257.0,,,Conservative,Edward Heath,https://id.parliament.uk/HRGLoHkG,970
Alick,Buchanan-Smith,Commons,Parliamentary Under-Secretary (Scottish Office),1970-06-24,1974-03-04,1349.0,,,Conservative,Edward Heath,https://id.parliament.uk/Hstd6UgP,727
Arthur,Dean,Commons,Parliamentary Secretary (Department of Health and Social Security),1970-06-24,1974-03-04,1349.0,,,Conservative,Edward Heath,https://id.parliament.uk/dcnPpK4b,1096
Eldon,Griffiths,Commons,Parliamentary Under-Secretary (Ministry of Housing and Local Government) (Sport),1970-06-24,1970-10-14,112.0,,,Conservative,Edward Heath,https://id.parliament.uk/gEeb572C,1098
Edward,Taylor,Commons,Parliamentary Under-Secretary (Scottish Office),1970-06-24,1971-07-28,399.0,,,Conservative,Edward Heath,https://id.parliament.uk/pbLqLyOD,42
Ian,Gilmour,Commons,Parliamentary Under-Secretary (Ministry of Defence) (Army),1970-06-24,1971-04-07,287.0,,,Conservative,Edward Heath,https://id.parliament.uk/uyfbyBz1,2606
Michael,Heseltine,Commons,Parliamentary Secretary (Ministry of Transport),1970-06-24,1970-10-15,113.0,,,Conservative,Edward Heath,https://id.parliament.uk/HDWaJnag,94
George,Younger,Commons,Parliamentary Under-Secretary (Scottish Office),1970-06-24,1974-01-08,1294.0,,,Conservative,Edward Heath,https://id.parliament.uk/GAaGEDAS,969
Anthony,Royle,Commons,Parliamentary Under-Secretary (Foreign and Commonwealth Office),1970-06-24,1974-01-08,1294.0,,,Conservative,Edward Heath,https://id.parliament.uk/y70vgP4T,942
William,van Straubenzee,Commons,Parliamentary Under-Secretary (Department of Education and Science),1970-06-24,1972-11-05,865.0,,,Conservative,Edward Heath,https://id.parliament.uk/xeQti0vD,1371
Mark,Carlisle,Commons,Parliamentary Under-Secretary (Home Office),1970-06-24,1972-04-07,653.0,,,Conservative,Edward Heath,https://id.parliament.uk/P9Q6noF8,774
Reginald,Eyre,Commons,Lord Commissioner (HM Treasury) (Whip),1970-06-24,1970-09-23,91.0,,,Conservative,Edward Heath,https://id.parliament.uk/rh3YldoA,1049
John,Kershaw,Commons,Parliamentary Secretary (Ministry of Public Building and Works),1970-06-24,1970-10-15,113.0,,,Conservative,Edward Heath,https://id.parliament.uk/tze3GKeq,888
Paul,Hawkins,Commons,Assistant Whip (HM Treasury),1970-06-29,1971-01-05,190.0,,,Conservative,Edward Heath,https://id.parliament.uk/alJJL8nL,1109
Victor,Goodhew,Commons,Assistant Whip (HM Treasury),1970-06-29,1970-10-21,114.0,,,Conservative,Edward Heath,https://id.parliament.uk/uVdCTos9,847
Herbert,Speed,Commons,Assistant Whip (HM Treasury),1970-06-29,1971-11-08,497.0,,,Conservative,Edward Heath,https://id.parliament.uk/nAO2W3n8,1234
Henry,Channon,Commons,Parliamentary Secretary (Ministry of Housing and Local Government),1970-07-01,1970-10-01,92.0,,,Conservative,Edward Heath,https://id.parliament.uk/MNbzKAyy,779
Aubrey,Rippon,Commons,Chancellor of the Duchy of Lancaster,1970-07-28,1972-11-04,830.0,,,Conservative,Edward Heath,https://id.parliament.uk/gpETTaOP,1327
Reginald,Eyre,Commons,Comptroller (HM Household),1970-09-23,1972-04-07,562.0,,,Conservative,Edward Heath,https://id.parliament.uk/rh3YldoA,1049
Henry,Channon,Commons,Parliamentary Under-Secretary (Department of Environment),1970-10-15,1972-03-26,528.0,,,Conservative,Edward Heath,https://id.parliament.uk/MNbzKAyy,779
John,Kershaw,Commons,Parliamentary Under-Secretary (Foreign and Commonwealth Office),1970-10-15,1973-06-05,964.0,,,Conservative,Edward Heath,https://id.parliament.uk/tze3GKeq,888
Eldon,Griffiths,Commons,Parliamentary Under-Secretary (Department of Environment) (Sport),1970-10-15,1974-03-06,1238.0,,,Conservative,Edward Heath,https://id.parliament.uk/gEeb572C,1098
David,Price,Commons,Parliamentary Secretary (Ministry of Aviation),1970-10-15,1971-05-01,198.0,,,Conservative,Edward Heath,https://id.parliament.uk/jbQOSByE,1283
Rodney,Page,Commons,Minister of State (Department of Environment),1970-10-15,1974-03-05,1237.0,,,Conservative,Edward Heath,https://id.parliament.uk/7PW8FKEN,1115
Peter,Walker,Commons,Secretary of State for Environment,1970-10-15,1972-11-04,751.0,,,Conservative,Edward Heath,https://id.parliament.uk/4eJ0v0w4,1045
John,Grant,Commons,Parliamentary Under-Secretary (Department of Trade and Industry),1970-10-15,1972-04-07,540.0,,,Conservative,Edward Heath,https://id.parliament.uk/yfMhrwM8,1019
John,Peyton,Commons,Minister (Department of Environment) (Transport Industries),1970-10-15,1974-03-07,1239.0,,,Conservative,Edward Heath,https://id.parliament.uk/aeLpjDqw,3162
John,Eden,Commons,Minister of State (Department of Trade and Industry),1970-10-15,1972-04-06,539.0,,,Conservative,Edward Heath,https://id.parliament.uk/vbVfAjdI,813
Julian,Amery,Commons,Minister (Department of Environment) (Housing & Construction),1970-10-15,1972-11-04,751.0,,,Conservative,Edward Heath,https://id.parliament.uk/2yI884fp,2919
Nicholas,Ridley,Commons,Parliamentary Under-Secretary (Department of Industry),1970-10-15,1972-04-07,540.0,,,Conservative,Edward Heath,https://id.parliament.uk/pudylhrb,1304
Michael,Heseltine,Commons,Parliamentary Under-Secretary (Department of Environment),1970-10-15,1972-04-07,540.0,,,Conservative,Edward Heath,https://id.parliament.uk/HDWaJnag,94
Hugh,Rossi,Commons,Assistant Whip (HM Treasury),1970-10-21,1972-04-07,534.0,,,Conservative,Edward Heath,https://id.parliament.uk/5huB2VwH,941
Victor,Goodhew,Commons,Lord Commissioner (HM Treasury) (Whip),1970-10-21,1973-10-09,1084.0,,,Conservative,Edward Heath,https://id.parliament.uk/uVdCTos9,847
Dudley,Smith,Commons,Parliamentary Under-Secretary (Department of Employment),1970-11-12,1974-01-08,1153.0,,,Conservative,Edward Heath,https://id.parliament.uk/8JPFdofG,1267
Paul,Bryan,Commons,Minister of State (Department of Employment),1970-11-12,1972-04-07,512.0,,,Conservative,Edward Heath,https://id.parliament.uk/hCp2l8M5,1042
John,Stradling Thomas,Commons,Assistant Whip (HM Treasury),1971-01-01,1973-01-01,731.0,,,Conservative,Edward Heath,https://id.parliament.uk/vyBH37V3,724
David,Howell,Commons,Parliamentary Under-Secretary (Department of Employment),1971-01-05,1972-03-26,446.0,,,Conservative,Edward Heath,https://id.parliament.uk/jAgDv8hd,993
Paul,Hawkins,Commons,Lord Commissioner (HM Treasury) (Whip),1971-01-05,1973-12-02,1062.0,,,Conservative,Edward Heath,https://id.parliament.uk/alJJL8nL,1109
Ian,Gilmour,Commons,Minister of State (Ministry of Defence) (Procurement),1971-04-07,1972-11-05,578.0,,,Conservative,Edward Heath,https://id.parliament.uk/uyfbyBz1,2606
Geoffrey,Johnson Smith,Commons,Parliamentary Under-Secretary (Ministry of Defence),1971-04-07,1972-11-05,578.0,,,Conservative,Edward Heath,https://id.parliament.uk/3OAvHbOm,29
David,Price,Commons,Parliamentary Under-Secretary (Trade and Industry) (Aerospace),1971-05-01,1972-04-07,342.0,,,Conservative,Edward Heath,https://id.parliament.uk/jbQOSByE,1283
Hector,Monro,Commons,Parliamentary Under-Secretary (Scottish Office),1971-07-28,1974-03-04,950.0,,,Conservative,Edward Heath,https://id.parliament.uk/uFWbfP6Y,1238
Bruce,Weatherill,Commons,Vice-Chamberlain (HM Household),1971-10-17,1972-05-07,203.0,,,Conservative,Edward Heath,https://id.parliament.uk/1eypqVv1,1736
Thomas,Jopling,Commons,Assistant Whip (HM Treasury),1971-11-08,1973-10-30,722.0,,,Conservative,Edward Heath,https://id.parliament.uk/yyQe6SJm,883
Herbert,Speed,Commons,Lord Commissioner (HM Treasury) (Whip),1971-11-08,1972-04-07,151.0,,,Conservative,Edward Heath,https://id.parliament.uk/nAO2W3n8,1234
James,Gray,Commons,Assistant Whip (HM Treasury),1971-11-08,1973-10-30,722.0,,,Conservative,Edward Heath,https://id.parliament.uk/2qxhX3mD,1017
Peggy,Fenner,Commons,Parliamentary Under-Secretary (Department of Agriculture and Fisheries),1972-01-01,1974-01-01,731.0,,,,Edward Heath,https://id.parliament.uk/9yQd5381,733
John,Fox,Commons,Assistant Whip (HM Treasury),1972-01-01,1973-01-01,366.0,,,Conservative,Edward Heath,https://id.parliament.uk/79XX60jO,1025
Mark,Carlisle,Commons,Minister of State (Home Office),1972-01-01,1974-01-01,731.0,,,Conservative,Edward Heath,https://id.parliament.uk/P9Q6noF8,774
Kenneth,Clarke,Commons,Assistant Whip (HM Treasury),1972-01-01,1974-01-01,731.0,,,Conservative,Edward Heath,https://id.parliament.uk/TyNGhslR,366
Peter,Mills,Commons,"Parliamentary Secretary (Ministry of Agriculture, Fisheries and Food)",1972-02-01,1972-11-05,278.0,,,Conservative,Edward Heath,https://id.parliament.uk/ZWLL9RKm,1310
David,Hennessy,Lords,Minister of State (Northern Ireland Office),1972-03-26,1972-11-05,224.0,,,Conservative,Edward Heath,https://id.parliament.uk/7vyor70E,1760
David,Howell,Commons,Parliamentary Under-Secretary (Northern Ireland Office),1972-03-26,1972-11-05,224.0,,,Conservative,Edward Heath,https://id.parliament.uk/jAgDv8hd,993
Henry,Channon,Commons,Minister of State (Northern Ireland Office),1972-03-26,1972-11-05,224.0,,,Conservative,Edward Heath,https://id.parliament.uk/MNbzKAyy,779
Herbert,Speed,Commons,Parliamentary Under-Secretary (Department of Environment),1972-04-07,1974-03-04,696.0,,,Conservative,Edward Heath,https://id.parliament.uk/nAO2W3n8,1234
Peter,Emery,Commons,Parliamentary Under-Secretary (Department of Industry),1972-04-07,1974-01-08,641.0,,,Conservative,Edward Heath,https://id.parliament.uk/Q07h5YS5,229
Terence,Higgins,Commons,Financial Secretary (HM Treasury),1972-04-07,1974-03-04,696.0,,,Conservative,Edward Heath,https://id.parliament.uk/SDyqKxHO,1067
John,Eden,Commons,Minister of State (Ministry of Posts and Telecommunications),1972-04-07,1974-03-08,700.0,,,Conservative,Edward Heath,https://id.parliament.uk/vbVfAjdI,813
Michael,Heseltine,Commons,Minister (Aerospace & Shipping) (Trade and Industry),1972-04-07,1974-03-05,697.0,,,Conservative,Edward Heath,https://id.parliament.uk/HDWaJnag,94
John,Grant,Commons,Parliamentary Under-Secretary (Trade and Industry) (Industrial Development),1972-04-07,1974-03-04,696.0,,,Conservative,Edward Heath,https://id.parliament.uk/yfMhrwM8,1019
Kenneth,Baker,Commons,Parliamentary Secretary (Civil Service Department),1972-04-07,1974-03-04,696.0,,,Conservative,Edward Heath,https://id.parliament.uk/0G6VnY9o,1028
Charles,Jenkin,Commons,Chief Secretary to the Treasury,1972-04-07,1974-01-07,640.0,,,Conservative,Edward Heath,https://id.parliament.uk/Se3SjGlA,1097
Hugh,Rossi,Commons,Lord Commissioner (HM Treasury) (Whip),1972-04-07,1974-01-08,641.0,,,Conservative,Edward Heath,https://id.parliament.uk/5huB2VwH,941
Walter,Clegg,Commons,Vice-Chamberlain (HM Household),1972-04-07,1973-12-02,604.0,,,Conservative,Edward Heath,https://id.parliament.uk/yk28z0wq,780
Reginald,Eyre,Commons,Parliamentary Under-Secretary (Department of Environment),1972-04-07,1974-03-04,696.0,,,Conservative,Edward Heath,https://id.parliament.uk/rh3YldoA,1049
Maurice,Macmillan,Commons,Secretary of State for Employment,1972-04-07,1973-12-02,604.0,,,Conservative,Edward Heath,https://id.parliament.uk/XyaxBFkV,910
Cranley,Onslow,Commons,Parliamentary Under-Secretary (Trade and Industry) (Aerospace),1972-04-07,1972-11-05,212.0,,,Conservative,Edward Heath,https://id.parliament.uk/rTSX8vRD,3202
John,Nott,Commons,Minister of State (HM Treasury),1972-04-07,1974-03-04,696.0,,,Conservative,Edward Heath,https://id.parliament.uk/mM16LlhF,926
William,Whitelaw,Commons,Secretary of State for Northern Ireland,1972-04-24,1973-12-01,586.0,,,Conservative,Edward Heath,https://id.parliament.uk/6LEjNWW7,1722
Bruce,Weatherill,Commons,Comptroller (HM Household),1972-05-07,1973-12-02,574.0,,,Conservative,Edward Heath,https://id.parliament.uk/1eypqVv1,1736
Richard,Howe,Commons,Minister of State (Trade & Consumer Affairs),1972-11-01,1974-03-04,488.0,,,Conservative,Edward Heath,https://id.parliament.uk/Ta7hlBXe,872
Julian,Amery,Commons,Minister of State (Foreign and Commonwealth Office),1972-11-04,1974-03-04,485.0,,,Conservative,Edward Heath,https://id.parliament.uk/2yI884fp,2919
Aubrey,Rippon,Commons,Secretary of State for Environment,1972-11-05,1974-03-05,485.0,,,Conservative,Edward Heath,https://id.parliament.uk/gpETTaOP,1327
Peter,Walker,Commons,Secretary of State for Trade and Industry,1972-11-05,1974-03-04,484.0,,,Conservative,Edward Heath,https://id.parliament.uk/4eJ0v0w4,1045
James,Prior,Commons,Lord President of the Council and Leader of the House Lords (Privy Council Office),1972-11-05,1974-03-04,484.0,,,Conservative,Edward Heath,https://id.parliament.uk/mraBVJfH,1104
Geoffrey,Johnson Smith,Commons,Parliamentary Secretary (Civil Service Department),1972-11-05,1974-03-04,484.0,,,Conservative,Edward Heath,https://id.parliament.uk/3OAvHbOm,29
Peter,Mills,Commons,Parliamentary Under-Secretary (Northern Ireland Office),1972-11-05,1974-03-04,484.0,,,Conservative,Edward Heath,https://id.parliament.uk/ZWLL9RKm,1310
Ian,Gilmour,Commons,Minister of State (Ministry of Defence),1972-11-05,1974-01-08,429.0,,,Conservative,Edward Heath,https://id.parliament.uk/uyfbyBz1,2606
William,van Straubenzee,Commons,Minister of State (Northern Ireland Office),1972-11-05,1974-03-04,484.0,,,Conservative,Edward Heath,https://id.parliament.uk/xeQti0vD,1371
Henry,Channon,Commons,Minister (Department of Environment) (Housing & Construction),1972-11-05,1974-03-06,486.0,,,Conservative,Edward Heath,https://id.parliament.uk/MNbzKAyy,779
Peter,Blaker,Commons,Parliamentary Under-Secretary (Ministry of Defence) (Army),1972-11-05,1974-01-08,429.0,,,Conservative,Edward Heath,https://id.parliament.uk/Dt1v38ti,750
David,Howell,Commons,Minister of State (Northern Ireland Office),1972-11-05,1974-01-08,429.0,,,Conservative,Edward Heath,https://id.parliament.uk/jAgDv8hd,993
Robert,Havers,Commons,Solicitor-General,1972-11-05,1974-03-07,487.0,,,Conservative,Edward Heath,https://id.parliament.uk/iF5GxHU3,859
Cranley,Onslow,Commons,Parliamentary Under-Secretary (Trade and Industry) (Aerospace & Shipping),1972-11-05,1974-03-04,484.0,,,Conservative,Edward Heath,https://id.parliament.uk/rTSX8vRD,3202
Norman,St John-Stevas,Commons,Parliamentary Under-Secretary (Department of Education and Science),1972-11-05,1973-12-02,392.0,,,Conservative,Edward Heath,https://id.parliament.uk/6v16nqWU,946
Philip,Buck,Commons,Parliamentary Under-Secretary (Ministry of Defence) (Royal Navy),1972-11-06,1974-03-04,483.0,,,Conservative,Edward Heath,https://id.parliament.uk/z6ciBHV9,1111
John,Stradling Thomas,Commons,Lord Commissioner (HM Treasury) (Whip),1973-01-01,1974-01-01,365.0,,,Conservative,Edward Heath,https://id.parliament.uk/vyBH37V3,724
John,Fox,Commons,Lord Commissioner (HM Treasury) (Whip),1973-01-10,1974-01-10,365.0,,,Conservative,Edward Heath,https://id.parliament.uk/79XX60jO,1025
David,Hennessy,Lords,Lord Privy Seal and Leader of the House of Lords,1973-06-01,1974-02-28,272.0,,,Conservative,Edward Heath,https://id.parliament.uk/7vyor70E,1760
John,Kershaw,Commons,Parliamentary Under-Secretary (Ministry of Defence) (Air Force),1973-06-05,1974-01-08,217.0,,,Conservative,Edward Heath,https://id.parliament.uk/tze3GKeq,888
James,Gray,Commons,Lord Commissioner (HM Treasury) (Whip),1973-10-30,1974-03-04,125.0,,,Conservative,Edward Heath,https://id.parliament.uk/2qxhX3mD,1017
Thomas,Jopling,Commons,Lord Commissioner (HM Treasury) (Whip),1973-10-30,1974-03-04,125.0,,,Conservative,Edward Heath,https://id.parliament.uk/yyQe6SJm,883
Robert,Hicks,Commons,Assistant Whip (HM Treasury),1973-10-30,1974-03-04,125.0,,,Conservative,Edward Heath,https://id.parliament.uk/C5vDIjLC,1053
William,Whitelaw,Commons,Secretary of State for Employment,1973-12-02,1974-03-04,92.0,,,Conservative,Edward Heath,https://id.parliament.uk/6LEjNWW7,1722
Maurice,Macmillan,Commons,Paymaster General (HM Treasury),1973-12-02,1974-03-07,95.0,,,Conservative,Edward Heath,https://id.parliament.uk/XyaxBFkV,910
Bruce,Weatherill,Commons,Deputy Chief Whip and Treasurer,1973-12-02,1974-02-28,88.0,,,Conservative,Edward Heath,https://id.parliament.uk/1eypqVv1,1736
Walter,Clegg,Commons,Comptroller (HM Household),1973-12-02,1974-02-28,88.0,,,Conservative,Edward Heath,https://id.parliament.uk/yk28z0wq,780
Norman,St John-Stevas,Commons,Minister of State (Ministry for the Arts),1973-12-02,1974-03-07,95.0,,,Conservative,Edward Heath,https://id.parliament.uk/6v16nqWU,946
Francis,Pym,Commons,Secretary of State for Northern Ireland,1973-12-02,1974-03-04,92.0,,,Conservative,Edward Heath,https://id.parliament.uk/gzClaQUx,3257
Humphrey,Atkins,Commons,Parliamentary Secretary to the Treasury (Chief Whip),1973-12-02,1974-03-04,92.0,,,Conservative,Edward Heath,https://id.parliament.uk/HRGLoHkG,970
Paul,Hawkins,Commons,Vice-Chamberlain (HM Household),1973-12-02,1974-02-28,88.0,,,Conservative,Edward Heath,https://id.parliament.uk/alJJL8nL,1109
Timothy,Raison,Commons,Parliamentary Under-Secretary (Department of Education and Science),1973-12-02,1974-03-04,92.0,,,Conservative,Edward Heath,https://id.parliament.uk/oSxegE0l,935
Charles,Jenkin,Commons,Minister of State (Department of Energy),1974-01-01,1974-02-28,58.0,,,Conservative,Edward Heath,https://id.parliament.uk/Se3SjGlA,1097
John,Concannon,Commons,Vice-Chamberlain (HM Household),1974-01-01,1974-07-31,211.0,,,Labour,Edward Heath,https://id.parliament.uk/kvOpJJ29,784
Bruce,Millan,Commons,Minister of State (Scottish Office),1974-01-01,1976-01-01,730.0,,,Labour,Edward Heath,https://id.parliament.uk/KoBAklrn,704
Roy,Hattersley,Commons,Minister of State (Foreign and Commonwealth Office),1974-01-01,1976-01-01,730.0,,,Labour,Edward Heath,https://id.parliament.uk/CBMA1d1v,858
Kenneth,Clarke,Commons,Lord Commissioner (HM Treasury) (Whip),1974-01-01,1974-03-01,59.0,,,Conservative,Edward Heath,https://id.parliament.uk/TyNGhslR,366
Eric,Heffer,Commons,Minister of State (Department of Industry),1974-01-01,1975-01-01,365.0,,,Labour,Edward Heath,https://id.parliament.uk/df3E533m,725
Cecil,Parkinson,Commons,Assistant Whip (HM Treasury),1974-01-08,1974-03-04,55.0,,,Conservative,Edward Heath,https://id.parliament.uk/j6FyF6ff,931
George,Younger,Commons,Minister of State (Ministry of Defence),1974-01-08,1974-03-04,55.0,,,Conservative,Edward Heath,https://id.parliament.uk/GAaGEDAS,969
Peter,Emery,Commons,Parliamentary Under-Secretary (Department of Energy),1974-01-08,1974-03-04,55.0,,,Conservative,Edward Heath,https://id.parliament.uk/Q07h5YS5,229
David,Howell,Commons,Minister of State (Department of Energy),1974-01-08,1974-03-04,55.0,,,Conservative,Edward Heath,https://id.parliament.uk/jAgDv8hd,993
Dudley,Smith,Commons,Parliamentary Under-Secretary (Ministry of Defence) (Army),1974-01-08,1974-03-04,55.0,,,Conservative,Edward Heath,https://id.parliament.uk/8JPFdofG,1267
Peter,Blaker,Commons,Parliamentary Under-Secretary (Foreign and Commonwealth Office),1974-01-08,1974-03-04,55.0,,,Conservative,Edward Heath,https://id.parliament.uk/Dt1v38ti,750
Nicholas,Scott,Commons,Parliamentary Under-Secretary (Department of Employment),1974-01-08,1974-04-04,86.0,,,Conservative,Edward Heath,https://id.parliament.uk/NyfMggUv,1229
Ian,Gilmour,Commons,Secretary of State for Defence,1974-01-08,1974-03-04,55.0,,,Conservative,Edward Heath,https://id.parliament.uk/uyfbyBz1,2606
Adam,Butler,Commons,Assistant Whip (HM Treasury),1974-01-08,1974-03-04,55.0,,,Conservative,Edward Heath,https://id.parliament.uk/pFjhV4YR,1093
Edward,Taylor,Commons,Parliamentary Under-Secretary (Scottish Office),1974-01-08,1974-03-04,55.0,,,Conservative,Edward Heath,https://id.parliament.uk/pbLqLyOD,42
Hugh,Rossi,Commons,Parliamentary Under-Secretary (Department of Environment),1974-01-08,1974-03-04,55.0,,,Conservative,Edward Heath,https://id.parliament.uk/5huB2VwH,941
Alan,Williams,Commons,Minister of State (Department of Prices and Consumer Protection),1974-02-01,1976-01-01,699.0,,,Labour,Edward Heath,https://id.parliament.uk/7gUJqpZZ,569
Walter,Harrison,Commons,Treasurer of HM Household (Deputy Chief Whip),1974-02-28,1979-05-03,1890.0,,,Labour,Edward Heath,https://id.parliament.uk/4OANvvH2,1072
James,Wilson,Commons,"Prime Minister, First Lord of the Treasury and Minister for the Civil Service",1974-02-28,1976-04-05,767.0,,,Labour,Edward Heath,https://id.parliament.uk/Ia6ERfYN,1016
John,Grant,Commons,Parliamentary Secretary (Civil Service Department),1974-03-01,1974-10-01,214.0,,,Labour,Edward Heath,https://id.parliament.uk/lTSwFvGM,664
Annie,Llewelyn-Davies,Lords,"Captain of the Honourable Corps of Gentlemen-at-Arms (HM Household) (Chief Whip, House of Lords)",1974-03-01,1979-05-03,1889.0,,,Labour,Edward Heath,https://id.parliament.uk/zn5TAf35,2825
Malcolm,Shepherd,Lords,Lord Privy Seal and Leader of the House of Lords,1974-03-01,1976-09-22,936.0,,,Labour,Edward Heath,https://id.parliament.uk/4PKNanHf,2117
Donald,Coleman,Commons,Lord Commissioner (HM Treasury) (Whip),1974-03-01,1978-06-12,1564.0,,,Labour,Edward Heath,https://id.parliament.uk/kxgijBgk,723
Norman,Buchan,Commons,"Minister of State (Ministry of Agriculture, Fisheries and Food)",1974-03-01,1974-10-01,214.0,,,Labour,Edward Heath,https://id.parliament.uk/AlsvoQ3x,721
Peter,Shore,Commons,Secretary of State for Trade,1974-03-04,1976-04-08,766.0,,,Labour,Edward Heath,https://id.parliament.uk/zqMyUBMz,944
Frank,Beswick,Lords,Deputy Leader of the House of Lords,1974-03-04,1975-12-01,637.0,,,Labour,Edward Heath,https://id.parliament.uk/IObqmZND,2405
Reginald,Prentice,Commons,Secretary of State for Education and Science,1974-03-05,1975-06-09,461.0,,,Labour,Harold Wilson,https://id.parliament.uk/bfKKouvx,3261
Leonard,Callaghan,Commons,Foreign Secretary,1974-03-05,1976-04-07,764.0,,,Labour,Harold Wilson,https://id.parliament.uk/YSsLNF3h,3326
Robert,Mellish,Commons,Parliamentary Secretary to the Treasury (Chief Whip),1974-03-05,1976-04-08,765.0,,,Labour,Harold Wilson,https://id.parliament.uk/jMMlrvhT,2828
Eric,Varley,Commons,Secretary of State for Energy,1974-03-05,1975-06-09,461.0,,,Labour,Harold Wilson,https://id.parliament.uk/imDOYRae,1830
Michael,Foot,Commons,Secretary of State for Employment,1974-03-05,1976-04-07,764.0,,,Labour,Harold Wilson,https://id.parliament.uk/ZZJIyNt5,831
John,Morris,Commons,Secretary of State for Wales,1974-03-05,1979-05-04,1886.0,,,Labour,Harold Wilson,https://id.parliament.uk/wC1Rw40g,565
Roy,Mason,Commons,Secretary of State for Defence,1974-03-05,1976-09-09,919.0,,,Labour,Harold Wilson,https://id.parliament.uk/pWHpqFcZ,1062
Norman,Lever,Commons,Chancellor of the Duchy of Lancaster,1974-03-05,1979-05-04,1886.0,,,Labour,Harold Wilson,https://id.parliament.uk/tYoKt6oA,2954
Merlyn,Rees,Commons,Secretary of State for Northern Ireland,1974-03-05,1976-09-09,919.0,,,Labour,Harold Wilson,https://id.parliament.uk/i35wOJro,936
Shirley,Williams,Commons,Secretary of State for Prices and Consumer Protection,1974-03-05,1976-09-09,919.0,,,Labour,Harold Wilson,https://id.parliament.uk/URDlhhkg,740
Roy,Jenkins,Commons,Home Secretary,1974-03-05,1976-09-09,919.0,,,Labour,Harold Wilson,https://id.parliament.uk/k6GCchmd,732
Robert,Maclennan,Commons,Parliamentary Under-Secretary (Department of Prices and Consumer Protection),1974-03-05,1979-05-04,1886.0,,,Labour,Harold Wilson,https://id.parliament.uk/mybxoozQ,578
Stephen,Jones,Commons,Parliamentary Under-Secretary (Welsh Office),1974-03-07,1979-05-04,1884.0,,,Labour,Harold Wilson,https://id.parliament.uk/NVkepfVn,530
James,Mackenzie,Commons,Parliamentary Under-Secretary (Department of Industry),1974-03-07,1975-06-10,460.0,,,Labour,Harold Wilson,https://id.parliament.uk/XmFRdxYM,1350
Denis,Howell,Commons,Minister (Department of Environment) (Sport),1974-03-07,1979-05-06,1886.0,,,Labour,Harold Wilson,https://id.parliament.uk/MqBNoFVn,997
Reginald,Freeson,Commons,Minister (Department of Environment) (Housing & Construction),1974-03-07,1979-05-06,1886.0,,,Labour,Harold Wilson,https://id.parliament.uk/JkpUSJ8i,837
Joel,Barnett,Commons,Chief Secretary to the Treasury,1974-03-07,1979-05-04,1884.0,,,Labour,Harold Wilson,https://id.parliament.uk/XmUF38l1,1018
Ernest,Armstrong,Commons,Parliamentary Under-Secretary (Department of Education and Science),1974-03-07,1975-06-12,462.0,,,Labour,Harold Wilson,https://id.parliament.uk/52DBgtyM,968
Michael,Meacher,Commons,Parliamentary Under-Secretary (Department of Industry),1974-03-07,1975-06-12,462.0,,,Labour,Harold Wilson,https://id.parliament.uk/FdP6u6Vf,454
Edward,Rowlands,Commons,Parliamentary Under-Secretary (Welsh Office),1974-03-07,1975-06-12,462.0,,,Labour,Harold Wilson,https://id.parliament.uk/frmNh9nn,554
Peter,Archer,Commons,Solicitor General (Law Officers),1974-03-07,1979-05-04,1884.0,,,Labour,Harold Wilson,https://id.parliament.uk/yAkoBIyP,741
John,Silkin,Commons,Minister (Department of Environment) (Planning & Local Government),1974-03-07,1976-09-10,918.0,,,Labour,Harold Wilson,https://id.parliament.uk/ze3iKK7K,1335
Stanley,Orme,Commons,Minister of State (Northern Ireland Office),1974-03-07,1976-04-08,763.0,,,Labour,Harold Wilson,https://id.parliament.uk/PLEyy8lV,3206
Frederick,Mulley,Commons,Minister for Transport,1974-03-07,1975-06-12,462.0,,,Labour,Harold Wilson,https://id.parliament.uk/XbTeIjjO,2977
Charles,Morris,Commons,Minister of State (Department of Environment),1974-03-07,1974-10-18,225.0,,,Labour,Harold Wilson,https://id.parliament.uk/5H8Y14pX,1341
Samuel,Silkin,Commons,Attorney General (Law Officers),1974-03-07,1979-05-04,1884.0,,,Labour,Harold Wilson,https://id.parliament.uk/6hsxZ1TV,2420
Gavin,Strang,Commons,Parliamentary Under-Secretary (Department of Energy),1974-03-07,1974-10-18,225.0,,,Labour,Harold Wilson,https://id.parliament.uk/idMo7Oku,597
Judith,Hart,Commons,Minister of State (Ministry of Overseas Development),1974-03-07,1975-06-09,459.0,,,Labour,Harold Wilson,https://id.parliament.uk/aHWyhv9n,857
Alexander,Eadie,Commons,Parliamentary Under-Secretary (Department of Energy),1974-03-07,1979-05-04,1884.0,,,Labour,Harold Wilson,https://id.parliament.uk/AaNbWTaT,811
David,Ennals,Commons,Minister of State (Foreign and Commonwealth Office),1974-03-07,1976-04-08,763.0,,,Labour,Harold Wilson,https://id.parliament.uk/GgEnqOnV,2959
Thomas,Pendry,Commons,Lord Commissioner (HM Treasury) (Whip),1974-03-08,1977-01-18,1047.0,,,Labour,Harold Wilson,https://id.parliament.uk/q8YR787q,457
John,Golding,Commons,Lord Commissioner (HM Treasury) (Whip),1974-03-08,1974-10-18,224.0,,,Labour,Harold Wilson,https://id.parliament.uk/LkNBZQMY,1106
Robert,Brown,Commons,Parliamentary Under-Secretary (Department of Health and Social Security),1974-03-08,1974-10-18,224.0,,,Labour,Harold Wilson,https://id.parliament.uk/r1dYOtaF,1055
Alexander,Lyon,Commons,Minister of State (Home Office),1974-03-08,1976-04-14,768.0,,,Labour,Harold Wilson,https://id.parliament.uk/VsTaLHhH,1372
Stanley,Clinton-Davis,Commons,Parliamentary Under-Secretary (Department of Trade),1974-03-08,1979-05-04,1883.0,,,Labour,Harold Wilson,https://id.parliament.uk/h9Xn94S4,1116
James,Dunn,Commons,Lord Commissioner (HM Treasury) (Whip),1974-03-08,1976-04-14,768.0,,,Labour,Harold Wilson,https://id.parliament.uk/5eF6TcGM,1015
Eric,Deakins,Commons,Parliamentary Under-Secretary (Department of Trade),1974-03-08,1976-04-14,768.0,,,Labour,Harold Wilson,https://id.parliament.uk/Vqsqaf2B,796
Frank,Judd,Commons,Parliamentary Under-Secretary (Ministry of Defence) (Royal Navy),1974-03-08,1976-04-14,768.0,,,Labour,Harold Wilson,https://id.parliament.uk/j3uLxcn4,1660
Michael,Cocks,Commons,Assistant Whip (HM Treasury),1974-03-08,1974-06-24,108.0,,,Labour,Harold Wilson,https://id.parliament.uk/X0ZaLrXy,782
John,Fraser,Commons,Parliamentary Under-Secretary (Department of Employment),1974-03-08,1976-04-14,768.0,,,Labour,Harold Wilson,https://id.parliament.uk/eYYvgn1m,1021
Neil,Carmichael,Commons,Parliamentary Under-Secretary (Department of Environment),1974-03-08,1975-12-04,636.0,,,Labour,Harold Wilson,https://id.parliament.uk/8tyWH6Lk,1037
Joan,Lestor,Commons,Parliamentary Under-Secretary (Foreign and Commonwealth Office),1974-03-08,1975-06-12,461.0,,,Labour,Harold Wilson,https://id.parliament.uk/gWFxN8f7,2465
Shirley,Summerskill,Commons,Parliamentary Under-Secretary (Home Office),1974-03-08,1979-05-04,1883.0,,,Labour,Harold Wilson,https://id.parliament.uk/nn9U37aC,951
Brynmor,John,Commons,Parliamentary Under-Secretary (Ministry of Defence) (Air Force),1974-03-08,1976-04-14,768.0,,,Labour,Harold Wilson,https://id.parliament.uk/9OMfuzJs,708
Albert,Booth,Commons,Minister of State (Department of Employment),1974-03-08,1976-04-08,762.0,,,Labour,Harold Wilson,https://id.parliament.uk/CATMQaRP,982
William,Rodgers,Commons,Minister of State (Ministry of Defence),1974-03-08,1976-09-10,917.0,,,Labour,Harold Wilson,https://id.parliament.uk/9dvXtuKV,940
David,Owen,Commons,Parliamentary Under-Secretary (Department of Health and Social Security),1974-03-08,1974-07-26,140.0,,,Labour,Harold Wilson,https://id.parliament.uk/zcZtiXy9,992
Thomas,Cox,Commons,Assistant Whip (HM Treasury),1974-03-08,1977-01-19,1048.0,,,Labour,Harold Wilson,https://id.parliament.uk/nZvlOLd9,205
Gordon,Oakes,Commons,Parliamentary Under-Secretary (Department of Environment),1974-03-08,1976-04-14,768.0,,,Labour,Harold Wilson,https://id.parliament.uk/8HCUTlJC,1243
Gerald,Kaufman,Commons,Parliamentary Under-Secretary (Department of Environment),1974-03-08,1975-06-12,461.0,,,Labour,Harold Wilson,https://id.parliament.uk/oQmi7yIx,451
James,Hamilton,Commons,Lord Commissioner (HM Treasury) (Whip),1974-03-08,1974-06-28,112.0,,,Labour,Harold Wilson,https://id.parliament.uk/7Gj3CnfA,978
Anthony,Benn,Commons,Minister of State (Ministry of Posts and Telecommunications),1974-03-09,1974-05-10,62.0,,,Labour,Harold Wilson,https://id.parliament.uk/cKwj1NnB,326
John,Donaldson,Lords,Parliamentary Under-Secretary (Northern Ireland Office),1974-03-11,1976-04-14,765.0,,,Liberal Democrat,Harold Wilson,https://id.parliament.uk/aXEzw9i8,2863
Harold,Walker,Commons,Parliamentary Under-Secretary (Department of Employment),1974-03-11,1976-04-14,765.0,,,Labour,Harold Wilson,https://id.parliament.uk/nkq3A6Ey,1006
Roland,Moyle,Commons,"Parliamentary Secretary (Ministry of Agriculture, Fisheries and Food)",1974-03-11,1974-06-28,109.0,,,Labour,Harold Wilson,https://id.parliament.uk/hjoseQQO,1336
Alfred,Morris,Commons,Parliamentary Under-Secretary (Department of Health and Social Security) (Disablement),1974-03-11,1979-05-04,1880.0,,,Labour,Harold Wilson,https://id.parliament.uk/jThqOxT8,1906
Robert,Hughes,Commons,Parliamentary Under-Secretary (Scottish Office),1974-03-11,1975-07-22,498.0,,,Labour,Harold Wilson,https://id.parliament.uk/3oj2yMIH,1051
John,Dormand,Commons,Assistant Whip (HM Treasury),1974-03-14,1974-10-18,218.0,,,Labour,Harold Wilson,https://id.parliament.uk/nzrSPIOp,801
Laurence,Pavitt,Commons,Assistant Whip (HM Treasury),1974-03-14,1976-02-05,693.0,,,Labour,Harold Wilson,https://id.parliament.uk/GbRckokx,1176
Denis,Healey,Commons,Chancellor of the Exchequer,1974-03-25,1979-05-05,1867.0,,,Labour,Harold Wilson,https://id.parliament.uk/dXhbdj80,979
Robert,Sheldon,Commons,Minister of State (Civil Service Department),1974-04-07,1974-10-18,194.0,,,Labour,Harold Wilson,https://id.parliament.uk/c5IVLCZq,436
John,Gilbert,Commons,Financial Secretary (HM Treasury),1974-04-07,1975-06-12,431.0,,,Labour,Harold Wilson,https://id.parliament.uk/nFDeQ5yu,843
Anthony,Benn,Commons,Secretary of State for Industry,1974-05-10,1975-08-04,451.0,,,Labour,Harold Wilson,https://id.parliament.uk/cKwj1NnB,326
Walter,Johnson,Commons,Assistant Whip (HM Treasury),1974-06-22,1975-01-23,215.0,,,Labour,Harold Wilson,https://id.parliament.uk/gcQDhAHd,1073
John,Concannon,Commons,Parliamentary Under-Secretary (Northern Ireland Office),1974-06-27,1976-04-14,657.0,,,Labour,Harold Wilson,https://id.parliament.uk/kvOpJJ29,784
Roland,Moyle,Commons,Minister of State (Northern Ireland Office),1974-06-28,1976-09-10,805.0,,,Labour,Harold Wilson,https://id.parliament.uk/hjoseQQO,1336
Michael,Cocks,Commons,Lord Commissioner (HM Treasury) (Whip),1974-06-28,1976-04-08,650.0,,,Labour,Harold Wilson,https://id.parliament.uk/X0ZaLrXy,782
James,Hamilton,Commons,Vice-Chamberlain (HM Household),1974-06-28,1978-07-05,1468.0,,,Labour,Harold Wilson,https://id.parliament.uk/7Gj3CnfA,978
Hugh,Brown,Commons,Parliamentary Under-Secretary (Scottish Office),1974-06-28,1979-05-04,1771.0,,,Labour,Harold Wilson,https://id.parliament.uk/4gCMzlJy,1008
Arthur,Davidson,Commons,Parliamentary Secretary (Law Officers),1974-07-26,1979-05-07,1746.0,,,Labour,Harold Wilson,https://id.parliament.uk/CmDgRU47,1094
David,Owen,Commons,Minister of State (Department of Health and Social Security),1974-07-26,1976-09-10,777.0,,,Labour,Harold Wilson,https://id.parliament.uk/zcZtiXy9,992
John,Grant,Commons,Parliamentary Under-Secretary (Ministry of Overseas Development),1974-10-01,1976-03-01,517.0,,,Labour,Harold Wilson,https://id.parliament.uk/lTSwFvGM,664
Trevor,Jones,Commons,Parliamentary Under-Secretary (Department of Health and Social Security),1974-10-18,1975-07-12,267.0,,,Labour,Harold Wilson,https://id.parliament.uk/UbFfRzU2,1071
Charles,Morris,Commons,Minister of State (Civil Service Department),1974-10-18,1979-05-04,1659.0,,,Labour,Harold Wilson,https://id.parliament.uk/5H8Y14pX,1341
Gavin,Strang,Commons,"Parliamentary Secretary (Ministry of Agriculture, Fisheries and Food)",1974-10-18,1979-05-04,1659.0,,,Labour,Harold Wilson,https://id.parliament.uk/idMo7Oku,597
John,Smith,Commons,Parliamentary Under-Secretary (Department of Energy),1974-10-18,1975-12-03,411.0,,,Labour,Harold Wilson,https://id.parliament.uk/uZiuEU7D,564
Robert,Brown,Commons,Parliamentary Under-Secretary (Ministry of Defence) (Army),1974-10-18,1979-05-04,1659.0,,,Labour,Harold Wilson,https://id.parliament.uk/r1dYOtaF,1055
Harry,Ewing,Commons,Parliamentary Under-Secretary (Scottish Office),1974-10-18,1979-05-04,1659.0,,,Labour,Harold Wilson,https://id.parliament.uk/GI4JfYA0,1103
Robert,Sheldon,Commons,Minister of State (HM Treasury),1974-10-18,1975-06-17,242.0,,,Labour,Harold Wilson,https://id.parliament.uk/c5IVLCZq,436
John,Dormand,Commons,Lord Commissioner (HM Treasury) (Whip),1974-10-19,1979-05-04,1658.0,,,Labour,Harold Wilson,https://id.parliament.uk/nzrSPIOp,801
Betty,Boothroyd,Commons,Assistant Whip (HM Treasury),1974-10-24,1975-11-04,376.0,,,Labour,Harold Wilson,https://id.parliament.uk/LRdo2mBP,679
Peter,Snape,Commons,Assistant Whip (HM Treasury),1975-01-01,1977-01-01,731.0,,,Labour,Harold Wilson,https://id.parliament.uk/mTJICl9K,319
Margaret,Beckett,Commons,Assistant Whip (HM Treasury),1975-01-01,1976-01-01,365.0,,,Labour,Harold Wilson,https://id.parliament.uk/1L8qop3w,328
David,Davies,Commons,Minister of State (HM Treasury),1975-01-01,1979-01-01,1461.0,,,Labour,Harold Wilson,https://id.parliament.uk/yXJRf10u,539
David,Stoddart,Commons,Assistant Whip (HM Treasury),1975-01-27,1976-04-14,443.0,,,Labour,Harold Wilson,https://id.parliament.uk/xuGOQYBC,950
Kenneth,Marks,Commons,Parliamentary Under-Secretary (Department of Environment),1975-04-14,1979-05-04,1481.0,,,Labour,Harold Wilson,https://id.parliament.uk/SMi03Hsk,1339
Reginald,Prentice,Commons,Secretary of State for Overseas Development,1975-06-10,1976-12-20,559.0,,,Labour,Harold Wilson,https://id.parliament.uk/bfKKouvx,3261
Frederick,Mulley,Commons,Secretary of State for Education and Science,1975-06-10,1976-09-09,457.0,,,Labour,Harold Wilson,https://id.parliament.uk/XbTeIjjO,2977
James,Mackenzie,Commons,Minister of State (Department of Industry),1975-06-10,1976-04-14,309.0,,,Labour,Harold Wilson,https://id.parliament.uk/XmFRdxYM,1350
Eric,Varley,Commons,Secretary of State for Industry,1975-06-10,1979-05-04,1424.0,,,Labour,Harold Wilson,https://id.parliament.uk/imDOYRae,1830
Trevor,Jones,Commons,Parliamentary Under-Secretary (Welsh Office),1975-06-12,1979-05-04,1422.0,,,Labour,Harold Wilson,https://id.parliament.uk/UbFfRzU2,1071
Michael,Meacher,Commons,Parliamentary Under-Secretary (Department of Health and Social Security),1975-06-12,1976-04-14,307.0,,,Labour,Harold Wilson,https://id.parliament.uk/FdP6u6Vf,454
Gerald,Kaufman,Commons,Parliamentary Under-Secretary (Department of Industry),1975-06-12,1975-12-04,175.0,,,Labour,Harold Wilson,https://id.parliament.uk/oQmi7yIx,451
Joan,Lestor,Commons,Parliamentary Under-Secretary (Department of Education and Science),1975-06-12,1976-02-21,254.0,,,Labour,Harold Wilson,https://id.parliament.uk/gWFxN8f7,2465
John,Gilbert,Commons,Minister for Transport,1975-06-12,1976-09-10,456.0,,,Labour,Harold Wilson,https://id.parliament.uk/nFDeQ5yu,843
Edward,Rowlands,Commons,Parliamentary Under-Secretary (Foreign and Commonwealth Office),1975-06-12,1976-04-14,307.0,,,Labour,Harold Wilson,https://id.parliament.uk/frmNh9nn,554
Ernest,Armstrong,Commons,Parliamentary Under-Secretary (Department of Environment),1975-06-12,1979-05-04,1422.0,,,Labour,Harold Wilson,https://id.parliament.uk/52DBgtyM,968
Robert,Sheldon,Commons,Financial Secretary (HM Treasury),1975-06-17,1979-05-04,1417.0,,,Labour,Harold Wilson,https://id.parliament.uk/c5IVLCZq,436
Anthony,Benn,Commons,Secretary of State for Energy,1975-08-04,1979-05-04,1369.0,,,Labour,Harold Wilson,https://id.parliament.uk/cKwj1NnB,326
Francis,McElhone,Commons,Parliamentary Under-Secretary (Scottish Office),1975-09-12,1979-05-04,1330.0,,,Labour,Harold Wilson,https://id.parliament.uk/5gUtjFx0,917
Gerald,Kaufman,Commons,Minister of State (Department of Industry),1975-12-04,1979-05-04,1247.0,,,Labour,Harold Wilson,https://id.parliament.uk/oQmi7yIx,451
John,Smith,Commons,Minister of State (Department of Energy),1975-12-04,1976-04-13,131.0,,,Labour,Harold Wilson,https://id.parliament.uk/uZiuEU7D,564
Neil,Carmichael,Commons,Parliamentary Under-Secretary (Department of Industry),1975-12-04,1976-04-14,132.0,,,Labour,Harold Wilson,https://id.parliament.uk/8tyWH6Lk,1037
Alan,Williams,Commons,Minister of State (Department of Industry),1976-01-01,1979-01-01,1096.0,,,Labour,Harold Wilson,https://id.parliament.uk/7gUJqpZZ,569
Margaret,Beckett,Commons,Parliamentary Under-Secretary (Department of Education and Science),1976-01-01,1979-01-01,1096.0,,,Labour,Harold Wilson,https://id.parliament.uk/1L8qop3w,328
John,Fraser,Commons,Minister of State (Department of Prices and Consumer Protection),1976-01-01,1979-01-01,1096.0,,,Labour,Harold Wilson,https://id.parliament.uk/eYYvgn1m,1021
Brynmor,John,Commons,Minister of State (Home Office),1976-01-01,1979-01-01,1096.0,,,Labour,Harold Wilson,https://id.parliament.uk/9OMfuzJs,708
John,Smith,Commons,Minister of State (Privy Council Office),1976-01-23,1978-04-08,806.0,,,Labour,Harold Wilson,https://id.parliament.uk/uZiuEU7D,564
Albert,Stallard,Commons,Assistant Whip (HM Treasury),1976-02-05,1978-07-05,881.0,,,Labour,Harold Wilson,https://id.parliament.uk/NGrdvayz,3136
John,Tomlinson,Commons,Parliamentary Under-Secretary (Foreign and Commonwealth Office),1976-03-17,1979-05-04,1143.0,,,Labour,Harold Wilson,https://id.parliament.uk/oLG9Do2q,1702
Leslie,Huckfield,Commons,Parliamentary Under-Secretary (Department of Industry),1976-04-04,1979-05-04,1125.0,,,Labour,Harold Wilson,https://id.parliament.uk/MgjGmI7P,874
David,Stoddart,Commons,Lord Commissioner (HM Treasury) (Whip),1976-04-04,1977-11-18,593.0,,,Labour,Harold Wilson,https://id.parliament.uk/xuGOQYBC,950
Leonard,Callaghan,Commons,"Prime Minister, First Lord of the Treasury and Minister for the Civil Service",1976-04-05,1979-05-03,1123.0,,,Labour,Harold Wilson,https://id.parliament.uk/YSsLNF3h,3326
Peter,Shore,Commons,Secretary of State for Environment,1976-04-08,1979-05-04,1121.0,,,Labour,James Callaghan,https://id.parliament.uk/zqMyUBMz,944
David,Ennals,Commons,Secretary of State for Social Services,1976-04-08,1979-05-04,1121.0,,,Labour,James Callaghan,https://id.parliament.uk/GgEnqOnV,2959
Albert,Booth,Commons,Secretary of State for Employment,1976-04-08,1979-05-04,1121.0,,,Labour,James Callaghan,https://id.parliament.uk/CATMQaRP,982
Shirley,Williams,Commons,Paymaster General (HM Treasury),1976-04-08,1979-05-04,1121.0,,,Labour,James Callaghan,https://id.parliament.uk/URDlhhkg,740
Michael,Cocks,Commons,Parliamentary Secretary to the Treasury (Chief Whip),1976-04-08,1979-05-04,1121.0,,,Labour,James Callaghan,https://id.parliament.uk/X0ZaLrXy,782
Bruce,Millan,Commons,Secretary of State for Scottish Office,1976-04-08,1979-05-04,1121.0,,,Labour,James Callaghan,https://id.parliament.uk/KoBAklrn,704
Stanley,Orme,Commons,Minister of State (Department of Health and Social Security),1976-04-08,1976-09-10,155.0,,,Labour,James Callaghan,https://id.parliament.uk/PLEyy8lV,3206
Michael,Foot,Commons,Lord President of the Council and Leader of the House of Commons (Privy Council Office),1976-04-08,1979-05-05,1122.0,,,Labour,James Callaghan,https://id.parliament.uk/ZZJIyNt5,831
Thomas,Graham,Commons,Lord Commissioner (HM Treasury) (Whip),1976-04-14,1979-05-04,1115.0,,,Labour,James Callaghan,https://id.parliament.uk/wm5YEt2w,1068
John,Concannon,Commons,Minister of State (Northern Ireland Office),1976-04-14,1979-05-04,1115.0,,,Labour,James Callaghan,https://id.parliament.uk/kvOpJJ29,784
Eric,Deakins,Commons,Parliamentary Under-Secretary (Department of Health and Social Security),1976-04-14,1979-05-04,1115.0,,,Labour,James Callaghan,https://id.parliament.uk/Vqsqaf2B,796
John,Golding,Commons,Parliamentary Under-Secretary (Department of Employment),1976-04-14,1979-05-04,1115.0,,,Labour,James Callaghan,https://id.parliament.uk/LkNBZQMY,1106
James,Dunn,Commons,Parliamentary Under-Secretary (Northern Ireland Office),1976-04-14,1979-05-04,1115.0,,,Labour,James Callaghan,https://id.parliament.uk/5eF6TcGM,1015
John,Grant,Commons,Parliamentary Under-Secretary (Department of Employment),1976-04-14,1979-05-04,1115.0,,,Labour,James Callaghan,https://id.parliament.uk/lTSwFvGM,664
Frank,White,Commons,Assistant Whip (HM Treasury),1976-04-14,1978-10-31,930.0,,,Labour,James Callaghan,https://id.parliament.uk/tKg6eKVM,1299
Albert,Duffy,Commons,Parliamentary Under-Secretary (Ministry of Defence) (Royal Navy),1976-04-14,1979-05-04,1115.0,,,Labour,James Callaghan,https://id.parliament.uk/e4apEMKA,806
Jesse,Mabon,Commons,Minister of State (Department of Energy),1976-04-14,1979-05-04,1115.0,,,Labour,James Callaghan,https://id.parliament.uk/jlBLO7xs,909
James,Mackenzie,Commons,Minister of State (Scottish Office),1976-04-14,1979-05-04,1115.0,,,Labour,James Callaghan,https://id.parliament.uk/XmFRdxYM,1350
Alfred,Wellbeloved,Commons,Parliamentary Under-Secretary (Ministry of Defence) (Air Force),1976-04-14,1979-05-04,1115.0,,,Labour,James Callaghan,https://id.parliament.uk/zQWMz4JK,1182
Harold,Walker,Commons,Minister of State (Department of Employment),1976-04-14,1979-05-04,1115.0,,,Labour,James Callaghan,https://id.parliament.uk/nkq3A6Ey,1006
Michael,Meacher,Commons,Parliamentary Under-Secretary (Department of Trade),1976-04-14,1979-05-04,1115.0,,,Labour,James Callaghan,https://id.parliament.uk/FdP6u6Vf,454
Raymond,Carter,Commons,Parliamentary Under-Secretary (Northern Ireland Office),1976-04-14,1979-05-04,1115.0,,,Labour,James Callaghan,https://id.parliament.uk/ROF6XktV,1624
Gordon,Oakes,Commons,Parliamentary Under-Secretary (Department of Energy),1976-04-14,1976-09-10,149.0,,,Labour,James Callaghan,https://id.parliament.uk/8HCUTlJC,1243
Edward,Rowlands,Commons,Minister of State (Foreign and Commonwealth Office),1976-04-14,1979-06-04,1146.0,,,Labour,James Callaghan,https://id.parliament.uk/frmNh9nn,554
James,Tinn,Commons,Assistant Whip (HM Treasury),1976-06-16,1979-05-04,1052.0,,,Labour,James Callaghan,https://id.parliament.uk/jcYG3U9e,1361
Roy,Mason,Commons,Secretary of State for Northern Ireland,1976-09-09,1979-05-04,967.0,,,Labour,James Callaghan,https://id.parliament.uk/pWHpqFcZ,1062
George,Cryer,Commons,Parliamentary Under-Secretary (Department of Industry),1976-09-10,1978-11-20,801.0,,,Labour,James Callaghan,https://id.parliament.uk/nRyDBRTl,690
John,Cunningham,Commons,Parliamentary Under-Secretary (Department of Energy),1976-09-10,1979-05-04,966.0,,,Labour,James Callaghan,https://id.parliament.uk/U3EBKKjK,496
William,Rodgers,Commons,Secretary of State for Transport,1976-09-10,1979-05-04,966.0,,,Labour,James Callaghan,https://id.parliament.uk/9dvXtuKV,940
Peter,Mond,Lords,Minister of State (Northern Ireland Office),1976-09-10,1979-05-04,966.0,,,Other,James Callaghan,https://id.parliament.uk/XjZkxSYh,1889
Stanley,Orme,Commons,Minister (Department of Health and Social Security) (Social Security),1976-09-10,1979-05-04,966.0,,,Labour,James Callaghan,https://id.parliament.uk/PLEyy8lV,3206
David,Owen,Commons,Minister of State (Foreign and Commonwealth Office),1976-09-10,1977-02-21,164.0,,,Labour,James Callaghan,https://id.parliament.uk/zcZtiXy9,992
Frederick,Mulley,Commons,Secretary of State for Defence,1976-09-10,1979-05-04,966.0,,,Labour,James Callaghan,https://id.parliament.uk/XbTeIjjO,2977
Roland,Moyle,Commons,Minister of State (Department of Health and Social Security),1976-09-10,1979-05-04,966.0,,,Labour,James Callaghan,https://id.parliament.uk/hjoseQQO,1336
Merlyn,Rees,Commons,Home Secretary,1976-09-10,1979-05-04,966.0,,,Labour,James Callaghan,https://id.parliament.uk/i35wOJro,936
Roy,Hattersley,Commons,Secretary of State for Prices and Consumer Protection,1976-09-10,1979-05-05,967.0,,,Labour,James Callaghan,https://id.parliament.uk/CBMA1d1v,858
Gordon,Oakes,Commons,Minister of State (Department of Education and Science),1976-09-10,1979-05-04,966.0,,,Labour,James Callaghan,https://id.parliament.uk/8HCUTlJC,1243
John,Gilbert,Commons,Minister of State (Ministry of Defence),1976-09-10,1979-05-04,966.0,,,Labour,James Callaghan,https://id.parliament.uk/nFDeQ5yu,843
Shirley,Williams,Commons,Secretary of State for Education and Science,1976-09-10,1979-05-04,966.0,,,Labour,James Callaghan,https://id.parliament.uk/URDlhhkg,740
John,Silkin,Commons,"Secretary of State for Agriculture, Fisheries and Food",1976-09-10,1979-05-04,966.0,,,Labour,James Callaghan,https://id.parliament.uk/ze3iKK7K,1335
John,Horam,Commons,Parliamentary Under-Secretary (Department for Transport),1976-09-12,1979-05-03,963.0,,,Labour,James Callaghan,https://id.parliament.uk/wtsenmJj,196
Thomas,Peart,Lords,Lord Privy Seal and Leader of the House of Lords,1976-09-23,1979-05-04,953.0,,,,James Callaghan,https://id.parliament.uk/ccKzlSob,2348
Joseph,Ashton,Commons,Assistant Whip (HM Treasury),1976-11-08,1977-11-09,366.0,,,Labour,James Callaghan,https://id.parliament.uk/gMPc200r,358
Nicolas,Barnett,Commons,Parliamentary Under-Secretary (Department of Environment),1976-12-05,1979-05-04,880.0,,,Labour,James Callaghan,https://id.parliament.uk/p0UfNd0f,1038
Frank,Judd,Commons,Minister (Foreign and Commonwealth Office) (Overseas Development),1976-12-21,1977-02-21,62.0,,,Labour,James Callaghan,https://id.parliament.uk/j3uLxcn4,1660
Peter,Snape,Commons,Lord Commissioner (HM Treasury) (Whip),1977-01-01,1979-01-01,730.0,,,Labour,James Callaghan,https://id.parliament.uk/mTJICl9K,319
John,Tomlinson,Commons,Parliamentary Under-Secretary (Ministry of Overseas Development),1977-01-03,1979-05-04,851.0,,,Labour,James Callaghan,https://id.parliament.uk/oLG9Do2q,1702
Winifred,Taylor,Commons,Assistant Whip (HM Treasury),1977-01-19,1979-05-04,835.0,,,Labour,James Callaghan,https://id.parliament.uk/rjOhPobl,407
Thomas,Cox,Commons,Lord Commissioner (HM Treasury) (Whip),1977-01-19,1979-05-04,835.0,,,Labour,James Callaghan,https://id.parliament.uk/nZvlOLd9,205
David,Owen,Commons,Foreign Secretary,1977-02-21,1979-05-04,802.0,,,Labour,James Callaghan,https://id.parliament.uk/zcZtiXy9,992
Judith,Hart,Commons,Minister of State (Ministry of Overseas Development),1977-02-21,1979-05-05,803.0,,,Labour,James Callaghan,https://id.parliament.uk/aHWyhv9n,857
Frank,Judd,Commons,Minister of State (Foreign and Commonwealth Office),1977-02-21,1979-05-04,802.0,,,Labour,James Callaghan,https://id.parliament.uk/j3uLxcn4,1660
James,Marshall,Commons,Assistant Whip (HM Treasury),1977-11-23,1979-05-04,527.0,,,Labour,James Callaghan,https://id.parliament.uk/JfHjjy1u,339
Donald,Coleman,Commons,Vice-Chamberlain (HM Household),1978-06-12,1979-05-03,325.0,,,Labour,James Callaghan,https://id.parliament.uk/kxgijBgk,723
Albert,Stallard,Commons,Lord Commissioner (HM Treasury) (Whip),1978-07-05,1979-01-17,196.0,,,Labour,James Callaghan,https://id.parliament.uk/NGrdvayz,3136
James,Hamilton,Commons,Comptroller (HM Household),1978-07-05,1979-05-03,302.0,,,Labour,James Callaghan,https://id.parliament.uk/7Gj3CnfA,978
Joseph,Dean,Commons,Assistant Whip (HM Treasury),1978-07-06,1979-05-04,302.0,,,Labour,James Callaghan,https://id.parliament.uk/nMEUzqxK,1107
John,Evans,Commons,Assistant Whip (HM Treasury),1978-10-31,1979-05-04,185.0,,,Labour,James Callaghan,https://id.parliament.uk/wL3nSoLY,1082
Thomas,Pendry,Commons,Parliamentary Under-Secretary (Northern Ireland Office),1978-11-11,1979-05-04,174.0,,,Labour,James Callaghan,https://id.parliament.uk/q8YR787q,457
John,Smith,Commons,Secretary of State for Trade,1978-11-11,1979-05-03,173.0,,,Labour,James Callaghan,https://id.parliament.uk/uZiuEU7D,564
Bryan,Davies,Commons,Assistant Whip (HM Treasury),1979-01-17,1979-05-04,107.0,,,Labour,James Callaghan,https://id.parliament.uk/mA0w6C2f,987
Bertram,Bowyer,Lords,"Captain of the Honourable Corps of Gentlemen-at-Arms (HM Household) (Chief Whip, House of Lords)",1979-05-04,1991-05-31,4410.0,,,Conservative,James Callaghan,https://id.parliament.uk/34xhXodA,2696
William,Whitelaw,Commons,"Deputy Prime Minister, Lord President of the Council (Cabinet Office) (with Special Responsibility for Political and Constitutional Reform)",1979-05-04,1988-01-10,3173.0,,,Conservative,James Callaghan,https://id.parliament.uk/6LEjNWW7,1722
Margaret,Thatcher,Commons,"Prime Minister, First Lord of the Treasury and Minister for the Civil Service",1979-05-04,1990-11-28,4226.0,,,Conservative,James Callaghan,https://id.parliament.uk/xUmb6Tyk,953
William,Whitelaw,Lords,"Deputy Prime Minister, Lord President of the Council (Cabinet Office) (with Special Responsibility for Political and Constitutional Reform)",1979-05-04,1988-01-10,3173.0,,,Conservative,James Callaghan,https://id.parliament.uk/6LEjNWW7,1722
Roger,Edwards,Commons,Secretary of State for Wales,1979-05-05,1987-06-12,2960.0,,,Conservative,Margaret Thatcher,https://id.parliament.uk/4ELf0jdw,1058
Norman,St John-Stevas,Commons,"Leader of the House of Commons, Minister for the Arts and Chancellor of the Duchy of Lancaster",1979-05-05,1981-01-04,610.0,,,Conservative,Margaret Thatcher,https://id.parliament.uk/6v16nqWU,946
Mark,Carlisle,Commons,Secretary of State for Education and Science,1979-05-05,1981-09-13,862.0,,,Conservative,Margaret Thatcher,https://id.parliament.uk/P9Q6noF8,774
Richard,Howe,Commons,Chancellor of the Exchequer,1979-05-05,1983-06-10,1497.0,,,Conservative,Margaret Thatcher,https://id.parliament.uk/Ta7hlBXe,872
Arthur,Soames,Lords,Lord President of the Council and Leader of the House Lords (Privy Council Office),1979-05-05,1981-09-13,862.0,,,Conservative,Margaret Thatcher,https://id.parliament.uk/kAba1eod,2416
Ian,Gilmour,Commons,Lord Privy Seal and Deputy Foreign Secretary,1979-05-05,1981-09-13,862.0,,,Conservative,Margaret Thatcher,https://id.parliament.uk/uyfbyBz1,2606
William,Biffen,Commons,Chief Secretary to the Treasury,1979-05-05,1981-01-04,610.0,,,Conservative,Margaret Thatcher,https://id.parliament.uk/PPipv6bN,749
Angus,Maude,Commons,Paymaster General (HM Treasury),1979-05-05,1981-01-04,610.0,,,Conservative,Margaret Thatcher,https://id.parliament.uk/6s12Bmip,3091
John,Nott,Commons,Secretary of State for Trade,1979-05-05,1981-01-04,610.0,,,Conservative,Margaret Thatcher,https://id.parliament.uk/mM16LlhF,926
David,Howell,Commons,Secretary of State for Energy,1979-05-05,1981-09-13,862.0,,,Conservative,Margaret Thatcher,https://id.parliament.uk/jAgDv8hd,993
Michael,Heseltine,Commons,Secretary of State for Environment,1979-05-05,1983-01-05,1341.0,,,Conservative,Margaret Thatcher,https://id.parliament.uk/HDWaJnag,94
Thomas,Jopling,Commons,Parliamentary Secretary to the Treasury (Chief Whip),1979-05-05,1983-06-10,1497.0,,,Conservative,Margaret Thatcher,https://id.parliament.uk/yyQe6SJm,883
Humphrey,Atkins,Commons,Secretary of State for Northern Ireland,1979-05-05,1981-09-13,862.0,,,Conservative,Margaret Thatcher,https://id.parliament.uk/HRGLoHkG,970
Peter,Walker,Commons,"Secretary of State for Agriculture, Fisheries and Food",1979-05-05,1983-06-10,1497.0,,,Conservative,Margaret Thatcher,https://id.parliament.uk/4eJ0v0w4,1045
James,Prior,Commons,Secretary of State for Employment,1979-05-05,1981-09-13,862.0,,,Conservative,Margaret Thatcher,https://id.parliament.uk/mraBVJfH,1104
George,Younger,Commons,Secretary of State for Scottish Office,1979-05-05,1986-01-11,2443.0,,,Conservative,Margaret Thatcher,https://id.parliament.uk/GAaGEDAS,969
Francis,Pym,Commons,Secretary of State for Defence,1979-05-05,1981-01-04,610.0,,,Conservative,Margaret Thatcher,https://id.parliament.uk/gzClaQUx,3257
William,Whitelaw,Commons,Home Secretary,1979-05-05,1983-06-10,1497.0,,,Conservative,Margaret Thatcher,https://id.parliament.uk/6LEjNWW7,1722
Charles,Jenkin,Commons,Secretary of State for Health and Social Security,1979-05-05,1981-09-13,862.0,,,Conservative,Margaret Thatcher,https://id.parliament.uk/Se3SjGlA,1097
Leon,Brittan,Commons,Minister of State (Home Office),1979-05-06,1981-01-05,610.0,,,Conservative,Margaret Thatcher,https://id.parliament.uk/sEV4x8R1,709
Bernard,Hayhoe,Commons,Parliamentary Under-Secretary (Ministry of Defence) (Army),1979-05-06,1981-01-04,609.0,,,Conservative,Margaret Thatcher,https://id.parliament.uk/H5sMqJAB,861
Sally,Oppenheim-Barnes,Commons,Minister of State (Consumer Affairs),1979-05-06,1982-03-04,1033.0,,,Conservative,Margaret Thatcher,https://id.parliament.uk/kxgtanTt,3210
Thomas,King,Commons,Minister of State (Department of Environment) (Local Government),1979-05-06,1983-01-05,1340.0,,,Conservative,Margaret Thatcher,https://id.parliament.uk/YQNFoAVs,254
Herbert,Speed,Commons,Parliamentary Under-Secretary (Ministry of Defence) (Royal Navy),1979-05-06,1981-05-18,743.0,,,Conservative,Margaret Thatcher,https://id.parliament.uk/nAO2W3n8,1234
Peter,Blaker,Commons,Minister of State (Foreign and Commonwealth Office),1979-05-06,1981-05-29,754.0,,,Conservative,Margaret Thatcher,https://id.parliament.uk/Dt1v38ti,750
David,Mitchell,Commons,Parliamentary Under-Secretary (Department of Industry),1979-05-06,1981-01-05,610.0,,,Conservative,Margaret Thatcher,https://id.parliament.uk/MkMy9i7v,1184
Robert,Marshall,Commons,Parliamentary Under-Secretary (Department of Industry),1979-05-06,1981-09-15,863.0,,,Conservative,Margaret Thatcher,https://id.parliament.uk/ZciJL1OO,1231
Geoffrey,Pattie,Commons,Parliamentary Under-Secretary (Ministry of Defence) (Air),1979-05-06,1981-05-29,754.0,,,Conservative,Margaret Thatcher,https://id.parliament.uk/ysrpb4bD,1230
Nigel,Lawson,Commons,Financial Secretary (HM Treasury),1979-05-06,1981-09-29,877.0,,,Conservative,Margaret Thatcher,https://id.parliament.uk/7MAn0Q3l,1039
Richard,Luce,Commons,Parliamentary Under-Secretary (Foreign and Commonwealth Office) (Overseas Development),1979-05-06,1981-09-13,861.0,,,Conservative,Margaret Thatcher,https://id.parliament.uk/53Ye2Prw,908
Adam,Butler,Commons,Minister of State (Department of Industry),1979-05-06,1981-01-05,610.0,,,Conservative,Margaret Thatcher,https://id.parliament.uk/pFjhV4YR,1093
Nicholas,Ridley,Commons,Minister of State (Foreign and Commonwealth Office),1979-05-06,1981-09-29,877.0,,,Conservative,Margaret Thatcher,https://id.parliament.uk/pudylhrb,1304
Douglas,Hurd,Commons,Minister of State (Foreign and Commonwealth Office),1979-05-06,1983-06-11,1497.0,,,Conservative,Margaret Thatcher,https://id.parliament.uk/7Ep6IlO4,875
Peter,Rees,Commons,Minister of State (HM Treasury),1979-05-06,1981-09-14,862.0,,,Conservative,Margaret Thatcher,https://id.parliament.uk/Qs6kU4Yv,3270
Timothy,Raison,Commons,Minister of State (Home Office),1979-05-06,1983-01-06,1341.0,,,Conservative,Margaret Thatcher,https://id.parliament.uk/oSxegE0l,935
Robert,Havers,Commons,Attorney General (Law Officers),1979-05-06,1987-06-12,2959.0,,,Conservative,Margaret Thatcher,https://id.parliament.uk/iF5GxHU3,859
John,Stradling Thomas,Commons,Deputy Chief Whip and Treasurer,1979-05-06,1983-02-16,1382.0,,,Conservative,Margaret Thatcher,https://id.parliament.uk/vyBH37V3,724
Walter,Percival,Commons,Solicitor-General,1979-05-06,1983-06-10,1496.0,,,Conservative,Margaret Thatcher,https://id.parliament.uk/Is7toTll,1355
Rhodes,Boyson,Commons,Parliamentary Under-Secretary (Department of Education and Science),1979-05-07,1983-06-13,1498.0,,,Conservative,Margaret Thatcher,https://id.parliament.uk/ZMaZcVEU,756
Philip,Goodhart,Commons,Parliamentary Under-Secretary (Northern Ireland Office),1979-05-07,1981-01-05,609.0,,,Conservative,Margaret Thatcher,https://id.parliament.uk/6AKb5Pwr,846
Reginald,Eyre,Commons,Parliamentary Under-Secretary (Department of Trade),1979-05-07,1982-03-05,1033.0,,,Conservative,Margaret Thatcher,https://id.parliament.uk/rh3YldoA,1049
Nicholas,Fairbairn,Commons,Solicitor-General Scotland,1979-05-07,1982-01-27,996.0,,,Conservative,Margaret Thatcher,https://id.parliament.uk/cZeSEGD8,694
Hugh,Rossi,Commons,Minister of State (Northern Ireland Office),1979-05-07,1981-01-05,609.0,,,Conservative,Margaret Thatcher,https://id.parliament.uk/5huB2VwH,941
Thomas,Fairgrieve,Commons,Parliamentary Under-Secretary (Scottish Office),1979-05-07,1981-09-15,862.0,,,Conservative,Margaret Thatcher,https://id.parliament.uk/UKBXlhSZ,819
Peter,Morrison,Commons,Lord Commissioner (HM Treasury) (Whip),1979-05-07,1981-01-05,609.0,,,Conservative,Margaret Thatcher,https://id.parliament.uk/9z6TNW0u,1277
Gerard,Vaughan,Commons,Minister of State (Department of Health and Social Security),1979-05-07,1982-03-04,1032.0,,,Conservative,Margaret Thatcher,https://id.parliament.uk/Q9OwDeZe,1255
Geoffrey,Finsberg,Commons,Parliamentary Under-Secretary (Department of Environment),1979-05-07,1981-09-15,862.0,,,Conservative,Margaret Thatcher,https://id.parliament.uk/4YweEtIA,2933
John,Stanley,Commons,Minister (Department of Environment) (Housing & Construction),1979-05-07,1983-06-12,1497.0,,,Conservative,Margaret Thatcher,https://id.parliament.uk/wcZ0EzWM,91
Anthony,Berry,Commons,Vice-Chamberlain (HM Household),1979-05-07,1981-09-29,876.0,,,Conservative,Margaret Thatcher,https://id.parliament.uk/7oyw6nKb,1083
James,Douglas-Hamilton,Commons,Lord Commissioner (HM Treasury) (Whip),1979-05-07,1981-10-01,878.0,,,Conservative,Margaret Thatcher,https://id.parliament.uk/io57LQOv,802
Michael,Roberts,Commons,Parliamentary Under-Secretary (Welsh Office),1979-05-07,1983-01-06,1340.0,,,Conservative,Margaret Thatcher,https://id.parliament.uk/oiFHwxKf,1035
Alexander,Fletcher,Commons,Parliamentary Under-Secretary (Scottish Office),1979-05-07,1983-06-14,1499.0,,,Conservative,Margaret Thatcher,https://id.parliament.uk/WrXsygxt,983
Ieuan,Roberts,Commons,Parliamentary Under-Secretary (Welsh Office),1979-05-07,1987-06-13,2959.0,,,Conservative,Margaret Thatcher,https://id.parliament.uk/GTeoy1OM,1232
Malcolm,Rifkind,Commons,Parliamentary Under-Secretary (Scottish Office),1979-05-07,1982-04-06,1065.0,,,Conservative,Margaret Thatcher,https://id.parliament.uk/Os58GI3o,1191
Cecil,Parkinson,Commons,Minister of State (Department of Trade),1979-05-07,1981-09-13,860.0,,,Conservative,Margaret Thatcher,https://id.parliament.uk/j6FyF6ff,931
John,Shaw,Commons,Parliamentary Under-Secretary (Northern Ireland Office),1979-05-07,1981-01-05,609.0,,,Conservative,Margaret Thatcher,https://id.parliament.uk/Jkv2h62I,1254
Michael,Alison,Commons,Minister of State (Northern Ireland Office),1979-05-07,1981-09-15,862.0,,,Conservative,Margaret Thatcher,https://id.parliament.uk/0BegVILq,736
James,Gray,Commons,Minister of State (Department of Energy),1979-05-07,1983-06-12,1497.0,,,Conservative,Margaret Thatcher,https://id.parliament.uk/2qxhX3mD,1017
Norman,Tebbit,Commons,Parliamentary Under-Secretary (Department of Trade),1979-05-07,1981-01-05,609.0,,,Conservative,Margaret Thatcher,https://id.parliament.uk/o1G8UbPL,952
Reginald,Prentice,Commons,Minister of State (Department of Health and Social Security) (Social Security),1979-05-07,1981-01-04,608.0,,,Conservative,Margaret Thatcher,https://id.parliament.uk/bfKKouvx,3261
John,Fox,Commons,Parliamentary Under-Secretary (Department of Environment),1979-05-07,1981-01-05,609.0,,,Conservative,Margaret Thatcher,https://id.parliament.uk/79XX60jO,1025
Lynda,Chalker,Commons,Parliamentary Under-Secretary (Department of Health and Social Security),1979-05-07,1982-03-05,1033.0,,,Conservative,Margaret Thatcher,https://id.parliament.uk/8gRwq4gR,778
Hector,Monro,Commons,Parliamentary Under-Secretary (Department of Environment) (Sport),1979-05-07,1981-09-30,877.0,,,Conservative,Margaret Thatcher,https://id.parliament.uk/uFWbfP6Y,1238
John,Moore,Commons,Parliamentary Under-Secretary (Department of Energy),1979-05-07,1983-06-13,1498.0,,,Conservative,Margaret Thatcher,https://id.parliament.uk/eB5IkwTu,1022
James,Lester,Commons,Parliamentary Under-Secretary (Department of Employment),1979-05-07,1981-01-05,609.0,,,Conservative,Margaret Thatcher,https://id.parliament.uk/u99FNP5Q,903
John,MacGregor,Commons,Lord Commissioner (HM Treasury) (Whip),1979-05-07,1981-01-05,609.0,,,Conservative,Margaret Thatcher,https://id.parliament.uk/x4is0fjM,131
Alfred,Wiggin,Commons,"Parliamentary Under-Secretary (Ministry of Agriculture, Fisheries and Food)",1979-05-07,1981-09-29,876.0,,,Conservative,Margaret Thatcher,https://id.parliament.uk/P94BFMen,1270
Kenneth,Clarke,Commons,Parliamentary Secretary (Ministry of Transport),1979-05-07,1981-01-05,609.0,,,Conservative,Margaret Thatcher,https://id.parliament.uk/TyNGhslR,366
David,Macfarlane,Commons,Parliamentary Under-Secretary (Department of Education and Science),1979-05-07,1981-09-15,862.0,,,Conservative,Margaret Thatcher,https://id.parliament.uk/5dXtQUCD,1295
George,Young,Commons,Parliamentary Under-Secretary (Department of Health and Social Security),1979-05-07,1981-09-15,862.0,,,Conservative,Margaret Thatcher,https://id.parliament.uk/9mJigEyv,57
Alick,Buchanan-Smith,Commons,"Minister of State (Ministry of Agriculture, Fisheries and Food)",1979-05-07,1983-06-13,1498.0,,,Conservative,Margaret Thatcher,https://id.parliament.uk/Hstd6UgP,727
David,Mather,Commons,Lord Commissioner (HM Treasury) (Whip),1979-05-07,1981-10-01,878.0,,,Conservative,Margaret Thatcher,https://id.parliament.uk/Vj43Ty1c,1315
Norman,Lamont,Commons,Parliamentary Under-Secretary (Department of Energy),1979-05-07,1981-09-05,852.0,,,Conservative,Margaret Thatcher,https://id.parliament.uk/SjERcCNu,895
Henry,Channon,Commons,Minister of State (Civil Service Department),1979-05-07,1981-01-04,608.0,,,Conservative,Margaret Thatcher,https://id.parliament.uk/MNbzKAyy,779
Keith,Joseph,Commons,Secretary of State for Industry,1979-05-07,1981-09-13,860.0,,,Conservative,Margaret Thatcher,https://id.parliament.uk/NGcXa023,2976
Patrick,Mayhew,Commons,Parliamentary Under-Secretary (Department of Employment),1979-05-07,1981-01-05,609.0,,,Conservative,Margaret Thatcher,https://id.parliament.uk/e7VHc97c,914
Spencer,Le Marchant,Commons,"Comptroller (HM Household) (Deputy Chief Whip, House of Commons)",1979-05-07,1981-09-29,876.0,,,Conservative,Margaret Thatcher,https://id.parliament.uk/AjM9EZmA,899
Peter,Fowler,Commons,Minister of State (Department for Transport),1979-05-11,1981-01-05,605.0,,,Conservative,Margaret Thatcher,https://id.parliament.uk/R3ZEnpii,315
Peter,Brooke,Commons,Assistant Whip (HM Treasury),1979-05-16,1981-09-30,868.0,,,Conservative,Margaret Thatcher,https://id.parliament.uk/roOxyfCY,154
Robert,Boscawen,Commons,Assistant Whip (HM Treasury),1979-05-16,1981-01-09,604.0,,,Conservative,Margaret Thatcher,https://id.parliament.uk/TzWqicsX,751
Antony,Newton,Commons,Assistant Whip (HM Treasury),1979-05-16,1981-09-30,868.0,,,Conservative,Margaret Thatcher,https://id.parliament.uk/zhRevA8R,925
David,Waddington,Commons,Lord Commissioner (HM Treasury) (Whip),1979-05-16,1981-01-05,600.0,,,Conservative,Margaret Thatcher,https://id.parliament.uk/LKXbst6v,722
John,Wakeham,Commons,Assistant Whip (HM Treasury),1979-05-16,1981-01-09,604.0,,,Conservative,Margaret Thatcher,https://id.parliament.uk/RrFvFH7m,1278
John,Cope,Commons,Assistant Whip (HM Treasury),1979-05-16,1981-01-09,604.0,,,Conservative,Margaret Thatcher,https://id.parliament.uk/9oBlXsXa,787
Harry,Marten,Commons,Minister of State (Foreign and Commonwealth Office) (Overseas Development),1979-10-08,1983-01-05,1185.0,,,Conservative,Margaret Thatcher,https://id.parliament.uk/oEuNOvf1,1178
Robert,Shirley,Lords,Deputy Leader of the House of Lords,1979-11-01,1983-05-31,1307.0,,,Conservative,Margaret Thatcher,https://id.parliament.uk/PXvyr1Ws,2761
John,Patten,Commons,Parliamentary Under-Secretary (Northern Ireland Office),1981-01-05,1983-06-13,889.0,,,Conservative,Margaret Thatcher,https://id.parliament.uk/1FMOJ00u,1137
Henry,Channon,Commons,Minister of State (Ministry for the Arts),1981-01-05,1983-06-12,888.0,,,Conservative,Margaret Thatcher,https://id.parliament.uk/MNbzKAyy,779
John,Shaw,Commons,Parliamentary Under-Secretary (Department of Environment),1981-01-05,1983-06-13,889.0,,,Conservative,Margaret Thatcher,https://id.parliament.uk/Jkv2h62I,1254
Philip,Goodhart,Commons,Parliamentary Under-Secretary (Ministry of Defence) (Army),1981-01-05,1981-05-29,144.0,,,Conservative,Margaret Thatcher,https://id.parliament.uk/6AKb5Pwr,846
David,Waddington,Commons,Parliamentary Under-Secretary (Department of Employment),1981-01-05,1983-01-06,731.0,,,Conservative,Margaret Thatcher,https://id.parliament.uk/LKXbst6v,722
Leon,Brittan,Commons,Chief Secretary to the Treasury,1981-01-05,1983-06-11,887.0,,,Conservative,Margaret Thatcher,https://id.parliament.uk/sEV4x8R1,709
John,Nott,Commons,Secretary of State for Defence,1981-01-05,1983-01-05,730.0,,,Conservative,Margaret Thatcher,https://id.parliament.uk/mM16LlhF,926
Peter,Fowler,Commons,Secretary of State for Transport,1981-01-05,1981-09-14,252.0,,,Conservative,Margaret Thatcher,https://id.parliament.uk/R3ZEnpii,315
David,Mitchell,Commons,Parliamentary Under-Secretary (Northern Ireland Office),1981-01-05,1983-06-13,889.0,,,Conservative,Margaret Thatcher,https://id.parliament.uk/MkMy9i7v,1184
Francis,Pym,Commons,Paymaster General (HM Treasury),1981-01-05,1981-09-13,251.0,,,Conservative,Margaret Thatcher,https://id.parliament.uk/gzClaQUx,3257
John,MacGregor,Commons,Parliamentary Under-Secretary (Department of Industry),1981-01-05,1983-06-14,890.0,,,Conservative,Margaret Thatcher,https://id.parliament.uk/x4is0fjM,131
Norman,Tebbit,Commons,Minister of State (Department of Industry),1981-01-05,1981-09-14,252.0,,,Conservative,Margaret Thatcher,https://id.parliament.uk/o1G8UbPL,952
Bernard,Hayhoe,Commons,Minister of State (Civil Service Department),1981-01-05,1981-11-12,311.0,,,Conservative,Margaret Thatcher,https://id.parliament.uk/H5sMqJAB,861
Kenneth,Baker,Commons,Minister of State (Department of Industry),1981-01-05,1983-06-12,888.0,,,Conservative,Margaret Thatcher,https://id.parliament.uk/0G6VnY9o,1028
Peter,Morrison,Commons,Parliamentary Under-Secretary (Department of Employment),1981-01-05,1983-06-13,889.0,,,Conservative,Margaret Thatcher,https://id.parliament.uk/9z6TNW0u,1277
Patrick,Mayhew,Commons,Minister of State (Home Office),1981-01-05,1983-06-13,889.0,,,Conservative,Margaret Thatcher,https://id.parliament.uk/e7VHc97c,914
Hugh,Rossi,Commons,Minister of State (Department of Health and Social Security) (Social Security),1981-01-05,1983-06-11,887.0,,,Conservative,Margaret Thatcher,https://id.parliament.uk/5huB2VwH,941
Adam,Butler,Commons,Minister of State (Northern Ireland Office),1981-01-05,1984-09-11,1345.0,,,Conservative,Margaret Thatcher,https://id.parliament.uk/pFjhV4YR,1093
Francis,Pym,Commons,Chancellor of the Duchy of Lancaster,1981-01-05,1981-10-26,294.0,,,Conservative,Margaret Thatcher,https://id.parliament.uk/gzClaQUx,3257
William,Biffen,Commons,Secretary of State for Trade,1981-01-05,1982-04-05,455.0,,,Conservative,Margaret Thatcher,https://id.parliament.uk/PPipv6bN,749
Donald,Thompson,Commons,Assistant Whip (HM Treasury),1981-01-09,1983-01-14,735.0,,,Conservative,Margaret Thatcher,https://id.parliament.uk/nXd2tRHI,1228
Alastair,Goodlad,Commons,Assistant Whip (HM Treasury),1981-01-09,1982-02-05,392.0,,,Conservative,Margaret Thatcher,https://id.parliament.uk/MhFkcAAB,670
John,Wakeham,Commons,Lord Commissioner (HM Treasury) (Whip),1981-01-09,1981-09-15,249.0,,,Conservative,Margaret Thatcher,https://id.parliament.uk/RrFvFH7m,1278
John,Cope,Commons,Lord Commissioner (HM Treasury) (Whip),1981-01-09,1983-06-13,885.0,,,Conservative,Margaret Thatcher,https://id.parliament.uk/9oBlXsXa,787
Robert,Boscawen,Commons,Lord Commissioner (HM Treasury) (Whip),1981-01-09,1983-02-17,769.0,,,Conservative,Margaret Thatcher,https://id.parliament.uk/TzWqicsX,751
John,Gummer,Commons,Assistant Whip (HM Treasury),1981-01-09,1981-09-30,264.0,,,Conservative,Margaret Thatcher,https://id.parliament.uk/1KIlbbma,4154
Kenneth,Clarke,Commons,Parliamentary Under-Secretary (Department for Transport) (Roads and Motoring),1981-05-01,1982-03-05,308.0,,,Conservative,Margaret Thatcher,https://id.parliament.uk/TyNGhslR,366
Geoffrey,Pattie,Commons,Parliamentary Under-Secretary (Ministry of Defence) (Procurement),1981-05-29,1983-01-05,586.0,,,Conservative,Margaret Thatcher,https://id.parliament.uk/ysrpb4bD,1230
Philip,Goodhart,Commons,Parliamentary Under-Secretary (Ministry of Defence) (Armed Forces),1981-05-29,1981-09-30,124.0,,,Conservative,Margaret Thatcher,https://id.parliament.uk/6AKb5Pwr,846
Peter,Blaker,Commons,Minister of State (Ministry of Defence),1981-05-29,1983-06-12,744.0,,,Conservative,Margaret Thatcher,https://id.parliament.uk/Dt1v38ti,750
Nigel,Lawson,Commons,Secretary of State for Energy,1981-09-14,1983-06-10,634.0,,,Conservative,Margaret Thatcher,https://id.parliament.uk/7MAn0Q3l,1039
James,Prior,Commons,Secretary of State for Northern Ireland,1981-09-14,1984-09-10,1092.0,,,Conservative,Margaret Thatcher,https://id.parliament.uk/mraBVJfH,1104
Peggy,Fenner,Commons,"Parliamentary Under-Secretary (Ministry of Agriculture, Fisheries and Food)",1981-09-14,1986-09-10,1822.0,,,Conservative,Margaret Thatcher,https://id.parliament.uk/9yQd5381,733
Janet,Young,Lords,Lord Privy Seal and Leader of the House of Lords,1981-09-14,1983-06-10,634.0,,,Conservative,Margaret Thatcher,https://id.parliament.uk/SdX90q1Z,1752
Cecil,Parkinson,Commons,Paymaster General (HM Treasury),1981-09-14,1983-06-10,634.0,,,Conservative,Margaret Thatcher,https://id.parliament.uk/j6FyF6ff,931
David,Howell,Commons,Secretary of State for Transport,1981-09-14,1983-06-11,635.0,,,Conservative,Margaret Thatcher,https://id.parliament.uk/jAgDv8hd,993
Francis,Pym,Commons,Lord President of the Council and Leader of the House Lords (Privy Council Office),1981-09-14,1982-04-06,204.0,,,Conservative,Margaret Thatcher,https://id.parliament.uk/gzClaQUx,3257
Norman,Lamont,Commons,Minister of State (Department of Industry),1981-09-14,1983-06-12,636.0,,,Conservative,Margaret Thatcher,https://id.parliament.uk/SjERcCNu,895
Charles,Jenkin,Commons,Secretary of State for Industry,1981-09-14,1983-06-12,636.0,,,Conservative,Margaret Thatcher,https://id.parliament.uk/Se3SjGlA,1097
Peter,Rees,Commons,Minister of State (Trade),1981-09-14,1983-06-12,636.0,,,Conservative,Margaret Thatcher,https://id.parliament.uk/Qs6kU4Yv,3270
Humphrey,Atkins,Commons,Lord Privy Seal,1981-09-14,1982-05-04,232.0,,,Conservative,Margaret Thatcher,https://id.parliament.uk/HRGLoHkG,970
Keith,Joseph,Commons,Secretary of State for Education and Science,1981-09-14,1986-05-20,1709.0,,,Conservative,Margaret Thatcher,https://id.parliament.uk/NGcXa023,2976
Peter,Fowler,Commons,Secretary of State for Health and Social Security,1981-09-14,1987-06-13,2098.0,,,Conservative,Margaret Thatcher,https://id.parliament.uk/R3ZEnpii,315
Norman,Tebbit,Commons,Secretary of State for Employment,1981-09-14,1983-10-15,761.0,,,Conservative,Margaret Thatcher,https://id.parliament.uk/o1G8UbPL,952
Alexander,Hore-Ruthven,Lords,Minister of State (Northern Ireland Office),1981-09-15,1983-06-10,633.0,,,Other,Margaret Thatcher,https://id.parliament.uk/fqDh25OI,3572
Geoffrey,Finsberg,Commons,Parliamentary Under-Secretary (Department of Health and Social Security),1981-09-15,1983-06-14,637.0,,,Conservative,Margaret Thatcher,https://id.parliament.uk/4YweEtIA,2933
David,Mellor,Commons,Parliamentary Under-Secretary (Department of Energy),1981-09-15,1983-01-06,478.0,,,Conservative,Margaret Thatcher,https://id.parliament.uk/jYLn1R21,1134
George,Young,Commons,Parliamentary Under-Secretary (Department of Environment),1981-09-15,1986-09-10,1821.0,,,Conservative,Margaret Thatcher,https://id.parliament.uk/9mJigEyv,57
John,Wakeham,Commons,Parliamentary Under-Secretary (Department of Industry),1981-09-15,1982-04-06,203.0,,,Conservative,Margaret Thatcher,https://id.parliament.uk/RrFvFH7m,1278
Alfred,Wiggin,Commons,Parliamentary Under-Secretary (Ministry of Defence) (Armed Forces),1981-09-15,1983-06-11,634.0,,,Conservative,Margaret Thatcher,https://id.parliament.uk/P94BFMen,1270
David,Macfarlane,Commons,Parliamentary Under-Secretary (Department of Environment) (Sport),1981-09-15,1985-09-02,1448.0,,,Conservative,Margaret Thatcher,https://id.parliament.uk/5dXtQUCD,1295
Iain,Sproat,Commons,Parliamentary Under-Secretary (Department of Trade),1981-09-15,1983-06-12,635.0,,,Conservative,Margaret Thatcher,https://id.parliament.uk/EMEy2taH,1190
William,Waldegrave,Commons,Parliamentary Under-Secretary (Department of Education and Science),1981-09-15,1983-06-13,636.0,,,Conservative,Margaret Thatcher,https://id.parliament.uk/i8lCvPZW,957
John,Stewart,Commons,Parliamentary Under-Secretary (Scottish Office),1981-09-15,1986-09-10,1821.0,,,Conservative,Margaret Thatcher,https://id.parliament.uk/ShEOHyeM,1239
John,Bruce-Gardyne,Commons,Minister of State (HM Treasury),1981-09-15,1981-11-11,57.0,,,Conservative,Margaret Thatcher,https://id.parliament.uk/gEmnDc36,3100
William,Shelton,Commons,Parliamentary Under-Secretary (Department of Education and Science),1981-09-15,1983-06-13,636.0,,,Conservative,Margaret Thatcher,https://id.parliament.uk/lVlZE7QC,1294
Michael,Alison,Commons,Minister of State (Department of Employment),1981-09-15,1983-06-13,636.0,,,Conservative,Margaret Thatcher,https://id.parliament.uk/0BegVILq,736
Nicholas,Scott,Commons,Parliamentary Under-Secretary (Northern Ireland Office),1981-09-15,1986-09-11,1822.0,,,Conservative,Margaret Thatcher,https://id.parliament.uk/NyfMggUv,1229
Anthony,Berry,Commons,Comptroller (HM Household),1981-09-30,1983-02-16,504.0,,,Conservative,Margaret Thatcher,https://id.parliament.uk/7oyw6nKb,1083
David,Hunt,Commons,Assistant Whip (HM Treasury),1981-09-30,1983-02-22,510.0,,,Conservative,Margaret Thatcher,https://id.parliament.uk/r8raAEpb,994
Ian,Lang,Commons,Assistant Whip (HM Treasury),1981-09-30,1983-06-10,618.0,,,Conservative,Margaret Thatcher,https://id.parliament.uk/YrlabEUV,896
David,Mather,Commons,"Vice Chamberlain (HM Household) (Whip, House of Commons)",1981-09-30,1983-02-16,504.0,,,Conservative,Margaret Thatcher,https://id.parliament.uk/Vj43Ty1c,1315
Nicholas,Ridley,Commons,Financial Secretary (HM Treasury),1981-09-30,1983-10-16,746.0,,,Conservative,Margaret Thatcher,https://id.parliament.uk/pudylhrb,1304
Nicholas,Budgen,Commons,Assistant Whip (HM Treasury),1981-09-30,1982-05-08,220.0,,,Conservative,Margaret Thatcher,https://id.parliament.uk/nAJ6F3XO,766
Richard,Luce,Commons,Minister of State (Foreign and Commonwealth Office),1981-09-30,1982-04-05,187.0,,,Conservative,Margaret Thatcher,https://id.parliament.uk/53Ye2Prw,908
Peter,Brooke,Commons,Lord Commissioner (HM Treasury) (Whip),1981-10-01,1983-06-13,620.0,,,Conservative,Margaret Thatcher,https://id.parliament.uk/roOxyfCY,154
Antony,Newton,Commons,Lord Commissioner (HM Treasury) (Whip),1981-10-01,1982-03-05,155.0,,,Conservative,Margaret Thatcher,https://id.parliament.uk/zhRevA8R,925
John,Gummer,Commons,Lord Commissioner (HM Treasury) (Whip),1981-10-01,1983-01-06,462.0,,,Conservative,Margaret Thatcher,https://id.parliament.uk/1KIlbbma,4154
Bernard,Hayhoe,Commons,Minister of State (HM Treasury),1981-11-11,1985-09-02,1391.0,,,Conservative,Margaret Thatcher,https://id.parliament.uk/H5sMqJAB,861
John,Bruce-Gardyne,Commons,Economic Secretary (HM Treasury),1981-11-11,1983-06-13,579.0,,,Conservative,Margaret Thatcher,https://id.parliament.uk/gEmnDc36,3100
Peter,Fraser,Commons,Solicitor-General Scotland,1982-01-28,1989-01-03,2532.0,,,Conservative,Margaret Thatcher,https://id.parliament.uk/JyFjqhP7,1128
Alastair,Goodlad,Commons,Lord Commissioner (HM Treasury) (Whip),1982-02-16,1984-09-10,937.0,,,Conservative,Margaret Thatcher,https://id.parliament.uk/MhFkcAAB,670
Lynda,Chalker,Commons,Parliamentary Under-Secretary (Department for Transport),1982-03-05,1983-10-18,592.0,,,Conservative,Margaret Thatcher,https://id.parliament.uk/8gRwq4gR,778
Antony,Newton,Commons,Parliamentary Under-Secretary (Department of Health and Social Security),1982-03-05,1984-09-11,921.0,,,Conservative,Margaret Thatcher,https://id.parliament.uk/zhRevA8R,925
Gerard,Vaughan,Commons,Minister of State (Consumer Affairs),1982-03-05,1983-06-13,465.0,,,Conservative,Margaret Thatcher,https://id.parliament.uk/Q9OwDeZe,1255
Reginald,Eyre,Commons,Parliamentary Under-Secretary (Department for Transport),1982-03-05,1983-06-11,463.0,,,Conservative,Margaret Thatcher,https://id.parliament.uk/rh3YldoA,1049
Kenneth,Clarke,Commons,Minister of State (Department of Health),1982-03-05,1985-09-01,1276.0,,,Conservative,Margaret Thatcher,https://id.parliament.uk/TyNGhslR,366
William,Garel-Jones,Commons,Assistant Whip (HM Treasury),1982-03-16,1983-06-10,451.0,,,Conservative,Margaret Thatcher,https://id.parliament.uk/rZtzw0L7,840
Cranley,Onslow,Commons,Minister of State (Foreign and Commonwealth Office),1982-04-05,1983-06-13,434.0,,,Conservative,Margaret Thatcher,https://id.parliament.uk/rTSX8vRD,3202
Francis,Pym,Commons,Foreign Secretary,1982-04-06,1983-06-10,430.0,,,Conservative,Margaret Thatcher,https://id.parliament.uk/gzClaQUx,3257
Cecil,Parkinson,Commons,Chancellor of the Duchy of Lancaster,1982-04-06,1983-06-11,431.0,,,Conservative,Margaret Thatcher,https://id.parliament.uk/j6FyF6ff,931
John,Wakeham,Commons,Minister of State (HM Treasury),1982-04-06,1983-06-13,433.0,,,Conservative,Margaret Thatcher,https://id.parliament.uk/RrFvFH7m,1278
John,Butcher,Commons,Parliamentary Under-Secretary (Department of Industry),1982-04-06,1983-06-14,434.0,,,Conservative,Margaret Thatcher,https://id.parliament.uk/GWdgeADQ,1123
Malcolm,Rifkind,Commons,Parliamentary Under-Secretary (Foreign and Commonwealth Office) (Overseas Development),1982-04-06,1983-06-12,432.0,,,Conservative,Margaret Thatcher,https://id.parliament.uk/Os58GI3o,1191
John,Mackay,Commons,Parliamentary Under-Secretary (Scottish Office),1982-04-06,1987-06-14,1895.0,,,Conservative,Margaret Thatcher,https://id.parliament.uk/dsWW1dAZ,1133
William,Biffen,Commons,Lord President of the Council (Privy Council Office),1982-04-07,1983-06-10,429.0,,,Conservative,Margaret Thatcher,https://id.parliament.uk/PPipv6bN,749
William,Biffen,Commons,Leader of the House of Commons,1982-04-07,1987-06-13,1893.0,,,Conservative,Margaret Thatcher,https://id.parliament.uk/PPipv6bN,749
Archibald,Hamilton,Commons,Assistant Whip (HM Treasury),1982-05-11,1984-10-03,876.0,,,Conservative,Margaret Thatcher,https://id.parliament.uk/rmgoOXtj,100
James,Gray,Commons,Minister of State (Scottish Office),1983-01-01,1986-01-01,1096.0,,,Conservative,Margaret Thatcher,https://id.parliament.uk/2qxhX3mD,1017
John,Gummer,Commons,Parliamentary Under-Secretary (Department of Employment),1983-01-06,1983-10-18,285.0,,,Conservative,Margaret Thatcher,https://id.parliament.uk/1KIlbbma,4154
Bernard,Stewart,Commons,Parliamentary Under-Secretary (Ministry of Defence) (Procurement),1983-01-06,1983-10-17,284.0,,,Conservative,Margaret Thatcher,https://id.parliament.uk/VMfJpo56,986
Thomas,King,Commons,Secretary of State for Environment,1983-01-06,1983-06-10,155.0,,,Conservative,Margaret Thatcher,https://id.parliament.uk/YQNFoAVs,254
Michael,Heseltine,Commons,Secretary of State for Defence,1983-01-06,1986-01-08,1098.0,,,Conservative,Margaret Thatcher,https://id.parliament.uk/HDWaJnag,94
Timothy,Raison,Commons,Minister of State (Foreign and Commonwealth Office) (Overseas Development),1983-01-06,1986-09-09,1342.0,,,Conservative,Margaret Thatcher,https://id.parliament.uk/oSxegE0l,935
Geoffrey,Pattie,Commons,Minister of State (Ministry of Defence) (Procurement),1983-01-06,1984-09-10,613.0,,,Conservative,Margaret Thatcher,https://id.parliament.uk/ysrpb4bD,1230
David,Mellor,Commons,Parliamentary Under-Secretary (Home Office),1983-01-06,1986-09-10,1343.0,,,Conservative,Margaret Thatcher,https://id.parliament.uk/jYLn1R21,1134
David,Waddington,Commons,Minister of State (Home Office),1983-01-06,1987-06-13,1619.0,,,Conservative,Margaret Thatcher,https://id.parliament.uk/LKXbst6v,722
John,Major,Commons,Assistant Whip (HM Treasury),1983-01-14,1984-10-02,627.0,,,Conservative,Margaret Thatcher,https://id.parliament.uk/FAnd5djo,119
Donald,Thompson,Commons,Lord Commissioner (HM Treasury) (Whip),1983-01-14,1986-09-10,1335.0,,,Conservative,Margaret Thatcher,https://id.parliament.uk/nXd2tRHI,1228
Anthony,Berry,Commons,Deputy Chief Whip and Treasurer,1983-02-17,1983-06-10,113.0,,,Conservative,Margaret Thatcher,https://id.parliament.uk/7oyw6nKb,1083
Robert,Boscawen,Commons,Vice-Chamberlain (HM Household),1983-02-17,1986-10-15,1336.0,,,Conservative,Margaret Thatcher,https://id.parliament.uk/TzWqicsX,751
David,Mather,Commons,"Comptroller (HM Household) (Deputy Chief Whip, House of Commons)",1983-02-17,1986-10-15,1336.0,,,Conservative,Margaret Thatcher,https://id.parliament.uk/Vj43Ty1c,1315
John,Stradling Thomas,Commons,Minister of State (Welsh Office),1983-02-17,1985-06-14,848.0,,,Conservative,Margaret Thatcher,https://id.parliament.uk/vyBH37V3,724
Douglas,Hogg,Commons,Assistant Whip (HM Treasury),1983-02-22,1984-10-10,596.0,,,Conservative,Margaret Thatcher,https://id.parliament.uk/w01cXpnf,349
David,Hunt,Commons,Lord Commissioner (HM Treasury) (Whip),1983-02-23,1984-09-10,565.0,,,Conservative,Margaret Thatcher,https://id.parliament.uk/r8raAEpb,994
John,Ganzoni,Lords,Deputy Leader of the House of Lords,1983-06-01,1987-12-31,1674.0,,,Conservative,Margaret Thatcher,https://id.parliament.uk/RGKR7Bzh,3527
William,Garel-Jones,Commons,Lord Commissioner (HM Treasury) (Whip),1983-06-11,1986-10-16,1223.0,,,Conservative,Margaret Thatcher,https://id.parliament.uk/rZtzw0L7,840
Peter,Walker,Commons,Secretary of State for Energy,1983-06-11,1987-06-12,1462.0,,,Conservative,Margaret Thatcher,https://id.parliament.uk/4eJ0v0w4,1045
Richard,Luce,Commons,Minister of State (Foreign and Commonwealth Office),1983-06-11,1985-09-02,814.0,,,Conservative,Margaret Thatcher,https://id.parliament.uk/53Ye2Prw,908
Thomas,King,Commons,Secretary of State for Transport,1983-06-11,1983-10-16,127.0,,,Conservative,Margaret Thatcher,https://id.parliament.uk/YQNFoAVs,254
Thomas,Jopling,Commons,"Minister of State (Ministry of Agriculture, Fisheries and Food)",1983-06-11,1987-06-12,1462.0,,,Conservative,Margaret Thatcher,https://id.parliament.uk/yyQe6SJm,883
David,Mitchell,Commons,Parliamentary Under-Secretary (Department for Transport),1983-06-11,1986-01-23,957.0,,,Conservative,Margaret Thatcher,https://id.parliament.uk/MkMy9i7v,1184
William,Biffen,Commons,Lord Privy Seal (Privy Council Office),1983-06-11,1987-06-12,1462.0,,,Conservative,Margaret Thatcher,https://id.parliament.uk/PPipv6bN,749
Leon,Brittan,Commons,Home Secretary,1983-06-11,1985-09-02,814.0,,,Conservative,Margaret Thatcher,https://id.parliament.uk/sEV4x8R1,709
Richard,Howe,Commons,Foreign Secretary,1983-06-11,1989-07-23,2234.0,,,Conservative,Margaret Thatcher,https://id.parliament.uk/Ta7hlBXe,872
Ian,Lang,Commons,Lord Commissioner (HM Treasury) (Whip),1983-06-11,1986-02-01,966.0,,,Conservative,Margaret Thatcher,https://id.parliament.uk/YrlabEUV,896
John,Cope,Commons,Treasurer of HM Household (Deputy Chief Whip),1983-06-11,1987-06-14,1464.0,,,Conservative,Margaret Thatcher,https://id.parliament.uk/9oBlXsXa,787
Charles,Jenkin,Commons,Secretary of State for Environment,1983-06-11,1985-09-01,813.0,,,Conservative,Margaret Thatcher,https://id.parliament.uk/Se3SjGlA,1097
William,Whitelaw,Lords,Lord President of the Council and Leader of the House of Lords (Privy Council Office),1983-06-11,1988-01-09,1673.0,,,Conservative,Margaret Thatcher,https://id.parliament.uk/6LEjNWW7,1722
Nigel,Lawson,Commons,Chancellor of the Exchequer,1983-06-11,1989-10-25,2328.0,,,Conservative,Margaret Thatcher,https://id.parliament.uk/7MAn0Q3l,1039
John,Wakeham,Commons,Parliamentary Secretary to the Treasury (Chief Whip),1983-06-11,1987-06-12,1462.0,,,Conservative,Margaret Thatcher,https://id.parliament.uk/RrFvFH7m,1278
William,Whitelaw,Commons,Lord President of the Council and Leader of the House of Lords (Privy Council Office),1983-06-11,1988-01-09,1673.0,,,Conservative,Margaret Thatcher,https://id.parliament.uk/6LEjNWW7,1722
Patrick,Mayhew,Commons,Solicitor-General,1983-06-11,1987-06-14,1464.0,,,Conservative,Margaret Thatcher,https://id.parliament.uk/e7VHc97c,914
Peter,Rees,Commons,Chief Secretary to the Treasury,1983-06-11,1985-09-01,813.0,,,Conservative,Margaret Thatcher,https://id.parliament.uk/Qs6kU4Yv,3270
Rhodes,Boyson,Commons,Minister of State (Department of Health and Social Security) (Social Security),1983-06-12,1984-09-10,456.0,,,Conservative,Margaret Thatcher,https://id.parliament.uk/ZMaZcVEU,756
Cecil,Parkinson,Commons,Secretary of State for Trade,1983-06-12,1983-10-15,125.0,,,Conservative,Margaret Thatcher,https://id.parliament.uk/j6FyF6ff,931
John,Stanley,Commons,Minister of State (Ministry of Defence) (Minister for the Armed Forces),1983-06-13,1987-06-12,1460.0,,,Conservative,Margaret Thatcher,https://id.parliament.uk/wcZ0EzWM,91
Robert,Dunn,Commons,Parliamentary Under-Secretary (Department of Education and Science),1983-06-13,1988-07-26,1870.0,,,Conservative,Margaret Thatcher,https://id.parliament.uk/tGB7J0aH,1194
Malcolm,Rifkind,Commons,Minister of State (Foreign and Commonwealth Office),1983-06-13,1986-01-11,943.0,,,Conservative,Margaret Thatcher,https://id.parliament.uk/Os58GI3o,1191
Norman,Lamont,Commons,Minister of State (Department of Trade and Industry),1983-06-13,1985-09-02,812.0,,,Conservative,Margaret Thatcher,https://id.parliament.uk/SjERcCNu,895
John,Shaw,Commons,Parliamentary Under-Secretary (Department of Energy),1983-06-13,1984-09-11,456.0,,,Conservative,Margaret Thatcher,https://id.parliament.uk/Jkv2h62I,1254
Peter,Morrison,Commons,Minister of State (Department of Employment),1983-06-13,1985-09-02,812.0,,,Conservative,Margaret Thatcher,https://id.parliament.uk/9z6TNW0u,1277
Raymond,Whitney,Commons,Parliamentary Under-Secretary (Foreign and Commonwealth Office),1983-06-13,1984-09-10,455.0,,,Conservative,Margaret Thatcher,https://id.parliament.uk/SINPL8vM,21
William,Waldegrave,Commons,Parliamentary Under-Secretary (Department of Environment),1983-06-13,1985-09-02,812.0,,,Conservative,Margaret Thatcher,https://id.parliament.uk/i8lCvPZW,957
Douglas,Hurd,Commons,Minister of State (Home Office),1983-06-13,1984-09-11,456.0,,,Conservative,Margaret Thatcher,https://id.parliament.uk/7Ep6IlO4,875
Ian,Gow,Commons,Minister of State (Department of Environment) (Housing),1983-06-13,1985-09-01,811.0,,,Conservative,Margaret Thatcher,https://id.parliament.uk/o0MfK8VL,718
John,Moore,Commons,Economic Secretary (HM Treasury),1983-06-13,1983-10-17,126.0,,,Conservative,Margaret Thatcher,https://id.parliament.uk/eB5IkwTu,1022
John,MacGregor,Commons,"Minister of State (Ministry of Agriculture, Fisheries and Food)",1983-06-13,1985-09-02,812.0,,,Conservative,Margaret Thatcher,https://id.parliament.uk/x4is0fjM,131
Peter,Brooke,Commons,Parliamentary Under-Secretary (Department of Education and Science),1983-06-13,1985-11-19,890.0,,,Conservative,Margaret Thatcher,https://id.parliament.uk/roOxyfCY,154
Henry,Channon,Commons,Minister of State (Department of Trade and Industry),1983-06-13,1986-01-23,955.0,,,Conservative,Margaret Thatcher,https://id.parliament.uk/MNbzKAyy,779
Alan,Clark,Commons,Parliamentary Under-Secretary (Department of Employment),1983-06-13,1986-01-24,956.0,,,Conservative,Margaret Thatcher,https://id.parliament.uk/K1KKrCup,673
William,Murray,Lords,Minister of State (Northern Ireland Office),1983-06-13,1984-04-12,304.0,,,Conservative,Margaret Thatcher,https://id.parliament.uk/JssxShRL,1838
Michael,Ancram,Commons,Parliamentary Under-Secretary (Scottish Office),1983-06-13,1987-06-14,1462.0,,,Conservative,Margaret Thatcher,https://id.parliament.uk/eGl33Tri,259
Alick,Buchanan-Smith,Commons,Minister of State (Department of Energy),1983-06-13,1987-06-12,1460.0,,,Conservative,Margaret Thatcher,https://id.parliament.uk/Hstd6UgP,727
Kenneth,Baker,Commons,Minister of State (Industry & Information Technology),1983-06-13,1984-09-10,455.0,,,Conservative,Margaret Thatcher,https://id.parliament.uk/0G6VnY9o,1028
David,Trippier,Commons,Parliamentary Under-Secretary (Department of Trade and Industry),1983-06-14,1985-09-02,811.0,,,Conservative,Margaret Thatcher,https://id.parliament.uk/qi5Jyk4V,955
Alexander,Fletcher,Commons,Parliamentary Under-Secretary (Department of Trade and Industry),1983-06-14,1985-09-02,811.0,,,Conservative,Margaret Thatcher,https://id.parliament.uk/WrXsygxt,983
Christopher,Patten,Commons,Parliamentary Under-Secretary (Northern Ireland Office),1983-06-14,1985-09-02,811.0,,,Conservative,Margaret Thatcher,https://id.parliament.uk/dR7pHK36,1136
John,Patten,Commons,Parliamentary Under-Secretary (Department of Health and Social Security),1983-06-14,1985-09-02,811.0,,,Conservative,Margaret Thatcher,https://id.parliament.uk/1FMOJ00u,1137
John,Butcher,Commons,Parliamentary Under-Secretary (Department of Trade and Industry),1983-06-14,1988-07-26,1869.0,,,Conservative,Margaret Thatcher,https://id.parliament.uk/GWdgeADQ,1123
Timothy,Sainsbury,Commons,Assistant Whip (HM Treasury),1983-06-15,1985-10-07,845.0,,,Conservative,Margaret Thatcher,https://id.parliament.uk/aJpur8Db,943
Michael,Neubert,Commons,Assistant Whip (HM Treasury),1983-06-15,1986-02-09,970.0,,,Conservative,Margaret Thatcher,https://id.parliament.uk/XAkRe7E1,1257
Nicholas,Ridley,Commons,Secretary of State for Transport,1983-10-16,1986-05-21,948.0,,,Conservative,Margaret Thatcher,https://id.parliament.uk/pudylhrb,1304
Thomas,King,Commons,Secretary of State for Employment,1983-10-16,1985-09-01,686.0,,,Conservative,Margaret Thatcher,https://id.parliament.uk/YQNFoAVs,254
Norman,Tebbit,Commons,Secretary of State for Trade,1983-10-16,1985-09-01,686.0,,,Conservative,Margaret Thatcher,https://id.parliament.uk/o1G8UbPL,952
Lynda,Chalker,Commons,Minister of State (Department for Transport),1983-10-18,1986-01-10,815.0,,,Conservative,Margaret Thatcher,https://id.parliament.uk/8gRwq4gR,778
John,Lee,Commons,Parliamentary Under-Secretary (Ministry of Defence) (Procurement),1983-10-18,1986-09-09,1057.0,,,Conservative,Margaret Thatcher,https://id.parliament.uk/ZKkusgzB,1132
John,Gummer,Commons,Minister of State (Department of Employment),1983-10-18,1984-09-11,329.0,,,Conservative,Margaret Thatcher,https://id.parliament.uk/1KIlbbma,4154
Bernard,Stewart,Commons,Economic Secretary (HM Treasury),1983-10-18,1987-06-12,1333.0,,,Conservative,Margaret Thatcher,https://id.parliament.uk/VMfJpo56,986
John,Moore,Commons,Financial Secretary (HM Treasury),1983-10-18,1986-05-20,945.0,,,Conservative,Margaret Thatcher,https://id.parliament.uk/eB5IkwTu,1022
Kenneth,Baker,Commons,Minister of State (Department of Environment) (Local Government),1984-09-11,1985-09-01,355.0,,,Conservative,Margaret Thatcher,https://id.parliament.uk/0G6VnY9o,1028
Adam,Butler,Commons,Minister of State (Ministry of Defence) (Procurement),1984-09-11,1985-09-01,355.0,,,Conservative,Margaret Thatcher,https://id.parliament.uk/pFjhV4YR,1093
Geoffrey,Pattie,Commons,Minister of State (Industry & Information Technology),1984-09-11,1987-06-12,1004.0,,,Conservative,Margaret Thatcher,https://id.parliament.uk/ysrpb4bD,1230
David,Hunt,Commons,Parliamentary Under-Secretary (Department of Energy),1984-09-11,1987-06-13,1005.0,,,Conservative,Margaret Thatcher,https://id.parliament.uk/r8raAEpb,994
John,Shaw,Commons,Minister of State (Home Office),1984-09-11,1986-09-10,729.0,,,Conservative,Margaret Thatcher,https://id.parliament.uk/Jkv2h62I,1254
Rhodes,Boyson,Commons,Minister of State (Northern Ireland Office),1984-09-11,1986-09-10,729.0,,,Conservative,Margaret Thatcher,https://id.parliament.uk/ZMaZcVEU,756
Antony,Newton,Commons,Minister of State (Department of Health and Social Security) (Social Security and Disabled),1984-09-11,1986-09-09,728.0,,,Conservative,Margaret Thatcher,https://id.parliament.uk/zhRevA8R,925
Ronald,Renton,Commons,Parliamentary Under-Secretary (Foreign and Commonwealth Office),1984-09-11,1985-09-01,355.0,,,Conservative,Margaret Thatcher,https://id.parliament.uk/9X4lzljh,937
Douglas,Hurd,Commons,Secretary of State for Northern Ireland,1984-09-11,1985-09-02,356.0,,,Conservative,Margaret Thatcher,https://id.parliament.uk/7Ep6IlO4,875
Alastair,Goodlad,Commons,Parliamentary Under-Secretary (Department of Energy),1984-09-11,1987-06-13,1005.0,,,Conservative,Margaret Thatcher,https://id.parliament.uk/MhFkcAAB,670
William,Spicer,Commons,Parliamentary Under-Secretary (Department for Transport),1984-09-11,1987-06-13,1005.0,,,Conservative,Margaret Thatcher,https://id.parliament.uk/W4VcU9be,270
John,Gummer,Commons,Paymaster General (HM Treasury),1984-09-11,1985-09-01,355.0,,,Conservative,Margaret Thatcher,https://id.parliament.uk/1KIlbbma,4154
Peter,Bottomley,Commons,Parliamentary Under-Secretary (Department of Employment),1984-09-11,1986-01-23,499.0,,,Conservative,Margaret Thatcher,https://id.parliament.uk/li6Q8zGh,117
Raymond,Whitney,Commons,Parliamentary Under-Secretary (Department of Health),1984-09-11,1986-09-10,729.0,,,Conservative,Margaret Thatcher,https://id.parliament.uk/SINPL8vM,21
Archibald,Hamilton,Commons,Lord Commissioner (HM Treasury) (Whip),1984-10-03,1986-09-10,707.0,,,Conservative,Margaret Thatcher,https://id.parliament.uk/rmgoOXtj,100
Robert,Durant,Commons,Assistant Whip (HM Treasury),1984-10-03,1986-10-16,743.0,,,Conservative,Margaret Thatcher,https://id.parliament.uk/a4py8MMB,1054
John,Major,Commons,Lord Commissioner (HM Treasury) (Whip),1984-10-03,1985-11-01,394.0,,,Conservative,Margaret Thatcher,https://id.parliament.uk/FAnd5djo,119
Peter,Lloyd,Commons,Assistant Whip (HM Treasury),1984-10-03,1986-10-16,743.0,,,Conservative,Margaret Thatcher,https://id.parliament.uk/W5D5rUCg,51
Mark,Lennox-Boyd,Commons,Assistant Whip (HM Treasury),1984-10-03,1986-10-16,743.0,,,Conservative,Margaret Thatcher,https://id.parliament.uk/bEotvzzm,902
Angela,Rumbold,Commons,Parliamentary Under-Secretary (Department of Environment),1985-09-02,1986-09-10,373.0,,,Conservative,Margaret Thatcher,https://id.parliament.uk/HifLaRVz,1226
Peter,Morrison,Commons,Minister of State (Department of Trade and Industry),1985-09-02,1986-06-13,284.0,,,Conservative,Margaret Thatcher,https://id.parliament.uk/9z6TNW0u,1277
Ronald,Renton,Commons,Minister of State (Foreign and Commonwealth Office),1985-09-02,1987-06-13,649.0,,,Conservative,Margaret Thatcher,https://id.parliament.uk/9X4lzljh,937
Ian,Gow,Commons,Minister of State (HM Treasury),1985-09-02,1985-11-19,78.0,,,Conservative,Margaret Thatcher,https://id.parliament.uk/o0MfK8VL,718
John,Patten,Commons,Minister of State (Department of Environment) (Housing),1985-09-02,1987-06-12,648.0,,,Conservative,Margaret Thatcher,https://id.parliament.uk/1FMOJ00u,1137
Norman,Lamont,Commons,Minister of State (Ministry of Defence) (Procurement),1985-09-02,1986-05-20,260.0,,,Conservative,Margaret Thatcher,https://id.parliament.uk/SjERcCNu,895
John,MacGregor,Commons,Chief Secretary to the Treasury,1985-09-02,1987-06-12,648.0,,,Conservative,Margaret Thatcher,https://id.parliament.uk/x4is0fjM,131
Malcolm,Sinclair,Lords,Parliamentary Under-Secretary (Department for Transport),1985-09-02,1986-09-10,373.0,,,Conservative,Margaret Thatcher,https://id.parliament.uk/BJCRqlfb,3310
Michael,Howard,Commons,Parliamentary Under-Secretary (Department of Trade and Industry),1985-09-02,1987-06-13,649.0,,,Conservative,Margaret Thatcher,https://id.parliament.uk/oCUMaUL5,82
David,Trippier,Commons,Parliamentary Under-Secretary (Department of Employment),1985-09-02,1987-06-13,649.0,,,Conservative,Margaret Thatcher,https://id.parliament.uk/qi5Jyk4V,955
John,Gummer,Commons,"Minister of State (Ministry of Agriculture, Fisheries and Food)",1985-09-02,1988-07-26,1058.0,,,Conservative,Margaret Thatcher,https://id.parliament.uk/1KIlbbma,4154
Leon,Brittan,Commons,President of the Board of Trade,1985-09-02,1986-01-16,136.0,,,Conservative,Margaret Thatcher,https://id.parliament.uk/sEV4x8R1,709
Bernard,Hayhoe,Commons,Minister of State (Department of Health and Social Security),1985-09-02,1986-09-09,372.0,,,Conservative,Margaret Thatcher,https://id.parliament.uk/H5sMqJAB,861
Richard,Luce,Commons,Minister (Privy Council Office) (Arts),1985-09-02,1990-07-23,1785.0,,,Conservative,Margaret Thatcher,https://id.parliament.uk/53Ye2Prw,908
John,Major,Commons,Parliamentary Under-Secretary (Department of Health and Social Security),1985-09-02,1986-09-10,373.0,,,Conservative,Margaret Thatcher,https://id.parliament.uk/FAnd5djo,119
William,Waldegrave,Commons,Minister of State (Department of Environment) (Local Government),1985-09-02,1986-09-09,372.0,,,Conservative,Margaret Thatcher,https://id.parliament.uk/i8lCvPZW,957
Kenneth,Baker,Commons,Secretary of State for Environment,1985-09-02,1986-05-20,260.0,,,Conservative,Margaret Thatcher,https://id.parliament.uk/0G6VnY9o,1028
Kenneth,Clarke,Commons,Paymaster General (HM Treasury),1985-09-02,1987-06-12,648.0,,,Conservative,Margaret Thatcher,https://id.parliament.uk/TyNGhslR,366
Timothy,Eggar,Commons,Parliamentary Under-Secretary (Foreign and Commonwealth Office),1985-09-02,1989-07-23,1420.0,,,Conservative,Margaret Thatcher,https://id.parliament.uk/mELBe96T,814
Kenneth,Clarke,Commons,Secretary of State for Employment,1985-09-02,1987-06-13,649.0,,,Conservative,Margaret Thatcher,https://id.parliament.uk/TyNGhslR,366
Richard,Needham,Commons,Parliamentary Under-Secretary (Northern Ireland Office),1985-09-03,1992-04-15,2416.0,,,Conservative,Margaret Thatcher,https://id.parliament.uk/tUYIkKty,1271
Thomas,King,Commons,Secretary of State for Northern Ireland,1985-09-03,1989-07-23,1419.0,,,Conservative,Margaret Thatcher,https://id.parliament.uk/YQNFoAVs,254
Douglas,Hurd,Commons,Home Secretary,1985-09-03,1989-10-25,1513.0,,,Conservative,Margaret Thatcher,https://id.parliament.uk/7Ep6IlO4,875
Norman,Tebbit,Commons,Chancellor of the Duchy of Lancaster,1985-09-03,1987-06-12,647.0,,,Conservative,Margaret Thatcher,https://id.parliament.uk/o1G8UbPL,952
Christopher,Patten,Commons,Minister of State (Department of Education and Science),1985-09-05,1986-09-10,370.0,,,Conservative,Margaret Thatcher,https://id.parliament.uk/dR7pHK36,1136
Richard,Tracey,Commons,Parliamentary Under-Secretary (Department of Environment) (Sport),1985-09-07,1987-06-13,644.0,,,Conservative,Margaret Thatcher,https://id.parliament.uk/21bmFCXn,1260
Mark,Robinson,Commons,Parliamentary Under-Secretary (Welsh Office),1985-10-03,1987-06-15,620.0,,,Conservative,Margaret Thatcher,https://id.parliament.uk/OIAHfSxv,1154
Timothy,Sainsbury,Commons,Lord Commissioner (HM Treasury) (Whip),1985-10-07,1987-06-23,624.0,,,Conservative,Margaret Thatcher,https://id.parliament.uk/aJpur8Db,943
Francis,Maude,Commons,Assistant Whip (HM Treasury),1985-10-07,1987-06-15,616.0,,,Conservative,Margaret Thatcher,https://id.parliament.uk/XrxW6kpF,115
George,Walden,Commons,Parliamentary Under-Secretary (Department of Education and Science),1985-11-19,1987-06-13,571.0,,,Conservative,Margaret Thatcher,https://id.parliament.uk/hLAyOnAS,958
Peter,Brooke,Commons,Minister of State (HM Treasury),1985-11-19,1987-06-13,571.0,,,Conservative,Margaret Thatcher,https://id.parliament.uk/roOxyfCY,154
George,Younger,Commons,Secretary of State for Defence,1986-01-09,1989-07-23,1291.0,,,Conservative,Margaret Thatcher,https://id.parliament.uk/GAaGEDAS,969
Malcolm,Rifkind,Commons,Secretary of State for Scottish Office,1986-01-11,1990-11-28,1782.0,,,Conservative,Margaret Thatcher,https://id.parliament.uk/Os58GI3o,1191
Lynda,Chalker,Commons,Minister of State (Foreign and Commonwealth Office),1986-01-11,1989-07-24,1290.0,,,Conservative,Margaret Thatcher,https://id.parliament.uk/8gRwq4gR,778
David,Mitchell,Commons,Minister of State (Department for Transport),1986-01-23,1988-07-25,914.0,,,Conservative,Margaret Thatcher,https://id.parliament.uk/MkMy9i7v,1184
Peter,Bottomley,Commons,Parliamentary Under-Secretary (Department for Transport),1986-01-23,1989-07-24,1278.0,,,Conservative,Margaret Thatcher,https://id.parliament.uk/li6Q8zGh,117
Henry,Channon,Commons,Secretary of State for Trade,1986-01-24,1987-06-12,504.0,,,Conservative,Margaret Thatcher,https://id.parliament.uk/MNbzKAyy,779
Alan,Clark,Commons,Minister of State (Department of Trade and Industry),1986-01-24,1989-07-24,1277.0,,,Conservative,Margaret Thatcher,https://id.parliament.uk/K1KKrCup,673
Ian,Lang,Commons,Parliamentary Under-Secretary (Department of Employment),1986-01-31,1986-09-10,222.0,,,Conservative,Margaret Thatcher,https://id.parliament.uk/YrlabEUV,896
Peter,Malone,Commons,Assistant Whip (HM Treasury),1986-02-10,1987-06-15,490.0,,,Conservative,Margaret Thatcher,https://id.parliament.uk/z7dH1VAp,1272
Michael,Neubert,Commons,Lord Commissioner (HM Treasury) (Whip),1986-02-10,1988-07-26,897.0,,,Conservative,Margaret Thatcher,https://id.parliament.uk/XAkRe7E1,1257
Roger,Freeman,Commons,Parliamentary Under-Secretary (Ministry of Defence) (Armed Forces),1986-05-21,1988-12-15,939.0,,,Conservative,Margaret Thatcher,https://id.parliament.uk/eTZqW0Kg,836
Nicholas,Ridley,Commons,Secretary of State for Environment,1986-05-21,1989-07-23,1159.0,,,Conservative,Margaret Thatcher,https://id.parliament.uk/pudylhrb,1304
Norman,Lamont,Commons,Financial Secretary (HM Treasury),1986-05-21,1989-07-23,1159.0,,,Conservative,Margaret Thatcher,https://id.parliament.uk/SjERcCNu,895
John,Moore,Commons,Secretary of State for Transport,1986-05-21,1987-06-13,388.0,,,Conservative,Margaret Thatcher,https://id.parliament.uk/eB5IkwTu,1022
Kenneth,Baker,Commons,Secretary of State for Education and Science,1986-05-21,1989-07-23,1159.0,,,Conservative,Margaret Thatcher,https://id.parliament.uk/0G6VnY9o,1028
David,Mellor,Commons,Minister of State (Home Office),1986-09-10,1987-06-13,276.0,,,Conservative,Margaret Thatcher,https://id.parliament.uk/jYLn1R21,1134
Christopher,Chope,Commons,Parliamentary Under-Secretary (Department of Environment),1986-09-10,1990-07-22,1411.0,,,Conservative,Margaret Thatcher,https://id.parliament.uk/COPkmVdx,242
Nicholas,Lyell,Commons,Parliamentary Under-Secretary (Department of Health and Social Security),1986-09-10,1987-06-13,276.0,,,Conservative,Margaret Thatcher,https://id.parliament.uk/rRKrivsZ,5
Archibald,Hamilton,Commons,Parliamentary Under-Secretary (Ministry of Defence) (Procurement),1986-09-10,1987-06-12,275.0,,,Conservative,Margaret Thatcher,https://id.parliament.uk/rmgoOXtj,100
Rhodes,Boyson,Commons,Minister of State (Department of Environment) (Local Government),1986-09-10,1987-06-12,275.0,,,Conservative,Margaret Thatcher,https://id.parliament.uk/ZMaZcVEU,756
Ian,Lang,Commons,Parliamentary Under-Secretary (Scottish Office),1986-09-10,1987-06-13,276.0,,,Conservative,Margaret Thatcher,https://id.parliament.uk/YrlabEUV,896
Edwina,Currie,Commons,Parliamentary Under-Secretary (Department of Health and Social Security),1986-09-10,1988-07-25,684.0,,,Conservative,Margaret Thatcher,https://id.parliament.uk/S9KDlTuV,1140
John,Major,Commons,Minister of State (Department of Health and Social Security) (Social Security),1986-09-10,1987-06-12,275.0,,,Conservative,Margaret Thatcher,https://id.parliament.uk/FAnd5djo,119
William,Waldegrave,Commons,"Minister (Department of Environment) (Environment, Countryside and Planning)",1986-09-10,1987-06-12,275.0,,,Conservative,Margaret Thatcher,https://id.parliament.uk/i8lCvPZW,957
John,Lee,Commons,Parliamentary Under-Secretary (Department of Employment),1986-09-10,1989-07-26,1050.0,,,Conservative,Margaret Thatcher,https://id.parliament.uk/ZKkusgzB,1132
Brian,Mawhinney,Commons,Parliamentary Under-Secretary (Northern Ireland Office),1986-09-10,1990-11-28,1540.0,,,Conservative,Margaret Thatcher,https://id.parliament.uk/hh1U1Uts,121
Peter,Viggers,Commons,Parliamentary Under-Secretary (Northern Ireland Office),1986-09-10,1989-07-26,1050.0,,,Conservative,Margaret Thatcher,https://id.parliament.uk/GZyOXGX8,52
Ivon,Moore-Brabazon,Lords,Parliamentary Under-Secretary (Department for Transport),1986-09-10,1989-07-23,1047.0,,,Conservative,Margaret Thatcher,https://id.parliament.uk/eTRYqCR6,3493
Antony,Newton,Commons,Minister of State (Department of Health and Social Security) (Health),1986-09-10,1988-07-24,683.0,,,Conservative,Margaret Thatcher,https://id.parliament.uk/zhRevA8R,925
Douglas,Hogg,Commons,Parliamentary Under-Secretary (Home Office),1986-09-10,1989-07-26,1050.0,,,Conservative,Margaret Thatcher,https://id.parliament.uk/w01cXpnf,349
Christopher,Patten,Commons,Minister of State (Foreign and Commonwealth Office) (Overseas Development),1986-09-10,1989-07-23,1047.0,,,Conservative,Margaret Thatcher,https://id.parliament.uk/dR7pHK36,1136
Donald,Thompson,Commons,"Parliamentary Under-Secretary (Ministry of Agriculture, Fisheries and Food)",1986-09-10,1989-07-24,1048.0,,,Conservative,Margaret Thatcher,https://id.parliament.uk/nXd2tRHI,1228
Angela,Rumbold,Commons,Minister of State (Department of Education and Science),1986-09-10,1990-07-24,1413.0,,,Conservative,Margaret Thatcher,https://id.parliament.uk/HifLaRVz,1226
John,Shaw,Commons,Minister of State (Department of Trade and Industry),1986-10-09,1987-06-13,247.0,,,Conservative,Margaret Thatcher,https://id.parliament.uk/Jkv2h62I,1254
Robert,Boscawen,Commons,Comptroller (HM Household),1986-10-16,1988-07-25,648.0,,,Conservative,Margaret Thatcher,https://id.parliament.uk/TzWqicsX,751
Robert,Durant,Commons,Lord Commissioner (HM Treasury) (Whip),1986-10-16,1988-12-19,795.0,,,Conservative,Margaret Thatcher,https://id.parliament.uk/a4py8MMB,1054
Mark,Lennox-Boyd,Commons,Lord Commissioner (HM Treasury) (Whip),1986-10-16,1988-07-25,648.0,,,Conservative,Margaret Thatcher,https://id.parliament.uk/bEotvzzm,902
Richard,Ryder,Commons,Assistant Whip (HM Treasury),1986-10-16,1988-07-24,647.0,,,Conservative,Margaret Thatcher,https://id.parliament.uk/kMgtmEm0,1250
David,Lightbown,Commons,Assistant Whip (HM Treasury),1986-10-16,1987-06-25,252.0,,,Conservative,Margaret Thatcher,https://id.parliament.uk/oAKwYS27,699
William,Garel-Jones,Commons,"Vice Chamberlain (HM Household) (Whip, House of Commons)",1986-10-16,1988-07-25,648.0,,,Conservative,Margaret Thatcher,https://id.parliament.uk/rZtzw0L7,840
Peter,Lloyd,Commons,Lord Commissioner (HM Treasury) (Whip),1986-10-16,1988-07-24,647.0,,,Conservative,Margaret Thatcher,https://id.parliament.uk/W5D5rUCg,51
Michael,Portillo,Commons,Assistant Whip (HM Treasury),1986-10-16,1987-06-15,242.0,,,Conservative,Margaret Thatcher,https://id.parliament.uk/MUKZuAsV,187
Michael,Alison,Commons,Second Church Estates Commissioner,1987-01-01,1997-05-01,3773.0,,,Conservative,Margaret Thatcher,https://id.parliament.uk/0BegVILq,736
John,Stanley,Commons,Minister of State (Northern Ireland Office),1987-06-12,1988-06-01,355.0,,,Conservative,Margaret Thatcher,https://id.parliament.uk/wcZ0EzWM,91
Michael,Howard,Commons,Minister of State (Department of Environment) (Local Government),1987-06-13,1988-07-24,407.0,,,Conservative,Margaret Thatcher,https://id.parliament.uk/oCUMaUL5,82
Patrick,Nicholls,Commons,Parliamentary Under-Secretary (Department of Employment),1987-06-13,1990-07-28,1141.0,,,Conservative,Margaret Thatcher,https://id.parliament.uk/TqrLoChf,235
Timothy,Sainsbury,Commons,Parliamentary Under-Secretary (Ministry of Defence) (Procurement),1987-06-13,1989-07-24,772.0,,,Conservative,Margaret Thatcher,https://id.parliament.uk/aJpur8Db,943
Francis,Maude,Commons,Parliamentary Under-Secretary (Department of Trade and Industry),1987-06-13,1989-07-26,774.0,,,Conservative,Margaret Thatcher,https://id.parliament.uk/XrxW6kpF,115
Bernard,Stewart,Commons,Minister of State (Ministry of Defence),1987-06-13,1988-07-24,407.0,,,Conservative,Margaret Thatcher,https://id.parliament.uk/VMfJpo56,986
David,Trippier,Commons,Parliamentary Under-Secretary (Department of Environment),1987-06-13,1989-07-23,771.0,,,Conservative,Margaret Thatcher,https://id.parliament.uk/qi5Jyk4V,955
Michael,Forsyth,Commons,Parliamentary Under-Secretary (Scottish Office),1987-06-13,1990-09-07,1182.0,,,Conservative,Margaret Thatcher,https://id.parliament.uk/b8TTkvuy,1141
Robert,Atkins,Commons,Parliamentary Under-Secretary (Department of Trade and Industry),1987-06-13,1989-07-26,774.0,,,Conservative,Margaret Thatcher,https://id.parliament.uk/QgLBTJly,975
Cecil,Parkinson,Commons,Secretary of State for Energy,1987-06-13,1989-07-23,771.0,,,Conservative,Margaret Thatcher,https://id.parliament.uk/j6FyF6ff,931
John,Patten,Commons,Minister of State (Home Office),1987-06-13,1992-04-09,1762.0,,,Conservative,Margaret Thatcher,https://id.parliament.uk/1FMOJ00u,1137
William,Spicer,Commons,Parliamentary Under-Secretary (Department of Energy),1987-06-13,1990-01-03,935.0,,,Conservative,Margaret Thatcher,https://id.parliament.uk/W4VcU9be,270
Peter,Brooke,Commons,Paymaster General (HM Treasury),1987-06-13,1989-07-23,771.0,,,Conservative,Margaret Thatcher,https://id.parliament.uk/roOxyfCY,154
John,Major,Commons,Chief Secretary to the Treasury,1987-06-13,1989-07-23,771.0,,,Conservative,Margaret Thatcher,https://id.parliament.uk/FAnd5djo,119
Patrick,Mayhew,Commons,Attorney General (Law Officers),1987-06-13,1992-11-28,1995.0,,,Conservative,Margaret Thatcher,https://id.parliament.uk/e7VHc97c,914
David,Mellor,Commons,Minister of State (Foreign and Commonwealth Office),1987-06-13,1988-07-26,409.0,,,Conservative,Margaret Thatcher,https://id.parliament.uk/jYLn1R21,1134
Peter,Fowler,Commons,Secretary of State for Employment,1987-06-13,1990-01-02,934.0,,,Conservative,Margaret Thatcher,https://id.parliament.uk/R3ZEnpii,315
John,Moore,Commons,Secretary of State for Health and Social Security,1987-06-13,1988-07-24,407.0,,,Conservative,Margaret Thatcher,https://id.parliament.uk/eB5IkwTu,1022
Robert,Jackson,Commons,Parliamentary Under-Secretary (Department of Education and Science),1987-06-13,1990-07-24,1137.0,,,Conservative,Margaret Thatcher,https://id.parliament.uk/paMVQ0mZ,97
James,Douglas-Hamilton,Commons,Parliamentary Under-Secretary (Scottish Office),1987-06-13,1995-07-06,2945.0,,,Conservative,Margaret Thatcher,https://id.parliament.uk/io57LQOv,802
Michael,Portillo,Commons,Parliamentary Under-Secretary (Department of Health),1987-06-13,1988-07-25,408.0,,,Conservative,Margaret Thatcher,https://id.parliament.uk/MUKZuAsV,187
John,Cope,Commons,Minister of State (Department of Employment),1987-06-13,1989-07-25,773.0,,,Conservative,Margaret Thatcher,https://id.parliament.uk/9oBlXsXa,787
William,Waldegrave,Commons,Minister (Department of Environment) (Housing and Planning),1987-06-13,1988-07-24,407.0,,,Conservative,Margaret Thatcher,https://id.parliament.uk/i8lCvPZW,957
Ian,Lang,Commons,Minister of State (Scottish Office),1987-06-13,1990-11-28,1264.0,,,Conservative,Margaret Thatcher,https://id.parliament.uk/YrlabEUV,896
Peter,Walker,Commons,Secretary of State for Wales,1987-06-13,1990-05-03,1055.0,,,Conservative,Margaret Thatcher,https://id.parliament.uk/4eJ0v0w4,1045
Kenneth,Clarke,Commons,Chancellor of the Duchy of Lancaster,1987-06-13,1988-07-24,407.0,,,Conservative,Margaret Thatcher,https://id.parliament.uk/TyNGhslR,366
David,Waddington,Commons,Parliamentary Secretary to the Treasury (Chief Whip),1987-06-13,1989-10-27,867.0,,,Conservative,Margaret Thatcher,https://id.parliament.uk/LKXbst6v,722
Kenneth,Clarke,Commons,Minister of State (Department of Trade and Industry),1987-06-13,1988-07-24,407.0,,,Conservative,Margaret Thatcher,https://id.parliament.uk/TyNGhslR,366
Marion,Roe,Commons,Parliamentary Under-Secretary (Department of Environment),1987-06-13,1988-07-26,409.0,,,Conservative,Margaret Thatcher,https://id.parliament.uk/Is2u5Ebp,64
Ronald,Renton,Commons,Minister of State (Home Office),1987-06-13,1989-10-28,868.0,,,Conservative,Margaret Thatcher,https://id.parliament.uk/9X4lzljh,937
Peter,Morrison,Commons,Minister of State (Department of Energy),1987-06-13,1990-07-25,1138.0,,,Conservative,Margaret Thatcher,https://id.parliament.uk/9z6TNW0u,1277
John,MacGregor,Commons,"Secretary of State for Agriculture, Fisheries and Food",1987-06-13,1989-07-23,771.0,,,Conservative,Margaret Thatcher,https://id.parliament.uk/x4is0fjM,131
Henry,Channon,Commons,Secretary of State for Transport,1987-06-13,1989-07-24,772.0,,,Conservative,Margaret Thatcher,https://id.parliament.uk/MNbzKAyy,779
Peter,Lilley,Commons,Economic Secretary (HM Treasury),1987-06-13,1989-07-23,771.0,,,Conservative,Margaret Thatcher,https://id.parliament.uk/wm7IFsoC,68
Nicholas,Scott,Commons,Minister of State (Department of Health and Social Security) (Social Security),1987-06-13,1988-07-25,408.0,,,Conservative,Margaret Thatcher,https://id.parliament.uk/NyfMggUv,1229
John,Wakeham,Commons,Lord Privy Seal and Leader of the House of Commons,1987-06-13,1988-01-09,210.0,,,Conservative,Margaret Thatcher,https://id.parliament.uk/RrFvFH7m,1278
David,Hunt,Commons,Treasurer of Her Majesty's Household (HM Household),1987-06-15,1989-07-24,770.0,,,Conservative,Margaret Thatcher,https://id.parliament.uk/r8raAEpb,994
Nicholas,Lyell,Commons,Solicitor General (Law Officers),1987-06-15,1992-04-10,1761.0,,,Conservative,Margaret Thatcher,https://id.parliament.uk/rRKrivsZ,5
Ieuan,Roberts,Commons,Minister of State (Welsh Office),1987-06-15,1994-11-28,2723.0,,,Conservative,Margaret Thatcher,https://id.parliament.uk/GTeoy1OM,1232
Ian,Grist,Commons,Parliamentary Under-Secretary (Welsh Office),1987-06-15,1990-11-28,1262.0,,,Conservative,Margaret Thatcher,https://id.parliament.uk/8OUcdsAZ,851
David,Maclean,Commons,Assistant Whip (HM Treasury),1987-06-18,1988-07-25,403.0,,,Conservative,Margaret Thatcher,https://id.parliament.uk/FPrIhqOa,497
Kenneth,Carlisle,Commons,Assistant Whip (HM Treasury),1987-06-18,1988-07-25,403.0,,,Conservative,Margaret Thatcher,https://id.parliament.uk/0mu7hVim,773
Alan,Howarth,Commons,Assistant Whip (HM Treasury),1987-06-18,1988-07-25,403.0,,,Conservative,Margaret Thatcher,https://id.parliament.uk/xJTfXMO4,544
Colin,Moynihan,Commons,Parliamentary Under-Secretary (Department of Environment) (Sport),1987-06-22,1990-07-26,1130.0,,,Conservative,Margaret Thatcher,https://id.parliament.uk/3xsMcPJ7,924
David,Lightbown,Commons,Lord Commissioner (HM Treasury) (Whip),1987-06-26,1990-07-24,1124.0,,,Conservative,Margaret Thatcher,https://id.parliament.uk/oAKwYS27,699
Stephen,Dorrell,Commons,Assistant Whip (HM Treasury),1987-06-26,1988-12-19,542.0,,,Conservative,Margaret Thatcher,https://id.parliament.uk/TkjF6HCq,336
James,Mackay,Lords,Lord Chancellor,1987-10-28,1997-05-03,3475.0,,,Conservative,Margaret Thatcher,https://id.parliament.uk/cCH0X0MA,1883
Robert,Shirley,Lords,Deputy Leader of the House of Lords,1988-01-01,1997-05-01,3408.0,,,Conservative,Margaret Thatcher,https://id.parliament.uk/PXvyr1Ws,2761
John,Wakeham,Commons,Lord President of the Council and Leader of the House of Commons,1988-01-10,1989-07-23,560.0,,,Conservative,Margaret Thatcher,https://id.parliament.uk/RrFvFH7m,1278
John,Ganzoni,Lords,Lord Privy Seal and Leader of the House of Lords,1988-01-10,1990-11-27,1052.0,,,Conservative,Margaret Thatcher,https://id.parliament.uk/RGKR7Bzh,3527
John,Gummer,Commons,Minister of State (Department of Environment) (Local Government),1988-07-25,1989-07-24,364.0,,,Conservative,Margaret Thatcher,https://id.parliament.uk/1KIlbbma,4154
Edwina,Currie,Commons,Parliamentary Under-Secretary (Department of Health),1988-07-25,1988-12-16,144.0,,,Conservative,Margaret Thatcher,https://id.parliament.uk/S9KDlTuV,1140
Nicholas,Scott,Commons,Minister of State (Department of Social Security),1988-07-25,1994-07-20,2186.0,,,Conservative,Margaret Thatcher,https://id.parliament.uk/NyfMggUv,1229
David,Mellor,Commons,Minister of State (Department of Health and Social Security) (Health),1988-07-25,1989-07-24,364.0,,,Conservative,Margaret Thatcher,https://id.parliament.uk/jYLn1R21,1134
Richard,Ryder,Commons,"Parliamentary Under-Secretary (Ministry of Agriculture, Fisheries and Food)",1988-07-25,1989-07-24,364.0,,,Conservative,Margaret Thatcher,https://id.parliament.uk/kMgtmEm0,1250
Archibald,Hamilton,Commons,Minister of State (Ministry of Defence),1988-07-25,1993-05-26,1766.0,,,Conservative,Margaret Thatcher,https://id.parliament.uk/rmgoOXtj,100
Peter,Lloyd,Commons,Parliamentary Under-Secretary (Department of Social Security),1988-07-25,1989-07-28,368.0,,,Conservative,Margaret Thatcher,https://id.parliament.uk/W5D5rUCg,51
Antony,Newton,Commons,Chancellor of the Duchy of Lancaster and Minister (Trade),1988-07-25,1989-07-23,363.0,,,Conservative,Margaret Thatcher,https://id.parliament.uk/zhRevA8R,925
Michael,Howard,Commons,Minister of State (Department of Environment) (Planning),1988-07-25,1989-07-23,363.0,,,Conservative,Margaret Thatcher,https://id.parliament.uk/oCUMaUL5,82
John,Moore,Commons,Secretary of State for Social Security,1988-07-25,1989-07-22,362.0,,,Conservative,Margaret Thatcher,https://id.parliament.uk/eB5IkwTu,1022
Kenneth,Clarke,Commons,Secretary of State for Health,1988-07-25,1990-11-01,829.0,,,Conservative,Margaret Thatcher,https://id.parliament.uk/TyNGhslR,366
Bernard,Stewart,Commons,Minister of State (Northern Ireland Office),1988-07-25,1989-07-25,365.0,,,Conservative,Margaret Thatcher,https://id.parliament.uk/VMfJpo56,986
Virginia,Bottomley,Commons,Parliamentary Under-Secretary (Department of Environment),1988-07-25,1989-10-28,460.0,,,Conservative,Margaret Thatcher,https://id.parliament.uk/p8wtjEOJ,106
Michael,Portillo,Commons,Minister of State (Department for Transport),1988-07-25,1990-05-04,648.0,,,Conservative,Margaret Thatcher,https://id.parliament.uk/MUKZuAsV,187
John,Butcher,Commons,Parliamentary Under-Secretary (Department of Education and Science),1988-07-26,1989-07-24,363.0,,,Conservative,Margaret Thatcher,https://id.parliament.uk/GWdgeADQ,1123
William,Garel-Jones,Commons,"Comptroller (HM Household) (Deputy Chief Whip, House of Commons)",1988-07-26,1989-07-24,363.0,,,Conservative,Margaret Thatcher,https://id.parliament.uk/rZtzw0L7,840
John,Taylor,Commons,Assistant Whip (HM Treasury),1988-07-26,1989-07-25,364.0,,,Conservative,Margaret Thatcher,https://id.parliament.uk/yMom4Yzc,313
Thomas,Sackville,Commons,Assistant Whip (HM Treasury),1988-07-26,1989-10-29,460.0,,,Conservative,Margaret Thatcher,https://id.parliament.uk/N1bSYM8F,1274
Michael,Neubert,Commons,"Vice Chamberlain (HM Household) (Whip, House of Commons)",1988-07-26,1988-12-20,147.0,,,Conservative,Margaret Thatcher,https://id.parliament.uk/XAkRe7E1,1257
David,Heathcoat-Amory,Commons,Assistant Whip (HM Treasury),1988-07-26,1989-07-25,364.0,,,Conservative,Margaret Thatcher,https://id.parliament.uk/WPLucIn4,257
Michael,Fallon,Commons,Assistant Whip (HM Treasury),1988-07-26,1990-05-10,653.0,,,Conservative,Margaret Thatcher,https://id.parliament.uk/5vldGphZ,88
Eric,Forth,Commons,Parliamentary Under-Secretary (Department of Trade and Industry),1988-07-26,1990-07-24,728.0,,,Conservative,Margaret Thatcher,https://id.parliament.uk/aFlbj7f8,149
William,Waldegrave,Commons,Minister of State (Foreign and Commonwealth Office),1988-07-26,1990-11-02,829.0,,,Conservative,Margaret Thatcher,https://id.parliament.uk/i8lCvPZW,957
Kenneth,Carlisle,Commons,Lord Commissioner (HM Treasury) (Whip),1988-07-27,1990-07-22,725.0,,,Conservative,Margaret Thatcher,https://id.parliament.uk/0mu7hVim,773
Alan,Howarth,Commons,Lord Commissioner (HM Treasury) (Whip),1988-07-27,1989-07-24,362.0,,,Conservative,Margaret Thatcher,https://id.parliament.uk/xJTfXMO4,544
David,Maclean,Commons,Lord Commissioner (HM Treasury) (Whip),1988-07-27,1989-07-24,362.0,,,Conservative,Margaret Thatcher,https://id.parliament.uk/FPrIhqOa,497
Thomas,Galbraith,Lords,Lord in Waiting (HM Household) (Whip),1988-08-12,1989-07-24,346.0,,,Conservative,Margaret Thatcher,https://id.parliament.uk/ucGKwgAr,2221
Roger,Freeman,Commons,Parliamentary Under-Secretary (Department of Health),1988-12-16,1990-05-04,504.0,,,Conservative,Margaret Thatcher,https://id.parliament.uk/eTZqW0Kg,836
Michael,Neubert,Commons,Parliamentary Under-Secretary (Ministry of Defence) (Armed Forces),1988-12-19,1989-07-01,194.0,,,Conservative,Margaret Thatcher,https://id.parliament.uk/XAkRe7E1,1257
Sydney,Chapman,Commons,Assistant Whip (HM Treasury),1988-12-20,1990-07-25,582.0,,,Conservative,Margaret Thatcher,https://id.parliament.uk/JOJ4ie6I,153
Robert,Durant,Commons,"Vice Chamberlain (HM Household) (Whip, House of Commons)",1988-12-20,1990-07-24,581.0,,,Conservative,Margaret Thatcher,https://id.parliament.uk/a4py8MMB,1054
Stephen,Dorrell,Commons,Lord Commissioner (HM Treasury) (Whip),1988-12-20,1990-05-03,499.0,,,Conservative,Margaret Thatcher,https://id.parliament.uk/TkjF6HCq,336
Peter,Fraser,Lords,Lord Advocate (Law Officers),1989-01-04,1992-04-13,1195.0,,,,Margaret Thatcher,https://id.parliament.uk/JyFjqhP7,1128
David,Maclean,Commons,"Parliamentary Under-Secretary (Ministry of Agriculture, Fisheries and Food)",1989-06-26,1992-04-15,1024.0,,,Conservative,Margaret Thatcher,https://id.parliament.uk/FPrIhqOa,497
Michael,Neubert,Commons,Parliamentary Under-Secretary (Ministry of Defence) (Procurement),1989-07-01,1990-07-23,387.0,,,Conservative,Margaret Thatcher,https://id.parliament.uk/XAkRe7E1,1257
Peter,Bottomley,Commons,Parliamentary Under-Secretary (Northern Ireland Office),1989-07-04,1990-07-28,389.0,,,Conservative,Margaret Thatcher,https://id.parliament.uk/li6Q8zGh,117
Antony,Newton,Commons,Secretary of State for Social Security,1989-07-23,1992-04-09,991.0,,,Conservative,Margaret Thatcher,https://id.parliament.uk/zhRevA8R,925
Alan,Howarth,Commons,Parliamentary Under-Secretary (Department of Education and Science),1989-07-24,1992-11-28,1223.0,,,Conservative,Margaret Thatcher,https://id.parliament.uk/xJTfXMO4,544
Francis,Maude,Commons,Minister of State (Foreign and Commonwealth Office),1989-07-24,1990-07-14,355.0,,,Conservative,Margaret Thatcher,https://id.parliament.uk/XrxW6kpF,115
Peter,Lilley,Commons,Financial Secretary (HM Treasury),1989-07-24,1990-07-13,354.0,,,Conservative,Margaret Thatcher,https://id.parliament.uk/wm7IFsoC,68
Richard,Ryder,Commons,Economic Secretary (HM Treasury),1989-07-24,1990-07-23,364.0,,,Conservative,Margaret Thatcher,https://id.parliament.uk/kMgtmEm0,1250
Peter,Brooke,Commons,Secretary of State for Northern Ireland,1989-07-24,1992-04-09,990.0,,,Conservative,Margaret Thatcher,https://id.parliament.uk/roOxyfCY,154
John,MacGregor,Commons,Secretary of State for Education and Science,1989-07-24,1990-11-01,465.0,,,Conservative,Margaret Thatcher,https://id.parliament.uk/x4is0fjM,131
Douglas,Hogg,Commons,Minister of State (Department of Trade and Industry),1989-07-24,1990-11-01,465.0,,,Conservative,Margaret Thatcher,https://id.parliament.uk/w01cXpnf,349
Timothy,Sainsbury,Commons,Parliamentary Under-Secretary (Foreign and Commonwealth Office),1989-07-24,1990-07-23,364.0,,,Conservative,Margaret Thatcher,https://id.parliament.uk/aJpur8Db,943
Alan,Clark,Commons,Minister of State (Ministry of Defence) (Procurement),1989-07-24,1992-04-13,994.0,,,Conservative,Margaret Thatcher,https://id.parliament.uk/K1KKrCup,673
Nicholas,Ridley,Commons,Secretary of State for Trade,1989-07-24,1990-07-13,354.0,,,Conservative,Margaret Thatcher,https://id.parliament.uk/pudylhrb,1304
David,Trippier,Commons,Minister (Department of Environment) (Environment and Countryside),1989-07-24,1992-04-13,994.0,,,Conservative,Margaret Thatcher,https://id.parliament.uk/qi5Jyk4V,955
Cecil,Parkinson,Commons,Secretary of State for Transport,1989-07-24,1990-11-28,492.0,,,Conservative,Margaret Thatcher,https://id.parliament.uk/j6FyF6ff,931
Norman,Lamont,Commons,Chief Secretary to the Treasury,1989-07-24,1990-11-28,492.0,,,Conservative,Margaret Thatcher,https://id.parliament.uk/SjERcCNu,895
John,Wakeham,Commons,Secretary of State for Energy,1989-07-24,1992-04-09,990.0,,,Conservative,Margaret Thatcher,https://id.parliament.uk/RrFvFH7m,1278
Christopher,Patten,Commons,Secretary of State for Environment,1989-07-24,1990-11-28,492.0,,,Conservative,Margaret Thatcher,https://id.parliament.uk/dR7pHK36,1136
John,Gummer,Commons,"Secretary of State for Agriculture, Fisheries and Food",1989-07-24,1993-05-26,1402.0,,,Conservative,Margaret Thatcher,https://id.parliament.uk/1KIlbbma,4154
Lynda,Chalker,Lords,Minister of State (Foreign and Commonwealth Office) (Overseas Development),1989-07-24,1997-05-01,2838.0,,,,Margaret Thatcher,https://id.parliament.uk/8gRwq4gR,778
Ivon,Moore-Brabazon,Lords,Minister of State (Foreign and Commonwealth Office),1989-07-24,1990-07-24,365.0,,,Conservative,Margaret Thatcher,https://id.parliament.uk/eTRYqCR6,3493
Richard,Howe,Commons,"Deputy Prime Minister, Lord President of the Council (Cabinet Office) (with Special Responsibility for Political and Constitutional Reform)",1989-07-24,1990-11-01,465.0,,,Conservative,Margaret Thatcher,https://id.parliament.uk/Ta7hlBXe,872
Kenneth,Baker,Commons,Chancellor of the Duchy of Lancaster,1989-07-24,1990-11-28,492.0,,,Conservative,Margaret Thatcher,https://id.parliament.uk/0G6VnY9o,1028
Richard,Howe,Commons,Lord President of the Council and Leader of the House of Commons (Privy Council Office),1989-07-24,1990-11-01,465.0,,,Conservative,Margaret Thatcher,https://id.parliament.uk/Ta7hlBXe,872
Lynda,Chalker,Commons,Minister of State (Foreign and Commonwealth Office) (Overseas Development),1989-07-24,1997-05-01,2838.0,,,Conservative,Margaret Thatcher,https://id.parliament.uk/8gRwq4gR,778
John,Major,Commons,Foreign Secretary,1989-07-24,1989-10-25,93.0,,,Conservative,Margaret Thatcher,https://id.parliament.uk/FAnd5djo,119
Timothy,Eggar,Commons,Minister of State (Department of Employment),1989-07-25,1990-07-23,363.0,,,Conservative,Margaret Thatcher,https://id.parliament.uk/mELBe96T,814
David,Hunt,Commons,Minister of State (Department of Environment) (Local Government),1989-07-25,1990-05-03,282.0,,,Conservative,Margaret Thatcher,https://id.parliament.uk/r8raAEpb,994
William,Garel-Jones,Commons,Deputy Chief Whip and Treasurer,1989-07-25,1990-07-21,361.0,,,Conservative,Margaret Thatcher,https://id.parliament.uk/rZtzw0L7,840
Peter,Lloyd,Commons,Parliamentary Under-Secretary (Home Office),1989-07-25,1992-04-15,995.0,,,Conservative,Margaret Thatcher,https://id.parliament.uk/W5D5rUCg,51
John,Cope,Commons,Minister of State (Northern Ireland Office),1989-07-25,1990-11-28,491.0,,,Conservative,Margaret Thatcher,https://id.parliament.uk/9oBlXsXa,787
Robert,Atkins,Commons,Parliamentary Under-Secretary (Department for Transport),1989-07-25,1990-07-22,362.0,,,Conservative,Margaret Thatcher,https://id.parliament.uk/QgLBTJly,975
Gillian,Shephard,Commons,Parliamentary Under-Secretary (Department of Social Security),1989-07-25,1990-11-28,491.0,,,Conservative,Margaret Thatcher,https://id.parliament.uk/F6lBvlXV,132
Patrick,McLoughlin,Commons,Parliamentary Under-Secretary (Department for Transport) (Roads and Motoring),1989-07-25,1992-04-14,994.0,,,Conservative,Margaret Thatcher,https://id.parliament.uk/LZDZjBO2,333
Michael,Howard,Commons,Minister of State (Department of Environment) (Housing),1989-07-25,1990-01-02,161.0,,,Conservative,Margaret Thatcher,https://id.parliament.uk/oCUMaUL5,82
Alastair,Goodlad,Commons,"Comptroller (HM Household) (Deputy Chief Whip, House of Commons)",1989-07-25,1990-07-22,362.0,,,Conservative,Margaret Thatcher,https://id.parliament.uk/MhFkcAAB,670
David,Curry,Commons,"Parliamentary Under-Secretary (Ministry of Agriculture, Fisheries and Food)",1989-07-26,1992-04-14,993.0,,,Conservative,Margaret Thatcher,https://id.parliament.uk/1pWd6oAq,383
John,Redwood,Commons,Parliamentary Under-Secretary (Department of Trade and Industry),1989-07-26,1990-11-02,464.0,,,Conservative,Margaret Thatcher,https://id.parliament.uk/UPIMfkMx,14
Thomas,Galbraith,Lords,Parliamentary Under-Secretary (Department of Employment),1989-07-26,1990-07-24,363.0,,,Conservative,Margaret Thatcher,https://id.parliament.uk/ucGKwgAr,2221
David,Heathcoat-Amory,Commons,Lord Commissioner (HM Treasury) (Whip),1989-07-26,1989-10-28,94.0,,,Conservative,Margaret Thatcher,https://id.parliament.uk/WPLucIn4,257
John,Taylor,Commons,Lord Commissioner (HM Treasury) (Whip),1989-07-26,1990-11-28,490.0,,,Conservative,Margaret Thatcher,https://id.parliament.uk/yMom4Yzc,313
Cyril,Patnick,Commons,Assistant Whip (HM Treasury),1989-07-28,1990-07-25,362.0,,,Conservative,Margaret Thatcher,https://id.parliament.uk/FGVOHMC1,933
Gregory,Knight,Commons,Assistant Whip (HM Treasury),1989-07-28,1990-07-25,362.0,,,Conservative,Margaret Thatcher,https://id.parliament.uk/wEjb3Hkt,1200
Thomas,King,Commons,Secretary of State for Defence,1989-07-28,1992-04-09,986.0,,,Conservative,Margaret Thatcher,https://id.parliament.uk/YQNFoAVs,254
Douglas,Hurd,Commons,Foreign Secretary,1989-10-26,1995-04-07,1989.0,,,Conservative,Margaret Thatcher,https://id.parliament.uk/7Ep6IlO4,875
David,Waddington,Commons,Home Secretary,1989-10-26,1990-11-28,398.0,,,Conservative,Margaret Thatcher,https://id.parliament.uk/LKXbst6v,722
John,Major,Commons,Chancellor of the Exchequer,1989-10-26,1990-11-28,398.0,,,Conservative,Margaret Thatcher,https://id.parliament.uk/FAnd5djo,119
David,Mellor,Commons,Minister of State (Home Office),1989-10-27,1990-07-22,268.0,,,Conservative,Margaret Thatcher,https://id.parliament.uk/jYLn1R21,1134
Virginia,Bottomley,Commons,Minister of State (Department of Health),1989-10-28,1992-04-14,899.0,,,Conservative,Margaret Thatcher,https://id.parliament.uk/p8wtjEOJ,106
Ronald,Renton,Commons,Parliamentary Secretary to the Treasury (Chief Whip),1989-10-28,1990-11-28,396.0,,,Conservative,Margaret Thatcher,https://id.parliament.uk/9X4lzljh,937
David,Heathcoat-Amory,Commons,Parliamentary Under-Secretary (Department of Environment),1989-10-28,1990-11-28,396.0,,,Conservative,Margaret Thatcher,https://id.parliament.uk/WPLucIn4,257
Thomas,Sackville,Commons,Lord Commissioner (HM Treasury) (Whip),1989-10-30,1992-04-14,897.0,,,Conservative,Margaret Thatcher,https://id.parliament.uk/N1bSYM8F,1274
Nicholas,Baker,Commons,Assistant Whip (HM Treasury),1989-11-02,1990-11-28,391.0,,,Conservative,Margaret Thatcher,https://id.parliament.uk/o0auXSfv,1085
John,Redwood,Commons,Minister of State (Department of Trade and Industry),1990-01-01,1992-01-01,730.0,,,Conservative,Margaret Thatcher,https://id.parliament.uk/UPIMfkMx,14
Michael,Howard,Commons,Secretary of State for Employment,1990-01-02,1992-04-10,829.0,,,Conservative,Margaret Thatcher,https://id.parliament.uk/oCUMaUL5,82
William,Spicer,Commons,Minister of State (Department of Environment) (Housing and Planning),1990-01-03,1990-11-28,329.0,,,Conservative,Margaret Thatcher,https://id.parliament.uk/W4VcU9be,270
Anthony,Baldry,Commons,Parliamentary Under-Secretary (Department of Energy),1990-01-03,1990-11-28,329.0,,,Conservative,Margaret Thatcher,https://id.parliament.uk/nqvFaORz,93
David,Hunt,Commons,Secretary of State for Wales,1990-05-04,1993-05-27,1119.0,,,Conservative,Margaret Thatcher,https://id.parliament.uk/r8raAEpb,994
Stephen,Dorrell,Commons,Parliamentary Under-Secretary (Department of Health),1990-05-04,1992-04-14,711.0,,,Conservative,Margaret Thatcher,https://id.parliament.uk/TkjF6HCq,336
Roger,Freeman,Commons,Minister of State (Department for Transport),1990-05-04,1990-11-28,208.0,,,Conservative,Margaret Thatcher,https://id.parliament.uk/eTZqW0Kg,836
Michael,Portillo,Commons,Minister (Department of Environment) (Local Government),1990-05-04,1992-04-14,711.0,,,Conservative,Margaret Thatcher,https://id.parliament.uk/MUKZuAsV,187
Timothy,Wood,Commons,Assistant Whip (HM Treasury),1990-05-10,1992-04-14,705.0,,,Conservative,Margaret Thatcher,https://id.parliament.uk/sI1RPKVU,1156
Michael,Fallon,Commons,Lord Commissioner (HM Treasury) (Whip),1990-05-10,1990-07-22,73.0,,,Conservative,Margaret Thatcher,https://id.parliament.uk/5vldGphZ,88
Richard,Ryder,Commons,Paymaster General (HM Treasury),1990-07-14,1990-11-28,137.0,,,Conservative,Margaret Thatcher,https://id.parliament.uk/kMgtmEm0,1250
Peter,Lilley,Commons,Secretary of State for Trade,1990-07-14,1992-04-09,635.0,,,Conservative,Margaret Thatcher,https://id.parliament.uk/wm7IFsoC,68
William,Garel-Jones,Commons,Minister of State (Foreign and Commonwealth Office),1990-07-14,1993-06-06,1058.0,,,Conservative,Margaret Thatcher,https://id.parliament.uk/rZtzw0L7,840
Francis,Maude,Commons,Financial Secretary (HM Treasury),1990-07-14,1992-04-13,639.0,,,Conservative,Margaret Thatcher,https://id.parliament.uk/XrxW6kpF,115
Alastair,Goodlad,Commons,Deputy Chief Whip and Treasurer,1990-07-22,1992-04-13,631.0,,,Conservative,Margaret Thatcher,https://id.parliament.uk/MhFkcAAB,670
Christopher,Chope,Commons,Parliamentary Under-Secretary (Department for Transport) (Roads and Motoring),1990-07-23,1992-04-14,631.0,,,Conservative,Margaret Thatcher,https://id.parliament.uk/COPkmVdx,242
David,Mellor,Commons,Minister (Privy Council Office) (Arts),1990-07-23,1990-11-28,128.0,,,Conservative,Margaret Thatcher,https://id.parliament.uk/jYLn1R21,1134
Timothy,Sainsbury,Commons,Minister of State (Department of Trade and Industry),1990-07-23,1994-04-13,1360.0,,,Conservative,Margaret Thatcher,https://id.parliament.uk/aJpur8Db,943
Angela,Rumbold,Commons,Minister of State (Home Office),1990-07-23,1992-04-14,631.0,,,Conservative,Margaret Thatcher,https://id.parliament.uk/HifLaRVz,1226
Ivon,Moore-Brabazon,Lords,Minister of State (Department for Transport),1990-07-23,1992-04-14,631.0,,,Conservative,Margaret Thatcher,https://id.parliament.uk/eTRYqCR6,3493
George,Young,Commons,"Comptroller (HM Household) (Deputy Chief Whip, House of Commons)",1990-07-23,1990-11-28,128.0,,,Conservative,Margaret Thatcher,https://id.parliament.uk/9mJigEyv,57
Colin,Moynihan,Commons,Parliamentary Under-Secretary (Department of Energy),1990-07-24,1992-04-11,627.0,,,Conservative,Margaret Thatcher,https://id.parliament.uk/3xsMcPJ7,924
Michael,Fallon,Commons,Parliamentary Under-Secretary (Department of Education and Science),1990-07-24,1992-04-14,630.0,,,Conservative,Margaret Thatcher,https://id.parliament.uk/5vldGphZ,88
Robert,Jackson,Commons,Parliamentary Under-Secretary (Department of Employment),1990-07-24,1992-04-14,630.0,,,Conservative,Margaret Thatcher,https://id.parliament.uk/paMVQ0mZ,97
Timothy,Eggar,Commons,Minister of State (Department of Education and Science),1990-07-24,1992-04-14,630.0,,,Conservative,Margaret Thatcher,https://id.parliament.uk/mELBe96T,814
Mostyn,Hamilton,Commons,Assistant Whip (HM Treasury),1990-07-25,1992-04-14,629.0,,,Conservative,Margaret Thatcher,https://id.parliament.uk/4ERy4j8i,731
Cyril,Patnick,Commons,Lord Commissioner (HM Treasury) (Whip),1990-07-25,1994-08-20,1487.0,,,Conservative,Margaret Thatcher,https://id.parliament.uk/FGVOHMC1,933
Timothy,Boswell,Commons,Assistant Whip (HM Treasury),1990-07-25,1992-04-14,629.0,,,Conservative,Margaret Thatcher,https://id.parliament.uk/gy6uSWSc,352
David,Lightbown,Commons,"Vice Chamberlain (HM Household) (Whip, House of Commons)",1990-07-25,1990-11-28,126.0,,,Conservative,Margaret Thatcher,https://id.parliament.uk/oAKwYS27,699
Sydney,Chapman,Commons,Lord Commissioner (HM Treasury) (Whip),1990-07-25,1992-04-14,629.0,,,Conservative,Margaret Thatcher,https://id.parliament.uk/JOJ4ie6I,153
Patrick,Nicholls,Commons,Parliamentary Under-Secretary (Department of Environment),1990-07-26,1990-10-12,78.0,,,Conservative,Margaret Thatcher,https://id.parliament.uk/TqrLoChf,235
Kenneth,Carlisle,Commons,Parliamentary Under-Secretary (Ministry of Defence) (Procurement),1990-07-26,1992-04-15,629.0,,,Conservative,Margaret Thatcher,https://id.parliament.uk/0mu7hVim,773
Robert,Atkins,Commons,Parliamentary Under-Secretary (Department of Environment) (Sport),1990-07-26,1990-11-28,125.0,,,Conservative,Margaret Thatcher,https://id.parliament.uk/QgLBTJly,975
Thomas,Galbraith,Lords,Parliamentary Under-Secretary (Scottish Office),1990-09-07,1992-11-28,813.0,,,Conservative,Margaret Thatcher,https://id.parliament.uk/ucGKwgAr,2221
Michael,Forsyth,Commons,Minister of State (Scottish Office),1990-09-07,1992-04-13,584.0,,,Conservative,Margaret Thatcher,https://id.parliament.uk/b8TTkvuy,1141
Simon,Key,Commons,Parliamentary Under-Secretary (Department of Environment),1990-10-12,1992-04-15,551.0,,,Conservative,Margaret Thatcher,https://id.parliament.uk/sgDqGX5g,262
Edward,Leigh,Commons,Parliamentary Under-Secretary (Department of Trade and Industry),1990-11-02,1993-05-27,937.0,,,Conservative,Margaret Thatcher,https://id.parliament.uk/UsvSyiqC,345
John,MacGregor,Commons,Lord President of the Council and Leader of the House of Commons (Privy Council Office),1990-11-02,1992-04-09,524.0,,,Conservative,Margaret Thatcher,https://id.parliament.uk/x4is0fjM,131
William,Waldegrave,Commons,Secretary of State for Health,1990-11-02,1992-04-09,524.0,,,Conservative,Margaret Thatcher,https://id.parliament.uk/i8lCvPZW,957
Douglas,Hogg,Commons,Minister of State (Foreign and Commonwealth Office),1990-11-02,1995-07-05,1706.0,,,Conservative,Margaret Thatcher,https://id.parliament.uk/w01cXpnf,349
Kenneth,Clarke,Commons,Secretary of State for Education and Science,1990-11-02,1992-04-09,524.0,,,Conservative,Margaret Thatcher,https://id.parliament.uk/TyNGhslR,366
George,Young,Commons,Minister (Department of Environment) (Housing),1990-11-28,1994-07-19,1329.0,,,Conservative,Margaret Thatcher,https://id.parliament.uk/9mJigEyv,57
David,Waddington,Commons,Lord Privy Seal and Leader of the House of Lords,1990-11-28,1992-04-09,498.0,,,Conservative,Margaret Thatcher,https://id.parliament.uk/LKXbst6v,722
Brian,Mawhinney,Commons,Minister of State (Northern Ireland Office),1990-11-28,1992-04-14,503.0,,,Conservative,Margaret Thatcher,https://id.parliament.uk/hh1U1Uts,121
Richard,Ryder,Commons,Parliamentary Secretary to the Treasury (Chief Whip),1990-11-28,1995-07-04,1679.0,,,Conservative,Margaret Thatcher,https://id.parliament.uk/kMgtmEm0,1250
Gillian,Shephard,Commons,Minister of State (HM Treasury),1990-11-28,1992-04-10,499.0,,,Conservative,Margaret Thatcher,https://id.parliament.uk/F6lBvlXV,132
John,Jack,Commons,Parliamentary Under-Secretary (Department of Social Security),1990-11-28,1992-04-14,503.0,,,Conservative,Margaret Thatcher,https://id.parliament.uk/RPGX8J0V,468
Robert,Jackson,Commons,Parliamentary Under-Secretary (Privy Council Office),1990-11-28,1992-04-11,500.0,,,Conservative,Margaret Thatcher,https://id.parliament.uk/paMVQ0mZ,97
Timothy,Yeo,Commons,Parliamentary Under-Secretary (Department of Environment),1990-11-28,1992-04-15,504.0,,,Conservative,Margaret Thatcher,https://id.parliament.uk/4ORRLQHc,136
Ronald,Renton,Commons,Minister of State (Ministry for the Arts),1990-11-28,1992-04-11,500.0,,,Conservative,Margaret Thatcher,https://id.parliament.uk/9X4lzljh,937
David,Heathcoat-Amory,Commons,Parliamentary Under-Secretary (Department of Energy),1990-11-28,1992-04-11,500.0,,,Conservative,Margaret Thatcher,https://id.parliament.uk/WPLucIn4,257
David,Waddington,Lords,Lord Privy Seal and Leader of the House of Lords,1990-11-28,1992-04-09,498.0,,,,Margaret Thatcher,https://id.parliament.uk/LKXbst6v,722
Malcolm,Rifkind,Commons,Secretary of State for Transport,1990-11-28,1992-04-10,499.0,,,Conservative,Margaret Thatcher,https://id.parliament.uk/Os58GI3o,1191
John,Maples,Commons,Economic Secretary (HM Treasury),1990-11-28,1992-04-13,502.0,,,Conservative,Margaret Thatcher,https://id.parliament.uk/F699Lxib,4162
John,Major,Commons,"Prime Minister, First Lord of the Treasury and Minister for the Civil Service",1990-11-28,1997-05-02,2347.0,,,Conservative,Margaret Thatcher,https://id.parliament.uk/FAnd5djo,119
David,Lightbown,Commons,"Comptroller (HM Household) (Deputy Chief Whip, House of Commons)",1990-11-28,1995-07-06,1681.0,,,Conservative,Margaret Thatcher,https://id.parliament.uk/oAKwYS27,699
Norman,Lamont,Commons,Chancellor of the Exchequer,1990-11-28,1993-05-27,911.0,,,Conservative,Margaret Thatcher,https://id.parliament.uk/SjERcCNu,895
John,Stewart,Commons,Parliamentary Under-Secretary (Scottish Office),1990-11-28,1995-02-08,1533.0,,,Conservative,Margaret Thatcher,https://id.parliament.uk/ShEOHyeM,1239
Gregory,Knight,Commons,Lord Commissioner (HM Treasury) (Whip),1990-11-28,1993-05-27,911.0,,,Conservative,Margaret Thatcher,https://id.parliament.uk/wEjb3Hkt,1200
Kenneth,Baker,Commons,Home Secretary,1990-11-28,1992-04-09,498.0,,,Conservative,Margaret Thatcher,https://id.parliament.uk/0G6VnY9o,1028
Roger,Freeman,Commons,Minister of State (Department for Transport) (Public Transport),1990-11-28,1994-07-20,1330.0,,,Conservative,Margaret Thatcher,https://id.parliament.uk/eTZqW0Kg,836
Anthony,Baldry,Commons,Parliamentary Under-Secretary (Department of Environment),1990-11-28,1994-07-20,1330.0,,,Conservative,Margaret Thatcher,https://id.parliament.uk/nqvFaORz,93
David,Mellor,Commons,Chief Secretary to the Treasury,1990-11-28,1992-04-09,498.0,,,Conservative,Margaret Thatcher,https://id.parliament.uk/jYLn1R21,1134
Robert,Atkins,Commons,Parliamentary Under-Secretary (Department of Education and Science),1990-11-28,1992-04-14,503.0,,,Conservative,Margaret Thatcher,https://id.parliament.uk/QgLBTJly,975
Michael,Heseltine,Commons,Secretary of State for Environment,1990-11-28,1992-04-10,499.0,,,Conservative,Margaret Thatcher,https://id.parliament.uk/HDWaJnag,94
Mark,Lennox-Boyd,Commons,Parliamentary Under-Secretary (Foreign and Commonwealth Office),1990-11-28,1994-07-19,1329.0,,,Conservative,Margaret Thatcher,https://id.parliament.uk/bEotvzzm,902
Ian,Lang,Commons,Secretary of State for Scottish Office,1990-11-28,1995-07-04,1679.0,,,Conservative,Margaret Thatcher,https://id.parliament.uk/YrlabEUV,896
John,Ganzoni,Lords,Minister of State (Northern Ireland Office),1990-11-28,1992-04-14,503.0,,,Conservative,Margaret Thatcher,https://id.parliament.uk/RGKR7Bzh,3527
John,Taylor,Commons,"Vice Chamberlain (HM Household) (Whip, House of Commons)",1990-11-28,1992-04-14,503.0,,,Conservative,Margaret Thatcher,https://id.parliament.uk/yMom4Yzc,313
Timothy,Kirkhope,Commons,Assistant Whip (HM Treasury),1990-11-28,1992-01-11,409.0,,,Conservative,Margaret Thatcher,https://id.parliament.uk/MCQbcUkT,891
Eric,Forth,Commons,Parliamentary Under-Secretary (Department of Employment),1990-11-28,1992-04-14,503.0,,,Conservative,Margaret Thatcher,https://id.parliament.uk/aFlbj7f8,149
Christopher,Patten,Commons,Chancellor of the Duchy of Lancaster,1990-11-28,1992-04-09,498.0,,,Conservative,Margaret Thatcher,https://id.parliament.uk/dR7pHK36,1136
Ann,Widdecombe,Commons,Parliamentary Under-Secretary (Department of Social Security),1990-11-30,1993-05-27,909.0,,,Conservative,John Major,https://id.parliament.uk/qW98eRN0,85
Jeremy,Hanley,Commons,Parliamentary Under-Secretary (Northern Ireland Office),1990-12-03,1993-05-27,906.0,,,Conservative,John Major,https://id.parliament.uk/AmSoXYkw,734
Nicholas,Bennett,Commons,Parliamentary Under-Secretary (Welsh Office),1990-12-03,1992-07-20,595.0,,,Conservative,John Major,https://id.parliament.uk/pdr3xBoU,1089
Nicholas,Baker,Commons,Lord Commissioner (HM Treasury) (Whip),1990-12-03,1994-07-20,1325.0,,,Conservative,John Major,https://id.parliament.uk/o0auXSfv,1085
David,Davis,Commons,Assistant Whip (HM Treasury),1990-12-03,1993-05-27,906.0,,,Conservative,John Major,https://id.parliament.uk/A7xoNSH8,373
Thomas,Fermor-Hesketh,Lords,"Captain of the Honourable Corps of Gentlemen-at-Arms (HM Household) (Chief Whip, House of Lords)",1991-06-01,1993-09-15,837.0,,,Conservative,John Major,https://id.parliament.uk/BYuiHmaK,2641
John,Taylor,Commons,Parliamentary Secretary (Lord Chancellor's Department),1992-01-01,1995-01-01,1096.0,,,Conservative,John Major,https://id.parliament.uk/yMom4Yzc,313
Andrew,Mitchell,Commons,Assistant Whip (HM Treasury),1992-01-11,1994-07-20,921.0,,,Conservative,John Major,https://id.parliament.uk/QW4mOMIY,1211
Antony,Newton,Commons,Lord President of the Council and Leader of the House of Commons (Privy Council Office),1992-04-10,1997-05-01,1847.0,,,Conservative,John Major,https://id.parliament.uk/zhRevA8R,925
John,Patten,Commons,Secretary of State for Education and Science,1992-04-10,1994-07-20,831.0,,,Conservative,John Major,https://id.parliament.uk/1FMOJ00u,1137
Nicholas,Lyell,Commons,Attorney General (Law Officers),1992-04-10,1997-05-01,1847.0,,,Conservative,John Major,https://id.parliament.uk/rRKrivsZ,5
Malcolm,Rifkind,Commons,Secretary of State for Defence,1992-04-10,1995-07-04,1180.0,,,Conservative,John Major,https://id.parliament.uk/Os58GI3o,1191
Virginia,Bottomley,Commons,Secretary of State for Health,1992-04-10,1995-07-04,1180.0,,,Conservative,John Major,https://id.parliament.uk/p8wtjEOJ,106
Peter,Lilley,Commons,Secretary of State for Social Security,1992-04-10,1997-05-01,1847.0,,,Conservative,John Major,https://id.parliament.uk/wm7IFsoC,68
Michael,Portillo,Commons,Chief Secretary to the Treasury,1992-04-10,1994-07-19,830.0,,,Conservative,John Major,https://id.parliament.uk/MUKZuAsV,187
William,Waldegrave,Commons,Chancellor of the Duchy of Lancaster,1992-04-10,1994-07-20,831.0,,,Conservative,John Major,https://id.parliament.uk/i8lCvPZW,957
Kenneth,Clarke,Commons,Home Secretary,1992-04-10,1993-05-26,411.0,,,Conservative,John Major,https://id.parliament.uk/TyNGhslR,366
Patrick,Mayhew,Commons,Secretary of State for Northern Ireland,1992-04-10,1997-05-01,1847.0,,,Conservative,John Major,https://id.parliament.uk/e7VHc97c,914
John,Wakeham,Lords,Lord Privy Seal and Leader of the House of Lords,1992-04-10,1994-07-19,830.0,,,,John Major,https://id.parliament.uk/RrFvFH7m,1278
Michael,Heseltine,Commons,President of the Board of Trade,1992-04-10,1995-07-04,1180.0,,,Conservative,John Major,https://id.parliament.uk/HDWaJnag,94
Gillian,Shephard,Commons,Secretary of State for Employment,1992-04-11,1993-05-26,410.0,,,Conservative,John Major,https://id.parliament.uk/F6lBvlXV,132
Michael,Howard,Commons,Secretary of State for Environment,1992-04-11,1993-05-26,410.0,,,Conservative,John Major,https://id.parliament.uk/oCUMaUL5,82
John,MacGregor,Commons,Secretary of State for Transport,1992-04-11,1994-07-20,830.0,,,Conservative,John Major,https://id.parliament.uk/x4is0fjM,131
David,Mellor,Commons,Secretary of State for National Heritage,1992-04-11,1992-09-24,166.0,,,Conservative,John Major,https://id.parliament.uk/jYLn1R21,1134
John,Cope,Commons,Paymaster General (HM Treasury),1992-04-14,1994-07-19,826.0,,,Conservative,John Major,https://id.parliament.uk/9oBlXsXa,787
Patrick,McLoughlin,Commons,Parliamentary Under-Secretary (Department of Employment),1992-04-14,1993-05-27,408.0,,,Conservative,John Major,https://id.parliament.uk/LZDZjBO2,333
Stephen,Dorrell,Commons,Financial Secretary (HM Treasury),1992-04-14,1994-07-19,826.0,,,Conservative,John Major,https://id.parliament.uk/TkjF6HCq,336
Richard,Needham,Commons,Minister of State (Department of Trade and Industry),1992-04-14,1995-07-05,1177.0,,,Conservative,John Major,https://id.parliament.uk/tUYIkKty,1271
Eric,Forth,Commons,Parliamentary Under-Secretary (Department for Education),1992-04-14,1994-07-20,827.0,,,Conservative,John Major,https://id.parliament.uk/aFlbj7f8,149
Gwilym,Jones,Commons,Parliamentary Under-Secretary (Welsh Office),1992-04-14,1997-05-02,1844.0,,,Conservative,John Major,https://id.parliament.uk/sYzsF0Nn,1147
Simon,Key,Commons,Parliamentary Under-Secretary (Department of National Heritage),1992-04-14,1993-05-27,408.0,,,Conservative,John Major,https://id.parliament.uk/sgDqGX5g,262
Malcolm,Sinclair,Lords,Minister of State (Transport) (Railways and Roads),1992-04-14,1994-01-11,637.0,,,Conservative,John Major,https://id.parliament.uk/BJCRqlfb,3310
Peter,Fraser,Lords,Minister of State (Scottish Office),1992-04-14,1995-07-06,1178.0,,,Conservative,John Major,https://id.parliament.uk/JyFjqhP7,1128
Hector,Monro,Commons,Parliamentary Under-Secretary (Scottish Office),1992-04-14,1995-07-06,1178.0,,,Conservative,John Major,https://id.parliament.uk/uFWbfP6Y,1238
Richard,Nelson,Commons,Economic Secretary (HM Treasury),1992-04-14,1994-07-20,827.0,,,Conservative,John Major,https://id.parliament.uk/y9Saz9Fh,1114
Thomas,Sackville,Commons,Parliamentary Under-Secretary (Department of Health),1992-04-14,1995-11-29,1324.0,,,Conservative,John Major,https://id.parliament.uk/N1bSYM8F,1274
Michael,Forsyth,Commons,Minister of State (Department of Employment),1992-04-14,1994-07-19,826.0,,,Conservative,John Major,https://id.parliament.uk/b8TTkvuy,1141
Derek,Spencer,Commons,Solicitor-General,1992-04-14,1997-05-01,1843.0,,,Conservative,John Major,https://id.parliament.uk/a9Bx8REg,1155
Alistair,Burt,Commons,Parliamentary Under-Secretary (Department of Social Security),1992-04-14,1995-07-06,1178.0,,,Conservative,John Major,https://id.parliament.uk/OxbSuAew,1201
Jonathan,Aitken,Commons,Minister of State (Ministry of Defence) (Procurement),1992-04-14,1994-07-19,826.0,,,Conservative,John Major,https://id.parliament.uk/QuB3DsYA,735
Robert,Atkins,Commons,Minister of State (Northern Ireland Office),1992-04-14,1994-01-11,637.0,,,Conservative,John Major,https://id.parliament.uk/QgLBTJly,975
Mostyn,Hamilton,Commons,Parliamentary Under-Secretary (Department of Trade and Industry),1992-04-14,1994-10-25,924.0,,,Conservative,John Major,https://id.parliament.uk/4ERy4j8i,731
David,Maclean,Commons,Minister (Department of Environment) (Environment and Countryside),1992-04-14,1993-05-26,407.0,,,Conservative,John Major,https://id.parliament.uk/FPrIhqOa,497
Alastair,Goodlad,Commons,Minister of State (Foreign and Commonwealth Office),1992-04-14,1995-07-05,1177.0,,,Conservative,John Major,https://id.parliament.uk/MhFkcAAB,670
Arthur,Soames,Commons,"Parliamentary Secretary (Ministry of Agriculture, Fisheries and Food)",1992-04-14,1994-07-20,827.0,,,Conservative,John Major,https://id.parliament.uk/1cDjLul6,116
Brian,Mawhinney,Commons,Minister of State (Department of Health),1992-04-14,1994-07-19,826.0,,,Conservative,John Major,https://id.parliament.uk/hh1U1Uts,121
Steven,Norris,Commons,Parliamentary Under-Secretary (Department for Transport),1992-04-14,1996-07-23,1561.0,,,Conservative,John Major,https://id.parliament.uk/aNMSXDdi,707
Francis,Forman,Commons,Parliamentary Under-Secretary (Department of Education and Science),1992-04-14,1992-12-11,241.0,,,Conservative,John Major,https://id.parliament.uk/o8aKBPgp,833
David,Curry,Commons,"Minister of State (Ministry of Agriculture, Fisheries and Food)",1992-04-14,1993-05-26,407.0,,,Conservative,John Major,https://id.parliament.uk/1pWd6oAq,383
Andrew,Mackay,Commons,Assistant Whip (HM Treasury),1992-04-15,1993-05-27,407.0,,,Conservative,John Major,https://id.parliament.uk/tbstaKRj,7
Sydney,Chapman,Commons,Vice-Chamberlain (HM Household),1992-04-15,1995-07-06,1177.0,,,Conservative,John Major,https://id.parliament.uk/JOJ4ie6I,153
Timothy,Boswell,Commons,Lord Commissioner (HM Treasury) (Whip),1992-04-15,1992-12-10,239.0,,,Conservative,John Major,https://id.parliament.uk/gy6uSWSc,352
Timothy,Eggar,Commons,Minister of State (Energy),1992-04-15,1994-07-20,826.0,,,Conservative,John Major,https://id.parliament.uk/mELBe96T,814
David,Heathcoat-Amory,Commons,Deputy Chief Whip and Treasurer,1992-04-15,1993-06-06,417.0,,,Conservative,John Major,https://id.parliament.uk/WPLucIn4,257
Charles,Wardle,Commons,Parliamentary Under-Secretary (Home Office),1992-04-15,1994-07-20,826.0,,,Conservative,John Major,https://id.parliament.uk/DkuxdCqv,22
Robert,Hughes,Commons,Assistant Whip (HM Treasury),1992-04-15,1994-07-20,826.0,,,Conservative,John Major,https://id.parliament.uk/cxgYyXBA,980
John,Redwood,Commons,Minister (Department of Environment) (Local Government),1992-04-15,1993-05-26,406.0,,,Conservative,John Major,https://id.parliament.uk/UPIMfkMx,14
Robert,Jackson,Commons,Parliamentary Secretary (Duchy of Lancaster Office),1992-04-15,1993-05-26,406.0,,,Conservative,John Major,https://id.parliament.uk/paMVQ0mZ,97
Timothy,Wood,Commons,Lord Commissioner (HM Treasury) (Whip),1992-04-15,1995-07-06,1177.0,,,Conservative,John Major,https://id.parliament.uk/sI1RPKVU,1156
Robin,Squire,Commons,Parliamentary Under-Secretary (Department of Environment),1992-04-15,1993-05-27,407.0,,,Conservative,John Major,https://id.parliament.uk/DY3PT3iT,1195
Peter,Lloyd,Commons,Minister of State (Home Office),1992-04-15,1994-07-20,826.0,,,Conservative,John Major,https://id.parliament.uk/W5D5rUCg,51
John,Jack,Commons,Minister of State (Home Office),1992-04-15,1993-05-27,407.0,,,Conservative,John Major,https://id.parliament.uk/RPGX8J0V,468
James,Arbuthnot,Commons,Assistant Whip (HM Treasury),1992-04-15,1994-07-20,826.0,,,Conservative,John Major,https://id.parliament.uk/9Z7F9DpF,56
Michael,Mates,Commons,Minister of State (Northern Ireland Office),1992-04-15,1993-06-24,435.0,,,Conservative,John Major,https://id.parliament.uk/CzFChgYE,49
Timothy,Yeo,Commons,Parliamentary Under-Secretary (Department of Health),1992-04-15,1993-05-27,407.0,,,Conservative,John Major,https://id.parliament.uk/4ORRLQHc,136
Kenneth,Carlisle,Commons,Parliamentary Under-Secretary (Department for Transport),1992-04-15,1993-05-27,407.0,,,Conservative,John Major,https://id.parliament.uk/0mu7hVim,773
Robert,Gascoyne-Cecil,Lords,Parliamentary Under-Secretary (Ministry of Defence),1992-04-22,1994-07-20,819.0,,,,John Major,https://id.parliament.uk/SWd5FIXe,1124
Thomas,Galbraith,Lords,Parliamentary Under-Secretary (Department of Environment),1992-07-26,1993-09-07,408.0,,,Conservative,John Major,https://id.parliament.uk/ucGKwgAr,2221
Peter,Brooke,Commons,Secretary of State for National Heritage,1992-09-25,1994-07-19,662.0,,,Conservative,John Major,https://id.parliament.uk/roOxyfCY,154
Timothy,Kirkhope,Commons,Lord Commissioner (HM Treasury) (Whip),1992-12-16,1995-07-07,933.0,,,Conservative,John Major,https://id.parliament.uk/MCQbcUkT,891
Timothy,Boswell,Commons,Parliamentary Under-Secretary (Department of Education and Science),1992-12-19,1995-07-06,929.0,,,Conservative,John Major,https://id.parliament.uk/gy6uSWSc,352
Thomas,Galbraith,Lords,Minister of State (Department of Trade and Industry),1993-01-11,1994-07-20,555.0,,,Conservative,John Major,https://id.parliament.uk/ucGKwgAr,2221
Jeremy,Hanley,Commons,Minister of State (Ministry of Defence) (Armed Services),1993-05-27,1994-07-20,419.0,,,Conservative,John Major,https://id.parliament.uk/AmSoXYkw,734
Michael,Ancram,Commons,Parliamentary Under-Secretary (Northern Ireland Office),1993-05-27,1994-01-05,223.0,,,Conservative,John Major,https://id.parliament.uk/eGl33Tri,259
John,Jack,Commons,"Minister of State (Ministry of Agriculture, Fisheries and Food)",1993-05-27,1995-07-05,769.0,,,Conservative,John Major,https://id.parliament.uk/RPGX8J0V,468
Patrick,McLoughlin,Commons,Parliamentary Under-Secretary (Department of Trade and Industry),1993-05-27,1994-07-20,419.0,,,Conservative,John Major,https://id.parliament.uk/LZDZjBO2,333
Timothy,Yeo,Commons,Minister (Department of Environment) (Environment and Countryside),1993-05-27,1994-01-06,224.0,,,Conservative,John Major,https://id.parliament.uk/4ORRLQHc,136
Kenneth,Clarke,Commons,Chancellor of the Exchequer,1993-05-27,1997-05-01,1435.0,,,Conservative,John Major,https://id.parliament.uk/TyNGhslR,366
Michael,Brown,Commons,Assistant Whip (HM Treasury),1993-05-27,1994-05-07,345.0,,,Conservative,John Major,https://id.parliament.uk/9KUXjDs5,1121
Andrew,Mackay,Commons,Lord Commissioner (HM Treasury) (Whip),1993-05-27,1995-10-18,874.0,,,Conservative,John Major,https://id.parliament.uk/tbstaKRj,7
Robin,Squire,Commons,Parliamentary Under-Secretary (Department of Education and Science),1993-05-27,1995-07-05,769.0,,,Conservative,John Major,https://id.parliament.uk/DY3PT3iT,1195
Iain,Sproat,Commons,Parliamentary Under-Secretary (Department of National Heritage),1993-05-27,1995-07-06,770.0,,,Conservative,John Major,https://id.parliament.uk/EMEy2taH,1190
Derek,Conway,Commons,Assistant Whip (HM Treasury),1993-05-27,1994-07-20,419.0,,,Conservative,John Major,https://id.parliament.uk/pbWJKUiP,1202
David,Curry,Commons,Minister (Department of Environment) (Local Government),1993-05-27,1997-05-01,1435.0,,,Conservative,John Major,https://id.parliament.uk/1pWd6oAq,383
Ann,Widdecombe,Commons,Parliamentary Under-Secretary (Department of Employment),1993-05-27,1994-07-20,419.0,,,Conservative,John Major,https://id.parliament.uk/qW98eRN0,85
David,Davis,Commons,Parliamentary Secretary (Duchy of Lancaster Office),1993-05-27,1994-07-19,418.0,,,Conservative,John Major,https://id.parliament.uk/A7xoNSH8,373
David,Maclean,Commons,Minister of State (Home Office),1993-05-27,1997-05-01,1435.0,,,Conservative,John Major,https://id.parliament.uk/FPrIhqOa,497
David,Hunt,Commons,Secretary of State for Employment,1993-05-27,1994-07-19,418.0,,,Conservative,John Major,https://id.parliament.uk/r8raAEpb,994
Simon,Key,Commons,Parliamentary Under-Secretary (Department for Transport),1993-05-27,1994-07-20,419.0,,,Conservative,John Major,https://id.parliament.uk/sgDqGX5g,262
Gillian,Shephard,Commons,"Secretary of State for Agriculture, Fisheries and Food",1993-05-27,1994-07-19,418.0,,,Conservative,John Major,https://id.parliament.uk/F6lBvlXV,132
Michael,Howard,Commons,Home Secretary,1993-05-27,1997-05-01,1435.0,,,Conservative,John Major,https://id.parliament.uk/oCUMaUL5,82
John,Gummer,Commons,Secretary of State for Environment,1993-05-27,1997-05-01,1435.0,,,Conservative,John Major,https://id.parliament.uk/1KIlbbma,4154
William,Hague,Commons,Parliamentary Under-Secretary (Department of Social Security),1993-05-27,1994-07-20,419.0,,,Conservative,John Major,https://id.parliament.uk/rEpJPeh9,379
John,Bowis,Commons,Parliamentary Under-Secretary (Department of Health),1993-05-27,1996-07-23,1153.0,,,Conservative,John Major,https://id.parliament.uk/H58VdOOn,754
David,Heathcoat-Amory,Commons,Minister of State (Foreign and Commonwealth Office),1993-06-07,1994-07-20,408.0,,,Conservative,John Major,https://id.parliament.uk/WPLucIn4,257
Gregory,Knight,Commons,Deputy Chief Whip and Treasurer,1993-06-07,1996-07-22,1141.0,,,Conservative,John Major,https://id.parliament.uk/wEjb3Hkt,1200
John,Wheeler,Commons,Minister of State (Northern Ireland Office),1993-06-25,1997-05-02,1407.0,,,Conservative,John Major,https://id.parliament.uk/BjOKnazb,1269
John,Redwood,Commons,Secretary of State for Wales,1993-07-20,1995-07-04,714.0,,,Conservative,John Major,https://id.parliament.uk/UPIMfkMx,14
Nicholas,Lowther,Lords,"Captain of the Honourable Corps of Gentlemen-at-Arms (HM Household) (Chief Whip, House of Lords)",1993-09-16,1994-07-19,306.0,,,Crossbench,John Major,https://id.parliament.uk/6wv9iDnq,1828
Timothy,Smith,Commons,Parliamentary Under-Secretary (Northern Ireland Office),1994-01-06,1994-10-20,287.0,,,Conservative,John Major,https://id.parliament.uk/i0h57h4O,1245
Robert,Atkins,Commons,Minister (Department of Environment) (Environment and Countryside),1994-01-07,1995-07-05,544.0,,,Conservative,John Major,https://id.parliament.uk/QgLBTJly,975
Michael,Ancram,Commons,Minister of State (Northern Ireland Office),1994-01-11,1997-05-02,1207.0,,,Conservative,John Major,https://id.parliament.uk/eGl33Tri,259
John,MacKay,Lords,Parliamentary Under-Secretary (Department for Transport),1994-01-11,1994-07-20,190.0,,,Conservative,John Major,https://id.parliament.uk/uCzFsST1,1884
Petrie,Wells,Commons,Assistant Whip (HM Treasury),1994-05-10,1995-07-07,423.0,,,Conservative,John Major,https://id.parliament.uk/QzoW5pCF,66
Roger,Evans,Commons,Parliamentary Under-Secretary (Department of Social Security),1994-07-20,1997-05-02,1017.0,,,Conservative,John Major,https://id.parliament.uk/CgJwSMO8,1217
Angela,Browning,Commons,"Parliamentary Secretary (Ministry of Agriculture, Fisheries and Food)",1994-07-20,1997-05-02,1017.0,,,Conservative,John Major,https://id.parliament.uk/W91sEqic,236
Jeremy,Hanley,Commons,Minister without Portfolio,1994-07-20,1995-07-05,350.0,,,Conservative,John Major,https://id.parliament.uk/AmSoXYkw,734
David,Willetts,Commons,Assistant Whip (HM Treasury),1994-07-20,1995-07-07,352.0,,,Conservative,John Major,https://id.parliament.uk/DKD3eVop,53
Timothy,Eggar,Commons,Minister of State (Energy and Industry),1994-07-20,1996-07-23,734.0,,,Conservative,John Major,https://id.parliament.uk/mELBe96T,814
Giles,Goschen,Lords,Parliamentary Under-Secretary (Department for Transport),1994-07-20,1997-05-02,1017.0,,,Conservative,John Major,https://id.parliament.uk/z45bv7uY,3602
Anthony,Baldry,Commons,Parliamentary Under-Secretary (Foreign and Commonwealth Office),1994-07-20,1995-07-06,351.0,,,Conservative,John Major,https://id.parliament.uk/nqvFaORz,93
Nicholas,Baker,Commons,Parliamentary Under-Secretary (Home Office),1994-07-20,1995-10-18,455.0,,,Conservative,John Major,https://id.parliament.uk/o0auXSfv,1085
George,Young,Commons,Financial Secretary (HM Treasury),1994-07-20,1995-07-05,350.0,,,Conservative,John Major,https://id.parliament.uk/9mJigEyv,57
David,Hunt,Commons,Chancellor of the Duchy of Lancaster and Minister (Public Service & Science),1994-07-20,1995-07-04,349.0,,,Conservative,John Major,https://id.parliament.uk/r8raAEpb,994
Ann,Widdecombe,Commons,Minister of State (Department of Employment),1994-07-20,1995-07-06,351.0,,,Conservative,John Major,https://id.parliament.uk/qW98eRN0,85
Robert,Gascoyne-Cecil,Lords,Lord Privy Seal and Leader of the House of Lords,1994-07-20,1997-05-01,1016.0,,,Conservative,John Major,https://id.parliament.uk/SWd5FIXe,1124
Robert,Hughes,Commons,Parliamentary Secretary (Cabinet Office),1994-07-20,1995-03-05,228.0,,,Conservative,John Major,https://id.parliament.uk/cxgYyXBA,980
Derek,Conway,Commons,Lord Commissioner (HM Treasury) (Whip),1994-07-20,1996-07-23,734.0,,,Conservative,John Major,https://id.parliament.uk/pbWJKUiP,1202
Stephen,Dorrell,Commons,Secretary of State for National Heritage,1994-07-20,1995-07-04,349.0,,,Conservative,John Major,https://id.parliament.uk/TkjF6HCq,336
Thomas,Galbraith,Lords,"Captain of the Honourable Corps of Gentlemen-at-Arms (HM Household) (Chief Whip, House of Lords)",1994-07-20,1997-04-08,993.0,,,Conservative,John Major,https://id.parliament.uk/ucGKwgAr,2221
Robert,Jones,Commons,Parliamentary Under-Secretary (Department of Environment),1994-07-20,1995-07-06,351.0,,,Conservative,John Major,https://id.parliament.uk/cpZmVbsw,1148
Roger,Freeman,Commons,Minister of State (Ministry of Defence) (Procurement),1994-07-20,1995-07-05,350.0,,,Conservative,John Major,https://id.parliament.uk/eTZqW0Kg,836
Simon,Burns,Commons,Assistant Whip (HM Treasury),1994-07-20,1995-07-07,352.0,,,Conservative,John Major,https://id.parliament.uk/ueCA7LxD,46
David,Davis,Commons,Minister of State (Foreign and Commonwealth Office),1994-07-20,1997-05-02,1017.0,,,Conservative,John Major,https://id.parliament.uk/A7xoNSH8,373
James,Arbuthnot,Commons,Parliamentary Under-Secretary (Department of Social Security),1994-07-20,1995-07-06,351.0,,,Conservative,John Major,https://id.parliament.uk/9Z7F9DpF,56
Roderick,Richards,Commons,Parliamentary Under-Secretary (Welsh Office),1994-07-20,1996-06-02,683.0,,,Conservative,John Major,https://id.parliament.uk/mRDdv4j2,1477
Michael,Forsyth,Commons,Minister of State (Home Office),1994-07-20,1995-07-05,350.0,,,Conservative,John Major,https://id.parliament.uk/b8TTkvuy,1141
David,Heathcoat-Amory,Commons,Paymaster General (HM Treasury),1994-07-20,1996-07-20,731.0,,,Conservative,John Major,https://id.parliament.uk/WPLucIn4,257
James,Paice,Commons,Parliamentary Under-Secretary (Department of Employment),1994-07-20,1995-07-05,350.0,,,Conservative,John Major,https://id.parliament.uk/sZAnVs3N,124
Richard,Nelson,Commons,Minister of State (HM Treasury),1994-07-20,1995-07-06,351.0,,,Conservative,John Major,https://id.parliament.uk/y9Saz9Fh,1114
Michael,Portillo,Commons,Secretary of State for Employment,1994-07-20,1995-07-05,350.0,,,Conservative,John Major,https://id.parliament.uk/MUKZuAsV,187
Jonathan,Aitken,Commons,Chief Secretary to the Treasury,1994-07-20,1995-07-04,349.0,,,Conservative,John Major,https://id.parliament.uk/QuB3DsYA,735
Brian,Mawhinney,Commons,Secretary of State for Transport,1994-07-20,1995-07-05,350.0,,,Conservative,John Major,https://id.parliament.uk/hh1U1Uts,121
William,Hague,Commons,Minister of State (Department of Social Security),1994-07-20,1995-07-05,350.0,,,Conservative,John Major,https://id.parliament.uk/rEpJPeh9,379
John,Watts,Commons,Minister of State (Department for Transport),1994-07-20,1997-05-02,1017.0,,,Conservative,John Major,https://id.parliament.uk/LScIUaQj,1259
Phillip,Oppenheim,Commons,Parliamentary Under-Secretary (Department of Employment),1994-07-20,1995-07-05,350.0,,,Conservative,John Major,https://id.parliament.uk/iyqWxF9q,928
Arthur,Soames,Commons,Minister of State (Ministry of Defence) (Armed Services),1994-07-20,1997-05-01,1016.0,,,Conservative,John Major,https://id.parliament.uk/1cDjLul6,116
Gillian,Shephard,Commons,Secretary of State for Education and Science,1994-07-20,1995-07-05,350.0,,,Conservative,John Major,https://id.parliament.uk/F6lBvlXV,132
Charles,Wardle,Commons,Parliamentary Under-Secretary (Department of Trade and Industry),1994-07-20,1995-02-11,206.0,,,Conservative,John Major,https://id.parliament.uk/DkuxdCqv,22
Alexander,Beresford,Commons,Parliamentary Under-Secretary (Department of Environment),1994-07-20,1997-05-02,1017.0,,,Conservative,John Major,https://id.parliament.uk/30jdl8Wc,103
Liam,Fox,Commons,Assistant Whip (HM Treasury),1994-07-20,1995-11-28,496.0,,,Conservative,John Major,https://id.parliament.uk/dougZwFw,223
Eric,Forth,Commons,Minister of State (Department for Education),1994-07-20,1995-01-01,165.0,,,Conservative,John Major,https://id.parliament.uk/aFlbj7f8,149
William,Waldegrave,Commons,"Secretary of State for Agriculture, Fisheries and Food",1994-07-20,1995-07-04,349.0,,,Conservative,John Major,https://id.parliament.uk/i8lCvPZW,957
Peter,Malone,Commons,Minister of State (Department of Health),1994-07-20,1997-05-01,1016.0,,,Conservative,John Major,https://id.parliament.uk/z7dH1VAp,1272
Ian,Taylor,Commons,Parliamentary Under-Secretary (Department of Trade and Industry),1994-07-20,1997-05-02,1017.0,,,Conservative,John Major,https://id.parliament.uk/kuFrlWbX,101
Michael,Bates,Commons,Assistant Whip (HM Treasury),1994-07-20,1995-01-01,165.0,,,Conservative,John Major,https://id.parliament.uk/BZvoqdyu,1091
Andrew,Mitchell,Commons,Lord Commissioner (HM Treasury) (Whip),1994-07-20,1995-07-06,351.0,,,Conservative,John Major,https://id.parliament.uk/QW4mOMIY,1211
William,Fletcher-Vane,Lords,Lord in Waiting (HM Household) (Whip),1994-07-21,1995-01-11,174.0,,,Conservative,John Major,https://id.parliament.uk/RbJQgcZ2,1980
Malcolm,Moss,Commons,Parliamentary Under-Secretary (Northern Ireland Office),1994-10-25,1997-05-02,920.0,,,Conservative,John Major,https://id.parliament.uk/zFSYVUnm,120
Jonathan,Evans,Commons,Parliamentary Under-Secretary (Department of Trade and Industry),1994-10-27,1995-05-02,187.0,,,Conservative,John Major,https://id.parliament.uk/stVd5FW4,1166
James,Douglas-Hamilton,Commons,Minister of State (Scotland Office),1995-01-01,1997-01-01,731.0,,,Conservative,John Major,https://id.parliament.uk/io57LQOv,802
Eric,Forth,Commons,Minister of State (Department for Education and Employment),1995-01-01,1997-01-01,731.0,,,Conservative,John Major,https://id.parliament.uk/aFlbj7f8,149
Michael,Bates,Commons,Lord Commissioner (HM Treasury) (Whip),1995-01-01,1996-01-01,365.0,,,Conservative,John Major,https://id.parliament.uk/BZvoqdyu,1091
William,Fletcher-Vane,Lords,"Captain of the Queen's Bodyguard of the Yeomen of the Guard (HM Household) (Deputy Chief Whip, House of Lords)",1995-01-01,1995-07-01,181.0,,,Conservative,John Major,https://id.parliament.uk/RbJQgcZ2,1980
John,Taylor,Commons,Parliamentary Under-Secretary (Department of Trade and Industry),1995-01-01,1997-01-01,731.0,,,Conservative,John Major,https://id.parliament.uk/yMom4Yzc,313
George,Kynoch,Commons,Parliamentary Under-Secretary (Scottish Office),1995-02-08,1997-05-02,814.0,,,Conservative,John Major,https://id.parliament.uk/VVzMWRDd,1168
Richard,Page,Commons,Parliamentary Under-Secretary (Department of Trade and Industry),1995-02-14,1997-05-02,808.0,,,Conservative,John Major,https://id.parliament.uk/vyRXSuOy,70
John,Horam,Commons,Parliamentary Secretary (Duchy of Lancaster Office),1995-03-06,1995-11-27,266.0,,,Conservative,John Major,https://id.parliament.uk/wtsenmJj,196
Michael,Heseltine,Commons,First Secretary of State and Deputy Prime Minister,1995-07-05,1997-05-01,666.0,,,Conservative,John Major,https://id.parliament.uk/HDWaJnag,94
Alastair,Goodlad,Commons,Parliamentary Secretary to the Treasury (Chief Whip),1995-07-05,1997-05-01,666.0,,,Conservative,John Major,https://id.parliament.uk/MhFkcAAB,670
Robin,Squire,Commons,Parliamentary Under-Secretary (Department for Education and Employment),1995-07-05,1997-05-02,667.0,,,Conservative,John Major,https://id.parliament.uk/DY3PT3iT,1195
Brian,Mawhinney,Commons,Minister without Portfolio,1995-07-05,1997-05-01,666.0,,,Conservative,John Major,https://id.parliament.uk/hh1U1Uts,121
Virginia,Bottomley,Commons,Secretary of State for National Heritage,1995-07-05,1997-05-01,666.0,,,Conservative,John Major,https://id.parliament.uk/p8wtjEOJ,106
Malcolm,Rifkind,Commons,Foreign Secretary,1995-07-05,1997-05-01,666.0,,,Conservative,John Major,https://id.parliament.uk/Os58GI3o,1191
Ian,Lang,Commons,Secretary of State for Trade,1995-07-05,1997-05-01,666.0,,,Conservative,John Major,https://id.parliament.uk/YrlabEUV,896
William,Waldegrave,Commons,Chief Secretary to the Treasury,1995-07-05,1997-05-01,666.0,,,Conservative,John Major,https://id.parliament.uk/i8lCvPZW,957
George,Young,Commons,Secretary of State for Transport,1995-07-05,1997-05-04,669.0,,,Conservative,John Major,https://id.parliament.uk/9mJigEyv,57
Gillian,Shephard,Commons,Secretary of State for Education and Employment,1995-07-05,1997-05-01,666.0,,,Conservative,John Major,https://id.parliament.uk/F6lBvlXV,132
Jeremy,Hanley,Commons,Minister of State (Foreign and Commonwealth Office),1995-07-05,1997-05-02,667.0,,,Conservative,John Major,https://id.parliament.uk/AmSoXYkw,734
Stephen,Dorrell,Commons,Secretary of State for Health,1995-07-05,1997-05-01,666.0,,,Conservative,John Major,https://id.parliament.uk/TkjF6HCq,336
Roger,Freeman,Commons,Chancellor of the Duchy of Lancaster and Minister (Public Service),1995-07-05,1997-05-01,666.0,,,Conservative,John Major,https://id.parliament.uk/eTZqW0Kg,836
Michael,Forsyth,Commons,Secretary of State for Scottish Office,1995-07-05,1997-05-01,666.0,,,Conservative,John Major,https://id.parliament.uk/b8TTkvuy,1141
William,Hague,Commons,Secretary of State for Wales,1995-07-05,1997-05-01,666.0,,,Conservative,John Major,https://id.parliament.uk/rEpJPeh9,379
Michael,Portillo,Commons,Secretary of State for Defence,1995-07-05,1997-05-01,666.0,,,Conservative,John Major,https://id.parliament.uk/MUKZuAsV,187
Douglas,Hogg,Commons,"Secretary of State for Agriculture, Fisheries and Food",1995-07-05,1997-05-01,666.0,,,Conservative,John Major,https://id.parliament.uk/w01cXpnf,349
Timothy,Boswell,Commons,"Parliamentary Secretary (Ministry of Agriculture, Fisheries and Food)",1995-07-06,1997-05-01,665.0,,,Conservative,John Major,https://id.parliament.uk/gy6uSWSc,352
Robert,Jones,Commons,Minister (Department of Environment) (Construction),1995-07-06,1997-05-06,670.0,,,Conservative,John Major,https://id.parliament.uk/cpZmVbsw,1148
Nicholas,Bonsor,Commons,Minister of State (Foreign and Commonwealth Office),1995-07-06,1997-05-02,666.0,,,Conservative,John Major,https://id.parliament.uk/oT5lJcXz,1088
Ann,Widdecombe,Commons,Minister of State (Home Office),1995-07-06,1997-05-01,665.0,,,Conservative,John Major,https://id.parliament.uk/qW98eRN0,85
John,Jack,Commons,Financial Secretary (HM Treasury),1995-07-06,1997-05-01,665.0,,,Conservative,John Major,https://id.parliament.uk/RPGX8J0V,468
Iain,Sproat,Commons,Minister of State (Department of National Heritage),1995-07-06,1997-05-01,665.0,,,Conservative,John Major,https://id.parliament.uk/EMEy2taH,1190
Andrew,Mitchell,Commons,Parliamentary Under-Secretary (Department of Social Security),1995-07-06,1997-05-01,665.0,,,Conservative,John Major,https://id.parliament.uk/QW4mOMIY,1211
Oliver,Heald,Commons,Parliamentary Under-Secretary (Department of Social Security),1995-07-06,1997-05-02,666.0,,,Conservative,John Major,https://id.parliament.uk/2FHDd6DL,69
Alistair,Burt,Commons,Minister (Department of Social Security) (Disabled),1995-07-06,1997-05-02,666.0,,,Conservative,John Major,https://id.parliament.uk/OxbSuAew,1201
William,Clappison,Commons,Parliamentary Under-Secretary (Department of Environment),1995-07-06,1997-05-01,665.0,,,Conservative,John Major,https://id.parliament.uk/Due8TiF6,67
James,Arbuthnot,Commons,Minister of State (Ministry of Defence) (Procurement),1995-07-06,1997-05-01,665.0,,,Conservative,John Major,https://id.parliament.uk/9Z7F9DpF,56
Raymond,Robertson,Commons,Parliamentary Under-Secretary (Scottish Office),1995-07-06,1997-05-02,666.0,,,Conservative,John Major,https://id.parliament.uk/drAKUDMv,1216
Richard,Nelson,Commons,Minister of State (Department of Trade and Industry),1995-07-06,1997-05-01,665.0,,,Conservative,John Major,https://id.parliament.uk/y9Saz9Fh,1114
Angela,Knight,Commons,Economic Secretary (HM Treasury),1995-07-06,1997-05-01,665.0,,,Conservative,John Major,https://id.parliament.uk/LKkDu7qK,1167
Cheryl,Gillan,Commons,Parliamentary Under-Secretary (Department for Education and Employment),1995-07-06,1997-05-01,665.0,,,Conservative,John Major,https://id.parliament.uk/c6QYWLOe,18
Peter,Fraser,Lords,Minister of State (Department of Trade and Industry),1995-07-06,1997-05-02,666.0,,,Conservative,John Major,https://id.parliament.uk/JyFjqhP7,1128
Anthony,Baldry,Commons,"Minister of State (Ministry of Agriculture, Fisheries and Food)",1995-07-06,1997-05-01,665.0,,,Conservative,John Major,https://id.parliament.uk/nqvFaORz,93
William,Fletcher-Vane,Lords,Parliamentary Under Secretary of State (Department of National Heritage) (Broadcasting and Tourism),1995-07-06,1997-05-02,666.0,,,Conservative,John Major,https://id.parliament.uk/RbJQgcZ2,1980
Gary,Streeter,Commons,Assistant Whip (Law Officers),1995-07-07,1996-11-28,510.0,,,Conservative,John Major,https://id.parliament.uk/7E9l2GUr,234
Roger,Knapman,Commons,Assistant Whip (HM Treasury),1995-07-07,1996-07-23,382.0,,,Conservative,John Major,https://id.parliament.uk/NtC1P2yM,1208
Timothy,Wood,Commons,"Comptroller (HM Household) (Deputy Chief Whip, House of Commons)",1995-07-07,1997-05-01,664.0,,,Conservative,John Major,https://id.parliament.uk/sI1RPKVU,1156
James,Paice,Commons,Parliamentary Under-Secretary (Department for Education and Employment),1995-07-07,1997-05-02,665.0,,,Conservative,John Major,https://id.parliament.uk/sZAnVs3N,124
Timothy,Kirkhope,Commons,"Vice Chamberlain (HM Household) (Whip, House of Commons)",1995-07-07,1995-10-18,103.0,,,Conservative,John Major,https://id.parliament.uk/MCQbcUkT,891
Patrick,McLoughlin,Commons,Assistant Whip (HM Treasury),1995-07-07,1996-07-23,382.0,,,Conservative,John Major,https://id.parliament.uk/LZDZjBO2,333
Phillip,Oppenheim,Commons,Parliamentary Under-Secretary (Department of Trade and Industry),1995-07-07,1996-07-23,382.0,,,Conservative,John Major,https://id.parliament.uk/iyqWxF9q,928
Petrie,Wells,Commons,Lord Commissioner (HM Treasury) (Whip),1995-07-08,1997-05-02,664.0,,,Conservative,John Major,https://id.parliament.uk/QzoW5pCF,66
David,Willetts,Commons,Lord Commissioner (HM Treasury) (Whip),1995-07-08,1995-11-28,143.0,,,Conservative,John Major,https://id.parliament.uk/DKD3eVop,53
Simon,Burns,Commons,Lord Commissioner (HM Treasury) (Whip),1995-07-08,1996-07-23,381.0,,,Conservative,John Major,https://id.parliament.uk/ueCA7LxD,46
Richard,Ottaway,Commons,Assistant Whip (HM Treasury),1995-10-18,1996-07-23,279.0,,,Conservative,John Major,https://id.parliament.uk/6yviBHmG,157
Andrew,Mackay,Commons,Vice-Chamberlain (HM Household),1995-10-18,1996-07-22,278.0,,,Conservative,John Major,https://id.parliament.uk/tbstaKRj,7
Timothy,Kirkhope,Commons,Parliamentary Under-Secretary (Home Office),1995-10-18,1997-05-01,561.0,,,Conservative,John Major,https://id.parliament.uk/MCQbcUkT,891
Gyles,Brandreth,Commons,Assistant Whip (HM Treasury),1995-11-25,1996-12-12,383.0,,,Conservative,John Major,https://id.parliament.uk/ph2V9uA4,760
David,Willetts,Commons,Parliamentary Secretary (Duchy of Lancaster Office),1995-11-28,1996-12-15,383.0,,,Conservative,John Major,https://id.parliament.uk/DKD3eVop,53
Liam,Fox,Commons,Lord Commissioner (HM Treasury) (Whip),1995-11-28,1996-07-23,238.0,,,Conservative,John Major,https://id.parliament.uk/dougZwFw,223
John,Horam,Commons,Parliamentary Under-Secretary (Department of Health),1995-11-29,1997-05-01,519.0,,,Conservative,John Major,https://id.parliament.uk/wtsenmJj,196
Jonathan,Evans,Commons,Parliamentary Under-Secretary (Lord Chancellor's Department),1995-11-29,1996-06-02,186.0,,,Conservative,John Major,https://id.parliament.uk/stVd5FW4,1166
Thomas,Sackville,Commons,Parliamentary Under-Secretary (Home Office),1995-11-29,1997-05-02,520.0,,,Conservative,John Major,https://id.parliament.uk/N1bSYM8F,1274
Peter,Fraser,Lords,Minister of State (Department of Energy),1996-01-01,1997-01-01,366.0,,,Conservative,John Major,https://id.parliament.uk/JyFjqhP7,1128
Jonathan,Evans,Commons,Parliamentary Under-Secretary (Welsh Office),1996-06-02,1997-05-01,333.0,,,Conservative,John Major,https://id.parliament.uk/stVd5FW4,1166
Sebastian,Coe,Commons,Assistant Whip (HM Treasury),1996-06-02,1997-05-02,334.0,,,Conservative,John Major,https://id.parliament.uk/3QcOBqLb,783
Gary,Streeter,Commons,Parliamentary Secretary (Lord Chancellor's Department),1996-06-02,1997-05-01,333.0,,,Conservative,John Major,https://id.parliament.uk/7E9l2GUr,234
Gregory,Knight,Commons,Minister of State (Energy and Industry),1996-07-05,1997-05-01,300.0,,,Conservative,John Major,https://id.parliament.uk/wEjb3Hkt,1200
David,Willetts,Commons,Paymaster General (HM Treasury),1996-07-20,1996-12-15,148.0,,,Conservative,John Major,https://id.parliament.uk/DKD3eVop,53
Richard,Ottaway,Commons,Lord Commissioner (HM Treasury) (Whip),1996-07-23,1997-05-02,283.0,,,Conservative,John Major,https://id.parliament.uk/6yviBHmG,157
Derek,Conway,Commons,"Vice Chamberlain (HM Household) (Whip, House of Commons)",1996-07-23,1997-05-01,282.0,,,Conservative,John Major,https://id.parliament.uk/pbWJKUiP,1202
Jacqueline,Lait,Commons,Assistant Whip (HM Treasury),1996-07-23,1997-05-02,283.0,,,Conservative,John Major,https://id.parliament.uk/SLoeFQUy,142
Simon,Burns,Commons,Parliamentary Under-Secretary (Department of Health),1996-07-23,1997-05-02,283.0,,,Conservative,John Major,https://id.parliament.uk/ueCA7LxD,46
Roger,Knapman,Commons,Lord Commissioner (HM Treasury) (Whip),1996-07-23,1997-05-02,283.0,,,Conservative,John Major,https://id.parliament.uk/NtC1P2yM,1208
Patrick,McLoughlin,Commons,Lord Commissioner (HM Treasury) (Whip),1996-07-23,1997-05-02,283.0,,,Conservative,John Major,https://id.parliament.uk/LZDZjBO2,333
Andrew,Mackay,Commons,Deputy Chief Whip and Treasurer,1996-07-23,1997-05-01,282.0,,,Conservative,John Major,https://id.parliament.uk/tbstaKRj,7
Anthony,Coombs,Commons,Assistant Whip (HM Treasury),1996-07-23,1997-05-02,283.0,,,Conservative,John Major,https://id.parliament.uk/azcD7cer,786
John,Bowis,Commons,Parliamentary Under-Secretary (Department for Transport),1996-07-23,1997-05-02,283.0,,,Conservative,John Major,https://id.parliament.uk/H58VdOOn,754
Phillip,Oppenheim,Commons,Exchequer Secretary (HM Treasury),1996-07-23,1997-05-02,283.0,,,Conservative,John Major,https://id.parliament.uk/iyqWxF9q,928
Liam,Fox,Commons,Parliamentary Under-Secretary (Foreign and Commonwealth Office),1996-07-23,1997-05-01,282.0,,,Conservative,John Major,https://id.parliament.uk/dougZwFw,223
Peter,Ainsworth,Commons,Assistant Whip (HM Treasury),1996-07-23,1997-05-02,283.0,,,Conservative,John Major,https://id.parliament.uk/ahT6ps42,99
Matthew,Carrington,Commons,Assistant Whip (HM Treasury),1996-12-12,1997-05-02,141.0,,,Conservative,John Major,https://id.parliament.uk/F0bA7jRt,1206
Gyles,Brandreth,Commons,Lord Commissioner (HM Treasury) (Whip),1996-12-12,1997-05-02,141.0,,,Conservative,John Major,https://id.parliament.uk/ph2V9uA4,760
Michael,Bates,Commons,Paymaster General (HM Treasury),1996-12-16,1997-05-01,136.0,,,Conservative,John Major,https://id.parliament.uk/BZvoqdyu,1091
John,Denham,Commons,Parliamentary Under-Secretary (Department of Social Security),1997-05-01,1998-06-01,396.0,,,Labour,John Major,https://id.parliament.uk/ArKNOGoC,61
Stuart,Bell,Commons,Second Church Estates Commissioner,1997-05-01,2010-05-06,4753.0,,,Labour,John Major,https://id.parliament.uk/w4N0bNUX,501
Andrew,McIntosh,Lords,"Captain of the Queen's Bodyguard of the Yeomen of the Guard (HM Household) (Deputy Chief Whip, House of Lords)",1997-05-01,2003-06-13,2234.0,,,Labour,John Major,https://id.parliament.uk/DLXOo8Gv,1885
Paul,Murphy,Commons,Minister of State (Northern Ireland Office),1997-05-01,1999-07-29,819.0,,,Labour,John Major,https://id.parliament.uk/J63bWC5i,546
Harriet,Harman,Commons,Secretary of State for Social Security and Minister for Women,1997-05-01,1998-07-27,452.0,,,Labour,John Major,https://id.parliament.uk/Jhxlo2zC,150
Douglas,Henderson,Commons,Minister of State (Europe),1997-05-01,1998-07-27,452.0,,,Labour,John Major,https://id.parliament.uk/YN3lxOgC,522
Anthony,Blair,Commons,"Prime Minister, First Lord of the Treasury and Minister for the Civil Service",1997-05-01,2007-06-27,3709.0,,,Labour,John Major,https://id.parliament.uk/wS6nF9As,512
Stanley,Clinton-Davis,Lords,Minister of State (Department of Trade and Industry),1997-05-01,1998-01-01,245.0,,,Labour,John Major,https://id.parliament.uk/h9Xn94S4,1116
David,Blunkett,Commons,Secretary of State for Education and Employment,1997-05-01,2001-06-08,1499.0,,,Labour,John Major,https://id.parliament.uk/s5O7ndZv,395
Denis,Carter,Lords,Lords Chief Whip (HM Household),1997-05-01,2002-05-29,1854.0,,,Labour,John Major,https://id.parliament.uk/k1ipn4Iz,3317
Alexander,Irvine,Lords,Lord Chancellor,1997-05-02,2003-06-12,2232.0,,,Labour,John Major,https://id.parliament.uk/4boTKMnB,1976
John,Straw,Commons,Home Secretary,1997-05-02,2001-06-08,1498.0,,,Labour,John Major,https://id.parliament.uk/191FW2uo,463
James,Brown,Commons,Chancellor of the Exchequer,1997-05-02,2007-06-28,3709.0,,,Labour,John Major,https://id.parliament.uk/ctpr2BTB,591
Margaret,Jay,Lords,Deputy Leader of the House of Lords,1997-05-02,1998-07-26,450.0,,,Labour,John Major,https://id.parliament.uk/Ofj24Bzh,1970
Estelle,Morris,Commons,Parliamentary Under-Secretary (Department for Education and Employment),1997-05-02,1998-07-28,452.0,,,Labour,John Major,https://id.parliament.uk/3UZQn6bw,305
Robert,Cook,Commons,Foreign Secretary,1997-05-02,2001-06-08,1498.0,,,Labour,John Major,https://id.parliament.uk/jJbdrvhw,623
Margaret,Beckett,Commons,"Secretary of State for Business, Innovation and Skills",1997-05-02,1998-07-27,451.0,,,Labour,John Major,https://id.parliament.uk/1L8qop3w,328
Keith,Bradley,Commons,Parliamentary Under-Secretary (Department of Social Security),1997-05-02,1998-07-28,452.0,,,Labour,John Major,https://id.parliament.uk/Amvygc1x,452
Tessa,Jowell,Commons,Minister of State (Department of Health) (Public Health),1997-05-02,1999-10-11,892.0,,,Labour,John Major,https://id.parliament.uk/1JWIKvq4,159
Ivor,Richard,Lords,Leader of the House of Lords and Lord Privy Seal,1997-05-02,1998-07-28,452.0,,,Labour,John Major,https://id.parliament.uk/TbqJB0z4,1688
John,Prescott,Commons,"Deputy Prime Minister and Secretary of State for Environment, Transport and the Regions",1997-05-02,2001-06-07,1497.0,,,Labour,John Major,https://id.parliament.uk/YIlbg1p1,374
Andrew,Smith,Commons,Minister of State (Department for Education and Employment),1997-05-03,1999-10-11,891.0,,,Labour,Tony Blair,https://id.parliament.uk/ApfLHFmq,95
Clare,Short,Commons,Secretary of State for International Development,1997-05-03,2003-05-12,2200.0,,,Labour,Tony Blair,https://id.parliament.uk/IbVFO6JP,300
Ronald,Davies,Commons,Secretary of State for Wales,1997-05-03,1998-10-26,541.0,,,Labour,Tony Blair,https://id.parliament.uk/QIGFyWWM,552
Frank,Dobson,Commons,Secretary of State for Health,1997-05-03,1999-10-10,890.0,,,Labour,Tony Blair,https://id.parliament.uk/MjnOg8YH,180
Nicholas,Brown,Commons,Parliamentary Secretary to the Treasury (Chief Whip),1997-05-03,1998-07-26,449.0,,,Labour,Tony Blair,https://id.parliament.uk/s4JIJptz,523
Derek,Foster,Commons,Minister of State (Cabinet Office),1997-05-03,1997-05-06,3.0,,,Labour,Tony Blair,https://id.parliament.uk/5VBAnlOe,506
Winifred,Taylor,Commons,Lord President of the Council and Leader of the House of Commons (Privy Council Office),1997-05-03,1998-07-26,449.0,,,Labour,Tony Blair,https://id.parliament.uk/rjOhPobl,407
Marjorie,Mowlam,Commons,Secretary of State for Northern Ireland,1997-05-03,1999-10-10,890.0,,,Labour,Tony Blair,https://id.parliament.uk/EJfPXSYu,503
Michael,Meacher,Commons,"Minister of State (Department for Environment, Transport and the Regions) (Environment)",1997-05-03,2001-06-07,1496.0,,,Labour,Tony Blair,https://id.parliament.uk/FdP6u6Vf,454
Geoffrey,Robinson,Commons,Paymaster General (HM Treasury),1997-05-03,1998-12-20,596.0,,,Labour,Tony Blair,https://id.parliament.uk/oEWQ89db,307
Alistair,Darling,Commons,Chief Secretary to the Treasury,1997-05-03,1998-07-27,450.0,,,Labour,Tony Blair,https://id.parliament.uk/t2ppPOcs,596
George,Robertson,Commons,Secretary of State for Defence,1997-05-03,1999-10-11,891.0,,,Labour,Tony Blair,https://id.parliament.uk/QU5fNlWA,672
David,Clark,Commons,Chancellor of the Duchy of Lancaster,1997-05-03,1998-07-01,424.0,,,Labour,Tony Blair,https://id.parliament.uk/3roCtsL6,525
Christopher,Smith,Commons,Secretary of State for National Heritage,1997-05-03,1997-07-22,80.0,,,Labour,Tony Blair,https://id.parliament.uk/m8K50ckZ,186
Donald,Dewar,Commons,Secretary of State for Scottish Office,1997-05-03,1999-05-16,743.0,,,Labour,Tony Blair,https://id.parliament.uk/0CPp4PNJ,678
Frank,Field,Commons,Minister (Department of Social Security) (Welfare Reform),1997-05-03,1998-07-28,451.0,,,Labour,Tony Blair,https://id.parliament.uk/Y39oWdz3,478
John,Cunningham,Commons,"Minister of State (Ministry of Agriculture, Fisheries and Food)",1997-05-03,1998-07-27,450.0,,,Labour,Tony Blair,https://id.parliament.uk/U3EBKKjK,496
George,Robertson,Lords,Secretary of State for Defence,1997-05-03,1999-10-11,891.0,,,,Tony Blair,https://id.parliament.uk/QU5fNlWA,672
Gavin,Strang,Commons,"Minister of State (Department for Environment, Transport and the Regions)",1997-05-03,1998-07-27,450.0,,,Labour,Tony Blair,https://id.parliament.uk/idMo7Oku,597
Peter,Mandelson,Commons,Minister without Portfolio,1997-05-05,1998-07-26,447.0,,,Labour,Tony Blair,https://id.parliament.uk/i8eCbE1j,500
Richard,Caborn,Commons,"Minister of State (Department for Environment, Transport and the Regions) (The Regions)",1997-05-06,1999-07-28,813.0,,,Labour,Tony Blair,https://id.parliament.uk/pSPV5So0,396
Stephen,Byers,Commons,Minister of State (Department for Education and Employment),1997-05-06,1998-07-27,447.0,,,Labour,Tony Blair,https://id.parliament.uk/yj8H4T00,524
Jeffrey,Rooker,Commons,"Minister of State (Ministry of Agriculture, Fisheries and Food)",1997-05-06,1999-07-29,814.0,,,Labour,Tony Blair,https://id.parliament.uk/wjDiGH73,302
Alun,Michael,Commons,Minister of State (Home Office),1997-05-06,1998-10-27,539.0,,,Labour,Tony Blair,https://id.parliament.uk/kxDTSMAG,562
Helen,Liddell,Commons,Economic Secretary (HM Treasury),1997-05-06,1998-07-27,447.0,,,Labour,Tony Blair,https://id.parliament.uk/gwlwCkOA,573
Anthony,Lloyd,Commons,Minister of State (Foreign and Commonwealth Office),1997-05-06,1999-07-29,814.0,,,Labour,Tony Blair,https://id.parliament.uk/IvJj657t,450
Brian,Wilson,Commons,Minister of State (Scottish Office) (Education and Industry),1997-05-06,1998-07-28,448.0,,,Labour,Tony Blair,https://id.parliament.uk/hzmg4VhO,585
Thomas,Clarke,Commons,"Minister of State (Department of National Heritage/Department for Culture, Media and Sport)",1997-05-06,1998-07-28,448.0,,,Labour,Tony Blair,https://id.parliament.uk/piSaWefK,583
Glenda,Jackson,Commons,Parliamentary Under-Secretary (Department of Environment),1997-05-06,1999-07-29,814.0,,,Labour,Tony Blair,https://id.parliament.uk/Sr8YzrIV,175
Henry,McLeish,Commons,Minister of State (Scotland Office),1997-05-06,1999-07-29,814.0,,,Labour,Tony Blair,https://id.parliament.uk/Ccs6Kkkh,580
Peter,Kilfoyle,Commons,Parliamentary Secretary (Cabinet Office),1997-05-06,1999-07-29,814.0,,,Labour,Tony Blair,https://id.parliament.uk/0xZTyin0,485
William,Worthington,Commons,Parliamentary Under-Secretary (Northern Ireland Office),1997-05-06,1998-07-28,448.0,,,Labour,Tony Blair,https://id.parliament.uk/eaePewqn,581
Barbara,Roche,Commons,Parliamentary Under-Secretary (Department of Trade),1997-05-06,1999-01-04,608.0,,,Labour,Tony Blair,https://id.parliament.uk/jnUWMrjI,182
Ian,McCartney,Commons,Minister of State (Competitiveness),1997-05-06,1999-07-29,814.0,,,Labour,Tony Blair,https://id.parliament.uk/btMGCWJR,448
George,Howarth,Commons,Parliamentary Under-Secretary (Home Office),1997-05-06,1999-07-29,814.0,,,Labour,Tony Blair,https://id.parliament.uk/IuAC2EF7,481
Alan,Howarth,Commons,Parliamentary Under-Secretary (Department for Education and Employment),1997-05-06,1998-07-28,448.0,,,Labour,Tony Blair,https://id.parliament.uk/xJTfXMO4,544
Kim,Howells,Commons,Parliamentary Under-Secretary (Department for Education and Employment),1997-05-06,1998-07-28,448.0,,,Labour,Tony Blair,https://id.parliament.uk/0K2JKjxj,556
Geoffrey,Hoon,Commons,Parliamentary Under-Secretary (Lord Chancellor's Department),1997-05-06,1998-07-28,448.0,,,Labour,Tony Blair,https://id.parliament.uk/yHpMxMCv,357
Malcolm,Chisholm,Commons,Parliamentary Under-Secretary (Scottish Office),1997-05-06,1997-12-10,218.0,,,Labour,Tony Blair,https://id.parliament.uk/WCuOlySR,598
Adam,Ingram,Commons,Minister of State (Northern Ireland Office),1997-05-06,2001-06-09,1495.0,,,Labour,Tony Blair,https://id.parliament.uk/vBabRjvC,593
Alan,Milburn,Commons,Minister of State (Department of Health),1997-05-06,1998-12-23,596.0,,,Labour,Tony Blair,https://id.parliament.uk/u5DIviww,507
Hilary,Armstrong,Commons,"Minister of State (Department for Environment, Transport and the Regions) (Local Government)",1997-05-06,2001-06-08,1494.0,,,Labour,Tony Blair,https://id.parliament.uk/2N2rM0o6,4150
Angela,Eagle,Commons,"Parliamentary Under-Secretary (Department for Environment, Transport and the Regions)",1997-05-06,1998-07-29,449.0,,,Labour,Tony Blair,https://id.parliament.uk/saLBlZIO,491
John,Morris,Commons,Attorney General (Law Officers),1997-05-06,1999-07-28,813.0,,,Labour,Tony Blair,https://id.parliament.uk/wC1Rw40g,565
Paul,Boateng,Commons,Parliamentary Under-Secretary (Department of Health),1997-05-06,1998-10-28,540.0,,,Labour,Tony Blair,https://id.parliament.uk/5dhjtEId,147
Peter,Hain,Commons,Parliamentary Under-Secretary (Welsh Office),1997-05-06,1999-07-29,814.0,,,Labour,Tony Blair,https://id.parliament.uk/2jVmwnh9,567
Winston,Griffiths,Commons,Parliamentary Under-Secretary (Wales Office),1997-05-06,1998-07-28,448.0,,,Labour,Tony Blair,https://id.parliament.uk/XVpI5dJE,551
Nigel,Griffiths,Commons,Parliamentary Under-Secretary (Department of Trade and Industry),1997-05-06,1998-07-28,448.0,,,Labour,Tony Blair,https://id.parliament.uk/3fidjjmC,600
John,Gilbert,Lords,Minister of State (Ministry of Defence) (Procurement),1997-05-06,1999-07-28,813.0,,,,Tony Blair,https://id.parliament.uk/nFDeQ5yu,843
Michael,O'Brien,Commons,Parliamentary Under-Secretary (Home Office),1997-05-06,2001-06-07,1493.0,,,Labour,Tony Blair,https://id.parliament.uk/WsevBmhh,290
John,Reid,Commons,Minister of State (Ministry of Defence),1997-05-06,1998-07-27,447.0,,,Labour,Tony Blair,https://id.parliament.uk/tlYrORH3,617
Samuel,Galbraith,Commons,Parliamentary Under-Secretary (Scottish Office),1997-05-06,1999-07-29,814.0,,,Labour,Tony Blair,https://id.parliament.uk/Lk8nGc3n,637
Alfred,Dubs,Lords,Parliamentary Under-Secretary (Northern Ireland Office) (Environment and Agriculture),1997-05-06,1999-12-31,969.0,,,Labour,Tony Blair,https://id.parliament.uk/EX8ZGq1y,805
George,Foulkes,Commons,Parliamentary Under-Secretary (Department for International Development),1997-05-06,2001-01-25,1360.0,,,Labour,Tony Blair,https://id.parliament.uk/qMbPK6Yo,579
John,Battle,Commons,Minister of State (Department of Trade and Industry),1997-05-06,1999-07-29,814.0,,,Labour,Tony Blair,https://id.parliament.uk/t3h7I9D4,417
Mark,Fisher,Commons,Parliamentary Under-Secretary (Department of National Heritage) (Arts),1997-05-06,1997-08-22,108.0,,,Labour,Tony Blair,https://id.parliament.uk/YKAVfvAI,285
Elliot,Morley,Commons,"Parliamentary Secretary (Ministry of Agriculture, Fisheries and Food)",1997-05-06,2001-06-10,1496.0,,,Labour,Tony Blair,https://id.parliament.uk/aqnjvFqc,377
Helene,Hayman,Lords,"Minister of State (Department for Environment, Transport and the Regions)",1997-05-06,1998-07-28,448.0,,,Labour,Tony Blair,https://id.parliament.uk/lLUVa9gw,1649
Dawn,Primarolo,Commons,Financial Secretary (HM Treasury),1997-05-06,1999-01-03,607.0,,,Labour,Tony Blair,https://id.parliament.uk/0FqjjgNp,217
Derek,Fatchett,Commons,Minister of State (Foreign and Commonwealth Office),1997-05-06,1999-05-10,734.0,,,Labour,Tony Blair,https://id.parliament.uk/iTwWCi5W,669
Wyvill,Raynsford,Commons,"Parliamentary Under-Secretary (Department for Environment, Transport and the Regions)",1997-05-06,1999-07-29,814.0,,,Labour,Tony Blair,https://id.parliament.uk/ccaOImtQ,171
Joyce,Quin,Commons,Minister of State (Home Office),1997-05-06,1998-07-28,448.0,,,Labour,Tony Blair,https://id.parliament.uk/DVdkkcZ9,518
John,Spellar,Commons,Parliamentary Under-Secretary (Ministry of Defence),1997-05-06,1999-07-28,813.0,,,Labour,Tony Blair,https://id.parliament.uk/OyBH9ISZ,318
Thomas,McAvoy,Commons,"Comptroller (HM Household) (Deputy Chief Whip, House of Commons)",1997-05-08,2008-10-05,4168.0,,,Labour,Tony Blair,https://id.parliament.uk/G2MkEUNS,4158
David,Clelland,Commons,Assistant Whip (HM Treasury),1997-05-08,2001-02-02,1366.0,,,Labour,Tony Blair,https://id.parliament.uk/rWU1c9P7,528
Graham,Allen,Commons,Lord Commissioner (HM Treasury) (Whip),1997-05-08,1998-07-28,446.0,,,Labour,Tony Blair,https://id.parliament.uk/olcSTYxz,364
John,McFall,Commons,Lord Commissioner (HM Treasury) (Whip),1997-05-08,1998-07-28,446.0,,,Labour,Tony Blair,https://id.parliament.uk/atS9nkzV,4148
Jane,Kennedy,Commons,Assistant Whip (HM Treasury),1997-05-08,1998-07-28,446.0,,,Labour,Tony Blair,https://id.parliament.uk/f5YiNuqP,486
David,Jamieson,Commons,Assistant Whip (HM Treasury),1997-05-08,1998-07-28,446.0,,,Labour,Tony Blair,https://id.parliament.uk/Kgm4fGPD,232
Janet,Anderson,Commons,Vice-Chamberlain (HM Household),1997-05-08,1998-07-28,446.0,,,Labour,Tony Blair,https://id.parliament.uk/GcpLlZh2,475
Robert,Ainsworth,Commons,Lord Commissioner (HM Treasury) (Whip),1997-05-08,2001-01-24,1357.0,,,Labour,Tony Blair,https://id.parliament.uk/hEQM2SPd,306
Simon,Haskel,Lords,Lord in Waiting (HM Household) (Whip),1997-05-08,1998-08-28,477.0,,,Labour,Tony Blair,https://id.parliament.uk/Hcuye0ra,2665
George,Mudie,Commons,Deputy Chief Whip and Treasurer,1997-05-08,1998-07-27,445.0,,,Labour,Tony Blair,https://id.parliament.uk/jL1lTThv,414
James,Dowd,Commons,Lord Commissioner (HM Treasury) (Whip),1997-05-08,2001-06-07,1491.0,,,Labour,Tony Blair,https://id.parliament.uk/78VTsWA6,189
Bridget,Prentice,Commons,Assistant Whip (HM Treasury),1997-05-08,1998-07-28,446.0,,,Labour,Tony Blair,https://id.parliament.uk/Lc3okOFy,191
Kevin,Hughes,Commons,Assistant Whip (HM Treasury),1997-05-08,2001-06-07,1491.0,,,Labour,Tony Blair,https://id.parliament.uk/4OhzHYLE,391
Gregory,Pope,Commons,Assistant Whip (HM Treasury),1997-05-08,1999-11-17,923.0,,,Labour,Tony Blair,https://id.parliament.uk/tpVRG55F,469
Anthony,Banks,Commons,"Parliamentary Under-Secretary (Department of National Heritage/Department for Culture, Media and Sport)) (Sport)",1997-05-08,1999-07-29,812.0,,,Labour,Tony Blair,https://id.parliament.uk/AkludBE0,3748
Jonathan,Jones,Commons,Lord Commissioner (HM Treasury) (Whip),1997-05-08,1998-07-28,446.0,,,Labour,Tony Blair,https://id.parliament.uk/PtihupsS,560
Clive,Betts,Commons,Assistant Whip (HM Treasury),1997-05-08,1998-07-28,446.0,,,Labour,Tony Blair,https://id.parliament.uk/JEES9mGo,394
Eric,Hoyle,Lords,Lord in Waiting (HM Household) (Whip),1997-05-15,1999-04-09,694.0,,,Labour,Tony Blair,https://id.parliament.uk/sx6xvc3W,1000
Joan,Ruddock,Commons,Parliamentary Under-Secretary (Department of Social Security) (Women),1997-06-11,1998-07-28,412.0,,,Labour,Tony Blair,https://id.parliament.uk/R5G6XPeD,190
Christopher,Smith,Commons,"Secretary of State for Culture, Media and Sport",1997-07-22,2001-06-08,1417.0,,,Labour,Tony Blair,https://id.parliament.uk/m8K50ckZ,186
Mark,Fisher,Commons,"Parliamentary Under-Secretary (Department for Culture, Media and Sport) (Arts)",1997-08-22,1998-07-27,339.0,,,Labour,Tony Blair,https://id.parliament.uk/YKAVfvAI,285
Calum,MacDonald (Domhnallach),Commons,Parliamentary Under-Secretary (Scottish Office),1997-12-11,1999-07-29,595.0,,,Labour,Tony Blair,https://id.parliament.uk/ZfIBWpxr,641
Philip,Hunt,Lords,Parliamentary Under-Secretary (Department of Health),1998-01-01,2003-03-17,1901.0,,,Labour,Tony Blair,https://id.parliament.uk/p4clIXl7,2024
David,Sainsbury,Lords,Parliamentary Under-Secretary (Department of Trade and Industry) (Science and Innovation),1998-01-01,2005-05-06,2682.0,,,Labour,Tony Blair,https://id.parliament.uk/GKEtqJpq,2161
John,Denham,Commons,Minister of State (Department of Social Security),1998-06-01,1998-12-30,212.0,,,Labour,Tony Blair,https://id.parliament.uk/ArKNOGoC,61
Peter,Mandelson,Commons,Secretary of State for Trade,1998-07-27,1998-12-22,148.0,,,Labour,Tony Blair,https://id.parliament.uk/i8eCbE1j,500
Margaret,Beckett,Commons,Lord President of the Council and Leader of the House of Commons (Privy Council Office),1998-07-27,2001-06-08,1047.0,,,Labour,Tony Blair,https://id.parliament.uk/1L8qop3w,328
Margaret,Jay,Lords,Leader of the House of Lords and Lord Privy Seal,1998-07-27,2001-06-06,1045.0,,,Labour,Tony Blair,https://id.parliament.uk/Ofj24Bzh,1970
Nicholas,Brown,Commons,"Minister of State (Ministry of Agriculture, Fisheries and Food)",1998-07-27,2001-06-08,1047.0,,,Labour,Tony Blair,https://id.parliament.uk/s4JIJptz,523
Winifred,Taylor,Commons,Parliamentary Secretary to the Treasury (Chief Whip),1998-07-27,2001-06-07,1046.0,,,Labour,Tony Blair,https://id.parliament.uk/rjOhPobl,407
Gareth,Williams,Lords,Deputy Leader of the House of Lords,1998-07-27,2001-06-06,1045.0,,,Labour,Tony Blair,https://id.parliament.uk/FIDiZ0Hp,1751
John,Cunningham,Commons,Chancellor of the Duchy of Lancaster and Minister (Cabinet Office),1998-07-27,1999-10-11,441.0,,,Labour,Tony Blair,https://id.parliament.uk/U3EBKKjK,496
Alistair,Darling,Commons,Secretary of State for Social Security,1998-07-27,2001-06-08,1047.0,,,Labour,Tony Blair,https://id.parliament.uk/t2ppPOcs,596
Stephen,Byers,Commons,Chief Secretary to the Treasury,1998-07-27,1998-12-22,148.0,,,Labour,Tony Blair,https://id.parliament.uk/yj8H4T00,524
John,Reid,Commons,"Minister of State (Department for Environment, Transport and the Regions)",1998-07-27,1999-05-17,294.0,,,Labour,Tony Blair,https://id.parliament.uk/tlYrORH3,617
Joyce,Quin,Commons,Minister of State (Foreign and Commonwealth Office),1998-07-28,1999-07-29,366.0,,,Labour,Tony Blair,https://id.parliament.uk/DVdkkcZ9,518
David,Hanson,Commons,Assistant Whip (HM Treasury),1998-07-28,1999-07-29,366.0,,,Labour,Tony Blair,https://id.parliament.uk/RBI4vae5,533
Helen,Liddell,Commons,Minister of State (Scottish Office) (Education and Industry),1998-07-28,1999-05-17,293.0,,,Labour,Tony Blair,https://id.parliament.uk/gwlwCkOA,573
Estelle,Morris,Commons,Minister of State (Department for Education and Employment) (School Standards),1998-07-28,2001-06-08,1046.0,,,Labour,Tony Blair,https://id.parliament.uk/3UZQn6bw,305
George,Mudie,Commons,Parliamentary Under-Secretary (Department for Education and Employment),1998-07-28,1999-07-29,366.0,,,Labour,Tony Blair,https://id.parliament.uk/jL1lTThv,414
Janet,Anderson,Commons,"Parliamentary Under-Secretary (Department for Culture, Media and Sport) (Tourism)",1998-07-28,2001-06-07,1045.0,,,Labour,Tony Blair,https://id.parliament.uk/GcpLlZh2,475
Stephen,Timms,Commons,Parliamentary Under-Secretary (Department of Social Security),1998-07-28,1998-12-30,155.0,,,Labour,Tony Blair,https://id.parliament.uk/R62qdyhF,163
David,Jamieson,Commons,Lord Commissioner (HM Treasury) (Whip),1998-07-28,2001-06-07,1045.0,,,Labour,Tony Blair,https://id.parliament.uk/Kgm4fGPD,232
Graham,Allen,Commons,Vice-Chamberlain (HM Household),1998-07-28,2001-06-07,1045.0,,,Labour,Tony Blair,https://id.parliament.uk/olcSTYxz,364
Brian,Wilson,Commons,Minister of State (Department of Trade and Industry),1998-07-28,1999-07-28,365.0,,,Labour,Tony Blair,https://id.parliament.uk/hzmg4VhO,585
Anne,McGuire,Commons,Assistant Whip (HM Treasury),1998-07-28,2001-05-14,1021.0,,,Labour,Tony Blair,https://id.parliament.uk/wK9hJmCP,636
Jane,Kennedy,Commons,Lord Commissioner (HM Treasury) (Whip),1998-07-28,1999-10-11,440.0,,,Labour,Tony Blair,https://id.parliament.uk/f5YiNuqP,486
John,McFall,Commons,Parliamentary Under-Secretary (Northern Ireland Office),1998-07-28,1999-12-02,492.0,,,Labour,Tony Blair,https://id.parliament.uk/atS9nkzV,4148
Ross,Cranston,Commons,Solicitor General (Law Officers),1998-07-28,2001-06-07,1045.0,,,Labour,Tony Blair,https://id.parliament.uk/ozl0VCSO,309
Helene,Hayman,Lords,Minister (Department of Health),1998-07-28,1999-07-29,366.0,,,Labour,Tony Blair,https://id.parliament.uk/lLUVa9gw,1649
Angela,Eagle,Commons,Parliamentary Under-Secretary (Department of Social Security),1998-07-28,2001-06-07,1045.0,,,Labour,Tony Blair,https://id.parliament.uk/saLBlZIO,491
Keith,Bradley,Commons,Treasurer of HM Household (Deputy Chief Whip),1998-07-28,2001-01-01,888.0,,,Labour,Tony Blair,https://id.parliament.uk/Amvygc1x,452
Clive,Betts,Commons,Lord Commissioner (HM Treasury) (Whip),1998-07-28,2001-06-07,1045.0,,,Labour,Tony Blair,https://id.parliament.uk/JEES9mGo,394
Michael,Hall,Commons,Assistant Whip (HM Treasury),1998-07-28,2001-06-07,1045.0,,,Labour,Tony Blair,https://id.parliament.uk/vzU7i8L6,434
Jonathan,Jones,Commons,Parliamentary Under-Secretary (Welsh Office),1998-07-28,1999-07-29,366.0,,,Labour,Tony Blair,https://id.parliament.uk/PtihupsS,560
Alan,Howarth,Commons,"Parliamentary Under-Secretary (Department for Culture, Media and Sport) (Arts)",1998-07-28,2001-06-07,1045.0,,,Labour,Tony Blair,https://id.parliament.uk/xJTfXMO4,544
Catharine,Hoey,Commons,Parliamentary Under-Secretary (Home Office),1998-07-28,1999-07-29,366.0,,,Labour,Tony Blair,https://id.parliament.uk/1AeEPhYf,210
Douglas,Henderson,Commons,Minister of State (Ministry of Defence),1998-07-28,1999-01-01,157.0,,,Labour,Tony Blair,https://id.parliament.uk/YN3lxOgC,522
Charles,Clarke,Commons,Parliamentary Under-Secretary (Department for Education and Employment),1998-07-28,1999-07-29,366.0,,,Labour,Tony Blair,https://id.parliament.uk/XG4JgwTL,130
Geoffrey,Hoon,Commons,Minister of State (Lord Chancellor's Department),1998-07-28,1999-05-17,293.0,,,Labour,Tony Blair,https://id.parliament.uk/yHpMxMCv,357
Trevor,Hill,Commons,Assistant Whip (HM Treasury),1998-07-28,1999-07-29,366.0,,,Labour,Tony Blair,https://id.parliament.uk/99RyKEEU,203
Joseph,Meale,Commons,"Parliamentary Under-Secretary (Department for Environment, Transport and the Regions)",1998-07-28,1999-07-29,366.0,,,Labour,Tony Blair,https://id.parliament.uk/xX9yYpUG,361
Margaret,Hodge,Commons,Parliamentary Under-Secretary (Department for Education and Employment) (Employment and Equal Opportunities),1998-07-28,2001-06-10,1048.0,,,Labour,Tony Blair,https://id.parliament.uk/nerwVGrY,140
Kim,Howells,Commons,Parliamentary Under-Secretary (Department of Trade and Industry),1998-07-28,2001-06-07,1045.0,,,Labour,Tony Blair,https://id.parliament.uk/0K2JKjxj,556
Patricia,Hewitt,Commons,Economic Secretary (HM Treasury),1998-07-29,1999-07-29,365.0,,,Labour,Tony Blair,https://id.parliament.uk/tU20NZhl,340
John,Whitty,Lords,"Parliamentary Under-Secretary (Department for Environment, Transport and the Regions)",1998-07-31,2001-06-11,1046.0,,,Labour,Tony Blair,https://id.parliament.uk/HTFejY4v,2444
Alun,Michael,Commons,Secretary of State for Wales,1998-10-27,1999-07-28,274.0,,,Labour,Tony Blair,https://id.parliament.uk/kxDTSMAG,562
Paul,Boateng,Commons,Minister of State (Home Office),1998-10-28,2001-06-07,953.0,,,Labour,Tony Blair,https://id.parliament.uk/5dhjtEId,147
John,Hutton,Commons,Parliamentary Under-Secretary (Department of Health),1998-10-29,1999-10-11,347.0,,,Labour,Tony Blair,https://id.parliament.uk/R4VIOLKR,494
Alan,Milburn,Commons,Chief Secretary to the Treasury,1998-12-23,1999-10-10,291.0,,,Labour,Tony Blair,https://id.parliament.uk/u5DIviww,507
Stephen,Byers,Commons,Secretary of State for Trade,1998-12-23,2001-06-08,898.0,,,Labour,Tony Blair,https://id.parliament.uk/yj8H4T00,524
John,Denham,Commons,Minister of State (Department of Health),1998-12-30,2001-06-07,890.0,,,Labour,Tony Blair,https://id.parliament.uk/ArKNOGoC,61
Samuel,Vestey,Lords,Master of the Horse (HM Household),1999-01-01,2007-06-28,3100.0,,,Other,Tony Blair,https://id.parliament.uk/GHE59d1k,1810
Stephen,Timms,Commons,Minister of State (Department of Social Security),1999-01-01,1999-07-29,209.0,,,Labour,Tony Blair,https://id.parliament.uk/R62qdyhF,163
Dawn,Primarolo,Commons,Paymaster General (HM Treasury),1999-01-04,2007-06-28,3097.0,,,Labour,Tony Blair,https://id.parliament.uk/0FqjjgNp,217
Barbara,Roche,Commons,Financial Secretary (HM Treasury),1999-01-04,1999-07-28,205.0,,,Labour,Tony Blair,https://id.parliament.uk/jnUWMrjI,182
Michael,Wills,Commons,Parliamentary Under-Secretary (Department of Trade and Industry),1999-01-04,1999-07-29,206.0,,,Labour,Tony Blair,https://id.parliament.uk/jYKj6YW3,260
Hugh,Bayley,Commons,Parliamentary Under-Secretary (Department of Social Security),1999-01-04,2001-06-07,885.0,,,Labour,Tony Blair,https://id.parliament.uk/KPWDROVK,385
Geoffrey,Hoon,Commons,Minister of State (Foreign and Commonwealth Office),1999-05-17,1999-10-11,147.0,,,Labour,Tony Blair,https://id.parliament.uk/yHpMxMCv,357
John,Reid,Commons,Secretary of State for Scotland,1999-05-17,2001-01-25,619.0,,,Labour,Tony Blair,https://id.parliament.uk/tlYrORH3,617
Keith,Vaz,Commons,Parliamentary Under-Secretary (Lord Chancellor's Department),1999-05-17,1999-07-28,72.0,,,Labour,Tony Blair,https://id.parliament.uk/yeKQbOzP,338
Helen,Liddell,Commons,"Minister of State (Department for Environment, Transport and the Regions)",1999-05-17,1999-07-29,73.0,,,Labour,Tony Blair,https://id.parliament.uk/gwlwCkOA,573
Lynda,Clark,Commons,Advocate General for Scotland (Scotland Office),1999-06-12,2006-05-05,2519.0,,,Labour,Tony Blair,https://id.parliament.uk/5qp4OGtk,599
Lynda,Clark,Lords,Advocate General for Scotland (Scotland Office),1999-06-12,2006-05-05,2519.0,,,,Tony Blair,https://id.parliament.uk/5qp4OGtk,599
Malcolm,Wicks,Commons,Parliamentary Under-Secretary (Department for Education and Employment),1999-07-29,2001-06-10,682.0,,,Labour,Tony Blair,https://id.parliament.uk/VXjH5FEb,156
Christopher,Mullin,Commons,"Parliamentary Under-Secretary (Department for Environment, Transport and the Regions)",1999-07-29,2001-01-25,546.0,,,Labour,Tony Blair,https://id.parliament.uk/Ow3Z1dEO,527
George,Howarth,Commons,Parliamentary Under-Secretary (Northern Ireland Office),1999-07-29,2001-06-07,679.0,,,Labour,Tony Blair,https://id.parliament.uk/IuAC2EF7,481
Angus,Macdonald,Lords,"Minister of State (Department for Environment, Transport and the Regions)",1999-07-29,2001-06-09,681.0,,,Labour,Tony Blair,https://id.parliament.uk/cJ2AtL49,1880
Peter,Kilfoyle,Commons,Parliamentary Under-Secretary (Ministry of Defence),1999-07-29,2000-01-30,185.0,,,Labour,Tony Blair,https://id.parliament.uk/0xZTyin0,485
Michael,Wills,Commons,Parliamentary Under-Secretary (Department for Education and Employment),1999-07-29,2001-06-10,682.0,,,Labour,Tony Blair,https://id.parliament.uk/jYKj6YW3,260
John,Battle,Commons,Minister of State (Foreign and Commonwealth Office),1999-07-29,2001-06-07,679.0,,,Labour,Tony Blair,https://id.parliament.uk/t3h7I9D4,417
Melanie,Johnson,Commons,Economic Secretary (HM Treasury),1999-07-29,2001-06-07,679.0,,,Labour,Tony Blair,https://id.parliament.uk/gA0AYxrU,74
Paul,Murphy,Commons,Secretary of State for Wales,1999-07-29,2002-10-24,1183.0,,,Labour,Tony Blair,https://id.parliament.uk/J63bWC5i,546
Catharine,Hoey,Commons,Parliamentary Under-Secretary (Department of National Heritage) (Sport),1999-07-29,2001-06-07,679.0,,,Labour,Tony Blair,https://id.parliament.uk/1AeEPhYf,210
Jeffrey,Rooker,Commons,Minister of State (Department of Social Security),1999-07-29,2001-06-07,679.0,,,Labour,Tony Blair,https://id.parliament.uk/wjDiGH73,302
Alan,Johnson,Commons,Parliamentary Under-Secretary (Department of Trade and Industry),1999-07-29,2001-06-07,679.0,,,Labour,Tony Blair,https://id.parliament.uk/dtaMwBoC,376
Joyce,Quin,Commons,"Minister of State (Ministry of Agriculture, Fisheries and Food)",1999-07-29,2001-06-07,679.0,,,Labour,Tony Blair,https://id.parliament.uk/DVdkkcZ9,518
Ian,McCartney,Commons,Minister of State (Cabinet Office),1999-07-29,2001-06-07,679.0,,,Labour,Tony Blair,https://id.parliament.uk/btMGCWJR,448
Helen,Liddell,Commons,Minister of State (Energy and Competitiveness in Europe),1999-07-29,2001-01-24,545.0,,,Labour,Tony Blair,https://id.parliament.uk/gwlwCkOA,573
Peter,Hain,Commons,Minister of State (Foreign and Commonwealth Office),1999-07-29,2000-01-24,179.0,,,Labour,Tony Blair,https://id.parliament.uk/2jVmwnh9,567
Stephen,Timms,Commons,Financial Secretary (HM Treasury),1999-07-29,2001-06-07,679.0,,,Labour,Tony Blair,https://id.parliament.uk/R62qdyhF,163
Brian,Wilson,Commons,Minister of State (Scottish Office),1999-07-29,2001-01-24,545.0,,,Labour,Tony Blair,https://id.parliament.uk/hzmg4VhO,585
Richard,Caborn,Commons,Minister of State (Department of Trade and Industry),1999-07-29,2001-06-07,679.0,,,Labour,Tony Blair,https://id.parliament.uk/pSPV5So0,396
Jacqui,Smith,Commons,Parliamentary Under-Secretary (Department for Education and Employment),1999-07-29,2001-06-10,682.0,,,Labour,Tony Blair,https://id.parliament.uk/w2LmQRJM,269
Patricia,Hewitt,Commons,Minister of State (Small Business),1999-07-29,2001-06-08,680.0,,,Labour,Tony Blair,https://id.parliament.uk/tU20NZhl,340
John,Spellar,Commons,Minister of State (Ministry of Defence),1999-07-29,2001-06-08,680.0,,,Labour,Tony Blair,https://id.parliament.uk/OyBH9ISZ,318
David,Lock,Commons,Parliamentary Secretary (Lord Chancellor's Department),1999-07-29,2001-06-07,679.0,,,Labour,Tony Blair,https://id.parliament.uk/s6HybihQ,272
Trevor,Hill,Commons,"Parliamentary Under-Secretary (Department for Environment, Transport and the Regions)",1999-07-29,2001-06-07,679.0,,,Labour,Tony Blair,https://id.parliament.uk/99RyKEEU,203
Wyvill,Raynsford,Commons,"Minister of State (Department for Environment, Transport and the Regions) (The Regions)",1999-07-29,2001-06-07,679.0,,,Labour,Tony Blair,https://id.parliament.uk/ccaOImtQ,171
Helene,Hayman,Lords,"Minister of State (Ministry of Agriculture, Fisheries and Food)",1999-07-29,2001-06-09,681.0,,,Labour,Tony Blair,https://id.parliament.uk/lLUVa9gw,1649
David,Hanson,Commons,Parliamentary Under-Secretary (Wales Office),1999-07-29,2001-06-07,679.0,,,Labour,Tony Blair,https://id.parliament.uk/RBI4vae5,533
Beverley,Hughes,Commons,"Parliamentary Under-Secretary (Department for Environment, Transport and the Regions)",1999-07-29,2001-06-07,679.0,,,Labour,Tony Blair,https://id.parliament.uk/QIwykLVU,459
Barbara,Roche,Commons,Minister of State (Home Office),1999-07-29,2001-06-07,679.0,,,Labour,Tony Blair,https://id.parliament.uk/jnUWMrjI,182
Gisela,Stuart,Commons,Parliamentary Under-Secretary (Department of Health),1999-07-29,2001-06-07,679.0,,,Labour,Tony Blair,https://id.parliament.uk/hjnjjsbL,296
Charles,Clarke,Commons,Minister of State (Home Office),1999-07-29,2001-06-08,680.0,,,Labour,Tony Blair,https://id.parliament.uk/XG4JgwTL,130
Gerard,Sutcliffe,Commons,Assistant Whip (HM Treasury),1999-07-29,2001-06-07,679.0,,,Labour,Tony Blair,https://id.parliament.uk/nB1wXXwJ,403
Jane,Kennedy,Commons,Parliamentary Secretary (Lord Chancellor's Department),1999-10-11,2001-06-07,605.0,,,Labour,Tony Blair,https://id.parliament.uk/f5YiNuqP,486
John,Hutton,Commons,Minister of State (Department of Health) (Health),1999-10-11,2005-05-06,2034.0,,,Labour,Tony Blair,https://id.parliament.uk/R4VIOLKR,494
Keith,Vaz,Commons,Minister of State (Foreign and Commonwealth Office),1999-10-11,2001-06-07,605.0,,,Labour,Tony Blair,https://id.parliament.uk/yeKQbOzP,338
Marjorie,Mowlam,Commons,Chancellor of the Duchy of Lancaster,1999-10-11,2001-06-07,605.0,,,Labour,Tony Blair,https://id.parliament.uk/EJfPXSYu,503
Tessa,Jowell,Commons,Minister of State (Department for Work and Pensions),1999-10-11,2001-06-08,606.0,,,Labour,Tony Blair,https://id.parliament.uk/1JWIKvq4,159
Alan,Milburn,Commons,Secretary of State for Health,1999-10-11,2003-06-12,1340.0,,,Labour,Tony Blair,https://id.parliament.uk/u5DIviww,507
Tessa,Jowell,Commons,Minister of State (Department for Education and Employment) (New Deal and for Women),1999-10-11,2001-06-08,606.0,,,Labour,Tony Blair,https://id.parliament.uk/1JWIKvq4,159
Geoffrey,Hoon,Commons,Secretary of State for Defence,1999-10-11,2005-05-06,2034.0,,,Labour,Tony Blair,https://id.parliament.uk/yHpMxMCv,357
Yvette,Cooper,Commons,Parliamentary Under-Secretary (Department of Health),1999-10-11,2002-05-28,960.0,,,Labour,Tony Blair,https://id.parliament.uk/WIjC8hXZ,420
Andrew,Smith,Commons,Chief Secretary to the Treasury,1999-10-11,2002-05-29,961.0,,,Labour,Tony Blair,https://id.parliament.uk/ApfLHFmq,95
Peter,Mandelson,Commons,Secretary of State for Northern Ireland,1999-10-11,2001-01-24,471.0,,,Labour,Tony Blair,https://id.parliament.uk/i8eCbE1j,500
Anthony,McNulty,Commons,Assistant Whip (HM Treasury),1999-10-18,2001-05-28,588.0,,,Labour,Tony Blair,https://id.parliament.uk/monhxmKY,176
Graham,Stringer,Commons,Parliamentary Secretary (Cabinet Office),1999-11-09,2001-06-07,576.0,,,Labour,Tony Blair,https://id.parliament.uk/F1j99htq,449
James,Touhig,Commons,Assistant Whip (HM Treasury),1999-11-17,2001-06-07,568.0,,,Labour,Tony Blair,https://id.parliament.uk/WqmYyOh3,542
Gregory,Pope,Commons,Lord Commissioner (HM Treasury) (Whip),1999-11-18,2001-06-07,567.0,,,Labour,Tony Blair,https://id.parliament.uk/tpVRG55F,469
Simon,Tipping,Commons,Parliamentary Secretary (Privy Council Office),1999-12-16,2001-06-07,539.0,,,Labour,Tony Blair,https://id.parliament.uk/Co11vGvD,367
Lewis,Moonie,Commons,Parliamentary Under-Secretary (Ministry of Defence) (Veterans),2000-01-29,2003-06-12,1230.0,,,Labour,Tony Blair,https://id.parliament.uk/k8QXTktq,621
Bryan,Davies,Lords,Lords in Waiting (Whips),2000-07-01,2003-06-13,1077.0,,,Labour,Tony Blair,https://id.parliament.uk/mA0w6C2f,987
Richard,Luce,Lords,Lord Chamberlain (HM Household),2000-10-01,2006-10-11,2201.0,,,,Tony Blair,https://id.parliament.uk/53Ye2Prw,908
Ruth,Kelly,Commons,Economic Secretary (HM Treasury),2001-01-01,2002-01-01,365.0,,,Labour,Tony Blair,https://id.parliament.uk/GrGkIxzE,439
George,Foulkes,Commons,Minister of State (Scotland Office),2001-01-25,2002-05-28,488.0,,,Labour,Tony Blair,https://id.parliament.uk/qMbPK6Yo,579
Helen,Liddell,Commons,Secretary of State for Scotland,2001-01-25,2003-06-12,868.0,,,Labour,Tony Blair,https://id.parliament.uk/gwlwCkOA,573
Brian,Wilson,Commons,Minister of State (Foreign and Commonwealth Office),2001-01-25,2001-06-07,133.0,,,Labour,Tony Blair,https://id.parliament.uk/hzmg4VhO,585
John,Reid,Commons,Secretary of State for Northern Ireland,2001-01-25,2002-10-24,637.0,,,Labour,Tony Blair,https://id.parliament.uk/tlYrORH3,617
Robert,Ainsworth,Commons,"Parliamentary Under-Secretary (Department for Environment, Transport and the Regions)",2001-01-25,2001-06-07,133.0,,,Labour,Tony Blair,https://id.parliament.uk/hEQM2SPd,306
Peter,Hain,Commons,Minister of State (Energy and Competitiveness in Europe),2001-01-25,2001-06-07,133.0,,,Labour,Tony Blair,https://id.parliament.uk/2jVmwnh9,567
Christopher,Mullin,Commons,Parliamentary Under-Secretary (Department for International Development),2001-01-26,2001-06-07,132.0,,,Labour,Tony Blair,https://id.parliament.uk/Ow3Z1dEO,527
Ian,Pearson,Commons,Assistant Whip (HM Treasury),2001-02-02,2002-05-28,480.0,,,Labour,Tony Blair,https://id.parliament.uk/9WGxxQ6e,310
David,Clelland,Commons,Lord Commissioner (HM Treasury) (Whip),2001-02-02,2001-07-06,154.0,,,Labour,Tony Blair,https://id.parliament.uk/rWU1c9P7,528
Gareth,Williams,Lords,Lord Privy Seal and Leader of the House of Lords,2001-06-07,2003-06-13,736.0,,,Labour,Tony Blair,https://id.parliament.uk/FIDiZ0Hp,1751
John,Bassam,Lords,Lords in Waiting (HM Household),2001-06-07,2008-10-05,2677.0,,,Labour,Tony Blair,https://id.parliament.uk/AH5kfxwD,3504
Margaret,Beckett,Commons,"Secretary of State for Environment, Food and Rural Affairs",2001-06-08,2006-05-05,1792.0,,,Labour,Tony Blair,https://id.parliament.uk/1L8qop3w,328
Nicholas,Brown,Commons,Minister (Department for Work and Pensions) (Work),2001-06-08,2003-06-13,735.0,,,Labour,Tony Blair,https://id.parliament.uk/s4JIJptz,523
Patricia,Hewitt,Commons,Secretary of State for Trade and Industry and Minister for Women and e-Minister in Cabinet,2001-06-08,2005-05-06,1428.0,,,Labour,Tony Blair,https://id.parliament.uk/tU20NZhl,340
John,Straw,Commons,Foreign Secretary,2001-06-08,2006-05-05,1792.0,,,Labour,Tony Blair,https://id.parliament.uk/191FW2uo,463
Alistair,Darling,Commons,Secretary of State for Work and Pensions,2001-06-08,2002-05-29,355.0,,,Labour,Tony Blair,https://id.parliament.uk/t2ppPOcs,596
John,Prescott,Commons,Deputy Prime Minister and First Secretary of State,2001-06-08,2002-05-28,354.0,,,Labour,Tony Blair,https://id.parliament.uk/YIlbg1p1,374
Estelle,Morris,Commons,Secretary of State for Education and Skills,2001-06-08,2002-10-24,503.0,,,Labour,Tony Blair,https://id.parliament.uk/3UZQn6bw,305
Tessa,Jowell,Commons,"Secretary of State for Culture, Media and Sport",2001-06-08,2007-06-28,2211.0,,,Labour,Tony Blair,https://id.parliament.uk/1JWIKvq4,159
Elizabeth,Symons,Lords,Deputy Leader of the House of Lords,2001-06-08,2005-05-30,1452.0,,,Labour,Tony Blair,https://id.parliament.uk/8UhYj6iQ,2233
Elizabeth,Symons,Lords,Minister for Trade and Investment and Deputy Leader of the House of Lords (also Department of Trade and Industry),2001-06-08,2003-06-13,735.0,,,Labour,Tony Blair,https://id.parliament.uk/8UhYj6iQ,2233
Hilary,Armstrong,Commons,Parliamentary Secretary to the Treasury (Chief Whip),2001-06-08,2006-05-05,1792.0,,,Labour,Tony Blair,https://id.parliament.uk/2N2rM0o6,4150
Elizabeth,Symons,Lords,Minister of State (Trade and Investment) Deputy Leader of the House of Lords (also FCO),2001-06-08,2003-06-06,728.0,,,Labour,Tony Blair,https://id.parliament.uk/8UhYj6iQ,2233
Stephen,Byers,Commons,"Secretary of State for Transport, Local Government and Regions",2001-06-08,2002-05-28,354.0,,,Labour,Tony Blair,https://id.parliament.uk/yj8H4T00,524
Charles,Falconer,Lords,"Minister of State (Department of Transport, Local Government and Regions) (Housing & Planning)",2001-06-08,2002-05-28,354.0,,,Labour,Tony Blair,https://id.parliament.uk/8rhWhDwJ,2758
Robert,Cook,Commons,Lord President of the Council and Leader of the House of Commons (Privy Council Office),2001-06-08,2003-03-17,647.0,,,Labour,Tony Blair,https://id.parliament.uk/jJbdrvhw,623
David,Blunkett,Commons,Home Secretary,2001-06-08,2004-12-15,1286.0,,,Labour,Tony Blair,https://id.parliament.uk/s5O7ndZv,395
Charles,Clarke,Commons,Minister without Portfolio,2001-06-08,2002-10-24,503.0,,,Labour,Tony Blair,https://id.parliament.uk/XG4JgwTL,130
John,Spellar,Commons,"Minister of State (Department of Transport, Local Government and Regions) (Transport)",2001-06-08,2002-05-29,355.0,,,Labour,Tony Blair,https://id.parliament.uk/OyBH9ISZ,318
Jane,Kennedy,Commons,Minister of State (Northern Ireland Office),2001-06-09,2004-04-01,1027.0,,,Labour,Tony Blair,https://id.parliament.uk/f5YiNuqP,486
Desmond,Browne,Commons,Parliamentary Secretary (Northern Ireland Office),2001-06-11,2003-06-13,732.0,,,Labour,Tony Blair,https://id.parliament.uk/OhBFKZen,620
Stephen,Twigg,Commons,Parliamentary Secretary (Privy Council Office),2001-06-11,2002-05-30,353.0,,,Labour,Tony Blair,https://id.parliament.uk/owb2brV2,167
Elliot,Morley,Commons,"Parliamentary Under-Secretary (Department for Environment, Food and Rural Affairs)",2001-06-11,2003-06-13,732.0,,,Labour,Tony Blair,https://id.parliament.uk/aqnjvFqc,377
Jacqui,Smith,Commons,Minister of State (Department of Health),2001-06-11,2003-06-13,732.0,,,Labour,Tony Blair,https://id.parliament.uk/w2LmQRJM,269
Angela,Eagle,Commons,Parliamentary Secretary (Home office),2001-06-11,2002-05-28,351.0,,,Labour,Tony Blair,https://id.parliament.uk/saLBlZIO,491
Hazel,Blears,Commons,Parliamentary Under-Secretary (Department of Health),2001-06-11,2003-06-13,732.0,,,Labour,Tony Blair,https://id.parliament.uk/FHckXpZX,456
Alan,Whitehead,Commons,"Parliamentary Under-Secretary (Department of Transport, Local Government and Regions)",2001-06-11,2002-05-28,351.0,,,Labour,Tony Blair,https://id.parliament.uk/WQfVXkMX,62
Rosie,Winterton,Commons,Parliamentary Secretary (Lord Chancellor's Department),2001-06-11,2003-06-13,732.0,,,Labour,Tony Blair,https://id.parliament.uk/C9I7sOdf,390
Sally,Keeble,Commons,"Parliamentary Under-Secretary (Department of Transport, Local Government and Regions)",2001-06-11,2002-05-28,351.0,,,Labour,Tony Blair,https://id.parliament.uk/qNXRWDo0,354
Robert,Ainsworth,Commons,Parliamentary Under-Secretary (Home Office),2001-06-11,2003-06-13,732.0,,,Labour,Tony Blair,https://id.parliament.uk/hEQM2SPd,306
Brian,Wilson,Commons,Minister of State (Energy and Construction),2001-06-11,2003-06-13,732.0,,,Labour,Tony Blair,https://id.parliament.uk/hzmg4VhO,585
Hilary,Benn,Commons,Parliamentary Under-Secretary (Department for International Development),2001-06-11,2002-05-28,351.0,,,Labour,Tony Blair,https://id.parliament.uk/rbKJTCFu,413
Gerard,Sutcliffe,Commons,"Vice Chamberlain (HM Household) (Whip, House of Commons)",2001-06-11,2003-06-13,732.0,,,Labour,Tony Blair,https://id.parliament.uk/nB1wXXwJ,403
Maria,Eagle,Commons,Parliamentary Under-Secretary (Department for Work and Pensions),2001-06-11,2005-05-10,1429.0,,,Labour,Tony Blair,https://id.parliament.uk/wr5FZYiJ,483
Michael,Meacher,Commons,"Minister (Department for Environment, Food and Rural Affairs) (Environment)",2001-06-11,2003-06-13,732.0,,,Labour,Tony Blair,https://id.parliament.uk/FdP6u6Vf,454
Malcolm,Wicks,Commons,Parliamentary Under-Secretary (Department for Work and Pensions),2001-06-11,2003-06-13,732.0,,,Labour,Tony Blair,https://id.parliament.uk/VXjH5FEb,156
Tessa,Blackstone,Lords,"Minister of State (Department for Culture, Media and Sport) (Arts)",2001-06-11,2003-06-13,732.0,,,Labour,Tony Blair,https://id.parliament.uk/A4jX029i,3561
Stephen,Timms,Commons,Minister of State (Education and Skills) (Schools),2001-06-11,2002-05-28,351.0,,,Labour,Tony Blair,https://id.parliament.uk/R62qdyhF,163
Paul,Boateng,Commons,Financial Secretary (HM Treasury),2001-06-11,2002-05-29,352.0,,,Labour,Tony Blair,https://id.parliament.uk/5dhjtEId,147
Adam,Ingram,Commons,Minister of State (Ministry of Defence),2001-06-11,2007-06-28,2208.0,,,Labour,Tony Blair,https://id.parliament.uk/vBabRjvC,593
John,Healey,Commons,Parliamentary Under-Secretary (Department for Education and Skills),2001-06-11,2002-05-30,353.0,,,Labour,Tony Blair,https://id.parliament.uk/9VjJ9Mfg,400
Ivan,Lewis,Commons,Parliamentary Under-Secretary (Department for Education and Skills) (Skills and Vocational Education),2001-06-11,2005-05-10,1429.0,,,Labour,Tony Blair,https://id.parliament.uk/YC7Iv4FO,441
Harriet,Harman,Commons,Solicitor General (Law Officers),2001-06-11,2005-05-10,1429.0,,,Labour,Tony Blair,https://id.parliament.uk/Jhxlo2zC,150
Beverley,Hughes,Commons,Parliamentary Under-Secretary (Home Office),2001-06-11,2002-05-28,351.0,,,Labour,Tony Blair,https://id.parliament.uk/QIwykLVU,459
Alun,Michael,Commons,"Minister of State (Department for Environment, Food and Rural Affairs) (Rural Affairs)",2001-06-11,2005-05-10,1429.0,,,Labour,Tony Blair,https://id.parliament.uk/kxDTSMAG,562
Bruce,Grocott,Lords,Lord in Waiting (Whip),2001-06-11,2002-05-29,352.0,,,,Tony Blair,https://id.parliament.uk/PqWPxr2R,276
Wyvill,Raynsford,Commons,"Minister of State (Department of Transport, Local Government and Regions) (Local Government)",2001-06-11,2002-05-28,351.0,,,Labour,Tony Blair,https://id.parliament.uk/ccaOImtQ,171
Richard,Caborn,Commons,"Minister of State (Department for Culture, Media and Sport) (Sport)",2001-06-11,2007-06-28,2208.0,,,Labour,Tony Blair,https://id.parliament.uk/pSPV5So0,396
Keith,Bradley,Commons,Minister of State (Home Office) (Prisons),2001-06-11,2002-05-28,351.0,,,Labour,Tony Blair,https://id.parliament.uk/Amvygc1x,452
Benjamin,Bradshaw,Commons,Parliamentary Under-Secretary (Foreign and Commonwealth Office),2001-06-11,2002-05-28,351.0,,,Labour,Tony Blair,https://id.parliament.uk/ZyIYdZQ4,230
Denis,MacShane,Commons,Parliamentary Under-Secretary (Foreign and Commonwealth Office),2001-06-11,2002-10-28,504.0,,,Labour,Tony Blair,https://id.parliament.uk/0nogXxQe,393
David,Jamieson,Commons,"Parliamentary Under-Secretary (Department of Transport, Local Government and Regions)",2001-06-11,2002-05-28,351.0,,,Labour,Tony Blair,https://id.parliament.uk/Kgm4fGPD,232
Peter,Hain,Commons,Minister of State (Europe),2001-06-11,2002-10-24,500.0,,,Labour,Tony Blair,https://id.parliament.uk/2jVmwnh9,567
Douglas,Alexander,Commons,Minister of State (e-Commerce & Competitiveness),2001-06-11,2002-05-29,352.0,,,Labour,Tony Blair,https://id.parliament.uk/PlwVEpAi,632
Barbara,Roche,Commons,Minister of State (Cabinet Office) and Deputy Minister for Women,2001-06-11,2002-05-29,352.0,,,Labour,Tony Blair,https://id.parliament.uk/jnUWMrjI,182
Trevor,Hill,Commons,Deputy Chief Whip and Treasurer of HM Household,2001-06-11,2003-06-13,732.0,,,Labour,Tony Blair,https://id.parliament.uk/99RyKEEU,203
John,Denham,Commons,Minister (Home Office) (Police and Crime Reduction),2001-06-11,2003-03-18,645.0,,,Labour,Tony Blair,https://id.parliament.uk/ArKNOGoC,61
Alan,Johnson,Commons,"Minister of State (Employment Relations, Industry & the Regions)",2001-06-11,2003-06-13,732.0,,,Labour,Tony Blair,https://id.parliament.uk/dtaMwBoC,376
Melanie,Johnson,Commons,"Parliamentary Under-Secretary (Trade and Industry) (Competition, Consumers and Markets)",2001-06-11,2003-06-13,732.0,,,Labour,Tony Blair,https://id.parliament.uk/gA0AYxrU,74
Margaret,Hodge,Commons,"Minister of State (Education and Skills) (Lifelong Learning, Further and Higher Education)",2001-06-11,2003-06-13,732.0,,,Labour,Tony Blair,https://id.parliament.uk/nerwVGrY,140
Nigel,Griffiths,Commons,Parliamentary Under-Secretary (Trade and Industry) (Small Business),2001-06-11,2005-05-10,1429.0,,,Labour,Tony Blair,https://id.parliament.uk/3fidjjmC,600
Jeffrey,Rooker,Lords,Minister (Home Office) (Asylum & Immigration),2001-06-11,2002-05-28,351.0,,,,Tony Blair,https://id.parliament.uk/wjDiGH73,302
Christopher,Leslie,Commons,Parliamentary Secretary (Cabinet Office),2001-06-11,2002-05-29,352.0,,,Labour,Tony Blair,https://id.parliament.uk/PujbBzQo,422
Ian,McCartney,Commons,Minister of State (Department for Work and Pensions),2001-06-11,2003-04-04,662.0,,,Labour,Tony Blair,https://id.parliament.uk/btMGCWJR,448
James,Touhig,Commons,Parliamentary Under-Secretary (Wales Office),2001-06-11,2005-05-10,1429.0,,,Labour,Tony Blair,https://id.parliament.uk/WqmYyOh3,542
Kim,Howells,Commons,"Parliamentary Under-Secretary (Department for Culture, Media and Sport) (Women and Equalities) (Jointly with the Ministry of Justice)",2001-06-11,2003-06-13,732.0,,,Labour,Tony Blair,https://id.parliament.uk/0K2JKjxj,556
Anne,McGuire,Commons,Lord Commissioner (HM Treasury) (Whip),2001-06-11,2002-05-28,351.0,,,Labour,Tony Blair,https://id.parliament.uk/wK9hJmCP,636
Nicholas,Ainger,Commons,Lord Commissioner (HM Treasury) (Whip),2001-06-11,2005-05-10,1429.0,,,Labour,Tony Blair,https://id.parliament.uk/EVD3Ew84,537
Michael,Wills,Commons,Parliamentary Secretary (Lord Chancellor's Department),2001-06-11,2002-05-28,351.0,,,Labour,Tony Blair,https://id.parliament.uk/jYKj6YW3,260
Valerie,Amos,Lords,Parliamentary Under-Secretary (Foreign and Commonwealth Office),2001-06-12,2003-05-12,699.0,,,Labour,Tony Blair,https://id.parliament.uk/P2dFekXm,3477
Patricia,Hollis,Lords,Parliamentary Under-Secretary (Department for Work and Pensions),2001-06-12,2005-05-10,1428.0,,,Labour,Tony Blair,https://id.parliament.uk/KwbWzipY,1845
Ivor,Caplin,Commons,Assistant Whip (HM Treasury),2001-06-12,2003-06-13,731.0,,,Labour,Tony Blair,https://id.parliament.uk/JtqXEBFJ,27
Patricia,Scotland,Lords,Parliamentary Secretary (Lord Chancellor's Department),2001-06-12,2003-06-13,731.0,,,Labour,Tony Blair,https://id.parliament.uk/QZPI7xrm,2099
Fraser,Kemp,Commons,Assistant Whip (HM Treasury),2001-06-12,2005-05-10,1428.0,,,Labour,Tony Blair,https://id.parliament.uk/eTNnTV1M,519
John,Heppell,Commons,Lord Commissioner (HM Treasury) (Whip),2001-06-12,2005-05-10,1428.0,,,Labour,Tony Blair,https://id.parliament.uk/h3DuhZ5g,363
William,Bach,Lords,Parliamentary Under-Secretary (Ministry of Defence) (Procurement),2001-06-12,2005-05-10,1428.0,,,Labour,Tony Blair,https://id.parliament.uk/tiZCCVWl,3451
Angela,Smith,Commons,Assistant Whip (HM Treasury),2001-06-12,2002-06-13,366.0,,,Labour,Tony Blair,https://id.parliament.uk/6lkJGvGZ,4170
Peter,Goldsmith,Lords,Attorney General (Law Officers),2001-06-12,2007-06-28,2207.0,,,Labour,Tony Blair,https://id.parliament.uk/eX8sG4bS,2490
Dan,Norris,Commons,Assistant Whip (HM Treasury),2001-06-12,2003-06-13,731.0,,,Labour,Tony Blair,https://id.parliament.uk/phha8Eap,221
Anthony,McNulty,Commons,Lord Commissioner (HM Treasury) (Whip),2001-06-12,2002-05-28,350.0,,,Labour,Tony Blair,https://id.parliament.uk/monhxmKY,176
John,Whitty,Lords,"Parliamentary Under-Secretary (Department for Environment, Food and Rural Affairs)",2001-06-12,2003-06-13,731.0,,,Labour,Tony Blair,https://id.parliament.uk/HTFejY4v,2444
Catherine,Ashton,Lords,Parliamentary Under-Secretary (Department for Education and Skills) (Early Years and School Standards),2001-06-12,2003-06-12,730.0,,,Labour,Tony Blair,https://id.parliament.uk/74ks53Cm,2500
Graham,Stringer,Commons,Lord Commissioner (HM Treasury) (Whip),2001-06-12,2002-05-29,351.0,,,Labour,Tony Blair,https://id.parliament.uk/F1j99htq,449
Phillip,Woolas,Commons,Assistant Whip (HM Treasury),2001-06-12,2002-05-28,350.0,,,Labour,Tony Blair,https://id.parliament.uk/Dv2R6CvU,453
James,Fitzpatrick,Commons,Assistant Whip (HM Treasury),2001-06-14,2002-05-28,348.0,,,Labour,Tony Blair,https://id.parliament.uk/dreRtJBE,197
Gillian,Merron,Commons,Assistant Whip (HM Treasury),2002-01-01,2004-10-28,1031.0,,,Labour,Tony Blair,https://id.parliament.uk/LHQleG2k,347
Elizabeth,Andrews,Lords,Baroness in Waiting (HM Household) (Whip),2002-01-01,2005-05-10,1225.0,,,Labour,Tony Blair,https://id.parliament.uk/IrPeiG0h,2534
Christine,Crawley,Lords,Baroness in Waiting (HM Household) (Whip),2002-01-01,2008-10-05,2469.0,,,Labour,Tony Blair,https://id.parliament.uk/aJ7Os4SE,3386
Anne,McGuire,Commons,Parliamentary Under-Secretary (Scotland Office),2002-05-28,2003-06-13,381.0,,,Labour,Tony Blair,https://id.parliament.uk/wK9hJmCP,636
Phillip,Woolas,Commons,Lord Commissioner (HM Treasury) (Whip),2002-05-29,2003-06-13,380.0,,,Labour,Tony Blair,https://id.parliament.uk/Dv2R6CvU,453
David,Jamieson,Commons,Parliamentary Under-Secretary (Department for Transport),2002-05-29,2005-05-05,1072.0,,,Labour,Tony Blair,https://id.parliament.uk/Kgm4fGPD,232
David,Filkin,Lords,Parliamentary Under-Secretary (Home Office),2002-05-29,2003-06-13,380.0,,,Labour,Tony Blair,https://id.parliament.uk/xDNQYgTm,2491
Wyvill,Raynsford,Commons,Minister of State (Office of the Deputy Prime Minister) (Local and Regional Government),2002-05-29,2005-05-10,1077.0,,,Labour,Tony Blair,https://id.parliament.uk/ccaOImtQ,171
Alistair,Darling,Commons,Secretary of State for Transport,2002-05-29,2006-05-05,1437.0,,,Labour,Tony Blair,https://id.parliament.uk/t2ppPOcs,596
Anthony,McNulty,Commons,Parliamentary Under-Secretary (Office of the Deputy Prime Minister),2002-05-29,2003-06-13,380.0,,,Labour,Tony Blair,https://id.parliament.uk/monhxmKY,176
Jeffrey,Rooker,Lords,Minister (Office of the Deputy Prime Minister) (Housing & Planning),2002-05-29,2003-06-13,380.0,,,Labour,Tony Blair,https://id.parliament.uk/wjDiGH73,302
Stephen,Timms,Commons,Minister of State (e-Commerce & Competitiveness),2002-05-29,2004-09-09,834.0,,,Labour,Tony Blair,https://id.parliament.uk/R62qdyhF,163
Paul,Boateng,Commons,Chief Secretary to the Treasury,2002-05-29,2005-05-06,1073.0,,,Labour,Tony Blair,https://id.parliament.uk/5dhjtEId,147
John,Prescott,Commons,Deputy Prime Minister and Secretary of State for Local Government and the Regions,2002-05-29,2006-05-05,1437.0,,,Labour,Tony Blair,https://id.parliament.uk/YIlbg1p1,374
Charles,Falconer,Lords,Minister of State (Home Office) (Criminal Justice System),2002-05-29,2003-06-12,379.0,,,Labour,Tony Blair,https://id.parliament.uk/8rhWhDwJ,2758
Michael,Wills,Commons,Parliamentary Under-Secretary (Home Office) (Criminal Justice System IT),2002-05-29,2003-07-11,408.0,,,Labour,Tony Blair,https://id.parliament.uk/jYKj6YW3,260
Christopher,Leslie,Commons,Parliamentary Under-Secretary (Office of the Deputy Prime Minister),2002-05-29,2003-06-13,380.0,,,Labour,Tony Blair,https://id.parliament.uk/PujbBzQo,422
Beverley,Hughes,Commons,"Minister of State (Home Office) (Citizenship, Immigration and Counter-Terrorism)",2002-05-29,2004-04-01,673.0,,,Labour,Tony Blair,https://id.parliament.uk/QIwykLVU,459
James,Murphy,Commons,Assistant Whip (HM Treasury),2002-05-29,2003-06-13,380.0,,,Labour,Tony Blair,https://id.parliament.uk/r3w59RHe,595
David,Lammy,Commons,Parliamentary Under-Secretary (Department of Health),2002-05-29,2003-06-13,380.0,,,Labour,Tony Blair,https://id.parliament.uk/xY3sNmne,206
Ian,Pearson,Commons,Lord Commissioner (HM Treasury) (Whip),2002-05-29,2003-06-12,379.0,,,Labour,Tony Blair,https://id.parliament.uk/9WGxxQ6e,310
Joan,Ryan,Commons,Assistant Whip (HM Treasury),2002-05-29,2003-06-13,380.0,,,Labour,Tony Blair,https://id.parliament.uk/SlLir4sw,166
Sally,Keeble,Commons,Parliamentary Under-Secretary (Department for International Development),2002-05-29,2003-06-13,380.0,,,Labour,Tony Blair,https://id.parliament.uk/qNXRWDo0,354
John,Twigg,Commons,Assistant Whip (HM Treasury),2002-05-29,2003-06-13,380.0,,,Labour,Tony Blair,https://id.parliament.uk/GoNpDBog,429
Michael,O'Brien,Commons,Parliamentary Under-Secretary (Foreign and Commonwealth Office),2002-05-29,2003-06-12,379.0,,,Labour,Tony Blair,https://id.parliament.uk/WsevBmhh,290
John,Spellar,Commons,Minister of State (Department for Transport),2002-05-29,2003-06-13,380.0,,,Labour,Tony Blair,https://id.parliament.uk/OyBH9ISZ,318
Benjamin,Bradshaw,Commons,Deputy Leader of the House of Commons,2002-05-29,2003-06-13,380.0,,,Labour,Tony Blair,https://id.parliament.uk/ZyIYdZQ4,230
Yvette,Cooper,Commons,Parliamentary Secretary (Lord Chancellor's Department),2002-05-29,2003-06-13,380.0,,,Labour,Tony Blair,https://id.parliament.uk/WIjC8hXZ,420
Hilary,Benn,Commons,Parliamentary Under-Secretary (Home Office) (Minister for Prisons and Probation),2002-05-29,2003-05-13,349.0,,,Labour,Tony Blair,https://id.parliament.uk/rbKJTCFu,413
Bruce,Grocott,Lords,"Captain of the Honourable Corps of Gentlemen-at-Arms (HM Household) (Chief Whip, House of Lords)",2002-05-29,2008-01-25,2067.0,,,Labour,Tony Blair,https://id.parliament.uk/PqWPxr2R,276
Benjamin,Bradshaw,Commons,Parliamentary Secretary (Privy Council Office),2002-05-29,2003-06-13,380.0,,,Labour,Tony Blair,https://id.parliament.uk/ZyIYdZQ4,230
James,Fitzpatrick,Commons,Lord Commissioner (HM Treasury) (Whip),2002-05-29,2003-06-13,380.0,,,Labour,Tony Blair,https://id.parliament.uk/dreRtJBE,197
Andrew,Smith,Commons,Secretary of State for Work and Pensions,2002-05-29,2004-09-07,832.0,,,Labour,Tony Blair,https://id.parliament.uk/ApfLHFmq,95
Douglas,Alexander,Commons,Minister of State (Cabinet Office),2002-05-30,2003-06-13,379.0,,,Labour,Tony Blair,https://id.parliament.uk/PlwVEpAi,632
Stephen,Twigg,Commons,Parliamentary Under-Secretary (Department for Education and Skills),2002-05-30,2004-12-16,931.0,,,Labour,Tony Blair,https://id.parliament.uk/owb2brV2,167
John,Healey,Commons,Economic Secretary (HM Treasury),2002-05-30,2005-05-10,1076.0,,,Labour,Tony Blair,https://id.parliament.uk/9VjJ9Mfg,400
David,Miliband,Commons,Minister of State (Education and Skills) (Schools),2002-05-30,2004-12-15,930.0,,,Labour,Tony Blair,https://id.parliament.uk/lG5RlZ9z,1452
Barbara,Roche,Commons,Minister (Office of the Deputy Prime Minister) (Social Exclusion and Deputy Minister for Women),2002-05-30,2003-06-13,379.0,,,Labour,Tony Blair,https://id.parliament.uk/jnUWMrjI,182
Ruth,Kelly,Commons,Financial Secretary (HM Treasury),2002-06-11,2004-09-30,842.0,,,Labour,Tony Blair,https://id.parliament.uk/GrGkIxzE,439
Angela,Smith,Commons,Parliamentary Under-Secretary (Northern Ireland Office),2002-10-14,2006-05-05,1299.0,,,Labour,Tony Blair,https://id.parliament.uk/6lkJGvGZ,4170
William,Rammell,Commons,Assistant Whip (HM Treasury),2002-10-15,2002-10-28,13.0,,,Labour,Tony Blair,https://id.parliament.uk/zRT6JXFe,37
Charlotte,Atkins,Commons,Assistant Whip (HM Treasury),2002-10-15,2005-05-10,938.0,,,Labour,Tony Blair,https://id.parliament.uk/x3bl61tc,284
Ian,Pearson,Commons,Parliamentary Under-Secretary (Northern Ireland Office),2002-10-23,2005-05-10,930.0,,,Labour,Tony Blair,https://id.parliament.uk/9WGxxQ6e,310
Paul,Murphy,Commons,Secretary of State for Northern Ireland,2002-10-24,2005-05-06,925.0,,,Labour,Tony Blair,https://id.parliament.uk/J63bWC5i,546
Charles,Clarke,Commons,Secretary of State for Education and Skills,2002-10-24,2004-12-15,783.0,,,Labour,Tony Blair,https://id.parliament.uk/XG4JgwTL,130
John,Reid,Commons,Minister without Portfolio and Labour Party Chair,2002-10-24,2003-04-04,162.0,,,Labour,Tony Blair,https://id.parliament.uk/tlYrORH3,617
Peter,Hain,Commons,Secretary of State for Wales,2002-10-24,2008-01-24,1918.0,,,Labour,Tony Blair,https://id.parliament.uk/2jVmwnh9,567
William,Rammell,Commons,Parliamentary Under-Secretary (Foreign and Commonwealth Office),2002-10-28,2005-05-10,925.0,,,Labour,Tony Blair,https://id.parliament.uk/zRT6JXFe,37
Denis,MacShane,Commons,Minister of State (Europe),2002-10-28,2005-05-10,925.0,,,Labour,Tony Blair,https://id.parliament.uk/0nogXxQe,393
John,Reid,Commons,Lord President of the Council and Leader of the House of Commons (Privy Council Office),2003-04-04,2003-06-12,69.0,,,Labour,Tony Blair,https://id.parliament.uk/tlYrORH3,617
Ian,McCartney,Commons,Minister (without Portfolio),2003-04-04,2006-05-05,1127.0,,,Labour,Tony Blair,https://id.parliament.uk/btMGCWJR,448
Valerie,Amos,Lords,Secretary of State for International Development,2003-05-12,2003-10-06,147.0,,,Labour,Tony Blair,https://id.parliament.uk/P2dFekXm,3477
Hilary,Benn,Commons,Minister of State (Department for International Development),2003-05-13,2003-10-06,146.0,,,Labour,Tony Blair,https://id.parliament.uk/rbKJTCFu,413
Paul,Goggins,Commons,Parliamentary Under-Secretary (Home Office),2003-05-13,2006-05-05,1088.0,,,Labour,Tony Blair,https://id.parliament.uk/roRiaRp8,462
James,Touhig,Commons,Parliamentary Under-Secretary (Department for Constitutional Affairs) (also in Wales Office),2003-06-12,2005-05-10,698.0,,,Labour,Tony Blair,https://id.parliament.uk/WqmYyOh3,542
Michael,O'Brien,Commons,Minister of State (Department of Trade and Industry) (Trade) (also Foreign and Commonwealth Office),2003-06-12,2005-05-05,693.0,,,Labour,Tony Blair,https://id.parliament.uk/WsevBmhh,290
Peter,Hain,Commons,Leader of the House of Commons and Lord Privy Seal,2003-06-12,2005-05-06,694.0,,,Labour,Tony Blair,https://id.parliament.uk/2jVmwnh9,567
Alistair,Darling,Commons,Secretary of State for Scotland,2003-06-12,2006-05-05,1058.0,,,Labour,Tony Blair,https://id.parliament.uk/t2ppPOcs,596
Catherine,Ashton,Lords,"Parliamentary Under-Secretary (Department for Work and Pensions) (Sure Start, Early Years and Childcare) (also Department for Education and Science)",2003-06-12,2004-09-09,455.0,,,Labour,Tony Blair,https://id.parliament.uk/74ks53Cm,2500
Catherine,Ashton,Lords,"Parliamentary Under-Secretary (Department for Education and Skills) (Sure Start, Early Years and Childcare) (also Department for Work and Pensions)",2003-06-12,2004-09-09,455.0,,,Labour,Tony Blair,https://id.parliament.uk/74ks53Cm,2500
Charles,Falconer,Lords,Secretary of State for Constitutional Affairs and Lord Chancellor,2003-06-12,2007-05-08,1426.0,,,Labour,Tony Blair,https://id.parliament.uk/8rhWhDwJ,2758
John,Reid,Commons,Secretary of State for Health,2003-06-12,2005-05-06,694.0,,,Labour,Tony Blair,https://id.parliament.uk/tlYrORH3,617
Margaret,Moran,Commons,Assistant Whip (HM Treasury),2003-06-13,2005-05-10,697.0,,,Labour,Tony Blair,https://id.parliament.uk/4GQkYusT,3
Ivor,Caplin,Commons,Parliamentary Under-Secretary (Ministry of Defence),2003-06-13,2005-05-05,692.0,,,Labour,Tony Blair,https://id.parliament.uk/JtqXEBFJ,27
Jeffrey,Rooker,Lords,Minister (Office of the Deputy Prime Minister) (Regeneration and Regional Development),2003-06-13,2005-05-10,697.0,,,Labour,Tony Blair,https://id.parliament.uk/wjDiGH73,302
David,Filkin,Lords,Parliamentary Under-Secretary (Department for Constitutional Affairs),2003-06-13,2004-09-09,454.0,,,Labour,Tony Blair,https://id.parliament.uk/xDNQYgTm,2491
James,Murphy,Commons,Lord Commissioner (HM Treasury) (Whip),2003-06-13,2005-05-10,697.0,,,Labour,Tony Blair,https://id.parliament.uk/r3w59RHe,595
Elliot,Morley,Commons,"Minister of State (Department for Environment, Food and Rural Affairs) (Climate Change and Environment)",2003-06-13,2006-05-05,1057.0,,,Labour,Tony Blair,https://id.parliament.uk/aqnjvFqc,377
Anthony,McNulty,Commons,Parliamentary Under-Secretary (Department for Transport),2003-06-13,2004-09-09,454.0,,,Labour,Tony Blair,https://id.parliament.uk/monhxmKY,176
Yvette,Cooper,Commons,Parliamentary Under-Secretary (Office of the Deputy Prime Minister) (Regeneration and Regional Developement),2003-06-13,2005-05-10,697.0,,,Labour,Tony Blair,https://id.parliament.uk/WIjC8hXZ,420
Stephen,Ladyman,Commons,Parliamentary Under-Secretary (Department of Health) (Community Care),2003-06-13,2005-05-10,697.0,,,Labour,Tony Blair,https://id.parliament.uk/LjSl1O1o,90
Bridget,Prentice,Commons,Assistant Whip (HM Treasury),2003-06-13,2005-05-10,697.0,,,Labour,Tony Blair,https://id.parliament.uk/Lc3okOFy,191
Estelle,Morris,Commons,"Minister of State (Department for Culture, Media and Sport) (Arts)",2003-06-13,2005-05-05,692.0,,,Labour,Tony Blair,https://id.parliament.uk/3UZQn6bw,305
Andrew,McIntosh,Lords,"Parliamentary Under-Secretary (Department for Culture, Media and Sport) (Media and Heritage)",2003-06-13,2005-05-10,697.0,,,Labour,Tony Blair,https://id.parliament.uk/DLXOo8Gv,1885
David,Lammy,Commons,Parliamentary Under-Secretary (Department for Constitutional Affairs),2003-06-13,2005-05-10,697.0,,,Labour,Tony Blair,https://id.parliament.uk/xY3sNmne,206
John,Whitty,Lords,"Parliamentary Under-Secretary (Department for Environment, Food and Rural Affairs) (Food, Farming and Sustainable Energy)",2003-06-13,2005-05-10,697.0,,,Labour,Tony Blair,https://id.parliament.uk/HTFejY4v,2444
Richard,Caborn,Commons,"Minister of State (Department for Culture, Media and Sport) (Tourism)",2003-06-13,2005-05-01,688.0,,,Labour,Tony Blair,https://id.parliament.uk/pSPV5So0,396
Christopher,Mullin,Commons,Parliamentary Under-Secretary (Foreign and Commonwealth Office),2003-06-13,2005-05-10,697.0,,,Labour,Tony Blair,https://id.parliament.uk/Ow3Z1dEO,527
Norman,Warner,Lords,Parliamentary Under-Secretary (Department of Health),2003-06-13,2005-05-10,697.0,,,Crossbench,Tony Blair,https://id.parliament.uk/GyE8pcDH,1732
Gareth,Williams,Lords,Lord President of the Council and Leader of the House of Lords (Privy Council Office),2003-06-13,2003-09-20,99.0,,,Labour,Tony Blair,https://id.parliament.uk/FIDiZ0Hp,1751
Malcolm,Wicks,Commons,Minister of State (Department for Work and Pensions),2003-06-13,2005-05-10,697.0,,,Labour,Tony Blair,https://id.parliament.uk/VXjH5FEb,156
Philip,Hope,Commons,Parliamentary Under-Secretary (Office of the Deputy Prime Minister) (Local and Regional Government),2003-06-13,2005-05-10,697.0,,,Labour,Tony Blair,https://id.parliament.uk/638YRKeI,351
Patricia,Scotland,Lords,Minister of State (Home Office) (Criminal Justice and Offender Management),2003-06-13,2007-05-08,1425.0,,,Labour,Tony Blair,https://id.parliament.uk/QZPI7xrm,2099
Caroline,Flint,Commons,Parliamentary Under-Secretary (Home Office),2003-06-13,2005-05-10,697.0,,,Labour,Tony Blair,https://id.parliament.uk/udOHn9j5,389
Melanie,Johnson,Commons,Parliamentary Under-Secretary (Department of Health),2003-06-13,2005-05-05,692.0,,,Labour,Tony Blair,https://id.parliament.uk/gA0AYxrU,74
Alan,Johnson,Commons,"Minister of State (Education and Skills) (Lifelong Learning, Further and Higher Education)",2003-06-13,2004-09-09,454.0,,,Labour,Tony Blair,https://id.parliament.uk/dtaMwBoC,376
James,Fitzpatrick,Commons,Vice-Chamberlain (HM Household),2003-06-13,2005-05-10,697.0,,,Labour,Tony Blair,https://id.parliament.uk/dreRtJBE,197
Douglas,Alexander,Commons,Minister of State (Cabinet Office) and Chancellor of the Duchy of Lancaster,2003-06-13,2004-09-09,454.0,,,Labour,Tony Blair,https://id.parliament.uk/PlwVEpAi,632
Fiona,Mactaggart,Commons,Parliamentary Under-Secretary (Home Office),2003-06-13,2006-05-05,1057.0,,,Labour,Tony Blair,https://id.parliament.uk/8Uy0nxZr,12
Desmond,Browne,Commons,Minister of State (Department for Work and Pensions) (Work),2003-06-13,2004-04-01,293.0,,,Labour,Tony Blair,https://id.parliament.uk/OhBFKZen,620
Trevor,Hill,Commons,Minister of State (Office of the Deputy Prime Minister) (Housing and Planning),2003-06-13,2005-05-10,697.0,,,Labour,Tony Blair,https://id.parliament.uk/99RyKEEU,203
Rosie,Winterton,Commons,Minister of State (Department of Health) (Health Services),2003-06-13,2007-06-28,1476.0,,,Labour,Tony Blair,https://id.parliament.uk/C9I7sOdf,390
Robert,Ainsworth,Commons,Deputy Chief Whip and Treasurer of HM Household,2003-06-13,2007-06-28,1476.0,,,Labour,Tony Blair,https://id.parliament.uk/hEQM2SPd,306
Hazel,Blears,Commons,"Minister of State (Home Office) (Policing, Security and Community Safety)",2003-06-13,2006-05-05,1057.0,,,Labour,Tony Blair,https://id.parliament.uk/FHckXpZX,456
Bryan,Davies,Lords,"Captain of the Queen's Bodyguard of the Yeomen of the Guard (HM Household) (Deputy Chief Whip, House of Lords)",2003-06-13,2010-05-06,2519.0,,,Labour,Tony Blair,https://id.parliament.uk/mA0w6C2f,987
Benjamin,Bradshaw,Commons,"Parliamentary Under-Secretary (Department for Environment, Food and Rural Affairs) (Local Environment, Marine and Animal Welfare)",2003-06-13,2006-11-10,1246.0,,,Labour,Tony Blair,https://id.parliament.uk/ZyIYdZQ4,230
Jacqui,Smith,Commons,Minister of State (Industry and the Regions) and Deputy Minister (Women),2003-06-13,2005-05-06,693.0,,,Labour,Tony Blair,https://id.parliament.uk/w2LmQRJM,269
Vernon,Coaker,Commons,Assistant Whip (HM Treasury),2003-06-13,2005-05-10,697.0,,,Labour,Tony Blair,https://id.parliament.uk/ERxC3bUI,360
John,Twigg,Commons,Lord Commissioner (HM Treasury) (Whip),2003-06-13,2004-12-16,552.0,,,Labour,Tony Blair,https://id.parliament.uk/GoNpDBog,429
Gareth,Thomas,Commons,Parliamentary Under-Secretary (Department for International Development),2003-06-13,2007-06-28,1476.0,,,Labour,Tony Blair,https://id.parliament.uk/FOcypHE2,177
John,Spellar,Commons,Minister of State (Northern Ireland Office),2003-06-13,2005-05-10,697.0,,,Labour,Tony Blair,https://id.parliament.uk/OyBH9ISZ,318
Margaret,Hodge,Commons,Minister of State (Education and Skills) (Children),2003-06-13,2005-05-10,697.0,,,Labour,Tony Blair,https://id.parliament.uk/nerwVGrY,140
Christopher,Pond,Commons,Parliamentary Under-Secretary (Department for Work and Pensions),2003-06-13,2005-05-05,692.0,,,Labour,Tony Blair,https://id.parliament.uk/dAUln9zA,84
Paul,Clark,Commons,Assistant Whip (HM Treasury),2003-06-13,2005-05-10,697.0,,,Labour,Tony Blair,https://id.parliament.uk/IpwGVqMa,83
Christopher,Leslie,Commons,Parliamentary Under-Secretary (Department for Constitutional Affairs),2003-06-13,2005-05-05,692.0,,,Labour,Tony Blair,https://id.parliament.uk/PujbBzQo,422
Phillip,Woolas,Commons,Deputy Leader of the House of Commons (Privy Council Office),2003-06-13,2005-05-10,697.0,,,Labour,Tony Blair,https://id.parliament.uk/Dv2R6CvU,453
Matthew,Evans,Lords,Lords in Waiting (HM Household),2003-06-13,2007-06-27,1475.0,,,Labour,Tony Blair,https://id.parliament.uk/Fq0y5YxM,2544
Kim,Howells,Commons,Minister of State (Department for Transport),2003-06-13,2004-09-09,454.0,,,Labour,Tony Blair,https://id.parliament.uk/0K2JKjxj,556
Elizabeth,Symons,Lords,Minister of State (Middle East),2003-06-13,2005-05-10,697.0,,,Labour,Tony Blair,https://id.parliament.uk/8UhYj6iQ,2233
Gerard,Sutcliffe,Commons,Parliamentary Under-Secretary (Trade and Industry) (Employment Relations and Consumer Affairs),2003-06-13,2006-05-05,1057.0,,,Labour,Tony Blair,https://id.parliament.uk/nB1wXXwJ,403
Joan,Ryan,Commons,Lord Commissioner (HM Treasury) (Whip),2003-06-13,2006-05-05,1057.0,,,Labour,Tony Blair,https://id.parliament.uk/SlLir4sw,166
Anne,McGuire,Commons,Parliamentary Under-Secretary (Department for Constitutional Affairs) (Scotland),2003-06-13,2005-05-10,697.0,,,Labour,Tony Blair,https://id.parliament.uk/wK9hJmCP,636
Valerie,Amos,Lords,Lord President of the Council and Leader of the House of Lords (Privy Council Office),2003-10-06,2007-06-28,1361.0,,,Labour,Tony Blair,https://id.parliament.uk/P2dFekXm,3477
Hilary,Benn,Commons,Secretary of State for International Development,2003-10-06,2007-06-28,1361.0,,,Labour,Tony Blair,https://id.parliament.uk/rbKJTCFu,413
David,Triesman,Lords,Lords in Waiting (Whips),2003-12-19,2005-05-10,508.0,,,,Tony Blair,https://id.parliament.uk/78dgSAJN,3651
Desmond,Browne,Commons,"Minister of State (Home Office) (Citizenship, Immigration and Nationality)",2004-04-01,2005-05-06,400.0,,,Labour,Tony Blair,https://id.parliament.uk/OhBFKZen,620
Jane,Kennedy,Commons,Minister of State (Department for Work and Pensions) (Work),2004-04-02,2005-05-10,403.0,,,Labour,Tony Blair,https://id.parliament.uk/f5YiNuqP,486
Barry,Gardiner,Commons,Parliamentary Under-Secretary (Northern Ireland Office),2004-04-02,2005-05-10,403.0,,,Labour,Tony Blair,https://id.parliament.uk/qnV6B37K,146
Alan,Milburn,Commons,Chancellor of the Duchy of Lancaster,2004-09-08,2005-05-06,240.0,,,Labour,Tony Blair,https://id.parliament.uk/u5DIviww,507
David,Filkin,Lords,"Parliamentary Under-Secretary (Department for Education and Skills) (Sure Start, Early Years and Childcare) (also Department for Work and Pensions)",2004-09-09,2005-05-10,243.0,,,Labour,Tony Blair,https://id.parliament.uk/xDNQYgTm,2491
Thomas,Watson,Commons,Assistant Whip (HM Treasury),2004-09-09,2005-05-10,243.0,,,Labour,Tony Blair,https://id.parliament.uk/WlJNmMRl,1463
Kim,Howells,Commons,"Minister of State (Education and Skills) (Lifelong Learning, Further and Higher Education)",2004-09-09,2005-05-10,243.0,,,Labour,Tony Blair,https://id.parliament.uk/0K2JKjxj,556
Anthony,McNulty,Commons,Minister of State (Department for Transport),2004-09-09,2005-05-10,243.0,,,Labour,Tony Blair,https://id.parliament.uk/monhxmKY,176
Ruth,Kelly,Commons,Minister of State (Cabinet Office),2004-09-09,2004-12-15,97.0,,,Labour,Tony Blair,https://id.parliament.uk/GrGkIxzE,439
Charlotte,Atkins,Commons,Parliamentary Under-Secretary (Department for Transport),2004-09-09,2005-05-10,243.0,,,Labour,Tony Blair,https://id.parliament.uk/x3bl61tc,284
Douglas,Alexander,Commons,Minister of State (Department of Trade and Industry) (Trade) (also Foreign and Commonwealth Office),2004-09-09,2005-05-10,243.0,,,Labour,Tony Blair,https://id.parliament.uk/PlwVEpAi,632
Alan,Johnson,Commons,Secretary of State for Work and Pensions,2004-09-09,2005-05-06,239.0,,,Labour,Tony Blair,https://id.parliament.uk/dtaMwBoC,376
Douglas,Alexander,Commons,Minister of State (Foreign and Commonwealth Office) (Trade) (also Department of Trade and Industry),2004-09-09,2005-05-10,243.0,,,Labour,Tony Blair,https://id.parliament.uk/PlwVEpAi,632
Catherine,Ashton,Lords,Parliamentary Under-Secretary (Department for Constitutional Affairs),2004-09-09,2007-05-08,971.0,,,Labour,Tony Blair,https://id.parliament.uk/74ks53Cm,2500
Stephen,Timms,Commons,Financial Secretary (HM Treasury),2004-09-30,2005-05-10,222.0,,,Labour,Tony Blair,https://id.parliament.uk/R62qdyhF,163
Gillian,Merron,Commons,Lord Commissioner (HM Treasury) (Whip),2004-10-28,2006-05-05,554.0,,,Labour,Tony Blair,https://id.parliament.uk/LHQleG2k,347
Ruth,Kelly,Commons,Secretary of State for Education and Skills,2004-12-15,2006-05-05,506.0,,,Labour,Tony Blair,https://id.parliament.uk/GrGkIxzE,439
David,Miliband,Commons,Minister of State (Cabinet Office),2004-12-15,2005-05-06,142.0,,,Labour,Tony Blair,https://id.parliament.uk/lG5RlZ9z,1452
Charles,Clarke,Commons,Home Secretary,2004-12-15,2006-05-05,506.0,,,Labour,Tony Blair,https://id.parliament.uk/XG4JgwTL,130
Stephen,Twigg,Commons,Minister of State (Education and Skills) (School Standards),2004-12-16,2005-05-05,140.0,,,Labour,Tony Blair,https://id.parliament.uk/owb2brV2,167
John,Twigg,Commons,Parliamentary Under-Secretary (Department for Education and Skills) (Schools),2004-12-16,2005-05-10,145.0,,,Labour,Tony Blair,https://id.parliament.uk/GoNpDBog,429
James,Purnell,Commons,Assistant Whip (HM Treasury),2004-12-17,2005-05-10,144.0,,,Labour,Tony Blair,https://id.parliament.uk/g3FgrthI,1455
David,Hanson,Commons,Minister of State (Northern Ireland Office),2005-05-05,2007-04-05,700.0,,,Labour,Tony Blair,https://id.parliament.uk/RBI4vae5,533
Desmond,Browne,Commons,Chief Secretary to the Treasury,2005-05-06,2006-05-05,364.0,,,Labour,Tony Blair,https://id.parliament.uk/OhBFKZen,620
John,Hutton,Commons,Chancellor of the Duchy of Lancaster (Cabinet Office),2005-05-06,2005-11-02,180.0,,,Labour,Tony Blair,https://id.parliament.uk/R4VIOLKR,494
Peter,Hain,Commons,Secretary of State for Northern Ireland,2005-05-06,2007-06-28,783.0,,,Labour,Tony Blair,https://id.parliament.uk/2jVmwnh9,567
John,Reid,Commons,Secretary of State for Defence,2005-05-06,2006-05-05,364.0,,,Labour,Tony Blair,https://id.parliament.uk/tlYrORH3,617
David,Sainsbury,Lords,Parliamentary Under-Secretary (Trade and Industry) (Science and Innovation),2005-05-06,2006-11-10,553.0,,,Labour,Tony Blair,https://id.parliament.uk/GKEtqJpq,2161
David,Blunkett,Commons,Secretary of State for Work and Pensions,2005-05-06,2005-11-02,180.0,,,Labour,Tony Blair,https://id.parliament.uk/s5O7ndZv,395
Alan,Johnson,Commons,Secretary of State for Trade and Industry,2005-05-06,2006-05-05,364.0,,,Labour,Tony Blair,https://id.parliament.uk/dtaMwBoC,376
David,Miliband,Commons,Minister (Office of the Deputy Prime Minister) (Communities and Local Government),2005-05-06,2006-05-05,364.0,,,Labour,Tony Blair,https://id.parliament.uk/lG5RlZ9z,1452
Geoffrey,Hoon,Commons,Leader of the House of Commons and Lord Privy Seal,2005-05-06,2006-05-05,364.0,,,Labour,Tony Blair,https://id.parliament.uk/yHpMxMCv,357
Patricia,Hewitt,Commons,Secretary of State for Health,2005-05-06,2007-06-28,783.0,,,Labour,Tony Blair,https://id.parliament.uk/tU20NZhl,340
Jeffrey,Rooker,Lords,Minister of State (Northern Ireland Office),2005-05-09,2007-06-27,779.0,,,Labour,Tony Blair,https://id.parliament.uk/wjDiGH73,302
Anthony,McNulty,Commons,"Minister of State (Home Office) (Immigration, Citizenship and Nationality)",2005-05-10,2006-05-22,377.0,,,Labour,Tony Blair,https://id.parliament.uk/monhxmKY,176
William,Rammell,Commons,"Minister of State (Education and Skills) (Lifelong Learning, Further and Higher Education)",2005-05-10,2007-06-28,779.0,,,Labour,Tony Blair,https://id.parliament.uk/zRT6JXFe,37
Margaret,Munn,Commons,Parliamentary Under-Secretary (Trade and Industry) (Women and Equality),2005-05-10,2006-05-05,360.0,,,Labour,Tony Blair,https://id.parliament.uk/7DGkOf0i,1448
Kevin,Brennan,Commons,Assistant Whip (HM Treasury),2005-05-10,2006-05-05,360.0,,,Labour,Tony Blair,https://id.parliament.uk/B4kpjDsU,1400
James,Murphy,Commons,Parliamentary Under-Secretary (Cabinet Office),2005-05-10,2006-05-05,360.0,,,Labour,Tony Blair,https://id.parliament.uk/r3w59RHe,595
Anne,McGuire,Commons,Parliamentary Under-Secretary (Department for Work and Pensions),2005-05-10,2008-10-05,1244.0,,,Labour,Tony Blair,https://id.parliament.uk/wK9hJmCP,636
Claire,Ward,Commons,Assistant Whip (HM Treasury),2005-05-10,2006-05-05,360.0,,,Labour,Tony Blair,https://id.parliament.uk/AMR7iXTa,73
Liam,Byrne,Commons,Parliamentary Under-Secretary (Department of Health) (Care Services),2005-05-10,2006-05-05,360.0,,,Labour,Tony Blair,https://id.parliament.uk/k8mCzVcd,1171
John,Twigg,Commons,Parliamentary Under-Secretary (Department for Transport),2005-05-10,2006-09-06,484.0,,,Labour,Tony Blair,https://id.parliament.uk/GoNpDBog,429
Thomas,Watson,Commons,Lord Commissioner (HM Treasury) (Whip),2005-05-10,2006-05-05,360.0,,,Labour,Tony Blair,https://id.parliament.uk/WlJNmMRl,1463
Dave,Watts,Commons,Lord Commissioner (HM Treasury) (Whip),2005-05-10,2010-05-06,1822.0,,,Labour,Tony Blair,https://id.parliament.uk/k5IgkUZq,489
Michael,O'Brien,Commons,Solicitor General (Law Officers),2005-05-10,2007-06-28,779.0,,,Labour,Tony Blair,https://id.parliament.uk/WsevBmhh,290
Karen,Buck,Commons,Parliamentary Under-Secretary (Department for Transport),2005-05-10,2006-03-16,310.0,,,Labour,Tony Blair,https://id.parliament.uk/jAbelfz6,199
Andrew,Burnham,Commons,Parliamentary Under-Secretary (Home Office),2005-05-10,2006-05-05,360.0,,,Labour,Tony Blair,https://id.parliament.uk/Tpxm134z,1427
Ian,Pearson,Commons,Minister of State (Department of Trade and Industry) (Trade) (also Foreign and Commonwealth Office),2005-05-10,2006-05-05,360.0,,,Labour,Tony Blair,https://id.parliament.uk/9WGxxQ6e,310
David,Triesman,Lords,Parliamentary Under-Secretary (Foreign and Commonwealth Office),2005-05-10,2007-06-28,779.0,,,Labour,Tony Blair,https://id.parliament.uk/78dgSAJN,3651
Ian,Pearson,Commons,Minister of State (Foreign and Commonwealth Office) (Trade) (also Department of Trade and Industry),2005-05-10,2006-05-05,360.0,,,Labour,Tony Blair,https://id.parliament.uk/9WGxxQ6e,310
James,Touhig,Commons,Parliamentary Under-Secretary (Ministry of Defence) (Veterans),2005-05-10,2006-05-05,360.0,,,Labour,Tony Blair,https://id.parliament.uk/WqmYyOh3,542
James,Plaskitt,Commons,Parliamentary Under-Secretary (Department for Work and Pensions),2005-05-10,2008-10-05,1244.0,,,Labour,Tony Blair,https://id.parliament.uk/uJJLI8bo,294
Stephen,Timms,Commons,Minister of State (Department for Work and Pensions),2005-05-10,2006-05-05,360.0,,,Labour,Tony Blair,https://id.parliament.uk/R62qdyhF,163
Bridget,Prentice,Commons,Parliamentary Under-Secretary (Department for Constitutional Affairs),2005-05-10,2007-05-08,728.0,,,Labour,Tony Blair,https://id.parliament.uk/Lc3okOFy,191
James,Purnell,Commons,"Minister (Department for Culture, Media and Sport) (Media and Tourism)",2005-05-10,2006-05-05,360.0,,,Labour,Tony Blair,https://id.parliament.uk/g3FgrthI,1455
Alun,Michael,Commons,Minister of State (Industry and the Regions),2005-05-10,2006-05-05,360.0,,,Labour,Tony Blair,https://id.parliament.uk/kxDTSMAG,562
Ian,Cawsey,Commons,Assistant Whip (HM Treasury),2005-05-10,2007-06-28,779.0,,,Labour,Tony Blair,https://id.parliament.uk/Z6ajo3Rr,369
John,Healey,Commons,Financial Secretary (HM Treasury),2005-05-10,2007-06-28,779.0,,,Labour,Tony Blair,https://id.parliament.uk/9VjJ9Mfg,400
Phillip,Woolas,Commons,Minister of State (Office of the Deputy Prime Minister) (Local Government),2005-05-10,2006-05-05,360.0,,,Labour,Tony Blair,https://id.parliament.uk/Dv2R6CvU,453
John,Cairns,Commons,Parliamentary Under-Secretary (Scotland Office),2005-05-10,2007-06-28,779.0,,,Labour,Tony Blair,https://id.parliament.uk/ddDZw2FR,1421
Elizabeth,Andrews,Lords,Parliamentary Under-Secretary (Office of the Deputy Prime Minister),2005-05-10,2006-05-05,360.0,,,Labour,Tony Blair,https://id.parliament.uk/IrPeiG0h,2534
Parmjit,Dhanda,Commons,Assistant Whip (HM Treasury),2005-05-10,2006-05-05,360.0,,,Labour,Tony Blair,https://id.parliament.uk/2DrCqwtb,1420
James,Knight,Commons,"Parliamentary Under-Secretary (Department for Environment, Food and Rural Affairs) (Rural Affairs, Landscape and Biodiversity)",2005-05-10,2006-05-05,360.0,,,Labour,Tony Blair,https://id.parliament.uk/TImtubyi,4160
Nicholas,Ainger,Commons,Parliamentary Under-Secretary (Wales Office),2005-05-10,2007-06-28,779.0,,,Labour,Tony Blair,https://id.parliament.uk/EVD3Ew84,537
William,McKenzie,Lords,Lords in Waiting (HM Household),2005-05-10,2007-01-08,608.0,,,Labour,Tony Blair,https://id.parliament.uk/Gew5X0FU,3694
Nigel,Griffiths,Commons,Deputy Leader of the House of Commons,2005-05-10,2007-03-12,671.0,,,Labour,Tony Blair,https://id.parliament.uk/3fidjjmC,600
Kim,Howells,Commons,Minister of State (Foreign and Commonwealth Office),2005-05-10,2008-10-05,1244.0,,,Labour,Tony Blair,https://id.parliament.uk/0K2JKjxj,556
Beverley,Hughes,Commons,"Minister of State (Education and Skills) (Children, Young People and Families)",2005-05-10,2007-06-28,779.0,,,Labour,Tony Blair,https://id.parliament.uk/QIwykLVU,459
Philip,Hunt,Lords,Parliamentary Under-Secretary (Department for Work and Pensions),2005-05-10,2007-01-04,604.0,,,Labour,Tony Blair,https://id.parliament.uk/p4clIXl7,2024
James,Fitzpatrick,Commons,Minister (Office of the Deputy Prime Minister) (London),2005-05-10,2006-05-05,360.0,,,Labour,Tony Blair,https://id.parliament.uk/dreRtJBE,197
Douglas,Alexander,Commons,Minister of State (Europe),2005-05-10,2006-05-05,360.0,,,Labour,Tony Blair,https://id.parliament.uk/PlwVEpAi,632
David,Lammy,Commons,"Minister of State (Department for Culture, Media and Sport) (Culture)",2005-05-10,2007-06-28,779.0,,,Labour,Tony Blair,https://id.parliament.uk/xY3sNmne,206
Yvette,Cooper,Commons,Minister of State (Office of the Deputy Prime Minister) (Housing and Planning),2005-05-10,2006-05-05,360.0,,,Labour,Tony Blair,https://id.parliament.uk/WIjC8hXZ,420
Caroline,Flint,Commons,Parliamentary Under-Secretary (Department of Health),2005-05-10,2006-05-05,360.0,,,Labour,Tony Blair,https://id.parliament.uk/udOHn9j5,389
Stephen,Ladyman,Commons,Minister of State (Department for Transport),2005-05-10,2007-06-28,779.0,,,Labour,Tony Blair,https://id.parliament.uk/LjSl1O1o,90
Jane,Kennedy,Commons,Minister of State (Department of Health) (Quality and Patient Safety),2005-05-10,2006-05-05,360.0,,,Labour,Tony Blair,https://id.parliament.uk/f5YiNuqP,486
Alan,Campbell,Commons,Assistant Whip (HM Treasury),2005-05-10,2006-05-05,360.0,,,Labour,Tony Blair,https://id.parliament.uk/OA5UNsUG,529
Harriet,Harman,Commons,Minister of State (Department of Constitutional Affairs),2005-05-10,2007-05-08,728.0,,,Labour,Tony Blair,https://id.parliament.uk/Jhxlo2zC,150
William,Bach,Lords,"Parliamentary Under-Secretary (Department for Environment, Food and Rural Affairs) (Farming, Food and Sustainable Energy)",2005-05-10,2006-05-05,360.0,,,Labour,Tony Blair,https://id.parliament.uk/tiZCCVWl,3451
Paul,Drayson,Lords,Parliamentary Under-Secretary (Ministry of Defence) (Procurement),2005-05-10,2007-03-06,665.0,,,Labour,Tony Blair,https://id.parliament.uk/q2DKvvyq,3669
Philip,Hope,Commons,Parliamentary Under-Secretary (Department for Education and Skills) (Skills),2005-05-10,2007-06-28,779.0,,,Labour,Tony Blair,https://id.parliament.uk/638YRKeI,351
Frank,Roy,Commons,Assistant Whip (HM Treasury),2005-05-10,2006-05-05,360.0,,,Labour,Tony Blair,https://id.parliament.uk/8bx73kST,626
Barry,Gardiner,Commons,Parliamentary Under-Secretary (Trade and Industry) (Delivery and Efficiency),2005-05-10,2006-05-05,360.0,,,Labour,Tony Blair,https://id.parliament.uk/qnV6B37K,146
Ivan,Lewis,Commons,Economic Secretary (HM Treasury),2005-05-10,2006-05-05,360.0,,,Labour,Tony Blair,https://id.parliament.uk/YC7Iv4FO,441
Margaret,Hodge,Commons,Minister of State (Department for Work and Pensions) (Work),2005-05-10,2006-05-05,360.0,,,Labour,Tony Blair,https://id.parliament.uk/nerwVGrY,140
Shaun,Woodward,Commons,Parliamentary Under-Secretary (Northern Ireland Office),2005-05-10,2006-05-05,360.0,,,Labour,Tony Blair,https://id.parliament.uk/JlJgzub3,98
Andrew,Adonis,Lords,Parliamentary Under-Secretary (Department for Education and Skills) (Schools),2005-05-10,2007-06-28,779.0,,,,Tony Blair,https://id.parliament.uk/WAsaVnhM,3743
Vernon,Coaker,Commons,Lord Commissioner (HM Treasury) (Whip),2005-05-10,2006-05-05,360.0,,,Labour,Tony Blair,https://id.parliament.uk/ERxC3bUI,360
John,Heppell,Commons,Vice-Chamberlain (HM Household),2005-05-10,2007-06-28,779.0,,,Labour,Tony Blair,https://id.parliament.uk/h3DuhZ5g,363
Jacqui,Smith,Commons,Minister of State (Education and Skills) (Schools and 14-19 Learners),2005-05-10,2006-05-05,360.0,,,Labour,Tony Blair,https://id.parliament.uk/w2LmQRJM,269
Malcolm,Wicks,Commons,Minister of State (Energy),2005-05-10,2006-11-10,549.0,,,Labour,Tony Blair,https://id.parliament.uk/VXjH5FEb,156
Maria,Eagle,Commons,Parliamentary Under-Secretary (Department for Education and Skills) (Children and Families),2005-05-10,2006-05-05,360.0,,,Labour,Tony Blair,https://id.parliament.uk/wr5FZYiJ,483
Thomas,Cunningham,Commons,Assistant Whip (HM Treasury),2005-05-10,2008-10-05,1244.0,,,Labour,Tony Blair,https://id.parliament.uk/WP15CZgr,1469
Norman,Warner,Lords,Minister of State (Department of Health) (NHS Delivery),2005-05-10,2006-05-05,360.0,,,Labour,Tony Blair,https://id.parliament.uk/GyE8pcDH,1732
Jeffrey,Rooker,Lords,Deputy Leader of the House of Lords,2005-06-01,2008-10-05,1222.0,,,Labour,Tony Blair,https://id.parliament.uk/wjDiGH73,302
John,Hutton,Commons,Secretary of State for Work and Pensions,2005-11-02,2007-06-28,603.0,,,Labour,Tony Blair,https://id.parliament.uk/R4VIOLKR,494
Neil,Davidson,Lords,Advocate General for Scotland,2006-05-05,2010-05-06,1462.0,,,Labour,Tony Blair,https://id.parliament.uk/P3nP9rBJ,3781
Joan,Ryan,Commons,Parliamentary Under-Secretary (Home Office),2006-05-05,2007-06-28,419.0,,,Labour,Tony Blair,https://id.parliament.uk/SlLir4sw,166
Andrew,Burnham,Commons,Minister of State (Department of Health) (Delivery and Quality),2006-05-05,2007-06-28,419.0,,,Labour,Tony Blair,https://id.parliament.uk/Tpxm134z,1427
James,Murphy,Commons,Minister of State (Department for Work and Pensions) (Work),2006-05-05,2007-06-28,419.0,,,Labour,Tony Blair,https://id.parliament.uk/r3w59RHe,595
Thomas,Watson,Commons,Parliamentary Under-Secretary (Ministry of Defence) (Veterans),2006-05-05,2006-09-06,124.0,,,Labour,Tony Blair,https://id.parliament.uk/WlJNmMRl,1463
Margaret,Munn,Commons,Parliamentary Under-Secretary (Department for Communities and Local Government) (Women and Equality),2006-05-05,2007-06-28,419.0,,,Labour,Tony Blair,https://id.parliament.uk/7DGkOf0i,1448
Ifor,Irranca-Davies,Commons,Assistant Whip (HM Treasury),2006-05-05,2007-06-28,419.0,,,Labour,Tony Blair,https://id.parliament.uk/hNawc8AR,1476
Vera,Baird,Commons,Parliamentary Under-Secretary (Department for Constitutional Affairs),2006-05-05,2007-05-09,369.0,,,Labour,Tony Blair,https://id.parliament.uk/SrJCDRU7,1445
Paul,Goggins,Commons,Parliamentary Under-Secretary (Northern Ireland Office),2006-05-05,2007-06-28,419.0,,,Labour,Tony Blair,https://id.parliament.uk/roRiaRp8,462
John,Reid,Commons,Home Secretary,2006-05-05,2007-06-28,419.0,,,Labour,Tony Blair,https://id.parliament.uk/tlYrORH3,617
Frank,Roy,Commons,Lord Commissioner (HM Treasury) (Whip),2006-05-05,2010-05-06,1462.0,,,Labour,Tony Blair,https://id.parliament.uk/8bx73kST,626
Ruth,Kelly,Commons,Secretary of State for Communities and Local Government (and Women and Equalities),2006-05-05,2007-06-28,419.0,,,Labour,Tony Blair,https://id.parliament.uk/GrGkIxzE,439
Douglas,Alexander,Commons,Secretary of State for Scotland,2006-05-05,2007-06-28,419.0,,,Labour,Tony Blair,https://id.parliament.uk/PlwVEpAi,632
Parmjit,Dhanda,Commons,"Parliamentary Under-Secretary (Department for Education and Skills) (Children, Young People and Families)",2006-05-05,2007-06-28,419.0,,,Labour,Tony Blair,https://id.parliament.uk/2DrCqwtb,1420
Michael,Foster,Commons,Assistant Whip (HM Treasury),2006-05-05,2008-10-05,884.0,,,Labour,Tony Blair,https://id.parliament.uk/wf5jHK36,271
Gerard,Sutcliffe,Commons,Parliamentary Under-Secretary (Home Office),2006-05-05,2007-05-08,368.0,,,Labour,Tony Blair,https://id.parliament.uk/nB1wXXwJ,403
Ian,Pearson,Commons,"Minister of State (Department for Environment, Food and Rural Affairs) (Climate Change and the Environment)",2006-05-05,2007-06-28,419.0,,,Labour,Tony Blair,https://id.parliament.uk/9WGxxQ6e,310
Stephen,McCabe,Commons,Assistant Whip (HM Treasury),2006-05-05,2007-06-28,419.0,,,Labour,Tony Blair,https://id.parliament.uk/LB829lw3,298
Alistair,Darling,Commons,Secretary of State for Trade and Industry,2006-05-05,2007-06-28,419.0,,,Labour,Tony Blair,https://id.parliament.uk/t2ppPOcs,596
Ian,McCartney,Commons,"Minister of State (Trade and Industry) (Trade, Investment and Foreign Affairs) (also in the Foreign and Commonwealth Office)",2006-05-05,2007-06-28,419.0,,,Labour,Tony Blair,https://id.parliament.uk/btMGCWJR,448
Shaun,Woodward,Commons,"Minister of State (Department for Culture, Media and Sport) (Creative Industries & Tourism)",2006-05-05,2007-06-28,419.0,,,Labour,Tony Blair,https://id.parliament.uk/JlJgzub3,98
Phillip,Woolas,Commons,Minister of State (Department of Communities and Local Government) (Local Government and Community Cohesion),2006-05-05,2007-06-28,419.0,,,Labour,Tony Blair,https://id.parliament.uk/Dv2R6CvU,453
Hazel,Blears,Commons,Minister without Portfolio (Cabinet Office) and Labour Party Chair,2006-05-05,2007-06-28,419.0,,,Labour,Tony Blair,https://id.parliament.uk/FHckXpZX,456
Margaret,Beckett,Commons,Foreign Secretary,2006-05-05,2007-06-28,419.0,,,Labour,Tony Blair,https://id.parliament.uk/1L8qop3w,328
Patrick,McFadden,Commons,Parliamentary Secretary (Cabinet Office),2006-05-05,2007-06-28,419.0,,,Labour,Tony Blair,https://id.parliament.uk/GdBtI6JD,1587
Alan,Johnson,Commons,Secretary of State for Education and Skills,2006-05-05,2007-06-28,419.0,,,Labour,Tony Blair,https://id.parliament.uk/dtaMwBoC,376
Douglas,Alexander,Commons,Secretary of State for Transport,2006-05-05,2007-06-28,419.0,,,Labour,Tony Blair,https://id.parliament.uk/PlwVEpAi,632
Barry,Gardiner,Commons,"Parliamentary Under-Secretary (Department for Environment, Food and Rural Affairs) (Biodiversity, Landscape and Rural Affairs)",2006-05-05,2007-06-28,419.0,,,Labour,Tony Blair,https://id.parliament.uk/qnV6B37K,146
Elizabeth,Blackman,Commons,Assistant Whip (HM Treasury),2006-05-05,2007-06-28,419.0,,,Labour,Tony Blair,https://id.parliament.uk/8KYzSTJw,329
Claire,Ward,Commons,Lord Commissioner (HM Treasury) (Whip),2006-05-05,2008-10-05,884.0,,,Labour,Tony Blair,https://id.parliament.uk/AMR7iXTa,73
Desmond,Browne,Commons,Secretary of State for Defence,2006-05-05,2008-10-03,882.0,,,Labour,Tony Blair,https://id.parliament.uk/OhBFKZen,620
John,Straw,Commons,Leader of the House of Commons and Lord Privy Seal,2006-05-05,2007-06-28,419.0,,,Labour,Tony Blair,https://id.parliament.uk/191FW2uo,463
Jacqui,Smith,Commons,Parliamentary Secretary to the Treasury (Chief Whip),2006-05-05,2007-06-28,419.0,,,Labour,Tony Blair,https://id.parliament.uk/w2LmQRJM,269
Yvette,Cooper,Commons,Minister of State (Department of Communities and Local Government) (Housing and Planning),2006-05-05,2007-06-28,419.0,,,Labour,Tony Blair,https://id.parliament.uk/WIjC8hXZ,420
Ivan,Lewis,Commons,Parliamentary Under-Secretary (Department of Health) (Care Services),2006-05-05,2008-10-05,884.0,,,Labour,Tony Blair,https://id.parliament.uk/YC7Iv4FO,441
Hilary,Armstrong,Commons,Minister (Cabinet Office) and Minister (Social Exclusion) and Chancellor of the Duchy of Lancaster,2006-05-05,2007-06-28,419.0,,,Labour,Tony Blair,https://id.parliament.uk/2N2rM0o6,4150
John,Prescott,Commons,Deputy Prime Minister and First Secretary of State,2006-05-05,2007-06-28,419.0,,,Labour,Tony Blair,https://id.parliament.uk/YIlbg1p1,374
Angela,Smith,Commons,Parliamentary Under-Secretary (Department for Communities and Local Government) (Planning),2006-05-05,2007-06-28,419.0,,,Labour,Tony Blair,https://id.parliament.uk/6lkJGvGZ,4170
James,Purnell,Commons,Minister of State (Department for Work and Pensions) (Pensions Reform),2006-05-05,2007-06-28,419.0,,,Labour,Tony Blair,https://id.parliament.uk/g3FgrthI,1455
Elizabeth,Andrews,Lords,Parliamentary Under-Secretary (Department for Communities and Local Government),2006-05-05,2009-06-05,1127.0,,,Labour,Tony Blair,https://id.parliament.uk/IrPeiG0h,2534
Vernon,Coaker,Commons,Parliamentary Under-Secretary (Home Office),2006-05-05,2007-06-28,419.0,,,Labour,Tony Blair,https://id.parliament.uk/ERxC3bUI,360
Edward,Balls,Commons,Economic Secretary (HM Treasury),2006-05-05,2007-06-28,419.0,,,Labour,Tony Blair,https://id.parliament.uk/2Zqi5PMu,1549
Alan,Campbell,Commons,Lord Commissioner (HM Treasury) (Whip),2006-05-05,2008-10-05,884.0,,,Labour,Tony Blair,https://id.parliament.uk/OA5UNsUG,529
Caroline,Flint,Commons,Minister of State (Department of Health) (Public Health),2006-05-05,2007-06-28,419.0,,,Labour,Tony Blair,https://id.parliament.uk/udOHn9j5,389
Kevin,Brennan,Commons,Lord Commissioner (HM Treasury) (Whip),2006-05-05,2007-06-28,419.0,,,Labour,Tony Blair,https://id.parliament.uk/B4kpjDsU,1400
Jonathan,Shaw,Commons,Assistant Whip (HM Treasury),2006-05-05,2007-06-28,419.0,,,Labour,Tony Blair,https://id.parliament.uk/1z5Ehj5o,78
Gillian,Merron,Commons,Parliamentary Under-Secretary (Department for Transport),2006-05-05,2007-06-28,419.0,,,Labour,Tony Blair,https://id.parliament.uk/LHQleG2k,347
Geoffrey,Hoon,Commons,Minister of State (Europe),2006-05-05,2007-06-28,419.0,,,Labour,Tony Blair,https://id.parliament.uk/yHpMxMCv,357
Maria,Eagle,Commons,Parliamentary Under-Secretary (Northern Ireland Office),2006-05-05,2007-06-28,419.0,,,Labour,Tony Blair,https://id.parliament.uk/wr5FZYiJ,483
Liam,Byrne,Commons,Minister of State (Home Office),2006-05-05,2006-05-22,17.0,,,Labour,Tony Blair,https://id.parliament.uk/k8mCzVcd,1171
Margaret,Hodge,Commons,Minister of State (Industry and the Regions),2006-05-05,2007-06-28,419.0,,,Labour,Tony Blair,https://id.parliament.uk/nerwVGrY,140
Stephen,Timms,Commons,Chief Secretary to the Treasury,2006-05-05,2007-06-28,419.0,,,Labour,Tony Blair,https://id.parliament.uk/R62qdyhF,163
David,Miliband,Commons,"Secretary of State for Environment, Food and Rural Affairs",2006-05-05,2007-06-28,419.0,,,Labour,Tony Blair,https://id.parliament.uk/lG5RlZ9z,1452
James,Knight,Commons,Minister of State (Education and Skills) (Schools and 14-19 Learners),2006-05-05,2007-06-28,419.0,,,Labour,Tony Blair,https://id.parliament.uk/TImtubyi,4160
Edward,Miliband,Commons,Parliamentary Secretary (Cabinet Office),2006-05-05,2007-06-28,419.0,,,Labour,Tony Blair,https://id.parliament.uk/3AEDOK86,1510
Norman,Warner,Lords,Minister of State (Department of Health) (NHS Reform),2006-05-05,2007-01-04,244.0,,,Labour,Tony Blair,https://id.parliament.uk/GyE8pcDH,1732
James,Fitzpatrick,Commons,Parliamentary Under-Secretary (Employment Relations & Postal Services),2006-05-05,2007-06-28,419.0,,,Labour,Tony Blair,https://id.parliament.uk/dreRtJBE,197
Jeffrey,Rooker,Lords,"Minister of State (Department for Environment, Food and Rural Affairs) (Sustainable Farming and Food)",2006-05-09,2007-06-28,415.0,,,Labour,Tony Blair,https://id.parliament.uk/wjDiGH73,302
John,Cairns,Commons,Parliamentary Under-Secretary (Northern Ireland Office),2006-05-09,2007-05-08,364.0,,,Labour,Tony Blair,https://id.parliament.uk/ddDZw2FR,1421
Liam,Byrne,Commons,"Minister of State (Home Office) (Immigration, Citizenship and Nationality)",2006-05-22,2007-05-08,351.0,,,Labour,Tony Blair,https://id.parliament.uk/k8mCzVcd,1171
Anthony,McNulty,Commons,"Minister of State (Home Office) (Policing, Security and Community Safety)",2006-05-22,2007-05-08,351.0,,,Labour,Tony Blair,https://id.parliament.uk/monhxmKY,176
William,Peel,Lords,Lord Chamberlain (HM Household),2006-06-30,2021-03-31,5388.0,,,Conservative,Tony Blair,https://id.parliament.uk/JSRn8H53,3161
John,Twigg,Commons,Parliamentary Under-Secretary (Ministry of Defence) (Veterans),2006-09-06,2008-10-05,760.0,,,Labour,Tony Blair,https://id.parliament.uk/GoNpDBog,429
Thomas,Harris,Commons,Parliamentary Under-Secretary (Department for Transport),2006-09-06,2008-10-05,760.0,,,Labour,Tony Blair,https://id.parliament.uk/5H7Hr0dU,1418
Malcolm,Wicks,Commons,Minister of State (Science and Innovation),2006-11-10,2007-06-28,230.0,,,Labour,Tony Blair,https://id.parliament.uk/VXjH5FEb,156
Benjamin,Bradshaw,Commons,"Minister of State (Department for Environment, Food and Rural Affairs) (Local Environment, Marine and Animal Welfare)",2006-11-10,2007-06-28,230.0,,,Labour,Tony Blair,https://id.parliament.uk/ZyIYdZQ4,230
Peter,Truscott,Lords,Parliamentary Under-Secretary (Trade and Industry) (Energy),2006-11-10,2007-06-28,230.0,,,Labour,Tony Blair,https://id.parliament.uk/akYUhOyL,3682
Philip,Hunt,Lords,Minister of State (Department of Health) (NHS Reform),2007-01-05,2007-06-28,174.0,,,Labour,Tony Blair,https://id.parliament.uk/p4clIXl7,2024
William,McKenzie,Lords,Parliamentary Under-Secretary (Department for Work and Pensions),2007-01-09,2007-06-28,170.0,,,Labour,Tony Blair,https://id.parliament.uk/Gew5X0FU,3694
Paul,Drayson,Lords,Minister of State  (Ministry of Defence) (Defence Equipment and Support),2007-03-07,2007-06-28,113.0,,,Labour,Tony Blair,https://id.parliament.uk/q2DKvvyq,3669
Simon,Tipping,Commons,Deputy Leader of the House of Commons,2007-03-28,2007-06-28,92.0,,,Labour,Tony Blair,https://id.parliament.uk/Co11vGvD,367
David,Hanson,Commons,Minister of State (Ministry of Justice),2007-05-09,2009-06-05,758.0,,,Labour,Tony Blair,https://id.parliament.uk/RBI4vae5,533
Liam,Byrne,Commons,Minister of State (Home Office) (Immigration and Asylum),2007-05-09,2007-06-28,50.0,,,Labour,Tony Blair,https://id.parliament.uk/k8mCzVcd,1171
Patricia,Scotland,Lords,Minister of State (Home Office) (Crime Reduction),2007-05-09,2007-06-28,50.0,,,Labour,Tony Blair,https://id.parliament.uk/QZPI7xrm,2099
Harriet,Harman,Commons,Minister of State (Ministry of Justice),2007-05-09,2007-06-28,50.0,,,Labour,Tony Blair,https://id.parliament.uk/Jhxlo2zC,150
Vera,Baird,Commons,Parliamentary Under-Secretary (Ministry of Justice),2007-05-09,2007-07-02,54.0,,,Labour,Tony Blair,https://id.parliament.uk/SrJCDRU7,1445
Anthony,McNulty,Commons,"Minister of State (Home Office) (Security, Counter-terrorism, Crime and Policing)",2007-05-09,2008-10-03,513.0,,,Labour,Tony Blair,https://id.parliament.uk/monhxmKY,176
Gerard,Sutcliffe,Commons,Parliamentary Under-Secretary (Ministry of Justice),2007-05-09,2007-06-28,50.0,,,Labour,Tony Blair,https://id.parliament.uk/nB1wXXwJ,403
Catherine,Ashton,Lords,Parliamentary Under-Secretary (Ministry of Justice),2007-05-09,2007-06-28,50.0,,,Labour,Tony Blair,https://id.parliament.uk/74ks53Cm,2500
Charles,Falconer,Lords,Lord Chancellor and Secretary of State for Justice,2007-05-09,2007-06-28,50.0,,,Labour,Tony Blair,https://id.parliament.uk/8rhWhDwJ,2758
Bridget,Prentice,Commons,Parliamentary Under-Secretary (Ministry of Justice),2007-05-09,2010-05-06,1093.0,,,Labour,Tony Blair,https://id.parliament.uk/Lc3okOFy,191
Benjamin,Bradshaw,Commons,Minister of State (Department of Health) (Health Services),2007-06-28,2009-06-05,708.0,,,Labour,Gordon Brown,https://id.parliament.uk/ZyIYdZQ4,230
Harriet,Harman,Commons,Leader of the House of Commons and Lord Privy Seal,2007-06-28,2010-05-06,1043.0,,,Labour,Gordon Brown,https://id.parliament.uk/Jhxlo2zC,150
David,Miliband,Commons,Foreign Secretary,2007-06-28,2010-05-06,1043.0,,,Labour,Gordon Brown,https://id.parliament.uk/lG5RlZ9z,1452
Douglas,Alexander,Commons,Secretary of State for International Development,2007-06-28,2010-05-06,1043.0,,,Labour,Gordon Brown,https://id.parliament.uk/PlwVEpAi,632
John,Straw,Commons,Lord Chancellor and Secretary of State for Justice,2007-06-28,2010-05-06,1043.0,,,Labour,Gordon Brown,https://id.parliament.uk/191FW2uo,463
Hazel,Blears,Commons,Secretary of State for Communities and Local Government,2007-06-28,2009-06-05,708.0,,,Labour,Gordon Brown,https://id.parliament.uk/FHckXpZX,456
Beverley,Hughes,Commons,"Minister of State (Department for Children, Schools and Families) (Children and Youth Justice) (and Minister for the North West)",2007-06-28,2009-06-05,708.0,,,Labour,Gordon Brown,https://id.parliament.uk/QIwykLVU,459
Elizabeth,Blackman,Commons,Vice-Chamberlain (HM Household),2007-06-28,2008-10-05,465.0,,,Labour,Gordon Brown,https://id.parliament.uk/8KYzSTJw,329
Alistair,Darling,Commons,Chancellor of the Exchequer,2007-06-28,2010-05-06,1043.0,,,Labour,Gordon Brown,https://id.parliament.uk/t2ppPOcs,596
James,Murphy,Commons,Minister of State (Europe),2007-06-28,2008-10-03,463.0,,,Labour,Gordon Brown,https://id.parliament.uk/r3w59RHe,595
Yvette,Cooper,Commons,Minister of State (Department of Communities and Local Government) (Housing),2007-06-28,2008-01-24,210.0,,,Labour,Gordon Brown,https://id.parliament.uk/WIjC8hXZ,420
Peter,Hain,Commons,Secretary of State for Work and Pensions,2007-06-28,2008-01-24,210.0,,,Labour,Gordon Brown,https://id.parliament.uk/2jVmwnh9,567
Gillian,Merron,Commons,Parliamentary Under-Secretary (Cabinet Office),2007-06-28,2008-01-25,211.0,,,Labour,Gordon Brown,https://id.parliament.uk/LHQleG2k,347
George,Malloch-Brown,Lords,"Minister of State (Africa, Asia and the UN)",2007-06-28,2009-07-24,757.0,,,,Gordon Brown,https://id.parliament.uk/jygpWdjW,3774
Gillian,Merron,Commons,Parliamentary Under-Secretary (Regional Affairs) (East Midlands),2007-06-28,2008-01-25,211.0,,,Labour,Gordon Brown,https://id.parliament.uk/LHQleG2k,347
Shaun,Woodward,Commons,Secretary of State for Northern Ireland,2007-06-28,2010-05-06,1043.0,,,Labour,Gordon Brown,https://id.parliament.uk/JlJgzub3,98
Nicholas,Brown,Commons,"Treasurer of HM Household (Deputy Chief Whip, House of Commons)",2007-06-28,2008-10-03,463.0,,,Labour,Gordon Brown,https://id.parliament.uk/s4JIJptz,523
James,Brown,Commons,"Prime Minister, First Lord of the Treasury and Minister for the Civil Service",2007-06-28,2010-05-06,1043.0,,,Labour,Gordon Brown,https://id.parliament.uk/ctpr2BTB,591
John,Hutton,Commons,"Secretary of State for Business, Enterprise and Regulatory Reform",2007-06-28,2008-10-03,463.0,,,Labour,Gordon Brown,https://id.parliament.uk/R4VIOLKR,494
Catherine,Ashton,Lords,Leader of the House of Lords and Lord President of the Council (Privy Council Office),2007-06-28,2008-10-03,463.0,,,Labour,Gordon Brown,https://id.parliament.uk/74ks53Cm,2500
Alan,Johnson,Commons,Secretary of State for Health,2007-06-28,2009-06-05,708.0,,,Labour,Gordon Brown,https://id.parliament.uk/dtaMwBoC,376
Geoffrey,Hoon,Commons,Parliamentary Secretary to the Treasury (Chief Whip),2007-06-28,2008-10-03,463.0,,,Labour,Gordon Brown,https://id.parliament.uk/yHpMxMCv,357
Desmond,Browne,Commons,Secretary of State for Scotland,2007-06-28,2008-10-03,463.0,,,Labour,Gordon Brown,https://id.parliament.uk/OhBFKZen,620
Edward,Miliband,Commons,Minister (Cabinet Office) and Chancellor of the Duchy of Lancaster,2007-06-28,2008-10-03,463.0,,,Labour,Gordon Brown,https://id.parliament.uk/3AEDOK86,1510
Edward,Balls,Commons,"Secretary of State for Children, Schools and Families",2007-06-28,2010-05-06,1043.0,,,Labour,Gordon Brown,https://id.parliament.uk/2Zqi5PMu,1549
Andrew,Burnham,Commons,Chief Secretary to the Treasury,2007-06-28,2008-01-24,210.0,,,Labour,Gordon Brown,https://id.parliament.uk/Tpxm134z,1427
Barry,Gardiner,Commons,Special Envoy for Forestry,2007-06-28,2008-09-15,445.0,,,Labour,Gordon Brown,https://id.parliament.uk/qnV6B37K,146
James,Purnell,Commons,"Secretary of State for Culture, Media and Sport",2007-06-28,2008-01-24,210.0,,,Labour,Gordon Brown,https://id.parliament.uk/g3FgrthI,1455
Caroline,Flint,Commons,Minister of State (Department for Work and Pensions) (Employment and Welfare Reform),2007-06-28,2008-01-25,211.0,,,Labour,Gordon Brown,https://id.parliament.uk/udOHn9j5,389
Caroline,Flint,Commons,Minister of State (Regional Affairs) (Yorkshire and the Humber),2007-06-28,2008-01-09,195.0,,,Labour,Gordon Brown,https://id.parliament.uk/udOHn9j5,389
Tessa,Jowell,Commons,Minister of State (Cabinet Office) (Olympics and Paymaster General),2007-06-28,2009-06-05,708.0,,,Labour,Gordon Brown,https://id.parliament.uk/1JWIKvq4,159
Hilary,Benn,Commons,"Secretary of State for Environment, Food and Rural Affairs",2007-06-28,2010-05-06,1043.0,,,Labour,Gordon Brown,https://id.parliament.uk/rbKJTCFu,413
Daphne,Follett,Commons,Parliamentary Under-Secretary (Department for Work and Pensions),2007-06-28,2007-10-12,106.0,,,Labour,Gordon Brown,https://id.parliament.uk/STtCaTj4,72
John,Denham,Commons,"Secretary of State for Innovation, Universities and Skills",2007-06-28,2009-06-05,708.0,,,Labour,Gordon Brown,https://id.parliament.uk/ArKNOGoC,61
Liam,Byrne,Commons,Minister of State (Home Office) (Borders and Immigration),2007-06-28,2008-10-03,463.0,,,Labour,Gordon Brown,https://id.parliament.uk/k8mCzVcd,1171
Patricia,Scotland,Lords,Attorney General,2007-06-28,2010-05-06,1043.0,,,Labour,Gordon Brown,https://id.parliament.uk/QZPI7xrm,2099
Jacqui,Smith,Commons,Home Secretary,2007-06-28,2009-06-05,708.0,,,Labour,Gordon Brown,https://id.parliament.uk/w2LmQRJM,269
Ruth,Kelly,Commons,Secretary of State for Transport,2007-06-28,2008-10-05,465.0,,,Labour,Gordon Brown,https://id.parliament.uk/GrGkIxzE,439
Iain,Wright,Commons,Parliamentary Under-Secretary (Department for Communities and Local Government),2007-06-29,2009-06-09,711.0,,,Labour,Gordon Brown,https://id.parliament.uk/NasAUcje,1478
Ara,Darzi,Lords,Parliamentary Under-Secretary (Department of Health),2007-06-29,2009-07-21,753.0,,,,Gordon Brown,https://id.parliament.uk/SqIKfzts,3779
Parmjit,Dhanda,Commons,Parliamentary Under-Secretary (Department for Communities and Local Government) (Planning),2007-06-29,2008-10-05,464.0,,,Labour,Gordon Brown,https://id.parliament.uk/2DrCqwtb,1420
Ian,Pearson,Commons,"Minister of State (Department for Innovation, Universities and Skills) (Science and Innovation)",2007-06-29,2008-10-05,464.0,,,Labour,Gordon Brown,https://id.parliament.uk/9WGxxQ6e,310
Kevin,Brennan,Commons,"Parliamentary Under-Secretary (Department for Children, Schools and Families) (Children, Young People and Families)",2007-06-29,2008-10-05,464.0,,,Labour,Gordon Brown,https://id.parliament.uk/B4kpjDsU,1400
Anthony,McNulty,Commons,Minister of State (Regional Affairs) (London),2007-06-29,2009-06-09,711.0,,,Labour,Gordon Brown,https://id.parliament.uk/monhxmKY,176
Daphne,Follett,Commons,Minister of State (Regional Affairs) (East of England),2007-06-29,2010-05-06,1042.0,,,Labour,Gordon Brown,https://id.parliament.uk/STtCaTj4,72
James,Fitzpatrick,Commons,Parliamentary Under-Secretary (Department for Transport),2007-06-29,2009-06-05,707.0,,,Labour,Gordon Brown,https://id.parliament.uk/dreRtJBE,197
David,Lammy,Commons,"Parliamentary Under-Secretary (Department for Innovation, Universities and Skills) (Skills)",2007-06-29,2008-10-05,464.0,,,Labour,Gordon Brown,https://id.parliament.uk/xY3sNmne,206
David,Triesman,Lords,"Parliamentary Under-Secretary (Department for Innovation, Universities and Skills) (Intellectual Property and Quality)",2007-06-29,2008-01-25,210.0,,,Labour,Gordon Brown,https://id.parliament.uk/78dgSAJN,3651
James,Knight,Commons,"Minister of State (Department for Children, Schools and Families) (Schools and Learners)",2007-06-29,2009-06-09,711.0,,,Labour,Gordon Brown,https://id.parliament.uk/TImtubyi,4160
Jonathan,Shaw,Commons,"Parliamentary Under-Secretary (Department for Environment, Food and Rural Affairs) (Marine, Landscape and Rural Affairs)",2007-06-29,2008-10-05,464.0,,,Labour,Gordon Brown,https://id.parliament.uk/1z5Ehj5o,78
Jonathan,Shaw,Commons,Minister of State (Regional Affairs) (South East),2007-06-29,2010-05-06,1042.0,,,Labour,Gordon Brown,https://id.parliament.uk/1z5Ehj5o,78
John,Healey,Commons,Minister of State (Department of Communities and Local Government) (Local Government),2007-06-29,2009-06-05,707.0,,,Labour,Gordon Brown,https://id.parliament.uk/9VjJ9Mfg,400
Dawn,Primarolo,Commons,Minister of State (Department of Health) (Public Health),2007-06-29,2009-06-08,710.0,,,Labour,Gordon Brown,https://id.parliament.uk/0FqjjgNp,217
Paul,Drayson,Lords,"Minister of State (Department for Business, Enterprise and Regulatory Reform) (Business and Regulatory Reform)",2007-06-29,2007-11-07,131.0,,,Labour,Gordon Brown,https://id.parliament.uk/q2DKvvyq,3669
Philip,Hope,Commons,Parliamentary Secretary (Cabinet Office) (Third Sector),2007-06-29,2008-10-05,464.0,,,Labour,Gordon Brown,https://id.parliament.uk/638YRKeI,351
Paul,Goggins,Commons,Minister of State (Northern Ireland Office),2007-06-29,2010-05-06,1042.0,,,Labour,Gordon Brown,https://id.parliament.uk/roRiaRp8,462
William,Rammell,Commons,"Minister of State (Department for Innovation, Universities and Skills) (Lifelong Learning, Further and Higher Education)",2007-06-29,2008-10-05,464.0,,,Labour,Gordon Brown,https://id.parliament.uk/zRT6JXFe,37
Rosie,Winterton,Commons,Minister of State (Department for Transport),2007-06-29,2008-10-05,464.0,,,Labour,Gordon Brown,https://id.parliament.uk/C9I7sOdf,390
Margaret,Hodge,Commons,"Minister of State (Department for Culture, Media and Sport) (Culture, Creative Industries and Tourism)",2007-06-29,2008-10-05,464.0,,,Labour,Gordon Brown,https://id.parliament.uk/nerwVGrY,140
Alan,West,Lords,Parliamentary Under-Secretary (Home Office) (Security and Counter-terrorism),2007-06-29,2010-05-06,1042.0,,,,Gordon Brown,https://id.parliament.uk/vIqncUPA,3834
Benjamin,Bradshaw,Commons,Minister of State (Regional Affairs) (South West),2007-06-29,2009-06-09,711.0,,,Labour,Gordon Brown,https://id.parliament.uk/ZyIYdZQ4,230
Paul,Drayson,Lords,"Minister of State (Ministry of Defence) (Defence Equipment and Support) (also Department of Business, Enterprise and Regulatory Reform)",2007-06-29,2007-11-07,131.0,,,Labour,Gordon Brown,https://id.parliament.uk/q2DKvvyq,3669
Nicholas,Brown,Commons,Minister of State (Regional Affairs) (North East),2007-06-29,2010-05-06,1042.0,,,Labour,Gordon Brown,https://id.parliament.uk/s4JIJptz,523
Gerard,Sutcliffe,Commons,"Parliamentary Under-Secretary (Department for Culture, Media and Sport) (Sport)",2007-06-29,2010-05-06,1042.0,,,Labour,Gordon Brown,https://id.parliament.uk/nB1wXXwJ,403
Digby,Jones,Lords,"Minister of State (Foreign and Commonwealth Office) (also in the Department of Business, Enterprise and Regulatory Reform)",2007-06-29,2008-10-05,464.0,,,,Gordon Brown,https://id.parliament.uk/ZyNLgPMo,3775
Andrew,Adonis,Lords,"Parliamentary Under-Secretary (Department for Children, Schools and Families) (Schools and Learners)",2007-06-29,2008-10-05,464.0,,,Labour,Gordon Brown,https://id.parliament.uk/WAsaVnhM,3743
Joan,Ryan,Commons,Prime Minister's Special Representative to Cyprus,2007-06-29,2008-09-14,443.0,,,Labour,Gordon Brown,https://id.parliament.uk/SlLir4sw,166
Angela,Eagle,Commons,Exchequer Secretary (HM Treasury),2007-06-29,2009-06-09,711.0,,,Labour,Gordon Brown,https://id.parliament.uk/saLBlZIO,491
Digby,Jones,Lords,"Minister of State (Department for Business, Enterprise and Regulatory Reform) (Trade Promotion and Investment)",2007-06-29,2007-11-07,131.0,,,,Gordon Brown,https://id.parliament.uk/ZyNLgPMo,3775
Liam,Byrne,Commons,Minister of State (Regional Affairs) (West Midlands),2007-06-29,2008-10-06,465.0,,,Labour,Gordon Brown,https://id.parliament.uk/k8mCzVcd,1171
Margaret,Munn,Commons,Parliamentary Under-Secretary (Foreign and Commonwealth Office),2007-07-02,2008-10-05,461.0,,,Labour,Gordon Brown,https://id.parliament.uk/7DGkOf0i,1448
Alison,Seabeck,Commons,Assistant Whip (HM Treasury),2007-07-02,2008-10-05,461.0,,,Labour,Gordon Brown,https://id.parliament.uk/bKgi9Wkb,1552
Jane,Kennedy,Commons,Financial Secretary (HM Treasury),2007-07-02,2008-10-05,461.0,,,Labour,Gordon Brown,https://id.parliament.uk/f5YiNuqP,486
Gareth,Thomas,Commons,"Parliamentary Under-Secretary(Department for International Development) (Trade Policy) (also Business, Enterprise and Regulatory Reform)",2007-07-02,2008-10-05,461.0,,,Labour,Gordon Brown,https://id.parliament.uk/FOcypHE2,177
Sadiq,Khan,Commons,Assistant Whip (HM Treasury),2007-07-02,2008-10-05,461.0,,,Labour,Gordon Brown,https://id.parliament.uk/7JBU8aJx,1577
Gareth,Thomas,Commons,"Parliamentary Under-Secretary (Department for Business, Enterprise and Regulatory Reform) (Trade and Consumer Affairs) (also Department for International Development)",2007-07-02,2008-10-05,461.0,,,Labour,Gordon Brown,https://id.parliament.uk/FOcypHE2,177
Philip,Hunt,Lords,Parliamentary Under-Secretary (Ministry of Justice),2007-07-02,2008-10-05,461.0,,,Labour,Gordon Brown,https://id.parliament.uk/p4clIXl7,2024
Vera,Baird,Commons,Solicitor General (Attorney General's Office),2007-07-02,2010-05-06,1039.0,,,Labour,Gordon Brown,https://id.parliament.uk/SrJCDRU7,1445
Vernon,Coaker,Commons,Parliamentary Under-Secretary (Home Office) (Crime Reduction),2007-07-02,2008-10-05,461.0,,,Labour,Gordon Brown,https://id.parliament.uk/ERxC3bUI,360
Margaret,Hillier,Commons,Parliamentary Under-Secretary (Home Office) (Identity),2007-07-02,2009-08-06,766.0,,,Labour,Gordon Brown,https://id.parliament.uk/dlZ50gBC,1524
William,McKenzie,Lords,Parliamentary Under-Secretary (Department for Work and Pensions) (also in the Department for Communities and Local Government),2007-07-02,2010-05-06,1039.0,,,Labour,Gordon Brown,https://id.parliament.uk/Gew5X0FU,3694
Malcolm,Wicks,Commons,"Minister of State (Department for Business, Enterprise and Regulatory Reform) (Energy)",2007-07-02,2008-10-05,461.0,,,Labour,Gordon Brown,https://id.parliament.uk/VXjH5FEb,156
Maria,Eagle,Commons,Parliamentary Under-Secretary (Ministry of Justice),2007-07-02,2009-06-09,708.0,,,Labour,Gordon Brown,https://id.parliament.uk/wr5FZYiJ,483
John,Cairns,Commons,Minister of State (Scotland Office),2007-07-02,2008-09-16,442.0,,,Labour,Gordon Brown,https://id.parliament.uk/ddDZw2FR,1421
Jeffrey,Rooker,Lords,"Minister of State (Department for Environment, Food and Rural Affairs) (Sustainable Farming, Food and Animal Welfare)",2007-07-02,2008-10-05,461.0,,,Labour,Gordon Brown,https://id.parliament.uk/wjDiGH73,302
Stephen,Timms,Commons,"Minister of State (Department for Business, Enterprise and Regulatory Reform) (Competitiveness)",2007-07-02,2008-01-25,207.0,,,Labour,Gordon Brown,https://id.parliament.uk/R62qdyhF,163
Ifor,Irranca-Davies,Commons,Parliamentary Under-Secretary (Wales Office),2007-07-02,2008-10-05,461.0,,,Labour,Gordon Brown,https://id.parliament.uk/hNawc8AR,1476
Patrick,McFadden,Commons,"Minister of State (Department for Business, Enterprise and Regulatory Reform) (Employment Relations and Postal Affairs)",2007-07-02,2009-06-05,704.0,,,Labour,Gordon Brown,https://id.parliament.uk/GdBtI6JD,1587
Katharine,Ussher,Commons,Economic Secretary (HM Treasury),2007-07-02,2008-10-05,461.0,,,Labour,Gordon Brown,https://id.parliament.uk/n9d5ZUHY,1494
Joan,Ruddock,Commons,"Parliamentary Under-Secretary (Department for Environment, Food and Rural Affairs) (Climate Change, Biodiversity and Waste)",2007-07-02,2008-10-05,461.0,,,Labour,Gordon Brown,https://id.parliament.uk/R5G6XPeD,190
Ann,Keen,Commons,Parliamentary Under-Secretary (Department of Health) (Health Services),2007-07-02,2010-05-06,1039.0,,,Labour,Gordon Brown,https://id.parliament.uk/7TyAIu8Q,148
Stephen,McCabe,Commons,Lord Commissioner (HM Treasury) (Whip),2007-07-02,2010-05-06,1039.0,,,Labour,Gordon Brown,https://id.parliament.uk/LB829lw3,298
Siobhain,McDonagh,Commons,Assistant Whip (HM Treasury),2007-07-02,2008-09-12,438.0,,,Labour,Gordon Brown,https://id.parliament.uk/JmG4hoWa,193
Mark,Tami,Commons,Assistant Whip (HM Treasury),2007-07-02,2010-05-06,1039.0,,,Labour,Gordon Brown,https://id.parliament.uk/7BBIRiIb,1383
Helen,Goodman,Commons,Deputy Leader of the House of Commons,2007-07-02,2008-10-05,461.0,,,Labour,Gordon Brown,https://id.parliament.uk/gaomsflO,1484
Thomas,Watson,Commons,Assistant Whip (HM Treasury),2007-07-02,2008-01-25,207.0,,,Labour,Gordon Brown,https://id.parliament.uk/WlJNmMRl,1463
Diana,Johnson,Commons,Assistant Whip (HM Treasury),2007-07-02,2009-06-10,709.0,,,Labour,Gordon Brown,https://id.parliament.uk/N83bzqZq,1533
Robert,Ainsworth,Commons,Minister of State (Ministry of Defence),2007-07-02,2009-06-05,704.0,,,Labour,Gordon Brown,https://id.parliament.uk/hEQM2SPd,306
Michael,O'Brien,Commons,Minister of State (Department for Work and Pensions) (Pensions Reform),2007-07-02,2008-10-05,461.0,,,Labour,Gordon Brown,https://id.parliament.uk/WsevBmhh,290
Shahid,Malik,Commons,Parliamentary Under-Secretary (Department for International Development),2007-07-02,2008-10-05,461.0,,,Labour,Gordon Brown,https://id.parliament.uk/83T5VvT0,1509
Robert,Blizzard,Commons,Assistant Whip (HM Treasury),2007-07-02,2008-10-05,461.0,,,Labour,Gordon Brown,https://id.parliament.uk/JFRjtqIa,138
Phillip,Woolas,Commons,"Minister of State (Department for Environment, Food and Rural Affairs) (Environment)",2007-07-02,2008-10-05,461.0,,,Labour,Gordon Brown,https://id.parliament.uk/Dv2R6CvU,453
Michael,Wills,Commons,Minister of State (Ministry of Justice),2007-07-02,2010-05-06,1039.0,,,Labour,Gordon Brown,https://id.parliament.uk/jYKj6YW3,260
Wayne,David,Commons,Assistant Whip (HM Treasury),2007-07-02,2008-10-05,461.0,,,Labour,Gordon Brown,https://id.parliament.uk/ophmbYiv,1398
Daphne,Follett,Commons,Parliamentary Under-Secretary (Government Equalities Office),2007-10-12,2008-10-05,359.0,,,Labour,Gordon Brown,https://id.parliament.uk/STtCaTj4,72
Harriet,Harman,Commons,Minister of State (Government Equalities Office),2007-10-12,2010-05-06,937.0,,,Labour,Gordon Brown,https://id.parliament.uk/Jhxlo2zC,150
Winifred,Taylor,Lords,Parliamentary Under-Secretary (Ministry of Defence) (Procurement),2007-11-07,2008-10-05,333.0,,,Labour,Gordon Brown,https://id.parliament.uk/rjOhPobl,407
William,Bach,Lords,Lords in Waiting (HM Household),2007-11-07,2009-06-05,576.0,,,Labour,Gordon Brown,https://id.parliament.uk/tiZCCVWl,3451
Digby,Jones,Lords,"Minister of State (Department for Business, Enterprise and Regulatory Reform) (Business and Regulatory Reform)",2007-11-07,2008-10-03,331.0,,,Other,Gordon Brown,https://id.parliament.uk/ZyNLgPMo,3775
Rosie,Winterton,Commons,Minister of State (Regional Affairs) (Yorkshire and the Humber),2008-01-10,2010-05-06,847.0,,,Labour,Gordon Brown,https://id.parliament.uk/C9I7sOdf,390
Gillian,Merron,Commons,Parliamentary Under-Secretary (Department for International Development),2008-01-24,2008-10-05,255.0,,,Labour,Gordon Brown,https://id.parliament.uk/LHQleG2k,347
James,Purnell,Commons,Secretary of State for Work and Pensions,2008-01-24,2009-06-05,498.0,,,Labour,Gordon Brown,https://id.parliament.uk/g3FgrthI,1455
Caroline,Flint,Commons,Minister of State (Department of Communities and Local Government) (Housing),2008-01-24,2008-10-03,253.0,,,Labour,Gordon Brown,https://id.parliament.uk/udOHn9j5,389
Yvette,Cooper,Commons,Chief Secretary to the Treasury,2008-01-24,2009-06-05,498.0,,,Labour,Gordon Brown,https://id.parliament.uk/WIjC8hXZ,420
Andrew,Burnham,Commons,"Secretary of State for Culture, Media and Sport",2008-01-25,2009-06-05,497.0,,,Labour,Gordon Brown,https://id.parliament.uk/Tpxm134z,1427
Paul,Murphy,Commons,Secretary of State for Wales,2008-01-25,2009-06-05,497.0,,,Labour,Gordon Brown,https://id.parliament.uk/J63bWC5i,546
Janet,Royall,Lords,Chief Whip (House of Lords),2008-01-25,2008-10-05,254.0,,,Labour,Gordon Brown,https://id.parliament.uk/NL5ydoZy,3703
Stephen,Timms,Commons,Minister of State (Department for Work and Pensions) (Employment and Welfare Reform),2008-01-25,2008-10-05,254.0,,,Labour,Gordon Brown,https://id.parliament.uk/R62qdyhF,163
Delyth,Morgan,Lords,"Parliamentary Under-Secretary (Department for Innovation, Universities and Skills)",2008-01-25,2008-10-05,254.0,,,Labour,Gordon Brown,https://id.parliament.uk/jAJz3kZ3,3685
Thomas,Watson,Commons,Parliamentary Secretary (Cabinet Office),2008-01-25,2009-06-09,501.0,,,Labour,Gordon Brown,https://id.parliament.uk/WlJNmMRl,1463
Liam,Byrne,Commons,Minister of State (HM Treasury) (also in the Home Office),2008-01-25,2008-10-03,252.0,,,Labour,Gordon Brown,https://id.parliament.uk/k8mCzVcd,1171
Dorothea,Thornton,Lords,Baroness in Waiting (HM Household) (Whip),2008-02-18,2010-02-19,732.0,,,Labour,Gordon Brown,https://id.parliament.uk/1nctrYUg,1782
Dawn,Butler,Commons,Assistant Whip (HM Treasury),2008-09-12,2010-05-06,601.0,,,Labour,Gordon Brown,https://id.parliament.uk/vgar68WY,1489
Ann,McKechin,Commons,Parliamentary Under-Secretary (Scotland Office),2008-09-16,2010-05-06,597.0,,,Labour,Gordon Brown,https://id.parliament.uk/J4qgextA,1419
Paul,Drayson,Lords,"Minister of State (Department for Innovation, Universities and Skills) (Science and Innovation)",2008-10-03,2009-06-05,245.0,,,Labour,Gordon Brown,https://id.parliament.uk/q2DKvvyq,3669
Margaret,Beckett,Commons,Minister of State (Department of Communities and Local Government) (Housing),2008-10-03,2009-06-05,245.0,,,Labour,Gordon Brown,https://id.parliament.uk/1L8qop3w,328
James,Murphy,Commons,Secretary of State for Scotland,2008-10-03,2010-05-06,580.0,,,Labour,Gordon Brown,https://id.parliament.uk/r3w59RHe,595
Liam,Byrne,Commons,Minister for the Cabinet Office and Chancellor of the Duchy of Lancaster,2008-10-03,2009-06-05,245.0,,,Labour,Gordon Brown,https://id.parliament.uk/k8mCzVcd,1171
Caroline,Flint,Commons,Minister of State (Europe),2008-10-03,2009-06-05,245.0,,,Labour,Gordon Brown,https://id.parliament.uk/udOHn9j5,389
Anthony,McNulty,Commons,Minister of State (Department for Work and Pensions) (Employment and  Welfare Reform),2008-10-03,2009-06-05,245.0,,,Labour,Gordon Brown,https://id.parliament.uk/monhxmKY,176
Janet,Royall,Lords,Leader of the House of Lords and Lord President of the Council (Privy Council Office),2008-10-03,2009-06-05,245.0,,,Labour,Gordon Brown,https://id.parliament.uk/NL5ydoZy,3703
John,Hutton,Commons,Secretary of State for Defence,2008-10-03,2009-06-05,245.0,,,Labour,Gordon Brown,https://id.parliament.uk/R4VIOLKR,494
Nicholas,Brown,Commons,Parliamentary Secretary to the Treasury and Chief Whip,2008-10-03,2010-05-06,580.0,,,Labour,Gordon Brown,https://id.parliament.uk/s4JIJptz,523
Edward,Miliband,Commons,Secretary of State for Energy and Climate Change,2008-10-03,2010-05-06,580.0,,,Labour,Gordon Brown,https://id.parliament.uk/3AEDOK86,1510
Michael,O'Brien,Commons,Minister of State (Department of Energy and Climate Change),2008-10-05,2009-06-09,247.0,,,Labour,Gordon Brown,https://id.parliament.uk/WsevBmhh,290
John,Spellar,Commons,"Comptroller (HM Household) (Deputy Chief Whip, House of Commons)",2008-10-05,2010-05-06,578.0,,,Labour,Gordon Brown,https://id.parliament.uk/OyBH9ISZ,318
Helen,Goodman,Commons,Assistant Whip (HM Treasury),2008-10-05,2009-06-09,247.0,,,Labour,Gordon Brown,https://id.parliament.uk/gaomsflO,1484
Thomas,Cunningham,Commons,Lord Commissioner (HM Treasury) (Whip),2008-10-05,2010-05-06,578.0,,,Labour,Gordon Brown,https://id.parliament.uk/WP15CZgr,1469
Wayne,David,Commons,Parliamentary Under-Secretary (Wales Office),2008-10-05,2010-05-06,578.0,,,Labour,Gordon Brown,https://id.parliament.uk/ophmbYiv,1398
William,Rammell,Commons,Minister of State (Foreign and Commonwealth Office),2008-10-05,2009-06-09,247.0,,,Labour,Gordon Brown,https://id.parliament.uk/zRT6JXFe,37
Maria,Eagle,Commons,Parliamentary Secretary (Government Equalities office) (also in the Ministry of Justice),2008-10-05,2009-06-09,247.0,,,Labour,Gordon Brown,https://id.parliament.uk/wr5FZYiJ,483
Christopher,Mole,Commons,Assistant Whip (HM Treasury),2008-10-05,2009-06-09,247.0,,,Labour,Gordon Brown,https://id.parliament.uk/mhLwPDV0,1475
Winifred,Taylor,Lords,Parliamentary Under-Secretary (Ministry of Defence) (International Defence and Security) (also in Foreign and Commonwealth Office),2008-10-05,2010-05-06,578.0,,,Labour,Gordon Brown,https://id.parliament.uk/rjOhPobl,407
Gareth,Thomas,Commons,Minister of State (Department for International Development),2008-10-05,2010-05-06,578.0,,,Labour,Gordon Brown,https://id.parliament.uk/FOcypHE2,177
Anthony,Young,Lords,Lords in Waiting (HM Household),2008-10-05,2010-05-06,578.0,,,Labour,Gordon Brown,https://id.parliament.uk/Iq3x8fuv,3702
Philip,Hunt,Lords,Deputy Leader of the House of Lords,2008-10-05,2010-05-06,578.0,,,Labour,Gordon Brown,https://id.parliament.uk/p4clIXl7,2024
Ian,Austin,Commons,Assistant Whip (HM Treasury),2008-10-05,2009-06-09,247.0,,,Labour,Gordon Brown,https://id.parliament.uk/y4zrMKfE,1511
Ian,Austin,Commons,Minister of State (Regional Affairs) (West Midlands),2008-10-05,2010-05-06,578.0,,,Labour,Gordon Brown,https://id.parliament.uk/y4zrMKfE,1511
Siôn,Simon,Commons,"Parliamentary Under-Secretary (Department for Innovation, Universities and Skills) (Further Education)",2008-10-05,2009-06-05,243.0,,,Labour,Gordon Brown,https://id.parliament.uk/2coHr087,1391
Daphne,Follett,Commons,"Parliamentary Under-Secretary (Department for Culture, Media and Sport) (Culture, Creative Industries and Tourism)",2008-10-05,2009-06-09,247.0,,,Labour,Gordon Brown,https://id.parliament.uk/STtCaTj4,72
John,Bassam,Lords,"Captain of the Honourable Corps of Gentlemen-at-Arms (HM Household) (Chief Whip, House of Lords)",2008-10-05,2010-05-06,578.0,,,Labour,Gordon Brown,https://id.parliament.uk/AH5kfxwD,3504
William,Bach,Lords,Parliamentary Under-Secretary (Ministry of Justice),2008-10-05,2010-05-06,578.0,,,Labour,Gordon Brown,https://id.parliament.uk/tiZCCVWl,3451
Michael,Foster,Commons,Parliamentary Under-Secretary (Department for International Development),2008-10-05,2010-05-06,578.0,,,Labour,Gordon Brown,https://id.parliament.uk/wf5jHK36,271
Stephen,Timms,Commons,"Financial Secretary (HM Treasury) (also in the Department for Business, Innovation and Skills)",2008-10-05,2010-05-06,578.0,,,Labour,Gordon Brown,https://id.parliament.uk/R62qdyhF,163
Denis,Tunnicliffe,Lords,Lords in Waiting (HM Household),2008-10-05,2010-05-06,578.0,,,Labour,Gordon Brown,https://id.parliament.uk/QwdMNUyO,3671
Jonathan,Shaw,Commons,Parliamentary Under-Secretary (Department for Work and Pensions),2008-10-05,2010-05-06,578.0,,,Labour,Gordon Brown,https://id.parliament.uk/1z5Ehj5o,78
William,Brett,Lords,Lords in Waiting (HM Household),2008-10-05,2010-05-06,578.0,,,Labour,Gordon Brown,https://id.parliament.uk/WXuf1dFb,2470
Philip,Hunt,Lords,"Minister of State (Department for Environment, Food and Rural Affairs) (Sustainable Development, Climate Change Adaptation and Air Quality) (also in the Department for Energy and Climate Change)",2008-10-05,2009-06-09,247.0,,,Labour,Gordon Brown,https://id.parliament.uk/p4clIXl7,2024
Philip,Hunt,Lords,Minister of State (Department of Energy and Climate Change),2008-10-05,2010-05-06,578.0,,,Labour,Gordon Brown,https://id.parliament.uk/p4clIXl7,2024
Ian,Pearson,Commons,"Parliamentary Under-Secretary (Department for Business, Enterprise and Regulatory Reform) (Economic and Business) (also HM Treasury)",2008-10-05,2009-06-05,243.0,,,Labour,Gordon Brown,https://id.parliament.uk/9WGxxQ6e,310
Robert,Blizzard,Commons,Lord Commissioner (HM Treasury) (Whip),2008-10-05,2010-05-06,578.0,,,Labour,Gordon Brown,https://id.parliament.uk/JFRjtqIa,138
Stephen,Carter,Lords,"Parliamentary Under-Secretary (Department for Culture, Media and Sport) (Communications, Technology, and Broadcasting) (also in the Department for Business, Enterprise and Regulatory Reform)",2008-10-05,2009-06-09,247.0,,,,Gordon Brown,https://id.parliament.uk/5sIU93KI,3868
Stephen,Carter,Lords,"Parliamentary Under-Secretary (Department for Business, Enterprise and Regulatory Reform) (Communications, Technology and Broadcasting) (also Department for Culture, Media and Sport)",2008-10-05,2009-06-05,243.0,,,,Gordon Brown,https://id.parliament.uk/5sIU93KI,3868
Anthony,Young,Lords,"Parliamentary Under-Secretary (Department for Innovation, Universities and Skills) (Skills & Apprenticeships)",2008-10-05,2009-06-05,243.0,,,Labour,Gordon Brown,https://id.parliament.uk/Iq3x8fuv,3702
Katharine,Ussher,Commons,Parliamentary Under-Secretary (Department for Work and Pensions),2008-10-05,2009-06-05,243.0,,,Labour,Gordon Brown,https://id.parliament.uk/n9d5ZUHY,1494
Vernon,Coaker,Commons,"Minister of State (Home Office) (Policing, Crime & Security)",2008-10-05,2009-06-09,247.0,,,Labour,Gordon Brown,https://id.parliament.uk/ERxC3bUI,360
Ian,Pearson,Commons,Economic Secretary (HM Treasury),2008-10-05,2010-05-06,578.0,,,Labour,Gordon Brown,https://id.parliament.uk/9WGxxQ6e,310
Gareth,Thomas,Commons,"Minister of State (Department for Business, Enterprise and Regulatory Reform) (Trade, Investment and Consumer Affairs) (also Department for International Development)",2008-10-05,2009-06-05,243.0,,,Labour,Gordon Brown,https://id.parliament.uk/FOcypHE2,177
John,Davies,Commons,Parliamentary Under-Secretary (Ministry of Defence) (Defence Equipment and Support),2008-10-05,2010-05-06,578.0,,,Labour,Gordon Brown,https://id.parliament.uk/cv2Wq0RT,346
Ivan,Lewis,Commons,Parliamentary Under-Secretary (Department for International Development),2008-10-05,2009-06-05,243.0,,,Labour,Gordon Brown,https://id.parliament.uk/YC7Iv4FO,441
Rosie,Winterton,Commons,Minister of State (Department for Work and Pensions) (Pensions Reform) and Minister (Yorkshire and the Humber),2008-10-05,2009-06-05,243.0,,,Labour,Gordon Brown,https://id.parliament.uk/C9I7sOdf,390
Philip,Hope,Commons,Minister of State (Department of Health),2008-10-05,2010-05-06,578.0,,,Labour,Gordon Brown,https://id.parliament.uk/638YRKeI,351
Jane,Kennedy,Commons,"Minister of State (Department for Environment, Food and Rural Affairs) (Farming and the Environment)",2008-10-05,2009-06-05,243.0,,,Labour,Gordon Brown,https://id.parliament.uk/f5YiNuqP,486
Barbara,Keeley,Commons,Assistant Whip (HM Treasury),2008-10-05,2009-06-09,247.0,,,Labour,Gordon Brown,https://id.parliament.uk/4juHmRDM,1588
Shahid,Malik,Commons,Parliamentary Under-Secretary (Ministry of Justice),2008-10-05,2009-05-15,222.0,,,Labour,Gordon Brown,https://id.parliament.uk/83T5VvT0,1509
Andrew,Adonis,Lords,Minister of State (Department for Transport),2008-10-05,2009-06-05,243.0,,,Labour,Gordon Brown,https://id.parliament.uk/WAsaVnhM,3743
Delyth,Morgan,Lords,"Parliamentary Under-Secretary (Department for Children, Schools and Families) (Children, Young People and Families)",2008-10-05,2010-05-06,578.0,,,Labour,Gordon Brown,https://id.parliament.uk/jAJz3kZ3,3685
Sadiq,Khan,Commons,Parliamentary Under-Secretary (Department for Communities and Local Government),2008-10-05,2009-06-09,247.0,,,Labour,Gordon Brown,https://id.parliament.uk/7JBU8aJx,1577
Kevin,Brennan,Commons,Parliamentary Secretary (Cabinet Office) (Third Sector),2008-10-05,2009-06-09,247.0,,,Labour,Gordon Brown,https://id.parliament.uk/B4kpjDsU,1400
Joan,Ruddock,Commons,Parliamentary Under-Secretary (Energy and Climate Change),2008-10-05,2009-06-09,247.0,,,Labour,Gordon Brown,https://id.parliament.uk/R5G6XPeD,190
Geoffrey,Hoon,Commons,Secretary of State for Transport,2008-10-05,2009-06-05,243.0,,,Labour,Gordon Brown,https://id.parliament.uk/yHpMxMCv,357
Kevan,Jones,Commons,Parliamentary Under-Secretary (Ministry of Defence) (Veterans),2008-10-05,2010-05-06,578.0,,,Labour,Gordon Brown,https://id.parliament.uk/58M5vYO7,1438
Christopher,Bryant,Commons,Deputy Leader of the House of Commons,2008-10-05,2009-06-05,243.0,,,Labour,Gordon Brown,https://id.parliament.uk/HMZwFU4B,1446
Alan,Campbell,Commons,Parliamentary Under-Secretary (Home Office) (Crime Reduction),2008-10-05,2010-05-06,578.0,,,Labour,Gordon Brown,https://id.parliament.uk/OA5UNsUG,529
Helen,Jones,Commons,Assistant Whip (HM Treasury),2008-10-05,2009-06-09,247.0,,,Labour,Gordon Brown,https://id.parliament.uk/CpcFBAUL,432
Ifor,Irranca-Davies,Commons,"Parliamentary Under-Secretary (Department for Environment, Food and Rural Affairs) (Marine and Natural Environment)",2008-10-05,2010-05-06,578.0,,,Labour,Gordon Brown,https://id.parliament.uk/hNawc8AR,1476
Phillip,Woolas,Commons,Minister of State (Home Office) (Borders and Immigration) (also in HM Treasury),2008-10-05,2010-05-06,578.0,,,Labour,Gordon Brown,https://id.parliament.uk/Dv2R6CvU,453
Paul,Clark,Commons,Parliamentary Under-Secretary (Department for Transport),2008-10-05,2010-05-06,578.0,,,Labour,Gordon Brown,https://id.parliament.uk/IpwGVqMa,83
Phillip,Woolas,Commons,Minister of State (HM Treasury) (also in the Home Office),2008-10-05,2010-05-06,578.0,,,Labour,Gordon Brown,https://id.parliament.uk/Dv2R6CvU,453
Sarah,McCarthy-Fry,Commons,"Parliamentary Under-Secretary (Department for Children, Schools and Families) (Schools and Learners)",2008-10-05,2009-06-09,247.0,,,Labour,Gordon Brown,https://id.parliament.uk/yL1iuMWd,1553
David,Lammy,Commons,"Minister of State (Department for Innovation, Universities and Skills) (Higher Education & Intellectual Property)",2008-10-05,2009-06-05,243.0,,,Labour,Gordon Brown,https://id.parliament.uk/xY3sNmne,206
Claire,Ward,Commons,Vice-Chamberlain (HM Household),2008-10-05,2009-06-09,247.0,,,Labour,Gordon Brown,https://id.parliament.uk/AMR7iXTa,73
Ian,Lucas,Commons,Assistant Whip (HM Treasury),2008-10-05,2009-06-09,247.0,,,Labour,Gordon Brown,https://id.parliament.uk/lQSrIV4l,1470
Kamlesh,Patel,Lords,Lords in Waiting (HM Household),2008-10-05,2009-06-10,248.0,,,Labour,Gordon Brown,https://id.parliament.uk/tXJzse48,3798
Thomas,McAvoy,Commons,"Treasurer of HM Household (Deputy Chief Whip, House of Commons)",2008-10-05,2010-05-06,578.0,,,Labour,Gordon Brown,https://id.parliament.uk/G2MkEUNS,4158
Gillian,Merron,Commons,Parliamentary Under-Secretary (Foreign and Commonwealth Office),2008-10-05,2009-06-09,247.0,,,Labour,Gordon Brown,https://id.parliament.uk/LHQleG2k,347
Peter,Mandelson,Lords,"Secretary of State for Business, Enterprise and Regulatory Reform",2008-10-13,2009-06-05,235.0,,,Labour,Gordon Brown,https://id.parliament.uk/i8eCbE1j,500
Philip,Hope,Commons,Minister of State (Regional Affairs) (East Midlands),2009-01-24,2010-05-06,467.0,,,Labour,Gordon Brown,https://id.parliament.uk/638YRKeI,351
Evan,Davies,Lords,"Minister of State (Foreign and Commonwealth Office) (UK Trade and Investment) (also in the Department for Business, Innovation and Skills)",2009-02-02,2010-05-06,458.0,,,Labour,Gordon Brown,https://id.parliament.uk/BHJ0mvZi,3879
Evan,Davies,Lords,"Minister of State (Department for Business, Enterprise and Regulatory Reform) (UK Trade and Investment) (also Foreign and Commonwealth Office)",2009-02-02,2009-06-05,123.0,,,Labour,Gordon Brown,https://id.parliament.uk/BHJ0mvZi,3879
Bryan,Davies,Lords,"Parliamentary Under-Secretary (Department for Environment, Food and Rural Affairs) (and Deputy Chief Whip)",2009-06-05,2010-05-06,335.0,,,Labour,Gordon Brown,https://id.parliament.uk/mA0w6C2f,987
John,Healey,Commons,Minister of State (Department for Communities and Local Government) (Housing),2009-06-05,2010-05-06,335.0,,,Labour,Gordon Brown,https://id.parliament.uk/9VjJ9Mfg,400
David,Hanson,Commons,Minister of State (Home Office) (Crime and Policing),2009-06-05,2010-05-06,335.0,,,Labour,Gordon Brown,https://id.parliament.uk/RBI4vae5,533
William,McKenzie,Lords,Parliamentary Under-Secretary (Department for Communities and Local Government) (also in Department for Work and Pensions),2009-06-05,2010-05-06,335.0,,,Labour,Gordon Brown,https://id.parliament.uk/Gew5X0FU,3694
Benjamin,Bradshaw,Commons,"Secretary of State for Culture, Media and Sport",2009-06-05,2010-05-06,335.0,,,Labour,Gordon Brown,https://id.parliament.uk/ZyIYdZQ4,230
Peter,Mandelson,Lords,Lord President of the Council (Privy Council Office),2009-06-06,2010-05-06,334.0,,,Labour,Gordon Brown,https://id.parliament.uk/i8eCbE1j,500
Andrew,Adonis,Lords,Secretary of State for Transport,2009-06-06,2010-05-06,334.0,,,Labour,Gordon Brown,https://id.parliament.uk/WAsaVnhM,3743
Robert,Ainsworth,Commons,Secretary of State for Defence,2009-06-06,2010-05-06,334.0,,,Labour,Gordon Brown,https://id.parliament.uk/hEQM2SPd,306
Tessa,Jowell,Commons,Minister (Cabinet Office) (Also Minister for Olympics and Paymaster General),2009-06-06,2010-05-06,334.0,,,Labour,Gordon Brown,https://id.parliament.uk/1JWIKvq4,159
Alan,Johnson,Commons,Home Secretary,2009-06-06,2010-05-06,334.0,,,Labour,Gordon Brown,https://id.parliament.uk/dtaMwBoC,376
John,Denham,Commons,Secretary of State for Communities and Local Government,2009-06-06,2010-05-06,334.0,,,Labour,Gordon Brown,https://id.parliament.uk/ArKNOGoC,61
Peter,Hain,Commons,Secretary of State for Wales,2009-06-06,2010-05-06,334.0,,,Labour,Gordon Brown,https://id.parliament.uk/2jVmwnh9,567
Liam,Byrne,Commons,Chief Secretary to the Treasury,2009-06-06,2010-05-06,334.0,,,Labour,Gordon Brown,https://id.parliament.uk/k8mCzVcd,1171
Andrew,Burnham,Commons,Secretary of State for Health,2009-06-06,2010-05-06,334.0,,,Labour,Gordon Brown,https://id.parliament.uk/Tpxm134z,1427
Peter,Mandelson,Lords,"Secretary of State for Business, Innovation and Skills",2009-06-06,2010-05-06,334.0,,,Labour,Gordon Brown,https://id.parliament.uk/i8eCbE1j,500
Janet,Royall,Lords,Leader of the House of Lords and Chancellor of the Duchy of Lancaster,2009-06-06,2010-05-06,334.0,,,Labour,Gordon Brown,https://id.parliament.uk/NL5ydoZy,3703
Yvette,Cooper,Commons,Secretary of State for Work and Pensions,2009-06-06,2010-05-06,334.0,,,Labour,Gordon Brown,https://id.parliament.uk/WIjC8hXZ,420
Winifred,Taylor,Lords,Parliamentary Under-Secretary (Defence and Security) (also in the Ministry of Defence),2009-06-08,2010-05-06,332.0,,,Labour,Gordon Brown,https://id.parliament.uk/rjOhPobl,407
Dan,Norris,Commons,"Parliamentary Under-Secretary (Department for Environment, Food and Rural Affairs) (Rural Affairs and Environment)",2009-06-09,2010-05-06,331.0,,,Labour,Gordon Brown,https://id.parliament.uk/phha8Eap,221
Diana,Johnson,Commons,"Parliamentary Under-Secretary (Department for Children, Schools and Families) (Schools)",2009-06-09,2010-05-13,338.0,,,Labour,Gordon Brown,https://id.parliament.uk/N83bzqZq,1533
Katharine,Ussher,Commons,Exchequer Secretary (HM Treasury),2009-06-09,2009-06-17,8.0,,,Labour,Gordon Brown,https://id.parliament.uk/n9d5ZUHY,1494
Stephen,Carter,Lords,"Parliamentary Under-Secretary (Department for Business, Innovation and Skills) (Communications, Technology and Broadcasting) (also the Department for Culture, Media and Sport)",2009-06-09,2009-07-21,42.0,,,Labour,Gordon Brown,https://id.parliament.uk/5sIU93KI,3868
Claire,Ward,Commons,Parliamentary Under-Secretary (Ministry of Justice),2009-06-09,2010-05-06,331.0,,,Labour,Gordon Brown,https://id.parliament.uk/AMR7iXTa,73
Anthony,Young,Lords,"Parliamentary Under-Secretary of State (Department for Business, Innovation and Skills) (Postal Affairs and Employment Relations) (also Lord in Waiting)",2009-06-09,2010-05-06,331.0,,,Labour,Gordon Brown,https://id.parliament.uk/Iq3x8fuv,3702
Dawn,Primarolo,Commons,"Minister of State (Department for Children, Schools and Families) (Children, Young People and Families)",2009-06-09,2010-05-06,331.0,,,Labour,Gordon Brown,https://id.parliament.uk/0FqjjgNp,217
Stephen,Carter,Lords,"Parliamentary Under-Secretary (Department for Culture, Media and Sport) (Communications, Technology and Broadcasting) (also in the Department for Business, Innovation and Skills)",2009-06-09,2009-07-21,42.0,,,Labour,Gordon Brown,https://id.parliament.uk/5sIU93KI,3868
Barbara,Keeley,Commons,Parliamentary Secretary and Deputy Leader of the House of Commons,2009-06-09,2010-05-06,331.0,,,Labour,Gordon Brown,https://id.parliament.uk/4juHmRDM,1588
Maria,Eagle,Commons,Minister of State (Ministry of Justice) (also in Government Equalities Office),2009-06-09,2010-05-06,331.0,,,Labour,Gordon Brown,https://id.parliament.uk/wr5FZYiJ,483
Maria,Eagle,Commons,Minister of State (Government Equalities Office) (also in the Ministry of Justice),2009-06-09,2010-05-06,331.0,,,Labour,Gordon Brown,https://id.parliament.uk/wr5FZYiJ,483
Ian,Austin,Commons,Parliamentary Under-Secretary (Department for Communities and Local Government) (Planning),2009-06-09,2010-05-06,331.0,,,Labour,Gordon Brown,https://id.parliament.uk/y4zrMKfE,1511
Michael,O'Brien,Commons,Minister of State (Department of Health) (Health Services),2009-06-09,2010-05-06,331.0,,,Labour,Gordon Brown,https://id.parliament.uk/WsevBmhh,290
Patrick,McFadden,Commons,"Minister of State (Department for Business, Innovation and Skills)",2009-06-09,2010-05-06,331.0,,,Labour,Gordon Brown,https://id.parliament.uk/GdBtI6JD,1587
Siôn,Simon,Commons,"Parliamentary Under-Secretary (Department for Culture, Media and Sport) (Creative Industries)",2009-06-09,2010-02-11,247.0,,,Labour,Gordon Brown,https://id.parliament.uk/2coHr087,1391
Angela,Eagle,Commons,Minister of State (Department for Work and Pensions),2009-06-09,2010-05-06,331.0,,,Labour,Gordon Brown,https://id.parliament.uk/saLBlZIO,491
Phillip,Woolas,Commons,Minister of State (Regional Affairs) (North West),2009-06-09,2010-05-06,331.0,,,Labour,Gordon Brown,https://id.parliament.uk/Dv2R6CvU,453
Iain,Wright,Commons,"Parliamentary Under-Secretary (Department for Children, Schools and Families) (14-19 Reform and Apprenticeships)",2009-06-09,2010-05-06,331.0,,,Labour,Gordon Brown,https://id.parliament.uk/NasAUcje,1478
Ivan,Lewis,Commons,Minister of State (Foreign and Commonwealth Office),2009-06-09,2010-05-06,331.0,,,Labour,Gordon Brown,https://id.parliament.uk/YC7Iv4FO,441
Sarah,McCarthy-Fry,Commons,Parliamentary Under-Secretary (Department for Communities and Local Government) (Planning),2009-06-09,2009-06-17,8.0,,,Labour,Gordon Brown,https://id.parliament.uk/yL1iuMWd,1553
Helen,Goodman,Commons,Parliamentary Under-Secretary (Department for Work and Pensions),2009-06-09,2010-05-06,331.0,,,Labour,Gordon Brown,https://id.parliament.uk/gaomsflO,1484
Rosie,Winterton,Commons,"Minister of State (Department for Communities and Local Government) (Local Government) (also in the Department for Business, Innovation and Skills)",2009-06-09,2010-05-06,331.0,,,Labour,Gordon Brown,https://id.parliament.uk/C9I7sOdf,390
Joan,Ruddock,Commons,Minister of State (Department of Energy and Climate Change),2009-06-09,2010-05-06,331.0,,,Labour,Gordon Brown,https://id.parliament.uk/R5G6XPeD,190
Christopher,Mole,Commons,Parliamentary Under-Secretary (Department for Transport),2009-06-09,2010-05-06,331.0,,,Labour,Gordon Brown,https://id.parliament.uk/mhLwPDV0,1475
Daphne,Follett,Commons,"Parliamentary Under-Secretary (Department for Culture, Media and Sport) (Culture and Tourism)",2009-06-09,2009-09-22,105.0,,,Labour,Gordon Brown,https://id.parliament.uk/STtCaTj4,72
Paul,Drayson,Lords,"Minister of State (Ministry of Defence) (also in the Department for Business, Innovation and Skills)",2009-06-09,2010-05-06,331.0,,,Labour,Gordon Brown,https://id.parliament.uk/q2DKvvyq,3669
Paul,Drayson,Lords,"Minister of State (Department for Business, Innovation and Skills) (Science and Innovation)  (also in the Ministry of Defence)",2009-06-09,2010-05-06,331.0,,,Labour,Gordon Brown,https://id.parliament.uk/q2DKvvyq,3669
William,Rammell,Commons,Minister of State (Ministry of Defence),2009-06-09,2010-05-06,331.0,,,Labour,Gordon Brown,https://id.parliament.uk/zRT6JXFe,37
Gillian,Merron,Commons,Minister of State (Department of Health) (Public Health),2009-06-09,2010-05-06,331.0,,,Labour,Gordon Brown,https://id.parliament.uk/LHQleG2k,347
Shahid,Malik,Commons,Parliamentary Under-Secretary (Department for Communities and Local Government) (Planning),2009-06-09,2010-05-06,331.0,,,Labour,Gordon Brown,https://id.parliament.uk/83T5VvT0,1509
Tessa,Jowell,Commons,Minister of State (Regional Affairs) (London),2009-06-09,2010-05-06,331.0,,,Labour,Gordon Brown,https://id.parliament.uk/1JWIKvq4,159
Evan,Davies,Lords,"Minister of State (Department for Business, Innovation and Skills) (Trade, Investment and Small Business) (also in the Foreign and Commonwealth Office)",2009-06-09,2010-05-06,331.0,,,Labour,Gordon Brown,https://id.parliament.uk/BHJ0mvZi,3879
Sadiq,Khan,Commons,Minister of State (Department for Transport),2009-06-09,2010-05-06,331.0,,,Labour,Gordon Brown,https://id.parliament.uk/7JBU8aJx,1577
Rosie,Winterton,Commons,"Minister of State (Department for Business, Innovation and Skills) (Regional Economic Development and Co-ordination); (also in the Department for Communities and Local Government)",2009-06-09,2010-05-06,331.0,,,Labour,Gordon Brown,https://id.parliament.uk/C9I7sOdf,390
David,Kidney,Commons,Parliamentary Under-Secretary (Department of Energy and Climate Change),2009-06-09,2010-05-06,331.0,,,Labour,Gordon Brown,https://id.parliament.uk/C4T0ixAd,283
Vernon,Coaker,Commons,"Minister of State (Department for Children, Schools and Families) (Schools and Learners)",2009-06-09,2010-05-06,331.0,,,Labour,Gordon Brown,https://id.parliament.uk/ERxC3bUI,360
Kevin,Brennan,Commons,"Minister of State (Department for Children, Schools and Families) (also Department for Business, Innovation and Skills)",2009-06-09,2010-05-06,331.0,,,Labour,Gordon Brown,https://id.parliament.uk/B4kpjDsU,1400
Michael,Foster,Commons,Parliamentary Secretary (Government Equalities Office),2009-06-09,2010-05-06,331.0,,,Labour,Gordon Brown,https://id.parliament.uk/xytHYFYb,26
Ian,Lucas,Commons,"Parliamentary Under-Secretary (Department for Business, Innovation and Skills) (Business and Regulatory Reform)",2009-06-09,2010-05-06,331.0,,,Labour,Gordon Brown,https://id.parliament.uk/lQSrIV4l,1470
David,Lammy,Commons,"Minister of State (Department for Business, Innovation and Skills) (Higher Education and Intellectual Property)",2009-06-09,2010-05-06,331.0,,,Labour,Gordon Brown,https://id.parliament.uk/xY3sNmne,206
James,Fitzpatrick,Commons,"Minister of State (Department for Environment, Food and Rural Affairs) (Farming and the Environment)",2009-06-09,2010-05-06,331.0,,,Labour,Gordon Brown,https://id.parliament.uk/dreRtJBE,197
Kevin,Brennan,Commons,"Minister of State (Department for Business, Innovation and Skills) (Further Education, Skills, Apprenticeships and Consumer Affairs)  (also Department for Children, Schools and Families)",2009-06-09,2010-05-06,331.0,,,Labour,Gordon Brown,https://id.parliament.uk/B4kpjDsU,1400
Richard,Faulkner,Lords,Lords in Waiting (HM Household),2009-06-09,2010-05-06,331.0,,,Labour,Gordon Brown,https://id.parliament.uk/nnYWJd2B,2472
Christopher,Bryant,Commons,Parliamentary Under-Secretary (Foreign and Commonwealth Office),2009-06-09,2009-10-13,126.0,,,Labour,Gordon Brown,https://id.parliament.uk/HMZwFU4B,1446
James,Knight,Commons,Minister of State (Department for Work and Pensions),2009-06-09,2010-05-06,331.0,,,Labour,Gordon Brown,https://id.parliament.uk/TImtubyi,4160
James,Knight,Commons,Minister of State (Regional Affairs) (South West),2009-06-09,2010-05-06,331.0,,,Labour,Gordon Brown,https://id.parliament.uk/TImtubyi,4160
Angela,Smith,Commons,Minister of State (Cabinet Office) (Third Sector),2009-06-09,2010-05-06,331.0,,,Labour,Gordon Brown,https://id.parliament.uk/6lkJGvGZ,4170
Kerry,McCarthy,Commons,Assistant Whip (HM Treasury),2009-06-10,2010-05-06,330.0,,,Labour,Gordon Brown,https://id.parliament.uk/BrM8yN3U,1491
David,Wright,Commons,Assistant Whip (HM Treasury),2009-06-10,2010-05-06,330.0,,,Labour,Gordon Brown,https://id.parliament.uk/pBzAaL8S,1461
Mary,Creagh,Commons,Assistant Whip (HM Treasury),2009-06-10,2010-05-06,330.0,,,Labour,Gordon Brown,https://id.parliament.uk/faWGbLpi,1579
George,Mudie,Commons,Assistant Whip (HM Treasury),2009-06-10,2010-05-06,330.0,,,Labour,Gordon Brown,https://id.parliament.uk/jL1lTThv,414
Helen,Jones,Commons,"Vice Chamberlain (HM Household) (Whip, House of Commons)",2009-06-10,2010-05-06,330.0,,,Labour,Gordon Brown,https://id.parliament.uk/CpcFBAUL,432
Lyn,Brown,Commons,Assistant Whip (HM Treasury),2009-06-10,2010-05-06,330.0,,,Labour,Gordon Brown,https://id.parliament.uk/hr0RPh9q,1583
Sharon,Hodgson,Commons,Assistant Whip (HM Treasury),2009-06-10,2010-05-06,330.0,,,Labour,Gordon Brown,https://id.parliament.uk/rjeu8U8r,1521
John,Heppell,Commons,Assistant Whip (HM Treasury),2009-06-10,2010-05-06,330.0,,,Labour,Gordon Brown,https://id.parliament.uk/h3DuhZ5g,363
Sarah,McCarthy-Fry,Commons,Exchequer Secretary (HM Treasury),2009-06-17,2010-05-06,323.0,,,Labour,Gordon Brown,https://id.parliament.uk/yL1iuMWd,1553
Glenys,Kinnock,Lords,Minister of State (Europe),2009-06-30,2009-10-13,105.0,,,Labour,Gordon Brown,https://id.parliament.uk/Wh8ZAk9J,3895
William,Brett,Lords,Parliamentary Under-Secretary (Home Office) (Identity) (also Lord in Waiting),2009-08-06,2009-11-09,95.0,,,Labour,Gordon Brown,https://id.parliament.uk/WXuf1dFb,2470
Stephen,Timms,Commons,"Parliamentary Under-Secretary (Department for Business, Innovation and Skills) (Digital Britain) (also HM Treasury)",2009-08-06,2010-05-06,273.0,,,Labour,Gordon Brown,https://id.parliament.uk/R62qdyhF,163
Margaret,Hodge,Commons,"Minister of State (Department for Culture, Media and Sport) (Culture and Tourism)",2009-09-22,2010-05-06,226.0,,,Labour,Gordon Brown,https://id.parliament.uk/nerwVGrY,140
Daphne,Follett,Commons,Parliamentary Under-Secretary (Department for Communities and Local Government) (Planning),2009-09-22,2010-05-06,226.0,,,Labour,Gordon Brown,https://id.parliament.uk/STtCaTj4,72
Christopher,Bryant,Commons,Parliamentary Under-Secretary (Europe),2009-10-13,2010-05-06,205.0,,,Labour,Gordon Brown,https://id.parliament.uk/HMZwFU4B,1446
Glenys,Kinnock,Lords,Minister of State (Africa and UN),2009-10-13,2010-05-06,205.0,,,Labour,Gordon Brown,https://id.parliament.uk/Wh8ZAk9J,3895
Dawn,Butler,Commons,Parliamentary Secretary (Cabinet Office) (Young Citizens and Youth Engagement),2009-10-30,2010-05-06,188.0,,,Labour,Gordon Brown,https://id.parliament.uk/vgar68WY,1489
Margaret,Hillier,Commons,Parliamentary Under-Secretary (Home Office) (Identity),2009-11-09,2010-05-06,178.0,,,Labour,Gordon Brown,https://id.parliament.uk/dlZ50gBC,1524
Dorothea,Thornton,Lords,Parliamentary Under-Secretary (Department of Health),2010-02-19,2010-05-06,76.0,,,Labour,Gordon Brown,https://id.parliament.uk/1nctrYUg,1782
David,Shutt,Lords,"Captain of the Queen's Bodyguard of the Yeomen of the Guard (HM Household) (Deputy Chief Whip, House of Lords)",2010-05-11,2012-05-08,728.0,,,Liberal Democrat,Gordon Brown,https://id.parliament.uk/wtFXxfTl,2546
John,Taylor,Lords,Lords Spokesperson (Cabinet Office),2010-05-11,2011-09-15,492.0,,,Conservative,Gordon Brown,https://id.parliament.uk/rJz60OWT,3787
Lindsay,Granshaw,Lords,Baroness in Waiting (HM Household) (Whip),2010-05-11,2015-03-04,1758.0,,,Liberal Democrat,Gordon Brown,https://id.parliament.uk/7YD9qsIc,2539
John,Attlee,Lords,Lord in Waiting (HM Household) (Whip),2010-05-11,2014-04-08,1428.0,,,Conservative,Gordon Brown,https://id.parliament.uk/dOqmQqV1,3425
Sandip,Verma,Lords,Lords Spokesperson (Department for International Development),2010-05-11,2011-09-05,482.0,,,Conservative,Gordon Brown,https://id.parliament.uk/QdTpvoeQ,3790
Patricia,Rawlings,Lords,Baroness in Waiting (HM Household) (Whip),2010-05-11,2012-06-25,776.0,,,Conservative,Gordon Brown,https://id.parliament.uk/oTUs96Dj,3278
Sandip,Verma,Lords,Baroness in Waiting (HM Household) (Whip),2010-05-11,2012-09-06,849.0,,,Conservative,Gordon Brown,https://id.parliament.uk/QdTpvoeQ,3790
Patricia,Rawlings,Lords,"Lords Spokesperson (Department for Culture, Media and Sport)",2010-05-11,2012-09-06,849.0,,,Conservative,Gordon Brown,https://id.parliament.uk/oTUs96Dj,3278
Nicholas,Clegg,Commons,"Deputy Prime Minister, Lord President of the Council (Cabinet Office) (with Special Responsibility for Political and Constitutional Reform)",2010-05-11,2015-05-08,1823.0,,,Liberal Democrat,Gordon Brown,https://id.parliament.uk/n3uGDqOP,1563
John,Astor,Lords,Lord in Waiting (HM Household) (Whip),2010-05-11,2011-09-05,482.0,,,Conservative,Gordon Brown,https://id.parliament.uk/Xmgxcz0Y,3428
David,Cameron,Commons,"Prime Minister, First Lord of the Treasury and Minister for the Civil Service",2010-05-11,2016-07-13,2255.0,,,Conservative,Gordon Brown,https://id.parliament.uk/6YHCzz8V,1467
Nicholas,Clegg,Commons,Lord President of the Council (Privy Council Office),2010-05-11,2015-05-08,1823.0,,,Liberal Democrat,Gordon Brown,https://id.parliament.uk/n3uGDqOP,1563
Rupert,Ponsonby,Lords,Lord in Waiting (HM Household) (Whip),2010-05-11,2012-09-06,849.0,,,Conservative,Gordon Brown,https://id.parliament.uk/YquXSHbU,2202
Brooks,Newmark,Commons,Lord Commissioner (HM Treasury) (Whip),2010-05-12,2012-09-06,848.0,,,Conservative,David Cameron,https://id.parliament.uk/99tlDUfR,1488
Theresa,May,Commons,Minister for Women and Equalities,2010-05-12,2012-10-15,887.0,,,Conservative,David Cameron,https://id.parliament.uk/JPL7AGmo,8
Theresa,May,Commons,Home Secretary,2010-05-12,2016-07-13,2254.0,,,Conservative,David Cameron,https://id.parliament.uk/JPL7AGmo,8
Michael,Gove,Commons,Secretary of State for Education,2010-05-12,2014-07-15,1525.0,,,Conservative,David Cameron,https://id.parliament.uk/0K7kX33I,1571
Andrew,Lansley,Commons,Secretary of State for Health,2010-05-12,2012-09-06,848.0,,,Conservative,David Cameron,https://id.parliament.uk/NUEEnevv,123
William,Wiggin,Commons,Assistant Whip (HM Treasury),2010-05-12,2012-09-06,848.0,,,Conservative,David Cameron,https://id.parliament.uk/hHSt1CqD,1428
John,Hayes,Commons,"Minister of State (Department for Business, Innovation and Skills) (Further Education, Skills and Lifelong Learning) (also in the Department for Education)",2010-05-12,2012-09-06,848.0,,,Conservative,David Cameron,https://id.parliament.uk/yzH3vz6B,350
Angela,Watkinson,Commons,Lord Commissioner (HM Treasury) (Whip),2010-05-12,2012-09-06,848.0,,,Conservative,David Cameron,https://id.parliament.uk/8HG1T13Q,1462
Andrew,Mitchell,Commons,Secretary of State for International Development,2010-05-12,2012-09-06,848.0,,,Conservative,David Cameron,https://id.parliament.uk/QW4mOMIY,1211
David,Laws,Commons,Chief Secretary to the Treasury,2010-05-12,2010-05-29,17.0,,,Liberal Democrat,David Cameron,https://id.parliament.uk/o6Sxg4Vf,1473
Hugh,Robertson,Commons,"Parliamentary Under-Secretary (Department for Culture, Media and Sport) (Sport and the Olympics)",2010-05-12,2012-09-06,848.0,,,Conservative,David Cameron,https://id.parliament.uk/5hu1lRiN,1415
Sayeeda,Warsi,Lords,Minister without Portfolio (Cabinet Office),2010-05-12,2012-09-06,848.0,,,Conservative,David Cameron,https://id.parliament.uk/qLjxRdRD,3839
Dominic,Grieve,Commons,Attorney General,2010-05-12,2014-07-15,1525.0,,,Conservative,David Cameron,https://id.parliament.uk/teXRvkZh,16
Robert,Goodwill,Commons,Assistant Whip (HM Treasury),2010-05-12,2012-09-06,848.0,,,Conservative,David Cameron,https://id.parliament.uk/tXbYU8RO,1562
James,Wallace,Lords,Lords Spokesperson (Wales Office),2010-05-12,2012-09-05,847.0,,,Liberal Democrat,David Cameron,https://id.parliament.uk/SVi9opsI,630
Francis,Maude,Commons,Paymaster General and Minister for the Cabinet Office,2010-05-12,2015-03-30,1783.0,,,Conservative,David Cameron,https://id.parliament.uk/XrxW6kpF,115
Eric,Pickles,Commons,Secretary of State for Communities and Local Government,2010-05-12,2015-05-08,1822.0,,,Conservative,David Cameron,https://id.parliament.uk/usNZNEl8,33
Mark,Francois,Commons,"Vice Chamberlain (HM Household) (Whip, House of Commons)",2010-05-12,2012-09-06,848.0,,,Conservative,David Cameron,https://id.parliament.uk/61TcZWOM,1444
Mark,Hunter,Commons,Assistant Whip (HM Treasury),2010-05-12,2014-10-13,1615.0,,,Liberal Democrat,David Cameron,https://id.parliament.uk/2hdo7j6Z,1598
Norman,Lamb,Commons,Assistant Whip (HM Treasury),2010-05-12,2012-02-03,632.0,,,Liberal Democrat,David Cameron,https://id.parliament.uk/42UyXYQP,1439
Owen,Paterson,Commons,Secretary of State for Northern Ireland,2010-05-12,2012-09-06,848.0,,,Conservative,David Cameron,https://id.parliament.uk/5bLfMuWV,274
James,Wallace,Lords,Lords Spokesperson (Attorney General's Office),2010-05-12,2015-05-07,1821.0,,,Liberal Democrat,David Cameron,https://id.parliament.uk/SVi9opsI,630
Cheryl,Gillan,Commons,Secretary of State for Wales,2010-05-12,2012-09-06,848.0,,,Conservative,David Cameron,https://id.parliament.uk/c6QYWLOe,18
Michael,Fabricant,Commons,Lord Commissioner (HM Treasury) (Whip),2010-05-12,2012-09-06,848.0,,,Conservative,David Cameron,https://id.parliament.uk/Fx1EcmX5,280
Chloe,Smith,Commons,Assistant Whip (HM Treasury),2010-05-12,2011-10-14,520.0,,,Conservative,David Cameron,https://id.parliament.uk/trjrjVxb,1609
Alistair,Carmichael,Commons,"Comptroller (HM Household) (Deputy Chief Whip, House of Commons)",2010-05-12,2013-10-07,1244.0,,,Liberal Democrat,David Cameron,https://id.parliament.uk/VWwjNZay,1442
Robert,Stunell,Commons,Parliamentary Under-Secretary (Department for Communities and Local Government),2010-05-12,2012-09-06,848.0,,,Liberal Democrat,David Cameron,https://id.parliament.uk/Uftks50N,445
George,Osborne,Commons,Chancellor of the Exchequer,2010-05-12,2015-05-08,1822.0,,,Conservative,David Cameron,https://id.parliament.uk/MZgn0iAu,1458
David,Willetts,Commons,"Minister of State (Department for Business, Innovation and Skills) (Universities and Science)",2010-05-12,2014-07-15,1525.0,,,Conservative,David Cameron,https://id.parliament.uk/DKD3eVop,53
David,Howell,Lords,Minister of State (Foreign and Commonwealth Office) (International Energy Policy),2010-05-12,2012-09-06,848.0,,,Conservative,David Cameron,https://id.parliament.uk/jAgDv8hd,993
Liam,Fox,Commons,Secretary of State for Defence,2010-05-12,2011-10-14,520.0,,,Conservative,David Cameron,https://id.parliament.uk/dougZwFw,223
Lynne,Featherstone,Commons,Parliamentary Under-Secretary (Government Equalities Office),2010-05-12,2011-04-26,349.0,,,Liberal Democrat,David Cameron,https://id.parliament.uk/Il186YY2,1531
James,Wallace,Lords,Lords Spokesperson (Scotland Office),2010-05-12,2015-05-07,1821.0,,,Liberal Democrat,David Cameron,https://id.parliament.uk/SVi9opsI,630
Alexander,Randall,Commons,"Treasurer of HM Household (Deputy Chief Whip, House of Commons)",2010-05-12,2013-10-07,1244.0,,,Conservative,David Cameron,https://id.parliament.uk/jwK7IQzE,209
Kenneth,Clarke,Commons,Lord Chancellor and Secretary of State for Justice,2010-05-12,2012-09-06,848.0,,,Conservative,David Cameron,https://id.parliament.uk/TyNGhslR,366
Christopher,Huhne,Commons,Secretary of State for Energy and Climate Change,2010-05-12,2012-02-03,632.0,,,Liberal Democrat,David Cameron,https://id.parliament.uk/jMiKFP7S,1517
George,Duncan Smith,Commons,Secretary of State for Work and Pensions,2010-05-12,2016-03-19,2138.0,,,Conservative,David Cameron,https://id.parliament.uk/rYnjx5sA,152
Philip,Dunne,Commons,Assistant Whip (HM Treasury),2010-05-12,2012-09-06,848.0,,,Conservative,David Cameron,https://id.parliament.uk/j3tFA6NO,1542
Shailesh,Vara,Commons,Assistant Whip (HM Treasury),2010-05-12,2012-09-06,848.0,,,Conservative,David Cameron,https://id.parliament.uk/Uj24yw4q,1496
Daniel,Alexander,Commons,Secretary of State for Scotland,2010-05-12,2010-05-29,17.0,,,Liberal Democrat,David Cameron,https://id.parliament.uk/AiG7DWgQ,1535
John,Cable,Commons,"Secretary of State for Business, Innovation and Skills",2010-05-12,2015-05-08,1822.0,,,Liberal Democrat,David Cameron,https://id.parliament.uk/kvWUil3G,207
William,Hague,Commons,Foreign Secretary and First Secretary of State,2010-05-12,2014-07-15,1525.0,,,Conservative,David Cameron,https://id.parliament.uk/rEpJPeh9,379
Jeremy,Hunt,Commons,"Secretary of State for Culture, Media and Sport",2010-05-12,2012-09-06,848.0,,,Conservative,David Cameron,https://id.parliament.uk/x6FOPcns,1572
Mark,Harper,Commons,Parliamentary Secretary (Cabinet Office),2010-05-12,2012-09-06,848.0,,,Conservative,David Cameron,https://id.parliament.uk/psgM7FBk,1520
James,Wallace,Lords,Advocate General for Scotland,2010-05-12,2015-05-07,1821.0,,,Liberal Democrat,David Cameron,https://id.parliament.uk/SVi9opsI,630
Philip,Hammond,Commons,Secretary of State for Transport,2010-05-12,2011-10-14,520.0,,,Conservative,David Cameron,https://id.parliament.uk/pkigvNdY,105
Thomas,Galbraith,Lords,Leader of the House of Lords and Chancellor of the Duchy of Lancaster,2010-05-12,2013-01-07,971.0,,,Conservative,David Cameron,https://id.parliament.uk/ucGKwgAr,2221
James,Duddridge,Commons,Lord Commissioner (HM Treasury) (Whip),2010-05-12,2012-09-06,848.0,,,Conservative,David Cameron,https://id.parliament.uk/uDZzgmxr,1559
Nicholas,Hurd,Commons,Parliamentary Secretary (Cabinet Office),2010-05-12,2014-07-15,1525.0,,,Conservative,David Cameron,https://id.parliament.uk/nXTZ5A4D,1561
George,Young,Commons,Leader of the House of Commons and Lord Privy Seal,2010-05-12,2012-09-06,848.0,,,Conservative,David Cameron,https://id.parliament.uk/9mJigEyv,57
Jeremy,Wright,Commons,Lord Commissioner (HM Treasury) (Whip),2010-05-12,2012-09-06,848.0,,,Conservative,David Cameron,https://id.parliament.uk/dcfUDdFC,1560
Caroline,Spelman,Commons,"Secretary of State for Environment, Food and Rural Affairs",2010-05-12,2012-09-06,848.0,,,Conservative,David Cameron,https://id.parliament.uk/McDKiSop,312
Stephen,Crabb,Commons,Assistant Whip (HM Treasury),2010-05-12,2012-09-06,848.0,,,Conservative,David Cameron,https://id.parliament.uk/CruBwppn,1554
Patrick,McLoughlin,Commons,Parliamentary Secretary to the Treasury and Chief Whip,2010-05-12,2012-09-04,846.0,,,Conservative,David Cameron,https://id.parliament.uk/LZDZjBO2,333
Oliver,Letwin,Commons,Minister for Government Policy (Cabinet Office),2010-05-12,2014-07-15,1525.0,,,Conservative,David Cameron,https://id.parliament.uk/X8QiVAam,247
Jeremy,Browne,Commons,"Minister of State (Foreign and Commonwealth Office) (South East Asia/Far East, India and Nepal, Latin America, Falklands, Australasia and Pacific, Commonwealth)",2010-05-13,2012-09-06,847.0,,,Liberal Democrat,David Cameron,https://id.parliament.uk/buxBEP0l,1575
Steven,Webb,Commons,Minister of State (Department for Work and Pensions),2010-05-13,2015-05-08,1821.0,,,Liberal Democrat,David Cameron,https://id.parliament.uk/cRr5jMY5,220
David,Lidington,Commons,Minister of State (Foreign and Commonwealth Office) (European issues and NATO),2010-05-13,2016-07-14,2254.0,,,Conservative,David Cameron,https://id.parliament.uk/EPhidb9p,15
Tom,McNally,Lords,Deputy Leader of the House of Lords,2010-05-13,2013-10-14,1250.0,,,Liberal Democrat,David Cameron,https://id.parliament.uk/UycA8MQK,919
Mark,Hoban,Commons,Financial Secretary (HM Treasury),2010-05-13,2012-09-06,847.0,,,Conservative,David Cameron,https://id.parliament.uk/rK4YjRer,1414
Hugo,Swire,Commons,Minister of State (Northern Ireland Office),2010-05-13,2012-09-06,847.0,,,Conservative,David Cameron,https://id.parliament.uk/bu7r7sVI,1408
David,Gauke,Commons,Exchequer Secretary (HM Treasury),2010-05-13,2014-07-15,1524.0,,,Conservative,David Cameron,https://id.parliament.uk/iavMcgms,1529
Gregory,Clark,Commons,"Minister of State (Department for Communities and Local Government) (Decentralisation and Cities) (also in the Department for Business, Innovation and Skills)",2010-05-13,2012-09-06,847.0,,,Conservative,David Cameron,https://id.parliament.uk/jqlCAgYA,1578
Sarah,Teather,Commons,Minister of State (Department for Education) (Children and Families),2010-05-13,2012-09-06,847.0,,,Liberal Democrat,David Cameron,https://id.parliament.uk/TdVKjPkC,1170
Tom,McNally,Lords,Minister of State (Ministry of Justice),2010-05-13,2013-12-18,1315.0,,,Liberal Democrat,David Cameron,https://id.parliament.uk/UycA8MQK,919
Nicolas,Gibb,Commons,Minister of State (Education),2010-05-13,2012-09-06,847.0,,,Conservative,David Cameron,https://id.parliament.uk/r0QLf2Xa,111
Stephen,O'Brien,Commons,Parliamentary Under-Secretary (Department for International Development),2010-05-13,2012-09-06,847.0,,,Conservative,David Cameron,https://id.parliament.uk/w9w7FbR9,427
Lilian,Neville-Jones,Lords,Minister of State (Home Office) (Security),2010-05-13,2011-09-05,480.0,,,Conservative,David Cameron,https://id.parliament.uk/lMktwJpw,3840
Charles,Hendry,Commons,Minister of State (Department of Energy and Climate Change),2010-05-13,2012-09-06,847.0,,,Conservative,David Cameron,https://id.parliament.uk/416epHOt,1220
Gregory,Barker,Commons,Minister of State (Department of Energy and Climate Change),2010-05-13,2014-07-15,1524.0,,,Conservative,David Cameron,https://id.parliament.uk/PjzpuRIV,1389
Damian,Green,Commons,Minister of State (Home Office) (Immigration),2010-05-13,2012-09-06,847.0,,,Conservative,David Cameron,https://id.parliament.uk/72qlmbBV,76
James,Sassoon,Lords,Commercial Secretary (HM Treasury),2010-05-13,2013-01-01,964.0,,,,David Cameron,https://id.parliament.uk/RWNktAUf,4146
Paul,Burstow,Commons,Minister of State (Department of Health),2010-05-13,2012-09-06,847.0,,,Liberal Democrat,David Cameron,https://id.parliament.uk/B2VL6iUT,204
Justine,Greening,Commons,Economic Secretary (HM Treasury),2010-05-13,2011-10-14,519.0,,,Conservative,David Cameron,https://id.parliament.uk/1CRqwuTp,1555
Chris,Grayling,Commons,Minister of State (Department for Work and Pensions),2010-05-13,2012-09-06,847.0,,,Conservative,David Cameron,https://id.parliament.uk/nfMorZ5b,1413
Simon,Burns,Commons,Minister of State (Department of Health) (Health Services),2010-05-13,2012-09-06,847.0,,,Conservative,David Cameron,https://id.parliament.uk/ueCA7LxD,46
James,Brokenshire,Commons,Parliamentary Under-Secretary (Home Office),2010-05-13,2011-05-11,363.0,,,Conservative,David Cameron,https://id.parliament.uk/HENgq022,1530
Nick,Herbert,Commons,Minister of State (Ministry of Justice) (jointly with Home Office),2010-05-13,2012-09-06,847.0,,,Conservative,David Cameron,https://id.parliament.uk/QGFl4k1C,1479
Nicholas,Harvey,Commons,Minister of State (Ministry of Defence),2010-05-13,2012-09-06,847.0,,,Liberal Democrat,David Cameron,https://id.parliament.uk/ElJJB349,231
Nick,Herbert,Commons,Minister of State (Home Office) (Policing) (Jointly with the Ministry of Justice),2010-05-13,2012-09-06,847.0,,,Conservative,David Cameron,https://id.parliament.uk/QGFl4k1C,1479
Grant,Shapps,Commons,Minister of State (Department for Communities and Local Government) (Housing),2010-05-13,2012-09-06,847.0,,,Conservative,David Cameron,https://id.parliament.uk/ZvG45buB,1582
Joyce,Anelay,Lords,"Captain of the Honourable Corps of Gentlemen-at-Arms (HM Household) (Chief Whip, House of Lords)",2010-05-13,2014-08-06,1546.0,,,Conservative,David Cameron,https://id.parliament.uk/6uKzYpoj,3474
Michael,Prisk,Commons,"Minister of State (Department for Business, Innovation and Skills) (Business and Enterprise)",2010-05-13,2012-09-06,847.0,,,Conservative,David Cameron,https://id.parliament.uk/FWf5iAFZ,1424
Theresa,Villiers,Commons,Minister of State (Department for Transport) (Rail and Aviation),2010-05-14,2012-09-06,846.0,,,Conservative,David Cameron,https://id.parliament.uk/nxNQZEuc,1500
David,Mundell,Commons,Parliamentary Under-Secretary (Scotland Office),2010-05-14,2015-05-08,1820.0,,,Conservative,David Cameron,https://id.parliament.uk/Xx3pGa0q,1512
Norman,Baker,Commons,Parliamentary Under-Secretary (Department for Transport) (Regional and Local Transport),2010-05-14,2013-10-07,1242.0,,,Liberal Democrat,David Cameron,https://id.parliament.uk/zfV7nFP8,28
James,Paice,Commons,"Minister of State (Department for Environment, Food and Rural Affairs)",2010-05-14,2012-09-06,846.0,,,Conservative,David Cameron,https://id.parliament.uk/sZAnVs3N,124
Alan,Duncan,Commons,Minister of State (Department for International Development),2010-05-14,2014-07-15,1523.0,,,Conservative,David Cameron,https://id.parliament.uk/ZsPq2lLF,343
Joan,Hanham,Lords,Parliamentary Under-Secretary (Department for Communities and Local Government),2010-05-14,2013-10-07,1242.0,,,Conservative,David Cameron,https://id.parliament.uk/mFtyBJDc,2477
Edward,Garnier,Commons,Solicitor General (Attorney General's Office),2010-05-14,2012-09-06,846.0,,,Conservative,David Cameron,https://id.parliament.uk/UT2CILAj,337
David,Heath,Commons,Parliamentary Secretary and Deputy Leader of the House of Commons,2010-05-17,2012-09-06,843.0,,,Liberal Democrat,David Cameron,https://id.parliament.uk/l7xvU5Hj,255
Alistair,Burt,Commons,Parliamentary Under-Secretary (Foreign and Commonwealth Office),2010-05-17,2013-10-07,1239.0,,,Conservative,David Cameron,https://id.parliament.uk/OxbSuAew,1201
Jonathan,Djanogly,Commons,Parliamentary Under-Secretary (Ministry of Justice),2010-05-17,2012-09-06,843.0,,,Conservative,David Cameron,https://id.parliament.uk/zd8N3BOV,1425
Timothy,Loughton,Commons,Parliamentary Under-Secretary (Department for Education),2010-05-17,2012-09-06,843.0,,,Conservative,David Cameron,https://id.parliament.uk/RlIqlixq,114
John,Penrose,Commons,"Parliamentary Under-Secretary (Department for Culture, Media and Sport)",2010-05-17,2012-09-06,843.0,,,Conservative,David Cameron,https://id.parliament.uk/JJ3Ox3Vn,1584
Judith,Wilcox,Lords,"Parliamentary Under-Secretary (Department for Business, Innovation and Skills) (Intellectual Property)",2010-05-17,2012-09-06,843.0,,,Conservative,David Cameron,https://id.parliament.uk/jRvZNVvm,1727
Richard,Benyon,Commons,"Parliamentary Under-Secretary (Department for Environment, Food and Rural Affairs)",2010-05-17,2013-10-07,1239.0,,,Conservative,David Cameron,https://id.parliament.uk/gnRRt0aA,1547
Peter,Luff,Commons,Parliamentary Under-Secretary (Ministry of Defence),2010-05-17,2012-09-06,843.0,,,Conservative,David Cameron,https://id.parliament.uk/vxk8h8HS,268
Anne,Milton,Commons,Parliamentary Under-Secretary (Department of Health),2010-05-17,2012-09-06,843.0,,,Conservative,David Cameron,https://id.parliament.uk/A0LvTNMZ,1523
James,Howarth,Commons,Parliamentary Under-Secretary (Ministry of Defence),2010-05-17,2012-09-06,843.0,,,Conservative,David Cameron,https://id.parliament.uk/eSN6fj4F,47
Crispin,Blunt,Commons,Parliamentary Under-Secretary (Ministry of Justice) (Prisons and Probation),2010-05-17,2012-09-06,843.0,,,Conservative,David Cameron,https://id.parliament.uk/cEAqbur8,104
Michael,Penning,Commons,Parliamentary Under-Secretary (Department for Transport) (Roads and Motoring),2010-05-17,2012-09-06,843.0,,,Conservative,David Cameron,https://id.parliament.uk/1AspMgzb,1528
Oliver,Eden,Lords,"Parliamentary Under-Secretary (Department for Environment, Food and Rural Affairs)",2010-05-17,2011-09-16,487.0,,,Conservative,David Cameron,https://id.parliament.uk/aDv4Y6kY,2616
Henry,Bellingham,Commons,Parliamentary Under-Secretary (Foreign and Commonwealth Office),2010-05-17,2012-09-06,843.0,,,Conservative,David Cameron,https://id.parliament.uk/9cmtCFse,1441
Andrew,Robathan,Commons,Parliamentary Under-Secretary (Ministry of Defence),2010-05-17,2012-09-06,843.0,,,Conservative,David Cameron,https://id.parliament.uk/oz9rAIcJ,334
David,Jones,Commons,Parliamentary Under-Secretary (Wales Office),2010-05-17,2012-09-06,843.0,,,Conservative,David Cameron,https://id.parliament.uk/wr73COQ7,1502
Maria,Miller,Commons,Parliamentary Under-Secretary (Department for Work and Pensions),2010-05-17,2012-09-06,843.0,,,Conservative,David Cameron,https://id.parliament.uk/RbRrvzGa,1480
Lynne,Featherstone,Commons,Parliamentary Under-Secretary (Home Office),2010-05-17,2012-09-06,843.0,,,Liberal Democrat,David Cameron,https://id.parliament.uk/Il186YY2,1531
Edward,Davey,Commons,"Parliamentary Under-Secretary (Department for Business, Innovation and Skills) (Employment Relations, Consumer and Postal Affairs)",2010-05-17,2012-02-03,627.0,,,Liberal Democrat,David Cameron,https://id.parliament.uk/3HPeT9K0,188
David,Freud,Lords,Parliamentary Under-Secretary (Department for Work and Pensions) (Welfare Reform),2010-05-17,2015-05-07,1816.0,,,Conservative,David Cameron,https://id.parliament.uk/1vaGr22a,3893
Robert,Neill,Commons,Parliamentary Under-Secretary (Department for Communities and Local Government) (Planning),2010-05-17,2012-09-06,843.0,,,Conservative,David Cameron,https://id.parliament.uk/2ykuEGz4,1601
Frederick,Curzon,Lords,Parliamentary Under-Secretary (Department of Health),2010-05-17,2015-05-11,1820.0,,,Conservative,David Cameron,https://id.parliament.uk/NVVtoygN,2000
John,Hayes,Commons,"Minister of State (Department for Education) (Jointly with the Department for Business, Innovation and Skills)",2010-05-18,2012-09-06,842.0,,,Conservative,David Cameron,https://id.parliament.uk/yzH3vz6B,350
Edward,Vaizey,Commons,"Parliamentary Under-Secretary (Department for Business, Innovation and Skills) (Culture, Communications and Creative Industries) (jointly with the Department for Culture, Media and Sport)",2010-05-21,2010-12-21,214.0,,,Conservative,David Cameron,https://id.parliament.uk/941ee6DS,1580
Edward,Vaizey,Commons,"Parliamentary Under-Secretary (Department for Culture, Media and Sport)",2010-05-22,2014-07-15,1515.0,,,Conservative,David Cameron,https://id.parliament.uk/941ee6DS,1580
Jonathan,Marland,Lords,Parliamentary Under-Secretary (Department of Energy and Climate Change),2010-05-24,2012-09-06,836.0,,,Conservative,David Cameron,https://id.parliament.uk/uk40oRXW,3797
John,Astor,Lords,Parliamentary Under-Secretary (Ministry of Defence),2010-05-28,2015-05-07,1805.0,,,Conservative,David Cameron,https://id.parliament.uk/Xmgxcz0Y,3428
Michael,Moore,Commons,Secretary of State for Scotland,2010-05-29,2013-10-07,1227.0,,,Liberal Democrat,David Cameron,https://id.parliament.uk/IdLd3lVr,638
Jonathan,Hopkin,Lords,Parliamentary Under-Secretary (Department for Education),2010-06-03,2013-01-07,949.0,,,Conservative,David Cameron,https://id.parliament.uk/b97lk5LP,4144
Jonathan,Hopkin,Lords,Parliamentary Under-Secretary (Department for Education),2010-06-03,2013-01-07,949.0,,,Conservative,David Cameron,https://id.parliament.uk/b97lk5LP,4144
Anthony,Baldry,Commons,Second Church Estates Commissioner,2010-06-21,2015-03-30,1743.0,,,Conservative,David Cameron,https://id.parliament.uk/nqvFaORz,93
Daniel,Alexander,Commons,Chief Secretary to the Treasury,2010-06-29,2015-05-08,1774.0,,,Liberal Democrat,David Cameron,https://id.parliament.uk/AiG7DWgQ,1535
Susan,Garden,Lords,"Lords Spokesperson (Department for Culture, Media and Sport)",2010-10-13,2012-09-06,694.0,,,Liberal Democrat,David Cameron,https://id.parliament.uk/cwZcRmjT,3842
Susan,Garden,Lords,Baroness in Waiting (HM Household) (Whip),2010-10-13,2013-10-07,1090.0,,,Liberal Democrat,David Cameron,https://id.parliament.uk/cwZcRmjT,3842
William,Wallace,Lords,Lord in Waiting (HM Household) (Whip),2010-10-13,2015-05-07,1667.0,,,Liberal Democrat,David Cameron,https://id.parliament.uk/bX83NvFE,1816
Sandip,Verma,Lords,Lords Spokesperson (Home Office) (Equalities and Women's Issues),2010-10-13,2012-09-06,694.0,,,Conservative,David Cameron,https://id.parliament.uk/QdTpvoeQ,3790
John,Attlee,Lords,Lords Spokesperson (Department for Transport),2010-10-13,2013-10-07,1090.0,,,Conservative,David Cameron,https://id.parliament.uk/dOqmQqV1,3425
David,Shutt,Lords,Lords Spokesperson (Northern Ireland Office),2010-10-13,2012-05-08,573.0,,,Liberal Democrat,David Cameron,https://id.parliament.uk/wtFXxfTl,2546
Stephen,Green,Lords,"Minister of State (Department for Business, Innovation and Skills) (Trade and Investment)",2011-01-11,2013-12-10,1064.0,,,Conservative,David Cameron,https://id.parliament.uk/RnXL7AQE,4191
Stephen,Green,Lords,Minister of State (Foreign and Commonwealth Office) (Trade and Investment),2011-01-11,2013-12-10,1064.0,,,Conservative,David Cameron,https://id.parliament.uk/RnXL7AQE,4191
Angela,Browning,Lords,Minister of State (Home Office),2011-05-01,2011-09-16,138.0,,,Conservative,David Cameron,https://id.parliament.uk/W91sEqic,236
James,Brokenshire,Commons,Parliamentary Under-Secretary (Home Office),2011-05-11,2014-02-08,1004.0,,,Conservative,David Cameron,https://id.parliament.uk/HENgq022,1530
Gregory,Clark,Commons,"Minister of State (Department for Business, Innovation and Skills) (Decentralisation and Cities) (also in the Department for Communities and Local Government)",2011-07-19,2012-09-06,415.0,,,Conservative,David Cameron,https://id.parliament.uk/jqlCAgYA,1578
Tina,Stowell,Lords,Baroness in Waiting (HM Household) (Whip),2011-09-05,2013-10-07,763.0,,,Conservative,David Cameron,https://id.parliament.uk/5pQCEL5f,4205
Oliver,Eden,Lords,Minister of State (Home Office),2011-09-05,2012-09-06,367.0,,,Conservative,David Cameron,https://id.parliament.uk/aDv4Y6kY,2616
Lindsay,Granshaw,Lords,Lords Spokesperson (Department for International Development),2011-09-05,2014-11-04,1156.0,,,Liberal Democrat,David Cameron,https://id.parliament.uk/7YD9qsIc,2539
William,Wallace,Lords,Lords Spokesperson (Cabinet Office),2011-09-05,2015-05-07,1340.0,,,Liberal Democrat,David Cameron,https://id.parliament.uk/bX83NvFE,1816
Sandip,Verma,Lords,"Lords Spokesperson (Department of Business, Innovation and Skills)",2011-09-05,2012-09-06,367.0,,,Conservative,David Cameron,https://id.parliament.uk/QdTpvoeQ,3790
John,Taylor,Lords,"Parliamentary Under-Secretary (Department for Environment, Food and Rural Affairs)",2011-09-16,2012-09-06,356.0,,,Conservative,David Cameron,https://id.parliament.uk/rJz60OWT,3787
Chloe,Smith,Commons,Economic Secretary (HM Treasury),2011-10-14,2012-09-06,328.0,,,Conservative,David Cameron,https://id.parliament.uk/trjrjVxb,1609
Justine,Greening,Commons,Secretary of State for Transport,2011-10-14,2012-09-06,328.0,,,Conservative,David Cameron,https://id.parliament.uk/1CRqwuTp,1555
Gregory,Hands,Commons,Assistant Whip (HM Treasury),2011-10-14,2013-10-07,724.0,,,Conservative,David Cameron,https://id.parliament.uk/7Tsbxzkf,1526
Philip,Hammond,Commons,Secretary of State for Defence,2011-10-14,2014-07-15,1005.0,,,Conservative,David Cameron,https://id.parliament.uk/pkigvNdY,105
Jennifer,Willott,Commons,Assistant Whip (HM Treasury),2012-02-03,2012-09-06,216.0,,,Liberal Democrat,David Cameron,https://id.parliament.uk/zM9KPCjK,1497
Edward,Davey,Commons,Secretary of State for Energy and Climate Change,2012-02-03,2015-05-08,1190.0,,,Liberal Democrat,David Cameron,https://id.parliament.uk/3HPeT9K0,188
Norman,Lamb,Commons,"Parliamentary Under-Secretary (Department for Business, Innovation and Skills) (Employment Relations, Consumer and Postal Affairs)",2012-02-03,2012-09-06,216.0,,,Liberal Democrat,David Cameron,https://id.parliament.uk/42UyXYQP,1439
Richard,Newby,Lords,Lords Spokesperson (HM Treasury) (Whip),2012-05-09,2015-05-07,1093.0,,,Liberal Democrat,David Cameron,https://id.parliament.uk/zPVePsoU,1916
Richard,Newby,Lords,"Captain of the Queen's Bodyguard of the Yeomen of the Guard (HM Household) (Deputy Chief Whip, House of Lords)",2012-05-09,2015-05-07,1093.0,,,Liberal Democrat,David Cameron,https://id.parliament.uk/zPVePsoU,1916
James,Younger,Lords,Lord in Waiting (HM Household) (Whip),2012-06-25,2013-01-09,198.0,,,Conservative,David Cameron,https://id.parliament.uk/pL1nOvPY,4169
Stephen,Hammond,Commons,Parliamentary Under-Secretary (Department for Transport),2012-09-04,2014-07-15,679.0,,,Conservative,David Cameron,https://id.parliament.uk/jBPXvMye,1585
Andrew,Mitchell,Commons,Parliamentary Secretary to the Treasury and Chief Whip,2012-09-04,2012-10-19,45.0,,,Conservative,David Cameron,https://id.parliament.uk/QW4mOMIY,1211
Robert,Syms,Commons,Assistant Whip (HM Treasury),2012-09-06,2013-10-07,396.0,,,Conservative,David Cameron,https://id.parliament.uk/iuJ9hNVf,245
Joanne,Swinson,Commons,"Parliamentary Under-Secretary (Department for Business, Innovation and Skills) (Employment Relations, Consumer and Postal Affairs)",2012-09-06,2013-12-20,470.0,,,Liberal Democrat,David Cameron,https://id.parliament.uk/riumJBCR,1513
Thomas,Brake,Commons,Parliamentary Secretary and Deputy Leader of the House of Commons,2012-09-06,2015-05-08,974.0,,,Liberal Democrat,David Cameron,https://id.parliament.uk/SnLVQeMi,151
Lynne,Featherstone,Commons,Parliamentary Under-Secretary (Department for International Development),2012-09-06,2014-11-04,789.0,,,Liberal Democrat,David Cameron,https://id.parliament.uk/Il186YY2,1531
Brandon,Lewis,Commons,Parliamentary Under-Secretary (Department for Communities and Local Government),2012-09-06,2014-07-15,677.0,,,Conservative,David Cameron,https://id.parliament.uk/C91rcqgY,4009
Sayeeda,Warsi,Lords,Senior Minister of State (Department for Communities and Local Government) (Faith and Communities) (also in the Foreign and Commonwealth Office),2012-09-06,2014-08-05,698.0,,,Conservative,David Cameron,https://id.parliament.uk/qLjxRdRD,3839
John,Gardiner,Lords,Lord in Waiting (HM Household) (Whip),2012-09-06,2015-05-07,973.0,,,Conservative,David Cameron,https://id.parliament.uk/P6l9F4rP,4161
Maria,Miller,Commons,"Secretary of State for Culture, Media and Sport",2012-09-06,2014-04-09,580.0,,,Conservative,David Cameron,https://id.parliament.uk/RbRrvzGa,1480
James,Younger,Lords,"Lords Spokesperson (Department for Culture, Media and Sport)",2012-09-06,2013-01-09,125.0,,,Conservative,David Cameron,https://id.parliament.uk/pL1nOvPY,4169
Norman,Lamb,Commons,Minister of State (Department of Health),2012-09-06,2015-05-08,974.0,,,Liberal Democrat,David Cameron,https://id.parliament.uk/42UyXYQP,1439
Anthony,Timpson,Commons,Parliamentary Under-Secretary (Department for Education),2012-09-06,2015-05-08,974.0,,,Conservative,David Cameron,https://id.parliament.uk/RnmAK7sq,1605
Simon,Burns,Commons,Minister of State (Department for Transport) (Rail and Aviation),2012-09-06,2013-10-04,393.0,,,Conservative,David Cameron,https://id.parliament.uk/ueCA7LxD,46
David,Evennett,Commons,Lord Commissioner (HM Treasury) (Whip),2012-09-06,2018-01-09,1951.0,,,Conservative,David Cameron,https://id.parliament.uk/KhqjbENy,1198
Philip,Dunne,Commons,Parliamentary Under-Secretary (Ministry of Defence),2012-09-06,2015-05-08,974.0,,,Conservative,David Cameron,https://id.parliament.uk/j3tFA6NO,1542
Michael,Prisk,Commons,Minister of State (Department for Communities and Local Government) (Housing),2012-09-06,2013-10-07,396.0,,,Conservative,David Cameron,https://id.parliament.uk/FWf5iAFZ,1424
Hugo,Swire,Commons,"Minister of State (Foreign and Commonwealth Office) (South East Asia/Far East, India and Nepal, Latin America, Falklands, Australasia and Pacific, Commonwealth)",2012-09-06,2016-07-17,1410.0,,,Conservative,David Cameron,https://id.parliament.uk/bu7r7sVI,1408
Mark,Lancaster,Commons,Lord Commissioner (HM Treasury) (Whip),2012-09-06,2015-05-08,974.0,,,Conservative,David Cameron,https://id.parliament.uk/jbphoOAr,1544
Gregory,Knight,Commons,"Vice Chamberlain (HM Household) (Whip, House of Commons)",2012-09-06,2013-10-07,396.0,,,Conservative,David Cameron,https://id.parliament.uk/wEjb3Hkt,1200
John,Taylor,Lords,Parliamentary Under-Secretary (Home Office),2012-09-06,2014-08-06,699.0,,,Conservative,David Cameron,https://id.parliament.uk/rJz60OWT,3787
Tariq,Ahmad,Lords,Lord in Waiting (HM Household) (Whip),2012-09-06,2014-07-15,677.0,,,Conservative,David Cameron,https://id.parliament.uk/ay1P3rz4,4210
Andrew,Lansley,Commons,Leader of the House of Commons and Lord Privy Seal,2012-09-06,2014-07-15,677.0,,,Conservative,David Cameron,https://id.parliament.uk/NUEEnevv,123
Daniel,Poulter,Commons,Parliamentary Under-Secretary (Department of Health),2012-09-06,2015-03-30,935.0,,,Conservative,David Cameron,https://id.parliament.uk/05K847KM,3932
Andrew,Robathan,Commons,Minister of State (Ministry of Defence),2012-09-06,2013-10-07,396.0,,,Conservative,David Cameron,https://id.parliament.uk/oz9rAIcJ,334
David,Laws,Commons,Minister of State (Cabinet Office) (Jointly with the Department for Education),2012-09-06,2015-05-08,974.0,,,Liberal Democrat,David Cameron,https://id.parliament.uk/o6Sxg4Vf,1473
David,Laws,Commons,Minister of State (Department for Education) (Jointly with the Cabinet Office),2012-09-06,2015-05-08,974.0,,,Liberal Democrat,David Cameron,https://id.parliament.uk/o6Sxg4Vf,1473
Sayeeda,Warsi,Lords,Senior Minister of State (Foreign and Commonwealth Office) (Jointly with the Department for Communities and Local Government),2012-09-06,2014-08-05,698.0,,,Conservative,David Cameron,https://id.parliament.uk/qLjxRdRD,3839
Michael,Fallon,Commons,"Minister of State (Department for Business, Innovation and Skills) (Business and Enterprise)",2012-09-06,2013-03-28,203.0,,,Conservative,David Cameron,https://id.parliament.uk/5vldGphZ,88
Susan,Garden,Lords,"Lords Spokesperson (Department of Business, Innovation and Skills)",2012-09-06,2013-10-07,396.0,,,Liberal Democrat,David Cameron,https://id.parliament.uk/cwZcRmjT,3842
Anne,Milton,Commons,Lord Commissioner (HM Treasury) (Whip),2012-09-06,2014-07-15,677.0,,,Conservative,David Cameron,https://id.parliament.uk/A0LvTNMZ,1523
Mark,Hoban,Commons,Minister of State (Department for Work and Pensions),2012-09-06,2013-10-07,396.0,,,Conservative,David Cameron,https://id.parliament.uk/rK4YjRer,1414
Mark,Hunter,Commons,Assistant Whip (HM Treasury),2012-09-06,2014-10-13,767.0,,,Liberal Democrat,David Cameron,https://id.parliament.uk/2hdo7j6Z,1598
Grant,Shapps,Commons,Minister without Portfolio (Cabinet Office),2012-09-06,2015-05-08,974.0,,,Conservative,David Cameron,https://id.parliament.uk/ZvG45buB,1582
Karen,Bradley,Commons,Assistant Whip (HM Treasury),2012-09-06,2013-10-07,396.0,,,Conservative,David Cameron,https://id.parliament.uk/PHtNfRSA,4110
Owen,Paterson,Commons,"Secretary of State for Environment, Food and Rural Affairs",2012-09-06,2014-07-15,677.0,,,Conservative,David Cameron,https://id.parliament.uk/5bLfMuWV,274
Jonathan,Marland,Lords,"Parliamentary Under-Secretary (Department for Business, Innovation and Skills) (Intellectual Property)",2012-09-06,2013-01-09,125.0,,,Conservative,David Cameron,https://id.parliament.uk/uk40oRXW,3797
Chloe,Smith,Commons,Parliamentary Secretary (Cabinet Office),2012-09-06,2013-10-07,396.0,,,Conservative,David Cameron,https://id.parliament.uk/trjrjVxb,1609
Justine,Greening,Commons,Secretary of State for International Development,2012-09-06,2016-07-14,1407.0,,,Conservative,David Cameron,https://id.parliament.uk/1CRqwuTp,1555
David,Jones,Commons,Secretary of State for Wales,2012-09-06,2014-07-15,677.0,,,Conservative,David Cameron,https://id.parliament.uk/wr73COQ7,1502
Damian,Green,Commons,Minister of State (Home Office) (Policing) (Jointly with the Ministry of Justice),2012-09-06,2014-07-15,677.0,,,Conservative,David Cameron,https://id.parliament.uk/72qlmbBV,76
Damian,Green,Commons,Minister of State (Ministry of Justice) (jointly with Home Office),2012-09-06,2014-07-15,677.0,,,Conservative,David Cameron,https://id.parliament.uk/72qlmbBV,76
Chris,Grayling,Commons,Lord Chancellor and Secretary of State for Justice,2012-09-06,2015-05-08,974.0,,,Conservative,David Cameron,https://id.parliament.uk/nfMorZ5b,1413
Sandip,Verma,Lords,Parliamentary Under-Secretary (Department of Energy and Climate Change),2012-09-06,2015-05-07,973.0,,,Conservative,David Cameron,https://id.parliament.uk/QdTpvoeQ,3790
Rupert,Ponsonby,Lords,"Parliamentary Under-Secretary (Department for Environment, Food and Rural Affairs)",2012-09-06,2015-05-07,973.0,,,Conservative,David Cameron,https://id.parliament.uk/YquXSHbU,2202
Nicky,Morgan,Commons,Assistant Whip (HM Treasury),2012-09-06,2013-10-07,396.0,,,Conservative,David Cameron,https://id.parliament.uk/ezWd6JpS,4027
John,Hayes,Commons,Minister of State (Department of Energy and Climate Change),2012-09-06,2013-03-27,202.0,,,Conservative,David Cameron,https://id.parliament.uk/yzH3vz6B,350
Tina,Stowell,Lords,Lords Spokesperson (Women & Equalities),2012-09-06,2013-10-07,396.0,,,Conservative,David Cameron,https://id.parliament.uk/5pQCEL5f,4205
Elizabeth,Truss,Commons,Parliamentary Under-Secretary (Department for Education),2012-09-06,2014-07-15,677.0,,,Conservative,David Cameron,https://id.parliament.uk/dQvfKfAo,4097
Robert,Goodwill,Commons,Lord Commissioner (HM Treasury) (Whip),2012-09-06,2013-10-07,396.0,,,Conservative,David Cameron,https://id.parliament.uk/tXbYU8RO,1562
Jo,Johnson,Commons,Assistant Whip (HM Treasury),2012-09-06,2014-07-15,677.0,,,Conservative,David Cameron,https://id.parliament.uk/0ZbA7k1o,4039
Kenneth,Clarke,Commons,Minister without Portfolio (Cabinet Office),2012-09-06,2014-07-14,676.0,,,Conservative,David Cameron,https://id.parliament.uk/TyNGhslR,366
Desmond,Swayne,Commons,Lord Commissioner (HM Treasury) (Whip),2012-09-06,2013-10-07,396.0,,,Conservative,David Cameron,https://id.parliament.uk/QBbCtRZ8,55
Jeremy,Browne,Commons,Minister of State (Home Office),2012-09-06,2013-10-07,396.0,,,Liberal Democrat,David Cameron,https://id.parliament.uk/buxBEP0l,1575
Tina,Stowell,Lords,Lords Spokesperson (Department for Work and Pensions),2012-09-06,2013-10-07,396.0,,,Conservative,David Cameron,https://id.parliament.uk/5pQCEL5f,4205
Donald,Foster,Commons,Parliamentary Under-Secretary (Department for Communities and Local Government),2012-09-06,2013-10-07,396.0,,,Liberal Democrat,David Cameron,https://id.parliament.uk/LVeiZj2V,214
Helen,Grant,Commons,"Parliamentary Under-Secretary (Ministry of Justice) (Jointly with the Department for Culture, Media and Sport)",2012-09-06,2013-10-07,396.0,,,Conservative,David Cameron,https://id.parliament.uk/VEWeBMhO,4018
Hugh,Robertson,Commons,"Minister of State (Department for Culture, Media and Sport)",2012-09-06,2013-10-07,396.0,,,Conservative,David Cameron,https://id.parliament.uk/5hu1lRiN,1415
Gregory,Clark,Commons,Financial Secretary (HM Treasury),2012-09-06,2013-10-07,396.0,,,Conservative,David Cameron,https://id.parliament.uk/jqlCAgYA,1578
Oliver,Heald,Commons,Solicitor General (Attorney General's Office),2012-09-06,2014-07-15,677.0,,,Conservative,David Cameron,https://id.parliament.uk/2FHDd6DL,69
Matthew,Hancock,Commons,"Parliamentary Under-Secretary (Department for Business, Innovation and Skills)",2012-09-06,2013-10-07,396.0,,,Conservative,David Cameron,https://id.parliament.uk/JgAyn8BZ,4070
Theresa,Villiers,Commons,Secretary of State for Northern Ireland,2012-09-06,2016-07-14,1407.0,,,Conservative,David Cameron,https://id.parliament.uk/nxNQZEuc,1500
Jeremy,Wright,Commons,Parliamentary Under-Secretary (Ministry of Justice),2012-09-06,2014-07-15,677.0,,,Conservative,David Cameron,https://id.parliament.uk/dcfUDdFC,1560
Mark,Simmonds,Commons,Parliamentary Under-Secretary (Foreign and Commonwealth Office),2012-09-06,2014-08-11,704.0,,,Conservative,David Cameron,https://id.parliament.uk/HlOD76Pv,1393
Michael,Penning,Commons,Minister of State (Northern Ireland Office),2012-09-06,2013-10-07,396.0,,,Conservative,David Cameron,https://id.parliament.uk/1AspMgzb,1528
Jennifer,Willott,Commons,Assistant Whip (HM Treasury),2012-09-06,2014-11-04,789.0,,,Liberal Democrat,David Cameron,https://id.parliament.uk/zM9KPCjK,1497
Nicholas,Boles,Commons,Parliamentary Under-Secretary (Department for Communities and Local Government) (Planning),2012-09-06,2014-07-15,677.0,,,Conservative,David Cameron,https://id.parliament.uk/d1YnbkHy,3995
Jennifer,Randerson,Lords,Parliamentary Under-Secretary (Wales Office),2012-09-06,2015-05-07,973.0,,,Liberal Democrat,David Cameron,https://id.parliament.uk/WfMpdObA,4230
Mark,Harper,Commons,Minister of State (Home Office) (Immigration),2012-09-06,2014-02-08,520.0,,,Conservative,David Cameron,https://id.parliament.uk/psgM7FBk,1520
Stephen,Crabb,Commons,Parliamentary Under-Secretary (Wales Office) (Jointly as a paid Lord Commissioner of HM Treasury (Whip) - House of Commons),2012-09-06,2014-07-15,677.0,,,Conservative,David Cameron,https://id.parliament.uk/CruBwppn,1554
Mark,Francois,Commons,Minister of State (Ministry of Defence),2012-09-06,2015-05-08,974.0,,,Conservative,David Cameron,https://id.parliament.uk/61TcZWOM,1444
Stephen,Crabb,Commons,Lord Commissioner (HM Treasury) (Whip) (Jointly as unpaid Parliamentary Under Secretary of State at the Wales Office),2012-09-06,2014-07-15,677.0,,,Conservative,David Cameron,https://id.parliament.uk/CruBwppn,1554
Jeremy,Hunt,Commons,Secretary of State for Health,2012-09-06,2018-01-08,1950.0,,,Conservative,David Cameron,https://id.parliament.uk/x6FOPcns,1572
Joanne,Swinson,Commons,"Parliamentary Under-Secretary of State (Culture, Media and Sport) (Women and Equalities) (jointly with the Department for Business, Innovation and Skills)",2012-09-06,2013-12-20,470.0,,,Liberal Democrat,David Cameron,https://id.parliament.uk/riumJBCR,1513
Sajid,Javid,Commons,Economic Secretary (HM Treasury),2012-09-06,2013-10-07,396.0,,,Conservative,David Cameron,https://id.parliament.uk/YHylN7q7,3945
Andrew,Murrison,Commons,Parliamentary Under-Secretary (Ministry of Defence),2012-09-06,2014-07-15,677.0,,,Conservative,David Cameron,https://id.parliament.uk/4CBJjeUo,1466
Esther,McVey,Commons,Parliamentary Under-Secretary (Department for Work and Pensions),2012-09-06,2013-10-07,396.0,,,Conservative,David Cameron,https://id.parliament.uk/Hxki00jc,4084
David,Heath,Commons,"Minister of State (Department for Environment, Food and Rural Affairs)",2012-09-06,2013-10-07,396.0,,,Liberal Democrat,David Cameron,https://id.parliament.uk/l7xvU5Hj,255
Patrick,McLoughlin,Commons,Secretary of State for Transport,2012-09-06,2016-07-14,1407.0,,,Conservative,David Cameron,https://id.parliament.uk/LZDZjBO2,333
Anna,Soubry,Commons,Parliamentary Under-Secretary (Department of Health),2012-09-06,2013-10-07,396.0,,,Conservative,David Cameron,https://id.parliament.uk/O5VZDUCQ,3938
Matthew,Hancock,Commons,"Parliamentary Under-Secretary (Department for Education) (Jointly with the Department for Business, Innovation and Skills)",2012-09-06,2013-10-07,396.0,,,Conservative,David Cameron,https://id.parliament.uk/JgAyn8BZ,4070
Maria,Miller,Commons,Minister for Women and Equalities,2012-10-15,2014-04-09,541.0,,,Conservative,David Cameron,https://id.parliament.uk/RbRrvzGa,1480
George,Young,Commons,Parliamentary Secretary to the Treasury and Chief Whip,2012-10-19,2014-07-15,634.0,,,Conservative,David Cameron,https://id.parliament.uk/9mJigEyv,57
Jennifer,Randerson,Lords,Lords Spokesperson (Northern Ireland Office),2012-11-02,2015-05-07,916.0,,,Liberal Democrat,David Cameron,https://id.parliament.uk/WfMpdObA,4230
Paul,Deighton,Lords,Commercial Secretary (HM Treasury),2013-01-01,2015-05-07,856.0,,,Conservative,David Cameron,https://id.parliament.uk/sNyjqKLH,4262
Jonathan,Hopkin,Lords,Leader of the House of Lords and Chancellor of the Duchy of Lancaster,2013-01-07,2014-07-15,554.0,,,Conservative,David Cameron,https://id.parliament.uk/b97lk5LP,4144
James,Younger,Lords,"Parliamentary Under-Secretary (Department for Business, Innovation and Skills) (Intellectual Property)",2013-01-09,2014-07-17,554.0,,,Conservative,David Cameron,https://id.parliament.uk/pL1nOvPY,4169
John,Gardiner,Lords,"Lords Spokesperson (Department for Culture, Media and Sport)",2013-01-09,2015-05-07,848.0,,,Conservative,David Cameron,https://id.parliament.uk/P6l9F4rP,4161
Dolar,Popat,Lords,Lord in Waiting (HM Household) (Whip),2013-01-09,2015-05-07,848.0,,,Conservative,David Cameron,https://id.parliament.uk/yEyvG6rw,4173
John,Nash,Lords,Parliamentary Under-Secretary (Department for Education),2013-01-21,2017-09-28,1711.0,,,Conservative,David Cameron,https://id.parliament.uk/p8iPZphb,4270
Michael,Fallon,Commons,"Minister of State (Department of Energy and Climate Change) (Jointly with Department for Business, Innovation and Skills)",2013-03-28,2014-07-15,474.0,,,Conservative,David Cameron,https://id.parliament.uk/5vldGphZ,88
John,Hayes,Commons,Minister without Portfolio (Cabinet Office),2013-03-28,2014-07-15,474.0,,,Conservative,David Cameron,https://id.parliament.uk/yzH3vz6B,350
Michael,Fallon,Commons,"Minister of State (Department for Business, Innovation and Skills) (Jointly with Department of Energy and Climate Change)",2013-03-28,2014-07-15,474.0,,,Conservative,David Cameron,https://id.parliament.uk/5vldGphZ,88
Jo,Johnson,Commons,Parliamentary Secretary (Cabinet Office) (Head of the Number 10 Policy Unit),2013-04-25,2014-07-15,446.0,,,Conservative,David Cameron,https://id.parliament.uk/0ZbA7k1o,4039
Esther,McVey,Commons,Minister of State (Department for Work and Pensions),2013-10-07,2014-07-15,281.0,,,Conservative,David Cameron,https://id.parliament.uk/Hxki00jc,4084
Desmond,Swayne,Commons,"Vice Chamberlain (HM Household) (Whip, House of Commons)",2013-10-07,2014-07-15,281.0,,,Conservative,David Cameron,https://id.parliament.uk/QBbCtRZ8,55
Samuel,Gyimah,Commons,Lord Commissioner (HM Treasury) (Whip),2013-10-07,2014-07-15,281.0,,,Conservative,David Cameron,https://id.parliament.uk/WapfNXOe,3980
Daniel,Rogerson,Commons,"Parliamentary Under-Secretary (Department for Environment, Food and Rural Affairs)",2013-10-07,2015-05-08,578.0,,,Liberal Democrat,David Cameron,https://id.parliament.uk/a12xpRjA,1504
Andrew,Robathan,Commons,Minister of State (Northern Ireland Office),2013-10-07,2014-07-15,281.0,,,Conservative,David Cameron,https://id.parliament.uk/oz9rAIcJ,334
Shailesh,Vara,Commons,Parliamentary Under-Secretary (Ministry of Justice),2013-10-07,2016-07-18,1015.0,,,Conservative,David Cameron,https://id.parliament.uk/Uj24yw4q,1496
Sajid,Javid,Commons,Financial Secretary (HM Treasury),2013-10-07,2014-04-09,184.0,,,Conservative,David Cameron,https://id.parliament.uk/YHylN7q7,3945
Norman,Baker,Commons,Minister of State (Home Office),2013-10-07,2014-11-04,393.0,,,Liberal Democrat,David Cameron,https://id.parliament.uk/zfV7nFP8,28
Amber,Rudd,Commons,Assistant Whip (HM Treasury),2013-10-07,2014-07-15,281.0,,,Conservative,David Cameron,https://id.parliament.uk/sSNJW42u,3983
Michael,Penning,Commons,Minister of State (Department for Work and Pensions),2013-10-07,2014-07-15,281.0,,,Conservative,David Cameron,https://id.parliament.uk/1AspMgzb,1528
Stephen,Williams,Commons,Parliamentary Under-Secretary (Department for Communities and Local Government),2013-10-07,2015-05-08,578.0,,,Liberal Democrat,David Cameron,https://id.parliament.uk/0EtXOKDD,1492
John,Penrose,Commons,Assistant Whip (HM Treasury),2013-10-07,2014-02-08,124.0,,,Conservative,David Cameron,https://id.parliament.uk/JJ3Ox3Vn,1584
Alistair,Carmichael,Commons,Secretary of State for Scotland,2013-10-07,2015-05-08,578.0,,,Liberal Democrat,David Cameron,https://id.parliament.uk/VWwjNZay,1442
Matthew,Hancock,Commons,"Minister of State (Department for Education) (Jointly with the Department for Business, Innovation and Skills)",2013-10-07,2014-07-15,281.0,,,Conservative,David Cameron,https://id.parliament.uk/JgAyn8BZ,4070
Anna,Soubry,Commons,Parliamentary Under-Secretary (Ministry of Defence),2013-10-07,2014-07-15,281.0,,,Conservative,David Cameron,https://id.parliament.uk/O5VZDUCQ,3938
Matthew,Hancock,Commons,"Minister of State (Department for Business, Innovation and Skills) (Jointly with the Department for Education)",2013-10-07,2014-07-15,281.0,,,Conservative,David Cameron,https://id.parliament.uk/JgAyn8BZ,4070
Gregory,Hands,Commons,"Treasurer of HM Household (Deputy Chief Whip, House of Commons)",2013-10-07,2015-05-08,578.0,,,Conservative,David Cameron,https://id.parliament.uk/7Tsbxzkf,1526
Michael,Bates,Lords,Lords Spokesperson (Department for Work and Pensions),2013-10-07,2014-08-06,303.0,,,Conservative,David Cameron,https://id.parliament.uk/BZvoqdyu,1091
Michael,Bates,Lords,Lord in Waiting (HM Household) (Whip),2013-10-07,2014-08-06,303.0,,,Conservative,David Cameron,https://id.parliament.uk/BZvoqdyu,1091
Donald,Foster,Commons,"Comptroller (HM Household) (Deputy Chief Whip, House of Commons)",2013-10-07,2015-05-08,578.0,,,Liberal Democrat,David Cameron,https://id.parliament.uk/LVeiZj2V,214
Claire,Perry,Commons,Assistant Whip (HM Treasury),2013-10-07,2014-07-15,281.0,,,Conservative,David Cameron,https://id.parliament.uk/3BxUtAOr,3974
Hugh,Robertson,Commons,Minister of State (Foreign and Commonwealth Office),2013-10-07,2014-07-15,281.0,,,Conservative,David Cameron,https://id.parliament.uk/5hu1lRiN,1415
Gregory,Clark,Commons,Minister of State (Cabinet Office),2013-10-07,2015-03-30,539.0,,,Conservative,David Cameron,https://id.parliament.uk/jqlCAgYA,1578
Jane,Ellison,Commons,Parliamentary Under-Secretary (Department of Health),2013-10-07,2016-07-15,1012.0,,,Conservative,David Cameron,https://id.parliament.uk/lnhtzHcA,3918
Kris,Hopkins,Commons,Parliamentary Under-Secretary (Department for Communities and Local Government),2013-10-07,2015-05-13,583.0,,,Conservative,David Cameron,https://id.parliament.uk/b1tl7GaP,4043
Robert,Goodwill,Commons,Parliamentary Under-Secretary (Department for Transport),2013-10-07,2016-07-15,1012.0,,,Conservative,David Cameron,https://id.parliament.uk/tXbYU8RO,1562
Karen,Bradley,Commons,Lord Commissioner (HM Treasury) (Whip),2013-10-07,2014-02-08,124.0,,,Conservative,David Cameron,https://id.parliament.uk/PHtNfRSA,4110
Judith,Jolly,Lords,Baroness in Waiting (HM Household) (Whip),2013-10-07,2015-05-07,577.0,,,Liberal Democrat,David Cameron,https://id.parliament.uk/3yqnHQL9,4203
Gavin,Barwell,Commons,Assistant Whip (HM Treasury),2013-10-07,2014-07-15,281.0,,,Conservative,David Cameron,https://id.parliament.uk/3eQ48RSt,3955
Charles,Eustice,Commons,"Parliamentary Under-Secretary (Department for Environment, Food and Rural Affairs)",2013-10-07,2015-05-08,578.0,,,Conservative,David Cameron,https://id.parliament.uk/NX45aKYz,3934
Tina,Stowell,Lords,Parliamentary Under-Secretary (Department for Communities and Local Government),2013-10-07,2014-07-15,281.0,,,Conservative,David Cameron,https://id.parliament.uk/5pQCEL5f,4205
Helen,Grant,Commons,"Parliamentary Under-Secretary (Department for Culture, Media and Sport)",2013-10-07,2015-03-30,539.0,,,Conservative,David Cameron,https://id.parliament.uk/VEWeBMhO,4018
Nicky,Morgan,Commons,Economic Secretary (HM Treasury),2013-10-07,2014-04-09,184.0,,,Conservative,David Cameron,https://id.parliament.uk/ezWd6JpS,4027
Susan,Kramer,Lords,Minister of State (Department for Transport),2013-10-07,2015-05-07,577.0,,,Liberal Democrat,David Cameron,https://id.parliament.uk/8lF1xW3S,1557
Lindsay,Granshaw,Lords,Lords Spokesperson (Women & Equalities),2013-10-07,2014-11-05,394.0,,,Liberal Democrat,David Cameron,https://id.parliament.uk/7YD9qsIc,2539
Tariq,Ahmad,Lords,"Lords Spokesperson (Department of Business, Innovation and Skills)",2013-10-07,2014-07-15,281.0,,,Conservative,David Cameron,https://id.parliament.uk/ay1P3rz4,4210
James,Wallace,Lords,Deputy Leader of the House of Lords,2013-10-15,2015-05-07,569.0,,,Liberal Democrat,David Cameron,https://id.parliament.uk/SVi9opsI,630
Ian,Livingston,Lords,"Minister of State (Department for Business, Innovation and Skills) (Trade and Investment)",2013-12-10,2015-05-07,513.0,,,Conservative,David Cameron,https://id.parliament.uk/w5fXXhgZ,4278
Ian,Livingston,Lords,Minister of State (Foreign and Commonwealth Office) (Trade and Investment),2013-12-10,2015-05-07,513.0,,,Conservative,David Cameron,https://id.parliament.uk/w5fXXhgZ,4278
Simon,Hughes,Commons,Minister of State (Ministry of Justice),2013-12-18,2015-05-08,506.0,,,Liberal Democrat,David Cameron,https://id.parliament.uk/M17rz3c8,194
Jennifer,Willott,Commons,"Parliamentary Under-Secretary (Department for Business, Innovation and Skills) (Employment Relations, Consumer and Postal Affairs)",2013-12-20,2014-06-30,192.0,,,Liberal Democrat,David Cameron,https://id.parliament.uk/zM9KPCjK,1497
Jennifer,Willott,Commons,"Parliamentary Under-Secretary of State (Culture, Media and Sport) (Women and Equalities) (jointly with the Department for Business, Innovation and Skills)",2013-12-20,2014-06-30,192.0,,,Liberal Democrat,David Cameron,https://id.parliament.uk/zM9KPCjK,1497
Michael,Fallon,Commons,Minister of State for Portsmouth,2014-01-16,2014-07-15,180.0,,,Conservative,David Cameron,https://id.parliament.uk/5vldGphZ,88
Edward,Faulks,Lords,Minister of State (Ministry of Justice),2014-01-20,2016-07-18,910.0,,,Conservative,David Cameron,https://id.parliament.uk/2zvhr61A,4183
John,Penrose,Commons,Lord Commissioner (HM Treasury) (Whip),2014-02-08,2016-07-17,890.0,,,Conservative,David Cameron,https://id.parliament.uk/JJ3Ox3Vn,1584
Harriett,Baldwin,Commons,Assistant Whip (HM Treasury),2014-02-08,2014-07-15,157.0,,,Conservative,David Cameron,https://id.parliament.uk/2LUJUXE2,4107
James,Brokenshire,Commons,Minister of State (Home Office) (Security and Immigration),2014-02-08,2016-07-14,887.0,,,Conservative,David Cameron,https://id.parliament.uk/HENgq022,1530
Karen,Bradley,Commons,Parliamentary Under-Secretary (Home Office),2014-02-08,2016-07-14,887.0,,,Conservative,David Cameron,https://id.parliament.uk/PHtNfRSA,4110
Susan,Williams,Lords,Baroness in Waiting (HM Household) (Whip),2014-04-08,2015-05-07,394.0,,,Conservative,David Cameron,https://id.parliament.uk/9euzXdH0,4311
Sajid,Javid,Commons,"Secretary of State for Culture, Media and Sport",2014-04-09,2015-05-08,394.0,,,Conservative,David Cameron,https://id.parliament.uk/YHylN7q7,3945
Sajid,Javid,Commons,Minister for Equality,2014-04-09,2014-07-15,97.0,,,Conservative,David Cameron,https://id.parliament.uk/YHylN7q7,3945
Andrea,Leadsom,Commons,Economic Secretary (HM Treasury),2014-04-09,2015-05-08,394.0,,,Conservative,David Cameron,https://id.parliament.uk/V37kYFxZ,4117
Nicky,Morgan,Commons,Financial Secretary (HM Treasury),2014-04-09,2014-07-15,97.0,,,Conservative,David Cameron,https://id.parliament.uk/ezWd6JpS,4027
Nicky,Morgan,Commons,Minister for Women,2014-04-09,2014-07-15,97.0,,,Conservative,David Cameron,https://id.parliament.uk/ezWd6JpS,4027
Joanne,Swinson,Commons,Parliamentary Under-Secretary of State (Department for Education) (Women and Equalities),2014-06-30,2015-05-08,312.0,,,Liberal Democrat,David Cameron,https://id.parliament.uk/riumJBCR,1513
Joanne,Swinson,Commons,"Parliamentary Under-Secretary (Department for Business, Innovation and Skills) (Employment Relations, Consumer and Postal Affairs)",2014-06-30,2015-05-08,312.0,,,Liberal Democrat,David Cameron,https://id.parliament.uk/riumJBCR,1513
Andrew,Selous,Commons,Parliamentary Under-Secretary (Ministry of Justice),2014-07-15,2016-07-17,733.0,,,Conservative,David Cameron,https://id.parliament.uk/gbVUB0EV,1453
Anna,Soubry,Commons,Minister of State (Ministry of Defence),2014-07-15,2015-05-08,297.0,,,Conservative,David Cameron,https://id.parliament.uk/O5VZDUCQ,3938
Desmond,Swayne,Commons,Minister of State (Department for International Development),2014-07-15,2016-07-17,733.0,,,Conservative,David Cameron,https://id.parliament.uk/QBbCtRZ8,55
Melvyn,Stride,Commons,Assistant Whip (HM Treasury),2014-07-15,2015-03-30,258.0,,,Conservative,David Cameron,https://id.parliament.uk/dEAJKHTK,3935
Amber,Rudd,Commons,Parliamentary Under-Secretary (Department of Energy and Climate Change),2014-07-15,2015-05-08,297.0,,,Conservative,David Cameron,https://id.parliament.uk/sSNJW42u,3983
Oliver,Letwin,Commons,Minister for Government Policy and Chancellor of the Duchy of Lancaster,2014-07-15,2016-07-14,730.0,,,Conservative,David Cameron,https://id.parliament.uk/X8QiVAam,247
George,Freeman,Commons,Parliamentary Under-Secretary (Department of Health),2014-07-15,2016-07-17,733.0,,,Conservative,David Cameron,https://id.parliament.uk/1ngZMeUR,4020
Thomas,Ashton,Lords,Lord in Waiting (HM Household) (Whip),2014-07-15,2017-06-20,1071.0,,,Conservative,David Cameron,https://id.parliament.uk/QppbmtaE,4247
George,Freeman,Commons,"Parliamentary Under-Secretary (Department for Business, Innovation and Skills)",2014-07-15,2016-07-17,733.0,,,Conservative,David Cameron,https://id.parliament.uk/1ngZMeUR,4020
Damian,Hinds,Commons,Assistant Whip (HM Treasury),2014-07-15,2015-03-30,258.0,,,Conservative,David Cameron,https://id.parliament.uk/3KZvvnyo,3969
David,Gauke,Commons,Financial Secretary (HM Treasury),2014-07-15,2016-07-14,730.0,,,Conservative,David Cameron,https://id.parliament.uk/iavMcgms,1529
Nicolas,Gibb,Commons,Minister of State (Education),2014-07-15,2021-09-15,2619.0,,,Conservative,David Cameron,https://id.parliament.uk/r0QLf2Xa,111
Robert,Buckland,Commons,Solicitor General (Attorney General's Office),2014-07-15,2019-05-09,1759.0,,,Conservative,David Cameron,https://id.parliament.uk/OcLvTDR4,4106
Michael,Gove,Commons,Parliamentary Secretary to the Treasury and Chief Whip,2014-07-15,2015-05-08,297.0,,,Conservative,David Cameron,https://id.parliament.uk/0K7kX33I,1571
Brandon,Lewis,Commons,Minister of State (Communities and Local Government),2014-07-15,2016-07-15,731.0,,,Conservative,David Cameron,https://id.parliament.uk/C91rcqgY,4009
Therese,Coffey,Commons,Assistant Whip (HM Treasury),2014-07-15,2015-05-08,297.0,,,Conservative,David Cameron,https://id.parliament.uk/wsMvuOfh,4098
Julian,Brazier,Commons,Parliamentary Under-Secretary (Ministry of Defence),2014-07-15,2016-07-17,733.0,,,Conservative,David Cameron,https://id.parliament.uk/8OSk32zz,77
Matthew,Hancock,Commons,Minister of State for Portsmouth,2014-07-15,2015-05-08,297.0,,,Conservative,David Cameron,https://id.parliament.uk/JgAyn8BZ,4070
Samuel,Gyimah,Commons,Parliamentary Secretary (Cabinet Office),2014-07-15,2015-03-30,258.0,,,Conservative,David Cameron,https://id.parliament.uk/WapfNXOe,3980
Brooks,Newmark,Commons,Parliamentary Secretary (Cabinet Office),2014-07-15,2014-09-27,74.0,,,Conservative,David Cameron,https://id.parliament.uk/99tlDUfR,1488
Edward,Vaizey,Commons,"Minister of State for Culture and the Digital Economy (Jointly with Department for Business, Innovation and Skills)",2014-07-15,2016-07-15,731.0,,,Conservative,David Cameron,https://id.parliament.uk/941ee6DS,1580
Edward,Vaizey,Commons,Minister of State for Culture and the Digital Economy (Jointly with Department for Culture Media and Sport),2014-07-15,2016-07-15,731.0,,,Conservative,David Cameron,https://id.parliament.uk/941ee6DS,1580
Andrew,Murrison,Commons,Parliamentary Under-Secretary (Northern Ireland Office),2014-07-15,2015-03-30,258.0,,,Conservative,David Cameron,https://id.parliament.uk/4CBJjeUo,1466
Samuel,Gyimah,Commons,Parliamentary Under-Secretary (Department for Education),2014-07-15,2016-07-17,733.0,,,Conservative,David Cameron,https://id.parliament.uk/WapfNXOe,3980
Philip,Hammond,Commons,Secretary of State for Foreign and Commonwealth Affairs,2014-07-15,2016-07-13,729.0,,,Conservative,David Cameron,https://id.parliament.uk/pkigvNdY,105
Nicholas,Boles,Commons,"Minister of State (Department for Education) (Jointly with the Department for Business, Innovation and Skills)",2014-07-15,2016-07-13,729.0,,,Conservative,David Cameron,https://id.parliament.uk/d1YnbkHy,3995
Nicholas,Boles,Commons,"Minister of State (Department for Business, Innovation and Skills) (Jointly with the Department for Education)",2014-07-15,2016-07-13,729.0,,,Conservative,David Cameron,https://id.parliament.uk/d1YnbkHy,3995
John,Hayes,Commons,Minister of State (Department for Transport),2014-07-15,2015-05-08,297.0,,,Conservative,David Cameron,https://id.parliament.uk/yzH3vz6B,350
William,Hague,Commons,First Secretary of State and Leader of the House of Commons,2014-07-15,2015-05-08,297.0,,,Conservative,David Cameron,https://id.parliament.uk/rEpJPeh9,379
Nicky,Morgan,Commons,Secretary of State for Education,2014-07-15,2016-07-13,729.0,,,Conservative,David Cameron,https://id.parliament.uk/ezWd6JpS,4027
Nicky,Morgan,Commons,Minister for Women and Equalities,2014-07-15,2016-07-13,729.0,,,Conservative,David Cameron,https://id.parliament.uk/ezWd6JpS,4027
Jo,Johnson,Commons,Minister of State (Cabinet Office) (Head of the Number 10 Policy Unit),2014-07-15,2015-05-08,297.0,,,Conservative,David Cameron,https://id.parliament.uk/0ZbA7k1o,4039
Penelope,Mordaunt,Commons,Parliamentary Under-Secretary (Department for Communities and Local Government),2014-07-15,2015-05-08,297.0,,,Conservative,David Cameron,https://id.parliament.uk/RMNQDZri,4017
Stephen,Crabb,Commons,Secretary of State for Wales,2014-07-15,2016-03-19,613.0,,,Conservative,David Cameron,https://id.parliament.uk/CruBwppn,1554
Elizabeth,Truss,Commons,"Secretary of State for Environment, Food and Rural Affairs",2014-07-15,2016-07-14,730.0,,,Conservative,David Cameron,https://id.parliament.uk/dQvfKfAo,4097
Tina,Stowell,Lords,Leader of the House of Lords and Lord Privy Seal,2014-07-15,2016-07-14,730.0,,,Conservative,David Cameron,https://id.parliament.uk/5pQCEL5f,4205
Anne,Milton,Commons,"Vice Chamberlain (HM Household) (Whip, House of Commons)",2014-07-15,2015-05-08,297.0,,,Conservative,David Cameron,https://id.parliament.uk/A0LvTNMZ,1523
Michael,Fallon,Commons,Secretary of State for Defence,2014-07-15,2017-11-01,1205.0,,,Conservative,David Cameron,https://id.parliament.uk/5vldGphZ,88
Gavin,Barwell,Commons,Lord Commissioner (HM Treasury) (Whip),2014-07-15,2015-05-13,302.0,,,Conservative,David Cameron,https://id.parliament.uk/3eQ48RSt,3955
Mark,Harper,Commons,Minister of State (Department for Work and Pensions) (Disabled People),2014-07-15,2015-05-08,297.0,,,Conservative,David Cameron,https://id.parliament.uk/psgM7FBk,1520
Tobias,Ellwood,Commons,Parliamentary Under-Secretary (Foreign and Commonwealth Office),2014-07-15,2017-06-14,1065.0,,,Conservative,David Cameron,https://id.parliament.uk/lcCpkkJg,1487
Matthew,Hancock,Commons,"Minister of State (Department for Business, Innovation and Skills)",2014-07-15,2015-03-30,258.0,,,Conservative,David Cameron,https://id.parliament.uk/JgAyn8BZ,4070
Jeremy,Wright,Commons,Attorney General,2014-07-15,2018-07-09,1455.0,,,Conservative,David Cameron,https://id.parliament.uk/dcfUDdFC,1560
Gregory,Clark,Commons,"Minister of State (Department for Business, Innovation and Skills) (Universities and Science)",2014-07-15,2015-05-08,297.0,,,Conservative,David Cameron,https://id.parliament.uk/jqlCAgYA,1578
Claire,Perry,Commons,Parliamentary Under-Secretary (Department for Transport),2014-07-15,2016-07-15,731.0,,,Conservative,David Cameron,https://id.parliament.uk/3BxUtAOr,3974
Harriett,Baldwin,Commons,Lord Commissioner (HM Treasury) (Whip),2014-07-15,2015-05-08,297.0,,,Conservative,David Cameron,https://id.parliament.uk/2LUJUXE2,4107
Esther,McVey,Commons,Minister of State (Department for Work and Pensions) (Cabinet),2014-07-15,2015-03-30,258.0,,,Conservative,David Cameron,https://id.parliament.uk/Hxki00jc,4084
Robert,Wallace,Commons,Assistant Whip (HM Treasury),2014-07-15,2015-05-08,297.0,,,Conservative,David Cameron,https://id.parliament.uk/5BbmGpsu,1539
Michael,Penning,Commons,Minister of State (Ministry of Justice),2014-07-15,2016-07-15,731.0,,,Conservative,David Cameron,https://id.parliament.uk/1AspMgzb,1528
Michael,Penning,Commons,Minister of State (Home Office),2014-07-15,2016-07-15,731.0,,,Conservative,David Cameron,https://id.parliament.uk/1AspMgzb,1528
Alun,Cairns,Commons,Lord Commissioner (HM Treasury) (Whip),2014-07-15,2016-03-19,613.0,,,Conservative,David Cameron,https://id.parliament.uk/zHsMDBBt,4086
Alun,Cairns,Commons,Parliamentary Under-Secretary (Wales Office),2014-07-15,2016-03-19,613.0,,,Conservative,David Cameron,https://id.parliament.uk/zHsMDBBt,4086
Matthew,Hancock,Commons,Minister of State (Department of Energy and Climate Change),2014-07-15,2015-03-30,258.0,,,Conservative,David Cameron,https://id.parliament.uk/JgAyn8BZ,4070
Priti,Patel,Commons,Exchequer Secretary (HM Treasury),2014-07-15,2015-05-08,297.0,,,Conservative,David Cameron,https://id.parliament.uk/nr4Qap3S,4066
Tariq,Ahmad,Lords,Parliamentary Under-Secretary (Department for Communities and Local Government),2014-07-15,2015-05-07,296.0,,,Conservative,David Cameron,https://id.parliament.uk/ay1P3rz4,4210
Lucy,Neville-Rolfe,Lords,"Parliamentary Under-Secretary (Department for Business, Innovation and Skills) (Intellectual Property)",2014-07-17,2016-07-17,731.0,,,Conservative,David Cameron,https://id.parliament.uk/zqao7Ovw,4284
John,Taylor,Lords,"Captain of the Honourable Corps of Gentlemen-at-Arms (HM Household) (Chief Whip, House of Lords)",2014-08-06,2019-07-26,1815.0,,,Conservative,David Cameron,https://id.parliament.uk/rJz60OWT,3787
Joyce,Anelay,Lords,Minister of State (Foreign and Commonwealth Office),2014-08-06,2017-06-13,1042.0,,,Conservative,David Cameron,https://id.parliament.uk/6uKzYpoj,3474
Eric,Pickles,Commons,Minister for Faith,2014-08-06,2015-03-30,236.0,,,Conservative,David Cameron,https://id.parliament.uk/usNZNEl8,33
Michael,Bates,Lords,Parliamentary Under-Secretary (Home Office),2014-08-06,2015-05-07,274.0,,,Conservative,David Cameron,https://id.parliament.uk/BZvoqdyu,1091
James,Duddridge,Commons,Parliamentary Under-Secretary (Foreign and Commonwealth Office),2014-08-11,2016-07-17,706.0,,,Conservative,David Cameron,https://id.parliament.uk/uDZzgmxr,1559
Nicholas,Bourne,Lords,Lord in Waiting (HM Household) (Whip),2014-08-13,2016-07-17,704.0,,,Conservative,David Cameron,https://id.parliament.uk/bEIsPDd1,4282
Susan,Williams,Lords,"Lords Spokesperson (Department of Business, Innovation and Skills)",2014-09-10,2015-05-07,239.0,,,Conservative,David Cameron,https://id.parliament.uk/9euzXdH0,4311
Robert,Wilson,Commons,Parliamentary Secretary (Cabinet Office),2014-09-27,2016-07-17,659.0,,,Conservative,David Cameron,https://id.parliament.uk/huWf28V3,1556
Thomas,Brake,Commons,Assistant Whip (HM Treasury),2014-11-04,2015-05-08,185.0,,,Liberal Democrat,David Cameron,https://id.parliament.uk/SnLVQeMi,151
Susan,Garden,Lords,Baroness in Waiting (HM Household) (Whip),2014-11-04,2015-05-07,184.0,,,Liberal Democrat,David Cameron,https://id.parliament.uk/cwZcRmjT,3842
Lorely,Burt,Commons,Assistant Whip (HM Treasury),2014-11-04,2015-05-08,185.0,,,Liberal Democrat,David Cameron,https://id.parliament.uk/JTiw9Slj,1567
Lindsay,Granshaw,Lords,Parliamentary Under-Secretary (Department for International Development),2014-11-04,2015-05-07,184.0,,,Liberal Democrat,David Cameron,https://id.parliament.uk/7YD9qsIc,2539
Lynne,Featherstone,Commons,Minister of State (Home Office),2014-11-04,2015-05-08,185.0,,,Liberal Democrat,David Cameron,https://id.parliament.uk/Il186YY2,1531
Andrew,Selous,Commons,Assistant Whip (HM Treasury),2014-11-04,2016-07-17,621.0,,,Conservative,David Cameron,https://id.parliament.uk/gbVUB0EV,1453
Susan,Garden,Lords,Lords Spokesperson (Women & Equalities),2014-11-05,2015-05-07,183.0,,,Liberal Democrat,David Cameron,https://id.parliament.uk/cwZcRmjT,3842
Mark,Harper,Commons,Parliamentary Secretary to the Treasury and Chief Whip,2015-05-08,2016-07-14,433.0,,,Conservative,David Cameron,https://id.parliament.uk/psgM7FBk,1520
James,Wharton,Commons,Parliamentary Under-Secretary of State (Department for Communities and Local Government) (Northern Powerhouse),2015-05-08,2016-07-17,436.0,,,Conservative,David Cameron,https://id.parliament.uk/OUD1KuPA,4123
Penelope,Mordaunt,Commons,Minister of State (Ministry of Defence) (Minister for the Armed Forces),2015-05-08,2016-07-15,434.0,,,Conservative,David Cameron,https://id.parliament.uk/RMNQDZri,4017
John,Hayes,Commons,Minister of State (Home Office) (Security),2015-05-08,2016-07-15,434.0,,,Conservative,David Cameron,https://id.parliament.uk/yzH3vz6B,350
Therese,Coffey,Commons,Parliamentary Secretary and Deputy Leader of the House of Commons,2015-05-08,2016-07-17,436.0,,,Conservative,David Cameron,https://id.parliament.uk/wsMvuOfh,4098
John,Whittingdale,Commons,"Secretary of State for Culture, Media and Sport",2015-05-08,2016-07-14,433.0,,,Conservative,David Cameron,https://id.parliament.uk/dNNuNQfw,39
Andrea,Leadsom,Commons,Minister of State (Department of Energy and Climate Change),2015-05-08,2016-07-14,433.0,,,Conservative,David Cameron,https://id.parliament.uk/V37kYFxZ,4117
Damian,Hinds,Commons,Exchequer Secretary (HM Treasury),2015-05-08,2016-07-15,434.0,,,Conservative,David Cameron,https://id.parliament.uk/3KZvvnyo,3969
Mark,Lancaster,Commons,Parliamentary Under-Secretary (Ministry of Defence),2015-05-08,2017-06-13,767.0,,,Conservative,David Cameron,https://id.parliament.uk/jbphoOAr,1544
Amber,Rudd,Commons,Secretary of State for Energy and Climate Change,2015-05-08,2016-07-13,432.0,,,Conservative,David Cameron,https://id.parliament.uk/sSNJW42u,3983
Sajid,Javid,Commons,"Secretary of State for Business, Innovation and Skills",2015-05-08,2016-07-14,433.0,,,Conservative,David Cameron,https://id.parliament.uk/YHylN7q7,3945
Marcus,Jones,Commons,Parliamentary Under-Secretary (Department for Communities and Local Government) (Local Government),2015-05-08,2018-01-08,976.0,,,Conservative,David Cameron,https://id.parliament.uk/ODNC95e3,4024
Andrew,Jones,Commons,Parliamentary Under-Secretary (Department for Transport),2015-05-08,2017-06-15,769.0,,,Conservative,David Cameron,https://id.parliament.uk/Gs2gaawW,3996
Gregory,Clark,Commons,Secretary of State for Communities and Local Government,2015-05-08,2016-07-14,433.0,,,Conservative,David Cameron,https://id.parliament.uk/jqlCAgYA,1578
Alistair,Burt,Commons,Minister of State (Department of Health),2015-05-08,2016-07-13,432.0,,,Conservative,David Cameron,https://id.parliament.uk/OxbSuAew,1201
Grant,Shapps,Commons,Minister of State (Department for International Development),2015-05-08,2015-11-28,204.0,,,Conservative,David Cameron,https://id.parliament.uk/ZvG45buB,1582
Jo,Johnson,Commons,"Minister of State (Department for Business, Innovation and Skills) (Universities and Science)",2015-05-08,2016-07-15,434.0,,,Conservative,David Cameron,https://id.parliament.uk/0ZbA7k1o,4039
Caroline,Dinenage,Commons,Parliamentary Under-Secretary (Ministry of Justice),2015-05-08,2016-07-17,436.0,,,Conservative,David Cameron,https://id.parliament.uk/SM4SE1Dh,4008
Mark,Francois,Commons,Minister of State (Communities and Local Government),2015-05-08,2016-07-17,436.0,,,Conservative,David Cameron,https://id.parliament.uk/61TcZWOM,1444
Caroline,Dinenage,Commons,Minister for Equalities (Department for Education),2015-05-08,2016-07-17,436.0,,,Conservative,David Cameron,https://id.parliament.uk/SM4SE1Dh,4008
Priti,Patel,Commons,Minister of State (Department for Work and Pensions) (Cabinet),2015-05-08,2016-07-14,433.0,,,Conservative,David Cameron,https://id.parliament.uk/nr4Qap3S,4066
Gregory,Hands,Commons,Chief Secretary to the Treasury,2015-05-08,2016-07-14,433.0,,,Conservative,David Cameron,https://id.parliament.uk/7Tsbxzkf,1526
George,Osborne,Commons,Chancellor of the Exchequer and First Secretary of State,2015-05-08,2016-07-13,432.0,,,Conservative,David Cameron,https://id.parliament.uk/MZgn0iAu,1458
Roderick,Stewart,Commons,"Parliamentary Under-Secretary (Department for Environment, Food and Rural Affairs)",2015-05-08,2016-07-17,436.0,,,Conservative,David Cameron,https://id.parliament.uk/AXsJ7KXj,4137
Charles,Eustice,Commons,"Minister of State (Department for Environment, Food and Rural Affairs)",2015-05-08,2019-02-28,1392.0,,,Conservative,David Cameron,https://id.parliament.uk/NX45aKYz,3934
Michael,Gove,Commons,Lord Chancellor and Secretary of State for Justice,2015-05-08,2016-07-14,433.0,,,Conservative,David Cameron,https://id.parliament.uk/0K7kX33I,1571
Chris,Grayling,Commons,Lord President of the Council and Leader of the House of Commons,2015-05-08,2016-07-14,433.0,,,Conservative,David Cameron,https://id.parliament.uk/nfMorZ5b,1413
John,Penrose,Commons,Parliamentary Secretary (Cabinet Office),2015-05-08,2016-07-17,436.0,,,Conservative,David Cameron,https://id.parliament.uk/JJ3Ox3Vn,1584
Anthony,Timpson,Commons,Minister of State (Education),2015-05-08,2017-06-12,766.0,,,Conservative,David Cameron,https://id.parliament.uk/RnmAK7sq,1605
Justin,Tomlinson,Commons,Parliamentary Under-Secretary of State (Department for Work and Pensions) (Disabled People),2015-05-08,2016-07-17,436.0,,,Conservative,David Cameron,https://id.parliament.uk/LNgSfXCb,4105
David,Mundell,Commons,Secretary of State for Scotland,2015-05-08,2019-07-24,1538.0,,,Conservative,David Cameron,https://id.parliament.uk/Xx3pGa0q,1512
Philip,Dunne,Commons,Minister of State (Ministry of Defence) (Defence Procurement),2015-05-08,2016-07-16,435.0,,,Conservative,David Cameron,https://id.parliament.uk/j3tFA6NO,1542
Robert,Halfon,Commons,Minister without Portfolio (Cabinet Office),2015-05-08,2016-07-17,436.0,,,Conservative,David Cameron,https://id.parliament.uk/bXvFDLTW,3985
Harriett,Baldwin,Commons,Economic Secretary (HM Treasury),2015-05-08,2016-07-17,436.0,,,Conservative,David Cameron,https://id.parliament.uk/2LUJUXE2,4107
Matthew,Hancock,Commons,Paymaster General and Minister for the Cabinet Office,2015-05-08,2016-07-14,433.0,,,Conservative,David Cameron,https://id.parliament.uk/JgAyn8BZ,4070
Robert,Wallace,Commons,Parliamentary Under-Secretary (Northern Ireland Office),2015-05-08,2016-07-17,436.0,,,Conservative,David Cameron,https://id.parliament.uk/5BbmGpsu,1539
Tracey,Crouch,Commons,"Parliamentary Under-Secretary (Department for Culture, Media and Sport)",2015-05-08,2017-07-03,787.0,,,Conservative,David Cameron,https://id.parliament.uk/cNsdXWAb,3950
Anna,Soubry,Commons,"Minister of State (Department for Business, Innovation and Skills) (Business and Enterprise)",2015-05-08,2016-07-14,433.0,,,Conservative,David Cameron,https://id.parliament.uk/O5VZDUCQ,3938
Francis,Maude,Lords,Minister of State (Foreign and Commonwealth Office) (Trade and Investment),2015-05-11,2016-03-11,305.0,,,,David Cameron,https://id.parliament.uk/XrxW6kpF,115
Frederick,Curzon,Lords,Minister of State (Ministry of Defence),2015-05-11,2019-07-26,1537.0,,,Conservative,David Cameron,https://id.parliament.uk/NVVtoygN,2000
Francis,Maude,Lords,"Minister of State (Department for Business, Innovation and Skills) (Trade and Investment)",2015-05-11,2016-03-11,305.0,,,,David Cameron,https://id.parliament.uk/XrxW6kpF,115
Anne,Milton,Commons,"Treasurer of HM Household (Deputy Chief Whip, House of Commons)",2015-05-11,2017-06-12,763.0,,,Conservative,David Cameron,https://id.parliament.uk/A0LvTNMZ,1523
Rosalind,Altmann,Lords,Minister of State (Department for Work and Pensions) (Pensions),2015-05-11,2016-07-15,431.0,,,,David Cameron,https://id.parliament.uk/nJrXxVcY,4533
David,Freud,Lords,Minister of State (Department for Work and Pensions) (Welfare Reform),2015-05-12,2016-12-21,589.0,,,Conservative,David Cameron,https://id.parliament.uk/1vaGr22a,3893
Lucy,Neville-Rolfe,Lords,"Parliamentary Under-Secretary (Department for Culture, Media and Sport)",2015-05-12,2016-07-17,432.0,,,Conservative,David Cameron,https://id.parliament.uk/zqao7Ovw,4284
Michael,Bates,Lords,Minister of State (Home Office),2015-05-12,2016-03-31,324.0,,,Conservative,David Cameron,https://id.parliament.uk/BZvoqdyu,1091
Tariq,Ahmad,Lords,Parliamentary Under-Secretary (Home Office) (Countering Extremism),2015-05-12,2016-07-17,432.0,,,Conservative,David Cameron,https://id.parliament.uk/ay1P3rz4,4210
Tariq,Ahmad,Lords,Parliamentary Under-Secretary (Department for Transport),2015-05-12,2017-06-13,763.0,,,Conservative,David Cameron,https://id.parliament.uk/ay1P3rz4,4210
Frederick,Curzon,Lords,Deputy Leader of the House of Lords,2015-05-12,2024-07-05,3342.0,,,Conservative,David Cameron,https://id.parliament.uk/NVVtoygN,2000
Sandip,Verma,Lords,Parliamentary Under-Secretary (Department for International Development),2015-05-12,2016-07-17,432.0,,,Conservative,David Cameron,https://id.parliament.uk/QdTpvoeQ,3790
Nicholas,Bourne,Lords,Parliamentary Under-Secretary (Wales Office),2015-05-12,2017-06-14,764.0,,,Conservative,David Cameron,https://id.parliament.uk/bEIsPDd1,4282
Nicholas,Bourne,Lords,Parliamentary Under-Secretary (Department of Energy and Climate Change),2015-05-12,2016-07-17,432.0,,,Conservative,David Cameron,https://id.parliament.uk/bEIsPDd1,4282
Susan,Williams,Lords,Parliamentary Under-Secretary (Department for Communities and Local Government),2015-05-12,2016-07-17,432.0,,,Conservative,David Cameron,https://id.parliament.uk/9euzXdH0,4311
John,Gardiner,Lords,"Captain of the Queen's Bodyguard of the Yeomen of the Guard (HM Household) (Deputy Chief Whip, House of Lords)",2015-05-12,2016-07-17,432.0,,,Conservative,David Cameron,https://id.parliament.uk/P6l9F4rP,4161
Kris,Hopkins,Commons,"Vice Chamberlain (HM Household) (Whip, House of Commons)",2015-05-13,2016-07-17,431.0,,,Conservative,David Cameron,https://id.parliament.uk/b1tl7GaP,4043
Julian,Smith,Commons,Assistant Whip (HM Treasury),2015-05-13,2016-07-17,431.0,,,Conservative,David Cameron,https://id.parliament.uk/V7RM28pf,4118
Margot,James,Commons,Assistant Whip (HM Treasury),2015-05-13,2016-07-17,431.0,,,Conservative,David Cameron,https://id.parliament.uk/v2rvEcQa,4115
Melvyn,Stride,Commons,Lord Commissioner (HM Treasury) (Whip),2015-05-13,2016-07-17,431.0,,,Conservative,David Cameron,https://id.parliament.uk/dEAJKHTK,3935
Brett,Elphicke,Commons,Lord Commissioner (HM Treasury) (Whip),2015-05-13,2016-07-17,431.0,,,Conservative,David Cameron,https://id.parliament.uk/21Xyo0YR,3971
Jacqueline,Doyle-Price,Commons,Assistant Whip (HM Treasury),2015-05-13,2017-06-14,763.0,,,Conservative,David Cameron,https://id.parliament.uk/M9UpoF65,4065
George,Hollingbery,Commons,Lord Commissioner (HM Treasury) (Whip),2015-05-13,2016-07-17,431.0,,,Conservative,David Cameron,https://id.parliament.uk/7vVLikXs,4016
Dominic,Raab,Commons,Parliamentary Under-Secretary (Ministry of Justice),2015-05-13,2016-07-16,430.0,,,Conservative,David Cameron,https://id.parliament.uk/zjs8wUR3,4007
Stephen,Barclay,Commons,Assistant Whip (HM Treasury),2015-05-13,2016-07-17,431.0,,,Conservative,David Cameron,https://id.parliament.uk/nBemRbWt,4095
Gavin,Barwell,Commons,"Comptroller (HM Household) (Whip, House of Commons)",2015-05-13,2016-07-17,431.0,,,Conservative,David Cameron,https://id.parliament.uk/3eQ48RSt,3955
Guy,Opperman,Commons,Assistant Whip (HM Treasury),2015-05-13,2016-07-17,431.0,,,Conservative,David Cameron,https://id.parliament.uk/KRgnTeJ7,4142
Joanna,Shields,Lords,"Parliamentary Under-Secretary (Department for Culture, Media and Sport) (Internet Safety and Security) (Unpaid)",2015-05-13,2016-12-21,588.0,,,Conservative,David Cameron,https://id.parliament.uk/GN3TLyAe,4325
Sarah,Newton,Commons,Assistant Whip (HM Treasury),2015-05-13,2016-07-17,431.0,,,Conservative,David Cameron,https://id.parliament.uk/GnZTW5nB,4071
Simon,Kirby,Commons,Assistant Whip (HM Treasury),2015-05-13,2016-07-17,431.0,,,Conservative,David Cameron,https://id.parliament.uk/E5Ldetxx,3929
David,Prior,Lords,Parliamentary Under-Secretary (Department of Health) (NHS Productivity),2015-05-14,2016-12-21,587.0,,,Conservative,David Cameron,https://id.parliament.uk/VwHAawZ7,127
James,Younger,Lords,Lord in Waiting (HM Household) (Whip),2015-05-14,2022-12-31,2788.0,,,Conservative,David Cameron,https://id.parliament.uk/pL1nOvPY,4169
Benedict,Gummer,Commons,Parliamentary Under-Secretary (Department of Health),2015-05-14,2016-07-14,427.0,,,Conservative,David Cameron,https://id.parliament.uk/B6TZ3EM1,3988
Natalie,Evans,Lords,Lord in Waiting (HM Household) (Whip),2015-05-14,2016-07-14,427.0,,,Conservative,David Cameron,https://id.parliament.uk/Pogmx94s,4329
Caroline,Chisholm,Lords,Lord in Waiting (HM Household) (Whip),2015-05-14,2016-12-21,587.0,,,Conservative,David Cameron,https://id.parliament.uk/pLPt7rh8,4330
James,Bridges,Lords,Parliamentary Secretary (Cabinet Office),2015-05-14,2016-07-17,430.0,,,,David Cameron,https://id.parliament.uk/Wt1PL6op,4535
James,Stopford,Lords,Lord in Waiting (HM Household) (Whip),2015-05-14,2016-07-17,430.0,,,Conservative,David Cameron,https://id.parliament.uk/Gw31GbqW,3359
Andrew,Dunlop,Lords,Parliamentary Under-Secretary (Scotland Office),2015-05-14,2017-06-14,762.0,,,,David Cameron,https://id.parliament.uk/vhnoIIBx,4534
Caroline,Spelman,Commons,Second Church Estates Commissioner,2015-05-21,2019-11-06,1630.0,,,Conservative,David Cameron,https://id.parliament.uk/McDKiSop,312
Terence,O'Neill,Lords,Commercial Secretary (HM Treasury),2015-05-28,2016-09-23,484.0,,,Conservative,David Cameron,https://id.parliament.uk/0cTdSnyu,4536
Richard,Keen,Lords,Advocate General for Scotland,2015-06-11,2020-09-16,1924.0,,,Conservative,David Cameron,https://id.parliament.uk/QZgZGQsY,4538
Shailesh,Vara,Commons,Parliamentary Under-Secretary (Department for Work and Pensions),2015-07-09,2016-07-18,375.0,,,Conservative,David Cameron,https://id.parliament.uk/Uj24yw4q,1496
Grant,Shapps,Commons,Parliamentary Under-Secretary (Foreign and Commonwealth Office),2015-07-15,2015-10-26,103.0,,,Conservative,David Cameron,https://id.parliament.uk/ZvG45buB,1582
Richard,Harrington,Commons,Parliamentary Under Secretary for Department for Communities and Local Government (Jointly with Home Office and Department for International Development),2015-09-14,2016-07-17,307.0,,,Conservative,David Cameron,https://id.parliament.uk/z6VN5jkf,4068
Richard,Harrington,Commons,Parliamentary Under Secretary for Home Office (Jointly with Department for Communities and Local Government and Department for International Development),2015-09-14,2016-07-17,307.0,,,Conservative,David Cameron,https://id.parliament.uk/z6VN5jkf,4068
Richard,Harrington,Commons,Parliamentary Under Secretary for Department for International Development (Jointly with Home Office and Department for Communities and Local Government),2015-09-14,2016-07-17,307.0,,,Conservative,David Cameron,https://id.parliament.uk/z6VN5jkf,4068
Nicholas,Hurd,Commons,Parliamentary Under-Secretary (Department for International Development),2015-11-28,2016-07-16,231.0,,,Conservative,David Cameron,https://id.parliament.uk/nXTZ5A4D,1561
Joanna,Shields,Lords,Parliamentary Under-Secretary (Home Office) (Internet Safety and Security) (Unpaid),2015-12-03,2017-06-15,560.0,,,Conservative,David Cameron,https://id.parliament.uk/GN3TLyAe,4325
David,Evennett,Commons,"Parliamentary Under-Secretary (Department for Culture, Media and Sport)",2016-01-01,2016-07-17,198.0,,,Conservative,David Cameron,https://id.parliament.uk/KhqjbENy,1198
Joyce,Anelay,Lords,"Minister of State (Department for Business, Innovation and Skills) (Trade and Investment)",2016-03-11,2016-04-04,24.0,,,Conservative,David Cameron,https://id.parliament.uk/6uKzYpoj,3474
Guto,Bebb,Commons,Lord Commissioner (HM Treasury) (Whip),2016-03-19,2018-01-09,661.0,,,Conservative,David Cameron,https://id.parliament.uk/lkfzGvnx,3910
Alun,Cairns,Commons,Secretary of State for Wales,2016-03-19,2019-11-06,1327.0,,,Conservative,David Cameron,https://id.parliament.uk/zHsMDBBt,4086
Guto,Bebb,Commons,Parliamentary Under-Secretary (Wales Office),2016-03-19,2018-01-09,661.0,,,Conservative,David Cameron,https://id.parliament.uk/lkfzGvnx,3910
Stephen,Crabb,Commons,Secretary of State for Work and Pensions,2016-03-19,2016-07-14,117.0,,,Conservative,David Cameron,https://id.parliament.uk/CruBwppn,1554
Richard,Keen,Lords,Lords Spokesperson (Home Office),2016-04-01,2016-07-18,108.0,,,Conservative,David Cameron,https://id.parliament.uk/QZgZGQsY,4538
Mark,Price,Lords,"Minister of State (Department for Business, Innovation and Skills) (Trade and Investment)",2016-04-04,2016-07-16,103.0,,,Conservative,David Cameron,https://id.parliament.uk/xAVgszMN,4570
Mark,Price,Lords,Minister of State (Foreign and Commonwealth Office) (Trade and Investment),2016-04-04,2016-07-16,103.0,,,Conservative,David Cameron,https://id.parliament.uk/xAVgszMN,4570
Mark,Spencer,Commons,Assistant Whip (HM Treasury),2016-06-15,2017-06-15,365.0,,,Conservative,David Cameron,https://id.parliament.uk/YWnDvo84,4055
Theresa,May,Commons,"Prime Minister, First Lord of the Treasury and Minister for the Civil Service",2016-07-13,2019-07-24,1106.0,,,Conservative,David Cameron,https://id.parliament.uk/JPL7AGmo,8
David,Davis,Commons,Secretary of State for Exiting the European Union,2016-07-13,2018-07-08,725.0,,,Conservative,David Cameron,https://id.parliament.uk/A7xoNSH8,373
Alexander,Johnson,Commons,Secretary of State for Foreign and Commonwealth Affairs,2016-07-13,2018-07-09,726.0,,,Conservative,David Cameron,https://id.parliament.uk/hy2NFfe8,1423
Liam,Fox,Commons,Secretary of State for International Trade and President of the Board of Trade,2016-07-13,2019-07-24,1106.0,,,Conservative,David Cameron,https://id.parliament.uk/dougZwFw,223
Amber,Rudd,Commons,Home Secretary,2016-07-13,2018-04-29,655.0,,,Conservative,David Cameron,https://id.parliament.uk/sSNJW42u,3983
Philip,Hammond,Commons,Chancellor of the Exchequer,2016-07-13,2019-07-24,1106.0,,,Conservative,David Cameron,https://id.parliament.uk/pkigvNdY,105
Karen,Bradley,Commons,"Secretary of State for Culture, Media and Sport",2016-07-14,2017-07-03,354.0,,,Conservative,Theresa May,https://id.parliament.uk/PHtNfRSA,4110
Benedict,Gummer,Commons,Paymaster General and Minister for the Cabinet Office,2016-07-14,2017-05-03,293.0,,,Conservative,Theresa May,https://id.parliament.uk/B6TZ3EM1,3988
David,Lidington,Commons,Lord President of the Council and Leader of the House of Commons,2016-07-14,2017-05-03,293.0,,,Conservative,Theresa May,https://id.parliament.uk/EPhidb9p,15
David,Gauke,Commons,Chief Secretary to the Treasury,2016-07-14,2017-06-11,332.0,,,Conservative,Theresa May,https://id.parliament.uk/iavMcgms,1529
Justine,Greening,Commons,Secretary of State for Education,2016-07-14,2018-01-08,543.0,,,Conservative,Theresa May,https://id.parliament.uk/1CRqwuTp,1555
Damian,Green,Commons,Secretary of State for Work and Pensions,2016-07-14,2017-06-11,332.0,,,Conservative,Theresa May,https://id.parliament.uk/72qlmbBV,76
Chris,Grayling,Commons,Secretary of State for Transport,2016-07-14,2019-07-24,1105.0,,,Conservative,Theresa May,https://id.parliament.uk/nfMorZ5b,1413
Elizabeth,Truss,Commons,Lord Chancellor and Secretary of State for Justice,2016-07-14,2017-06-11,332.0,,,Conservative,Theresa May,https://id.parliament.uk/dQvfKfAo,4097
Priti,Patel,Commons,Secretary of State for International Development,2016-07-14,2017-11-08,482.0,,,Conservative,Theresa May,https://id.parliament.uk/nr4Qap3S,4066
Gavin,Williamson,Commons,Parliamentary Secretary to the Treasury and Chief Whip,2016-07-14,2017-11-02,476.0,,,Conservative,Theresa May,https://id.parliament.uk/bgjHDpQ8,4108
James,Brokenshire,Commons,Secretary of State for Northern Ireland,2016-07-14,2018-01-08,543.0,,,Conservative,Theresa May,https://id.parliament.uk/HENgq022,1530
Anna,Soubry,Commons,"Minister of State (Department for Business, Energy and Industrial Strategy)",2016-07-14,2016-07-15,1.0,,,Conservative,Theresa May,https://id.parliament.uk/O5VZDUCQ,3938
Natalie,Evans,Lords,Leader of the House of Lords and Lord Privy Seal,2016-07-14,2022-09-05,2244.0,,,Conservative,Theresa May,https://id.parliament.uk/Pogmx94s,4329
Patrick,McLoughlin,Commons,Chancellor of the Duchy of Lancaster,2016-07-14,2018-01-08,543.0,,,Conservative,Theresa May,https://id.parliament.uk/LZDZjBO2,333
Sajid,Javid,Commons,Secretary of State for Communities and Local Government,2016-07-14,2018-01-08,543.0,,,Conservative,Theresa May,https://id.parliament.uk/YHylN7q7,3945
Gregory,Clark,Commons,"Secretary of State for Business, Energy and Industrial Strategy",2016-07-14,2019-07-24,1105.0,,,Conservative,Theresa May,https://id.parliament.uk/jqlCAgYA,1578
Justine,Greening,Commons,Minister for Women and Equalities,2016-07-14,2018-01-08,543.0,,,Conservative,Theresa May,https://id.parliament.uk/1CRqwuTp,1555
Andrea,Leadsom,Commons,"Secretary of State for Environment, Food and Rural Affairs",2016-07-14,2017-06-11,332.0,,,Conservative,Theresa May,https://id.parliament.uk/V37kYFxZ,4117
Jo,Johnson,Commons,"Minister of State (Department for Business, Energy and Industrial Strategy) (Universities and Science) (Joint with the Department for Education)",2016-07-15,2018-01-09,543.0,,,Conservative,Theresa May,https://id.parliament.uk/0ZbA7k1o,4039
Robert,Goodwill,Commons,Minister of State (Home Office) (Immigration),2016-07-15,2017-06-11,331.0,,,Conservative,Theresa May,https://id.parliament.uk/tXbYU8RO,1562
Michael,Penning,Commons,Minister of State (Ministry of Defence),2016-07-15,2017-06-12,332.0,,,Conservative,Theresa May,https://id.parliament.uk/1AspMgzb,1528
Jane,Ellison,Commons,Financial Secretary (HM Treasury),2016-07-15,2017-05-03,292.0,,,Conservative,Theresa May,https://id.parliament.uk/lnhtzHcA,3918
Penelope,Mordaunt,Commons,Minister of State (Department for Work and Pensions),2016-07-15,2017-11-09,482.0,,,Conservative,Theresa May,https://id.parliament.uk/RMNQDZri,4017
Matthew,Hancock,Commons,"Minister of State (Department for Culture, Media and Sport) (Digital Policy)",2016-07-15,2017-07-03,353.0,,,Conservative,Theresa May,https://id.parliament.uk/JgAyn8BZ,4070
Damian,Hinds,Commons,Minister of State (Department for Work and Pensions),2016-07-15,2018-01-08,542.0,,,Conservative,Theresa May,https://id.parliament.uk/3KZvvnyo,3969
Brandon,Lewis,Commons,Minister of State (Home Office) (Policing and the Fire Service),2016-07-15,2017-06-11,331.0,,,Conservative,Theresa May,https://id.parliament.uk/C91rcqgY,4009
John,Hayes,Commons,Minister of State (Department for Transport),2016-07-15,2018-01-09,543.0,,,Conservative,Theresa May,https://id.parliament.uk/yzH3vz6B,350
Gregory,Hands,Commons,Minister of State (Department for International Trade),2016-07-15,2017-06-13,333.0,,,Conservative,Theresa May,https://id.parliament.uk/7Tsbxzkf,1526
Mark,Price,Lords,Minister of State (Department for International Trade),2016-07-16,2017-09-28,439.0,,,Conservative,Theresa May,https://id.parliament.uk/xAVgszMN,4570
Nicholas,Hurd,Commons,"Minister of State (Department for Business, Energy and Industrial Strategy)",2016-07-16,2017-06-12,331.0,,,Conservative,Theresa May,https://id.parliament.uk/nXTZ5A4D,1561
Philip,Dunne,Commons,Minister of State (Department of Health),2016-07-16,2018-01-09,542.0,,,Conservative,Theresa May,https://id.parliament.uk/j3tFA6NO,1542
Oliver,Heald,Commons,Minister of State (Ministry of Justice),2016-07-16,2017-06-12,331.0,,,Conservative,Theresa May,https://id.parliament.uk/2FHDd6DL,69
Graham,Stuart,Commons,Assistant Whip (HM Treasury),2016-07-17,2018-01-09,541.0,,,Conservative,Theresa May,https://id.parliament.uk/uyQOJxJ0,1482
Roderick,Stewart,Commons,Minister of State (Department for International Development),2016-07-17,2017-06-13,331.0,,,Conservative,Theresa May,https://id.parliament.uk/AXsJ7KXj,4137
Nosheena,Mobarik,Lords,Lord in Waiting (HM Household) (Whip),2016-07-17,2017-04-06,263.0,,,Conservative,Theresa May,https://id.parliament.uk/jDa9Devb,4335
Guy,Opperman,Commons,Lord Commissioner (HM Treasury) (Whip),2016-07-17,2017-06-14,332.0,,,Conservative,Theresa May,https://id.parliament.uk/KRgnTeJ7,4142
Andrew,Dunlop,Lords,Parliamentary Under-Secretary (Northern Ireland Office),2016-07-17,2017-06-14,332.0,,,Conservative,Theresa May,https://id.parliament.uk/vhnoIIBx,4534
Phillip,Lee,Commons,Parliamentary Under-Secretary (Ministry of Justice),2016-07-17,2018-06-12,695.0,,,Conservative,Theresa May,https://id.parliament.uk/0lXYDVJx,3921
Nicola,Blackwood,Commons,Parliamentary Under-Secretary (Department of Health),2016-07-17,2017-05-03,290.0,,,Conservative,Theresa May,https://id.parliament.uk/lWEwlYHl,4019
Joyce,Anelay,Lords,Minister of State (Department for International Development),2016-07-17,2016-10-14,89.0,,,Conservative,Theresa May,https://id.parliament.uk/6uKzYpoj,3474
Christopher,Heaton-Harris,Commons,Assistant Whip (HM Treasury),2016-07-17,2017-06-15,333.0,,,Conservative,Theresa May,https://id.parliament.uk/6xdB80aQ,3977
Robert,Syms,Commons,Lord Commissioner (HM Treasury) (Whip),2016-07-17,2017-06-15,333.0,,,Conservative,Theresa May,https://id.parliament.uk/iuJ9hNVf,245
Caroline,Chisholm,Lords,Lords Spokesperson (Cabinet Office),2016-07-17,2016-12-21,157.0,,,Conservative,Theresa May,https://id.parliament.uk/pLPt7rh8,4330
Mark,Garnier,Commons,Parliamentary Under-Secretary (Department for International Trade),2016-07-17,2018-01-09,541.0,,,Conservative,Theresa May,https://id.parliament.uk/Z7xnYVZE,4074
Caroline,Dinenage,Commons,Parliamentary Under-Secretary (Department for Education),2016-07-17,2017-06-14,332.0,,,Conservative,Theresa May,https://id.parliament.uk/SM4SE1Dh,4008
Paul,Maynard,Commons,Parliamentary Under-Secretary (Department for Transport),2016-07-17,2018-01-09,541.0,,,Conservative,Theresa May,https://id.parliament.uk/hp6OdiqK,3926
Caroline,Nokes,Commons,Parliamentary Under-Secretary (Department for Work and Pensions),2016-07-17,2017-06-14,332.0,,,Conservative,Theresa May,https://id.parliament.uk/HxCebLEz,4048
Harriett,Baldwin,Commons,Parliamentary Under-Secretary (Ministry of Defence),2016-07-17,2018-01-09,541.0,,,Conservative,Theresa May,https://id.parliament.uk/2LUJUXE2,4107
Stephen,Barclay,Commons,Lord Commissioner (HM Treasury) (Whip),2016-07-17,2017-06-14,332.0,,,Conservative,Theresa May,https://id.parliament.uk/nBemRbWt,4095
John,Gardiner,Lords,"Parliamentary Under-Secretary (Department for Environment, Food and Rural Affairs)",2016-07-17,2021-05-10,1758.0,,,Conservative,Theresa May,https://id.parliament.uk/P6l9F4rP,4161
Alan,Duncan,Commons,Minister of State (Foreign and Commonwealth Office),2016-07-17,2019-07-22,1100.0,,,Conservative,Theresa May,https://id.parliament.uk/ZsPq2lLF,343
Annabel,Goldie,Lords,Baroness in Waiting (HM Household) (Whip),2016-07-17,2019-07-25,1103.0,,,Conservative,Theresa May,https://id.parliament.uk/iGyV1uk1,4306
Michael,Ellis,Commons,Assistant Whip (HM Treasury),2016-07-17,2018-01-09,541.0,,,Conservative,Theresa May,https://id.parliament.uk/NYp5fsei,4116
Simon,Kirby,Commons,Economic Secretary (HM Treasury),2016-07-17,2017-05-03,290.0,,,Conservative,Theresa May,https://id.parliament.uk/E5Ldetxx,3929
Michael,Ellis,Commons,Deputy Leader of the House of Commons,2016-07-17,2018-01-09,541.0,,,Conservative,Theresa May,https://id.parliament.uk/NYp5fsei,4116
David,Jones,Commons,Minister of State (Department for Exiting the European Union),2016-07-17,2017-06-12,330.0,,,Conservative,Theresa May,https://id.parliament.uk/wr73COQ7,1502
Margot,James,Commons,"Parliamentary Under-Secretary (Department for Business, Energy and Industrial Strategy)",2016-07-17,2018-01-09,541.0,,,Conservative,Theresa May,https://id.parliament.uk/v2rvEcQa,4115
Gavin,Barwell,Commons,"Minister of State (Department for Communities and Local Government) (Housing, Planning and London)",2016-07-17,2017-05-03,290.0,,,Conservative,Theresa May,https://id.parliament.uk/3eQ48RSt,3955
Christopher,Pincher,Commons,Assistant Whip (HM Treasury),2016-07-17,2017-06-15,333.0,,,Conservative,Theresa May,https://id.parliament.uk/W4hBGj4J,4075
Andrew,Percy,Commons,Parliamentary Under-Secretary (Department for Communities and Local Government),2016-07-17,2017-06-14,332.0,,,Conservative,Theresa May,https://id.parliament.uk/L5n02mfu,3939
Lucy,Neville-Rolfe,Lords,"Minister of State (Department for Business, Energy and Industrial Strategy)",2016-07-17,2016-12-21,157.0,,,Conservative,Theresa May,https://id.parliament.uk/zqao7Ovw,4284
Robert,Wilson,Commons,"Parliamentary Under-Secretary (Department for Culture, Media and Sport)",2016-07-17,2017-05-03,290.0,,,Conservative,Theresa May,https://id.parliament.uk/huWf28V3,1556
Kris,Hopkins,Commons,Parliamentary Under-Secretary (Northern Ireland Office),2016-07-17,2017-05-03,290.0,,,Conservative,Theresa May,https://id.parliament.uk/b1tl7GaP,4043
Julian,Smith,Commons,"Vice Chamberlain (HM Household) (Whip, House of Commons)",2016-07-17,2017-06-13,331.0,,,Conservative,Theresa May,https://id.parliament.uk/V7RM28pf,4118
David,Mowat,Commons,Parliamentary Under-Secretary (Department of Health),2016-07-17,2017-05-03,290.0,,,Conservative,Theresa May,https://id.parliament.uk/bm3TmUNL,4080
Christopher,Skidmore,Commons,Parliamentary Under-Secretary (Cabinet Office),2016-07-17,2018-01-08,540.0,,,Conservative,Theresa May,https://id.parliament.uk/GBlBooSn,4021
Therese,Coffey,Commons,"Parliamentary Under-Secretary (Department for Environment, Food and Rural Affairs)",2016-07-17,2019-07-25,1103.0,,,Conservative,Theresa May,https://id.parliament.uk/wsMvuOfh,4098
Susan,Williams,Lords,Minister of State (Home Office),2016-07-17,2022-09-06,2242.0,,,Conservative,Theresa May,https://id.parliament.uk/9euzXdH0,4311
Samuel,Gyimah,Commons,Parliamentary Under-Secretary (Ministry of Justice),2016-07-17,2018-01-09,541.0,,,Conservative,Theresa May,https://id.parliament.uk/WapfNXOe,3980
Nicholas,Bourne,Lords,Parliamentary Under-Secretary (Department for Communities and Local Government),2016-07-17,2018-01-08,540.0,,,Conservative,Theresa May,https://id.parliament.uk/bEIsPDd1,4282
Stephen,Brine,Commons,Assistant Whip (HM Treasury),2016-07-17,2017-06-14,332.0,,,Conservative,Theresa May,https://id.parliament.uk/dDfVSqO0,4067
Sarah,Newton,Commons,Parliamentary Under-Secretary (Home Office),2016-07-17,2017-11-09,480.0,,,Conservative,Theresa May,https://id.parliament.uk/GnZTW5nB,4071
Andrew,Griffiths,Commons,Lord Commissioner (HM Treasury) (Whip),2016-07-17,2018-01-09,541.0,,,Conservative,Theresa May,https://id.parliament.uk/45sPuDr6,3936
Alok,Sharma,Commons,Parliamentary Under-Secretary (Foreign and Commonwealth Office),2016-07-17,2017-06-13,331.0,,,Conservative,Theresa May,https://id.parliament.uk/FyvJWi3Q,4014
James,Bridges,Lords,Parliamentary Under-Secretary (Department for Exiting the European Union),2016-07-17,2017-06-14,332.0,,,Conservative,Theresa May,https://id.parliament.uk/Wt1PL6op,4535
Heather,Wheeler,Commons,Assistant Whip (HM Treasury),2016-07-17,2017-06-15,333.0,,,Conservative,Theresa May,https://id.parliament.uk/hGqCOo3s,4053
Richard,Harrington,Commons,Parliamentary Under-Secretary (Department for Work and Pensions),2016-07-17,2017-06-14,332.0,,,Conservative,Theresa May,https://id.parliament.uk/z6VN5jkf,4068
Thomas,Ashton,Lords,"Parliamentary Under-Secretary (Department for Culture, Media and Sport)",2016-07-17,2017-07-03,351.0,,,Conservative,Theresa May,https://id.parliament.uk/QppbmtaE,4247
Robin,Walker,Commons,Parliamentary Under-Secretary (Department for Exiting the European Union),2016-07-17,2019-07-26,1104.0,,,Conservative,Theresa May,https://id.parliament.uk/xHiXJi7s,4091
James,Wharton,Commons,Parliamentary Under-Secretary (Department for International Development),2016-07-17,2017-06-12,330.0,,,Conservative,Theresa May,https://id.parliament.uk/OUD1KuPA,4123
Robert,Halfon,Commons,Minister of State (Department of Education) (Apprenticeships and Skills),2016-07-17,2017-06-12,330.0,,,Conservative,Theresa May,https://id.parliament.uk/bXvFDLTW,3985
Robert,Wallace,Commons,Minister of State (Home Office) (Security),2016-07-17,2019-07-24,1102.0,,,Conservative,Theresa May,https://id.parliament.uk/5BbmGpsu,1539
James,Stopford,Lords,"Captain of the Queen's Bodyguard of the Yeomen of the Guard (HM Household) (Deputy Chief Whip, House of Lords)",2016-07-17,2024-07-05,2910.0,,,Conservative,Theresa May,https://id.parliament.uk/Gw31GbqW,3359
Alexander,Norman,Commons,"Parliamentary Under-Secretary (Department for Business, Energy and Industrial Strategy)",2016-07-18,2017-06-14,331.0,,,Conservative,Theresa May,https://id.parliament.uk/m3Dx06Vx,3991
James,Younger,Lords,Lords Spokesperson (Department for Education) (Higher Education),2016-07-18,2017-06-14,331.0,,,Conservative,Theresa May,https://id.parliament.uk/pL1nOvPY,4169
Melvyn,Stride,Commons,"Comptroller (HM Household) (Deputy Chief Whip, House of Commons)",2016-07-18,2017-06-12,329.0,,,Conservative,Theresa May,https://id.parliament.uk/dEAJKHTK,3935
Richard,Keen,Lords,Lords Spokesperson (Ministry of Justice),2016-07-18,2020-09-16,1521.0,,,Conservative,Theresa May,https://id.parliament.uk/QZgZGQsY,4538
George,Young,Lords,Lord in Waiting (HM Household) (Whip),2016-07-25,2019-08-29,1130.0,,,Conservative,Theresa May,https://id.parliament.uk/9mJigEyv,57
Michael,Bates,Lords,Minister of State (Department for International Development),2016-10-14,2019-04-23,921.0,,,Conservative,Theresa May,https://id.parliament.uk/BZvoqdyu,1091
Oliver,Eden,Lords,Lord in Waiting (HM Household) (Whip),2016-11-21,2017-06-15,206.0,,,Conservative,Theresa May,https://id.parliament.uk/aDv4Y6kY,2616
Charlotte,Vere,Lords,Baroness in Waiting (HM Household) (Whip),2016-12-21,2019-07-26,947.0,,,Conservative,Theresa May,https://id.parliament.uk/A9lFjU0c,4580
Lucy,Neville-Rolfe,Lords,Commercial Secretary (Minister of State) (HM Treasury),2016-12-21,2017-06-13,174.0,,,Conservative,Theresa May,https://id.parliament.uk/zqao7Ovw,4284
David,Prior,Lords,"Parliamentary Under-Secretary (Department for Business, Energy and Industrial Strategy)",2016-12-21,2017-10-27,310.0,,,Conservative,Theresa May,https://id.parliament.uk/VwHAawZ7,127
Oliver,Eden,Lords,Parliamentary Under-Secretary (Department for Work and Pensions),2016-12-21,2017-06-15,176.0,,,Conservative,Theresa May,https://id.parliament.uk/aDv4Y6kY,2616
James,O'Shaughnessy,Lords,Parliamentary Under-Secretary (Department of Health),2016-12-21,2018-01-08,383.0,,,Conservative,Theresa May,https://id.parliament.uk/WCvs6ZnX,4545
Peta,Buscombe,Lords,Baroness in Waiting (HM Household) (Whip),2016-12-21,2017-06-15,176.0,,,Conservative,Theresa May,https://id.parliament.uk/yRcaLoKA,3349
James,O'Shaughnessy,Lords,Lord in Waiting (HM Household) (Whip),2016-12-21,2017-06-20,181.0,,,Conservative,Theresa May,https://id.parliament.uk/WCvs6ZnX,4545
George,Young,Lords,Lords Spokesperson (Cabinet Office),2017-01-03,2019-08-29,968.0,,,Conservative,Theresa May,https://id.parliament.uk/9mJigEyv,57
Andrea,Leadsom,Commons,Lord President of the Council and Leader of the House of Commons,2017-06-11,2019-05-22,710.0,,,Conservative,Theresa May,https://id.parliament.uk/V37kYFxZ,4117
Elizabeth,Truss,Commons,Chief Secretary to the Treasury,2017-06-11,2019-07-24,773.0,,,Conservative,Theresa May,https://id.parliament.uk/dQvfKfAo,4097
Damian,Green,Commons,First Secretary of State and Minister for the Cabinet Office,2017-06-11,2017-12-20,192.0,,,Conservative,Theresa May,https://id.parliament.uk/72qlmbBV,76
Michael,Gove,Commons,"Secretary of State for Environment, Food and Rural Affairs",2017-06-11,2019-07-24,773.0,,,Conservative,Theresa May,https://id.parliament.uk/0K7kX33I,1571
Brandon,Lewis,Commons,Minister of State (Home Office) (Immigration),2017-06-11,2018-01-08,211.0,,,Conservative,Theresa May,https://id.parliament.uk/C91rcqgY,4009
David,Lidington,Commons,Lord Chancellor and Secretary of State for Justice,2017-06-11,2018-01-08,211.0,,,Conservative,Theresa May,https://id.parliament.uk/EPhidb9p,15
David,Gauke,Commons,Secretary of State for Work and Pensions,2017-06-11,2018-01-08,211.0,,,Conservative,Theresa May,https://id.parliament.uk/iavMcgms,1529
Nicholas,Hurd,Commons,Minister of State (Home Office),2017-06-12,2019-07-25,773.0,,,Conservative,Theresa May,https://id.parliament.uk/nXTZ5A4D,1561
Anne,Milton,Commons,Minister of State (Education),2017-06-12,2019-07-23,771.0,,,Conservative,Theresa May,https://id.parliament.uk/A0LvTNMZ,1523
Claire,Perry,Commons,"Minister of State (Business, Energy and Industrial Strategy) (Energy and Clean Growth)",2017-06-12,2019-07-25,773.0,,,Conservative,Theresa May,https://id.parliament.uk/3BxUtAOr,3974
Melvyn,Stride,Commons,Financial Secretary to the Treasury and Paymaster General,2017-06-12,2019-05-23,710.0,,,Conservative,Theresa May,https://id.parliament.uk/dEAJKHTK,3935
Robert,Goodwill,Commons,Minister of State (Education),2017-06-12,2018-01-09,211.0,,,Conservative,Theresa May,https://id.parliament.uk/tXbYU8RO,1562
Joyce,Anelay,Lords,Minister of State (Department for Exiting the European Union),2017-06-12,2017-10-27,137.0,,,Conservative,Theresa May,https://id.parliament.uk/6uKzYpoj,3474
Alistair,Burt,Commons,Minister of State (Foreign and Commonwealth Office) (Joint with the Department for International Development),2017-06-13,2019-03-25,650.0,,,Conservative,Theresa May,https://id.parliament.uk/OxbSuAew,1201
Steven,Baker,Commons,Parliamentary Under-Secretary (Department for Exiting the European Union),2017-06-13,2018-07-08,390.0,,,Conservative,Theresa May,https://id.parliament.uk/LQYyrSHJ,4064
Gregory,Hands,Commons,Minister of State (Department for International Trade) (and Minister for London),2017-06-13,2018-01-09,210.0,,,Conservative,Theresa May,https://id.parliament.uk/7Tsbxzkf,1526
Julian,Smith,Commons,"Treasurer of HM Household (Deputy Chief Whip, House of Commons)",2017-06-13,2017-11-02,142.0,,,Conservative,Theresa May,https://id.parliament.uk/V7RM28pf,4118
Roderick,Stewart,Commons,Minister of State (Department for International Development) (Joint with the Foreign and Commonwealth Office),2017-06-13,2018-01-09,210.0,,,Conservative,Theresa May,https://id.parliament.uk/AXsJ7KXj,4137
Roderick,Stewart,Commons,Minister of State (Foreign and Commonwealth Office) (Joint with the Department for International Development),2017-06-13,2018-01-09,210.0,,,Conservative,Theresa May,https://id.parliament.uk/AXsJ7KXj,4137
Mark,Lancaster,Commons,Minister of State (Ministry of Defence),2017-06-13,2019-12-12,912.0,,,Conservative,Theresa May,https://id.parliament.uk/jbphoOAr,1544
Alok,Sharma,Commons,Minister of State (Communities and Local Government),2017-06-13,2018-01-09,210.0,,,Conservative,Theresa May,https://id.parliament.uk/FyvJWi3Q,4014
Dominic,Raab,Commons,Minister of State (Ministry of Justice),2017-06-13,2018-01-09,210.0,,,Conservative,Theresa May,https://id.parliament.uk/zjs8wUR3,4007
Mark,Field,Commons,Minister of State (Foreign and Commonwealth Office),2017-06-13,2019-07-25,772.0,,,Conservative,Theresa May,https://id.parliament.uk/rk95p4uH,1405
Alistair,Burt,Commons,Minister of State (Department for International Development) (Joint with the Foreign and Commonwealth Office),2017-06-13,2019-03-25,650.0,,,Conservative,Theresa May,https://id.parliament.uk/OxbSuAew,1201
Tariq,Ahmad,Lords,Minister of State (Foreign and Commonwealth Office),2017-06-13,2020-09-02,1177.0,,,Conservative,Theresa May,https://id.parliament.uk/ay1P3rz4,4210
Tobias,Ellwood,Commons,Parliamentary Under-Secretary (Ministry of Defence),2017-06-14,2019-07-27,773.0,,,Conservative,Theresa May,https://id.parliament.uk/lcCpkkJg,1487
Jacqueline,Doyle-Price,Commons,Parliamentary Under-Secretary (Department of Health),2017-06-14,2018-01-08,208.0,,,Conservative,Theresa May,https://id.parliament.uk/M9UpoF65,4065
Martin,Callanan,Lords,Parliamentary Under-Secretary (Department for Transport),2017-06-14,2017-10-27,135.0,,,Conservative,Theresa May,https://id.parliament.uk/whOXGIBF,4336
Caroline,Nokes,Commons,Parliamentary Under-Secretary (Cabinet Office),2017-06-14,2018-01-08,208.0,,,Conservative,Theresa May,https://id.parliament.uk/HxCebLEz,4048
Caroline,Dinenage,Commons,Parliamentary Under-Secretary (Department for Work and Pensions),2017-06-14,2018-01-09,209.0,,,Conservative,Theresa May,https://id.parliament.uk/SM4SE1Dh,4008
Stephen,Barclay,Commons,Economic Secretary (HM Treasury),2017-06-14,2018-01-09,209.0,,,Conservative,Theresa May,https://id.parliament.uk/nBemRbWt,4095
Alexander,Norman,Commons,Parliamentary Under-Secretary (Department for Transport),2017-06-14,2018-11-09,513.0,,,Conservative,Theresa May,https://id.parliament.uk/m3Dx06Vx,3991
John,Glen,Commons,"Parliamentary Under-Secretary (Department for Culture, Media and Sport)",2017-06-14,2017-07-03,19.0,,,Conservative,Theresa May,https://id.parliament.uk/26NskGIS,4051
Stephen,Brine,Commons,Parliamentary Under-Secretary (Department of Health),2017-06-14,2018-01-08,208.0,,,Conservative,Theresa May,https://id.parliament.uk/dDfVSqO0,4067
Chloe,Smith,Commons,Parliamentary Under-Secretary (Northern Ireland Office),2017-06-14,2018-01-09,209.0,,,Conservative,Theresa May,https://id.parliament.uk/trjrjVxb,1609
Richard,Harrington,Commons,"Parliamentary Under-Secretary (Department for Business, Energy and Industrial Strategy)",2017-06-14,2019-03-25,649.0,,,Conservative,Theresa May,https://id.parliament.uk/z6VN5jkf,4068
Guy,Opperman,Commons,Parliamentary Under-Secretary (Department for Work and Pensions),2017-06-14,2022-07-07,1849.0,,,Conservative,Theresa May,https://id.parliament.uk/KRgnTeJ7,4142
James,Berry,Commons,Parliamentary Under-Secretary (Department for Communities and Local Government),2017-06-14,2018-01-08,208.0,,,Conservative,Theresa May,https://id.parliament.uk/9M7c9HIy,4060
Nicholas,Bourne,Lords,Parliamentary Under-Secretary (Northern Ireland Office),2017-06-14,2017-10-27,135.0,,,Conservative,Theresa May,https://id.parliament.uk/bEIsPDd1,4282
Craig,Whittaker,Commons,Assistant Whip (HM Treasury),2017-06-15,2018-01-09,208.0,,,Conservative,Theresa May,https://id.parliament.uk/kX4bGw43,3940
Heather,Wheeler,Commons,Lord Commissioner (HM Treasury) (Whip),2017-06-15,2018-01-09,208.0,,,Conservative,Theresa May,https://id.parliament.uk/hGqCOo3s,4053
Peta,Buscombe,Lords,Parliamentary Under-Secretary (Department for Work and Pensions),2017-06-15,2019-07-30,775.0,,,Conservative,Theresa May,https://id.parliament.uk/yRcaLoKA,3349
Andrew,Stephenson,Commons,Assistant Whip (HM Treasury),2017-06-15,2018-01-09,208.0,,,Conservative,Theresa May,https://id.parliament.uk/xPajTduv,4044
Nigel,Adams,Commons,Assistant Whip (HM Treasury),2017-06-15,2018-01-09,208.0,,,Conservative,Theresa May,https://id.parliament.uk/iPAQq1CK,4057
Christopher,Heaton-Harris,Commons,"Vice Chamberlain (HM Household) (Whip, House of Commons)",2017-06-15,2018-01-09,208.0,,,Conservative,Theresa May,https://id.parliament.uk/6xdB80aQ,3977
Stuart,Andrew,Commons,Assistant Whip (HM Treasury),2017-06-15,2018-07-19,399.0,,,Conservative,Theresa May,https://id.parliament.uk/Gi80AXwX,4032
Andrew,Jones,Commons,Exchequer Secretary (HM Treasury),2017-06-15,2018-01-08,207.0,,,Conservative,Theresa May,https://id.parliament.uk/Gs2gaawW,3996
Rebecca,Harris,Commons,Assistant Whip (HM Treasury),2017-06-15,2018-01-09,208.0,,,Conservative,Theresa May,https://id.parliament.uk/pyF90GL4,3948
Michael,Freer,Commons,Assistant Whip (HM Treasury),2017-06-15,2018-07-26,406.0,,,Conservative,Theresa May,https://id.parliament.uk/aNKrLGEh,4004
Christopher,Pincher,Commons,"Comptroller (HM Household) (Whip, House of Commons)",2017-06-15,2017-11-05,143.0,,,Conservative,Theresa May,https://id.parliament.uk/W4hBGj4J,4075
David,Rutley,Commons,Lord Commissioner (HM Treasury) (Whip),2017-06-15,2021-09-17,1555.0,,,Conservative,Theresa May,https://id.parliament.uk/ddPvPaAc,4033
Mark,Spencer,Commons,Lord Commissioner (HM Treasury) (Whip),2017-06-15,2018-01-09,208.0,,,Conservative,Theresa May,https://id.parliament.uk/YWnDvo84,4055
Chloe,Smith,Commons,Assistant Whip (HM Treasury),2017-06-15,2018-01-09,208.0,,,Conservative,Theresa May,https://id.parliament.uk/trjrjVxb,1609
Elizabeth,Sugg,Lords,Baroness in Waiting (HM Household) (Whip),2017-06-20,2017-10-27,129.0,,,Conservative,Theresa May,https://id.parliament.uk/VZwvJGkO,4584
Ian,Duncan,Lords,Parliamentary Under-Secretary (Scotland Office),2017-06-20,2019-07-25,765.0,,,,Theresa May,https://id.parliament.uk/P2tWlrey,4686
Ian,Duncan,Lords,Parliamentary Under-Secretary (Wales Office),2017-06-20,2017-10-27,129.0,,,,Theresa May,https://id.parliament.uk/P2tWlrey,4686
Caroline,Chisholm,Lords,Baroness in Waiting (HM Household) (Whip),2017-06-20,2018-03-29,282.0,,,Conservative,Theresa May,https://id.parliament.uk/pLPt7rh8,4330
Tracey,Crouch,Commons,"Parliamentary Under-Secretary (Department for Digital, Culture, Media and Sport)",2017-07-03,2018-11-01,486.0,,,Conservative,Theresa May,https://id.parliament.uk/cNsdXWAb,3950
Matthew,Hancock,Commons,"Minister of State (Department for Digital, Culture, Media and Sport) (Digital Policy)",2017-07-03,2018-01-08,189.0,,,Conservative,Theresa May,https://id.parliament.uk/JgAyn8BZ,4070
John,Glen,Commons,"Parliamentary Under-Secretary (Department for Digital, Culture, Media and Sport)",2017-07-03,2018-01-09,190.0,,,Conservative,Theresa May,https://id.parliament.uk/26NskGIS,4051
Karen,Bradley,Commons,"Secretary of State for Digital, Culture, Media and Sport",2017-07-03,2018-01-08,189.0,,,Conservative,Theresa May,https://id.parliament.uk/PHtNfRSA,4110
Anne,Milton,Commons,Minister for Women,2017-07-03,2018-01-16,197.0,,,Conservative,Theresa May,https://id.parliament.uk/A0LvTNMZ,1523
Thomas,Ashton,Lords,"Parliamentary Under-Secretary (Department for Digital, Culture, Media and Sport)",2017-07-03,2019-07-26,753.0,,,Conservative,Theresa May,https://id.parliament.uk/QppbmtaE,4247
Rona,Fairhead,Lords,Minister of State (Department for International Trade),2017-09-28,2019-05-07,586.0,,,,Theresa May,https://id.parliament.uk/L8YqT2uk,4690
Theodore,Agnew,Lords,Parliamentary Under-Secretary (Department for Education),2017-09-28,2020-02-13,868.0,,,,Theresa May,https://id.parliament.uk/XR61M9aP,4689
Ian,Duncan,Lords,Parliamentary Under-Secretary (Northern Ireland Office),2017-10-27,2020-02-13,839.0,,,Conservative,Theresa May,https://id.parliament.uk/P2tWlrey,4686
Deborah,Stedman-Scott,Lords,Baroness in Waiting (HM Household) (Whip),2017-10-27,2019-07-29,640.0,,,Conservative,Theresa May,https://id.parliament.uk/vWas5sC8,4174
Nicholas,Bourne,Lords,Parliamentary Under-Secretary (Wales Office),2017-10-27,2019-07-24,635.0,,,Conservative,Theresa May,https://id.parliament.uk/bEIsPDd1,4282
Martin,Callanan,Lords,Minister of State (Department for Exiting the European Union),2017-10-27,2020-02-12,838.0,,,Conservative,Theresa May,https://id.parliament.uk/whOXGIBF,4336
Elizabeth,Sugg,Lords,Parliamentary Under-Secretary (Department for Transport),2017-10-27,2019-04-23,543.0,,,Conservative,Theresa May,https://id.parliament.uk/VZwvJGkO,4584
Oliver,Eden,Lords,"Parliamentary Under-Secretary (Department for Business, Energy and Industrial Strategy)",2017-10-27,2019-07-26,637.0,,,Conservative,Theresa May,https://id.parliament.uk/aDv4Y6kY,2616
Esther,McVey,Commons,"Treasurer of HM Household (Deputy Chief Whip, House of Commons)",2017-11-02,2018-01-08,67.0,,,Conservative,Theresa May,https://id.parliament.uk/Hxki00jc,4084
Julian,Smith,Commons,Parliamentary Secretary to the Treasury and Chief Whip,2017-11-02,2019-07-24,629.0,,,Conservative,Theresa May,https://id.parliament.uk/V7RM28pf,4118
Gavin,Williamson,Commons,Secretary of State for Defence,2017-11-02,2019-05-01,545.0,,,Conservative,Theresa May,https://id.parliament.uk/bgjHDpQ8,4108
Penelope,Mordaunt,Commons,Secretary of State for International Development,2017-11-09,2019-05-01,538.0,,,Conservative,Theresa May,https://id.parliament.uk/RMNQDZri,4017
Victoria,Atkins,Commons,Parliamentary Under-Secretary (Home Office),2017-11-09,2021-09-16,1407.0,,,Conservative,Theresa May,https://id.parliament.uk/QAHSUmv8,4399
Sarah,Newton,Commons,Minister of State (Department for Work and Pensions),2017-11-09,2019-03-13,489.0,,,Conservative,Theresa May,https://id.parliament.uk/GnZTW5nB,4071
Jeremy,Hunt,Commons,Secretary of State for Health and Social Care,2018-01-08,2018-07-09,182.0,,,Conservative,Theresa May,https://id.parliament.uk/x6FOPcns,1572
David,Gauke,Commons,Lord Chancellor and Secretary of State for Justice,2018-01-08,2019-07-24,562.0,,,Conservative,Theresa May,https://id.parliament.uk/iavMcgms,1529
Esther,McVey,Commons,Secretary of State for Work and Pensions,2018-01-08,2018-11-15,311.0,,,Conservative,Theresa May,https://id.parliament.uk/Hxki00jc,4084
Stephen,Brine,Commons,Parliamentary Under-Secretary (Department of Health and Social Care),2018-01-08,2019-03-25,441.0,,,Conservative,Theresa May,https://id.parliament.uk/dDfVSqO0,4067
Caroline,Nokes,Commons,Minister of State (Home Office) (Immigration),2018-01-08,2019-07-24,562.0,,,Conservative,Theresa May,https://id.parliament.uk/HxCebLEz,4048
Nicholas,Bourne,Lords,"Parliamentary Under-Secretary (Housing, Communities and Local Government)",2018-01-08,2019-07-24,562.0,,,Conservative,Theresa May,https://id.parliament.uk/bEIsPDd1,4282
Damian,Hinds,Commons,Secretary of State for Education,2018-01-08,2019-07-24,562.0,,,Conservative,Theresa May,https://id.parliament.uk/3KZvvnyo,3969
Sajid,Javid,Commons,"Secretary of State for Housing, Communities and Local Government",2018-01-08,2018-04-30,112.0,,,Conservative,Theresa May,https://id.parliament.uk/YHylN7q7,3945
Matthew,Hancock,Commons,"Secretary of State for Digital, Culture, Media and Sport",2018-01-08,2018-07-09,182.0,,,Conservative,Theresa May,https://id.parliament.uk/JgAyn8BZ,4070
Karen,Bradley,Commons,Secretary of State for Northern Ireland,2018-01-08,2019-07-24,562.0,,,Conservative,Theresa May,https://id.parliament.uk/PHtNfRSA,4110
James,Berry,Commons,"Parliamentary Under-Secretary (Housing, Communities and Local Government)",2018-01-08,2019-07-25,563.0,,,Conservative,Theresa May,https://id.parliament.uk/9M7c9HIy,4060
Jacqueline,Doyle-Price,Commons,Parliamentary Under-Secretary (Department of Health and Social Care),2018-01-08,2019-07-26,564.0,,,Conservative,Theresa May,https://id.parliament.uk/M9UpoF65,4065
James,O'Shaughnessy,Lords,Parliamentary Under-Secretary (Department of Health and Social Care),2018-01-08,2018-12-31,357.0,,,Conservative,Theresa May,https://id.parliament.uk/WCvs6ZnX,4545
David,Lidington,Commons,Minister of State (Cabinet Office),2018-01-08,2019-07-24,562.0,,,Conservative,Theresa May,https://id.parliament.uk/EPhidb9p,15
David,Lidington,Commons,Chancellor of the Duchy of Lancaster,2018-01-08,2019-07-24,562.0,,,Conservative,Theresa May,https://id.parliament.uk/EPhidb9p,15
Andrew,Griffiths,Commons,"Parliamentary Under-Secretary (Department for Business, Energy and Industrial Strategy)",2018-01-09,2018-07-14,186.0,,,Conservative,Theresa May,https://id.parliament.uk/45sPuDr6,3936
Stephen,Barclay,Commons,Minister of State (Department of Health and Social Care),2018-01-09,2018-11-16,311.0,,,Conservative,Theresa May,https://id.parliament.uk/nBemRbWt,4095
Gregory,Hands,Commons,Minister of State (Department for International Trade),2018-01-09,2018-06-21,163.0,,,Conservative,Theresa May,https://id.parliament.uk/7Tsbxzkf,1526
Christopher,Pincher,Commons,"Treasurer of HM Household (Deputy Chief Whip, House of Commons)",2018-01-09,2019-07-25,562.0,,,Conservative,Theresa May,https://id.parliament.uk/W4hBGj4J,4075
Nusrat,Ul-Ghani,Commons,Parliamentary Under-Secretary (Department for Transport),2018-01-09,2020-02-13,765.0,,,Conservative,Theresa May,https://id.parliament.uk/g9m5rSVd,4460
Dominic,Raab,Commons,"Minister of State (Housing, Communities and Local Government)",2018-01-09,2018-07-09,181.0,,,Conservative,Theresa May,https://id.parliament.uk/zjs8wUR3,4007
Guto,Bebb,Commons,Parliamentary Under-Secretary (Ministry of Defence),2018-01-09,2018-07-16,188.0,,,Conservative,Theresa May,https://id.parliament.uk/lkfzGvnx,3910
Kelly,Tolhurst,Commons,Assistant Whip (HM Treasury),2018-01-09,2018-07-19,191.0,,,Conservative,Theresa May,https://id.parliament.uk/l2T1nZKg,4487
Nusrat,Ul-Ghani,Commons,Assistant Whip (HM Treasury),2018-01-09,2019-07-11,548.0,,,Conservative,Theresa May,https://id.parliament.uk/g9m5rSVd,4460
Samuel,Gyimah,Commons,"Minister of State (Business, Energy and Industrial Strategy) (Higher Education)",2018-01-09,2018-12-02,327.0,,,Conservative,Theresa May,https://id.parliament.uk/WapfNXOe,3980
Amber,Rudd,Commons,Minister for Women and Equalities,2018-01-09,2018-04-29,110.0,,,Conservative,Theresa May,https://id.parliament.uk/sSNJW42u,3983
Samuel,Gyimah,Commons,Minister of State (Education),2018-01-09,2018-12-02,327.0,,,Conservative,Theresa May,https://id.parliament.uk/WapfNXOe,3980
Sue-Ellen,Braverman,Commons,Parliamentary Under-Secretary (Department for Exiting the European Union),2018-01-09,2018-11-15,310.0,,,Conservative,Theresa May,https://id.parliament.uk/jlAAlWAo,4475
Christopher,Heaton-Harris,Commons,"Comptroller (HM Household) (Whip, House of Commons)",2018-01-09,2018-07-09,181.0,,,Conservative,Theresa May,https://id.parliament.uk/6xdB80aQ,3977
Rebecca,Harris,Commons,Lord Commissioner (HM Treasury) (Whip),2018-01-09,2022-07-07,1640.0,,,Conservative,Theresa May,https://id.parliament.uk/pyF90GL4,3948
Rishi,Sunak,Commons,"Parliamentary Under-Secretary (Housing, Communities and Local Government)",2018-01-09,2019-07-24,561.0,,,Conservative,Theresa May,https://id.parliament.uk/iuC0IKzw,4483
Graham,Stuart,Commons,Parliamentary Under-Secretary (Department for International Trade),2018-01-09,2021-09-16,1346.0,,,Conservative,Theresa May,https://id.parliament.uk/uyQOJxJ0,1482
Jo,Johnson,Commons,Minister of State (Department for Transport),2018-01-09,2018-11-09,304.0,,,Conservative,Theresa May,https://id.parliament.uk/0ZbA7k1o,4039
Shailesh,Vara,Commons,Parliamentary Under-Secretary (Northern Ireland Office),2018-01-09,2018-07-23,195.0,,,Conservative,Theresa May,https://id.parliament.uk/Uj24yw4q,1496
Roderick,Stewart,Commons,Minister of State (Ministry of Justice),2018-01-09,2019-05-01,477.0,,,Conservative,Theresa May,https://id.parliament.uk/AXsJ7KXj,4137
Christopher,Malthouse,Commons,Parliamentary Under-Secretary (Department for Work and Pensions),2018-01-09,2018-07-09,181.0,,,Conservative,Theresa May,https://id.parliament.uk/K9fWqlEA,4495
Jo,Johnson,Commons,Minister of State (London),2018-01-09,2018-11-09,304.0,,,Conservative,Theresa May,https://id.parliament.uk/0ZbA7k1o,4039
John,Glen,Commons,Economic Secretary (HM Treasury),2018-01-09,2022-07-06,1639.0,,,Conservative,Theresa May,https://id.parliament.uk/26NskGIS,4051
John,Glen,Commons,Minister of State (Treasury) (City),2018-01-09,2022-07-06,1639.0,,,Conservative,Theresa May,https://id.parliament.uk/26NskGIS,4051
Heather,Wheeler,Commons,"Parliamentary Under-Secretary (Housing, Communities and Local Government)",2018-01-09,2019-07-26,563.0,,,Conservative,Theresa May,https://id.parliament.uk/hGqCOo3s,4053
Robert,Jenrick,Commons,Exchequer Secretary (HM Treasury),2018-01-09,2019-07-24,561.0,,,Conservative,Theresa May,https://id.parliament.uk/n4KBuZO5,4320
Craig,Whittaker,Commons,Lord Commissioner (HM Treasury) (Whip),2018-01-09,2019-04-16,462.0,,,Conservative,Theresa May,https://id.parliament.uk/kX4bGw43,3940
Miriam,Davies,Commons,Assistant Whip (HM Treasury),2018-01-09,2018-11-05,300.0,,,Conservative,Theresa May,https://id.parliament.uk/GR6SZK1Z,4513
Brandon,Lewis,Commons,Minister without Portfolio (Cabinet Office),2018-01-09,2019-07-24,561.0,,,Conservative,Theresa May,https://id.parliament.uk/C91rcqgY,4009
Andrew,Stephenson,Commons,Lord Commissioner (HM Treasury) (Whip),2018-01-09,2018-07-26,198.0,,,Conservative,Theresa May,https://id.parliament.uk/xPajTduv,4044
Nigel,Adams,Commons,Lord Commissioner (HM Treasury) (Whip),2018-01-09,2018-11-05,300.0,,,Conservative,Theresa May,https://id.parliament.uk/iPAQq1CK,4057
Mark,Spencer,Commons,"Vice Chamberlain (HM Household) (Whip, House of Commons)",2018-01-09,2018-07-26,198.0,,,Conservative,Theresa May,https://id.parliament.uk/YWnDvo84,4055
Lucy,Leigh (Frazer),Commons,Parliamentary Under-Secretary (Ministry of Justice),2018-01-09,2019-05-09,485.0,,,Conservative,Theresa May,https://id.parliament.uk/SWXSOmi9,4517
Caroline,Dinenage,Commons,Minister of State (Department of Health and Social Care),2018-01-09,2020-02-13,765.0,,,Conservative,Theresa May,https://id.parliament.uk/SM4SE1Dh,4008
Oliver,Dowden,Commons,Parliamentary Secretary (Cabinet Office),2018-01-09,2019-07-24,561.0,,,Conservative,Theresa May,https://id.parliament.uk/atcqNbc1,4441
Paul,Maynard,Commons,Lord Commissioner (HM Treasury) (Whip),2018-01-09,2019-05-09,485.0,,,Conservative,Theresa May,https://id.parliament.uk/hp6OdiqK,3926
Harriett,Baldwin,Commons,Minister of State (Foreign and Commonwealth Office) (Joint with the Department for International Development),2018-01-09,2019-07-25,562.0,,,Conservative,Theresa May,https://id.parliament.uk/2LUJUXE2,4107
Amanda,Milling,Commons,Assistant Whip (HM Treasury),2018-01-09,2019-07-25,562.0,,,Conservative,Theresa May,https://id.parliament.uk/SaVzFDvI,4454
Chloe,Smith,Commons,Parliamentary Secretary (Cabinet Office),2018-01-09,2020-02-13,765.0,,,Conservative,Theresa May,https://id.parliament.uk/trjrjVxb,1609
Nadhim,Zahawi,Commons,Parliamentary Under-Secretary (Department for Education),2018-01-09,2019-07-26,563.0,,,Conservative,Theresa May,https://id.parliament.uk/HscvKHnF,4113
Stuart,Andrew,Commons,Parliamentary Under-Secretary (Wales Office),2018-01-09,2018-07-19,191.0,,,Conservative,Theresa May,https://id.parliament.uk/Gi80AXwX,4032
Alok,Sharma,Commons,Minister of State (Department for Work and Pensions),2018-01-09,2019-07-24,561.0,,,Conservative,Theresa May,https://id.parliament.uk/FyvJWi3Q,4014
Wendy,Morton,Commons,Assistant Whip (HM Treasury),2018-01-09,2019-07-26,563.0,,,Conservative,Theresa May,https://id.parliament.uk/j6Lei0y7,4358
Michael,Ellis,Commons,"Parliamentary Under-Secretary (Department for Digital, Culture, Media and Sport)",2018-01-09,2019-05-23,499.0,,,Conservative,Theresa May,https://id.parliament.uk/NYp5fsei,4116
Johanna,Churchill,Commons,Assistant Whip (HM Treasury),2018-01-09,2019-07-26,563.0,,,Conservative,Theresa May,https://id.parliament.uk/1P3gl8pl,4380
Harriett,Baldwin,Commons,Minister of State (Department for International Development) (Joint with the Foreign and Commonwealth Office),2018-01-09,2019-07-25,562.0,,,Conservative,Theresa May,https://id.parliament.uk/2LUJUXE2,4107
Margot,James,Commons,"Minister of State (Department for Digital, Culture, Media and Sport) (Digital Policy)",2018-01-09,2019-07-18,555.0,,,Conservative,Theresa May,https://id.parliament.uk/v2rvEcQa,4115
Susan,Williams,Lords,Minister for Equalities (Department for International Development),2018-01-09,2020-02-13,765.0,,,Conservative,Theresa May,https://id.parliament.uk/9euzXdH0,4311
Victoria,Atkins,Commons,Minister for Women,2018-01-16,2020-02-13,758.0,,,Conservative,Theresa May,https://id.parliament.uk/QAHSUmv8,4399
Zahida,Manzoor,Lords,Baroness in Waiting (HM Household) (Whip),2018-03-29,2019-05-07,404.0,,,Conservative,Theresa May,https://id.parliament.uk/VFeTct9b,4289
Penelope,Mordaunt,Commons,Minister for Women and Equalities,2018-04-30,2019-07-24,450.0,,,Conservative,Theresa May,https://id.parliament.uk/RMNQDZri,4017
Sajid,Javid,Commons,Home Secretary,2018-04-30,2019-07-24,450.0,,,Conservative,Theresa May,https://id.parliament.uk/YHylN7q7,3945
James,Brokenshire,Commons,"Secretary of State for Housing, Communities and Local Government",2018-04-30,2019-07-24,450.0,,,Conservative,Theresa May,https://id.parliament.uk/HENgq022,1530
Nigel,Adams,Commons,"Parliamentary Under-Secretary (Housing, Communities and Local Government)",2018-05-22,2018-11-05,167.0,,,Conservative,Theresa May,https://id.parliament.uk/iPAQq1CK,4057
David,Rutley,Commons,"Parliamentary Under-Secretary (Department for Environment, Food and Rural Affairs)",2018-05-22,2018-07-19,58.0,,,Conservative,Theresa May,https://id.parliament.uk/ddPvPaAc,4033
Edward,Argar,Commons,Parliamentary Under-Secretary (Ministry of Justice),2018-06-14,2019-09-10,453.0,,,Conservative,Theresa May,https://id.parliament.uk/lMvp3beP,4362
George,Hollingbery,Commons,Minister of State (International Trade),2018-06-21,2019-07-25,399.0,,,Conservative,Theresa May,https://id.parliament.uk/7vVLikXs,4016
Justin,Tomlinson,Commons,Parliamentary Under-Secretary (Department for Work and Pensions),2018-07-09,2019-04-04,269.0,,,Conservative,Theresa May,https://id.parliament.uk/LNgSfXCb,4105
Dominic,Raab,Commons,Secretary of State for Exiting the European Union,2018-07-09,2018-11-15,129.0,,,Conservative,Theresa May,https://id.parliament.uk/zjs8wUR3,4007
Jeremy,Hunt,Commons,Secretary of State for Foreign and Commonwealth Affairs,2018-07-09,2019-07-24,380.0,,,Conservative,Theresa May,https://id.parliament.uk/x6FOPcns,1572
Christopher,Malthouse,Commons,"Minister of State (Housing, Communities and Local Government)",2018-07-09,2019-07-25,381.0,,,Conservative,Theresa May,https://id.parliament.uk/K9fWqlEA,4495
Christopher,Heaton-Harris,Commons,Parliamentary Under-Secretary (Department for Exiting the European Union),2018-07-09,2019-04-03,268.0,,,Conservative,Theresa May,https://id.parliament.uk/6xdB80aQ,3977
Matthew,Hancock,Commons,Secretary of State for Health and Social Care,2018-07-09,2021-06-26,1083.0,,,Conservative,Theresa May,https://id.parliament.uk/JgAyn8BZ,4070
Jeremy,Wright,Commons,"Secretary of State for Digital, Culture, Media and Sport",2018-07-09,2019-07-24,380.0,,,Conservative,Theresa May,https://id.parliament.uk/dcfUDdFC,1560
Charles,Cox,Commons,Attorney General,2018-07-09,2020-02-13,584.0,,,Conservative,Theresa May,https://id.parliament.uk/hAm53hFE,1508
Stuart,Andrew,Commons,Parliamentary Under-Secretary (Ministry of Defence),2018-07-19,2019-07-28,374.0,,,Conservative,Theresa May,https://id.parliament.uk/Gi80AXwX,4032
Kelly,Tolhurst,Commons,"Parliamentary Under-Secretary (Department for Business, Energy and Industrial Strategy)",2018-07-19,2020-02-13,574.0,,,Conservative,Theresa May,https://id.parliament.uk/l2T1nZKg,4487
Shailesh,Vara,Commons,Minister of State (Northern Ireland Office),2018-07-23,2018-11-15,115.0,,,Conservative,Theresa May,https://id.parliament.uk/Uj24yw4q,1496
Miriam,Davies,Commons,Parliamentary Under-Secretary (Wales Office),2018-07-26,2018-11-05,102.0,,,Conservative,Theresa May,https://id.parliament.uk/GR6SZK1Z,4513
Michelle,Donelan,Commons,Assistant Whip,2018-07-26,2019-07-29,368.0,,,Conservative,Theresa May,https://id.parliament.uk/Ad0YHzrk,4530
Jeremy,Quin,Commons,Assistant Whip,2018-07-26,2018-11-05,102.0,,,Conservative,Theresa May,https://id.parliament.uk/3cCGfc83,4507
Iain,Stewart,Commons,Assistant Whip,2018-07-26,2019-12-17,509.0,,,Conservative,Theresa May,https://id.parliament.uk/LIlHB31m,4015
Andrew,Stephenson,Commons,"Vice Chamberlain (HM Household) (Whip, House of Commons)",2018-07-26,2019-04-04,252.0,,,Conservative,Theresa May,https://id.parliament.uk/xPajTduv,4044
Michael,Freer,Commons,Lord Commissioner (HM Treasury) (Whip),2018-07-26,2019-07-01,340.0,,,Conservative,Theresa May,https://id.parliament.uk/aNKrLGEh,4004
Mark,Spencer,Commons,"Comptroller (HM Household) (Whip, House of Commons)",2018-07-26,2019-07-24,363.0,,,Conservative,Theresa May,https://id.parliament.uk/YWnDvo84,4055
Jeremy,Quin,Commons,Lord Commissioner (HM Treasury) (Whip),2018-11-05,2019-12-16,406.0,,,Conservative,Theresa May,https://id.parliament.uk/3cCGfc83,4507
Nigel,Adams,Commons,Parliamentary Under-Secretary (Wales Office),2018-11-05,2019-04-03,149.0,,,Conservative,Theresa May,https://id.parliament.uk/iPAQq1CK,4057
Nigel,Adams,Commons,Assistant Whip,2018-11-05,2019-04-03,149.0,,,Conservative,Theresa May,https://id.parliament.uk/iPAQq1CK,4057
Miriam,Davies,Commons,"Parliamentary Under-Secretary (Department for Digital, Culture, Media and Sport)",2018-11-05,2019-07-25,262.0,,,Conservative,Theresa May,https://id.parliament.uk/GR6SZK1Z,4513
Gareth,Johnson,Commons,Assistant Whip,2018-11-05,2019-01-14,70.0,,,Conservative,Theresa May,https://id.parliament.uk/FwqGTLQH,3970
Alexander,Norman,Commons,Minister of State (Department for Transport),2018-11-12,2019-05-23,192.0,,,Conservative,Theresa May,https://id.parliament.uk/m3Dx06Vx,3991
Andrew,Jones,Commons,Parliamentary Under-Secretary (Department for Transport),2018-11-13,2019-07-26,255.0,,,Conservative,Theresa May,https://id.parliament.uk/Gs2gaawW,3996
Nicholas,Hurd,Commons,Minister of State (London),2018-11-14,2019-12-16,397.0,,,Conservative,Theresa May,https://id.parliament.uk/nXTZ5A4D,1561
Kwasi,Kwarteng,Commons,Parliamentary Under-Secretary (Department for Exiting the European Union),2018-11-16,2019-07-24,250.0,,,Conservative,Theresa May,https://id.parliament.uk/sdCPc48H,4134
John,Penrose,Commons,Minister of State (Northern Ireland Office),2018-11-16,2019-07-26,252.0,,,Conservative,Theresa May,https://id.parliament.uk/JJ3Ox3Vn,1584
Stephen,Barclay,Commons,Secretary of State for Exiting the European Union,2018-11-16,2020-01-31,441.0,,,Conservative,Theresa May,https://id.parliament.uk/nBemRbWt,4095
Stephen,Hammond,Commons,Minister of State (Department of Health and Social Care),2018-11-16,2019-07-25,251.0,,,Conservative,Theresa May,https://id.parliament.uk/jBPXvMye,1585
Amber,Rudd,Commons,Secretary of State for Work and Pensions,2018-11-16,2019-09-07,295.0,,,Conservative,Theresa May,https://id.parliament.uk/sSNJW42u,3983
Diana,Barran,Lords,Baroness in Waiting (HM Household) (Whip),2018-11-22,2019-07-26,246.0,,,Conservative,Theresa May,https://id.parliament.uk/s8vARVLK,4703
Christopher,Skidmore,Commons,"Minister of State (Department for Business, Energy and Industrial Strategy) (Universities and Science) (Joint with the Department for Education)",2018-12-05,2019-07-24,231.0,,,Conservative,Theresa May,https://id.parliament.uk/GBlBooSn,4021
Alister,Jack,Commons,Assistant Whip,2019-02-20,2019-04-23,62.0,,,Conservative,Theresa May,https://id.parliament.uk/THj4Lv54,4619
Robert,Goodwill,Commons,"Minister of State (Department for Environment, Food and Rural Affairs)",2019-03-05,2019-07-25,142.0,,,Conservative,Theresa May,https://id.parliament.uk/tXbYU8RO,1562
Seema,Kennedy,Commons,Parliamentary Under-Secretary (Department of Health and Social Care),2019-04-04,2019-07-27,114.0,,,Conservative,Theresa May,https://id.parliament.uk/iLwJcp14,4455
Justin,Tomlinson,Commons,Minister of State (Department for Work and Pensions),2019-04-04,2021-09-16,896.0,,,Conservative,Theresa May,https://id.parliament.uk/LNgSfXCb,4105
Andrew,Stephenson,Commons,"Parliamentary Under-Secretary (Department for Business, Energy and Industrial Strategy)",2019-04-04,2019-07-25,112.0,,,Conservative,Theresa May,https://id.parliament.uk/xPajTduv,4044
Kevin,Foster,Commons,Assistant Whip,2019-04-04,2019-12-16,256.0,,,Conservative,Theresa May,https://id.parliament.uk/Zm3jlHZH,4451
William,Quince,Commons,Parliamentary Under-Secretary (Department for Work and Pensions),2019-04-04,2021-09-16,896.0,,,Conservative,Theresa May,https://id.parliament.uk/gWzeTtB9,4423
Kevin,Foster,Commons,Parliamentary Under-Secretary (Wales Office),2019-04-04,2019-12-16,256.0,,,Conservative,Theresa May,https://id.parliament.uk/Zm3jlHZH,4451
James,Cleverly,Commons,Parliamentary Under-Secretary (Department for Exiting the European Union),2019-04-04,2019-07-24,111.0,,,Conservative,Theresa May,https://id.parliament.uk/BxEyDcsA,4366
Kevin,Foster,Commons,Parliamentary Secretary (Cabinet Office),2019-04-04,2019-10-31,210.0,,,Conservative,Theresa May,https://id.parliament.uk/Zm3jlHZH,4451
Craig,Whittaker,Commons,"Vice Chamberlain (HM Household) (Whip, House of Commons)",2019-04-16,2019-09-10,147.0,,,Conservative,Theresa May,https://id.parliament.uk/kX4bGw43,3940
Elizabeth,Sugg,Lords,Parliamentary Under-Secretary (Department for International Development),2019-04-23,2020-09-02,498.0,,,Conservative,Theresa May,https://id.parliament.uk/VZwvJGkO,4584
Alister,Jack,Commons,Lord Commissioner (HM Treasury) (Whip),2019-04-23,2019-07-24,92.0,,,Conservative,Theresa May,https://id.parliament.uk/THj4Lv54,4619
Charlotte,Vere,Lords,Parliamentary Under-Secretary (Department for Transport),2019-04-23,2023-11-13,1665.0,,,Conservative,Theresa May,https://id.parliament.uk/A9lFjU0c,4580
Roderick,Stewart,Commons,Secretary of State for International Development,2019-05-01,2019-07-24,84.0,,,Conservative,Theresa May,https://id.parliament.uk/AXsJ7KXj,4137
Penelope,Mordaunt,Commons,Secretary of State for Defence,2019-05-01,2019-07-24,84.0,,,Conservative,Theresa May,https://id.parliament.uk/RMNQDZri,4017
Paul,Maynard,Commons,Parliamentary Under-Secretary (Ministry of Justice),2019-05-09,2019-07-26,78.0,,,Conservative,Theresa May,https://id.parliament.uk/hp6OdiqK,3926
Lucy,Leigh (Frazer),Commons,Solicitor General (Attorney General's Office),2019-05-09,2019-07-25,77.0,,,Conservative,Theresa May,https://id.parliament.uk/SWXSOmi9,4517
Robert,Buckland,Commons,Minister of State (Ministry of Justice),2019-05-09,2019-07-24,76.0,,,Conservative,Theresa May,https://id.parliament.uk/OcLvTDR4,4106
Andrew,Murrison,Commons,Minister of State (Foreign and Commonwealth Office) (Joint with the Department for International Development),2019-05-09,2020-02-13,280.0,,,Conservative,Theresa May,https://id.parliament.uk/4CBJjeUo,1466
Alexander,Norman,Commons,Financial Secretary (HM Treasury),2019-05-23,2021-09-16,847.0,,,Conservative,Theresa May,https://id.parliament.uk/m3Dx06Vx,3991
Melvyn,Stride,Commons,Lord President of the Council and Leader of the House of Commons,2019-05-23,2019-07-24,62.0,,,Conservative,Theresa May,https://id.parliament.uk/dEAJKHTK,3935
Michael,Ellis,Commons,Minister of State (Department for Transport),2019-05-23,2019-07-26,64.0,,,Conservative,Theresa May,https://id.parliament.uk/NYp5fsei,4116
Alexander,Norman,Commons,Financial Secretary to the Treasury and Paymaster General,2019-05-23,2019-07-24,62.0,,,Conservative,Theresa May,https://id.parliament.uk/m3Dx06Vx,3991
Rebecca,Clark (Pow),Commons,"Parliamentary Under-Secretary (Department for Digital, Culture, Media and Sport)",2019-05-23,2019-09-10,110.0,,,Conservative,Theresa May,https://id.parliament.uk/ATjzXoFZ,4522
James,Berry,Commons,"Parliamentary Under-Secretary (Department for Business, Energy and Industrial Strategy)",2019-06-07,2019-07-25,48.0,,,Conservative,Theresa May,https://id.parliament.uk/9M7c9HIy,4060
Nusrat,Ul-Ghani,Commons,Lord Commissioner (HM Treasury) (Whip),2019-07-11,2019-12-17,159.0,,,Conservative,Theresa May,https://id.parliament.uk/g9m5rSVd,4460
James,Cleverly,Commons,Minister without Portfolio (Cabinet Office),2019-07-24,2020-02-13,204.0,,,Conservative,Theresa May,https://id.parliament.uk/BxEyDcsA,4366
Alexander,Johnson,Commons,"Prime Minister, First Lord of the Treasury, Minister for the Civil Service, and Minister for the Union",2019-07-24,2022-09-06,1140.0,,,Conservative,Theresa May,https://id.parliament.uk/hy2NFfe8,1423
Amber,Rudd,Commons,Minister for Women and Equalities,2019-07-24,2019-09-07,45.0,,,Conservative,Theresa May,https://id.parliament.uk/sSNJW42u,3983
Robert,Buckland,Commons,Lord Chancellor and Secretary of State for Justice,2019-07-24,2021-09-15,784.0,,,Conservative,Theresa May,https://id.parliament.uk/OcLvTDR4,4106
Rishi,Sunak,Commons,Chief Secretary to the Treasury,2019-07-24,2020-02-13,204.0,,,Conservative,Theresa May,https://id.parliament.uk/iuC0IKzw,4483
Sajid,Javid,Commons,Chancellor of the Exchequer,2019-07-24,2020-02-13,204.0,,,Conservative,Theresa May,https://id.parliament.uk/YHylN7q7,3945
Jo,Johnson,Commons,"Minister of State (Department for Business, Energy and Industrial Strategy)",2019-07-24,,,,,Conservative,Theresa May,https://id.parliament.uk/0ZbA7k1o,4039
Robert,Wallace,Commons,Secretary of State for Defence,2019-07-24,2023-08-31,1499.0,,,Conservative,Theresa May,https://id.parliament.uk/5BbmGpsu,1539
Julian,Smith,Commons,Secretary of State for Northern Ireland,2019-07-24,2020-02-13,204.0,,,Conservative,Theresa May,https://id.parliament.uk/V7RM28pf,4118
Christopher,Skidmore,Commons,Minister of State (Department of Health and Social Care),2019-07-24,2019-09-10,48.0,,,Conservative,Theresa May,https://id.parliament.uk/GBlBooSn,4021
Alister,Jack,Commons,Secretary of State for Scotland,2019-07-24,2024-07-05,1808.0,,,Conservative,Theresa May,https://id.parliament.uk/THj4Lv54,4619
Theresa,Villiers,Commons,"Secretary of State for Environment, Food and Rural Affairs",2019-07-24,2020-02-13,204.0,,,Conservative,Theresa May,https://id.parliament.uk/nxNQZEuc,1500
Nicky,Morgan,Commons,"Secretary of State for Digital, Culture, Media and Sport",2019-07-24,2020-02-13,204.0,,,Conservative,Theresa May,https://id.parliament.uk/ezWd6JpS,4027
Grant,Shapps,Commons,Secretary of State for Transport,2019-07-24,2022-09-06,1140.0,,,Conservative,Theresa May,https://id.parliament.uk/ZvG45buB,1582
Esther,McVey,Commons,"Minister of State (Housing, Communities and Local Government)",2019-07-24,2020-02-13,204.0,,,Conservative,Theresa May,https://id.parliament.uk/Hxki00jc,4084
Robert,Jenrick,Commons,"Secretary of State for Housing, Communities and Local Government",2019-07-24,2021-09-15,784.0,,,Conservative,Theresa May,https://id.parliament.uk/n4KBuZO5,4320
Elizabeth,Truss,Commons,Secretary of State for International Trade and President of the Board of Trade,2019-07-24,2021-09-15,784.0,,,Conservative,Theresa May,https://id.parliament.uk/dQvfKfAo,4097
Alok,Sharma,Commons,Secretary of State for International Development,2019-07-24,2020-02-13,204.0,,,Conservative,Theresa May,https://id.parliament.uk/FyvJWi3Q,4014
Andrea,Leadsom,Commons,"Secretary of State for Business, Energy and Industrial Strategy",2019-07-24,2020-02-13,204.0,,,Conservative,Theresa May,https://id.parliament.uk/V37kYFxZ,4117
Oliver,Dowden,Commons,Paymaster General (HM Treasury),2019-07-24,2020-02-13,204.0,,,Conservative,Theresa May,https://id.parliament.uk/atcqNbc1,4441
Brandon,Lewis,Commons,Minister of State (Home Office),2019-07-24,2020-02-13,204.0,,,Conservative,Theresa May,https://id.parliament.uk/C91rcqgY,4009
Dominic,Raab,Commons,Foreign Secretary and First Secretary of State,2019-07-24,2020-09-02,406.0,,,Conservative,Theresa May,https://id.parliament.uk/zjs8wUR3,4007
Oliver,Dowden,Commons,Minister of State (Cabinet Office),2019-07-24,2020-02-13,204.0,,,Conservative,Theresa May,https://id.parliament.uk/atcqNbc1,4441
Priti,Patel,Commons,Home Secretary,2019-07-24,2022-09-06,1140.0,,,Conservative,Theresa May,https://id.parliament.uk/nr4Qap3S,4066
Nigel,Adams,Commons,"Minister of State (Department for Digital, Culture, Media and Sport)",2019-07-24,2020-02-13,204.0,,,Conservative,Theresa May,https://id.parliament.uk/iPAQq1CK,4057
Michael,Gove,Commons,Chancellor of the Duchy of Lancaster,2019-07-24,2020-02-13,204.0,,,Conservative,Theresa May,https://id.parliament.uk/0K7kX33I,1571
Gavin,Williamson,Commons,Secretary of State for Education,2019-07-24,2021-09-15,784.0,,,Conservative,Theresa May,https://id.parliament.uk/bgjHDpQ8,4108
Kwasi,Kwarteng,Commons,"Minister of State (Department for Business, Energy and Industrial Strategy)",2019-07-24,2021-01-08,534.0,,,Conservative,Theresa May,https://id.parliament.uk/sdCPc48H,4134
Jacob,Rees-Mogg,Commons,Lord President of the Council and Leader of the House of Commons,2019-07-24,2022-02-08,930.0,,,Conservative,Theresa May,https://id.parliament.uk/7syCchhA,4099
Kwasi,Kwarteng,Commons,"Minister of State (Department for Business, Energy and Industrial Strategy)",2019-07-24,,,,,Conservative,Theresa May,https://id.parliament.uk/sdCPc48H,4134
Mark,Spencer,Commons,Parliamentary Secretary to the Treasury and Chief Whip,2019-07-24,2022-02-08,930.0,,,Conservative,Theresa May,https://id.parliament.uk/YWnDvo84,4055
Conor,Burns,Commons,Minister of State (Department for International Trade),2019-07-25,2020-05-04,284.0,,,Conservative,Boris Johnson,https://id.parliament.uk/3zu2dslt,3922
Christopher,Pincher,Commons,Minister of State (Foreign and Commonwealth Office),2019-07-25,2020-02-13,203.0,,,Conservative,Boris Johnson,https://id.parliament.uk/W4hBGj4J,4075
Lucy,Leigh (Frazer),Commons,Minister of State (Ministry of Justice),2019-07-25,2021-09-16,784.0,,,Conservative,Boris Johnson,https://id.parliament.uk/SWXSOmi9,4517
Miriam,Davies,Commons,Parliamentary Under-Secretary (Department for Work and Pensions),2019-07-25,2022-07-06,1077.0,,,Conservative,Boris Johnson,https://id.parliament.uk/GR6SZK1Z,4513
Nicholas,Hurd,Commons,Minister of State (Northern Ireland Office),2019-07-25,2019-12-12,140.0,,,Conservative,Boris Johnson,https://id.parliament.uk/nXTZ5A4D,1561
Andrew,Stephenson,Commons,Minister of State (Foreign and Commonwealth Office) (Joint with the Department for International Development),2019-07-25,2020-02-13,203.0,,,Conservative,Boris Johnson,https://id.parliament.uk/xPajTduv,4044
Amanda,Milling,Commons,"Treasurer of HM Household (Deputy Chief Whip, House of Commons)",2019-07-25,2020-02-13,203.0,,,Conservative,Boris Johnson,https://id.parliament.uk/SaVzFDvI,4454
Charles,Eustice,Commons,"Minister of State (Department for Environment, Food and Rural Affairs)",2019-07-25,2020-02-13,203.0,,,Conservative,Boris Johnson,https://id.parliament.uk/NX45aKYz,3934
Jo,Johnson,Commons,"Minister of State (Department for Business, Energy and Industrial Strategy) (Jointly with the Department for Education)",2019-07-25,2019-09-05,42.0,,,Conservative,Boris Johnson,https://id.parliament.uk/0ZbA7k1o,4039
James,Berry,Commons,"Minister of State (Cabinet Office) (jointly with the Ministry of Housing, Communities and Local Government)",2019-07-25,2020-02-13,203.0,,,Conservative,Boris Johnson,https://id.parliament.uk/9M7c9HIy,4060
Christopher,Heaton-Harris,Commons,Minister of State (Department for Transport),2019-07-25,2021-12-19,878.0,,,Conservative,Boris Johnson,https://id.parliament.uk/6xdB80aQ,3977
Christopher,Malthouse,Commons,Minister of State (Home Office),2019-07-25,2020-02-13,203.0,,,Conservative,Boris Johnson,https://id.parliament.uk/K9fWqlEA,4495
Christopher,Malthouse,Commons,Minister of State (Home Office),2019-07-25,,,,,Conservative,Boris Johnson,https://id.parliament.uk/K9fWqlEA,4495
Ian,Duncan,Lords,"Parliamentary Under-Secretary (Department for Business, Energy and Industrial Strategy)",2019-07-26,2020-02-13,202.0,,,Conservative,Boris Johnson,https://id.parliament.uk/P2tWlrey,4686
Annabel,Goldie,Lords,Minister of State (Ministry of Defence),2019-07-26,2023-11-13,1571.0,,,Conservative,Boris Johnson,https://id.parliament.uk/iGyV1uk1,4306
Robin,Walker,Commons,Parliamentary Under-Secretary (Scotland Office) (jointly with the Northern Ireland Office),2019-07-26,2019-12-16,143.0,,,Conservative,Boris Johnson,https://id.parliament.uk/xHiXJi7s,4091
Michael,Ellis,Commons,Solicitor General (Attorney General's Office),2019-07-26,2021-03-03,586.0,,,Conservative,Boris Johnson,https://id.parliament.uk/NYp5fsei,4116
Diana,Barran,Lords,"Parliamentary Under-Secretary (Department for Digital, Culture, Media and Sport)",2019-07-26,2021-09-17,784.0,,,Conservative,Boris Johnson,https://id.parliament.uk/s8vARVLK,4703
Johanna,Churchill,Commons,Parliamentary Under-Secretary (Department of Health and Social Care),2019-07-26,2021-09-16,783.0,,,Conservative,Boris Johnson,https://id.parliament.uk/1P3gl8pl,4380
Thomas,Ashton,Lords,"Captain of the Honourable Corps of Gentlemen-at-Arms (HM Household) (Chief Whip, House of Lords)",2019-07-26,2022-09-06,1138.0,,,Conservative,Boris Johnson,https://id.parliament.uk/QppbmtaE,4247
George,Freeman,Commons,Minister of State (Department for Transport),2019-07-26,2020-02-13,202.0,,,Conservative,Boris Johnson,https://id.parliament.uk/1ngZMeUR,4020
Matthew,Warman,Commons,"Parliamentary Under-Secretary (Department for Digital, Culture, Media and Sport)",2019-07-26,2021-09-16,783.0,,,Conservative,Boris Johnson,https://id.parliament.uk/y0BbQAKX,4361
Nadhim,Zahawi,Commons,"Parliamentary Under-Secretary (Department for Business, Energy and Industrial Strategy)",2019-07-26,2021-09-15,782.0,,,Conservative,Boris Johnson,https://id.parliament.uk/HscvKHnF,4113
Heather,Wheeler,Commons,Parliamentary Under-Secretary (Foreign and Commonwealth Office),2019-07-26,2020-02-13,202.0,,,Conservative,Boris Johnson,https://id.parliament.uk/hGqCOo3s,4053
Paul,Maynard,Commons,Parliamentary Under-Secretary (Department for Transport),2019-07-26,2020-02-13,202.0,,,Conservative,Boris Johnson,https://id.parliament.uk/hp6OdiqK,3926
Wendy,Morton,Commons,Parliamentary Under-Secretary (Ministry of Justice),2019-07-26,2020-02-13,202.0,,,Conservative,Boris Johnson,https://id.parliament.uk/j6Lei0y7,4358
Zac,Goldsmith,Commons,"Parliamentary Under-Secretary (Department for Environment, Food and Rural Affairs) (jointly with the Department for International Development)",2019-07-27,2019-09-10,45.0,,,Conservative,Boris Johnson,https://id.parliament.uk/kanqZ4U2,4062
Seema,Kennedy,Commons,Parliamentary Under-Secretary (Home Office),2019-07-27,2019-12-12,138.0,,,Conservative,Boris Johnson,https://id.parliament.uk/iLwJcp14,4455
Anne-Marie,Trevelyan,Commons,Parliamentary Under-Secretary (Ministry of Defence),2019-07-27,2019-12-23,149.0,,,Conservative,Boris Johnson,https://id.parliament.uk/kMJFcI2Z,4531
James,Duddridge,Commons,Parliamentary Under-Secretary (Department for Exiting the European Union),2019-07-27,2020-02-13,201.0,,,Conservative,Boris Johnson,https://id.parliament.uk/uDZzgmxr,1559
Colin,Clark,Commons,Parliamentary Under-Secretary (Scotland Office),2019-07-27,2019-12-12,138.0,,,Conservative,Boris Johnson,https://id.parliament.uk/PFfCX5Oq,4650
Colin,Clark,Commons,Lord Commissioner (HM Treasury) (Whip),2019-07-27,2019-12-12,138.0,,,Conservative,Boris Johnson,https://id.parliament.uk/PFfCX5Oq,4650
Nadine,Dorries,Commons,Parliamentary Under-Secretary (Department of Health and Social Care),2019-07-27,2020-05-06,284.0,,,Conservative,Boris Johnson,https://id.parliament.uk/8CAPJsQk,1481
James,Younger,Lords,"Parliamentary Under-Secretary (Housing, Communities and Local Government)",2019-07-27,2020-02-14,202.0,,,Conservative,Boris Johnson,https://id.parliament.uk/pL1nOvPY,4169
Olukemi,Badenoch,Commons,Parliamentary Under-Secretary (Department for Education),2019-07-27,2020-02-13,201.0,,,Conservative,Boris Johnson,https://id.parliament.uk/pCJxGryC,4597
Simon,Clarke,Commons,Exchequer Secretary (HM Treasury),2019-07-27,2020-02-13,201.0,,,Conservative,Boris Johnson,https://id.parliament.uk/qroUXuK3,4655
Luke,Hall,Commons,"Parliamentary Under-Secretary (Housing, Communities and Local Government)",2019-07-27,2020-09-08,409.0,,,Conservative,Boris Johnson,https://id.parliament.uk/R3EgZPKO,4450
Simon,Hart,Commons,Parliamentary Secretary (Cabinet Office),2019-07-27,2019-12-16,142.0,,,Conservative,Boris Johnson,https://id.parliament.uk/EqHq5F1p,3944
John,Mercer,Commons,Parliamentary Under-Secretary of State (jointly with the Ministry of Defence),2019-07-28,2021-04-20,632.0,,,Conservative,Boris Johnson,https://id.parliament.uk/4csB0FKu,4485
Stuart,Andrew,Commons,Vice-Chamberlain (HM Household),2019-07-28,2020-02-13,200.0,,,Conservative,Boris Johnson,https://id.parliament.uk/Gi80AXwX,4032
Olivia,Bloomfield,Lords,Baroness in Waiting (HM Household) (Whip),2019-07-29,2023-06-01,1403.0,,,Conservative,Boris Johnson,https://id.parliament.uk/0IdJ3QKW,4582
Therese,Coffey,Commons,"Minister of State (Department for Environment, Food and Rural Affairs)",2019-07-29,2019-09-08,41.0,,,Conservative,Boris Johnson,https://id.parliament.uk/wsMvuOfh,4098
Elizabeth,Berridge,Lords,Baroness in Waiting (HM Household) (Whip),2019-07-29,2020-03-19,234.0,,,Conservative,Boris Johnson,https://id.parliament.uk/woQhdPdk,4218
Thomas,Pursglove,Commons,Assistant Whip,2019-07-29,2021-09-19,783.0,,,Conservative,Boris Johnson,https://id.parliament.uk/yxZXn9N5,4369
Leo,Docherty,Commons,Assistant Whip,2019-07-29,2021-04-21,632.0,,,Conservative,Boris Johnson,https://id.parliament.uk/H2iqrFlO,4600
Marcus,Jones,Commons,Assistant Whip,2019-07-29,2020-02-13,199.0,,,Conservative,Boris Johnson,https://id.parliament.uk/ODNC95e3,4024
Michelle,Donelan,Commons,Lord Commissioner (HM Treasury) (Whip),2019-07-29,2020-02-13,199.0,,,Conservative,Boris Johnson,https://id.parliament.uk/Ad0YHzrk,4530
James,Bethell,Lords,Lord in Waiting (HM Household) (Whip),2019-07-29,2020-03-08,223.0,,,Conservative,Boris Johnson,https://id.parliament.uk/Ue8SStWL,4708
Deborah,Stedman-Scott,Lords,Parliamentary Under-Secretary (Department for Work and Pensions),2019-07-29,2022-12-31,1251.0,,,Conservative,Boris Johnson,https://id.parliament.uk/vWas5sC8,4174
James,Morris,Commons,Lord Commissioner (HM Treasury) (Whip),2019-07-29,2021-09-17,781.0,,,Conservative,Boris Johnson,https://id.parliament.uk/Gagx37iP,3992
Nigel,Huddleston,Commons,Assistant Whip,2019-07-29,2021-09-17,781.0,,,Conservative,Boris Johnson,https://id.parliament.uk/0J37XN5v,4407
Caroline,Chisholm,Lords,Baroness in Waiting (HM Household) (Whip),2019-08-09,2020-02-13,188.0,,,Conservative,Boris Johnson,https://id.parliament.uk/pLPt7rh8,4330
Michelle,Donelan,Commons,Parliamentary Under-Secretary (Department for Education),2019-09-04,2020-02-13,162.0,,,Conservative,Boris Johnson,https://id.parliament.uk/Ad0YHzrk,4530
Therese,Coffey,Commons,Secretary of State for Work and Pensions,2019-09-08,2022-09-06,1094.0,,,Conservative,Boris Johnson,https://id.parliament.uk/wsMvuOfh,4098
Christopher,Skidmore,Commons,"Minister of State (Department for Business, Energy and Industrial Strategy) (Universities and Science) (Joint with the Department for Education)",2019-09-10,2020-02-13,156.0,,,Conservative,Boris Johnson,https://id.parliament.uk/GBlBooSn,4021
Zac,Goldsmith,Commons,"Minister of State (Department for Environment, Food and Rural Affairs)",2019-09-10,2020-02-13,156.0,,,Conservative,Boris Johnson,https://id.parliament.uk/kanqZ4U2,4062
Helen,Whately,Commons,"Parliamentary Under-Secretary (Department for Digital, Culture, Media and Sport)",2019-09-10,2020-02-13,156.0,,,Conservative,Boris Johnson,https://id.parliament.uk/SHI7vuEh,4527
Zac,Goldsmith,Commons,Minister of State (Department for International Development),2019-09-10,2020-02-13,156.0,,,Conservative,Boris Johnson,https://id.parliament.uk/kanqZ4U2,4062
Chris,Philp,Commons,Parliamentary Under-Secretary (Ministry of Justice),2019-09-10,2020-02-13,156.0,,,Conservative,Boris Johnson,https://id.parliament.uk/4ZneyIwV,4503
Edward,Argar,Commons,Minister of State (Department of Health and Social Care),2019-09-10,2022-07-06,1030.0,,,Conservative,Boris Johnson,https://id.parliament.uk/lMvp3beP,4362
Elizabeth,Truss,Commons,Minister for Women and Equalities,2019-09-10,2022-09-06,1092.0,,,Conservative,Boris Johnson,https://id.parliament.uk/dQvfKfAo,4097
Rebecca,Clark (Pow),Commons,"Parliamentary Under-Secretary (Department for Environment, Food and Rural Affairs)",2019-09-12,2022-07-07,1029.0,,,Conservative,Boris Johnson,https://id.parliament.uk/ATjzXoFZ,4522
Margaret,Throup,Commons,Lord Commissioner (HM Treasury) (Whip),2019-09-19,2021-09-16,728.0,,,Conservative,Boris Johnson,https://id.parliament.uk/qPeTlLJK,4447
Kevin,Foster,Commons,Parliamentary Under-Secretary (Home Office),2019-12-16,2022-09-07,996.0,,,Conservative,Boris Johnson,https://id.parliament.uk/Zm3jlHZH,4451
Anne-Marie,Trevelyan,Commons,Minister of State (Ministry of Defence) (Minister for the Armed Forces),2019-12-16,2020-02-13,59.0,,,Conservative,Boris Johnson,https://id.parliament.uk/kMJFcI2Z,4531
Simon,Hart,Commons,Secretary of State for Wales,2019-12-16,2022-07-06,933.0,,,Conservative,Boris Johnson,https://id.parliament.uk/EqHq5F1p,3944
Robin,Walker,Commons,Parliamentary Under-Secretary (Northern Ireland Office),2019-12-16,2020-02-13,59.0,,,Conservative,Boris Johnson,https://id.parliament.uk/xHiXJi7s,4091
James,Heappey,Commons,Parliamentary Under-Secretary (Ministry of Defence),2019-12-16,2022-07-07,934.0,,,Conservative,Boris Johnson,https://id.parliament.uk/jUL90JaV,4528
Jeremy,Quin,Commons,Parliamentary Secretary (Cabinet Office),2019-12-16,2020-02-13,59.0,,,Conservative,Boris Johnson,https://id.parliament.uk/3cCGfc83,4507
Robin,Walker,Commons,Parliamentary Under-Secretary (Scotland Office),2019-12-16,,,,,Conservative,Boris Johnson,https://id.parliament.uk/xHiXJi7s,4091
Iain,Stewart,Commons,Lord Commissioner (HM Treasury) (Whip),2019-12-17,2020-06-02,168.0,,,Conservative,Boris Johnson,https://id.parliament.uk/LIlHB31m,4015
Maria,Caulfield,Commons,Assistant Whip,2019-12-17,2021-09-17,640.0,,,Conservative,Boris Johnson,https://id.parliament.uk/2GfKGest,4492
Michael,Freer,Commons,"Comptroller (HM Household) (Whip, House of Commons)",2019-12-17,2021-09-16,639.0,,,Conservative,Boris Johnson,https://id.parliament.uk/aNKrLGEh,4004
Douglas,Ross,Commons,Parliamentary Under-Secretary (Scotland Office),2019-12-17,2020-05-26,161.0,,,Conservative,Boris Johnson,https://id.parliament.uk/gPMSgdEb,4627
Douglas,Ross,Commons,Government Whip,2019-12-18,2020-02-14,58.0,,,Conservative,Boris Johnson,https://id.parliament.uk/gPMSgdEb,4627
Chris,Philp,Commons,Minister of State (London),2019-12-18,2020-02-13,57.0,,,Conservative,Boris Johnson,https://id.parliament.uk/4ZneyIwV,4503
Amanda,Sater,Lords,Baroness in Waiting (HM Household) (Whip),2019-12-20,2020-01-06,17.0,,,Conservative,Boris Johnson,https://id.parliament.uk/a9FztE6k,4700
David,Davies,Commons,Parliamentary Under-Secretary (Wales Office),2019-12-22,2022-10-25,1038.0,,,Conservative,Boris Johnson,https://id.parliament.uk/oHe9GoOF,1545
Andrew,Selous,Commons,Second Church Estates Commissioner,2020-01-10,,,,,Conservative,Boris Johnson,https://id.parliament.uk/gbVUB0EV,1453
Rachel,Maclean,Commons,Parliamentary Under-Secretary (Department for Transport),2020-02-13,2021-09-16,581.0,,,Conservative,Boris Johnson,https://id.parliament.uk/Advyttuk,4668
Gillian,Keegan,Commons,Parliamentary Under-Secretary (Department for Education),2020-02-13,2021-09-16,581.0,,,Conservative,Boris Johnson,https://id.parliament.uk/BdbiB2hR,4680
Victoria,Prentis,Commons,"Parliamentary Under-Secretary (Department for Environment, Food and Rural Affairs)",2020-02-13,2021-09-16,581.0,,,Conservative,Boris Johnson,https://id.parliament.uk/7tqzkPcd,4401
Oliver,Dowden,Commons,"Secretary of State for Digital, Culture, Media and Sport",2020-02-13,2021-09-15,580.0,,,Conservative,Boris Johnson,https://id.parliament.uk/atcqNbc1,4441
Olukemi,Badenoch,Commons,Exchequer Secretary (HM Treasury),2020-02-13,2021-09-15,580.0,,,Conservative,Boris Johnson,https://id.parliament.uk/pCJxGryC,4597
Gregory,Hands,Commons,Minister of State (Department for International Trade),2020-02-13,2021-09-16,581.0,,,Conservative,Boris Johnson,https://id.parliament.uk/7Tsbxzkf,1526
Stephen,Barclay,Commons,Chief Secretary to the Treasury,2020-02-13,2021-09-16,581.0,,,Conservative,Boris Johnson,https://id.parliament.uk/nBemRbWt,4095
Jeremy,Quin,Commons,Minister of State (Ministry of Defence),2020-02-13,2022-09-07,937.0,,,Conservative,Boris Johnson,https://id.parliament.uk/3cCGfc83,4507
Amanda,Milling,Commons,Minister without Portfolio (Cabinet Office),2020-02-13,2021-09-15,580.0,,,Conservative,Boris Johnson,https://id.parliament.uk/SaVzFDvI,4454
Victoria,Ford,Commons,Parliamentary Under-Secretary (Department for Education),2020-02-13,2021-09-16,581.0,,,Conservative,Boris Johnson,https://id.parliament.uk/La7hJY9L,4674
Sue-Ellen,Braverman,Commons,Attorney General,2020-02-13,2021-03-02,383.0,,,Conservative,Boris Johnson,https://id.parliament.uk/jlAAlWAo,4475
Amanda,Solloway,Commons,"Parliamentary Under-Secretary (Department for Business, Energy and Industrial Strategy)",2020-02-13,2021-09-16,581.0,,,Conservative,Boris Johnson,https://id.parliament.uk/qQjIWSuk,4372
James,Cleverly,Commons,Minister of State (Foreign and Commonwealth Office) (Joint with the Department for International Development),2020-02-13,2020-09-02,202.0,,,Conservative,Boris Johnson,https://id.parliament.uk/BxEyDcsA,4366
Nigel,Adams,Commons,Minister of State (Foreign and Commonwealth Office) (Joint with the Department for International Development),2020-02-13,2020-09-02,202.0,,,Conservative,Boris Johnson,https://id.parliament.uk/iPAQq1CK,4057
Caroline,Dinenage,Commons,"Minister of State (Department for Digital, Culture, Media and Sport)",2020-02-13,2021-09-16,581.0,,,Conservative,Boris Johnson,https://id.parliament.uk/SM4SE1Dh,4008
Elizabeth,Berridge,Lords,Parliamentary Under-Secretary (Department for International Trade) (Minister for Women),2020-02-13,2021-09-17,582.0,,,Conservative,Boris Johnson,https://id.parliament.uk/woQhdPdk,4218
David,Davies,Commons,Assistant Whip,2020-02-13,2022-07-08,876.0,,,Conservative,Boris Johnson,https://id.parliament.uk/oHe9GoOF,1545
Nicholas,True,Lords,Minister of State (Cabinet Office),2020-02-13,2022-09-05,935.0,,,Conservative,Boris Johnson,https://id.parliament.uk/HfLZiPLM,4200
Kelly,Tolhurst,Commons,Parliamentary Under-Secretary (Department for Transport),2020-02-13,2020-09-08,208.0,,,Conservative,Boris Johnson,https://id.parliament.uk/l2T1nZKg,4487
Brandon,Lewis,Commons,Secretary of State for Northern Ireland,2020-02-13,2022-07-07,875.0,,,Conservative,Boris Johnson,https://id.parliament.uk/C91rcqgY,4009
Chris,Philp,Commons,Parliamentary Under-Secretary (Home Office),2020-02-13,2021-09-16,581.0,,,Conservative,Boris Johnson,https://id.parliament.uk/4ZneyIwV,4503
John,Whittingdale,Commons,"Minister of State (Department for Digital, Culture, Media and Sport)",2020-02-13,2021-09-16,581.0,,,Conservative,Boris Johnson,https://id.parliament.uk/dNNuNQfw,39
Andrew,Stephenson,Commons,Minister of State (Department for Transport),2020-02-13,2022-07-07,875.0,,,Conservative,Boris Johnson,https://id.parliament.uk/xPajTduv,4044
Anne-Marie,Trevelyan,Commons,Secretary of State for International Development,2020-02-13,2020-09-02,202.0,,,Conservative,Boris Johnson,https://id.parliament.uk/kMJFcI2Z,4531
Michael,Gove,Commons,Minister for the Cabinet Office and Chancellor of the Duchy of Lancaster,2020-02-13,2021-09-15,580.0,,,Conservative,Boris Johnson,https://id.parliament.uk/0K7kX33I,1571
Christopher,Pincher,Commons,"Minister of State (Housing, Communities and Local Government)",2020-02-13,2021-09-19,584.0,,,Conservative,Boris Johnson,https://id.parliament.uk/W4hBGj4J,4075
Elizabeth,Sugg,Lords,Parliamentary Under-Secretary (Foreign and Commonwealth Office),2020-02-13,2020-09-02,202.0,,,Conservative,Boris Johnson,https://id.parliament.uk/VZwvJGkO,4584
Michael,Tomlinson-Mynors,Commons,Lord Commissioner (HM Treasury) (Whip),2020-02-13,2022-07-08,876.0,,,Conservative,Boris Johnson,https://id.parliament.uk/Gcac8q7F,4497
Elizabeth,Berridge,Lords,Parliamentary Under-Secretary (Department for Education),2020-02-13,2021-09-17,582.0,,,Conservative,Boris Johnson,https://id.parliament.uk/woQhdPdk,4218
Julia,Lopez,Commons,Parliamentary Secretary (Cabinet Office),2020-02-13,2021-09-16,581.0,,,Conservative,Boris Johnson,https://id.parliament.uk/PbwesL7w,4647
Marcus,Jones,Commons,"Vice Chamberlain (HM Household) (Whip, House of Commons)",2020-02-13,2021-09-17,582.0,,,Conservative,Boris Johnson,https://id.parliament.uk/ODNC95e3,4024
Michelle,Donelan,Commons,Minister of State (Education),2020-02-13,2021-09-15,580.0,,,Conservative,Boris Johnson,https://id.parliament.uk/Ad0YHzrk,4530
Helen,Whately,Commons,Minister of State (Department of Health and Social Care),2020-02-13,2021-09-16,581.0,,,Conservative,Boris Johnson,https://id.parliament.uk/SHI7vuEh,4527
Stuart,Andrew,Commons,"Treasurer of HM Household (Deputy Chief Whip, House of Commons)",2020-02-13,2022-02-08,726.0,,,Conservative,Boris Johnson,https://id.parliament.uk/Gi80AXwX,4032
Theodore,Agnew,Lords,Minister of State (HM Treasury),2020-02-13,2022-01-24,711.0,,,Conservative,Boris Johnson,https://id.parliament.uk/XR61M9aP,4689
Jane,Scott,Lords,Baroness in Waiting (HM Household) (Whip),2020-02-13,2022-09-20,950.0,,,Conservative,Boris Johnson,https://id.parliament.uk/0cl9lWEs,4553
James,Brokenshire,Commons,Minister of State (Home Office),2020-02-13,2021-07-07,510.0,,,Conservative,Boris Johnson,https://id.parliament.uk/HENgq022,1530
Simon,Clarke,Commons,"Minister of State (Housing, Communities and Local Government)",2020-02-13,2020-09-08,208.0,,,Conservative,Boris Johnson,https://id.parliament.uk/qroUXuK3,4655
Martin,Callanan,Lords,"Parliamentary Under-Secretary (Department for Business, Energy and Industrial Strategy)",2020-02-13,2023-02-06,1089.0,,,Conservative,Boris Johnson,https://id.parliament.uk/whOXGIBF,4336
Edmund,Hughes,Commons,Assistant Whip,2020-02-13,2021-01-16,338.0,,,Conservative,Boris Johnson,https://id.parliament.uk/RJTcU1gI,4635
Theodore,Agnew,Lords,Minister of State (Cabinet Office),2020-02-13,2022-01-24,711.0,,,Conservative,Boris Johnson,https://id.parliament.uk/XR61M9aP,4689
Penelope,Mordaunt,Commons,Paymaster General,2020-02-13,2021-09-16,581.0,,,Conservative,Boris Johnson,https://id.parliament.uk/RMNQDZri,4017
Chloe,Smith,Commons,Minister of State (Cabinet Office),2020-02-13,2021-09-16,581.0,,,Conservative,Boris Johnson,https://id.parliament.uk/trjrjVxb,1609
Robin,Walker,Commons,Minister of State (Northern Ireland Office),2020-02-13,2021-09-16,581.0,,,Conservative,Boris Johnson,https://id.parliament.uk/xHiXJi7s,4091
Rishi,Sunak,Commons,Chancellor of the Exchequer,2020-02-13,2022-07-05,873.0,,,Conservative,Boris Johnson,https://id.parliament.uk/iuC0IKzw,4483
James,Duddridge,Commons,Parliamentary Under-Secretary (Foreign and Commonwealth Office) (Joint with the Department for International Development),2020-02-13,2020-09-02,202.0,,,Conservative,Boris Johnson,https://id.parliament.uk/uDZzgmxr,1559
Alexander,Chalk,Commons,Parliamentary Under-Secretary (Ministry of Justice),2020-02-13,2021-09-16,581.0,,,Conservative,Boris Johnson,https://id.parliament.uk/hZoVHExl,4481
Wendy,Morton,Commons,Parliamentary Under-Secretary (Foreign and Commonwealth Office) (Joint with the Department for International Development),2020-02-13,2020-09-02,202.0,,,Conservative,Boris Johnson,https://id.parliament.uk/j6Lei0y7,4358
Alok,Sharma,Commons,"Secretary of State for Business, Energy and Industrial Strategy",2020-02-13,2021-01-08,330.0,,,Conservative,Boris Johnson,https://id.parliament.uk/FyvJWi3Q,4014
Alexander,Chalk,Commons,Assistant Whip,2020-02-13,2021-09-16,581.0,,,Conservative,Boris Johnson,https://id.parliament.uk/hZoVHExl,4481
Tariq,Ahmad,Lords,Minister of State (Department for International Development),2020-02-13,2020-09-02,202.0,,,Conservative,Boris Johnson,https://id.parliament.uk/ay1P3rz4,4210
Paul,Scully,Commons,"Parliamentary Under-Secretary (Department for Business, Energy and Industrial Strategy)",2020-02-13,2022-07-07,875.0,,,Conservative,Boris Johnson,https://id.parliament.uk/rBcPDbnY,4414
Nigel,Huddleston,Commons,"Parliamentary Under-Secretary (Department for Digital, Culture, Media and Sport)",2020-02-13,2022-09-20,950.0,,,Conservative,Boris Johnson,https://id.parliament.uk/0J37XN5v,4407
Paul,Scully,Commons,Minister of State (London),2020-02-13,2021-09-19,584.0,,,Conservative,Boris Johnson,https://id.parliament.uk/rBcPDbnY,4414
Christopher,Malthouse,Commons,Minister of State (Ministry of Justice) (jointly with Home Office),2020-02-13,2021-09-15,580.0,,,Conservative,Boris Johnson,https://id.parliament.uk/K9fWqlEA,4495
Charles,Eustice,Commons,"Secretary of State for Environment, Food and Rural Affairs",2020-02-13,2022-09-06,936.0,,,Conservative,Boris Johnson,https://id.parliament.uk/NX45aKYz,3934
Olukemi,Badenoch,Commons,Minister for Equalities,2020-02-14,2022-07-06,873.0,,,Conservative,Boris Johnson,https://id.parliament.uk/pCJxGryC,4597
James,Bethell,Lords,Parliamentary Under-Secretary (Department of Health and Social Care),2020-03-09,2021-09-17,557.0,,,Conservative,Boris Johnson,https://id.parliament.uk/Ue8SStWL,4708
Ranil,Jayawardena,Commons,Parliamentary Under-Secretary (Department for International Trade),2020-05-06,2022-09-06,853.0,,,Conservative,Boris Johnson,https://id.parliament.uk/2mWw3B3n,4498
Nadine,Dorries,Commons,Minister of State (Department of Health and Social Care),2020-05-06,2021-09-15,497.0,,,Conservative,Boris Johnson,https://id.parliament.uk/8CAPJsQk,1481
David,Duguid,Commons,Parliamentary Under-Secretary (Scotland Office),2020-06-02,2021-09-16,471.0,,,Conservative,Boris Johnson,https://id.parliament.uk/2cqVfKnf,4606
David,Duguid,Commons,"Government Whip, Lord Commissioner of HM Treasury",2020-06-02,2021-04-21,323.0,,,Conservative,Boris Johnson,https://id.parliament.uk/2cqVfKnf,4606
Iain,Stewart,Commons,Parliamentary Under-Secretary (Scotland Office),2020-06-02,2022-09-08,828.0,,,Conservative,Boris Johnson,https://id.parliament.uk/LIlHB31m,4015
Wendy,Morton,Commons,"Parliamentary Under-Secretary (Foreign, Commonwealth and Development Office)",2020-09-02,2021-12-19,473.0,,,Conservative,Boris Johnson,https://id.parliament.uk/j6Lei0y7,4358
Elizabeth,Sugg,Lords,"Parliamentary Under-Secretary (Foreign, Commonwealth and Development Office)",2020-09-02,2020-11-25,84.0,,,Conservative,Boris Johnson,https://id.parliament.uk/VZwvJGkO,4584
Nigel,Adams,Commons,"Minister of State (Foreign, Commonwealth and Development Office)",2020-09-02,2021-09-16,379.0,,,Conservative,Boris Johnson,https://id.parliament.uk/iPAQq1CK,4057
Dominic,Raab,Commons,Foreign Secretary and First Secretary of State,2020-09-02,2021-09-15,378.0,,,Conservative,Boris Johnson,https://id.parliament.uk/zjs8wUR3,4007
James,Duddridge,Commons,"Parliamentary Under-Secretary (Foreign, Commonwealth and Development Office)",2020-09-02,2021-09-16,379.0,,,Conservative,Boris Johnson,https://id.parliament.uk/uDZzgmxr,1559
James,Cleverly,Commons,"Minister of State (Foreign, Commonwealth and Development Office)",2020-09-02,2022-02-08,524.0,,,Conservative,Boris Johnson,https://id.parliament.uk/BxEyDcsA,4366
Tariq,Ahmad,Lords,"Minister of State (Foreign, Commonwealth and Development Office)",2020-09-02,2024-07-05,1402.0,,,Conservative,Boris Johnson,https://id.parliament.uk/ay1P3rz4,4210
Luke,Hall,Commons,"Minister of State (Housing, Communities and Local Government)",2020-09-08,2021-09-16,373.0,,,Conservative,Boris Johnson,https://id.parliament.uk/R3EgZPKO,4450
Kelly,Tolhurst,Commons,"Parliamentary Under-Secretary (Housing, Communities and Local Government)",2020-09-08,2021-01-16,130.0,,,Conservative,Boris Johnson,https://id.parliament.uk/l2T1nZKg,4487
Robert,Courts,Commons,Parliamentary Under-Secretary (Department for Transport),2020-09-08,2022-09-20,742.0,,,Conservative,Boris Johnson,https://id.parliament.uk/diYftgxZ,4589
Nadhim,Zahawi,Commons,Parliamentary Under-Secretary (Department of Health and Social Care),2020-11-28,2021-09-15,291.0,,,Conservative,Boris Johnson,https://id.parliament.uk/HscvKHnF,4113
Anne-Marie,Trevelyan,Commons,"Minister of State (Business, Energy and Industrial Strategy) (Energy and Clean Growth)",2021-01-08,2021-09-15,250.0,,,Conservative,Boris Johnson,https://id.parliament.uk/kMJFcI2Z,4531
Alok,Sharma,Commons,COP26 President (Cabinet Office),2021-01-08,2022-11-06,667.0,,,Conservative,Boris Johnson,https://id.parliament.uk/FyvJWi3Q,4014
Kwasi,Kwarteng,Commons,"Secretary of State for Business, Energy and Industrial Strategy",2021-01-08,2022-09-06,606.0,,,Conservative,Boris Johnson,https://id.parliament.uk/sdCPc48H,4134
Edmund,Hughes,Commons,"Parliamentary Under-Secretary (Housing, Communities and Local Government)",2021-01-16,2021-09-19,246.0,,,Conservative,Boris Johnson,https://id.parliament.uk/RJTcU1gI,4635
Scott,Mann,Commons,"Government Whip, Lord Commissioner of HM Treasury",2021-01-22,2021-09-19,240.0,,,Conservative,Boris Johnson,https://id.parliament.uk/vvon8Xdo,4496
Sue-Ellen,Braverman,Commons,Minister on Leave (Attorney General),2021-03-02,2021-09-10,192.0,,,Conservative,Boris Johnson,https://id.parliament.uk/jlAAlWAo,4475
Michael,Ellis,Commons,Attorney General,2021-03-03,2021-09-10,191.0,,,Conservative,Boris Johnson,https://id.parliament.uk/NYp5fsei,4116
Lucy,Leigh (Frazer),Commons,Solicitor General (Attorney General's Office),2021-03-03,2021-09-10,191.0,,,Conservative,Boris Johnson,https://id.parliament.uk/SWXSOmi9,4517
Leo,Docherty,Commons,Parliamentary Under-Secretary of State (jointly with the Ministry of Defence),2021-04-21,2022-09-07,504.0,,,Conservative,Boris Johnson,https://id.parliament.uk/H2iqrFlO,4600
David,Duguid,Commons,Assistant Whip,2021-04-21,2021-09-16,148.0,,,Conservative,Boris Johnson,https://id.parliament.uk/2cqVfKnf,4606
Alan,Mak,Commons,"Government Whip, Lord Commissioner of HM Treasury",2021-04-21,2022-07-08,443.0,,,Conservative,Boris Johnson,https://id.parliament.uk/UjhH5qiw,4484
Sajid,Javid,Commons,Secretary of State for Health and Social Care,2021-06-26,2022-07-05,374.0,,,Conservative,Boris Johnson,https://id.parliament.uk/YHylN7q7,3945
Damian,Hinds,Commons,Minister of State (Home Office) (Security),2021-08-13,2022-07-07,328.0,,,Conservative,Boris Johnson,https://id.parliament.uk/3KZvvnyo,3969
Caroline,Chisholm,Lords,Baroness in Waiting (HM Household) (Whip),2021-09-01,2022-02-04,156.0,,,Conservative,Boris Johnson,https://id.parliament.uk/pLPt7rh8,4330
Sue-Ellen,Braverman,Commons,Attorney General,2021-09-10,2022-09-06,361.0,,,Conservative,Boris Johnson,https://id.parliament.uk/jlAAlWAo,4475
Michael,Ellis,Commons,Solicitor General (Attorney General's Office),2021-09-10,2021-09-15,5.0,,,Conservative,Boris Johnson,https://id.parliament.uk/NYp5fsei,4116
Christopher,Malthouse,Commons,Minister of State (Ministry of Justice) (jointly with Home Office),2021-09-15,2022-07-07,295.0,,,Conservative,Boris Johnson,https://id.parliament.uk/K9fWqlEA,4495
Elizabeth,Truss,Commons,Foreign Secretary,2021-09-15,2022-09-06,356.0,,,Conservative,Boris Johnson,https://id.parliament.uk/dQvfKfAo,4097
Michael,Gove,Commons,"Secretary of State for Housing, Communities and Local Government",2021-09-15,2021-09-19,4.0,,,Conservative,Boris Johnson,https://id.parliament.uk/0K7kX33I,1571
Michelle,Donelan,Commons,Minister of State (Department for Education) (Higher and Further Education),2021-09-15,2022-07-05,293.0,,,Conservative,Boris Johnson,https://id.parliament.uk/Ad0YHzrk,4530
Dominic,Raab,Commons,Lord Chancellor and Secretary of State for Justice,2021-09-15,2022-09-06,356.0,,,Conservative,Boris Johnson,https://id.parliament.uk/zjs8wUR3,4007
Michael,Gove,Commons,"Secretary of State for Housing, Communities and Local Government",2021-09-15,,,,,Conservative,Boris Johnson,https://id.parliament.uk/0K7kX33I,1571
Nadine,Dorries,Commons,"Secretary of State for Digital, Culture, Media and Sport",2021-09-15,2022-09-06,356.0,,,Conservative,Boris Johnson,https://id.parliament.uk/8CAPJsQk,1481
Nadhim,Zahawi,Commons,Secretary of State for Education,2021-09-15,2022-07-05,293.0,,,Conservative,Boris Johnson,https://id.parliament.uk/HscvKHnF,4113
Dominic,Raab,Commons,Deputy Prime Minister,2021-09-15,2022-09-06,356.0,,,Conservative,Boris Johnson,https://id.parliament.uk/zjs8wUR3,4007
Anne-Marie,Trevelyan,Commons,Secretary of State for International Trade and President of the Board of Trade,2021-09-15,2022-09-06,356.0,,,Conservative,Boris Johnson,https://id.parliament.uk/kMJFcI2Z,4531
Victoria,Ford,Commons,"Parliamentary Under-Secretary (Foreign, Commonwealth and Development Office)",2021-09-16,2022-09-06,355.0,,,Conservative,Boris Johnson,https://id.parliament.uk/La7hJY9L,4674
Gregory,Hands,Commons,"Minister of State (Department for Business, Energy and Industrial Strategy)",2021-09-16,2022-09-07,356.0,,,Conservative,Boris Johnson,https://id.parliament.uk/7Tsbxzkf,1526
Oliver,Dowden,Commons,Minister without Portfolio (Cabinet Office),2021-09-16,2022-06-24,281.0,,,Conservative,Boris Johnson,https://id.parliament.uk/atcqNbc1,4441
Michael,Freer,Commons,Parliamentary Under-Secretary (Department for International Trade),2021-09-16,2022-07-06,293.0,,,Conservative,Boris Johnson,https://id.parliament.uk/aNKrLGEh,4004
Michael,Ellis,Commons,Paymaster General,2021-09-16,2022-09-06,355.0,,,Conservative,Boris Johnson,https://id.parliament.uk/NYp5fsei,4116
Trudy,Harrison,Commons,Parliamentary Under-Secretary (Department for Transport),2021-09-16,2022-07-07,294.0,,,Conservative,Boris Johnson,https://id.parliament.uk/MkQUzdjo,4593
Michael,Freer,Commons,"Parliamentary Under Secretary of State (Foreign, Commonwealth and Development Office) (Minister for Equalities)",2021-09-16,2022-07-06,293.0,,,Conservative,Boris Johnson,https://id.parliament.uk/aNKrLGEh,4004
Gillian,Keegan,Commons,Minister of State (Department of Health and Social Care),2021-09-16,2022-09-07,356.0,,,Conservative,Boris Johnson,https://id.parliament.uk/BdbiB2hR,4680
Simon,Clarke,Commons,Chief Secretary to the Treasury,2021-09-16,2022-09-06,355.0,,,Conservative,Boris Johnson,https://id.parliament.uk/qroUXuK3,4655
Robin,Walker,Commons,Minister of State (Education),2021-09-16,2022-07-06,293.0,,,Conservative,Boris Johnson,https://id.parliament.uk/xHiXJi7s,4091
Michael,Burghart,Commons,Parliamentary Under-Secretary (Department for Education),2021-09-16,2022-07-06,293.0,,,Conservative,Boris Johnson,https://id.parliament.uk/Q6chyb29,4613
Conor,Burns,Commons,Minister of State (Northern Ireland Office),2021-09-16,2022-09-07,356.0,,,Conservative,Boris Johnson,https://id.parliament.uk/3zu2dslt,3922
Christopher,Malthouse,Commons,Minister of State (Ministry of Justice),2021-09-16,,,,,Conservative,Boris Johnson,https://id.parliament.uk/K9fWqlEA,4495
Penelope,Mordaunt,Commons,Minister of State (Department for International Trade),2021-09-16,2022-09-06,355.0,,,Conservative,Boris Johnson,https://id.parliament.uk/RMNQDZri,4017
Chloe,Smith,Commons,Minister of State (Department for Work and Pensions),2021-09-16,2022-09-06,355.0,,,Conservative,Boris Johnson,https://id.parliament.uk/trjrjVxb,1609
Helen,Whately,Commons,Exchequer Secretary (HM Treasury),2021-09-16,2022-07-07,294.0,,,Conservative,Boris Johnson,https://id.parliament.uk/SHI7vuEh,4527
Neil,O'Brien,Commons,"Parliamentary Under-Secretary (Housing, Communities and Local Government)",2021-09-16,2021-09-19,3.0,,,Conservative,Boris Johnson,https://id.parliament.uk/MoB61exF,4679
Johanna,Churchill,Commons,"Parliamentary Under-Secretary (Department for Environment, Food and Rural Affairs)",2021-09-16,2022-07-06,293.0,,,Conservative,Boris Johnson,https://id.parliament.uk/1P3gl8pl,4380
Chris,Philp,Commons,"Parliamentary Under-Secretary (Department for Digital, Culture, Media and Sport)",2021-09-16,2022-07-07,294.0,,,Conservative,Boris Johnson,https://id.parliament.uk/4ZneyIwV,4503
Nigel,Adams,Commons,Minister of State (Cabinet Office) (Minister without Portfolio),2021-09-16,2022-09-06,355.0,,,Conservative,Boris Johnson,https://id.parliament.uk/iPAQq1CK,4057
Nigel,Adams,Commons,Minister without Portfolio (Cabinet Office),2021-09-16,,,,,Conservative,Boris Johnson,https://id.parliament.uk/iPAQq1CK,4057
Julia,Lopez,Commons,"Minister of State (Department for Digital, Culture, Media and Sport)",2021-09-16,2022-07-06,293.0,,,Conservative,Boris Johnson,https://id.parliament.uk/PbwesL7w,4647
Amanda,Milling,Commons,"Minister of State (Foreign, Commonwealth and Development Office)",2021-09-16,2022-09-07,356.0,,,Conservative,Boris Johnson,https://id.parliament.uk/SaVzFDvI,4454
Stephen,Barclay,Commons,Minister for the Cabinet Office and Chancellor of the Duchy of Lancaster,2021-09-16,2022-02-08,145.0,,,Conservative,Boris Johnson,https://id.parliament.uk/nBemRbWt,4095
Rachel,Maclean,Commons,Parliamentary Under-Secretary (Home Office),2021-09-16,2022-07-06,293.0,,,Conservative,Boris Johnson,https://id.parliament.uk/Advyttuk,4668
Alexander,Chalk,Commons,Solicitor General (Attorney General's Office),2021-09-16,2022-07-05,292.0,,,Conservative,Boris Johnson,https://id.parliament.uk/hZoVHExl,4481
Olukemi,Badenoch,Commons,"Minister of State (Foreign, Commonwealth and Development Office)",2021-09-16,,,,,Conservative,Boris Johnson,https://id.parliament.uk/pCJxGryC,4597
Amanda,Solloway,Commons,"Government Whip, Lord Commissioner of HM Treasury",2021-09-16,2022-07-08,295.0,,,Conservative,Boris Johnson,https://id.parliament.uk/qQjIWSuk,4372
Lee,Rowley,Commons,"Parliamentary Under-Secretary (Department for Business, Energy and Industrial Strategy)",2021-09-16,2022-07-06,293.0,,,Conservative,Boris Johnson,https://id.parliament.uk/o8uRVw1g,4652
Olukemi,Badenoch,Commons,"Minister of State (Housing, Communities and Local Government)",2021-09-16,,,,,Conservative,Boris Johnson,https://id.parliament.uk/pCJxGryC,4597
Olukemi,Badenoch,Commons,"Minister of State (Foreign, Commonwealth and Development Office) (jointly with Department for Levelling Up, Housing and Communities)",2021-09-16,2022-07-06,293.0,,,Conservative,Boris Johnson,https://id.parliament.uk/pCJxGryC,4597
Margaret,Throup,Commons,Parliamentary Under-Secretary (Department of Health and Social Care),2021-09-16,2022-09-08,357.0,,,Conservative,Boris Johnson,https://id.parliament.uk/qPeTlLJK,4447
William,Quince,Commons,Parliamentary Under-Secretary (Department for Education),2021-09-16,2022-07-06,293.0,,,Conservative,Boris Johnson,https://id.parliament.uk/gWzeTtB9,4423
Victoria,Atkins,Commons,Minister of State (Ministry of Justice),2021-09-16,2022-07-06,293.0,,,Conservative,Boris Johnson,https://id.parliament.uk/QAHSUmv8,4399
Lucy,Leigh (Frazer),Commons,Financial Secretary (HM Treasury),2021-09-16,2022-09-07,356.0,,,Conservative,Boris Johnson,https://id.parliament.uk/SWXSOmi9,4517
Victoria,Prentis,Commons,"Minister of State (Department for Environment, Food and Rural Affairs)",2021-09-16,2022-09-07,356.0,,,Conservative,Boris Johnson,https://id.parliament.uk/7tqzkPcd,4401
Lee,Rowley,Commons,"Government Whip, Lord Commissioner of HM Treasury",2021-09-16,2022-07-06,293.0,,,Conservative,Boris Johnson,https://id.parliament.uk/o8uRVw1g,4652
George,Freeman,Commons,"Parliamentary Under-Secretary (Department for Business, Energy and Industrial Strategy)",2021-09-17,2022-07-07,293.0,,,Conservative,Boris Johnson,https://id.parliament.uk/1ngZMeUR,4020
Victoria,Atkins,Commons,Minister for Afghan resettlement,2021-09-17,2022-03-08,172.0,,,Conservative,Boris Johnson,https://id.parliament.uk/QAHSUmv8,4399
Maria,Caulfield,Commons,Parliamentary Under-Secretary (Department of Health and Social Care),2021-09-17,2022-07-07,293.0,,,Conservative,Boris Johnson,https://id.parliament.uk/2GfKGest,4492
Deborah,Stedman-Scott,Lords,"Parliamentary Under-Secretary (Foreign, Commonwealth and Development Office)",2021-09-17,2022-09-22,370.0,,,Conservative,Boris Johnson,https://id.parliament.uk/vWas5sC8,4174
David,Rutley,Commons,Parliamentary Under-Secretary (Department for Work and Pensions),2021-09-17,2022-09-20,368.0,,,Conservative,Boris Johnson,https://id.parliament.uk/ddPvPaAc,4033
James,Morris,Commons,"Vice Chamberlain (HM Household) (Whip, House of Commons)",2021-09-17,2022-07-08,294.0,,,Conservative,Boris Johnson,https://id.parliament.uk/Gagx37iP,3992
Diana,Barran,Lords,Parliamentary Under-Secretary (Department for Education),2021-09-17,2024-07-05,1022.0,,,Conservative,Boris Johnson,https://id.parliament.uk/s8vARVLK,4703
Marcus,Jones,Commons,"Comptroller (HM Household) (Whip, House of Commons)",2021-09-17,2022-07-07,293.0,,,Conservative,Boris Johnson,https://id.parliament.uk/ODNC95e3,4024
Neil,O'Brien,Commons,"Parliamentary Under Secretary of State (Department for Levelling Up, Housing and Communities)",2021-09-19,2022-07-06,290.0,,,Conservative,Boris Johnson,https://id.parliament.uk/MoB61exF,4679
James,Cartlidge,Commons,Assistant Whip,2021-09-19,2022-07-07,291.0,,,Conservative,Boris Johnson,https://id.parliament.uk/KRf7T7ZN,4519
James,Cartlidge,Commons,Parliamentary Under Secretary of State (Ministry of Justice) (and Assistant Government Whip),2021-09-19,2022-07-07,291.0,,,Conservative,Boris Johnson,https://id.parliament.uk/KRf7T7ZN,4519
Michael,Gove,Commons,"Secretary of State for Levelling Up, Housing and Communities",2021-09-19,2022-07-06,290.0,,,Conservative,Boris Johnson,https://id.parliament.uk/0K7kX33I,1571
Thomas,Pursglove,Commons,Parliamentary Under Secretary of State (Ministry of Justice) (jointly with Home Office),2021-09-19,2022-07-07,291.0,,,Conservative,Boris Johnson,https://id.parliament.uk/yxZXn9N5,4369
Paul,Scully,Commons,Minister of State (London),2021-09-19,2022-10-27,403.0,,,Conservative,Boris Johnson,https://id.parliament.uk/rBcPDbnY,4414
Christopher,Pincher,Commons,"Minister of State (Department for Levelling Up, Housing and Communities)",2021-09-19,2022-02-09,143.0,,,Conservative,Boris Johnson,https://id.parliament.uk/W4hBGj4J,4075
Edmund,Hughes,Commons,"Parliamentary Under Secretary of State (Department for Levelling Up, Housing and Communities)",2021-09-19,2022-09-08,354.0,,,Conservative,Boris Johnson,https://id.parliament.uk/RJTcU1gI,4635
Michael,Gove,Commons,Minister for Intergovernmental Relations,2021-09-19,2022-09-06,352.0,,,Conservative,Boris Johnson,https://id.parliament.uk/0K7kX33I,1571
Scott,Mann,Commons,Assistant Whip,2021-09-19,2022-09-20,366.0,,,Conservative,Boris Johnson,https://id.parliament.uk/vvon8Xdo,4496
Gareth,Johnson,Commons,Assistant Whip,2021-09-20,2022-02-09,142.0,,,Conservative,Boris Johnson,https://id.parliament.uk/FwqGTLQH,3970
Heather,Wheeler,Commons,Assistant Whip,2021-09-20,2022-07-08,291.0,,,Conservative,Boris Johnson,https://id.parliament.uk/hGqCOo3s,4053
Craig,Whittaker,Commons,Lord Commissioner (HM Treasury) (Whip),2021-09-20,2022-02-10,143.0,,,Conservative,Boris Johnson,https://id.parliament.uk/kX4bGw43,3940
Stephen,Double,Commons,Assistant Whip,2021-09-20,2022-07-08,291.0,,,Conservative,Boris Johnson,https://id.parliament.uk/4tUWCtQH,4452
Andrea,Jenkyns,Commons,Assistant Whip,2021-09-20,2022-07-08,291.0,,,Conservative,Boris Johnson,https://id.parliament.uk/TtNDTJP0,4490
Jonathan,Caine,Lords,Parliamentary Under-Secretary (Northern Ireland Office),2021-11-05,2024-07-05,973.0,,,Conservative,Boris Johnson,https://id.parliament.uk/l9Ss90US,4581
Wendy,Morton,Commons,Parliamentary Under-Secretary (Department for Transport),2021-12-19,2022-02-09,52.0,,,Conservative,Boris Johnson,https://id.parliament.uk/j6Lei0y7,4358
Christopher,Heaton-Harris,Commons,"Minister of State (Foreign, Commonwealth and Development Office)",2021-12-19,2022-02-08,51.0,,,Conservative,Boris Johnson,https://id.parliament.uk/6xdB80aQ,3977
Andrew,Griffith,Commons,Parliamentary Secretary (Minister for Policy and Head of the Prime Minister’s Policy Unit),2022-02-03,2022-07-08,155.0,,,Conservative,Boris Johnson,https://id.parliament.uk/U0c9xqqa,4874
Michael,Ellis,Commons,Minister of State (Cabinet Office) (Attends Cabinet),2022-02-08,2022-09-06,210.0,,,Conservative,Boris Johnson,https://id.parliament.uk/NYp5fsei,4116
Christopher,Heaton-Harris,Commons,Parliamentary Secretary to the Treasury and Chief Whip,2022-02-08,2022-09-06,210.0,,,Conservative,Boris Johnson,https://id.parliament.uk/6xdB80aQ,3977
Stephen,Barclay,Commons,Chancellor of the Duchy of Lancaster,2022-02-08,2022-07-05,147.0,,,Conservative,Boris Johnson,https://id.parliament.uk/nBemRbWt,4095
Mark,Spencer,Commons,Lord President of the Council and Leader of the House of Commons,2022-02-08,2022-09-06,210.0,,,Conservative,Boris Johnson,https://id.parliament.uk/YWnDvo84,4055
Jacob,Rees-Mogg,Commons,Minister of State (Minister for Brexit Opportunities and Government Efficiency),2022-02-08,2022-09-06,210.0,,,Conservative,Boris Johnson,https://id.parliament.uk/7syCchhA,4099
James,Cleverly,Commons,Minister of State (Minister for Europe),2022-02-08,2022-07-07,149.0,,,Conservative,Boris Johnson,https://id.parliament.uk/BxEyDcsA,4366
Stuart,Andrew,Commons,Minister of State (Minister for Housing),2022-02-08,2022-07-06,148.0,,,Conservative,Boris Johnson,https://id.parliament.uk/Gi80AXwX,4032
Heather,Wheeler,Commons,Parliamentary Secretary (Cabinet Office),2022-02-08,2022-09-07,211.0,,,Conservative,Boris Johnson,https://id.parliament.uk/hGqCOo3s,4053
Wendy,Morton,Commons,Minister of State (Department for Transport),2022-02-09,2022-09-06,209.0,,,Conservative,Boris Johnson,https://id.parliament.uk/j6Lei0y7,4358
Gareth,Johnson,Commons,Lord Commissioner (HM Treasury) (Whip),2022-02-09,2022-09-20,223.0,,,Conservative,Boris Johnson,https://id.parliament.uk/FwqGTLQH,3970
Christopher,Pincher,Commons,"Treasurer of HM Household (Deputy Chief Whip, House of Commons)",2022-02-09,2022-06-30,141.0,,,Conservative,Boris Johnson,https://id.parliament.uk/W4hBGj4J,4075
Sarah,Dines,Commons,Assistant Whip,2022-02-10,2022-07-08,148.0,,,Conservative,Boris Johnson,https://id.parliament.uk/pmPvLySp,4816
Kelly,Tolhurst,Commons,"Treasurer of HM Household (Deputy Chief Whip, House of Commons)",2022-07-01,2022-09-07,68.0,,,Conservative,Boris Johnson,https://id.parliament.uk/l2T1nZKg,4487
Stephen,Barclay,Commons,Secretary of State for Health and Social Care,2022-07-05,2022-09-06,63.0,,,Conservative,Boris Johnson,https://id.parliament.uk/nBemRbWt,4095
Michelle,Donelan,Commons,Secretary of State for Education,2022-07-05,2022-07-07,2.0,,,Conservative,Boris Johnson,https://id.parliament.uk/Ad0YHzrk,4530
Nadhim,Zahawi,Commons,Chancellor of the Exchequer,2022-07-05,2022-09-06,63.0,,,Conservative,Boris Johnson,https://id.parliament.uk/HscvKHnF,4113
Paul,Scully,Commons,"Minister of State (Department for Levelling Up, Housing and Communities)",2022-07-07,2022-10-27,112.0,,,Conservative,Boris Johnson,https://id.parliament.uk/rBcPDbnY,4414
Shailesh,Vara,Commons,Secretary of State for Northern Ireland,2022-07-07,2022-09-06,61.0,,,Conservative,Boris Johnson,https://id.parliament.uk/Uj24yw4q,1496
Robert,Buckland,Commons,Secretary of State for Wales,2022-07-07,2022-10-25,110.0,,,Conservative,Boris Johnson,https://id.parliament.uk/OcLvTDR4,4106
James,Cleverly,Commons,Secretary of State for Education,2022-07-07,2022-09-06,61.0,,,Conservative,Boris Johnson,https://id.parliament.uk/BxEyDcsA,4366
Trudy,Harrison,Commons,Minister of State (Department for Transport),2022-07-07,2022-09-07,62.0,,,Conservative,Boris Johnson,https://id.parliament.uk/MkQUzdjo,4593
Christopher,Malthouse,Commons,Chancellor of the Duchy of Lancaster,2022-07-07,2022-09-06,61.0,,,Conservative,Boris Johnson,https://id.parliament.uk/K9fWqlEA,4495
Rebecca,Harris,Commons,"Comptroller (HM Household) (Whip, House of Commons)",2022-07-07,2024-07-05,729.0,,,Conservative,Boris Johnson,https://id.parliament.uk/pyF90GL4,3948
Anthony,Timpson,Commons,Solicitor General (Attorney General's Office),2022-07-07,2022-09-07,62.0,,,Conservative,Boris Johnson,https://id.parliament.uk/RnmAK7sq,1605
Stephen,McPartland,Commons,Minister of State (Home Office) (Security),2022-07-07,2022-09-06,61.0,,,Conservative,Boris Johnson,https://id.parliament.uk/t5SKlvSg,4093
James,Heappey,Commons,Minister of State (Ministry of Defence),2022-07-07,2022-09-06,61.0,,,Conservative,Boris Johnson,https://id.parliament.uk/jUL90JaV,4528
Graham,Stuart,Commons,"Minister of State (Foreign, Commonwealth and Development Office)",2022-07-07,2022-09-06,61.0,,,Conservative,Boris Johnson,https://id.parliament.uk/uyQOJxJ0,1482
John,Mercer,Commons,Minister of State (Cabinet Office) (Minister for Veterans' Affairs),2022-07-07,2022-09-06,61.0,,,Conservative,Boris Johnson,https://id.parliament.uk/4csB0FKu,4485
Marcus,Jones,Commons,"Minister of State (Department for Levelling Up, Housing and Communities)",2022-07-07,2022-09-07,62.0,,,Conservative,Boris Johnson,https://id.parliament.uk/ODNC95e3,4024
Andrew,Stephenson,Commons,Minister without Portfolio (Cabinet Office),2022-07-07,2022-09-06,61.0,,,Conservative,Boris Johnson,https://id.parliament.uk/xPajTduv,4044
Gregory,Clark,Commons,"Secretary of State for Levelling Up, Housing and Communities",2022-07-07,2022-09-06,61.0,,,Conservative,Boris Johnson,https://id.parliament.uk/jqlCAgYA,1578
Maria,Caulfield,Commons,Minister of State (Department of Health and Social Care),2022-07-07,2022-09-07,62.0,,,Conservative,Boris Johnson,https://id.parliament.uk/2GfKGest,4492
Thomas,Pursglove,Commons,Minister of State (Ministry of Justice) (jointly with Home Office),2022-07-07,2022-09-07,62.0,,,Conservative,Boris Johnson,https://id.parliament.uk/yxZXn9N5,4369
William,Quince,Commons,Minister of State (Education),2022-07-07,2022-09-07,62.0,,,Conservative,Boris Johnson,https://id.parliament.uk/gWzeTtB9,4423
Matthew,Warman,Commons,"Minister of State (Department for Digital, Culture, Media and Sport)",2022-07-07,2022-09-07,62.0,,,Conservative,Boris Johnson,https://id.parliament.uk/y0BbQAKX,4361
Damian,Collins,Commons,"Parliamentary Under-Secretary (Department for Digital, Culture, Media and Sport)",2022-07-08,2022-10-27,111.0,,,Conservative,Boris Johnson,https://id.parliament.uk/wHuM34Yt,3986
Sarah,Dines,Commons,Parliamentary Under Secretary of State (Ministry of Justice) (jointly with Home Office),2022-07-08,2022-09-20,74.0,,,Conservative,Boris Johnson,https://id.parliament.uk/pmPvLySp,4816
Guy,Opperman,Commons,Parliamentary Under-Secretary (Department for Work and Pensions),2022-07-08,2022-09-08,62.0,,,Conservative,Boris Johnson,https://id.parliament.uk/KRgnTeJ7,4142
Amanda,Solloway,Commons,"Parliamentary Under Secretary of State (Foreign, Commonwealth and Development Office) (Minister for Equalities)",2022-07-08,2022-09-20,74.0,,,Conservative,Boris Johnson,https://id.parliament.uk/qQjIWSuk,4372
David,Davies,Commons,Lord Commissioner (HM Treasury) (Whip) (Jointly as unpaid Parliamentary Under Secretary of State at the Wales Office),2022-07-08,2022-09-08,62.0,,,Conservative,Boris Johnson,https://id.parliament.uk/oHe9GoOF,1545
Peter,Bone,Commons,Deputy Leader of the House of Commons,2022-07-08,2022-09-27,81.0,,,Conservative,Boris Johnson,https://id.parliament.uk/Fn8AppNy,1581
Michael,Tomlinson-Mynors,Commons,"Vice Chamberlain (HM Household) (Whip, House of Commons)",2022-07-08,2022-09-07,61.0,,,Conservative,Boris Johnson,https://id.parliament.uk/Gcac8q7F,4497
Amanda,Solloway,Commons,Parliamentary Under-Secretary (Home Office),2022-07-08,2022-09-20,74.0,,,Conservative,Boris Johnson,https://id.parliament.uk/qQjIWSuk,4372
Stephen,Double,Commons,"Parliamentary Under-Secretary (Department for Environment, Food and Rural Affairs)",2022-07-08,2022-09-08,62.0,,,Conservative,Boris Johnson,https://id.parliament.uk/4tUWCtQH,4452
Craig,Whittaker,Commons,Lord Commissioner (HM Treasury) (Whip),2022-07-08,2022-09-07,61.0,,,Conservative,Boris Johnson,https://id.parliament.uk/kX4bGw43,3940
Simon,Baynes,Commons,Parliamentary Under Secretary of State (Ministry of Justice) (jointly with Home Office),2022-07-08,2022-09-08,62.0,,,Conservative,Boris Johnson,https://id.parliament.uk/Jp7vS7iZ,4800
Andrew,Griffith,Commons,Parliamentary Under-Secretary (Department for International Trade),2022-07-08,2022-09-07,61.0,,,Conservative,Boris Johnson,https://id.parliament.uk/U0c9xqqa,4874
Atta-Ur-Rehman,Chishti,Commons,"Parliamentary Under-Secretary (Foreign, Commonwealth and Development Office)",2022-07-08,2022-09-07,61.0,,,Conservative,Boris Johnson,https://id.parliament.uk/K5YBoKk2,3987
Alan,Mak,Commons,Exchequer Secretary (HM Treasury),2022-07-08,2022-09-07,61.0,,,Conservative,Boris Johnson,https://id.parliament.uk/UjhH5qiw,4484
David,Morris,Commons,Assistant Whip,2022-07-08,2022-09-20,74.0,,,Conservative,Boris Johnson,https://id.parliament.uk/QJjBt02S,4135
Brendan,Clarke-Smith,Commons,Parliamentary Under-Secretary (Department for Education),2022-07-08,2022-09-07,61.0,,,Conservative,Boris Johnson,https://id.parliament.uk/JTErETJp,4756
Joy,Morrissey,Commons,Assistant Whip,2022-07-08,2023-11-14,494.0,,,Conservative,Boris Johnson,https://id.parliament.uk/cwSavkui,4759
Andrea,Jenkyns,Commons,Parliamentary Under-Secretary (Department for Education),2022-07-08,2022-10-27,111.0,,,Conservative,Boris Johnson,https://id.parliament.uk/TtNDTJP0,4490
Richard,Fuller,Commons,Economic Secretary (HM Treasury),2022-07-08,2022-10-27,111.0,,,Conservative,Boris Johnson,https://id.parliament.uk/xWdIXrhv,3912
Adam,Holloway,Commons,Assistant Whip,2022-07-08,2022-09-20,74.0,,,Conservative,Boris Johnson,https://id.parliament.uk/3JgdBkgw,1522
James,Morris,Commons,Parliamentary Under-Secretary (Department of Health and Social Care),2022-07-08,2022-09-08,62.0,,,Conservative,Boris Johnson,https://id.parliament.uk/Gagx37iP,3992
Julie,Marson,Commons,Assistant Whip,2022-07-08,2022-09-20,74.0,,,Conservative,Boris Johnson,https://id.parliament.uk/SwhmFdO7,4768
Julie,Marson,Commons,Parliamentary Under-Secretary (Department for Work and Pensions),2022-07-08,2022-09-20,74.0,,,Conservative,Boris Johnson,https://id.parliament.uk/SwhmFdO7,4768
James,Duddridge,Commons,Lord Commissioner (HM Treasury) (Whip),2022-07-08,2022-09-07,61.0,,,Conservative,Boris Johnson,https://id.parliament.uk/uDZzgmxr,1559
Stuart,Andrew,Commons,Minister of State (Ministry of Justice),2022-07-08,2022-09-07,61.0,,,Conservative,Boris Johnson,https://id.parliament.uk/Gi80AXwX,4032
Karl,McCartney,Commons,Parliamentary Under-Secretary (Department for Transport),2022-07-08,2022-09-08,62.0,,,Conservative,Boris Johnson,https://id.parliament.uk/FMqhfVwU,4028
Suzanne,Webb,Commons,Assistant Whip,2022-07-08,2022-09-20,74.0,,,Conservative,Boris Johnson,https://id.parliament.uk/YfiZY7ZX,4802
Lia,Nici-Townend,Commons,"Parliamentary Under Secretary of State (Department for Levelling Up, Housing and Communities)",2022-07-08,2022-09-20,74.0,,,Conservative,Boris Johnson,https://id.parliament.uk/6sLM1yKE,4851
Stuart,Anderson,Commons,Assistant Whip,2022-07-08,2023-02-16,223.0,,,Conservative,Boris Johnson,https://id.parliament.uk/4gedjvG8,4742
David,Evennett,Commons,Assistant Whip,2022-07-08,2022-09-07,61.0,,,Conservative,Boris Johnson,https://id.parliament.uk/KhqjbENy,1198
Jane,Hunt,Commons,"Parliamentary Under-Secretary (Department for Business, Energy and Industrial Strategy)",2022-07-08,2022-09-08,62.0,,,Conservative,Boris Johnson,https://id.parliament.uk/v2fyCgOm,4839
Jacob,Rees-Mogg,Commons,"Secretary of State for Business, Energy and Industrial Strategy",2022-09-06,2022-10-25,49.0,,,Conservative,Boris Johnson,https://id.parliament.uk/7syCchhA,4099
Nadhim,Zahawi,Commons,Chancellor of the Duchy of Lancaster,2022-09-06,2022-10-25,49.0,,,Conservative,Boris Johnson,https://id.parliament.uk/HscvKHnF,4113
Nadhim,Zahawi,Commons,Minister for Equalities,2022-09-06,2022-10-25,49.0,,,Conservative,Boris Johnson,https://id.parliament.uk/HscvKHnF,4113
Ranil,Jayawardena,Commons,"Secretary of State for Environment, Food and Rural Affairs",2022-09-06,2022-10-25,49.0,,,Conservative,Boris Johnson,https://id.parliament.uk/2mWw3B3n,4498
Kwasi,Kwarteng,Commons,Chancellor of the Exchequer,2022-09-06,2022-10-14,38.0,,,Conservative,Boris Johnson,https://id.parliament.uk/sdCPc48H,4134
Brandon,Lewis,Commons,Lord Chancellor and Secretary of State for Justice,2022-09-06,2022-10-25,49.0,,,Conservative,Boris Johnson,https://id.parliament.uk/C91rcqgY,4009
Michelle,Donelan,Commons,"Secretary of State for Digital, Culture, Media and Sport",2022-09-06,2023-02-07,154.0,,,Conservative,Boris Johnson,https://id.parliament.uk/Ad0YHzrk,4530
Simon,Clarke,Commons,"Secretary of State for Levelling Up, Housing and Communities",2022-09-06,2022-10-25,49.0,,,Conservative,Boris Johnson,https://id.parliament.uk/qroUXuK3,4655
Olukemi,Badenoch,Commons,Secretary of State for International Trade and President of the Board of Trade,2022-09-06,2023-02-07,154.0,,,Conservative,Boris Johnson,https://id.parliament.uk/pCJxGryC,4597
Nicholas,True,Lords,Leader of the House of Lords and Lord Privy Seal,2022-09-06,2024-07-05,668.0,,,Conservative,Boris Johnson,https://id.parliament.uk/HfLZiPLM,4200
Penelope,Mordaunt,Commons,Lord President of the Council and Leader of the House of Commons,2022-09-06,2024-07-05,668.0,,,Conservative,Boris Johnson,https://id.parliament.uk/RMNQDZri,4017
Christopher,Malthouse,Commons,Secretary of State for Education,2022-09-06,2022-10-25,49.0,,,Conservative,Boris Johnson,https://id.parliament.uk/K9fWqlEA,4495
Edward,Argar,Commons,Paymaster General,2022-09-06,2022-10-14,38.0,,,Conservative,Boris Johnson,https://id.parliament.uk/lMvp3beP,4362
Chloe,Smith,Commons,Secretary of State for Work and Pensions,2022-09-06,2022-10-25,49.0,,,Conservative,Boris Johnson,https://id.parliament.uk/trjrjVxb,1609
Sue-Ellen,Braverman,Commons,Home Secretary,2022-09-06,2022-10-19,43.0,,,Conservative,Boris Johnson,https://id.parliament.uk/jlAAlWAo,4475
Christopher,Heaton-Harris,Commons,Secretary of State for Northern Ireland,2022-09-06,2024-07-05,668.0,,,Conservative,Boris Johnson,https://id.parliament.uk/6xdB80aQ,3977
Thomas,Tugendhat,Commons,Minister of State (Home Office) (Security),2022-09-06,2024-07-05,668.0,,,Conservative,Boris Johnson,https://id.parliament.uk/g2DNCmO7,4462
Elizabeth,Truss,Commons,"Prime Minister, First Lord of the Treasury, Minister for the Civil Service, and Minister for the Union",2022-09-06,2022-10-25,49.0,,,Conservative,Boris Johnson,https://id.parliament.uk/dQvfKfAo,4097
Graham,Stuart,Commons,Minister of State (Minister for Climate),2022-09-06,2023-02-07,154.0,,,Conservative,Boris Johnson,https://id.parliament.uk/uyQOJxJ0,1482
James,Heappey,Commons,Minister of State (Ministry of Defence) (Minister for the Armed Forces),2022-09-06,2024-03-26,567.0,,,Conservative,Boris Johnson,https://id.parliament.uk/jUL90JaV,4528
Wendy,Morton,Commons,Parliamentary Secretary to the Treasury (Chief Whip),2022-09-06,2022-10-25,49.0,,,Conservative,Boris Johnson,https://id.parliament.uk/j6Lei0y7,4358
Therese,Coffey,Commons,Deputy Prime Minister,2022-09-06,2022-10-25,49.0,,,Conservative,Boris Johnson,https://id.parliament.uk/wsMvuOfh,4098
James,Berry,Commons,Minister without Portfolio (Cabinet Office),2022-09-06,2022-10-25,49.0,,,Conservative,Boris Johnson,https://id.parliament.uk/9M7c9HIy,4060
Michael,Ellis,Commons,Attorney General,2022-09-06,2022-10-25,49.0,,,Conservative,Boris Johnson,https://id.parliament.uk/NYp5fsei,4116
Anne-Marie,Trevelyan,Commons,Secretary of State for Transport,2022-09-06,2022-10-25,49.0,,,Conservative,Boris Johnson,https://id.parliament.uk/kMJFcI2Z,4531
James,Cleverly,Commons,Foreign Secretary,2022-09-06,2023-11-13,433.0,,,Conservative,Boris Johnson,https://id.parliament.uk/BxEyDcsA,4366
Edward,Argar,Commons,Minister of State (Cabinet Office) (Attends Cabinet),2022-09-06,2022-10-14,38.0,,,Conservative,Boris Johnson,https://id.parliament.uk/lMvp3beP,4362
Therese,Coffey,Commons,Secretary of State for Health and Social Care,2022-09-06,2022-10-25,49.0,,,Conservative,Boris Johnson,https://id.parliament.uk/wsMvuOfh,4098
Chris,Philp,Commons,Chief Secretary to the Treasury,2022-09-06,2022-10-14,38.0,,,Conservative,Boris Johnson,https://id.parliament.uk/4ZneyIwV,4503
Victoria,Ford,Commons,"Minister of State (Foreign, Commonwealth and Development Office) (Minister for Development)",2022-09-06,2022-10-25,49.0,,,Conservative,Boris Johnson,https://id.parliament.uk/La7hJY9L,4674
Nadhim,Zahawi,Commons,Minister for Intergovernmental Relations,2022-09-06,2022-10-25,49.0,,,Conservative,Boris Johnson,https://id.parliament.uk/HscvKHnF,4113
Susan,Williams,Lords,"Captain of the Honourable Corps of Gentlemen-at-Arms (HM Household) (Chief Whip, House of Lords)",2022-09-07,2024-07-05,667.0,,,Conservative,Liz Truss,https://id.parliament.uk/9euzXdH0,4311
Lee,Rowley,Commons,"Parliamentary Under Secretary of State (Department for Levelling Up, Housing and Communities)",2022-09-07,2023-11-13,432.0,,,Conservative,Liz Truss,https://id.parliament.uk/o8uRVw1g,4652
Alec,Shelbrooke,Commons,Minister of State (Ministry of Defence),2022-09-07,2022-10-26,49.0,,,Conservative,Liz Truss,https://id.parliament.uk/pv4eszzK,3997
Andrew,Griffith,Commons,Financial Secretary (HM Treasury),2022-09-07,2022-10-27,50.0,,,Conservative,Liz Truss,https://id.parliament.uk/U0c9xqqa,4874
Jonathan,Gullis,Commons,Parliamentary Under-Secretary (Department for Education),2022-09-07,2022-10-28,51.0,,,Conservative,Liz Truss,https://id.parliament.uk/J4N7Gkia,4814
Leo,Docherty,Commons,"Minister of State (Foreign, Commonwealth and Development Office)",2022-09-07,2022-10-27,50.0,,,Conservative,Liz Truss,https://id.parliament.uk/H2iqrFlO,4600
Kevin,Foster,Commons,Minister of State (Department for Transport),2022-09-07,2022-10-26,49.0,,,Conservative,Liz Truss,https://id.parliament.uk/Zm3jlHZH,4451
Lucy,Leigh (Frazer),Commons,Minister of State (Department for Transport),2022-09-07,2022-10-26,49.0,,,Conservative,Liz Truss,https://id.parliament.uk/SWXSOmi9,4517
Craig,Whittaker,Commons,"Treasurer of HM Household (Deputy Chief Whip, House of Commons)",2022-09-07,2022-10-27,50.0,,,Conservative,Liz Truss,https://id.parliament.uk/kX4bGw43,3940
Julia,Lopez,Commons,"Minister of State (Department for Digital, Culture, Media and Sport)",2022-09-07,2023-02-07,153.0,,,Conservative,Liz Truss,https://id.parliament.uk/PbwesL7w,4647
Rachel,Maclean,Commons,Minister of State (Ministry of Justice),2022-09-07,2022-10-28,51.0,,,Conservative,Liz Truss,https://id.parliament.uk/Advyttuk,4668
Jacqueline,Doyle-Price,Commons,"Minister of State (Department for Business, Energy and Industrial Strategy)",2022-09-07,2022-10-27,50.0,,,Conservative,Liz Truss,https://id.parliament.uk/M9UpoF65,4065
Brendan,Clarke-Smith,Commons,Parliamentary Secretary (Cabinet Office),2022-09-07,2022-10-27,50.0,,,Conservative,Liz Truss,https://id.parliament.uk/JTErETJp,4756
Robert,Jenrick,Commons,Minister of State (Department of Health and Social Care),2022-09-07,2022-10-25,48.0,,,Conservative,Liz Truss,https://id.parliament.uk/n4KBuZO5,4320
James,Duddridge,Commons,Minister of State (Department for International Trade),2022-09-07,2022-10-26,49.0,,,Conservative,Liz Truss,https://id.parliament.uk/uDZzgmxr,1559
Mark,Spencer,Commons,"Minister of State (Department for Environment, Food and Rural Affairs)",2022-09-07,2024-07-05,667.0,,,Conservative,Liz Truss,https://id.parliament.uk/YWnDvo84,4055
Conor,Burns,Commons,Minister of State (Department for International Trade),2022-09-07,2022-10-07,30.0,,,Conservative,Liz Truss,https://id.parliament.uk/3zu2dslt,3922
William,Quince,Commons,Minister of State (Department of Health and Social Care),2022-09-07,2023-11-13,432.0,,,Conservative,Liz Truss,https://id.parliament.uk/gWzeTtB9,4423
Felicity,Buchan,Commons,Exchequer Secretary (HM Treasury),2022-09-07,2022-10-28,51.0,,,Conservative,Liz Truss,https://id.parliament.uk/r6XYaj95,4821
Gillian,Keegan,Commons,"Parliamentary Under-Secretary (Foreign, Commonwealth and Development Office)",2022-09-07,2022-10-25,48.0,,,Conservative,Liz Truss,https://id.parliament.uk/BdbiB2hR,4680
David,Evennett,Commons,Lord Commissioner (HM Treasury) (Whip),2022-09-07,2022-10-27,50.0,,,Conservative,Liz Truss,https://id.parliament.uk/KhqjbENy,1198
Nusrat,Ul-Ghani,Commons,"Minister of State (Department for Business, Energy and Industrial Strategy)",2022-09-07,2023-02-07,153.0,,,Conservative,Liz Truss,https://id.parliament.uk/g9m5rSVd,4460
Steven,Baker,Commons,Minister of State (Northern Ireland Office),2022-09-07,2024-07-05,667.0,,,Conservative,Liz Truss,https://id.parliament.uk/LQYyrSHJ,4064
Jeremy,Quin,Commons,Minister of State (Home Office),2022-09-07,2022-10-25,48.0,,,Conservative,Liz Truss,https://id.parliament.uk/3cCGfc83,4507
Thomas,Pursglove,Commons,Minister of State (Home Office),2022-09-07,2022-10-25,48.0,,,Conservative,Liz Truss,https://id.parliament.uk/yxZXn9N5,4369
Victoria,Prentis,Commons,Minister of State (Department for Work and Pensions),2022-09-07,2022-10-25,48.0,,,Conservative,Liz Truss,https://id.parliament.uk/7tqzkPcd,4401
Kelly,Tolhurst,Commons,Minister of State (Education),2022-09-07,2022-10-27,50.0,,,Conservative,Liz Truss,https://id.parliament.uk/l2T1nZKg,4487
Trudy,Harrison,Commons,"Parliamentary Under-Secretary (Department for Environment, Food and Rural Affairs)",2022-09-07,2023-11-13,432.0,,,Conservative,Liz Truss,https://id.parliament.uk/MkQUzdjo,4593
Michael,Tomlinson-Mynors,Commons,Solicitor General (Attorney General's Office),2022-09-07,2023-12-07,456.0,,,Conservative,Liz Truss,https://id.parliament.uk/Gcac8q7F,4497
Alexander,Norman,Commons,"Minister of State (Foreign, Commonwealth and Development Office)",2022-09-07,2022-10-26,49.0,,,Conservative,Liz Truss,https://id.parliament.uk/m3Dx06Vx,3991
Neil,O'Brien,Commons,Parliamentary Under-Secretary (Department of Health and Social Care),2022-09-08,2023-11-13,431.0,,,Conservative,Liz Truss,https://id.parliament.uk/MoB61exF,4679
Johanna,Churchill,Commons,"Vice Chamberlain (HM Household) (Whip, House of Commons)",2022-09-08,2023-11-13,431.0,,,Conservative,Liz Truss,https://id.parliament.uk/1P3gl8pl,4380
Dehenna,Fareham,Commons,"Parliamentary Under Secretary of State (Department for Levelling Up, Housing and Communities)",2022-09-08,2023-09-18,375.0,,,Conservative,Liz Truss,https://id.parliament.uk/QJEJ4dJi,4737
Caroline,Johnson,Commons,Parliamentary Under-Secretary (Department of Health and Social Care),2022-09-08,2022-10-27,49.0,,,Conservative,Liz Truss,https://id.parliament.uk/TSeJnODO,4592
David,Duguid,Commons,Parliamentary Under-Secretary (Scotland Office),2022-09-20,2022-10-27,37.0,,,Conservative,Liz Truss,https://id.parliament.uk/2cqVfKnf,4606
Marcus,Fysh,Commons,Parliamentary Under-Secretary (Department for International Trade),2022-09-20,2022-10-27,37.0,,,Conservative,Liz Truss,https://id.parliament.uk/WW6BJNeF,4446
Sarah,Atherton,Commons,Parliamentary Under-Secretary (Ministry of Defence),2022-09-20,2022-10-27,37.0,,,Conservative,Liz Truss,https://id.parliament.uk/v14RNZWi,4855
Katherine,Fletcher,Commons,Parliamentary Secretary (Cabinet Office),2022-09-20,2022-10-27,37.0,,,Conservative,Liz Truss,https://id.parliament.uk/Mk4i0T7D,4834
Stuart,Andrew,Commons,"Parliamentary Under-Secretary (Department for Digital, Culture, Media and Sport)",2022-09-20,2023-02-07,140.0,,,Conservative,Liz Truss,https://id.parliament.uk/Gi80AXwX,4032
Michael,Burghart,Commons,Parliamentary Under-Secretary (Department for Work and Pensions),2022-09-20,2022-10-27,37.0,,,Conservative,Liz Truss,https://id.parliament.uk/Q6chyb29,4613
Katherine,Fletcher,Commons,Parliamentary Under-Secretary (Department for Transport),2022-09-20,2022-10-27,37.0,,,Conservative,Liz Truss,https://id.parliament.uk/Mk4i0T7D,4834
Miriam,Davies,Commons,Parliamentary Under-Secretary (Home Office),2022-09-20,2022-10-27,37.0,,,Conservative,Liz Truss,https://id.parliament.uk/GR6SZK1Z,4513
Sarah,Dines,Commons,"Government Whip, Lord Commissioner of HM Treasury",2022-09-20,2022-10-27,37.0,,,Conservative,Liz Truss,https://id.parliament.uk/pmPvLySp,4816
Robert,Butler,Commons,Parliamentary Under-Secretary (Ministry of Justice),2022-09-20,2022-10-27,37.0,,,Conservative,Liz Truss,https://id.parliament.uk/eGuIJdxd,4745
Michael,Freer,Commons,Parliamentary Under-Secretary (Ministry of Justice),2022-09-20,2024-07-05,654.0,,,Conservative,Liz Truss,https://id.parliament.uk/aNKrLGEh,4004
Jacob,Young,Commons,Assistant Whip,2022-09-20,2023-09-18,363.0,,,Conservative,Liz Truss,https://id.parliament.uk/4gGsOClv,4825
Gareth,Johnson,Commons,Parliamentary Under-Secretary (Ministry of Justice),2022-09-20,2022-10-27,37.0,,,Conservative,Liz Truss,https://id.parliament.uk/FwqGTLQH,3970
Dean,Russell,Commons,"Parliamentary Under-Secretary (Department for Business, Energy and Industrial Strategy)",2022-09-20,2022-10-27,37.0,,,Conservative,Liz Truss,https://id.parliament.uk/pW0D7ETR,4812
Adam,Holloway,Commons,"Government Whip, Lord Commissioner of HM Treasury",2022-09-20,2022-10-27,37.0,,,Conservative,Liz Truss,https://id.parliament.uk/3JgdBkgw,1522
Lia,Nici-Townend,Commons,Assistant Whip,2022-09-20,2022-10-27,37.0,,,Conservative,Liz Truss,https://id.parliament.uk/6sLM1yKE,4851
Nigel,Huddleston,Commons,"Government Whip, Lord Commissioner of HM Treasury",2022-09-20,2023-02-07,140.0,,,Conservative,Liz Truss,https://id.parliament.uk/0J37XN5v,4407
Mark,Jenkinson,Commons,Assistant Whip,2022-09-20,2022-10-27,37.0,,,Conservative,Liz Truss,https://id.parliament.uk/oBpqVwjP,4752
Amanda,Solloway,Commons,"Government Whip, Lord Commissioner of HM Treasury",2022-09-20,2024-07-05,654.0,,,Conservative,Liz Truss,https://id.parliament.uk/qQjIWSuk,4372
Darren,Henry,Commons,Assistant Whip,2022-09-20,2022-10-27,37.0,,,Conservative,Liz Truss,https://id.parliament.uk/qfvJorGs,4794
Scott,Mann,Commons,"Parliamentary Under-Secretary (Department for Environment, Food and Rural Affairs)",2022-09-20,2022-10-28,38.0,,,Conservative,Liz Truss,https://id.parliament.uk/vvon8Xdo,4496
Andrew,Stephenson,Commons,"Parliamentary Under Secretary of State (Department for Levelling Up, Housing and Communities)",2022-09-20,2022-10-27,37.0,,,Conservative,Liz Truss,https://id.parliament.uk/xPajTduv,4044
Damien,Moore,Commons,Assistant Whip,2022-09-20,2022-10-27,37.0,,,Conservative,Liz Truss,https://id.parliament.uk/f9bLliaT,4669
Lucy,Neville-Rolfe,Lords,Minister of State (Cabinet Office),2022-09-21,2024-07-05,653.0,,,Conservative,Liz Truss,https://id.parliament.uk/zqao7Ovw,4284
Jane,Scott,Lords,"Parliamentary Under Secretary of State (Department for Levelling Up, Housing and Communities)",2022-09-21,2024-07-05,653.0,,,Conservative,Liz Truss,https://id.parliament.uk/0cl9lWEs,4553
Claire,Coutinho,Commons,Parliamentary Under-Secretary (Department for Work and Pensions),2022-09-21,2022-10-27,36.0,,,Conservative,Liz Truss,https://id.parliament.uk/1SGwiZsK,4806
Deborah,Stedman-Scott,Lords,Parliamentary Secretary (Cabinet Office),2022-09-22,2022-10-29,37.0,,,Conservative,Liz Truss,https://id.parliament.uk/vWas5sC8,4174
Gregory,Hands,Commons,Minister of State (Department for International Trade),2022-10-09,2023-02-07,121.0,,,Conservative,Liz Truss,https://id.parliament.uk/7Tsbxzkf,1526
Jeremy,Hunt,Commons,Chancellor of the Exchequer,2022-10-14,2024-07-05,630.0,,,Conservative,Liz Truss,https://id.parliament.uk/x6FOPcns,1572
Chris,Philp,Commons,Paymaster General and Minister for the Cabinet Office,2022-10-14,2022-10-25,11.0,,,Conservative,Liz Truss,https://id.parliament.uk/4ZneyIwV,4503
Edward,Argar,Commons,Chief Secretary to the Treasury,2022-10-14,2022-10-27,13.0,,,Conservative,Liz Truss,https://id.parliament.uk/lMvp3beP,4362
Grant,Shapps,Commons,Home Secretary,2022-10-19,2022-10-25,6.0,,,Conservative,Liz Truss,https://id.parliament.uk/ZvG45buB,1582
Rishi,Sunak,Commons,"Prime Minister, First Lord of the Treasury, Minister for the Civil Service, and Minister for the Union",2022-10-25,2024-07-05,619.0,,,Conservative,Liz Truss,https://id.parliament.uk/iuC0IKzw,4483
Stephen,Barclay,Commons,Secretary of State for Health and Social Care,2022-10-25,2023-11-13,384.0,,,Conservative,Liz Truss,https://id.parliament.uk/nBemRbWt,4095
Oliver,Dowden,Commons,Chancellor of the Duchy of Lancaster,2022-10-25,2024-07-05,619.0,,,Conservative,Liz Truss,https://id.parliament.uk/atcqNbc1,4441
Jeremy,Quin,Commons,Paymaster General and Minister for the Cabinet Office,2022-10-25,2023-11-13,384.0,,,Conservative,Liz Truss,https://id.parliament.uk/3cCGfc83,4507
Victoria,Prentis,Commons,Attorney General,2022-10-25,2024-07-05,619.0,,,Conservative,Liz Truss,https://id.parliament.uk/7tqzkPcd,4401
Andrew,Mitchell,Commons,"Minister of State (Foreign, Commonwealth and Development Office) (Minister for Development and Africa)",2022-10-25,2024-07-05,619.0,,,Conservative,Liz Truss,https://id.parliament.uk/QW4mOMIY,1211
Robert,Jenrick,Commons,Minister of State (Home Office) (Immigration),2022-10-25,2023-12-06,407.0,,,Conservative,Liz Truss,https://id.parliament.uk/n4KBuZO5,4320
Dominic,Raab,Commons,Lord Chancellor and Secretary of State for Justice,2022-10-25,2023-04-21,178.0,,,Conservative,Liz Truss,https://id.parliament.uk/zjs8wUR3,4007
Andrew,Mitchell,Commons,"Minister of State (Foreign, Commonwealth and Development Office) (Minister for Development)",2022-10-25,,,,,Conservative,Liz Truss,https://id.parliament.uk/QW4mOMIY,1211
Nadhim,Zahawi,Commons,Minister without Portfolio (Cabinet Office),2022-10-25,2023-01-29,96.0,,,Conservative,Liz Truss,https://id.parliament.uk/HscvKHnF,4113
Olukemi,Badenoch,Commons,Minister for Women and Equalities,2022-10-25,2024-07-05,619.0,,,Conservative,Liz Truss,https://id.parliament.uk/pCJxGryC,4597
Olukemi,Badenoch,Commons,Minister for Women and Equalities,2022-10-25,,,,,Conservative,Liz Truss,https://id.parliament.uk/pCJxGryC,4597
David,Davies,Commons,Secretary of State for Wales,2022-10-25,2024-07-05,619.0,,,Conservative,Liz Truss,https://id.parliament.uk/oHe9GoOF,1545
Gavin,Williamson,Commons,Minister of State (Cabinet Office) (Minister without Portfolio),2022-10-25,2022-11-08,14.0,,,Conservative,Liz Truss,https://id.parliament.uk/bgjHDpQ8,4108
Mark,Harper,Commons,Secretary of State for Transport,2022-10-25,2024-07-05,619.0,,,Conservative,Liz Truss,https://id.parliament.uk/psgM7FBk,1520
Dominic,Raab,Commons,Deputy Prime Minister,2022-10-25,2023-04-21,178.0,,,Conservative,Liz Truss,https://id.parliament.uk/zjs8wUR3,4007
Simon,Hart,Commons,Parliamentary Secretary to the Treasury (Chief Whip),2022-10-25,2024-07-05,619.0,,,Conservative,Liz Truss,https://id.parliament.uk/EqHq5F1p,3944
John,Glen,Commons,Chief Secretary to the Treasury,2022-10-25,2023-11-13,384.0,,,Conservative,Liz Truss,https://id.parliament.uk/26NskGIS,4051
Gillian,Keegan,Commons,Secretary of State for Education,2022-10-25,2024-07-05,619.0,,,Conservative,Liz Truss,https://id.parliament.uk/BdbiB2hR,4680
John,Mercer,Commons,Minister of State (Cabinet Office) (Minister for Veterans' Affairs),2022-10-25,2024-07-05,619.0,,,Conservative,Liz Truss,https://id.parliament.uk/4csB0FKu,4485
Therese,Coffey,Commons,"Secretary of State for Environment, Food and Rural Affairs",2022-10-25,2023-11-13,384.0,,,Conservative,Liz Truss,https://id.parliament.uk/wsMvuOfh,4098
Melvyn,Stride,Commons,Secretary of State for Work and Pensions,2022-10-25,2024-07-05,619.0,,,Conservative,Liz Truss,https://id.parliament.uk/dEAJKHTK,3935
Michael,Gove,Commons,Minister for Intergovernmental Relations,2022-10-25,2024-07-05,619.0,,,Conservative,Liz Truss,https://id.parliament.uk/0K7kX33I,1571
Michael,Gove,Commons,"Secretary of State for Levelling Up, Housing and Communities",2022-10-25,2024-07-05,619.0,,,Conservative,Liz Truss,https://id.parliament.uk/0K7kX33I,1571
Grant,Shapps,Commons,"Secretary of State for Business, Energy and Industrial Strategy",2022-10-25,2023-02-07,105.0,,,Conservative,Liz Truss,https://id.parliament.uk/ZvG45buB,1582
Sue-Ellen,Braverman,Commons,Home Secretary,2022-10-25,2023-11-13,384.0,,,Conservative,Liz Truss,https://id.parliament.uk/jlAAlWAo,4475
Alok,Sharma,Commons,COP26 President (Cabinet Office),2022-10-25,,,,,Conservative,Liz Truss,https://id.parliament.uk/FyvJWi3Q,4014
Nicolas,Gibb,Commons,Minister of State (Education),2022-10-26,2023-11-13,383.0,,,Conservative,Rishi Sunak,https://id.parliament.uk/r0QLf2Xa,111
Alexander,Norman,Commons,Minister of State (Department for Transport),2022-10-26,2023-11-13,383.0,,,Conservative,Rishi Sunak,https://id.parliament.uk/m3Dx06Vx,3991
George,Freeman,Commons,"Minister of State (Department for Business, Energy and Industrial Strategy)",2022-10-26,2023-02-07,104.0,,,Conservative,Rishi Sunak,https://id.parliament.uk/1ngZMeUR,4020
Alexander,Chalk,Commons,Minister of State (Ministry of Defence),2022-10-26,2023-04-21,177.0,,,Conservative,Rishi Sunak,https://id.parliament.uk/hZoVHExl,4481
Robert,Halfon,Commons,Minister of State (Education),2022-10-26,2024-03-26,517.0,,,Conservative,Rishi Sunak,https://id.parliament.uk/bXvFDLTW,3985
Lucy,Leigh (Frazer),Commons,"Minister of State (Department for Levelling Up, Housing and Communities)",2022-10-26,2023-02-07,104.0,,,Conservative,Rishi Sunak,https://id.parliament.uk/SWXSOmi9,4517
Helen,Whately,Commons,Minister of State (Department of Health and Social Care),2022-10-26,2024-07-05,618.0,,,Conservative,Rishi Sunak,https://id.parliament.uk/SHI7vuEh,4527
Anne-Marie,Trevelyan,Commons,"Minister of State (Foreign, Commonwealth and Development Office)",2022-10-26,2024-07-05,618.0,,,Conservative,Rishi Sunak,https://id.parliament.uk/kMJFcI2Z,4531
Chris,Philp,Commons,Minister of State (Home Office),2022-10-26,2024-07-05,618.0,,,Conservative,Rishi Sunak,https://id.parliament.uk/4ZneyIwV,4503
Thomas,Pursglove,Commons,Minister of State (Department for Work and Pensions),2022-10-27,2023-12-07,406.0,,,Conservative,Rishi Sunak,https://id.parliament.uk/yxZXn9N5,4369
Leo,Docherty,Commons,"Parliamentary Under-Secretary (Foreign, Commonwealth and Development Office)",2022-10-27,2024-03-26,516.0,,,Conservative,Rishi Sunak,https://id.parliament.uk/H2iqrFlO,4600
Laura,Trott,Commons,Parliamentary Under-Secretary (Department for Work and Pensions),2022-10-27,2023-11-13,382.0,,,Conservative,Rishi Sunak,https://id.parliament.uk/WZ9sbj9m,4780
Sarah,Dines,Commons,Parliamentary Under-Secretary (Home Office),2022-10-27,2023-11-13,382.0,,,Conservative,Rishi Sunak,https://id.parliament.uk/pmPvLySp,4816
Michael,Burghart,Commons,Parliamentary Secretary (Cabinet Office),2022-10-27,2024-07-05,617.0,,,Conservative,Rishi Sunak,https://id.parliament.uk/Q6chyb29,4613
Fay,Jones,Commons,Assistant Whip,2022-10-27,2023-11-13,382.0,,,Conservative,Rishi Sunak,https://id.parliament.uk/Dzl5s5rL,4763
Marcus,Jones,Commons,"Treasurer of HM Household (Deputy Chief Whip, House of Commons)",2022-10-27,2024-07-05,617.0,,,Conservative,Rishi Sunak,https://id.parliament.uk/ODNC95e3,4024
Victoria,Atkins,Commons,Financial Secretary (HM Treasury),2022-10-27,2023-11-13,382.0,,,Conservative,Rishi Sunak,https://id.parliament.uk/QAHSUmv8,4399
James,Davies,Commons,Parliamentary Under-Secretary (Wales Office),2022-10-27,2023-11-13,382.0,,,Conservative,Rishi Sunak,https://id.parliament.uk/4QJLwWvC,4476
Andrew,Stephenson,Commons,"Government Whip, Lord Commissioner of HM Treasury",2022-10-27,2023-11-13,382.0,,,Conservative,Rishi Sunak,https://id.parliament.uk/xPajTduv,4044
Julie,Marson,Commons,Assistant Whip,2022-10-27,2023-11-13,382.0,,,Conservative,Rishi Sunak,https://id.parliament.uk/SwhmFdO7,4768
Andrew,Griffith,Commons,Economic Secretary (HM Treasury),2022-10-27,2023-11-13,382.0,,,Conservative,Rishi Sunak,https://id.parliament.uk/U0c9xqqa,4874
Claire,Coutinho,Commons,Parliamentary Under-Secretary (Department for Education),2022-10-27,2023-08-31,308.0,,,Conservative,Rishi Sunak,https://id.parliament.uk/1SGwiZsK,4806
Paul,Scully,Commons,"Parliamentary Under-Secretary (Department for Digital, Culture, Media and Sport)",2022-10-27,2023-02-07,103.0,,,Conservative,Rishi Sunak,https://id.parliament.uk/rBcPDbnY,4414
Stuart,Andrew,Commons,Parliamentary Under-Secretary (Department for International Trade) (Minister for Equalities),2022-10-27,2023-02-07,103.0,,,Conservative,Rishi Sunak,https://id.parliament.uk/Gi80AXwX,4032
Robert,Largan,Commons,Assistant Whip,2022-10-27,2024-07-05,617.0,,,Conservative,Rishi Sunak,https://id.parliament.uk/GWxurWNM,4852
John,Lamont,Commons,Parliamentary Under-Secretary (Scotland Office),2022-10-27,2024-07-05,617.0,,,Conservative,Rishi Sunak,https://id.parliament.uk/ZgyVrZuz,4608
Damian,Hinds,Commons,Minister of State (Ministry of Justice),2022-10-27,2023-11-13,382.0,,,Conservative,Rishi Sunak,https://id.parliament.uk/3KZvvnyo,3969
Huw,Merriman,Commons,Minister of State (Department for Transport),2022-10-27,2024-07-05,617.0,,,Conservative,Rishi Sunak,https://id.parliament.uk/S2QWjoiz,4442
Maria,Caulfield,Commons,Parliamentary Under-Secretary (Department of Health and Social Care),2022-10-27,2024-07-05,617.0,,,Conservative,Rishi Sunak,https://id.parliament.uk/2GfKGest,4492
Miriam,Davies,Commons,Parliamentary Under-Secretary (Department for Work and Pensions),2022-10-27,2024-04-12,533.0,,,Conservative,Rishi Sunak,https://id.parliament.uk/GR6SZK1Z,4513
Maria,Caulfield,Commons,Parliamentary Under-Secretary (Department for International Trade) (Minister for Women),2022-10-27,2023-02-07,103.0,,,Conservative,Rishi Sunak,https://id.parliament.uk/2GfKGest,4492
David,Rutley,Commons,"Parliamentary Under-Secretary (Foreign, Commonwealth and Development Office)",2022-10-27,2024-07-05,617.0,,,Conservative,Rishi Sunak,https://id.parliament.uk/ddPvPaAc,4033
Guy,Opperman,Commons,Minister of State (Department for Work and Pensions),2022-10-27,2023-11-13,382.0,,,Conservative,Rishi Sunak,https://id.parliament.uk/KRgnTeJ7,4142
Kevin,Hollinrake,Commons,"Parliamentary Under-Secretary (Department for Business, Energy and Industrial Strategy)",2022-10-27,2023-02-07,103.0,,,Conservative,Rishi Sunak,https://id.parliament.uk/GnSkIXdS,4474
Edward,Argar,Commons,Minister of State (Ministry of Justice),2022-10-27,2024-07-05,617.0,,,Conservative,Rishi Sunak,https://id.parliament.uk/lMvp3beP,4362
Stephen,Double,Commons,"Government Whip, Lord Commissioner of HM Treasury",2022-10-28,2023-11-13,381.0,,,Conservative,Rishi Sunak,https://id.parliament.uk/4tUWCtQH,4452
Felicity,Buchan,Commons,"Parliamentary Under Secretary of State (Department for Levelling Up, Housing and Communities)",2022-10-28,2024-07-05,616.0,,,Conservative,Rishi Sunak,https://id.parliament.uk/r6XYaj95,4821
Michael,Wood,Commons,Assistant Whip,2022-10-28,2023-11-14,382.0,,,Conservative,Rishi Sunak,https://id.parliament.uk/8JYJIqx1,4384
James,Cartlidge,Commons,Exchequer Secretary (HM Treasury),2022-10-28,2023-04-21,175.0,,,Conservative,Rishi Sunak,https://id.parliament.uk/KRf7T7ZN,4519
Andrew,Bowie,Commons,Parliamentary Under-Secretary (Department for International Trade),2022-10-28,2023-02-07,102.0,,,Conservative,Rishi Sunak,https://id.parliament.uk/WCtIlxHD,4601
Rebecca,Clark (Pow),Commons,"Parliamentary Under-Secretary (Department for Environment, Food and Rural Affairs)",2022-10-28,2024-07-05,616.0,,,Conservative,Rishi Sunak,https://id.parliament.uk/ATjzXoFZ,4522
Scott,Mann,Commons,"Government Whip, Lord Commissioner of HM Treasury",2022-10-28,2024-07-05,616.0,,,Conservative,Rishi Sunak,https://id.parliament.uk/vvon8Xdo,4496
Richard,Holden,Commons,Parliamentary Under-Secretary (Department for Transport),2022-10-28,2023-11-13,381.0,,,Conservative,Rishi Sunak,https://id.parliament.uk/uErvJDkZ,4813
Nigel,Huddleston,Commons,Parliamentary Under-Secretary (Department for International Trade),2022-10-30,2023-02-07,100.0,,,Conservative,Rishi Sunak,https://id.parliament.uk/0J37XN5v,4407
Andrew,Murrison,Commons,Parliamentary Under-Secretary (Ministry of Defence),2022-10-30,2024-07-05,614.0,,,Conservative,Rishi Sunak,https://id.parliament.uk/4CBJjeUo,1466
Jonathan,Caine,Lords,Lord in Waiting (HM Household) (Whip),2022-11-25,2024-07-05,588.0,,,Conservative,Rishi Sunak,https://id.parliament.uk/l9Ss90US,4581
James,Younger,Lords,Parliamentary Under-Secretary (Department for Work and Pensions),2023-01-01,2024-07-05,551.0,,,Conservative,Rishi Sunak,https://id.parliament.uk/pL1nOvPY,4169
Andrew,Bowie,Commons,Parliamentary Under Secretary of State (Department for Energy Security and Net Zero),2023-02-07,2024-07-05,514.0,,,Conservative,Rishi Sunak,https://id.parliament.uk/WCtIlxHD,4601
Amanda,Solloway,Commons,Parliamentary Under Secretary of State (Department for Energy Security and Net Zero),2023-02-07,2024-07-05,514.0,,,Conservative,Rishi Sunak,https://id.parliament.uk/qQjIWSuk,4372
Rachel,Maclean,Commons,"Minister of State (Department for Levelling Up, Housing and Communities)",2023-02-07,2023-11-13,279.0,,,Conservative,Rishi Sunak,https://id.parliament.uk/Advyttuk,4668
George,Freeman,Commons,"Minister of State (Department for Science, Innovation and Technology)",2023-02-07,2023-11-13,279.0,,,Conservative,Rishi Sunak,https://id.parliament.uk/1ngZMeUR,4020
Julia,Lopez,Commons,"Minister of State (Department for Culture, Media and Sport)",2023-02-07,2023-05-09,91.0,,,Conservative,Rishi Sunak,https://id.parliament.uk/PbwesL7w,4647
Lucy,Leigh (Frazer),Commons,"Secretary of State for Culture, Media and Sport",2023-02-07,2024-07-05,514.0,,,Conservative,Rishi Sunak,https://id.parliament.uk/SWXSOmi9,4517
Grant,Shapps,Commons,Secretary of State for Energy Security and Net Zero,2023-02-07,2023-08-31,205.0,,,Conservative,Rishi Sunak,https://id.parliament.uk/ZvG45buB,1582
Paul,Scully,Commons,"Parliamentary Under Secretary of State (Department for Science, Innovation and Technology)",2023-02-07,2023-11-13,279.0,,,Conservative,Rishi Sunak,https://id.parliament.uk/rBcPDbnY,4414
Gregory,Hands,Commons,Minister without Portfolio (Cabinet Office),2023-02-07,2023-11-13,279.0,,,Conservative,Rishi Sunak,https://id.parliament.uk/7Tsbxzkf,1526
Stuart,Andrew,Commons,Parliamentary Under Secretary of State (Department for Business and Trade) (Minister for Equalities),2023-02-07,2024-07-05,514.0,,,Conservative,Rishi Sunak,https://id.parliament.uk/Gi80AXwX,4032
Stuart,Andrew,Commons,"Parliamentary Under Secretary of State (Department for Culture, Media and Sport)",2023-02-07,2024-07-05,514.0,,,Conservative,Rishi Sunak,https://id.parliament.uk/Gi80AXwX,4032
Graham,Stuart,Commons,Minister of State (Department for Energy Security and Net Zero),2023-02-07,2024-04-12,430.0,,,Conservative,Rishi Sunak,https://id.parliament.uk/uyQOJxJ0,1482
Kevin,Hollinrake,Commons,Parliamentary Under Secretary of State (Department for Business and Trade),2023-02-07,2024-03-26,413.0,,,Conservative,Rishi Sunak,https://id.parliament.uk/GnSkIXdS,4474
Nigel,Huddleston,Commons,Minister of State (Department for Business and Trade),2023-02-07,2023-11-13,279.0,,,Conservative,Rishi Sunak,https://id.parliament.uk/0J37XN5v,4407
Ruth,Edwards,Commons,"Government Whip, Lord Commissioner of HM Treasury",2023-02-07,2023-02-16,9.0,,,Conservative,Rishi Sunak,https://id.parliament.uk/tJvPHrsK,4808
Olukemi,Badenoch,Commons,Secretary of State for Business and Trade,2023-02-07,2024-07-05,514.0,,,Conservative,Rishi Sunak,https://id.parliament.uk/pCJxGryC,4597
Maria,Caulfield,Commons,Parliamentary Under Secretary of State (Department for Business and Trade) (Minister for Women),2023-02-07,2024-07-05,514.0,,,Conservative,Rishi Sunak,https://id.parliament.uk/2GfKGest,4492
Michelle,Donelan,Commons,"Secretary of State for Science, Innovation and Technology",2023-02-07,2023-04-28,80.0,,,Conservative,Rishi Sunak,https://id.parliament.uk/Ad0YHzrk,4530
Nusrat,Ul-Ghani,Commons,Minister of State (Department for Business and Trade) (jointly with the Cabinet Office),2023-02-07,2024-03-26,413.0,,,Conservative,Rishi Sunak,https://id.parliament.uk/g9m5rSVd,4460
Olukemi,Badenoch,Commons,President of the Board of Trade,2023-02-07,2024-07-05,514.0,,,Conservative,Rishi Sunak,https://id.parliament.uk/pCJxGryC,4597
Martin,Callanan,Lords,Parliamentary Under Secretary of State (Department for Energy Security and Net Zero),2023-02-08,2024-07-04,512.0,,,Conservative,Rishi Sunak,https://id.parliament.uk/whOXGIBF,4336
Oliver,Dowden,Commons,Secretary of State in the Cabinet Office,2023-02-09,2024-07-05,512.0,,,Conservative,Rishi Sunak,https://id.parliament.uk/atcqNbc1,4441
Ruth,Edwards,Commons,Assistant Whip,2023-02-16,2024-04-25,434.0,,,Conservative,Rishi Sunak,https://id.parliament.uk/tJvPHrsK,4808
Stuart,Anderson,Commons,"Government Whip, Lord Commissioner of HM Treasury",2023-02-16,2023-11-14,271.0,,,Conservative,Rishi Sunak,https://id.parliament.uk/4gedjvG8,4742
Julia,Lopez,Commons,"Minister of State (Department for Science, Innovation and Technology)",2023-03-07,2023-05-09,63.0,,,Conservative,Rishi Sunak,https://id.parliament.uk/PbwesL7w,4647
James,Cartlidge,Commons,Minister of State (Ministry of Defence),2023-04-21,2024-07-05,441.0,,,Conservative,Rishi Sunak,https://id.parliament.uk/KRf7T7ZN,4519
Gareth,Davies,Commons,Exchequer Secretary (HM Treasury),2023-04-21,2024-07-05,441.0,,,Conservative,Rishi Sunak,https://id.parliament.uk/cYFGAmI6,4850
Oliver,Dowden,Commons,Deputy Prime Minister,2023-04-21,2024-07-05,441.0,,,Conservative,Rishi Sunak,https://id.parliament.uk/atcqNbc1,4441
Alexander,Chalk,Commons,Lord Chancellor and Secretary of State for Justice,2023-04-21,2024-07-05,441.0,,,Conservative,Rishi Sunak,https://id.parliament.uk/hZoVHExl,4481
Chloe,Smith,Commons,"Secretary of State for Science, Innovation and Technology",2023-04-28,2023-07-20,83.0,,,Conservative,Rishi Sunak,https://id.parliament.uk/trjrjVxb,1609
Michelle,Donelan,Commons,Minister on Leave (Secretary of State),2023-04-28,2023-07-20,83.0,,,Conservative,Rishi Sunak,https://id.parliament.uk/Ad0YHzrk,4530
Julia,Lopez,Commons,Minister on Leave (Minister of State),2023-05-09,2023-12-20,225.0,,,Conservative,Rishi Sunak,https://id.parliament.uk/PbwesL7w,4647
John,Whittingdale,Commons,"Minister of State (Department for Science, Innovation and Technology)",2023-05-09,2023-12-20,225.0,,,Conservative,Rishi Sunak,https://id.parliament.uk/dNNuNQfw,39
John,Whittingdale,Commons,"Minister of State (Department for Culture, Media and Sport)",2023-05-09,2023-12-20,225.0,,,Conservative,Rishi Sunak,https://id.parliament.uk/dNNuNQfw,39
Michelle,Donelan,Commons,"Secretary of State for Science, Innovation and Technology",2023-07-20,2024-07-05,351.0,,,Conservative,Rishi Sunak,https://id.parliament.uk/Ad0YHzrk,4530
David,Johnston,Commons,Parliamentary Under-Secretary (Department for Education),2023-08-31,2024-07-05,309.0,,,Conservative,Rishi Sunak,https://id.parliament.uk/fxLCKGY6,4761
Claire,Coutinho,Commons,Secretary of State for Energy Security and Net Zero,2023-08-31,2024-07-05,309.0,,,Conservative,Rishi Sunak,https://id.parliament.uk/1SGwiZsK,4806
Grant,Shapps,Commons,Secretary of State for Defence,2023-08-31,2024-07-05,309.0,,,Conservative,Rishi Sunak,https://id.parliament.uk/ZvG45buB,1582
Gagan,Mohindra,Commons,Assistant Whip,2023-09-18,2024-07-05,291.0,,,Conservative,Rishi Sunak,https://id.parliament.uk/HczOvHhY,4804
Jacob,Young,Commons,"Parliamentary Under Secretary of State (Department for Levelling Up, Housing and Communities)",2023-09-18,2024-07-05,291.0,,,Conservative,Rishi Sunak,https://id.parliament.uk/4gGsOClv,4825
Mohammad Saqib,Bhatti,Commons,"Parliamentary Under Secretary of State (Department for Science, Innovation and Technology)",2023-11-13,2024-07-05,235.0,,,Conservative,Rishi Sunak,https://id.parliament.uk/C0v4NToK,4818
Laura,Trott,Commons,Chief Secretary to the Treasury,2023-11-13,2024-07-05,235.0,,,Conservative,Rishi Sunak,https://id.parliament.uk/WZ9sbj9m,4780
Andrew,Stephenson,Commons,Minister of State (Department of Health and Social Care),2023-11-13,2024-07-05,235.0,,,Conservative,Rishi Sunak,https://id.parliament.uk/xPajTduv,4044
Abimbola,Afolami,Commons,Economic Secretary (HM Treasury),2023-11-13,2024-07-05,235.0,,,Conservative,Rishi Sunak,https://id.parliament.uk/cpIYUtpa,4639
Robert,Moore,Commons,"Parliamentary Under-Secretary (Department for Environment, Food and Rural Affairs)",2023-11-13,2024-07-05,235.0,,,Conservative,Rishi Sunak,https://id.parliament.uk/1qjbIZSA,4861
Gareth,Bacon,Commons,Parliamentary Under-Secretary (Ministry of Justice),2023-11-13,2024-07-05,235.0,,,Conservative,Rishi Sunak,https://id.parliament.uk/GcGtJ2IV,4798
Johanna,Churchill,Commons,Minister of State (Department for Work and Pensions),2023-11-13,2024-07-05,235.0,,,Conservative,Rishi Sunak,https://id.parliament.uk/1P3gl8pl,4380
Lee,Rowley,Commons,Minister of State (Minister for Housing),2023-11-13,2024-07-05,235.0,,,Conservative,Rishi Sunak,https://id.parliament.uk/o8uRVw1g,4652
Guy,Opperman,Commons,Parliamentary Under-Secretary (Department for Transport),2023-11-13,2024-07-05,235.0,,,Conservative,Rishi Sunak,https://id.parliament.uk/KRgnTeJ7,4142
Stephen,Barclay,Commons,"Secretary of State for Environment, Food and Rural Affairs",2023-11-13,2024-07-05,235.0,,,Conservative,Rishi Sunak,https://id.parliament.uk/nBemRbWt,4095
Esther,McVey,Commons,Minister without Portfolio (Cabinet Office),2023-11-13,2024-07-05,235.0,,,Conservative,Rishi Sunak,https://id.parliament.uk/Hxki00jc,4084
Anthony,Browne,Commons,Parliamentary Under-Secretary (Department for Transport),2023-11-13,2024-07-05,235.0,,,Conservative,Rishi Sunak,https://id.parliament.uk/Wg7y5qM7,4801
Victoria,Atkins,Commons,Secretary of State for Health and Social Care,2023-11-13,2024-07-05,235.0,,,Conservative,Rishi Sunak,https://id.parliament.uk/QAHSUmv8,4399
James,Cleverly,Commons,Home Secretary,2023-11-13,2024-07-05,235.0,,,Conservative,Rishi Sunak,https://id.parliament.uk/BxEyDcsA,4366
Paul,Maynard,Commons,Parliamentary Under-Secretary (Department for Work and Pensions),2023-11-13,2024-07-05,235.0,,,Conservative,Rishi Sunak,https://id.parliament.uk/hp6OdiqK,3926
Nigel,Huddleston,Commons,Financial Secretary (HM Treasury),2023-11-13,2024-07-05,235.0,,,Conservative,Rishi Sunak,https://id.parliament.uk/0J37XN5v,4407
Damian,Hinds,Commons,Minister of State (Education),2023-11-13,2024-07-05,235.0,,,Conservative,Rishi Sunak,https://id.parliament.uk/3KZvvnyo,3969
Simon,Hoare,Commons,"Parliamentary Under Secretary of State (Department for Levelling Up, Housing and Communities)",2023-11-13,2024-07-05,235.0,,,Conservative,Rishi Sunak,https://id.parliament.uk/EccyPp0Q,4494
Richard,Holden,Commons,Minister without Portfolio (Cabinet Office),2023-11-13,2024-07-05,235.0,,,Conservative,Rishi Sunak,https://id.parliament.uk/uErvJDkZ,4813
Andrea,Leadsom,Commons,Parliamentary Under-Secretary (Department of Health and Social Care),2023-11-13,2024-07-05,235.0,,,Conservative,Rishi Sunak,https://id.parliament.uk/V37kYFxZ,4117
Andrew,Griffith,Commons,"Minister of State (Department for Science, Innovation and Technology)",2023-11-13,2024-07-05,235.0,,,Conservative,Rishi Sunak,https://id.parliament.uk/U0c9xqqa,4874
Fay,Jones,Commons,Parliamentary Under-Secretary (Wales Office),2023-11-13,2024-07-05,235.0,,,Conservative,Rishi Sunak,https://id.parliament.uk/Dzl5s5rL,4763
John,Glen,Commons,Paymaster General and Minister for the Cabinet Office,2023-11-13,2024-07-05,235.0,,,Conservative,Rishi Sunak,https://id.parliament.uk/26NskGIS,4051
Gregory,Hands,Commons,Minister of State (Department for Business and Trade),2023-11-13,2024-07-05,235.0,,,Conservative,Rishi Sunak,https://id.parliament.uk/7Tsbxzkf,1526
Suzanne,Webb,Commons,Assistant Whip,2023-11-14,2024-07-05,234.0,,,Conservative,Rishi Sunak,https://id.parliament.uk/YfiZY7ZX,4802
Aaron,Bell,Commons,Assistant Whip,2023-11-14,2024-07-05,234.0,,,Conservative,Rishi Sunak,https://id.parliament.uk/aqxs7FOJ,4837
Laura,Farris,Commons,Parliamentary Under Secretary of State (Ministry of Justice) (jointly with Home Office),2023-11-14,2024-07-05,234.0,,,Conservative,Rishi Sunak,https://id.parliament.uk/rcEyPjye,4826
Mark,Fletcher,Commons,Assistant Whip,2023-11-14,2024-07-05,234.0,,,Conservative,Rishi Sunak,https://id.parliament.uk/ykQ93j9K,4774
Mark,Jenkinson,Commons,Assistant Whip,2023-11-14,2024-07-05,234.0,,,Conservative,Rishi Sunak,https://id.parliament.uk/oBpqVwjP,4752
Stuart,Anderson,Commons,"Vice Chamberlain (HM Household) (Whip, House of Commons)",2023-11-14,2024-07-05,234.0,,,Conservative,Rishi Sunak,https://id.parliament.uk/4gedjvG8,4742
Charlotte,Vere,Lords,Parliamentary Secretary (HM Treasury),2023-11-14,2024-07-05,234.0,,,Conservative,Rishi Sunak,https://id.parliament.uk/A9lFjU0c,4580
Amanda,Milling,Commons,"Government Whip, Lord Commissioner of HM Treasury",2023-11-14,2024-07-05,234.0,,,Conservative,Rishi Sunak,https://id.parliament.uk/SaVzFDvI,4454
Joy,Morrissey,Commons,"Government Whip, Lord Commissioner of HM Treasury",2023-11-14,2024-07-05,234.0,,,Conservative,Rishi Sunak,https://id.parliament.uk/cwSavkui,4759
Michael,Wood,Commons,"Government Whip, Lord Commissioner of HM Treasury",2023-11-14,2024-07-05,234.0,,,Conservative,Rishi Sunak,https://id.parliament.uk/8JYJIqx1,4384
Diana,Barran,Lords,Lords Spokesperson (Equalities),2023-12-01,2024-07-05,217.0,,,Conservative,Rishi Sunak,https://id.parliament.uk/s8vARVLK,4703
Thomas,Pursglove,Commons,Minister of State (Minister for Legal Migration and Delivery),2023-12-07,2024-07-05,211.0,,,Conservative,Rishi Sunak,https://id.parliament.uk/yxZXn9N5,4369
Michael,Tomlinson-Mynors,Commons,Minister of State (Minister for Illegal Migration),2023-12-07,2024-07-05,211.0,,,Conservative,Rishi Sunak,https://id.parliament.uk/Gcac8q7F,4497
Robert,Courts,Commons,Solicitor General (Attorney General's Office),2023-12-07,2024-07-05,211.0,,,Conservative,Rishi Sunak,https://id.parliament.uk/diYftgxZ,4589
Julia,Lopez,Commons,"Minister of State (Department for Culture, Media and Sport)",2023-12-20,2024-07-05,198.0,,,Conservative,Rishi Sunak,https://id.parliament.uk/PbwesL7w,4647
Julia,Lopez,Commons,"Minister of State (Department for Science, Innovation and Technology)",2023-12-20,2024-07-05,198.0,,,Conservative,Rishi Sunak,https://id.parliament.uk/PbwesL7w,4647
Leo,Docherty,Commons,Minister of State (Ministry of Defence) (Minister for the Armed Forces),2024-03-26,2024-07-05,101.0,,,Conservative,Rishi Sunak,https://id.parliament.uk/H2iqrFlO,4600
Nusrat,Ul-Ghani,Commons,Minister of State (Minister for Europe),2024-03-26,2024-07-05,101.0,,,Conservative,Rishi Sunak,https://id.parliament.uk/g9m5rSVd,4460
Kevin,Hollinrake,Commons,Minister of State (Department for Business and Trade),2024-03-26,2024-07-05,101.0,,,Conservative,Rishi Sunak,https://id.parliament.uk/GnSkIXdS,4474
Luke,Hall,Commons,Minister of State (Education),2024-03-26,2024-07-05,101.0,,,Conservative,Rishi Sunak,https://id.parliament.uk/R3EgZPKO,4450
Alan,Mak,Commons,Minister of State (Department for Business and Trade) (jointly with the Cabinet Office),2024-03-26,2024-07-05,101.0,,,Conservative,Rishi Sunak,https://id.parliament.uk/UjhH5qiw,4484
Miriam,Davies,Commons,Minister of State (Department for Work and Pensions),2024-04-12,2024-07-05,84.0,,,Conservative,Rishi Sunak,https://id.parliament.uk/GR6SZK1Z,4513
Justin,Tomlinson,Commons,Minister of State (Department for Energy Security and Net Zero),2024-04-12,2024-07-05,84.0,,,Conservative,Rishi Sunak,https://id.parliament.uk/LNgSfXCb,4105
Paul,Holmes,Commons,Assistant Whip,2024-04-25,2024-07-05,71.0,,,Conservative,Rishi Sunak,https://id.parliament.uk/yDR9IevJ,4803
Lisa,Nandy,Commons,"Secretary of State for Culture, Media and Sport",2024-07-05,,,,,Labour,Rishi Sunak,https://id.parliament.uk/N2w0OfRR,4082
Louise,Haigh,Commons,Secretary of State for Transport,2024-07-05,2024-11-28,146.0,,,Labour,Rishi Sunak,https://id.parliament.uk/Z4VCWYcs,4473
Peter,Kyle,Commons,"Secretary of State for Science, Innovation and Technology",2024-07-05,2025-09-05,427.0,,,Labour,Rishi Sunak,https://id.parliament.uk/41vnh6xm,4505
Ian,Murray,Commons,Secretary of State for Scotland,2024-07-05,2025-09-05,427.0,,,Labour,Rishi Sunak,https://id.parliament.uk/3Qjf79xg,3966
Elizabeth,Kendall,Commons,Secretary of State for Work and Pensions,2024-07-05,2025-09-05,427.0,,,Labour,Rishi Sunak,https://id.parliament.uk/txNKSVbr,4026
Hilary,Benn,Commons,Secretary of State for Northern Ireland,2024-07-05,,,,,Labour,Rishi Sunak,https://id.parliament.uk/rbKJTCFu,413
John,Healey,Commons,Secretary of State for Defence,2024-07-05,,,,,Labour,Rishi Sunak,https://id.parliament.uk/9VjJ9Mfg,400
Darren,Jones,Commons,Chief Secretary to the Treasury,2024-07-05,2025-09-01,423.0,,,Labour,Rishi Sunak,https://id.parliament.uk/wKmcTock,4621
Bridget,Phillipson,Commons,Secretary of State for Education,2024-07-05,,,,,Labour,Rishi Sunak,https://id.parliament.uk/oExMNqFA,4046
Lucy,Powell,Commons,Lord President of the Council and Leader of the House of Commons,2024-07-05,2025-09-05,427.0,,,Labour,Rishi Sunak,https://id.parliament.uk/YcLrHQCF,4263
Angela,Rayner,Commons,"Secretary of State for Levelling Up, Housing and Communities",2024-07-05,2024-07-09,4.0,,,Labour,Rishi Sunak,https://id.parliament.uk/F0G8dCz1,4356
Angela,Rayner,Commons,Deputy Prime Minister,2024-07-05,2025-09-05,427.0,,,Labour,Rishi Sunak,https://id.parliament.uk/F0G8dCz1,4356
Steven,Reed,Commons,"Secretary of State for Environment, Food and Rural Affairs",2024-07-05,2025-09-05,427.0,,,Labour,Rishi Sunak,https://id.parliament.uk/RN0Rbsbw,4268
Jonathan,Reynolds,Commons,Secretary of State for Business and Trade,2024-07-05,2025-09-05,427.0,,,Labour,Rishi Sunak,https://id.parliament.uk/wfDACmwh,4119
Rachel,Reeves,Commons,Chancellor of the Exchequer,2024-07-05,,,,,Labour,Rishi Sunak,https://id.parliament.uk/lDQyTymd,4031
Angela,Smith,Lords,Leader of the House of Lords and Lord Privy Seal,2024-07-05,,,,,Labour,Rishi Sunak,https://id.parliament.uk/6lkJGvGZ,4170
Wesley,Streeting,Commons,Secretary of State for Health and Social Care,2024-07-05,,,,,Labour,Rishi Sunak,https://id.parliament.uk/TTDZxnbe,4504
Jonathan,Reynolds,Commons,President of the Board of Trade,2024-07-05,2025-09-05,427.0,,,Labour,Rishi Sunak,https://id.parliament.uk/wfDACmwh,4119
Alan,Campbell,Commons,Parliamentary Secretary to the Treasury (Chief Whip),2024-07-05,2025-09-05,427.0,,,Labour,Rishi Sunak,https://id.parliament.uk/OA5UNsUG,529
Keir,Starmer,Commons,Prime Minister and First Lord of the Treasury,2024-07-05,,,,,Labour,Rishi Sunak,https://id.parliament.uk/eauZKtTP,4514
Shabana,Mahmood,Commons,Lord Chancellor and Secretary of State for Justice,2024-07-05,2025-09-05,427.0,,,Labour,Rishi Sunak,https://id.parliament.uk/vTIVJZpe,3914
Edward,Miliband,Commons,Secretary of State for Energy Security and Net Zero,2024-07-05,,,,,Labour,Rishi Sunak,https://id.parliament.uk/3AEDOK86,1510
David,Lammy,Commons,Foreign Secretary,2024-07-05,2025-09-05,427.0,,,Labour,Rishi Sunak,https://id.parliament.uk/xY3sNmne,206
Patrick,McFadden,Commons,Chancellor of the Duchy of Lancaster,2024-07-05,2025-09-05,427.0,,,Labour,Rishi Sunak,https://id.parliament.uk/GdBtI6JD,1587
Joanna,Stevens,Commons,Secretary of State for Wales,2024-07-05,,,,,Labour,Rishi Sunak,https://id.parliament.uk/SpBLFCsV,4425
Yvette,Cooper,Commons,Home Secretary,2024-07-05,2025-09-05,427.0,,,Labour,Rishi Sunak,https://id.parliament.uk/WIjC8hXZ,420
James,McMahon,Commons,"Minister of State (Department for Levelling Up, Housing and Communities)",2024-07-06,2024-07-09,3.0,,,Labour,Keir Starmer,https://id.parliament.uk/7eiejDqs,4569
Daniel,Jarvis,Commons,Minister of State (Home Office),2024-07-06,,,,,Labour,Keir Starmer,https://id.parliament.uk/X4L826oY,4243
Eleanor,Reeves,Commons,Minister without Portfolio (Cabinet Office),2024-07-06,2025-09-06,427.0,,,Labour,Keir Starmer,https://id.parliament.uk/DqY5efud,4620
Matthew,Pennycook,Commons,"Minister of State (Department for Levelling Up, Housing and Communities)",2024-07-06,2024-07-09,3.0,,,Labour,Keir Starmer,https://id.parliament.uk/T7XJsRgz,4520
Sarah,Jones,Commons,Minister of State (Department for Business and Trade),2024-07-08,2025-09-06,425.0,,,Labour,Keir Starmer,https://id.parliament.uk/fBZes1GF,4631
Nicklaus,Thomas-Symonds,Commons,Paymaster General and Minister for the Cabinet Office,2024-07-08,,,,,Labour,Keir Starmer,https://id.parliament.uk/tzgKY3v4,4479
Alison,McGovern,Commons,Minister of State (Department for Work and Pensions),2024-07-08,2025-09-06,425.0,,,Labour,Keir Starmer,https://id.parliament.uk/VUtOocXd,4083
Sarah,Jones,Commons,Minister of State (Department for Energy Security and Net Zero),2024-07-08,2025-09-06,425.0,,,Labour,Keir Starmer,https://id.parliament.uk/fBZes1GF,4631
Catherine,McKinnell,Commons,Minister of State (Education),2024-07-08,2025-09-06,425.0,,,Labour,Keir Starmer,https://id.parliament.uk/dLAjawUW,4125
Stephen,Timms,Commons,Minister of State (Department for Work and Pensions),2024-07-08,,,,,Labour,Keir Starmer,https://id.parliament.uk/R62qdyhF,163
Spencer,Livermore,Lords,Financial Secretary (HM Treasury),2024-07-08,,,,,Labour,Keir Starmer,https://id.parliament.uk/2NASNL67,4559
Stephen,Doughty,Commons,"Minister of State (Foreign, Commonwealth and Development Office)",2024-07-08,,,,,Labour,Keir Starmer,https://id.parliament.uk/HqLJfw6S,4264
Diana,Johnson,Commons,Minister of State (Home Office),2024-07-08,2025-09-06,425.0,,,Labour,Keir Starmer,https://id.parliament.uk/N83bzqZq,1533
Anneliese,Dodds,Commons,Minister of State (Development),2024-07-08,2025-02-28,235.0,,,Labour,Keir Starmer,https://id.parliament.uk/C3lZJgGM,4657
Anneliese,Dodds,Commons,Minister of State (Minister for Women and Equalities),2024-07-08,2025-02-28,235.0,,,Labour,Keir Starmer,https://id.parliament.uk/C3lZJgGM,4657
Christopher,Bryant,Commons,"Minister of State (Department for Culture, Media and Sport)",2024-07-08,2025-09-06,425.0,,,Labour,Keir Starmer,https://id.parliament.uk/HMZwFU4B,1446
Daniel,Zeichner,Commons,"Minister of State (Department for Environment, Food and Rural Affairs)",2024-07-08,2025-09-06,425.0,,,Labour,Keir Starmer,https://id.parliament.uk/qmfjjwrP,4382
Christopher,Bryant,Commons,"Minister of State (Department for Science, Innovation and Technology)",2024-07-08,2025-09-06,425.0,,,Labour,Keir Starmer,https://id.parliament.uk/HMZwFU4B,1446
Stephen,Kinnock,Commons,Minister of State (Department of Health and Social Care),2024-07-08,,,,,Labour,Keir Starmer,https://id.parliament.uk/tVFC34am,4359
Bridget,Phillipson,Commons,Minister for Women and Equalities,2024-07-08,,,,,Labour,Keir Starmer,https://id.parliament.uk/oExMNqFA,4046
Maria,Eagle,Commons,Minister of State (Ministry of Defence),2024-07-08,2025-09-06,425.0,,,Labour,Keir Starmer,https://id.parliament.uk/wr5FZYiJ,483
Karin,Smyth,Commons,Minister of State (Department of Health and Social Care),2024-07-08,,,,,Labour,Keir Starmer,https://id.parliament.uk/Io2j9QVA,4444
Angela,Eagle,Commons,Minister of State (Home Office),2024-07-08,2025-09-06,425.0,,,Labour,Keir Starmer,https://id.parliament.uk/saLBlZIO,491
Anneliese,Dodds,Commons,"Minister of State (Foreign, Commonwealth and Development Office)",2024-07-08,,,,,Labour,Keir Starmer,https://id.parliament.uk/C3lZJgGM,4657
Raymond,Collins,Lords,Lord in Waiting (HM Household) (Whip),2024-07-09,2024-12-31,175.0,,,Labour,Keir Starmer,https://id.parliament.uk/YZjk7nII,4222
Luke,Pollard,Commons,Parliamentary Under-Secretary (Ministry of Defence),2024-07-09,2025-09-06,424.0,,,Labour,Keir Starmer,https://id.parliament.uk/BJ2OL9as,4682
Gareth,Thomas,Commons,Parliamentary Under Secretary of State (Department for Business and Trade),2024-07-09,2025-09-07,425.0,,,Labour,Keir Starmer,https://id.parliament.uk/FOcypHE2,177
Justin,Madders,Commons,Parliamentary Under Secretary of State (Department for Business and Trade),2024-07-09,2025-09-07,425.0,,,Labour,Keir Starmer,https://id.parliament.uk/CQHVwEXM,4418
Kerry,McCarthy,Commons,Parliamentary Under Secretary of State (Department for Energy Security and Net Zero),2024-07-09,2025-09-07,425.0,,,Labour,Keir Starmer,https://id.parliament.uk/BrM8yN3U,1491
Feryal,Clark,Commons,"Parliamentary Under Secretary of State (Department for Science, Innovation and Technology)",2024-07-09,2025-09-07,425.0,,,Labour,Keir Starmer,https://id.parliament.uk/CEU8n4k1,4822
Angela,Rayner,Commons,"Secretary of State for Housing, Communities and Local Government",2024-07-09,2025-09-05,423.0,,,Labour,Keir Starmer,https://id.parliament.uk/F0G8dCz1,4356
Catherine,West,Commons,"Parliamentary Under-Secretary (Foreign, Commonwealth and Development Office)",2024-07-09,2025-09-06,424.0,,,Labour,Keir Starmer,https://id.parliament.uk/eD0yd5Ec,4523
Seema,Malhotra-Saluja,Commons,Parliamentary Under-Secretary (Home Office),2024-07-09,2025-09-06,424.0,,,Labour,Keir Starmer,https://id.parliament.uk/3iNlZHWi,4253
James,McMahon,Commons,"Minister of State (Housing, Communities and Local Government)",2024-07-09,2025-09-06,424.0,,,Labour,Keir Starmer,https://id.parliament.uk/7eiejDqs,4569
Raymond,Collins,Lords,Deputy Leader of the House of Lords,2024-07-09,,,,,Labour,Keir Starmer,https://id.parliament.uk/YZjk7nII,4222
Raymond,Collins,Lords,"Parliamentary Under-Secretary (Foreign, Commonwealth and Development Office)",2024-07-09,,,,,Labour,Keir Starmer,https://id.parliament.uk/YZjk7nII,4222
Fleur,Anderson,Commons,Parliamentary Under-Secretary (Northern Ireland Office),2024-07-09,2025-09-07,425.0,,,Labour,Keir Starmer,https://id.parliament.uk/6br6Xh0z,4788
Margaret,Jones,Lords,"Parliamentary Under Secretary of State (Department for Science, Innovation and Technology)",2024-07-09,2025-09-07,425.0,,,Labour,Keir Starmer,https://id.parliament.uk/eG5EQDkB,3792
Philip,Hunt,Lords,Minister of State (Department for Energy Security and Net Zero),2024-07-09,2025-05-21,316.0,,,Labour,Keir Starmer,https://id.parliament.uk/p4clIXl7,2024
James,Murray,Commons,Exchequer Secretary (HM Treasury),2024-07-09,2025-09-01,419.0,,,Labour,Keir Starmer,https://id.parliament.uk/Vi9HeVra,4797
Nia,Griffith,Commons,Parliamentary Under-Secretary (Wales Office),2024-07-09,2025-09-07,425.0,,,Labour,Keir Starmer,https://id.parliament.uk/huvZA5CH,1541
Tulip,Siddiq,Commons,Economic Secretary (HM Treasury),2024-07-09,2025-01-14,189.0,,,Labour,Keir Starmer,https://id.parliament.uk/DVnVrQSQ,4518
Andrew,Gwynne,Commons,Parliamentary Under-Secretary (Department of Health and Social Care),2024-07-09,2025-02-08,214.0,,,Labour,Keir Starmer,https://id.parliament.uk/Oxgs5t0d,1506
Rushanara,Ali,Commons,"Parliamentary Under-Secretary (Housing, Communities and Local Government)",2024-07-09,2025-08-07,394.0,,,Labour,Keir Starmer,https://id.parliament.uk/Niiic8ma,4138
Alexandra,Davies-Jones,Commons,Parliamentary Under-Secretary (Ministry of Justice),2024-07-09,,,,,Labour,Keir Starmer,https://id.parliament.uk/lDZ44Lpq,4849
Margaret,Jones,Lords,Baroness in Waiting (HM Household) (Whip),2024-07-09,2025-09-07,425.0,,,Labour,Keir Starmer,https://id.parliament.uk/eG5EQDkB,3792
Margaret,Jones,Lords,Parliamentary Under Secretary of State (Department for Business and Trade),2024-07-09,2025-09-07,425.0,,,Labour,Keir Starmer,https://id.parliament.uk/eG5EQDkB,3792
Maeve,Sherlock,Lords,Parliamentary Under-Secretary (Department for Work and Pensions),2024-07-09,2024-12-16,160.0,,,Labour,Keir Starmer,https://id.parliament.uk/ks4FD5g5,4147
Lilian,Greenwood,Commons,Parliamentary Under-Secretary (Department for Transport),2024-07-09,2025-09-07,425.0,,,Labour,Keir Starmer,https://id.parliament.uk/Fbws7PDC,4029
Alexander,Norris,Commons,"Parliamentary Under-Secretary (Housing, Communities and Local Government)",2024-07-09,2025-09-06,424.0,,,Labour,Keir Starmer,https://id.parliament.uk/ANZPwclO,4641
Matthew,Pennycook,Commons,"Minister of State (Housing, Communities and Local Government)",2024-07-09,,,,,Labour,Keir Starmer,https://id.parliament.uk/T7XJsRgz,4520
Abena,Oppong-Asare,Commons,Parliamentary Secretary (Cabinet Office),2024-07-09,2025-09-06,424.0,,,Labour,Keir Starmer,https://id.parliament.uk/1m9UjgE0,4820
Janet,Daby,Commons,Parliamentary Under-Secretary (Department for Education),2024-07-09,2025-09-07,425.0,,,Labour,Keir Starmer,https://id.parliament.uk/LfF8ghke,4698
Emma,Hardy,Commons,"Parliamentary Under-Secretary (Department for Environment, Food and Rural Affairs)",2024-07-09,,,,,Labour,Keir Starmer,https://id.parliament.uk/2Wur8gYZ,4645
Frederick,Ponsonby,Lords,Parliamentary Under-Secretary (Ministry of Justice),2024-07-09,2025-09-06,424.0,,,Labour,Keir Starmer,https://id.parliament.uk/Pjlj1Ral,3154
Jessica,Phillips,Commons,Parliamentary Under-Secretary (Home Office),2024-07-09,,,,,Labour,Keir Starmer,https://id.parliament.uk/QGTlEu1v,4370
Stephen,Morgan,Commons,Parliamentary Under-Secretary (Department for Education),2024-07-09,2025-09-07,425.0,,,Labour,Keir Starmer,https://id.parliament.uk/PCw1kcqM,4653
Stephanie,Peacock,Commons,"Parliamentary Under Secretary of State (Department for Culture, Media and Sport)",2024-07-09,,,,,Labour,Keir Starmer,https://id.parliament.uk/UGk5lMha,4607
Michael,Kane,Commons,Parliamentary Under-Secretary (Department for Transport),2024-07-09,2025-09-07,425.0,,,Labour,Keir Starmer,https://id.parliament.uk/jxzfDeiw,4316
Frederick,Ponsonby,Lords,Lord in Waiting (HM Household) (Whip),2024-07-09,2025-09-06,424.0,,,Labour,Keir Starmer,https://id.parliament.uk/Pjlj1Ral,3154
Victoria,Foxcroft,Commons,"Government Whip, Lord Commissioner of HM Treasury",2024-07-10,2025-06-19,344.0,,,Labour,Keir Starmer,https://id.parliament.uk/acsu6uqb,4491
Christian,Wakeford,Commons,Assistant Whip,2024-07-10,2025-09-07,424.0,,,Conservative,Keir Starmer,https://id.parliament.uk/GChHXkTm,4871
Mark,Tami,Commons,"Treasurer of HM Household (Deputy Chief Whip, House of Commons)",2024-07-10,,,,,Labour,Keir Starmer,https://id.parliament.uk/7BBIRiIb,1383
Anna,McMorrin,Commons,Assistant Whip,2024-07-10,2025-09-07,424.0,,,Labour,Keir Starmer,https://id.parliament.uk/0vziO0mL,4632
Taiwo,Owatemi,Commons,"Government Whip, Lord Commissioner of HM Treasury",2024-07-10,,,,,Labour,Keir Starmer,https://id.parliament.uk/3OrAmggM,4779
Christopher,Elmore,Commons,"Comptroller (HM Household) (Whip, House of Commons)",2024-07-10,2025-09-06,423.0,,,Labour,Keir Starmer,https://id.parliament.uk/0EuzvS63,4572
Margaret,Wheeler,Lords,"Captain of the King's Bodyguard of the Yeomen of the Guard (HM Household) (Deputy Chief Whip, House of Lords)",2024-07-10,,,,,Labour,Keir Starmer,https://id.parliament.uk/1uykmc9I,4157
Roy,Kennedy,Lords,"Captain of the Honourable Corps of Gentlemen-at-Arms (HM Household) (Chief Whip, House of Lords)",2024-07-10,,,,,Labour,Keir Starmer,https://id.parliament.uk/gUANDHNY,4153
Jeffrey,Smith,Commons,"Government Whip, Lord Commissioner of HM Treasury",2024-07-10,2025-09-07,424.0,,,Labour,Keir Starmer,https://id.parliament.uk/pamDUI6b,4456
Gerald,Jones,Commons,Assistant Whip,2024-07-10,2025-09-07,424.0,,,Labour,Keir Starmer,https://id.parliament.uk/hRJDyYE3,4501
Patrick,McFadden,Commons,Minister for Intergovernmental Relations,2024-09-05,2025-09-06,366.0,,,Labour,Keir Starmer,https://id.parliament.uk/GdBtI6JD,1587
Nia,Griffith,Commons,Parliamentary Under-Secretary of State (Department for Education) (Equalities),2024-10-08,2025-09-07,334.0,,,Labour,Keir Starmer,https://id.parliament.uk/huvZA5CH,1541
Raymond,Collins,Lords,Lords Spokesperson (Equalities),2024-10-08,,,,,Labour,Keir Starmer,https://id.parliament.uk/YZjk7nII,4222
Seema,Malhotra-Saluja,Commons,Parliamentary Under-Secretary of State (Department for Education) (Equalities),2024-10-08,,,,,Labour,Keir Starmer,https://id.parliament.uk/3iNlZHWi,4253
John,Cryer,Commons,Lord in Waiting (HM Household) (Whip),2024-10-08,2025-02-14,129.0,,,Labour,Keir Starmer,https://id.parliament.uk/kqp7JkOL,181
Maeve,Sherlock,Lords,Minister of State (Department for Work and Pensions),2024-12-17,,,,,Labour,Keir Starmer,https://id.parliament.uk/ks4FD5g5,4147
James,Murray,Commons,Chief Secretary to the Treasury,2025-09-01,,,,,Labour,Keir Starmer,https://id.parliament.uk/Vi9HeVra,4797
Darren,Jones,Commons,Minister of State (Chief Secretary to the Prime Minister),2025-09-01,,,,,Labour,Keir Starmer,https://id.parliament.uk/wKmcTock,4621
Yvette,Cooper,Commons,Foreign Secretary,2025-09-05,,,,,Labour,Keir Starmer,https://id.parliament.uk/WIjC8hXZ,420
Patrick,McFadden,Commons,Secretary of State for Work and Pensions,2025-09-05,,,,,Labour,Keir Starmer,https://id.parliament.uk/GdBtI6JD,1587
David,Lammy,Commons,Lord Chancellor and Secretary of State for Justice,2025-09-05,,,,,Labour,Keir Starmer,https://id.parliament.uk/xY3sNmne,206
David,Lammy,Commons,Deputy Prime Minister,2025-09-05,,,,,Labour,Keir Starmer,https://id.parliament.uk/xY3sNmne,206
Peter,Kyle,Commons,Secretary of State for Business and Trade,2025-09-05,,,,,Labour,Keir Starmer,https://id.parliament.uk/41vnh6xm,4505
Alan,Campbell,Commons,Lord President of the Council and Leader of the House of Commons,2025-09-05,,,,,Labour,Keir Starmer,https://id.parliament.uk/OA5UNsUG,529
Peter,Kyle,Commons,President of the Board of Trade,2025-09-05,,,,,Labour,Keir Starmer,https://id.parliament.uk/41vnh6xm,4505
Elizabeth,Kendall,Commons,"Secretary of State for Science, Innovation and Technology",2025-09-05,,,,,Labour,Keir Starmer,https://id.parliament.uk/txNKSVbr,4026
Steven,Reed,Commons,"Secretary of State for Housing, Communities and Local Government",2025-09-05,,,,,Labour,Keir Starmer,https://id.parliament.uk/RN0Rbsbw,4268
Darren,Jones,Commons,Chancellor of the Duchy of Lancaster,2025-09-05,,,,,Labour,Keir Starmer,https://id.parliament.uk/wKmcTock,4621
Jonathan,Reynolds,Commons,Parliamentary Secretary to the Treasury (Chief Whip),2025-09-05,,,,,Labour,Keir Starmer,https://id.parliament.uk/wfDACmwh,4119
Shabana,Mahmood,Commons,Home Secretary,2025-09-05,,,,,Labour,Keir Starmer,https://id.parliament.uk/vTIVJZpe,3914
Sarah,Jones,Commons,Minister of State (Home Office),2025-09-06,,,,,Labour,Keir Starmer,https://id.parliament.uk/fBZes1GF,4631
Angela,Eagle,Commons,"Minister of State (Department for Environment, Food and Rural Affairs)",2025-09-06,,,,,Labour,Keir Starmer,https://id.parliament.uk/saLBlZIO,491
Alison,McGovern,Commons,"Minister of State (Housing, Communities and Local Government)",2025-09-06,,,,,Labour,Keir Starmer,https://id.parliament.uk/VUtOocXd,4083
Daniel,Jarvis,Commons,Minister of State (Home Office) (Security),2025-09-06,,,,,Labour,Keir Starmer,https://id.parliament.uk/X4L826oY,4243
Daniel,Jarvis,Commons,Minister of State (Cabinet Office),2025-09-06,,,,,Labour,Keir Starmer,https://id.parliament.uk/X4L826oY,4243
Luke,Pollard,Commons,Minister of State (Ministry of Defence),2025-09-06,,,,,Labour,Keir Starmer,https://id.parliament.uk/BJ2OL9as,4682
Alexander,Norris,Commons,Minister of State (Home Office),2025-09-06,,,,,Labour,Keir Starmer,https://id.parliament.uk/ANZPwclO,4641
Diana,Johnson,Commons,Minister of State (Department for Work and Pensions),2025-09-06,,,,,Labour,Keir Starmer,https://id.parliament.uk/N83bzqZq,1533
Eleanor,Reeves,Commons,Solicitor General (Attorney General's Office),2025-09-06,,,,,Labour,Keir Starmer,https://id.parliament.uk/DqY5efud,4620
Ian,Murray,Commons,"Minister of State (Department for Science, Innovation and Technology)",2025-09-06,,,,,Labour,Keir Starmer,https://id.parliament.uk/3Qjf79xg,3966
Ian,Murray,Commons,"Minister of State (Department for Culture, Media and Sport)",2025-09-06,,,,,Labour,Keir Starmer,https://id.parliament.uk/3Qjf79xg,3966
Christopher,Bryant,Commons,Minister of State (Department for Business and Trade),2025-09-06,,,,,Labour,Keir Starmer,https://id.parliament.uk/HMZwFU4B,1446
Darren,Jones,Commons,Minister for Intergovernmental Relations,2025-09-06,,,,,Labour,Keir Starmer,https://id.parliament.uk/wKmcTock,4621
Seema,Malhotra-Saluja,Commons,"Parliamentary Under-Secretary (Foreign, Commonwealth and Development Office)",2025-09-06,,,,,Labour,Keir Starmer,https://id.parliament.uk/3iNlZHWi,4253
Raymond,Collins,Lords,Lord in Waiting (HM Household) (Whip),2025-09-07,,,,,Labour,Keir Starmer,https://id.parliament.uk/YZjk7nII,4222
Stephen,Morgan,Commons,"Government Whip, Lord Commissioner of HM Treasury",2025-09-07,,,,,Labour,Keir Starmer,https://id.parliament.uk/PCw1kcqM,4653
Lilian,Greenwood,Commons,"Vice Chamberlain (HM Household) (Whip, House of Commons)",2025-09-07,2025-09-16,9.0,,,Labour,Keir Starmer,https://id.parliament.uk/Fbws7PDC,4029
Anna,McMorrin,Commons,Parliamentary Under-Secretary (Wales Office),2025-09-07,,,,,Labour,Keir Starmer,https://id.parliament.uk/0vziO0mL,4632
Christopher,Elmore,Commons,"Parliamentary Under-Secretary (Foreign, Commonwealth and Development Office)",2025-09-07,,,,,Labour,Keir Starmer,https://id.parliament.uk/0EuzvS63,4572
Christian,Wakeford,Commons,"Government Whip, Lord Commissioner of HM Treasury",2025-09-07,,,,,Conservative,Keir Starmer,https://id.parliament.uk/GChHXkTm,4871
Lilian,Greenwood,Commons,Parliamentary Under-Secretary (Department for Transport),2025-09-16,,,,,Labour,Keir Starmer,https://id.parliament.uk/Fbws7PDC,4029
Lilian,Greenwood,Commons,"Government Whip, Lord Commissioner of HM Treasury",2025-09-16,,,,,Labour,Keir Starmer,https://id.parliament.uk/Fbws7PDC,4029
Alan,Whitehead,Commons,Minister of State (Department for Energy Security and Net Zero),2025-11-11,,,,,,Keir Starmer,https://id.parliament.uk/WQfVXkMX,62
