Lower tier local authorities Code,Lower tier local authorities,Age (6 categories) Code,Age (6 categories),Residence type (2 categories) Code,Residence type (2 categories),Observation
E06000001,Hartlepool,1,Aged 15 years and under,1,Lives in a household,17638
E06000001,Hartlepool,1,Aged 15 years and under,2,Lives in a communal establishment,14
E06000001,Hartlepool,2,Aged 16 to 24 years,1,Lives in a household,9057
E06000001,Hartlepool,2,Aged 16 to 24 years,2,Lives in a communal establishment,66
E06000001,Hartlepool,3,Aged 25 to 34 years,1,Lives in a household,11363
E06000001,Hartlepool,3,Aged 25 to 34 years,2,Lives in a communal establishment,16
E06000001,Hartlepool,4,Aged 35 to 49 years,1,Lives in a household,15918
E06000001,Hartlepool,4,Aged 35 to 49 years,2,Lives in a communal establishment,27
E06000001,Hartlepool,5,Aged 50 to 64 years,1,Lives in a household,19925
E06000001,Hartlepool,5,Aged 50 to 64 years,2,Lives in a communal establishment,82
E06000001,Hartlepool,6,Aged 65 years and over,1,Lives in a household,17570
E06000001,Hartlepool,6,Aged 65 years and over,2,Lives in a communal establishment,663
E06000002,Middlesbrough,1,Aged 15 years and under,1,Lives in a household,29973
E06000002,Middlesbrough,1,Aged 15 years and under,2,Lives in a communal establishment,13
E06000002,Middlesbrough,2,Aged 16 to 24 years,1,Lives in a household,16104
E06000002,Middlesbrough,2,Aged 16 to 24 years,2,Lives in a communal establishment,840
E06000002,Middlesbrough,3,Aged 25 to 34 years,1,Lives in a household,20405
E06000002,Middlesbrough,3,Aged 25 to 34 years,2,Lives in a communal establishment,237
E06000002,Middlesbrough,4,Aged 35 to 49 years,1,Lives in a household,25139
E06000002,Middlesbrough,4,Aged 35 to 49 years,2,Lives in a communal establishment,210
E06000002,Middlesbrough,5,Aged 50 to 64 years,1,Lives in a household,26584
E06000002,Middlesbrough,5,Aged 50 to 64 years,2,Lives in a communal establishment,244
E06000002,Middlesbrough,6,Aged 65 years and over,1,Lives in a household,23214
E06000002,Middlesbrough,6,Aged 65 years and over,2,Lives in a communal establishment,964
E06000003,Redcar and Cleveland,1,Aged 15 years and under,1,Lives in a household,24182
E06000003,Redcar and Cleveland,1,Aged 15 years and under,2,Lives in a communal establishment,7
E06000003,Redcar and Cleveland,2,Aged 16 to 24 years,1,Lives in a household,12180
E06000003,Redcar and Cleveland,2,Aged 16 to 24 years,2,Lives in a communal establishment,11
E06000003,Redcar and Cleveland,3,Aged 25 to 34 years,1,Lives in a household,15332
E06000003,Redcar and Cleveland,3,Aged 25 to 34 years,2,Lives in a communal establishment,38
E06000003,Redcar and Cleveland,4,Aged 35 to 49 years,1,Lives in a household,22722
E06000003,Redcar and Cleveland,4,Aged 35 to 49 years,2,Lives in a communal establishment,82
E06000003,Redcar and Cleveland,5,Aged 50 to 64 years,1,Lives in a household,30048
E06000003,Redcar and Cleveland,5,Aged 50 to 64 years,2,Lives in a communal establishment,182
E06000003,Redcar and Cleveland,6,Aged 65 years and over,1,Lives in a household,30836
E06000003,Redcar and Cleveland,6,Aged 65 years and over,2,Lives in a communal establishment,911
E06000004,Stockton-on-Tees,1,Aged 15 years and under,1,Lives in a household,38565
E06000004,Stockton-on-Tees,1,Aged 15 years and under,2,Lives in a communal establishment,20
E06000004,Stockton-on-Tees,2,Aged 16 to 24 years,1,Lives in a household,17721
E06000004,Stockton-on-Tees,2,Aged 16 to 24 years,2,Lives in a communal establishment,183
E06000004,Stockton-on-Tees,3,Aged 25 to 34 years,1,Lives in a household,24523
E06000004,Stockton-on-Tees,3,Aged 25 to 34 years,2,Lives in a communal establishment,529
E06000004,Stockton-on-Tees,4,Aged 35 to 49 years,1,Lives in a household,36629
E06000004,Stockton-on-Tees,4,Aged 35 to 49 years,2,Lives in a communal establishment,564
E06000004,Stockton-on-Tees,5,Aged 50 to 64 years,1,Lives in a household,40365
E06000004,Stockton-on-Tees,5,Aged 50 to 64 years,2,Lives in a communal establishment,311
E06000004,Stockton-on-Tees,6,Aged 65 years and over,1,Lives in a household,35977
E06000004,Stockton-on-Tees,6,Aged 65 years and over,2,Lives in a communal establishment,1207
E06000005,Darlington,1,Aged 15 years and under,1,Lives in a household,19673
E06000005,Darlington,1,Aged 15 years and under,2,Lives in a communal establishment,20
E06000005,Darlington,2,Aged 16 to 24 years,1,Lives in a household,9933
E06000005,Darlington,2,Aged 16 to 24 years,2,Lives in a communal establishment,35
E06000005,Darlington,3,Aged 25 to 34 years,1,Lives in a household,13302
E06000005,Darlington,3,Aged 25 to 34 years,2,Lives in a communal establishment,45
E06000005,Darlington,4,Aged 35 to 49 years,1,Lives in a household,20071
E06000005,Darlington,4,Aged 35 to 49 years,2,Lives in a communal establishment,51
E06000005,Darlington,5,Aged 50 to 64 years,1,Lives in a household,22547
E06000005,Darlington,5,Aged 50 to 64 years,2,Lives in a communal establishment,82
E06000005,Darlington,6,Aged 65 years and over,1,Lives in a household,21292
E06000005,Darlington,6,Aged 65 years and over,2,Lives in a communal establishment,747
E06000006,Halton,1,Aged 15 years and under,1,Lives in a household,24515
E06000006,Halton,1,Aged 15 years and under,2,Lives in a communal establishment,15
E06000006,Halton,2,Aged 16 to 24 years,1,Lives in a household,12158
E06000006,Halton,2,Aged 16 to 24 years,2,Lives in a communal establishment,77
E06000006,Halton,3,Aged 25 to 34 years,1,Lives in a household,16402
E06000006,Halton,3,Aged 25 to 34 years,2,Lives in a communal establishment,77
E06000006,Halton,4,Aged 35 to 49 years,1,Lives in a household,24789
E06000006,Halton,4,Aged 35 to 49 years,2,Lives in a communal establishment,72
E06000006,Halton,5,Aged 50 to 64 years,1,Lives in a household,26317
E06000006,Halton,5,Aged 50 to 64 years,2,Lives in a communal establishment,98
E06000006,Halton,6,Aged 65 years and over,1,Lives in a household,23416
E06000006,Halton,6,Aged 65 years and over,2,Lives in a communal establishment,543
E06000007,Warrington,1,Aged 15 years and under,1,Lives in a household,38243
E06000007,Warrington,1,Aged 15 years and under,2,Lives in a communal establishment,13
E06000007,Warrington,2,Aged 16 to 24 years,1,Lives in a household,18877
E06000007,Warrington,2,Aged 16 to 24 years,2,Lives in a communal establishment,309
E06000007,Warrington,3,Aged 25 to 34 years,1,Lives in a household,25903
E06000007,Warrington,3,Aged 25 to 34 years,2,Lives in a communal establishment,536
E06000007,Warrington,4,Aged 35 to 49 years,1,Lives in a household,41638
E06000007,Warrington,4,Aged 35 to 49 years,2,Lives in a communal establishment,537
E06000007,Warrington,5,Aged 50 to 64 years,1,Lives in a household,44465
E06000007,Warrington,5,Aged 50 to 64 years,2,Lives in a communal establishment,294
E06000007,Warrington,6,Aged 65 years and over,1,Lives in a household,38726
E06000007,Warrington,6,Aged 65 years and over,2,Lives in a communal establishment,1433
E06000008,Blackburn with Darwen,1,Aged 15 years and under,1,Lives in a household,35132
E06000008,Blackburn with Darwen,1,Aged 15 years and under,2,Lives in a communal establishment,98
E06000008,Blackburn with Darwen,2,Aged 16 to 24 years,1,Lives in a household,17790
E06000008,Blackburn with Darwen,2,Aged 16 to 24 years,2,Lives in a communal establishment,239
E06000008,Blackburn with Darwen,3,Aged 25 to 34 years,1,Lives in a household,20603
E06000008,Blackburn with Darwen,3,Aged 25 to 34 years,2,Lives in a communal establishment,103
E06000008,Blackburn with Darwen,4,Aged 35 to 49 years,1,Lives in a household,30541
E06000008,Blackburn with Darwen,4,Aged 35 to 49 years,2,Lives in a communal establishment,162
E06000008,Blackburn with Darwen,5,Aged 50 to 64 years,1,Lives in a household,27515
E06000008,Blackburn with Darwen,5,Aged 50 to 64 years,2,Lives in a communal establishment,154
E06000008,Blackburn with Darwen,6,Aged 65 years and over,1,Lives in a household,21664
E06000008,Blackburn with Darwen,6,Aged 65 years and over,2,Lives in a communal establishment,737
E06000009,Blackpool,1,Aged 15 years and under,1,Lives in a household,24593
E06000009,Blackpool,1,Aged 15 years and under,2,Lives in a communal establishment,104
E06000009,Blackpool,2,Aged 16 to 24 years,1,Lives in a household,13094
E06000009,Blackpool,2,Aged 16 to 24 years,2,Lives in a communal establishment,174
E06000009,Blackpool,3,Aged 25 to 34 years,1,Lives in a household,17850
E06000009,Blackpool,3,Aged 25 to 34 years,2,Lives in a communal establishment,221
E06000009,Blackpool,4,Aged 35 to 49 years,1,Lives in a household,24567
E06000009,Blackpool,4,Aged 35 to 49 years,2,Lives in a communal establishment,292
E06000009,Blackpool,5,Aged 50 to 64 years,1,Lives in a household,30217
E06000009,Blackpool,5,Aged 50 to 64 years,2,Lives in a communal establishment,733
E06000009,Blackpool,6,Aged 65 years and over,1,Lives in a household,27695
E06000009,Blackpool,6,Aged 65 years and over,2,Lives in a communal establishment,1496
E06000010,Kingston upon Hull,1,Aged 15 years and under,1,Lives in a household,53108
E06000010,Kingston upon Hull,1,Aged 15 years and under,2,Lives in a communal establishment,31
E06000010,Kingston upon Hull,2,Aged 16 to 24 years,1,Lives in a household,30022
E06000010,Kingston upon Hull,2,Aged 16 to 24 years,2,Lives in a communal establishment,1784
E06000010,Kingston upon Hull,3,Aged 25 to 34 years,1,Lives in a household,40615
E06000010,Kingston upon Hull,3,Aged 25 to 34 years,2,Lives in a communal establishment,423
E06000010,Kingston upon Hull,4,Aged 35 to 49 years,1,Lives in a household,50403
E06000010,Kingston upon Hull,4,Aged 35 to 49 years,2,Lives in a communal establishment,411
E06000010,Kingston upon Hull,5,Aged 50 to 64 years,1,Lives in a household,48996
E06000010,Kingston upon Hull,5,Aged 50 to 64 years,2,Lives in a communal establishment,400
E06000010,Kingston upon Hull,6,Aged 65 years and over,1,Lives in a household,39284
E06000010,Kingston upon Hull,6,Aged 65 years and over,2,Lives in a communal establishment,1540
E06000011,East Riding of Yorkshire,1,Aged 15 years and under,1,Lives in a household,54029
E06000011,East Riding of Yorkshire,1,Aged 15 years and under,2,Lives in a communal establishment,47
E06000011,East Riding of Yorkshire,2,Aged 16 to 24 years,1,Lives in a household,26799
E06000011,East Riding of Yorkshire,2,Aged 16 to 24 years,2,Lives in a communal establishment,799
E06000011,East Riding of Yorkshire,3,Aged 25 to 34 years,1,Lives in a household,34088
E06000011,East Riding of Yorkshire,3,Aged 25 to 34 years,2,Lives in a communal establishment,752
E06000011,East Riding of Yorkshire,4,Aged 35 to 49 years,1,Lives in a household,56750
E06000011,East Riding of Yorkshire,4,Aged 35 to 49 years,2,Lives in a communal establishment,810
E06000011,East Riding of Yorkshire,5,Aged 50 to 64 years,1,Lives in a household,76983
E06000011,East Riding of Yorkshire,5,Aged 50 to 64 years,2,Lives in a communal establishment,664
E06000011,East Riding of Yorkshire,6,Aged 65 years and over,1,Lives in a household,87391
E06000011,East Riding of Yorkshire,6,Aged 65 years and over,2,Lives in a communal establishment,3104
E06000012,North East Lincolnshire,1,Aged 15 years and under,1,Lives in a household,29441
E06000012,North East Lincolnshire,1,Aged 15 years and under,2,Lives in a communal establishment,3
E06000012,North East Lincolnshire,2,Aged 16 to 24 years,1,Lives in a household,14344
E06000012,North East Lincolnshire,2,Aged 16 to 24 years,2,Lives in a communal establishment,126
E06000012,North East Lincolnshire,3,Aged 25 to 34 years,1,Lives in a household,19613
E06000012,North East Lincolnshire,3,Aged 25 to 34 years,2,Lives in a communal establishment,114
E06000012,North East Lincolnshire,4,Aged 35 to 49 years,1,Lives in a household,27277
E06000012,North East Lincolnshire,4,Aged 35 to 49 years,2,Lives in a communal establishment,113
E06000012,North East Lincolnshire,5,Aged 50 to 64 years,1,Lives in a household,32940
E06000012,North East Lincolnshire,5,Aged 50 to 64 years,2,Lives in a communal establishment,158
E06000012,North East Lincolnshire,6,Aged 65 years and over,1,Lives in a household,31846
E06000012,North East Lincolnshire,6,Aged 65 years and over,2,Lives in a communal establishment,990
E06000013,North Lincolnshire,1,Aged 15 years and under,1,Lives in a household,30196
E06000013,North Lincolnshire,1,Aged 15 years and under,2,Lives in a communal establishment,17
E06000013,North Lincolnshire,2,Aged 16 to 24 years,1,Lives in a household,14988
E06000013,North Lincolnshire,2,Aged 16 to 24 years,2,Lives in a communal establishment,31
E06000013,North Lincolnshire,3,Aged 25 to 34 years,1,Lives in a household,20230
E06000013,North Lincolnshire,3,Aged 25 to 34 years,2,Lives in a communal establishment,79
E06000013,North Lincolnshire,4,Aged 35 to 49 years,1,Lives in a household,29851
E06000013,North Lincolnshire,4,Aged 35 to 49 years,2,Lives in a communal establishment,96
E06000013,North Lincolnshire,5,Aged 50 to 64 years,1,Lives in a household,36696
E06000013,North Lincolnshire,5,Aged 50 to 64 years,2,Lives in a communal establishment,218
E06000013,North Lincolnshire,6,Aged 65 years and over,1,Lives in a household,36041
E06000013,North Lincolnshire,6,Aged 65 years and over,2,Lives in a communal establishment,1237
E06000014,York,1,Aged 15 years and under,1,Lives in a household,30651
E06000014,York,1,Aged 15 years and under,2,Lives in a communal establishment,87
E06000014,York,2,Aged 16 to 24 years,1,Lives in a household,25080
E06000014,York,2,Aged 16 to 24 years,2,Lives in a communal establishment,8591
E06000014,York,3,Aged 25 to 34 years,1,Lives in a household,24961
E06000014,York,3,Aged 25 to 34 years,2,Lives in a communal establishment,884
E06000014,York,4,Aged 35 to 49 years,1,Lives in a household,36014
E06000014,York,4,Aged 35 to 49 years,2,Lives in a communal establishment,342
E06000014,York,5,Aged 50 to 64 years,1,Lives in a household,37203
E06000014,York,5,Aged 50 to 64 years,2,Lives in a communal establishment,275
E06000014,York,6,Aged 65 years and over,1,Lives in a household,37663
E06000014,York,6,Aged 65 years and over,2,Lives in a communal establishment,1069
E06000015,Derby,1,Aged 15 years and under,1,Lives in a household,52146
E06000015,Derby,1,Aged 15 years and under,2,Lives in a communal establishment,25
E06000015,Derby,2,Aged 16 to 24 years,1,Lives in a household,29331
E06000015,Derby,2,Aged 16 to 24 years,2,Lives in a communal establishment,2471
E06000015,Derby,3,Aged 25 to 34 years,1,Lives in a household,36461
E06000015,Derby,3,Aged 25 to 34 years,2,Lives in a communal establishment,272
E06000015,Derby,4,Aged 35 to 49 years,1,Lives in a household,50970
E06000015,Derby,4,Aged 35 to 49 years,2,Lives in a communal establishment,173
E06000015,Derby,5,Aged 50 to 64 years,1,Lives in a household,46530
E06000015,Derby,5,Aged 50 to 64 years,2,Lives in a communal establishment,196
E06000015,Derby,6,Aged 65 years and over,1,Lives in a household,41519
E06000015,Derby,6,Aged 65 years and over,2,Lives in a communal establishment,1266
E06000016,Leicester,1,Aged 15 years and under,1,Lives in a household,77485
E06000016,Leicester,1,Aged 15 years and under,2,Lives in a communal establishment,71
E06000016,Leicester,2,Aged 16 to 24 years,1,Lives in a household,49618
E06000016,Leicester,2,Aged 16 to 24 years,2,Lives in a communal establishment,10001
E06000016,Leicester,3,Aged 25 to 34 years,1,Lives in a household,54077
E06000016,Leicester,3,Aged 25 to 34 years,2,Lives in a communal establishment,707
E06000016,Leicester,4,Aged 35 to 49 years,1,Lives in a household,74127
E06000016,Leicester,4,Aged 35 to 49 years,2,Lives in a communal establishment,346
E06000016,Leicester,5,Aged 50 to 64 years,1,Lives in a household,58155
E06000016,Leicester,5,Aged 50 to 64 years,2,Lives in a communal establishment,482
E06000016,Leicester,6,Aged 65 years and over,1,Lives in a household,41891
E06000016,Leicester,6,Aged 65 years and over,2,Lives in a communal establishment,1610
E06000017,Rutland,1,Aged 15 years and under,1,Lives in a household,6166
E06000017,Rutland,1,Aged 15 years and under,2,Lives in a communal establishment,585
E06000017,Rutland,2,Aged 16 to 24 years,1,Lives in a household,2791
E06000017,Rutland,2,Aged 16 to 24 years,2,Lives in a communal establishment,1224
E06000017,Rutland,3,Aged 25 to 34 years,1,Lives in a household,3475
E06000017,Rutland,3,Aged 25 to 34 years,2,Lives in a communal establishment,845
E06000017,Rutland,4,Aged 35 to 49 years,1,Lives in a household,6455
E06000017,Rutland,4,Aged 35 to 49 years,2,Lives in a communal establishment,555
E06000017,Rutland,5,Aged 50 to 64 years,1,Lives in a household,8423
E06000017,Rutland,5,Aged 50 to 64 years,2,Lives in a communal establishment,147
E06000017,Rutland,6,Aged 65 years and over,1,Lives in a household,10129
E06000017,Rutland,6,Aged 65 years and over,2,Lives in a communal establishment,255
E06000018,Nottingham,1,Aged 15 years and under,1,Lives in a household,59206
E06000018,Nottingham,1,Aged 15 years and under,2,Lives in a communal establishment,104
E06000018,Nottingham,2,Aged 16 to 24 years,1,Lives in a household,52484
E06000018,Nottingham,2,Aged 16 to 24 years,2,Lives in a communal establishment,19411
E06000018,Nottingham,3,Aged 25 to 34 years,1,Lives in a household,47420
E06000018,Nottingham,3,Aged 25 to 34 years,2,Lives in a communal establishment,1068
E06000018,Nottingham,4,Aged 35 to 49 years,1,Lives in a household,56682
E06000018,Nottingham,4,Aged 35 to 49 years,2,Lives in a communal establishment,475
E06000018,Nottingham,5,Aged 50 to 64 years,1,Lives in a household,48421
E06000018,Nottingham,5,Aged 50 to 64 years,2,Lives in a communal establishment,397
E06000018,Nottingham,6,Aged 65 years and over,1,Lives in a household,36852
E06000018,Nottingham,6,Aged 65 years and over,2,Lives in a communal establishment,1113
E06000019,Herefordshire,1,Aged 15 years and under,1,Lives in a household,29813
E06000019,Herefordshire,1,Aged 15 years and under,2,Lives in a communal establishment,88
E06000019,Herefordshire,2,Aged 16 to 24 years,1,Lives in a household,15126
E06000019,Herefordshire,2,Aged 16 to 24 years,2,Lives in a communal establishment,238
E06000019,Herefordshire,3,Aged 25 to 34 years,1,Lives in a household,19912
E06000019,Herefordshire,3,Aged 25 to 34 years,2,Lives in a communal establishment,274
E06000019,Herefordshire,4,Aged 35 to 49 years,1,Lives in a household,31015
E06000019,Herefordshire,4,Aged 35 to 49 years,2,Lives in a communal establishment,273
E06000019,Herefordshire,5,Aged 50 to 64 years,1,Lives in a household,41566
E06000019,Herefordshire,5,Aged 50 to 64 years,2,Lives in a communal establishment,256
E06000019,Herefordshire,6,Aged 65 years and over,1,Lives in a household,47217
E06000019,Herefordshire,6,Aged 65 years and over,2,Lives in a communal establishment,1255
E06000020,Telford and Wrekin,1,Aged 15 years and under,1,Lives in a household,36782
E06000020,Telford and Wrekin,1,Aged 15 years and under,2,Lives in a communal establishment,85
E06000020,Telford and Wrekin,2,Aged 16 to 24 years,1,Lives in a household,18799
E06000020,Telford and Wrekin,2,Aged 16 to 24 years,2,Lives in a communal establishment,771
E06000020,Telford and Wrekin,3,Aged 25 to 34 years,1,Lives in a household,24475
E06000020,Telford and Wrekin,3,Aged 25 to 34 years,2,Lives in a communal establishment,55
E06000020,Telford and Wrekin,4,Aged 35 to 49 years,1,Lives in a household,35322
E06000020,Telford and Wrekin,4,Aged 35 to 49 years,2,Lives in a communal establishment,70
E06000020,Telford and Wrekin,5,Aged 50 to 64 years,1,Lives in a household,36315
E06000020,Telford and Wrekin,5,Aged 50 to 64 years,2,Lives in a communal establishment,152
E06000020,Telford and Wrekin,6,Aged 65 years and over,1,Lives in a household,31941
E06000020,Telford and Wrekin,6,Aged 65 years and over,2,Lives in a communal establishment,776
E06000021,Stoke-on-Trent,1,Aged 15 years and under,1,Lives in a household,52461
E06000021,Stoke-on-Trent,1,Aged 15 years and under,2,Lives in a communal establishment,8
E06000021,Stoke-on-Trent,2,Aged 16 to 24 years,1,Lives in a household,27530
E06000021,Stoke-on-Trent,2,Aged 16 to 24 years,2,Lives in a communal establishment,1508
E06000021,Stoke-on-Trent,3,Aged 25 to 34 years,1,Lives in a household,36070
E06000021,Stoke-on-Trent,3,Aged 25 to 34 years,2,Lives in a communal establishment,153
E06000021,Stoke-on-Trent,4,Aged 35 to 49 years,1,Lives in a household,48493
E06000021,Stoke-on-Trent,4,Aged 35 to 49 years,2,Lives in a communal establishment,208
E06000021,Stoke-on-Trent,5,Aged 50 to 64 years,1,Lives in a household,47391
E06000021,Stoke-on-Trent,5,Aged 50 to 64 years,2,Lives in a communal establishment,283
E06000021,Stoke-on-Trent,6,Aged 65 years and over,1,Lives in a household,42894
E06000021,Stoke-on-Trent,6,Aged 65 years and over,2,Lives in a communal establishment,1370
E06000022,Bath and North East Somerset,1,Aged 15 years and under,1,Lives in a household,31448
E06000022,Bath and North East Somerset,1,Aged 15 years and under,2,Lives in a communal establishment,343
E06000022,Bath and North East Somerset,2,Aged 16 to 24 years,1,Lives in a household,25294
E06000022,Bath and North East Somerset,2,Aged 16 to 24 years,2,Lives in a communal establishment,5949
E06000022,Bath and North East Somerset,3,Aged 25 to 34 years,1,Lives in a household,22836
E06000022,Bath and North East Somerset,3,Aged 25 to 34 years,2,Lives in a communal establishment,340
E06000022,Bath and North East Somerset,4,Aged 35 to 49 years,1,Lives in a household,33252
E06000022,Bath and North East Somerset,4,Aged 35 to 49 years,2,Lives in a communal establishment,153
E06000022,Bath and North East Somerset,5,Aged 50 to 64 years,1,Lives in a household,36067
E06000022,Bath and North East Somerset,5,Aged 50 to 64 years,2,Lives in a communal establishment,205
E06000022,Bath and North East Somerset,6,Aged 65 years and over,1,Lives in a household,36541
E06000022,Bath and North East Somerset,6,Aged 65 years and over,2,Lives in a communal establishment,981
E06000023,Bristol,1,Aged 15 years and under,1,Lives in a household,82553
E06000023,Bristol,1,Aged 15 years and under,2,Lives in a communal establishment,204
E06000023,Bristol,2,Aged 16 to 24 years,1,Lives in a household,61921
E06000023,Bristol,2,Aged 16 to 24 years,2,Lives in a communal establishment,10758
E06000023,Bristol,3,Aged 25 to 34 years,1,Lives in a household,87361
E06000023,Bristol,3,Aged 25 to 34 years,2,Lives in a communal establishment,896
E06000023,Bristol,4,Aged 35 to 49 years,1,Lives in a household,95605
E06000023,Bristol,4,Aged 35 to 49 years,2,Lives in a communal establishment,473
E06000023,Bristol,5,Aged 50 to 64 years,1,Lives in a household,71500
E06000023,Bristol,5,Aged 50 to 64 years,2,Lives in a communal establishment,435
E06000023,Bristol,6,Aged 65 years and over,1,Lives in a household,58909
E06000023,Bristol,6,Aged 65 years and over,2,Lives in a communal establishment,1851
E06000024,North Somerset,1,Aged 15 years and under,1,Lives in a household,38135
E06000024,North Somerset,1,Aged 15 years and under,2,Lives in a communal establishment,26
E06000024,North Somerset,2,Aged 16 to 24 years,1,Lives in a household,18026
E06000024,North Somerset,2,Aged 16 to 24 years,2,Lives in a communal establishment,168
E06000024,North Somerset,3,Aged 25 to 34 years,1,Lives in a household,23043
E06000024,North Somerset,3,Aged 25 to 34 years,2,Lives in a communal establishment,82
E06000024,North Somerset,4,Aged 35 to 49 years,1,Lives in a household,40472
E06000024,North Somerset,4,Aged 35 to 49 years,2,Lives in a communal establishment,140
E06000024,North Somerset,5,Aged 50 to 64 years,1,Lives in a household,44518
E06000024,North Somerset,5,Aged 50 to 64 years,2,Lives in a communal establishment,246
E06000024,North Somerset,6,Aged 65 years and over,1,Lives in a household,50103
E06000024,North Somerset,6,Aged 65 years and over,2,Lives in a communal establishment,1769
E06000025,South Gloucestershire,1,Aged 15 years and under,1,Lives in a household,53045
E06000025,South Gloucestershire,1,Aged 15 years and under,2,Lives in a communal establishment,13
E06000025,South Gloucestershire,2,Aged 16 to 24 years,1,Lives in a household,28730
E06000025,South Gloucestershire,2,Aged 16 to 24 years,2,Lives in a communal establishment,2484
E06000025,South Gloucestershire,3,Aged 25 to 34 years,1,Lives in a household,39387
E06000025,South Gloucestershire,3,Aged 25 to 34 years,2,Lives in a communal establishment,498
E06000025,South Gloucestershire,4,Aged 35 to 49 years,1,Lives in a household,55311
E06000025,South Gloucestershire,4,Aged 35 to 49 years,2,Lives in a communal establishment,501
E06000025,South Gloucestershire,5,Aged 50 to 64 years,1,Lives in a household,55732
E06000025,South Gloucestershire,5,Aged 50 to 64 years,2,Lives in a communal establishment,529
E06000025,South Gloucestershire,6,Aged 65 years and over,1,Lives in a household,52825
E06000025,South Gloucestershire,6,Aged 65 years and over,2,Lives in a communal establishment,1368
E06000026,Plymouth,1,Aged 15 years and under,1,Lives in a household,46014
E06000026,Plymouth,1,Aged 15 years and under,2,Lives in a communal establishment,57
E06000026,Plymouth,2,Aged 16 to 24 years,1,Lives in a household,29912
E06000026,Plymouth,2,Aged 16 to 24 years,2,Lives in a communal establishment,4472
E06000026,Plymouth,3,Aged 25 to 34 years,1,Lives in a household,35861
E06000026,Plymouth,3,Aged 25 to 34 years,2,Lives in a communal establishment,475
E06000026,Plymouth,4,Aged 35 to 49 years,1,Lives in a household,48461
E06000026,Plymouth,4,Aged 35 to 49 years,2,Lives in a communal establishment,259
E06000026,Plymouth,5,Aged 50 to 64 years,1,Lives in a household,49957
E06000026,Plymouth,5,Aged 50 to 64 years,2,Lives in a communal establishment,260
E06000026,Plymouth,6,Aged 65 years and over,1,Lives in a household,47292
E06000026,Plymouth,6,Aged 65 years and over,2,Lives in a communal establishment,1678
E06000027,Torbay,1,Aged 15 years and under,1,Lives in a household,22275
E06000027,Torbay,1,Aged 15 years and under,2,Lives in a communal establishment,17
E06000027,Torbay,2,Aged 16 to 24 years,1,Lives in a household,11471
E06000027,Torbay,2,Aged 16 to 24 years,2,Lives in a communal establishment,46
E06000027,Torbay,3,Aged 25 to 34 years,1,Lives in a household,14665
E06000027,Torbay,3,Aged 25 to 34 years,2,Lives in a communal establishment,75
E06000027,Torbay,4,Aged 35 to 49 years,1,Lives in a household,22590
E06000027,Torbay,4,Aged 35 to 49 years,2,Lives in a communal establishment,147
E06000027,Torbay,5,Aged 50 to 64 years,1,Lives in a household,30546
E06000027,Torbay,5,Aged 50 to 64 years,2,Lives in a communal establishment,300
E06000027,Torbay,6,Aged 65 years and over,1,Lives in a household,35737
E06000027,Torbay,6,Aged 65 years and over,2,Lives in a communal establishment,1450
E06000030,Swindon,1,Aged 15 years and under,1,Lives in a household,46256
E06000030,Swindon,1,Aged 15 years and under,2,Lives in a communal establishment,3
E06000030,Swindon,2,Aged 16 to 24 years,1,Lives in a household,21507
E06000030,Swindon,2,Aged 16 to 24 years,2,Lives in a communal establishment,91
E06000030,Swindon,3,Aged 25 to 34 years,1,Lives in a household,32569
E06000030,Swindon,3,Aged 25 to 34 years,2,Lives in a communal establishment,68
E06000030,Swindon,4,Aged 35 to 49 years,1,Lives in a household,49886
E06000030,Swindon,4,Aged 35 to 49 years,2,Lives in a communal establishment,66
E06000030,Swindon,5,Aged 50 to 64 years,1,Lives in a household,45759
E06000030,Swindon,5,Aged 50 to 64 years,2,Lives in a communal establishment,134
E06000030,Swindon,6,Aged 65 years and over,1,Lives in a household,36254
E06000030,Swindon,6,Aged 65 years and over,2,Lives in a communal establishment,815
E06000031,Peterborough,1,Aged 15 years and under,1,Lives in a household,48081
E06000031,Peterborough,1,Aged 15 years and under,2,Lives in a communal establishment,19
E06000031,Peterborough,2,Aged 16 to 24 years,1,Lives in a household,21184
E06000031,Peterborough,2,Aged 16 to 24 years,2,Lives in a communal establishment,332
E06000031,Peterborough,3,Aged 25 to 34 years,1,Lives in a household,32196
E06000031,Peterborough,3,Aged 25 to 34 years,2,Lives in a communal establishment,428
E06000031,Peterborough,4,Aged 35 to 49 years,1,Lives in a household,46003
E06000031,Peterborough,4,Aged 35 to 49 years,2,Lives in a communal establishment,387
E06000031,Peterborough,5,Aged 50 to 64 years,1,Lives in a household,36188
E06000031,Peterborough,5,Aged 50 to 64 years,2,Lives in a communal establishment,265
E06000031,Peterborough,6,Aged 65 years and over,1,Lives in a household,29812
E06000031,Peterborough,6,Aged 65 years and over,2,Lives in a communal establishment,777
E06000032,Luton,1,Aged 15 years and under,1,Lives in a household,52561
E06000032,Luton,1,Aged 15 years and under,2,Lives in a communal establishment,2
E06000032,Luton,2,Aged 16 to 24 years,1,Lives in a household,26783
E06000032,Luton,2,Aged 16 to 24 years,2,Lives in a communal establishment,743
E06000032,Luton,3,Aged 25 to 34 years,1,Lives in a household,33996
E06000032,Luton,3,Aged 25 to 34 years,2,Lives in a communal establishment,375
E06000032,Luton,4,Aged 35 to 49 years,1,Lives in a household,47946
E06000032,Luton,4,Aged 35 to 49 years,2,Lives in a communal establishment,322
E06000032,Luton,5,Aged 50 to 64 years,1,Lives in a household,35924
E06000032,Luton,5,Aged 50 to 64 years,2,Lives in a communal establishment,246
E06000032,Luton,6,Aged 65 years and over,1,Lives in a household,25750
E06000032,Luton,6,Aged 65 years and over,2,Lives in a communal establishment,616
E06000033,Southend-on-Sea,1,Aged 15 years and under,1,Lives in a household,34276
E06000033,Southend-on-Sea,1,Aged 15 years and under,2,Lives in a communal establishment,0
E06000033,Southend-on-Sea,2,Aged 16 to 24 years,1,Lives in a household,16216
E06000033,Southend-on-Sea,2,Aged 16 to 24 years,2,Lives in a communal establishment,341
E06000033,Southend-on-Sea,3,Aged 25 to 34 years,1,Lives in a household,23051
E06000033,Southend-on-Sea,3,Aged 25 to 34 years,2,Lives in a communal establishment,107
E06000033,Southend-on-Sea,4,Aged 35 to 49 years,1,Lives in a household,36558
E06000033,Southend-on-Sea,4,Aged 35 to 49 years,2,Lives in a communal establishment,124
E06000033,Southend-on-Sea,5,Aged 50 to 64 years,1,Lives in a household,35201
E06000033,Southend-on-Sea,5,Aged 50 to 64 years,2,Lives in a communal establishment,252
E06000033,Southend-on-Sea,6,Aged 65 years and over,1,Lives in a household,33345
E06000033,Southend-on-Sea,6,Aged 65 years and over,2,Lives in a communal establishment,1216
E06000034,Thurrock,1,Aged 15 years and under,1,Lives in a household,39636
E06000034,Thurrock,1,Aged 15 years and under,2,Lives in a communal establishment,1
E06000034,Thurrock,2,Aged 16 to 24 years,1,Lives in a household,17657
E06000034,Thurrock,2,Aged 16 to 24 years,2,Lives in a communal establishment,19
E06000034,Thurrock,3,Aged 25 to 34 years,1,Lives in a household,25868
E06000034,Thurrock,3,Aged 25 to 34 years,2,Lives in a communal establishment,30
E06000034,Thurrock,4,Aged 35 to 49 years,1,Lives in a household,37934
E06000034,Thurrock,4,Aged 35 to 49 years,2,Lives in a communal establishment,38
E06000034,Thurrock,5,Aged 50 to 64 years,1,Lives in a household,30901
E06000034,Thurrock,5,Aged 50 to 64 years,2,Lives in a communal establishment,61
E06000034,Thurrock,6,Aged 65 years and over,1,Lives in a household,23329
E06000034,Thurrock,6,Aged 65 years and over,2,Lives in a communal establishment,525
E06000035,Medway,1,Aged 15 years and under,1,Lives in a household,56982
E06000035,Medway,1,Aged 15 years and under,2,Lives in a communal establishment,34
E06000035,Medway,2,Aged 16 to 24 years,1,Lives in a household,27167
E06000035,Medway,2,Aged 16 to 24 years,2,Lives in a communal establishment,1645
E06000035,Medway,3,Aged 25 to 34 years,1,Lives in a household,38235
E06000035,Medway,3,Aged 25 to 34 years,2,Lives in a communal establishment,474
E06000035,Medway,4,Aged 35 to 49 years,1,Lives in a household,55267
E06000035,Medway,4,Aged 35 to 49 years,2,Lives in a communal establishment,330
E06000035,Medway,5,Aged 50 to 64 years,1,Lives in a household,53363
E06000035,Medway,5,Aged 50 to 64 years,2,Lives in a communal establishment,222
E06000035,Medway,6,Aged 65 years and over,1,Lives in a household,45010
E06000035,Medway,6,Aged 65 years and over,2,Lives in a communal establishment,1044
E06000036,Bracknell Forest,1,Aged 15 years and under,1,Lives in a household,24132
E06000036,Bracknell Forest,1,Aged 15 years and under,2,Lives in a communal establishment,542
E06000036,Bracknell Forest,2,Aged 16 to 24 years,1,Lives in a household,10872
E06000036,Bracknell Forest,2,Aged 16 to 24 years,2,Lives in a communal establishment,961
E06000036,Bracknell Forest,3,Aged 25 to 34 years,1,Lives in a household,17115
E06000036,Bracknell Forest,3,Aged 25 to 34 years,2,Lives in a communal establishment,399
E06000036,Bracknell Forest,4,Aged 35 to 49 years,1,Lives in a household,27133
E06000036,Bracknell Forest,4,Aged 35 to 49 years,2,Lives in a communal establishment,223
E06000036,Bracknell Forest,5,Aged 50 to 64 years,1,Lives in a household,24253
E06000036,Bracknell Forest,5,Aged 50 to 64 years,2,Lives in a communal establishment,99
E06000036,Bracknell Forest,6,Aged 65 years and over,1,Lives in a household,18598
E06000036,Bracknell Forest,6,Aged 65 years and over,2,Lives in a communal establishment,277
E06000037,West Berkshire,1,Aged 15 years and under,1,Lives in a household,29861
E06000037,West Berkshire,1,Aged 15 years and under,2,Lives in a communal establishment,851
E06000037,West Berkshire,2,Aged 16 to 24 years,1,Lives in a household,13590
E06000037,West Berkshire,2,Aged 16 to 24 years,2,Lives in a communal establishment,850
E06000037,West Berkshire,3,Aged 25 to 34 years,1,Lives in a household,18119
E06000037,West Berkshire,3,Aged 25 to 34 years,2,Lives in a communal establishment,199
E06000037,West Berkshire,4,Aged 35 to 49 years,1,Lives in a household,31969
E06000037,West Berkshire,4,Aged 35 to 49 years,2,Lives in a communal establishment,181
E06000037,West Berkshire,5,Aged 50 to 64 years,1,Lives in a household,34121
E06000037,West Berkshire,5,Aged 50 to 64 years,2,Lives in a communal establishment,195
E06000037,West Berkshire,6,Aged 65 years and over,1,Lives in a household,30925
E06000037,West Berkshire,6,Aged 65 years and over,2,Lives in a communal establishment,587
E06000038,Reading,1,Aged 15 years and under,1,Lives in a household,32675
E06000038,Reading,1,Aged 15 years and under,2,Lives in a communal establishment,189
E06000038,Reading,2,Aged 16 to 24 years,1,Lives in a household,20127
E06000038,Reading,2,Aged 16 to 24 years,2,Lives in a communal establishment,3656
E06000038,Reading,3,Aged 25 to 34 years,1,Lives in a household,29823
E06000038,Reading,3,Aged 25 to 34 years,2,Lives in a communal establishment,388
E06000038,Reading,4,Aged 35 to 49 years,1,Lives in a household,38533
E06000038,Reading,4,Aged 35 to 49 years,2,Lives in a communal establishment,190
E06000038,Reading,5,Aged 50 to 64 years,1,Lives in a household,27503
E06000038,Reading,5,Aged 50 to 64 years,2,Lives in a communal establishment,161
E06000038,Reading,6,Aged 65 years and over,1,Lives in a household,20502
E06000038,Reading,6,Aged 65 years and over,2,Lives in a communal establishment,476
E06000039,Slough,1,Aged 15 years and under,1,Lives in a household,39566
E06000039,Slough,1,Aged 15 years and under,2,Lives in a communal establishment,0
E06000039,Slough,2,Aged 16 to 24 years,1,Lives in a household,16551
E06000039,Slough,2,Aged 16 to 24 years,2,Lives in a communal establishment,36
E06000039,Slough,3,Aged 25 to 34 years,1,Lives in a household,23443
E06000039,Slough,3,Aged 25 to 34 years,2,Lives in a communal establishment,66
E06000039,Slough,4,Aged 35 to 49 years,1,Lives in a household,39258
E06000039,Slough,4,Aged 35 to 49 years,2,Lives in a communal establishment,76
E06000039,Slough,5,Aged 50 to 64 years,1,Lives in a household,24117
E06000039,Slough,5,Aged 50 to 64 years,2,Lives in a communal establishment,67
E06000039,Slough,6,Aged 65 years and over,1,Lives in a household,14994
E06000039,Slough,6,Aged 65 years and over,2,Lives in a communal establishment,326
E06000040,Windsor and Maidenhead,1,Aged 15 years and under,1,Lives in a household,28645
E06000040,Windsor and Maidenhead,1,Aged 15 years and under,2,Lives in a communal establishment,1176
E06000040,Windsor and Maidenhead,2,Aged 16 to 24 years,1,Lives in a household,12397
E06000040,Windsor and Maidenhead,2,Aged 16 to 24 years,2,Lives in a communal establishment,1261
E06000040,Windsor and Maidenhead,3,Aged 25 to 34 years,1,Lives in a household,17028
E06000040,Windsor and Maidenhead,3,Aged 25 to 34 years,2,Lives in a communal establishment,259
E06000040,Windsor and Maidenhead,4,Aged 35 to 49 years,1,Lives in a household,32870
E06000040,Windsor and Maidenhead,4,Aged 35 to 49 years,2,Lives in a communal establishment,206
E06000040,Windsor and Maidenhead,5,Aged 50 to 64 years,1,Lives in a household,31116
E06000040,Windsor and Maidenhead,5,Aged 50 to 64 years,2,Lives in a communal establishment,217
E06000040,Windsor and Maidenhead,6,Aged 65 years and over,1,Lives in a household,27362
E06000040,Windsor and Maidenhead,6,Aged 65 years and over,2,Lives in a communal establishment,959
E06000041,Wokingham,1,Aged 15 years and under,1,Lives in a household,36458
E06000041,Wokingham,1,Aged 15 years and under,2,Lives in a communal establishment,223
E06000041,Wokingham,2,Aged 16 to 24 years,1,Lives in a household,14684
E06000041,Wokingham,2,Aged 16 to 24 years,2,Lives in a communal establishment,1474
E06000041,Wokingham,3,Aged 25 to 34 years,1,Lives in a household,20012
E06000041,Wokingham,3,Aged 25 to 34 years,2,Lives in a communal establishment,115
E06000041,Wokingham,4,Aged 35 to 49 years,1,Lives in a household,39580
E06000041,Wokingham,4,Aged 35 to 49 years,2,Lives in a communal establishment,90
E06000041,Wokingham,5,Aged 50 to 64 years,1,Lives in a household,34187
E06000041,Wokingham,5,Aged 50 to 64 years,2,Lives in a communal establishment,130
E06000041,Wokingham,6,Aged 65 years and over,1,Lives in a household,29756
E06000041,Wokingham,6,Aged 65 years and over,2,Lives in a communal establishment,793
E06000042,Milton Keynes,1,Aged 15 years and under,1,Lives in a household,62209
E06000042,Milton Keynes,1,Aged 15 years and under,2,Lives in a communal establishment,20
E06000042,Milton Keynes,2,Aged 16 to 24 years,1,Lives in a household,27522
E06000042,Milton Keynes,2,Aged 16 to 24 years,2,Lives in a communal establishment,203
E06000042,Milton Keynes,3,Aged 25 to 34 years,1,Lives in a household,40727
E06000042,Milton Keynes,3,Aged 25 to 34 years,2,Lives in a communal establishment,317
E06000042,Milton Keynes,4,Aged 35 to 49 years,1,Lives in a household,65304
E06000042,Milton Keynes,4,Aged 35 to 49 years,2,Lives in a communal establishment,296
E06000042,Milton Keynes,5,Aged 50 to 64 years,1,Lives in a household,50618
E06000042,Milton Keynes,5,Aged 50 to 64 years,2,Lives in a communal establishment,258
E06000042,Milton Keynes,6,Aged 65 years and over,1,Lives in a household,38614
E06000042,Milton Keynes,6,Aged 65 years and over,2,Lives in a communal establishment,972
E06000043,Brighton and Hove,1,Aged 15 years and under,1,Lives in a household,41421
E06000043,Brighton and Hove,1,Aged 15 years and under,2,Lives in a communal establishment,315
E06000043,Brighton and Hove,2,Aged 16 to 24 years,1,Lives in a household,37202
E06000043,Brighton and Hove,2,Aged 16 to 24 years,2,Lives in a communal establishment,5726
E06000043,Brighton and Hove,3,Aged 25 to 34 years,1,Lives in a household,40953
E06000043,Brighton and Hove,3,Aged 25 to 34 years,2,Lives in a communal establishment,517
E06000043,Brighton and Hove,4,Aged 35 to 49 years,1,Lives in a household,58759
E06000043,Brighton and Hove,4,Aged 35 to 49 years,2,Lives in a communal establishment,326
E06000043,Brighton and Hove,5,Aged 50 to 64 years,1,Lives in a household,52572
E06000043,Brighton and Hove,5,Aged 50 to 64 years,2,Lives in a communal establishment,335
E06000043,Brighton and Hove,6,Aged 65 years and over,1,Lives in a household,37690
E06000043,Brighton and Hove,6,Aged 65 years and over,2,Lives in a communal establishment,1286
E06000044,Portsmouth,1,Aged 15 years and under,1,Lives in a household,37174
E06000044,Portsmouth,1,Aged 15 years and under,2,Lives in a communal establishment,9
E06000044,Portsmouth,2,Aged 16 to 24 years,1,Lives in a household,27026
E06000044,Portsmouth,2,Aged 16 to 24 years,2,Lives in a communal establishment,5388
E06000044,Portsmouth,3,Aged 25 to 34 years,1,Lives in a household,31063
E06000044,Portsmouth,3,Aged 25 to 34 years,2,Lives in a communal establishment,262
E06000044,Portsmouth,4,Aged 35 to 49 years,1,Lives in a household,39480
E06000044,Portsmouth,4,Aged 35 to 49 years,2,Lives in a communal establishment,141
E06000044,Portsmouth,5,Aged 50 to 64 years,1,Lives in a household,36539
E06000044,Portsmouth,5,Aged 50 to 64 years,2,Lives in a communal establishment,130
E06000044,Portsmouth,6,Aged 65 years and over,1,Lives in a household,30079
E06000044,Portsmouth,6,Aged 65 years and over,2,Lives in a communal establishment,711
E06000045,Southampton,1,Aged 15 years and under,1,Lives in a household,44538
E06000045,Southampton,1,Aged 15 years and under,2,Lives in a communal establishment,16
E06000045,Southampton,2,Aged 16 to 24 years,1,Lives in a household,32273
E06000045,Southampton,2,Aged 16 to 24 years,2,Lives in a communal establishment,8148
E06000045,Southampton,3,Aged 25 to 34 years,1,Lives in a household,40078
E06000045,Southampton,3,Aged 25 to 34 years,2,Lives in a communal establishment,805
E06000045,Southampton,4,Aged 35 to 49 years,1,Lives in a household,49164
E06000045,Southampton,4,Aged 35 to 49 years,2,Lives in a communal establishment,180
E06000045,Southampton,5,Aged 50 to 64 years,1,Lives in a household,39327
E06000045,Southampton,5,Aged 50 to 64 years,2,Lives in a communal establishment,143
E06000045,Southampton,6,Aged 65 years and over,1,Lives in a household,33385
E06000045,Southampton,6,Aged 65 years and over,2,Lives in a communal establishment,865
E06000046,Isle of Wight,1,Aged 15 years and under,1,Lives in a household,20820
E06000046,Isle of Wight,1,Aged 15 years and under,2,Lives in a communal establishment,53
E06000046,Isle of Wight,2,Aged 16 to 24 years,1,Lives in a household,10719
E06000046,Isle of Wight,2,Aged 16 to 24 years,2,Lives in a communal establishment,221
E06000046,Isle of Wight,3,Aged 25 to 34 years,1,Lives in a household,13605
E06000046,Isle of Wight,3,Aged 25 to 34 years,2,Lives in a communal establishment,312
E06000046,Isle of Wight,4,Aged 35 to 49 years,1,Lives in a household,21359
E06000046,Isle of Wight,4,Aged 35 to 49 years,2,Lives in a communal establishment,437
E06000046,Isle of Wight,5,Aged 50 to 64 years,1,Lives in a household,31332
E06000046,Isle of Wight,5,Aged 50 to 64 years,2,Lives in a communal establishment,581
E06000046,Isle of Wight,6,Aged 65 years and over,1,Lives in a household,39680
E06000046,Isle of Wight,6,Aged 65 years and over,2,Lives in a communal establishment,1339
E06000047,County Durham,1,Aged 15 years and under,1,Lives in a household,87987
E06000047,County Durham,1,Aged 15 years and under,2,Lives in a communal establishment,123
E06000047,County Durham,2,Aged 16 to 24 years,1,Lives in a household,51553
E06000047,County Durham,2,Aged 16 to 24 years,2,Lives in a communal establishment,7232
E06000047,County Durham,3,Aged 25 to 34 years,1,Lives in a household,58923
E06000047,County Durham,3,Aged 25 to 34 years,2,Lives in a communal establishment,962
E06000047,County Durham,4,Aged 35 to 49 years,1,Lives in a household,90614
E06000047,County Durham,4,Aged 35 to 49 years,2,Lives in a communal establishment,822
E06000047,County Durham,5,Aged 50 to 64 years,1,Lives in a household,111773
E06000047,County Durham,5,Aged 50 to 64 years,2,Lives in a communal establishment,741
E06000047,County Durham,6,Aged 65 years and over,1,Lives in a household,107912
E06000047,County Durham,6,Aged 65 years and over,2,Lives in a communal establishment,3426
E06000049,Cheshire East,1,Aged 15 years and under,1,Lives in a household,69245
E06000049,Cheshire East,1,Aged 15 years and under,2,Lives in a communal establishment,54
E06000049,Cheshire East,2,Aged 16 to 24 years,1,Lives in a household,32190
E06000049,Cheshire East,2,Aged 16 to 24 years,2,Lives in a communal establishment,741
E06000049,Cheshire East,3,Aged 25 to 34 years,1,Lives in a household,45663
E06000049,Cheshire East,3,Aged 25 to 34 years,2,Lives in a communal establishment,423
E06000049,Cheshire East,4,Aged 35 to 49 years,1,Lives in a household,74565
E06000049,Cheshire East,4,Aged 35 to 49 years,2,Lives in a communal establishment,275
E06000049,Cheshire East,5,Aged 50 to 64 years,1,Lives in a household,86147
E06000049,Cheshire East,5,Aged 50 to 64 years,2,Lives in a communal establishment,246
E06000049,Cheshire East,6,Aged 65 years and over,1,Lives in a household,86557
E06000049,Cheshire East,6,Aged 65 years and over,2,Lives in a communal establishment,2670
E06000050,Cheshire West and Chester,1,Aged 15 years and under,1,Lives in a household,61728
E06000050,Cheshire West and Chester,1,Aged 15 years and under,2,Lives in a communal establishment,64
E06000050,Cheshire West and Chester,2,Aged 16 to 24 years,1,Lives in a household,32368
E06000050,Cheshire West and Chester,2,Aged 16 to 24 years,2,Lives in a communal establishment,2069
E06000050,Cheshire West and Chester,3,Aged 25 to 34 years,1,Lives in a household,43149
E06000050,Cheshire West and Chester,3,Aged 25 to 34 years,2,Lives in a communal establishment,554
E06000050,Cheshire West and Chester,4,Aged 35 to 49 years,1,Lives in a household,65892
E06000050,Cheshire West and Chester,4,Aged 35 to 49 years,2,Lives in a communal establishment,257
E06000050,Cheshire West and Chester,5,Aged 50 to 64 years,1,Lives in a household,75138
E06000050,Cheshire West and Chester,5,Aged 50 to 64 years,2,Lives in a communal establishment,185
E06000050,Cheshire West and Chester,6,Aged 65 years and over,1,Lives in a household,73811
E06000050,Cheshire West and Chester,6,Aged 65 years and over,2,Lives in a communal establishment,1935
E06000051,Shropshire,1,Aged 15 years and under,1,Lives in a household,50794
E06000051,Shropshire,1,Aged 15 years and under,2,Lives in a communal establishment,566
E06000051,Shropshire,2,Aged 16 to 24 years,1,Lives in a household,26394
E06000051,Shropshire,2,Aged 16 to 24 years,2,Lives in a communal establishment,2205
E06000051,Shropshire,3,Aged 25 to 34 years,1,Lives in a household,33803
E06000051,Shropshire,3,Aged 25 to 34 years,2,Lives in a communal establishment,1021
E06000051,Shropshire,4,Aged 35 to 49 years,1,Lives in a household,53033
E06000051,Shropshire,4,Aged 35 to 49 years,2,Lives in a communal establishment,892
E06000051,Shropshire,5,Aged 50 to 64 years,1,Lives in a household,72418
E06000051,Shropshire,5,Aged 50 to 64 years,2,Lives in a communal establishment,392
E06000051,Shropshire,6,Aged 65 years and over,1,Lives in a household,79835
E06000051,Shropshire,6,Aged 65 years and over,2,Lives in a communal establishment,2253
E06000052,Cornwall,1,Aged 15 years and under,1,Lives in a household,92815
E06000052,Cornwall,1,Aged 15 years and under,2,Lives in a communal establishment,65
E06000052,Cornwall,2,Aged 16 to 24 years,1,Lives in a household,49324
E06000052,Cornwall,2,Aged 16 to 24 years,2,Lives in a communal establishment,2668
E06000052,Cornwall,3,Aged 25 to 34 years,1,Lives in a household,59564
E06000052,Cornwall,3,Aged 25 to 34 years,2,Lives in a communal establishment,434
E06000052,Cornwall,4,Aged 35 to 49 years,1,Lives in a household,96599
E06000052,Cornwall,4,Aged 35 to 49 years,2,Lives in a communal establishment,399
E06000052,Cornwall,5,Aged 50 to 64 years,1,Lives in a household,123660
E06000052,Cornwall,5,Aged 50 to 64 years,2,Lives in a communal establishment,638
E06000052,Cornwall,6,Aged 65 years and over,1,Lives in a household,140486
E06000052,Cornwall,6,Aged 65 years and over,2,Lives in a communal establishment,3653
E06000053,Isles of Scilly,1,Aged 15 years and under,1,Lives in a household,324
E06000053,Isles of Scilly,1,Aged 15 years and under,2,Lives in a communal establishment,0
E06000053,Isles of Scilly,2,Aged 16 to 24 years,1,Lives in a household,107
E06000053,Isles of Scilly,2,Aged 16 to 24 years,2,Lives in a communal establishment,2
E06000053,Isles of Scilly,3,Aged 25 to 34 years,1,Lives in a household,213
E06000053,Isles of Scilly,3,Aged 25 to 34 years,2,Lives in a communal establishment,2
E06000053,Isles of Scilly,4,Aged 35 to 49 years,1,Lives in a household,374
E06000053,Isles of Scilly,4,Aged 35 to 49 years,2,Lives in a communal establishment,3
E06000053,Isles of Scilly,5,Aged 50 to 64 years,1,Lives in a household,447
E06000053,Isles of Scilly,5,Aged 50 to 64 years,2,Lives in a communal establishment,5
E06000053,Isles of Scilly,6,Aged 65 years and over,1,Lives in a household,564
E06000053,Isles of Scilly,6,Aged 65 years and over,2,Lives in a communal establishment,16
E06000054,Wiltshire,1,Aged 15 years and under,1,Lives in a household,90045
E06000054,Wiltshire,1,Aged 15 years and under,2,Lives in a communal establishment,1174
E06000054,Wiltshire,2,Aged 16 to 24 years,1,Lives in a household,41663
E06000054,Wiltshire,2,Aged 16 to 24 years,2,Lives in a communal establishment,4177
E06000054,Wiltshire,3,Aged 25 to 34 years,1,Lives in a household,57038
E06000054,Wiltshire,3,Aged 25 to 34 years,2,Lives in a communal establishment,2485
E06000054,Wiltshire,4,Aged 35 to 49 years,1,Lives in a household,92607
E06000054,Wiltshire,4,Aged 35 to 49 years,2,Lives in a communal establishment,982
E06000054,Wiltshire,5,Aged 50 to 64 years,1,Lives in a household,108134
E06000054,Wiltshire,5,Aged 50 to 64 years,2,Lives in a communal establishment,501
E06000054,Wiltshire,6,Aged 65 years and over,1,Lives in a household,108651
E06000054,Wiltshire,6,Aged 65 years and over,2,Lives in a communal establishment,2876
E06000055,Bedford,1,Aged 15 years and under,1,Lives in a household,37014
E06000055,Bedford,1,Aged 15 years and under,2,Lives in a communal establishment,93
E06000055,Bedford,2,Aged 16 to 24 years,1,Lives in a household,17507
E06000055,Bedford,2,Aged 16 to 24 years,2,Lives in a communal establishment,580
E06000055,Bedford,3,Aged 25 to 34 years,1,Lives in a household,25258
E06000055,Bedford,3,Aged 25 to 34 years,2,Lives in a communal establishment,174
E06000055,Bedford,4,Aged 35 to 49 years,1,Lives in a household,38290
E06000055,Bedford,4,Aged 35 to 49 years,2,Lives in a communal establishment,243
E06000055,Bedford,5,Aged 50 to 64 years,1,Lives in a household,34772
E06000055,Bedford,5,Aged 50 to 64 years,2,Lives in a communal establishment,270
E06000055,Bedford,6,Aged 65 years and over,1,Lives in a household,30025
E06000055,Bedford,6,Aged 65 years and over,2,Lives in a communal establishment,999
E06000056,Central Bedfordshire,1,Aged 15 years and under,1,Lives in a household,57487
E06000056,Central Bedfordshire,1,Aged 15 years and under,2,Lives in a communal establishment,5
E06000056,Central Bedfordshire,2,Aged 16 to 24 years,1,Lives in a household,24760
E06000056,Central Bedfordshire,2,Aged 16 to 24 years,2,Lives in a communal establishment,695
E06000056,Central Bedfordshire,3,Aged 25 to 34 years,1,Lives in a household,38695
E06000056,Central Bedfordshire,3,Aged 25 to 34 years,2,Lives in a communal establishment,464
E06000056,Central Bedfordshire,4,Aged 35 to 49 years,1,Lives in a household,59480
E06000056,Central Bedfordshire,4,Aged 35 to 49 years,2,Lives in a communal establishment,168
E06000056,Central Bedfordshire,5,Aged 50 to 64 years,1,Lives in a household,59410
E06000056,Central Bedfordshire,5,Aged 50 to 64 years,2,Lives in a communal establishment,141
E06000056,Central Bedfordshire,6,Aged 65 years and over,1,Lives in a household,51952
E06000056,Central Bedfordshire,6,Aged 65 years and over,2,Lives in a communal establishment,995
E06000057,Northumberland,1,Aged 15 years and under,1,Lives in a household,51640
E06000057,Northumberland,1,Aged 15 years and under,2,Lives in a communal establishment,81
E06000057,Northumberland,2,Aged 16 to 24 years,1,Lives in a household,25883
E06000057,Northumberland,2,Aged 16 to 24 years,2,Lives in a communal establishment,309
E06000057,Northumberland,3,Aged 25 to 34 years,1,Lives in a household,32170
E06000057,Northumberland,3,Aged 25 to 34 years,2,Lives in a communal establishment,693
E06000057,Northumberland,4,Aged 35 to 49 years,1,Lives in a household,53831
E06000057,Northumberland,4,Aged 35 to 49 years,2,Lives in a communal establishment,664
E06000057,Northumberland,5,Aged 50 to 64 years,1,Lives in a household,73276
E06000057,Northumberland,5,Aged 50 to 64 years,2,Lives in a communal establishment,470
E06000057,Northumberland,6,Aged 65 years and over,1,Lives in a household,79302
E06000057,Northumberland,6,Aged 65 years and over,2,Lives in a communal establishment,2248
E06000058,"Bournemouth, Christchurch and Poole",1,Aged 15 years and under,1,Lives in a household,65029
E06000058,"Bournemouth, Christchurch and Poole",1,Aged 15 years and under,2,Lives in a communal establishment,258
E06000058,"Bournemouth, Christchurch and Poole",2,Aged 16 to 24 years,1,Lives in a household,39338
E06000058,"Bournemouth, Christchurch and Poole",2,Aged 16 to 24 years,2,Lives in a communal establishment,5990
E06000058,"Bournemouth, Christchurch and Poole",3,Aged 25 to 34 years,1,Lives in a household,49360
E06000058,"Bournemouth, Christchurch and Poole",3,Aged 25 to 34 years,2,Lives in a communal establishment,645
E06000058,"Bournemouth, Christchurch and Poole",4,Aged 35 to 49 years,1,Lives in a household,75818
E06000058,"Bournemouth, Christchurch and Poole",4,Aged 35 to 49 years,2,Lives in a communal establishment,544
E06000058,"Bournemouth, Christchurch and Poole",5,Aged 50 to 64 years,1,Lives in a household,76263
E06000058,"Bournemouth, Christchurch and Poole",5,Aged 50 to 64 years,2,Lives in a communal establishment,525
E06000058,"Bournemouth, Christchurch and Poole",6,Aged 65 years and over,1,Lives in a household,83859
E06000058,"Bournemouth, Christchurch and Poole",6,Aged 65 years and over,2,Lives in a communal establishment,2567
E06000059,Dorset,1,Aged 15 years and under,1,Lives in a household,56567
E06000059,Dorset,1,Aged 15 years and under,2,Lives in a communal establishment,1110
E06000059,Dorset,2,Aged 16 to 24 years,1,Lives in a household,28317
E06000059,Dorset,2,Aged 16 to 24 years,2,Lives in a communal establishment,1967
E06000059,Dorset,3,Aged 25 to 34 years,1,Lives in a household,34319
E06000059,Dorset,3,Aged 25 to 34 years,2,Lives in a communal establishment,765
E06000059,Dorset,4,Aged 35 to 49 years,1,Lives in a household,58092
E06000059,Dorset,4,Aged 35 to 49 years,2,Lives in a communal establishment,686
E06000059,Dorset,5,Aged 50 to 64 years,1,Lives in a household,84974
E06000059,Dorset,5,Aged 50 to 64 years,2,Lives in a communal establishment,506
E06000059,Dorset,6,Aged 65 years and over,1,Lives in a household,109468
E06000059,Dorset,6,Aged 65 years and over,2,Lives in a communal establishment,2807
E06000060,Buckinghamshire,1,Aged 15 years and under,1,Lives in a household,108909
E06000060,Buckinghamshire,1,Aged 15 years and under,2,Lives in a communal establishment,774
E06000060,Buckinghamshire,2,Aged 16 to 24 years,1,Lives in a household,47394
E06000060,Buckinghamshire,2,Aged 16 to 24 years,2,Lives in a communal establishment,2226
E06000060,Buckinghamshire,3,Aged 25 to 34 years,1,Lives in a household,63823
E06000060,Buckinghamshire,3,Aged 25 to 34 years,2,Lives in a communal establishment,583
E06000060,Buckinghamshire,4,Aged 35 to 49 years,1,Lives in a household,112448
E06000060,Buckinghamshire,4,Aged 35 to 49 years,2,Lives in a communal establishment,621
E06000060,Buckinghamshire,5,Aged 50 to 64 years,1,Lives in a household,112087
E06000060,Buckinghamshire,5,Aged 50 to 64 years,2,Lives in a communal establishment,501
E06000060,Buckinghamshire,6,Aged 65 years and over,1,Lives in a household,101134
E06000060,Buckinghamshire,6,Aged 65 years and over,2,Lives in a communal establishment,2577
E06000061,North Northamptonshire,1,Aged 15 years and under,1,Lives in a household,69830
E06000061,North Northamptonshire,1,Aged 15 years and under,2,Lives in a communal establishment,509
E06000061,North Northamptonshire,2,Aged 16 to 24 years,1,Lives in a household,32677
E06000061,North Northamptonshire,2,Aged 16 to 24 years,2,Lives in a communal establishment,433
E06000061,North Northamptonshire,3,Aged 25 to 34 years,1,Lives in a household,47046
E06000061,North Northamptonshire,3,Aged 25 to 34 years,2,Lives in a communal establishment,183
E06000061,North Northamptonshire,4,Aged 35 to 49 years,1,Lives in a household,71405
E06000061,North Northamptonshire,4,Aged 35 to 49 years,2,Lives in a communal establishment,238
E06000061,North Northamptonshire,5,Aged 50 to 64 years,1,Lives in a household,71592
E06000061,North Northamptonshire,5,Aged 50 to 64 years,2,Lives in a communal establishment,252
E06000061,North Northamptonshire,6,Aged 65 years and over,1,Lives in a household,63545
E06000061,North Northamptonshire,6,Aged 65 years and over,2,Lives in a communal establishment,1812
E06000062,West Northamptonshire,1,Aged 15 years and under,1,Lives in a household,82046
E06000062,West Northamptonshire,1,Aged 15 years and under,2,Lives in a communal establishment,177
E06000062,West Northamptonshire,2,Aged 16 to 24 years,1,Lives in a household,40816
E06000062,West Northamptonshire,2,Aged 16 to 24 years,2,Lives in a communal establishment,2170
E06000062,West Northamptonshire,3,Aged 25 to 34 years,1,Lives in a household,57349
E06000062,West Northamptonshire,3,Aged 25 to 34 years,2,Lives in a communal establishment,784
E06000062,West Northamptonshire,4,Aged 35 to 49 years,1,Lives in a household,86310
E06000062,West Northamptonshire,4,Aged 35 to 49 years,2,Lives in a communal establishment,734
E06000062,West Northamptonshire,5,Aged 50 to 64 years,1,Lives in a household,81986
E06000062,West Northamptonshire,5,Aged 50 to 64 years,2,Lives in a communal establishment,677
E06000062,West Northamptonshire,6,Aged 65 years and over,1,Lives in a household,70722
E06000062,West Northamptonshire,6,Aged 65 years and over,2,Lives in a communal establishment,1954
E07000008,Cambridge,1,Aged 15 years and under,1,Lives in a household,20687
E07000008,Cambridge,1,Aged 15 years and under,2,Lives in a communal establishment,222
E07000008,Cambridge,2,Aged 16 to 24 years,1,Lives in a household,15396
E07000008,Cambridge,2,Aged 16 to 24 years,2,Lives in a communal establishment,15227
E07000008,Cambridge,3,Aged 25 to 34 years,1,Lives in a household,27049
E07000008,Cambridge,3,Aged 25 to 34 years,2,Lives in a communal establishment,2771
E07000008,Cambridge,4,Aged 35 to 49 years,1,Lives in a household,27289
E07000008,Cambridge,4,Aged 35 to 49 years,2,Lives in a communal establishment,368
E07000008,Cambridge,5,Aged 50 to 64 years,1,Lives in a household,19875
E07000008,Cambridge,5,Aged 50 to 64 years,2,Lives in a communal establishment,176
E07000008,Cambridge,6,Aged 65 years and over,1,Lives in a household,16086
E07000008,Cambridge,6,Aged 65 years and over,2,Lives in a communal establishment,528
E07000009,East Cambridgeshire,1,Aged 15 years and under,1,Lives in a household,16255
E07000009,East Cambridgeshire,1,Aged 15 years and under,2,Lives in a communal establishment,79
E07000009,East Cambridgeshire,2,Aged 16 to 24 years,1,Lives in a household,7007
E07000009,East Cambridgeshire,2,Aged 16 to 24 years,2,Lives in a communal establishment,86
E07000009,East Cambridgeshire,3,Aged 25 to 34 years,1,Lives in a household,10128
E07000009,East Cambridgeshire,3,Aged 25 to 34 years,2,Lives in a communal establishment,42
E07000009,East Cambridgeshire,4,Aged 35 to 49 years,1,Lives in a household,17913
E07000009,East Cambridgeshire,4,Aged 35 to 49 years,2,Lives in a communal establishment,77
E07000009,East Cambridgeshire,5,Aged 50 to 64 years,1,Lives in a household,17881
E07000009,East Cambridgeshire,5,Aged 50 to 64 years,2,Lives in a communal establishment,75
E07000009,East Cambridgeshire,6,Aged 65 years and over,1,Lives in a household,17816
E07000009,East Cambridgeshire,6,Aged 65 years and over,2,Lives in a communal establishment,403
E07000010,Fenland,1,Aged 15 years and under,1,Lives in a household,17612
E07000010,Fenland,1,Aged 15 years and under,2,Lives in a communal establishment,18
E07000010,Fenland,2,Aged 16 to 24 years,1,Lives in a household,8956
E07000010,Fenland,2,Aged 16 to 24 years,2,Lives in a communal establishment,92
E07000010,Fenland,3,Aged 25 to 34 years,1,Lives in a household,12504
E07000010,Fenland,3,Aged 25 to 34 years,2,Lives in a communal establishment,200
E07000010,Fenland,4,Aged 35 to 49 years,1,Lives in a household,17888
E07000010,Fenland,4,Aged 35 to 49 years,2,Lives in a communal establishment,236
E07000010,Fenland,5,Aged 50 to 64 years,1,Lives in a household,21381
E07000010,Fenland,5,Aged 50 to 64 years,2,Lives in a communal establishment,174
E07000010,Fenland,6,Aged 65 years and over,1,Lives in a household,22716
E07000010,Fenland,6,Aged 65 years and over,2,Lives in a communal establishment,685
E07000011,Huntingdonshire,1,Aged 15 years and under,1,Lives in a household,32557
E07000011,Huntingdonshire,1,Aged 15 years and under,2,Lives in a communal establishment,14
E07000011,Huntingdonshire,2,Aged 16 to 24 years,1,Lives in a household,15180
E07000011,Huntingdonshire,2,Aged 16 to 24 years,2,Lives in a communal establishment,260
E07000011,Huntingdonshire,3,Aged 25 to 34 years,1,Lives in a household,22452
E07000011,Huntingdonshire,3,Aged 25 to 34 years,2,Lives in a communal establishment,385
E07000011,Huntingdonshire,4,Aged 35 to 49 years,1,Lives in a household,35416
E07000011,Huntingdonshire,4,Aged 35 to 49 years,2,Lives in a communal establishment,415
E07000011,Huntingdonshire,5,Aged 50 to 64 years,1,Lives in a household,37201
E07000011,Huntingdonshire,5,Aged 50 to 64 years,2,Lives in a communal establishment,413
E07000011,Huntingdonshire,6,Aged 65 years and over,1,Lives in a household,35570
E07000011,Huntingdonshire,6,Aged 65 years and over,2,Lives in a communal establishment,968
E07000012,South Cambridgeshire,1,Aged 15 years and under,1,Lives in a household,31726
E07000012,South Cambridgeshire,1,Aged 15 years and under,2,Lives in a communal establishment,32
E07000012,South Cambridgeshire,2,Aged 16 to 24 years,1,Lives in a household,12693
E07000012,South Cambridgeshire,2,Aged 16 to 24 years,2,Lives in a communal establishment,319
E07000012,South Cambridgeshire,3,Aged 25 to 34 years,1,Lives in a household,18331
E07000012,South Cambridgeshire,3,Aged 25 to 34 years,2,Lives in a communal establishment,97
E07000012,South Cambridgeshire,4,Aged 35 to 49 years,1,Lives in a household,34710
E07000012,South Cambridgeshire,4,Aged 35 to 49 years,2,Lives in a communal establishment,112
E07000012,South Cambridgeshire,5,Aged 50 to 64 years,1,Lives in a household,32197
E07000012,South Cambridgeshire,5,Aged 50 to 64 years,2,Lives in a communal establishment,98
E07000012,South Cambridgeshire,6,Aged 65 years and over,1,Lives in a household,31136
E07000012,South Cambridgeshire,6,Aged 65 years and over,2,Lives in a communal establishment,668
E07000026,Allerdale,1,Aged 15 years and under,1,Lives in a household,15607
E07000026,Allerdale,1,Aged 15 years and under,2,Lives in a communal establishment,34
E07000026,Allerdale,2,Aged 16 to 24 years,1,Lives in a household,7959
E07000026,Allerdale,2,Aged 16 to 24 years,2,Lives in a communal establishment,48
E07000026,Allerdale,3,Aged 25 to 34 years,1,Lives in a household,10295
E07000026,Allerdale,3,Aged 25 to 34 years,2,Lives in a communal establishment,32
E07000026,Allerdale,4,Aged 35 to 49 years,1,Lives in a household,15998
E07000026,Allerdale,4,Aged 35 to 49 years,2,Lives in a communal establishment,53
E07000026,Allerdale,5,Aged 50 to 64 years,1,Lives in a household,22188
E07000026,Allerdale,5,Aged 50 to 64 years,2,Lives in a communal establishment,128
E07000026,Allerdale,6,Aged 65 years and over,1,Lives in a household,23126
E07000026,Allerdale,6,Aged 65 years and over,2,Lives in a communal establishment,686
E07000027,Barrow-in-Furness,1,Aged 15 years and under,1,Lives in a household,11572
E07000027,Barrow-in-Furness,1,Aged 15 years and under,2,Lives in a communal establishment,1
E07000027,Barrow-in-Furness,2,Aged 16 to 24 years,1,Lives in a household,6427
E07000027,Barrow-in-Furness,2,Aged 16 to 24 years,2,Lives in a communal establishment,7
E07000027,Barrow-in-Furness,3,Aged 25 to 34 years,1,Lives in a household,8811
E07000027,Barrow-in-Furness,3,Aged 25 to 34 years,2,Lives in a communal establishment,12
E07000027,Barrow-in-Furness,4,Aged 35 to 49 years,1,Lives in a household,11503
E07000027,Barrow-in-Furness,4,Aged 35 to 49 years,2,Lives in a communal establishment,24
E07000027,Barrow-in-Furness,5,Aged 50 to 64 years,1,Lives in a household,14436
E07000027,Barrow-in-Furness,5,Aged 50 to 64 years,2,Lives in a communal establishment,69
E07000027,Barrow-in-Furness,6,Aged 65 years and over,1,Lives in a household,14128
E07000027,Barrow-in-Furness,6,Aged 65 years and over,2,Lives in a communal establishment,417
E07000028,Carlisle,1,Aged 15 years and under,1,Lives in a household,18670
E07000028,Carlisle,1,Aged 15 years and under,2,Lives in a communal establishment,11
E07000028,Carlisle,2,Aged 16 to 24 years,1,Lives in a household,9831
E07000028,Carlisle,2,Aged 16 to 24 years,2,Lives in a communal establishment,407
E07000028,Carlisle,3,Aged 25 to 34 years,1,Lives in a household,13664
E07000028,Carlisle,3,Aged 25 to 34 years,2,Lives in a communal establishment,72
E07000028,Carlisle,4,Aged 35 to 49 years,1,Lives in a household,19722
E07000028,Carlisle,4,Aged 35 to 49 years,2,Lives in a communal establishment,34
E07000028,Carlisle,5,Aged 50 to 64 years,1,Lives in a household,23649
E07000028,Carlisle,5,Aged 50 to 64 years,2,Lives in a communal establishment,85
E07000028,Carlisle,6,Aged 65 years and over,1,Lives in a household,23304
E07000028,Carlisle,6,Aged 65 years and over,2,Lives in a communal establishment,575
E07000029,Copeland,1,Aged 15 years and under,1,Lives in a household,11053
E07000029,Copeland,1,Aged 15 years and under,2,Lives in a communal establishment,15
E07000029,Copeland,2,Aged 16 to 24 years,1,Lives in a household,5692
E07000029,Copeland,2,Aged 16 to 24 years,2,Lives in a communal establishment,13
E07000029,Copeland,3,Aged 25 to 34 years,1,Lives in a household,7651
E07000029,Copeland,3,Aged 25 to 34 years,2,Lives in a communal establishment,62
E07000029,Copeland,4,Aged 35 to 49 years,1,Lives in a household,11195
E07000029,Copeland,4,Aged 35 to 49 years,2,Lives in a communal establishment,116
E07000029,Copeland,5,Aged 50 to 64 years,1,Lives in a household,15588
E07000029,Copeland,5,Aged 50 to 64 years,2,Lives in a communal establishment,161
E07000029,Copeland,6,Aged 65 years and over,1,Lives in a household,15197
E07000029,Copeland,6,Aged 65 years and over,2,Lives in a communal establishment,333
E07000030,Eden,1,Aged 15 years and under,1,Lives in a household,8088
E07000030,Eden,1,Aged 15 years and under,2,Lives in a communal establishment,12
E07000030,Eden,2,Aged 16 to 24 years,1,Lives in a household,4294
E07000030,Eden,2,Aged 16 to 24 years,2,Lives in a communal establishment,53
E07000030,Eden,3,Aged 25 to 34 years,1,Lives in a household,5351
E07000030,Eden,3,Aged 25 to 34 years,2,Lives in a communal establishment,23
E07000030,Eden,4,Aged 35 to 49 years,1,Lives in a household,8938
E07000030,Eden,4,Aged 35 to 49 years,2,Lives in a communal establishment,22
E07000030,Eden,5,Aged 50 to 64 years,1,Lives in a household,13501
E07000030,Eden,5,Aged 50 to 64 years,2,Lives in a communal establishment,50
E07000030,Eden,6,Aged 65 years and over,1,Lives in a household,14243
E07000030,Eden,6,Aged 65 years and over,2,Lives in a communal establishment,159
E07000031,South Lakeland,1,Aged 15 years and under,1,Lives in a household,14277
E07000031,South Lakeland,1,Aged 15 years and under,2,Lives in a communal establishment,470
E07000031,South Lakeland,2,Aged 16 to 24 years,1,Lives in a household,7692
E07000031,South Lakeland,2,Aged 16 to 24 years,2,Lives in a communal establishment,618
E07000031,South Lakeland,3,Aged 25 to 34 years,1,Lives in a household,9988
E07000031,South Lakeland,3,Aged 25 to 34 years,2,Lives in a communal establishment,209
E07000031,South Lakeland,4,Aged 35 to 49 years,1,Lives in a household,16911
E07000031,South Lakeland,4,Aged 35 to 49 years,2,Lives in a communal establishment,181
E07000031,South Lakeland,5,Aged 50 to 64 years,1,Lives in a household,24473
E07000031,South Lakeland,5,Aged 50 to 64 years,2,Lives in a communal establishment,274
E07000031,South Lakeland,6,Aged 65 years and over,1,Lives in a household,28501
E07000031,South Lakeland,6,Aged 65 years and over,2,Lives in a communal establishment,856
E07000032,Amber Valley,1,Aged 15 years and under,1,Lives in a household,21128
E07000032,Amber Valley,1,Aged 15 years and under,2,Lives in a communal establishment,15
E07000032,Amber Valley,2,Aged 16 to 24 years,1,Lives in a household,10740
E07000032,Amber Valley,2,Aged 16 to 24 years,2,Lives in a communal establishment,36
E07000032,Amber Valley,3,Aged 25 to 34 years,1,Lives in a household,14715
E07000032,Amber Valley,3,Aged 25 to 34 years,2,Lives in a communal establishment,30
E07000032,Amber Valley,4,Aged 35 to 49 years,1,Lives in a household,22794
E07000032,Amber Valley,4,Aged 35 to 49 years,2,Lives in a communal establishment,51
E07000032,Amber Valley,5,Aged 50 to 64 years,1,Lives in a household,28113
E07000032,Amber Valley,5,Aged 50 to 64 years,2,Lives in a communal establishment,107
E07000032,Amber Valley,6,Aged 65 years and over,1,Lives in a household,27706
E07000032,Amber Valley,6,Aged 65 years and over,2,Lives in a communal establishment,771
E07000033,Bolsover,1,Aged 15 years and under,1,Lives in a household,13995
E07000033,Bolsover,1,Aged 15 years and under,2,Lives in a communal establishment,0
E07000033,Bolsover,2,Aged 16 to 24 years,1,Lives in a household,7167
E07000033,Bolsover,2,Aged 16 to 24 years,2,Lives in a communal establishment,4
E07000033,Bolsover,3,Aged 25 to 34 years,1,Lives in a household,10635
E07000033,Bolsover,3,Aged 25 to 34 years,2,Lives in a communal establishment,29
E07000033,Bolsover,4,Aged 35 to 49 years,1,Lives in a household,14449
E07000033,Bolsover,4,Aged 35 to 49 years,2,Lives in a communal establishment,60
E07000033,Bolsover,5,Aged 50 to 64 years,1,Lives in a household,17628
E07000033,Bolsover,5,Aged 50 to 64 years,2,Lives in a communal establishment,97
E07000033,Bolsover,6,Aged 65 years and over,1,Lives in a household,15755
E07000033,Bolsover,6,Aged 65 years and over,2,Lives in a communal establishment,455
E07000034,Chesterfield,1,Aged 15 years and under,1,Lives in a household,17562
E07000034,Chesterfield,1,Aged 15 years and under,2,Lives in a communal establishment,6
E07000034,Chesterfield,2,Aged 16 to 24 years,1,Lives in a household,9110
E07000034,Chesterfield,2,Aged 16 to 24 years,2,Lives in a communal establishment,45
E07000034,Chesterfield,3,Aged 25 to 34 years,1,Lives in a household,13007
E07000034,Chesterfield,3,Aged 25 to 34 years,2,Lives in a communal establishment,56
E07000034,Chesterfield,4,Aged 35 to 49 years,1,Lives in a household,18803
E07000034,Chesterfield,4,Aged 35 to 49 years,2,Lives in a communal establishment,58
E07000034,Chesterfield,5,Aged 50 to 64 years,1,Lives in a household,22418
E07000034,Chesterfield,5,Aged 50 to 64 years,2,Lives in a communal establishment,122
E07000034,Chesterfield,6,Aged 65 years and over,1,Lives in a household,21746
E07000034,Chesterfield,6,Aged 65 years and over,2,Lives in a communal establishment,638
E07000035,Derbyshire Dales,1,Aged 15 years and under,1,Lives in a household,10436
E07000035,Derbyshire Dales,1,Aged 15 years and under,2,Lives in a communal establishment,44
E07000035,Derbyshire Dales,2,Aged 16 to 24 years,1,Lives in a household,5406
E07000035,Derbyshire Dales,2,Aged 16 to 24 years,2,Lives in a communal establishment,114
E07000035,Derbyshire Dales,3,Aged 25 to 34 years,1,Lives in a household,5924
E07000035,Derbyshire Dales,3,Aged 25 to 34 years,2,Lives in a communal establishment,206
E07000035,Derbyshire Dales,4,Aged 35 to 49 years,1,Lives in a household,11349
E07000035,Derbyshire Dales,4,Aged 35 to 49 years,2,Lives in a communal establishment,181
E07000035,Derbyshire Dales,5,Aged 50 to 64 years,1,Lives in a household,17756
E07000035,Derbyshire Dales,5,Aged 50 to 64 years,2,Lives in a communal establishment,105
E07000035,Derbyshire Dales,6,Aged 65 years and over,1,Lives in a household,19558
E07000035,Derbyshire Dales,6,Aged 65 years and over,2,Lives in a communal establishment,461
E07000036,Erewash,1,Aged 15 years and under,1,Lives in a household,19353
E07000036,Erewash,1,Aged 15 years and under,2,Lives in a communal establishment,26
E07000036,Erewash,2,Aged 16 to 24 years,1,Lives in a household,10160
E07000036,Erewash,2,Aged 16 to 24 years,2,Lives in a communal establishment,77
E07000036,Erewash,3,Aged 25 to 34 years,1,Lives in a household,14511
E07000036,Erewash,3,Aged 25 to 34 years,2,Lives in a communal establishment,29
E07000036,Erewash,4,Aged 35 to 49 years,1,Lives in a household,20894
E07000036,Erewash,4,Aged 35 to 49 years,2,Lives in a communal establishment,48
E07000036,Erewash,5,Aged 50 to 64 years,1,Lives in a household,24262
E07000036,Erewash,5,Aged 50 to 64 years,2,Lives in a communal establishment,59
E07000036,Erewash,6,Aged 65 years and over,1,Lives in a household,22949
E07000036,Erewash,6,Aged 65 years and over,2,Lives in a communal establishment,537
E07000037,High Peak,1,Aged 15 years and under,1,Lives in a household,15252
E07000037,High Peak,1,Aged 15 years and under,2,Lives in a communal establishment,21
E07000037,High Peak,2,Aged 16 to 24 years,1,Lives in a household,7596
E07000037,High Peak,2,Aged 16 to 24 years,2,Lives in a communal establishment,65
E07000037,High Peak,3,Aged 25 to 34 years,1,Lives in a household,10148
E07000037,High Peak,3,Aged 25 to 34 years,2,Lives in a communal establishment,25
E07000037,High Peak,4,Aged 35 to 49 years,1,Lives in a household,16353
E07000037,High Peak,4,Aged 35 to 49 years,2,Lives in a communal establishment,37
E07000037,High Peak,5,Aged 50 to 64 years,1,Lives in a household,21553
E07000037,High Peak,5,Aged 50 to 64 years,2,Lives in a communal establishment,41
E07000037,High Peak,6,Aged 65 years and over,1,Lives in a household,19372
E07000037,High Peak,6,Aged 65 years and over,2,Lives in a communal establishment,471
E07000038,North East Derbyshire,1,Aged 15 years and under,1,Lives in a household,16725
E07000038,North East Derbyshire,1,Aged 15 years and under,2,Lives in a communal establishment,2
E07000038,North East Derbyshire,2,Aged 16 to 24 years,1,Lives in a household,8348
E07000038,North East Derbyshire,2,Aged 16 to 24 years,2,Lives in a communal establishment,28
E07000038,North East Derbyshire,3,Aged 25 to 34 years,1,Lives in a household,11323
E07000038,North East Derbyshire,3,Aged 25 to 34 years,2,Lives in a communal establishment,12
E07000038,North East Derbyshire,4,Aged 35 to 49 years,1,Lives in a household,17522
E07000038,North East Derbyshire,4,Aged 35 to 49 years,2,Lives in a communal establishment,18
E07000038,North East Derbyshire,5,Aged 50 to 64 years,1,Lives in a household,22638
E07000038,North East Derbyshire,5,Aged 50 to 64 years,2,Lives in a communal establishment,58
E07000038,North East Derbyshire,6,Aged 65 years and over,1,Lives in a household,24736
E07000038,North East Derbyshire,6,Aged 65 years and over,2,Lives in a communal establishment,595
E07000039,South Derbyshire,1,Aged 15 years and under,1,Lives in a household,20049
E07000039,South Derbyshire,1,Aged 15 years and under,2,Lives in a communal establishment,206
E07000039,South Derbyshire,2,Aged 16 to 24 years,1,Lives in a household,9304
E07000039,South Derbyshire,2,Aged 16 to 24 years,2,Lives in a communal establishment,246
E07000039,South Derbyshire,3,Aged 25 to 34 years,1,Lives in a household,13963
E07000039,South Derbyshire,3,Aged 25 to 34 years,2,Lives in a communal establishment,86
E07000039,South Derbyshire,4,Aged 35 to 49 years,1,Lives in a household,20767
E07000039,South Derbyshire,4,Aged 35 to 49 years,2,Lives in a communal establishment,156
E07000039,South Derbyshire,5,Aged 50 to 64 years,1,Lives in a household,22379
E07000039,South Derbyshire,5,Aged 50 to 64 years,2,Lives in a communal establishment,115
E07000039,South Derbyshire,6,Aged 65 years and over,1,Lives in a household,19417
E07000039,South Derbyshire,6,Aged 65 years and over,2,Lives in a communal establishment,521
E07000040,East Devon,1,Aged 15 years and under,1,Lives in a household,23409
E07000040,East Devon,1,Aged 15 years and under,2,Lives in a communal establishment,30
E07000040,East Devon,2,Aged 16 to 24 years,1,Lives in a household,11160
E07000040,East Devon,2,Aged 16 to 24 years,2,Lives in a communal establishment,624
E07000040,East Devon,3,Aged 25 to 34 years,1,Lives in a household,14048
E07000040,East Devon,3,Aged 25 to 34 years,2,Lives in a communal establishment,269
E07000040,East Devon,4,Aged 35 to 49 years,1,Lives in a household,23916
E07000040,East Devon,4,Aged 35 to 49 years,2,Lives in a communal establishment,114
E07000040,East Devon,5,Aged 50 to 64 years,1,Lives in a household,31928
E07000040,East Devon,5,Aged 50 to 64 years,2,Lives in a communal establishment,106
E07000040,East Devon,6,Aged 65 years and over,1,Lives in a household,43908
E07000040,East Devon,6,Aged 65 years and over,2,Lives in a communal establishment,1316
E07000041,Exeter,1,Aged 15 years and under,1,Lives in a household,19350
E07000041,Exeter,1,Aged 15 years and under,2,Lives in a communal establishment,28
E07000041,Exeter,2,Aged 16 to 24 years,1,Lives in a household,18894
E07000041,Exeter,2,Aged 16 to 24 years,2,Lives in a communal establishment,8046
E07000041,Exeter,3,Aged 25 to 34 years,1,Lives in a household,17351
E07000041,Exeter,3,Aged 25 to 34 years,2,Lives in a communal establishment,641
E07000041,Exeter,4,Aged 35 to 49 years,1,Lives in a household,22904
E07000041,Exeter,4,Aged 35 to 49 years,2,Lives in a communal establishment,262
E07000041,Exeter,5,Aged 50 to 64 years,1,Lives in a household,21356
E07000041,Exeter,5,Aged 50 to 64 years,2,Lives in a communal establishment,151
E07000041,Exeter,6,Aged 65 years and over,1,Lives in a household,21085
E07000041,Exeter,6,Aged 65 years and over,2,Lives in a communal establishment,641
E07000042,Mid Devon,1,Aged 15 years and under,1,Lives in a household,14579
E07000042,Mid Devon,1,Aged 15 years and under,2,Lives in a communal establishment,68
E07000042,Mid Devon,2,Aged 16 to 24 years,1,Lives in a household,6889
E07000042,Mid Devon,2,Aged 16 to 24 years,2,Lives in a communal establishment,126
E07000042,Mid Devon,3,Aged 25 to 34 years,1,Lives in a household,8581
E07000042,Mid Devon,3,Aged 25 to 34 years,2,Lives in a communal establishment,29
E07000042,Mid Devon,4,Aged 35 to 49 years,1,Lives in a household,14451
E07000042,Mid Devon,4,Aged 35 to 49 years,2,Lives in a communal establishment,43
E07000042,Mid Devon,5,Aged 50 to 64 years,1,Lives in a household,18146
E07000042,Mid Devon,5,Aged 50 to 64 years,2,Lives in a communal establishment,53
E07000042,Mid Devon,6,Aged 65 years and over,1,Lives in a household,19538
E07000042,Mid Devon,6,Aged 65 years and over,2,Lives in a communal establishment,349
E07000043,North Devon,1,Aged 15 years and under,1,Lives in a household,16374
E07000043,North Devon,1,Aged 15 years and under,2,Lives in a communal establishment,44
E07000043,North Devon,2,Aged 16 to 24 years,1,Lives in a household,7919
E07000043,North Devon,2,Aged 16 to 24 years,2,Lives in a communal establishment,244
E07000043,North Devon,3,Aged 25 to 34 years,1,Lives in a household,10224
E07000043,North Devon,3,Aged 25 to 34 years,2,Lives in a communal establishment,197
E07000043,North Devon,4,Aged 35 to 49 years,1,Lives in a household,16180
E07000043,North Devon,4,Aged 35 to 49 years,2,Lives in a communal establishment,110
E07000043,North Devon,5,Aged 50 to 64 years,1,Lives in a household,21697
E07000043,North Devon,5,Aged 50 to 64 years,2,Lives in a communal establishment,168
E07000043,North Devon,6,Aged 65 years and over,1,Lives in a household,24722
E07000043,North Devon,6,Aged 65 years and over,2,Lives in a communal establishment,732
E07000044,South Hams,1,Aged 15 years and under,1,Lives in a household,13651
E07000044,South Hams,1,Aged 15 years and under,2,Lives in a communal establishment,8
E07000044,South Hams,2,Aged 16 to 24 years,1,Lives in a household,6551
E07000044,South Hams,2,Aged 16 to 24 years,2,Lives in a communal establishment,120
E07000044,South Hams,3,Aged 25 to 34 years,1,Lives in a household,7920
E07000044,South Hams,3,Aged 25 to 34 years,2,Lives in a communal establishment,92
E07000044,South Hams,4,Aged 35 to 49 years,1,Lives in a household,14102
E07000044,South Hams,4,Aged 35 to 49 years,2,Lives in a communal establishment,58
E07000044,South Hams,5,Aged 50 to 64 years,1,Lives in a household,20985
E07000044,South Hams,5,Aged 50 to 64 years,2,Lives in a communal establishment,58
E07000044,South Hams,6,Aged 65 years and over,1,Lives in a household,24508
E07000044,South Hams,6,Aged 65 years and over,2,Lives in a communal establishment,573
E07000045,Teignbridge,1,Aged 15 years and under,1,Lives in a household,21304
E07000045,Teignbridge,1,Aged 15 years and under,2,Lives in a communal establishment,38
E07000045,Teignbridge,2,Aged 16 to 24 years,1,Lives in a household,10397
E07000045,Teignbridge,2,Aged 16 to 24 years,2,Lives in a communal establishment,114
E07000045,Teignbridge,3,Aged 25 to 34 years,1,Lives in a household,13347
E07000045,Teignbridge,3,Aged 25 to 34 years,2,Lives in a communal establishment,294
E07000045,Teignbridge,4,Aged 35 to 49 years,1,Lives in a household,22123
E07000045,Teignbridge,4,Aged 35 to 49 years,2,Lives in a communal establishment,304
E07000045,Teignbridge,5,Aged 50 to 64 years,1,Lives in a household,30205
E07000045,Teignbridge,5,Aged 50 to 64 years,2,Lives in a communal establishment,240
E07000045,Teignbridge,6,Aged 65 years and over,1,Lives in a household,35320
E07000045,Teignbridge,6,Aged 65 years and over,2,Lives in a communal establishment,1114
E07000046,Torridge,1,Aged 15 years and under,1,Lives in a household,10504
E07000046,Torridge,1,Aged 15 years and under,2,Lives in a communal establishment,51
E07000046,Torridge,2,Aged 16 to 24 years,1,Lives in a household,5161
E07000046,Torridge,2,Aged 16 to 24 years,2,Lives in a communal establishment,81
E07000046,Torridge,3,Aged 25 to 34 years,1,Lives in a household,6473
E07000046,Torridge,3,Aged 25 to 34 years,2,Lives in a communal establishment,34
E07000046,Torridge,4,Aged 35 to 49 years,1,Lives in a household,10424
E07000046,Torridge,4,Aged 35 to 49 years,2,Lives in a communal establishment,36
E07000046,Torridge,5,Aged 50 to 64 years,1,Lives in a household,15966
E07000046,Torridge,5,Aged 50 to 64 years,2,Lives in a communal establishment,61
E07000046,Torridge,6,Aged 65 years and over,1,Lives in a household,18796
E07000046,Torridge,6,Aged 65 years and over,2,Lives in a communal establishment,525
E07000047,West Devon,1,Aged 15 years and under,1,Lives in a household,8611
E07000047,West Devon,1,Aged 15 years and under,2,Lives in a communal establishment,122
E07000047,West Devon,2,Aged 16 to 24 years,1,Lives in a household,4204
E07000047,West Devon,2,Aged 16 to 24 years,2,Lives in a communal establishment,170
E07000047,West Devon,3,Aged 25 to 34 years,1,Lives in a household,4866
E07000047,West Devon,3,Aged 25 to 34 years,2,Lives in a communal establishment,202
E07000047,West Devon,4,Aged 35 to 49 years,1,Lives in a household,8769
E07000047,West Devon,4,Aged 35 to 49 years,2,Lives in a communal establishment,235
E07000047,West Devon,5,Aged 50 to 64 years,1,Lives in a household,13473
E07000047,West Devon,5,Aged 50 to 64 years,2,Lives in a communal establishment,174
E07000047,West Devon,6,Aged 65 years and over,1,Lives in a household,15728
E07000047,West Devon,6,Aged 65 years and over,2,Lives in a communal establishment,543
E07000061,Eastbourne,1,Aged 15 years and under,1,Lives in a household,16977
E07000061,Eastbourne,1,Aged 15 years and under,2,Lives in a communal establishment,133
E07000061,Eastbourne,2,Aged 16 to 24 years,1,Lives in a household,9079
E07000061,Eastbourne,2,Aged 16 to 24 years,2,Lives in a communal establishment,405
E07000061,Eastbourne,3,Aged 25 to 34 years,1,Lives in a household,11633
E07000061,Eastbourne,3,Aged 25 to 34 years,2,Lives in a communal establishment,108
E07000061,Eastbourne,4,Aged 35 to 49 years,1,Lives in a household,17936
E07000061,Eastbourne,4,Aged 35 to 49 years,2,Lives in a communal establishment,126
E07000061,Eastbourne,5,Aged 50 to 64 years,1,Lives in a household,20168
E07000061,Eastbourne,5,Aged 50 to 64 years,2,Lives in a communal establishment,202
E07000061,Eastbourne,6,Aged 65 years and over,1,Lives in a household,23876
E07000061,Eastbourne,6,Aged 65 years and over,2,Lives in a communal establishment,1043
E07000062,Hastings,1,Aged 15 years and under,1,Lives in a household,16263
E07000062,Hastings,1,Aged 15 years and under,2,Lives in a communal establishment,28
E07000062,Hastings,2,Aged 16 to 24 years,1,Lives in a household,8054
E07000062,Hastings,2,Aged 16 to 24 years,2,Lives in a communal establishment,85
E07000062,Hastings,3,Aged 25 to 34 years,1,Lives in a household,11308
E07000062,Hastings,3,Aged 25 to 34 years,2,Lives in a communal establishment,64
E07000062,Hastings,4,Aged 35 to 49 years,1,Lives in a household,16925
E07000062,Hastings,4,Aged 35 to 49 years,2,Lives in a communal establishment,138
E07000062,Hastings,5,Aged 50 to 64 years,1,Lives in a household,19516
E07000062,Hastings,5,Aged 50 to 64 years,2,Lives in a communal establishment,195
E07000062,Hastings,6,Aged 65 years and over,1,Lives in a household,17571
E07000062,Hastings,6,Aged 65 years and over,2,Lives in a communal establishment,848
E07000063,Lewes,1,Aged 15 years and under,1,Lives in a household,16662
E07000063,Lewes,1,Aged 15 years and under,2,Lives in a communal establishment,21
E07000063,Lewes,2,Aged 16 to 24 years,1,Lives in a household,8036
E07000063,Lewes,2,Aged 16 to 24 years,2,Lives in a communal establishment,208
E07000063,Lewes,3,Aged 25 to 34 years,1,Lives in a household,9342
E07000063,Lewes,3,Aged 25 to 34 years,2,Lives in a communal establishment,167
E07000063,Lewes,4,Aged 35 to 49 years,1,Lives in a household,17208
E07000063,Lewes,4,Aged 35 to 49 years,2,Lives in a communal establishment,151
E07000063,Lewes,5,Aged 50 to 64 years,1,Lives in a household,21534
E07000063,Lewes,5,Aged 50 to 64 years,2,Lives in a communal establishment,114
E07000063,Lewes,6,Aged 65 years and over,1,Lives in a household,25618
E07000063,Lewes,6,Aged 65 years and over,2,Lives in a communal establishment,840
E07000064,Rother,1,Aged 15 years and under,1,Lives in a household,13449
E07000064,Rother,1,Aged 15 years and under,2,Lives in a communal establishment,172
E07000064,Rother,2,Aged 16 to 24 years,1,Lives in a household,6947
E07000064,Rother,2,Aged 16 to 24 years,2,Lives in a communal establishment,203
E07000064,Rother,3,Aged 25 to 34 years,1,Lives in a household,7945
E07000064,Rother,3,Aged 25 to 34 years,2,Lives in a communal establishment,99
E07000064,Rother,4,Aged 35 to 49 years,1,Lives in a household,13086
E07000064,Rother,4,Aged 35 to 49 years,2,Lives in a communal establishment,144
E07000064,Rother,5,Aged 50 to 64 years,1,Lives in a household,20683
E07000064,Rother,5,Aged 50 to 64 years,2,Lives in a communal establishment,189
E07000064,Rother,6,Aged 65 years and over,1,Lives in a household,29200
E07000064,Rother,6,Aged 65 years and over,2,Lives in a communal establishment,991
E07000065,Wealden,1,Aged 15 years and under,1,Lives in a household,26301
E07000065,Wealden,1,Aged 15 years and under,2,Lives in a communal establishment,202
E07000065,Wealden,2,Aged 16 to 24 years,1,Lives in a household,12692
E07000065,Wealden,2,Aged 16 to 24 years,2,Lives in a communal establishment,235
E07000065,Wealden,3,Aged 25 to 34 years,1,Lives in a household,15251
E07000065,Wealden,3,Aged 25 to 34 years,2,Lives in a communal establishment,143
E07000065,Wealden,4,Aged 35 to 49 years,1,Lives in a household,26264
E07000065,Wealden,4,Aged 35 to 49 years,2,Lives in a communal establishment,190
E07000065,Wealden,5,Aged 50 to 64 years,1,Lives in a household,36096
E07000065,Wealden,5,Aged 50 to 64 years,2,Lives in a communal establishment,289
E07000065,Wealden,6,Aged 65 years and over,1,Lives in a household,41218
E07000065,Wealden,6,Aged 65 years and over,2,Lives in a communal establishment,1270
E07000066,Basildon,1,Aged 15 years and under,1,Lives in a household,38905
E07000066,Basildon,1,Aged 15 years and under,2,Lives in a communal establishment,4
E07000066,Basildon,2,Aged 16 to 24 years,1,Lives in a household,17578
E07000066,Basildon,2,Aged 16 to 24 years,2,Lives in a communal establishment,47
E07000066,Basildon,3,Aged 25 to 34 years,1,Lives in a household,26201
E07000066,Basildon,3,Aged 25 to 34 years,2,Lives in a communal establishment,54
E07000066,Basildon,4,Aged 35 to 49 years,1,Lives in a household,37049
E07000066,Basildon,4,Aged 35 to 49 years,2,Lives in a communal establishment,56
E07000066,Basildon,5,Aged 50 to 64 years,1,Lives in a household,35700
E07000066,Basildon,5,Aged 50 to 64 years,2,Lives in a communal establishment,80
E07000066,Basildon,6,Aged 65 years and over,1,Lives in a household,31350
E07000066,Basildon,6,Aged 65 years and over,2,Lives in a communal establishment,547
E07000067,Braintree,1,Aged 15 years and under,1,Lives in a household,28690
E07000067,Braintree,1,Aged 15 years and under,2,Lives in a communal establishment,9
E07000067,Braintree,2,Aged 16 to 24 years,1,Lives in a household,13765
E07000067,Braintree,2,Aged 16 to 24 years,2,Lives in a communal establishment,66
E07000067,Braintree,3,Aged 25 to 34 years,1,Lives in a household,19018
E07000067,Braintree,3,Aged 25 to 34 years,2,Lives in a communal establishment,77
E07000067,Braintree,4,Aged 35 to 49 years,1,Lives in a household,29534
E07000067,Braintree,4,Aged 35 to 49 years,2,Lives in a communal establishment,81
E07000067,Braintree,5,Aged 50 to 64 years,1,Lives in a household,32170
E07000067,Braintree,5,Aged 50 to 64 years,2,Lives in a communal establishment,112
E07000067,Braintree,6,Aged 65 years and over,1,Lives in a household,30860
E07000067,Braintree,6,Aged 65 years and over,2,Lives in a communal establishment,887
E07000068,Brentwood,1,Aged 15 years and under,1,Lives in a household,14160
E07000068,Brentwood,1,Aged 15 years and under,2,Lives in a communal establishment,20
E07000068,Brentwood,2,Aged 16 to 24 years,1,Lives in a household,6647
E07000068,Brentwood,2,Aged 16 to 24 years,2,Lives in a communal establishment,53
E07000068,Brentwood,3,Aged 25 to 34 years,1,Lives in a household,9855
E07000068,Brentwood,3,Aged 25 to 34 years,2,Lives in a communal establishment,12
E07000068,Brentwood,4,Aged 35 to 49 years,1,Lives in a household,15029
E07000068,Brentwood,4,Aged 35 to 49 years,2,Lives in a communal establishment,27
E07000068,Brentwood,5,Aged 50 to 64 years,1,Lives in a household,15679
E07000068,Brentwood,5,Aged 50 to 64 years,2,Lives in a communal establishment,30
E07000068,Brentwood,6,Aged 65 years and over,1,Lives in a household,15051
E07000068,Brentwood,6,Aged 65 years and over,2,Lives in a communal establishment,483
E07000069,Castle Point,1,Aged 15 years and under,1,Lives in a household,15175
E07000069,Castle Point,1,Aged 15 years and under,2,Lives in a communal establishment,0
E07000069,Castle Point,2,Aged 16 to 24 years,1,Lives in a household,8182
E07000069,Castle Point,2,Aged 16 to 24 years,2,Lives in a communal establishment,8
E07000069,Castle Point,3,Aged 25 to 34 years,1,Lives in a household,9822
E07000069,Castle Point,3,Aged 25 to 34 years,2,Lives in a communal establishment,3
E07000069,Castle Point,4,Aged 35 to 49 years,1,Lives in a household,15256
E07000069,Castle Point,4,Aged 35 to 49 years,2,Lives in a communal establishment,12
E07000069,Castle Point,5,Aged 50 to 64 years,1,Lives in a household,18504
E07000069,Castle Point,5,Aged 50 to 64 years,2,Lives in a communal establishment,26
E07000069,Castle Point,6,Aged 65 years and over,1,Lives in a household,22214
E07000069,Castle Point,6,Aged 65 years and over,2,Lives in a communal establishment,385
E07000070,Chelmsford,1,Aged 15 years and under,1,Lives in a household,33677
E07000070,Chelmsford,1,Aged 15 years and under,2,Lives in a communal establishment,109
E07000070,Chelmsford,2,Aged 16 to 24 years,1,Lives in a household,15931
E07000070,Chelmsford,2,Aged 16 to 24 years,2,Lives in a communal establishment,787
E07000070,Chelmsford,3,Aged 25 to 34 years,1,Lives in a household,23533
E07000070,Chelmsford,3,Aged 25 to 34 years,2,Lives in a communal establishment,306
E07000070,Chelmsford,4,Aged 35 to 49 years,1,Lives in a household,36567
E07000070,Chelmsford,4,Aged 35 to 49 years,2,Lives in a communal establishment,323
E07000070,Chelmsford,5,Aged 50 to 64 years,1,Lives in a household,34940
E07000070,Chelmsford,5,Aged 50 to 64 years,2,Lives in a communal establishment,194
E07000070,Chelmsford,6,Aged 65 years and over,1,Lives in a household,34440
E07000070,Chelmsford,6,Aged 65 years and over,2,Lives in a communal establishment,717
E07000071,Colchester,1,Aged 15 years and under,1,Lives in a household,36357
E07000071,Colchester,1,Aged 15 years and under,2,Lives in a communal establishment,16
E07000071,Colchester,2,Aged 16 to 24 years,1,Lives in a household,19642
E07000071,Colchester,2,Aged 16 to 24 years,2,Lives in a communal establishment,3359
E07000071,Colchester,3,Aged 25 to 34 years,1,Lives in a household,25660
E07000071,Colchester,3,Aged 25 to 34 years,2,Lives in a communal establishment,423
E07000071,Colchester,4,Aged 35 to 49 years,1,Lives in a household,37696
E07000071,Colchester,4,Aged 35 to 49 years,2,Lives in a communal establishment,203
E07000071,Colchester,5,Aged 50 to 64 years,1,Lives in a household,34861
E07000071,Colchester,5,Aged 50 to 64 years,2,Lives in a communal establishment,185
E07000071,Colchester,6,Aged 65 years and over,1,Lives in a household,33402
E07000071,Colchester,6,Aged 65 years and over,2,Lives in a communal establishment,912
E07000072,Epping Forest,1,Aged 15 years and under,1,Lives in a household,24996
E07000072,Epping Forest,1,Aged 15 years and under,2,Lives in a communal establishment,51
E07000072,Epping Forest,2,Aged 16 to 24 years,1,Lives in a household,12308
E07000072,Epping Forest,2,Aged 16 to 24 years,2,Lives in a communal establishment,26
E07000072,Epping Forest,3,Aged 25 to 34 years,1,Lives in a household,16405
E07000072,Epping Forest,3,Aged 25 to 34 years,2,Lives in a communal establishment,29
E07000072,Epping Forest,4,Aged 35 to 49 years,1,Lives in a household,26937
E07000072,Epping Forest,4,Aged 35 to 49 years,2,Lives in a communal establishment,52
E07000072,Epping Forest,5,Aged 50 to 64 years,1,Lives in a household,27822
E07000072,Epping Forest,5,Aged 50 to 64 years,2,Lives in a communal establishment,88
E07000072,Epping Forest,6,Aged 65 years and over,1,Lives in a household,25491
E07000072,Epping Forest,6,Aged 65 years and over,2,Lives in a communal establishment,775
E07000073,Harlow,1,Aged 15 years and under,1,Lives in a household,20226
E07000073,Harlow,1,Aged 15 years and under,2,Lives in a communal establishment,0
E07000073,Harlow,2,Aged 16 to 24 years,1,Lives in a household,8858
E07000073,Harlow,2,Aged 16 to 24 years,2,Lives in a communal establishment,25
E07000073,Harlow,3,Aged 25 to 34 years,1,Lives in a household,14167
E07000073,Harlow,3,Aged 25 to 34 years,2,Lives in a communal establishment,12
E07000073,Harlow,4,Aged 35 to 49 years,1,Lives in a household,19545
E07000073,Harlow,4,Aged 35 to 49 years,2,Lives in a communal establishment,30
E07000073,Harlow,5,Aged 50 to 64 years,1,Lives in a household,16802
E07000073,Harlow,5,Aged 50 to 64 years,2,Lives in a communal establishment,48
E07000073,Harlow,6,Aged 65 years and over,1,Lives in a household,13374
E07000073,Harlow,6,Aged 65 years and over,2,Lives in a communal establishment,240
E07000074,Maldon,1,Aged 15 years and under,1,Lives in a household,10780
E07000074,Maldon,1,Aged 15 years and under,2,Lives in a communal establishment,0
E07000074,Maldon,2,Aged 16 to 24 years,1,Lives in a household,5807
E07000074,Maldon,2,Aged 16 to 24 years,2,Lives in a communal establishment,10
E07000074,Maldon,3,Aged 25 to 34 years,1,Lives in a household,6708
E07000074,Maldon,3,Aged 25 to 34 years,2,Lives in a communal establishment,27
E07000074,Maldon,4,Aged 35 to 49 years,1,Lives in a household,10956
E07000074,Maldon,4,Aged 35 to 49 years,2,Lives in a communal establishment,49
E07000074,Maldon,5,Aged 50 to 64 years,1,Lives in a household,15290
E07000074,Maldon,5,Aged 50 to 64 years,2,Lives in a communal establishment,27
E07000074,Maldon,6,Aged 65 years and over,1,Lives in a household,16178
E07000074,Maldon,6,Aged 65 years and over,2,Lives in a communal establishment,374
E07000075,Rochford,1,Aged 15 years and under,1,Lives in a household,14951
E07000075,Rochford,1,Aged 15 years and under,2,Lives in a communal establishment,0
E07000075,Rochford,2,Aged 16 to 24 years,1,Lives in a household,7709
E07000075,Rochford,2,Aged 16 to 24 years,2,Lives in a communal establishment,4
E07000075,Rochford,3,Aged 25 to 34 years,1,Lives in a household,9135
E07000075,Rochford,3,Aged 25 to 34 years,2,Lives in a communal establishment,9
E07000075,Rochford,4,Aged 35 to 49 years,1,Lives in a household,15482
E07000075,Rochford,4,Aged 35 to 49 years,2,Lives in a communal establishment,6
E07000075,Rochford,5,Aged 50 to 64 years,1,Lives in a household,18337
E07000075,Rochford,5,Aged 50 to 64 years,2,Lives in a communal establishment,32
E07000075,Rochford,6,Aged 65 years and over,1,Lives in a household,19755
E07000075,Rochford,6,Aged 65 years and over,2,Lives in a communal establishment,244
E07000076,Tendring,1,Aged 15 years and under,1,Lives in a household,23397
E07000076,Tendring,1,Aged 15 years and under,2,Lives in a communal establishment,4
E07000076,Tendring,2,Aged 16 to 24 years,1,Lives in a household,12202
E07000076,Tendring,2,Aged 16 to 24 years,2,Lives in a communal establishment,26
E07000076,Tendring,3,Aged 25 to 34 years,1,Lives in a household,14746
E07000076,Tendring,3,Aged 25 to 34 years,2,Lives in a communal establishment,51
E07000076,Tendring,4,Aged 35 to 49 years,1,Lives in a household,21890
E07000076,Tendring,4,Aged 35 to 49 years,2,Lives in a communal establishment,131
E07000076,Tendring,5,Aged 50 to 64 years,1,Lives in a household,31697
E07000076,Tendring,5,Aged 50 to 64 years,2,Lives in a communal establishment,277
E07000076,Tendring,6,Aged 65 years and over,1,Lives in a household,42705
E07000076,Tendring,6,Aged 65 years and over,2,Lives in a communal establishment,1167
E07000077,Uttlesford,1,Aged 15 years and under,1,Lives in a household,17755
E07000077,Uttlesford,1,Aged 15 years and under,2,Lives in a communal establishment,65
E07000077,Uttlesford,2,Aged 16 to 24 years,1,Lives in a household,7600
E07000077,Uttlesford,2,Aged 16 to 24 years,2,Lives in a communal establishment,149
E07000077,Uttlesford,3,Aged 25 to 34 years,1,Lives in a household,9493
E07000077,Uttlesford,3,Aged 25 to 34 years,2,Lives in a communal establishment,63
E07000077,Uttlesford,4,Aged 35 to 49 years,1,Lives in a household,17981
E07000077,Uttlesford,4,Aged 35 to 49 years,2,Lives in a communal establishment,56
E07000077,Uttlesford,5,Aged 50 to 64 years,1,Lives in a household,19717
E07000077,Uttlesford,5,Aged 50 to 64 years,2,Lives in a communal establishment,33
E07000077,Uttlesford,6,Aged 65 years and over,1,Lives in a household,17927
E07000077,Uttlesford,6,Aged 65 years and over,2,Lives in a communal establishment,502
E07000078,Cheltenham,1,Aged 15 years and under,1,Lives in a household,19691
E07000078,Cheltenham,1,Aged 15 years and under,2,Lives in a communal establishment,709
E07000078,Cheltenham,2,Aged 16 to 24 years,1,Lives in a household,11720
E07000078,Cheltenham,2,Aged 16 to 24 years,2,Lives in a communal establishment,1606
E07000078,Cheltenham,3,Aged 25 to 34 years,1,Lives in a household,16358
E07000078,Cheltenham,3,Aged 25 to 34 years,2,Lives in a communal establishment,85
E07000078,Cheltenham,4,Aged 35 to 49 years,1,Lives in a household,23061
E07000078,Cheltenham,4,Aged 35 to 49 years,2,Lives in a communal establishment,153
E07000078,Cheltenham,5,Aged 50 to 64 years,1,Lives in a household,22436
E07000078,Cheltenham,5,Aged 50 to 64 years,2,Lives in a communal establishment,130
E07000078,Cheltenham,6,Aged 65 years and over,1,Lives in a household,22015
E07000078,Cheltenham,6,Aged 65 years and over,2,Lives in a communal establishment,868
E07000079,Cotswold,1,Aged 15 years and under,1,Lives in a household,14455
E07000079,Cotswold,1,Aged 15 years and under,2,Lives in a communal establishment,62
E07000079,Cotswold,2,Aged 16 to 24 years,1,Lives in a household,7062
E07000079,Cotswold,2,Aged 16 to 24 years,2,Lives in a communal establishment,365
E07000079,Cotswold,3,Aged 25 to 34 years,1,Lives in a household,8486
E07000079,Cotswold,3,Aged 25 to 34 years,2,Lives in a communal establishment,90
E07000079,Cotswold,4,Aged 35 to 49 years,1,Lives in a household,15820
E07000079,Cotswold,4,Aged 35 to 49 years,2,Lives in a communal establishment,52
E07000079,Cotswold,5,Aged 50 to 64 years,1,Lives in a household,20738
E07000079,Cotswold,5,Aged 50 to 64 years,2,Lives in a communal establishment,36
E07000079,Cotswold,6,Aged 65 years and over,1,Lives in a household,23207
E07000079,Cotswold,6,Aged 65 years and over,2,Lives in a communal establishment,459
E07000080,Forest of Dean,1,Aged 15 years and under,1,Lives in a household,13940
E07000080,Forest of Dean,1,Aged 15 years and under,2,Lives in a communal establishment,17
E07000080,Forest of Dean,2,Aged 16 to 24 years,1,Lives in a household,7083
E07000080,Forest of Dean,2,Aged 16 to 24 years,2,Lives in a communal establishment,1129
E07000080,Forest of Dean,3,Aged 25 to 34 years,1,Lives in a household,9033
E07000080,Forest of Dean,3,Aged 25 to 34 years,2,Lives in a communal establishment,176
E07000080,Forest of Dean,4,Aged 35 to 49 years,1,Lives in a household,13959
E07000080,Forest of Dean,4,Aged 35 to 49 years,2,Lives in a communal establishment,110
E07000080,Forest of Dean,5,Aged 50 to 64 years,1,Lives in a household,19628
E07000080,Forest of Dean,5,Aged 50 to 64 years,2,Lives in a communal establishment,123
E07000080,Forest of Dean,6,Aged 65 years and over,1,Lives in a household,21447
E07000080,Forest of Dean,6,Aged 65 years and over,2,Lives in a communal establishment,362
E07000081,Gloucester,1,Aged 15 years and under,1,Lives in a household,25475
E07000081,Gloucester,1,Aged 15 years and under,2,Lives in a communal establishment,2
E07000081,Gloucester,2,Aged 16 to 24 years,1,Lives in a household,13960
E07000081,Gloucester,2,Aged 16 to 24 years,2,Lives in a communal establishment,639
E07000081,Gloucester,3,Aged 25 to 34 years,1,Lives in a household,18544
E07000081,Gloucester,3,Aged 25 to 34 years,2,Lives in a communal establishment,142
E07000081,Gloucester,4,Aged 35 to 49 years,1,Lives in a household,25560
E07000081,Gloucester,4,Aged 35 to 49 years,2,Lives in a communal establishment,188
E07000081,Gloucester,5,Aged 50 to 64 years,1,Lives in a household,25584
E07000081,Gloucester,5,Aged 50 to 64 years,2,Lives in a communal establishment,204
E07000081,Gloucester,6,Aged 65 years and over,1,Lives in a household,21498
E07000081,Gloucester,6,Aged 65 years and over,2,Lives in a communal establishment,620
E07000082,Stroud,1,Aged 15 years and under,1,Lives in a household,20770
E07000082,Stroud,1,Aged 15 years and under,2,Lives in a communal establishment,139
E07000082,Stroud,2,Aged 16 to 24 years,1,Lives in a household,9794
E07000082,Stroud,2,Aged 16 to 24 years,2,Lives in a communal establishment,155
E07000082,Stroud,3,Aged 25 to 34 years,1,Lives in a household,12559
E07000082,Stroud,3,Aged 25 to 34 years,2,Lives in a communal establishment,51
E07000082,Stroud,4,Aged 35 to 49 years,1,Lives in a household,21968
E07000082,Stroud,4,Aged 35 to 49 years,2,Lives in a communal establishment,87
E07000082,Stroud,5,Aged 50 to 64 years,1,Lives in a household,27219
E07000082,Stroud,5,Aged 50 to 64 years,2,Lives in a communal establishment,134
E07000082,Stroud,6,Aged 65 years and over,1,Lives in a household,27574
E07000082,Stroud,6,Aged 65 years and over,2,Lives in a communal establishment,654
E07000083,Tewkesbury,1,Aged 15 years and under,1,Lives in a household,17529
E07000083,Tewkesbury,1,Aged 15 years and under,2,Lives in a communal establishment,2
E07000083,Tewkesbury,2,Aged 16 to 24 years,1,Lives in a household,7598
E07000083,Tewkesbury,2,Aged 16 to 24 years,2,Lives in a communal establishment,56
E07000083,Tewkesbury,3,Aged 25 to 34 years,1,Lives in a household,11384
E07000083,Tewkesbury,3,Aged 25 to 34 years,2,Lives in a communal establishment,63
E07000083,Tewkesbury,4,Aged 35 to 49 years,1,Lives in a household,17552
E07000083,Tewkesbury,4,Aged 35 to 49 years,2,Lives in a communal establishment,72
E07000083,Tewkesbury,5,Aged 50 to 64 years,1,Lives in a household,19458
E07000083,Tewkesbury,5,Aged 50 to 64 years,2,Lives in a communal establishment,59
E07000083,Tewkesbury,6,Aged 65 years and over,1,Lives in a household,20751
E07000083,Tewkesbury,6,Aged 65 years and over,2,Lives in a communal establishment,360
E07000084,Basingstoke and Deane,1,Aged 15 years and under,1,Lives in a household,35234
E07000084,Basingstoke and Deane,1,Aged 15 years and under,2,Lives in a communal establishment,113
E07000084,Basingstoke and Deane,2,Aged 16 to 24 years,1,Lives in a household,16174
E07000084,Basingstoke and Deane,2,Aged 16 to 24 years,2,Lives in a communal establishment,130
E07000084,Basingstoke and Deane,3,Aged 25 to 34 years,1,Lives in a household,25524
E07000084,Basingstoke and Deane,3,Aged 25 to 34 years,2,Lives in a communal establishment,122
E07000084,Basingstoke and Deane,4,Aged 35 to 49 years,1,Lives in a household,38711
E07000084,Basingstoke and Deane,4,Aged 35 to 49 years,2,Lives in a communal establishment,102
E07000084,Basingstoke and Deane,5,Aged 50 to 64 years,1,Lives in a household,36972
E07000084,Basingstoke and Deane,5,Aged 50 to 64 years,2,Lives in a communal establishment,60
E07000084,Basingstoke and Deane,6,Aged 65 years and over,1,Lives in a household,31263
E07000084,Basingstoke and Deane,6,Aged 65 years and over,2,Lives in a communal establishment,749
E07000085,East Hampshire,1,Aged 15 years and under,1,Lives in a household,21796
E07000085,East Hampshire,1,Aged 15 years and under,2,Lives in a communal establishment,118
E07000085,East Hampshire,2,Aged 16 to 24 years,1,Lives in a household,10434
E07000085,East Hampshire,2,Aged 16 to 24 years,2,Lives in a communal establishment,281
E07000085,East Hampshire,3,Aged 25 to 34 years,1,Lives in a household,12876
E07000085,East Hampshire,3,Aged 25 to 34 years,2,Lives in a communal establishment,70
E07000085,East Hampshire,4,Aged 35 to 49 years,1,Lives in a household,22745
E07000085,East Hampshire,4,Aged 35 to 49 years,2,Lives in a communal establishment,150
E07000085,East Hampshire,5,Aged 50 to 64 years,1,Lives in a household,28106
E07000085,East Hampshire,5,Aged 50 to 64 years,2,Lives in a communal establishment,106
E07000085,East Hampshire,6,Aged 65 years and over,1,Lives in a household,28152
E07000085,East Hampshire,6,Aged 65 years and over,2,Lives in a communal establishment,908
E07000086,Eastleigh,1,Aged 15 years and under,1,Lives in a household,26106
E07000086,Eastleigh,1,Aged 15 years and under,2,Lives in a communal establishment,5
E07000086,Eastleigh,2,Aged 16 to 24 years,1,Lives in a household,11709
E07000086,Eastleigh,2,Aged 16 to 24 years,2,Lives in a communal establishment,45
E07000086,Eastleigh,3,Aged 25 to 34 years,1,Lives in a household,17769
E07000086,Eastleigh,3,Aged 25 to 34 years,2,Lives in a communal establishment,66
E07000086,Eastleigh,4,Aged 35 to 49 years,1,Lives in a household,27061
E07000086,Eastleigh,4,Aged 35 to 49 years,2,Lives in a communal establishment,71
E07000086,Eastleigh,5,Aged 50 to 64 years,1,Lives in a household,26908
E07000086,Eastleigh,5,Aged 50 to 64 years,2,Lives in a communal establishment,74
E07000086,Eastleigh,6,Aged 65 years and over,1,Lives in a household,25908
E07000086,Eastleigh,6,Aged 65 years and over,2,Lives in a communal establishment,724
E07000087,Fareham,1,Aged 15 years and under,1,Lives in a household,18790
E07000087,Fareham,1,Aged 15 years and under,2,Lives in a communal establishment,85
E07000087,Fareham,2,Aged 16 to 24 years,1,Lives in a household,9176
E07000087,Fareham,2,Aged 16 to 24 years,2,Lives in a communal establishment,500
E07000087,Fareham,3,Aged 25 to 34 years,1,Lives in a household,12075
E07000087,Fareham,3,Aged 25 to 34 years,2,Lives in a communal establishment,157
E07000087,Fareham,4,Aged 35 to 49 years,1,Lives in a household,20258
E07000087,Fareham,4,Aged 35 to 49 years,2,Lives in a communal establishment,97
E07000087,Fareham,5,Aged 50 to 64 years,1,Lives in a household,25162
E07000087,Fareham,5,Aged 50 to 64 years,2,Lives in a communal establishment,111
E07000087,Fareham,6,Aged 65 years and over,1,Lives in a household,27243
E07000087,Fareham,6,Aged 65 years and over,2,Lives in a communal establishment,859
E07000088,Gosport,1,Aged 15 years and under,1,Lives in a household,14730
E07000088,Gosport,1,Aged 15 years and under,2,Lives in a communal establishment,11
E07000088,Gosport,2,Aged 16 to 24 years,1,Lives in a household,7330
E07000088,Gosport,2,Aged 16 to 24 years,2,Lives in a communal establishment,235
E07000088,Gosport,3,Aged 25 to 34 years,1,Lives in a household,9909
E07000088,Gosport,3,Aged 25 to 34 years,2,Lives in a communal establishment,166
E07000088,Gosport,4,Aged 35 to 49 years,1,Lives in a household,14687
E07000088,Gosport,4,Aged 35 to 49 years,2,Lives in a communal establishment,80
E07000088,Gosport,5,Aged 50 to 64 years,1,Lives in a household,17112
E07000088,Gosport,5,Aged 50 to 64 years,2,Lives in a communal establishment,181
E07000088,Gosport,6,Aged 65 years and over,1,Lives in a household,17068
E07000088,Gosport,6,Aged 65 years and over,2,Lives in a communal establishment,443
E07000089,Hart,1,Aged 15 years and under,1,Lives in a household,19003
E07000089,Hart,1,Aged 15 years and under,2,Lives in a communal establishment,77
E07000089,Hart,2,Aged 16 to 24 years,1,Lives in a household,8094
E07000089,Hart,2,Aged 16 to 24 years,2,Lives in a communal establishment,792
E07000089,Hart,3,Aged 25 to 34 years,1,Lives in a household,10559
E07000089,Hart,3,Aged 25 to 34 years,2,Lives in a communal establishment,356
E07000089,Hart,4,Aged 35 to 49 years,1,Lives in a household,20381
E07000089,Hart,4,Aged 35 to 49 years,2,Lives in a communal establishment,127
E07000089,Hart,5,Aged 50 to 64 years,1,Lives in a household,20386
E07000089,Hart,5,Aged 50 to 64 years,2,Lives in a communal establishment,59
E07000089,Hart,6,Aged 65 years and over,1,Lives in a household,19219
E07000089,Hart,6,Aged 65 years and over,2,Lives in a communal establishment,354
E07000090,Havant,1,Aged 15 years and under,1,Lives in a household,21328
E07000090,Havant,1,Aged 15 years and under,2,Lives in a communal establishment,15
E07000090,Havant,2,Aged 16 to 24 years,1,Lives in a household,10837
E07000090,Havant,2,Aged 16 to 24 years,2,Lives in a communal establishment,20
E07000090,Havant,3,Aged 25 to 34 years,1,Lives in a household,14214
E07000090,Havant,3,Aged 25 to 34 years,2,Lives in a communal establishment,55
E07000090,Havant,4,Aged 35 to 49 years,1,Lives in a household,20586
E07000090,Havant,4,Aged 35 to 49 years,2,Lives in a communal establishment,80
E07000090,Havant,5,Aged 50 to 64 years,1,Lives in a household,26712
E07000090,Havant,5,Aged 50 to 64 years,2,Lives in a communal establishment,143
E07000090,Havant,6,Aged 65 years and over,1,Lives in a household,29422
E07000090,Havant,6,Aged 65 years and over,2,Lives in a communal establishment,796
E07000091,New Forest,1,Aged 15 years and under,1,Lives in a household,26899
E07000091,New Forest,1,Aged 15 years and under,2,Lives in a communal establishment,141
E07000091,New Forest,2,Aged 16 to 24 years,1,Lives in a household,13387
E07000091,New Forest,2,Aged 16 to 24 years,2,Lives in a communal establishment,166
E07000091,New Forest,3,Aged 25 to 34 years,1,Lives in a household,16092
E07000091,New Forest,3,Aged 25 to 34 years,2,Lives in a communal establishment,113
E07000091,New Forest,4,Aged 35 to 49 years,1,Lives in a household,27731
E07000091,New Forest,4,Aged 35 to 49 years,2,Lives in a communal establishment,149
E07000091,New Forest,5,Aged 50 to 64 years,1,Lives in a household,39280
E07000091,New Forest,5,Aged 50 to 64 years,2,Lives in a communal establishment,181
E07000091,New Forest,6,Aged 65 years and over,1,Lives in a household,49996
E07000091,New Forest,6,Aged 65 years and over,2,Lives in a communal establishment,1647
E07000092,Rushmoor,1,Aged 15 years and under,1,Lives in a household,18885
E07000092,Rushmoor,1,Aged 15 years and under,2,Lives in a communal establishment,0
E07000092,Rushmoor,2,Aged 16 to 24 years,1,Lives in a household,9126
E07000092,Rushmoor,2,Aged 16 to 24 years,2,Lives in a communal establishment,501
E07000092,Rushmoor,3,Aged 25 to 34 years,1,Lives in a household,15980
E07000092,Rushmoor,3,Aged 25 to 34 years,2,Lives in a communal establishment,418
E07000092,Rushmoor,4,Aged 35 to 49 years,1,Lives in a household,21038
E07000092,Rushmoor,4,Aged 35 to 49 years,2,Lives in a communal establishment,106
E07000092,Rushmoor,5,Aged 50 to 64 years,1,Lives in a household,18522
E07000092,Rushmoor,5,Aged 50 to 64 years,2,Lives in a communal establishment,51
E07000092,Rushmoor,6,Aged 65 years and over,1,Lives in a household,14755
E07000092,Rushmoor,6,Aged 65 years and over,2,Lives in a communal establishment,374
E07000093,Test Valley,1,Aged 15 years and under,1,Lives in a household,23565
E07000093,Test Valley,1,Aged 15 years and under,2,Lives in a communal establishment,175
E07000093,Test Valley,2,Aged 16 to 24 years,1,Lives in a household,10527
E07000093,Test Valley,2,Aged 16 to 24 years,2,Lives in a communal establishment,129
E07000093,Test Valley,3,Aged 25 to 34 years,1,Lives in a household,15405
E07000093,Test Valley,3,Aged 25 to 34 years,2,Lives in a communal establishment,192
E07000093,Test Valley,4,Aged 35 to 49 years,1,Lives in a household,25052
E07000093,Test Valley,4,Aged 35 to 49 years,2,Lives in a communal establishment,234
E07000093,Test Valley,5,Aged 50 to 64 years,1,Lives in a household,27395
E07000093,Test Valley,5,Aged 50 to 64 years,2,Lives in a communal establishment,145
E07000093,Test Valley,6,Aged 65 years and over,1,Lives in a household,26920
E07000093,Test Valley,6,Aged 65 years and over,2,Lives in a communal establishment,751
E07000094,Winchester,1,Aged 15 years and under,1,Lives in a household,22130
E07000094,Winchester,1,Aged 15 years and under,2,Lives in a communal establishment,564
E07000094,Winchester,2,Aged 16 to 24 years,1,Lives in a household,12632
E07000094,Winchester,2,Aged 16 to 24 years,2,Lives in a communal establishment,3171
E07000094,Winchester,3,Aged 25 to 34 years,1,Lives in a household,12607
E07000094,Winchester,3,Aged 25 to 34 years,2,Lives in a communal establishment,553
E07000094,Winchester,4,Aged 35 to 49 years,1,Lives in a household,23304
E07000094,Winchester,4,Aged 35 to 49 years,2,Lives in a communal establishment,287
E07000094,Winchester,5,Aged 50 to 64 years,1,Lives in a household,25428
E07000094,Winchester,5,Aged 50 to 64 years,2,Lives in a communal establishment,189
E07000094,Winchester,6,Aged 65 years and over,1,Lives in a household,25703
E07000094,Winchester,6,Aged 65 years and over,2,Lives in a communal establishment,877
E07000095,Broxbourne,1,Aged 15 years and under,1,Lives in a household,19570
E07000095,Broxbourne,1,Aged 15 years and under,2,Lives in a communal establishment,0
E07000095,Broxbourne,2,Aged 16 to 24 years,1,Lives in a household,9492
E07000095,Broxbourne,2,Aged 16 to 24 years,2,Lives in a communal establishment,13
E07000095,Broxbourne,3,Aged 25 to 34 years,1,Lives in a household,13082
E07000095,Broxbourne,3,Aged 25 to 34 years,2,Lives in a communal establishment,7
E07000095,Broxbourne,4,Aged 35 to 49 years,1,Lives in a household,20226
E07000095,Broxbourne,4,Aged 35 to 49 years,2,Lives in a communal establishment,16
E07000095,Broxbourne,5,Aged 50 to 64 years,1,Lives in a household,19331
E07000095,Broxbourne,5,Aged 50 to 64 years,2,Lives in a communal establishment,31
E07000095,Broxbourne,6,Aged 65 years and over,1,Lives in a household,17077
E07000095,Broxbourne,6,Aged 65 years and over,2,Lives in a communal establishment,163
E07000096,Dacorum,1,Aged 15 years and under,1,Lives in a household,31199
E07000096,Dacorum,1,Aged 15 years and under,2,Lives in a communal establishment,102
E07000096,Dacorum,2,Aged 16 to 24 years,1,Lives in a household,13002
E07000096,Dacorum,2,Aged 16 to 24 years,2,Lives in a communal establishment,321
E07000096,Dacorum,3,Aged 25 to 34 years,1,Lives in a household,19460
E07000096,Dacorum,3,Aged 25 to 34 years,2,Lives in a communal establishment,514
E07000096,Dacorum,4,Aged 35 to 49 years,1,Lives in a household,32449
E07000096,Dacorum,4,Aged 35 to 49 years,2,Lives in a communal establishment,414
E07000096,Dacorum,5,Aged 50 to 64 years,1,Lives in a household,30473
E07000096,Dacorum,5,Aged 50 to 64 years,2,Lives in a communal establishment,185
E07000096,Dacorum,6,Aged 65 years and over,1,Lives in a household,26269
E07000096,Dacorum,6,Aged 65 years and over,2,Lives in a communal establishment,697
E07000098,Hertsmere,1,Aged 15 years and under,1,Lives in a household,21575
E07000098,Hertsmere,1,Aged 15 years and under,2,Lives in a communal establishment,58
E07000098,Hertsmere,2,Aged 16 to 24 years,1,Lives in a household,10099
E07000098,Hertsmere,2,Aged 16 to 24 years,2,Lives in a communal establishment,64
E07000098,Hertsmere,3,Aged 25 to 34 years,1,Lives in a household,12853
E07000098,Hertsmere,3,Aged 25 to 34 years,2,Lives in a communal establishment,62
E07000098,Hertsmere,4,Aged 35 to 49 years,1,Lives in a household,22874
E07000098,Hertsmere,4,Aged 35 to 49 years,2,Lives in a communal establishment,85
E07000098,Hertsmere,5,Aged 50 to 64 years,1,Lives in a household,20861
E07000098,Hertsmere,5,Aged 50 to 64 years,2,Lives in a communal establishment,158
E07000098,Hertsmere,6,Aged 65 years and over,1,Lives in a household,18551
E07000098,Hertsmere,6,Aged 65 years and over,2,Lives in a communal establishment,588
E07000099,North Hertfordshire,1,Aged 15 years and under,1,Lives in a household,25433
E07000099,North Hertfordshire,1,Aged 15 years and under,2,Lives in a communal establishment,34
E07000099,North Hertfordshire,2,Aged 16 to 24 years,1,Lives in a household,10943
E07000099,North Hertfordshire,2,Aged 16 to 24 years,2,Lives in a communal establishment,57
E07000099,North Hertfordshire,3,Aged 25 to 34 years,1,Lives in a household,16267
E07000099,North Hertfordshire,3,Aged 25 to 34 years,2,Lives in a communal establishment,41
E07000099,North Hertfordshire,4,Aged 35 to 49 years,1,Lives in a household,27874
E07000099,North Hertfordshire,4,Aged 35 to 49 years,2,Lives in a communal establishment,71
E07000099,North Hertfordshire,5,Aged 50 to 64 years,1,Lives in a household,26575
E07000099,North Hertfordshire,5,Aged 50 to 64 years,2,Lives in a communal establishment,85
E07000099,North Hertfordshire,6,Aged 65 years and over,1,Lives in a household,25056
E07000099,North Hertfordshire,6,Aged 65 years and over,2,Lives in a communal establishment,775
E07000102,Three Rivers,1,Aged 15 years and under,1,Lives in a household,18722
E07000102,Three Rivers,1,Aged 15 years and under,2,Lives in a communal establishment,46
E07000102,Three Rivers,2,Aged 16 to 24 years,1,Lives in a household,8438
E07000102,Three Rivers,2,Aged 16 to 24 years,2,Lives in a communal establishment,100
E07000102,Three Rivers,3,Aged 25 to 34 years,1,Lives in a household,10192
E07000102,Three Rivers,3,Aged 25 to 34 years,2,Lives in a communal establishment,98
E07000102,Three Rivers,4,Aged 35 to 49 years,1,Lives in a household,19999
E07000102,Three Rivers,4,Aged 35 to 49 years,2,Lives in a communal establishment,119
E07000102,Three Rivers,5,Aged 50 to 64 years,1,Lives in a household,19018
E07000102,Three Rivers,5,Aged 50 to 64 years,2,Lives in a communal establishment,72
E07000102,Three Rivers,6,Aged 65 years and over,1,Lives in a household,16714
E07000102,Three Rivers,6,Aged 65 years and over,2,Lives in a communal establishment,253
E07000103,Watford,1,Aged 15 years and under,1,Lives in a household,21282
E07000103,Watford,1,Aged 15 years and under,2,Lives in a communal establishment,0
E07000103,Watford,2,Aged 16 to 24 years,1,Lives in a household,9637
E07000103,Watford,2,Aged 16 to 24 years,2,Lives in a communal establishment,28
E07000103,Watford,3,Aged 25 to 34 years,1,Lives in a household,16460
E07000103,Watford,3,Aged 25 to 34 years,2,Lives in a communal establishment,54
E07000103,Watford,4,Aged 35 to 49 years,1,Lives in a household,24557
E07000103,Watford,4,Aged 35 to 49 years,2,Lives in a communal establishment,70
E07000103,Watford,5,Aged 50 to 64 years,1,Lives in a household,17201
E07000103,Watford,5,Aged 50 to 64 years,2,Lives in a communal establishment,64
E07000103,Watford,6,Aged 65 years and over,1,Lives in a household,12394
E07000103,Watford,6,Aged 65 years and over,2,Lives in a communal establishment,496
E07000105,Ashford,1,Aged 15 years and under,1,Lives in a household,25910
E07000105,Ashford,1,Aged 15 years and under,2,Lives in a communal establishment,68
E07000105,Ashford,2,Aged 16 to 24 years,1,Lives in a household,12213
E07000105,Ashford,2,Aged 16 to 24 years,2,Lives in a communal establishment,69
E07000105,Ashford,3,Aged 25 to 34 years,1,Lives in a household,16756
E07000105,Ashford,3,Aged 25 to 34 years,2,Lives in a communal establishment,51
E07000105,Ashford,4,Aged 35 to 49 years,1,Lives in a household,24898
E07000105,Ashford,4,Aged 35 to 49 years,2,Lives in a communal establishment,91
E07000105,Ashford,5,Aged 50 to 64 years,1,Lives in a household,26597
E07000105,Ashford,5,Aged 50 to 64 years,2,Lives in a communal establishment,97
E07000105,Ashford,6,Aged 65 years and over,1,Lives in a household,25407
E07000105,Ashford,6,Aged 65 years and over,2,Lives in a communal establishment,590
E07000106,Canterbury,1,Aged 15 years and under,1,Lives in a household,24269
E07000106,Canterbury,1,Aged 15 years and under,2,Lives in a communal establishment,387
E07000106,Canterbury,2,Aged 16 to 24 years,1,Lives in a household,19842
E07000106,Canterbury,2,Aged 16 to 24 years,2,Lives in a communal establishment,6821
E07000106,Canterbury,3,Aged 25 to 34 years,1,Lives in a household,16697
E07000106,Canterbury,3,Aged 25 to 34 years,2,Lives in a communal establishment,381
E07000106,Canterbury,4,Aged 35 to 49 years,1,Lives in a household,25313
E07000106,Canterbury,4,Aged 35 to 49 years,2,Lives in a communal establishment,247
E07000106,Canterbury,5,Aged 50 to 64 years,1,Lives in a household,28912
E07000106,Canterbury,5,Aged 50 to 64 years,2,Lives in a communal establishment,312
E07000106,Canterbury,6,Aged 65 years and over,1,Lives in a household,33163
E07000106,Canterbury,6,Aged 65 years and over,2,Lives in a communal establishment,1088
E07000107,Dartford,1,Aged 15 years and under,1,Lives in a household,26039
E07000107,Dartford,1,Aged 15 years and under,2,Lives in a communal establishment,16
E07000107,Dartford,2,Aged 16 to 24 years,1,Lives in a household,10338
E07000107,Dartford,2,Aged 16 to 24 years,2,Lives in a communal establishment,46
E07000107,Dartford,3,Aged 25 to 34 years,1,Lives in a household,17723
E07000107,Dartford,3,Aged 25 to 34 years,2,Lives in a communal establishment,60
E07000107,Dartford,4,Aged 35 to 49 years,1,Lives in a household,26148
E07000107,Dartford,4,Aged 35 to 49 years,2,Lives in a communal establishment,62
E07000107,Dartford,5,Aged 50 to 64 years,1,Lives in a household,20209
E07000107,Dartford,5,Aged 50 to 64 years,2,Lives in a communal establishment,74
E07000107,Dartford,6,Aged 65 years and over,1,Lives in a household,15566
E07000107,Dartford,6,Aged 65 years and over,2,Lives in a communal establishment,472
E07000108,Dover,1,Aged 15 years and under,1,Lives in a household,19886
E07000108,Dover,1,Aged 15 years and under,2,Lives in a communal establishment,396
E07000108,Dover,2,Aged 16 to 24 years,1,Lives in a household,9801
E07000108,Dover,2,Aged 16 to 24 years,2,Lives in a communal establishment,240
E07000108,Dover,3,Aged 25 to 34 years,1,Lives in a household,13281
E07000108,Dover,3,Aged 25 to 34 years,2,Lives in a communal establishment,142
E07000108,Dover,4,Aged 35 to 49 years,1,Lives in a household,19506
E07000108,Dover,4,Aged 35 to 49 years,2,Lives in a communal establishment,189
E07000108,Dover,5,Aged 50 to 64 years,1,Lives in a household,24844
E07000108,Dover,5,Aged 50 to 64 years,2,Lives in a communal establishment,230
E07000108,Dover,6,Aged 65 years and over,1,Lives in a household,27065
E07000108,Dover,6,Aged 65 years and over,2,Lives in a communal establishment,835
E07000109,Gravesham,1,Aged 15 years and under,1,Lives in a household,22318
E07000109,Gravesham,1,Aged 15 years and under,2,Lives in a communal establishment,27
E07000109,Gravesham,2,Aged 16 to 24 years,1,Lives in a household,10338
E07000109,Gravesham,2,Aged 16 to 24 years,2,Lives in a communal establishment,25
E07000109,Gravesham,3,Aged 25 to 34 years,1,Lives in a household,14127
E07000109,Gravesham,3,Aged 25 to 34 years,2,Lives in a communal establishment,21
E07000109,Gravesham,4,Aged 35 to 49 years,1,Lives in a household,21255
E07000109,Gravesham,4,Aged 35 to 49 years,2,Lives in a communal establishment,35
E07000109,Gravesham,5,Aged 50 to 64 years,1,Lives in a household,20265
E07000109,Gravesham,5,Aged 50 to 64 years,2,Lives in a communal establishment,74
E07000109,Gravesham,6,Aged 65 years and over,1,Lives in a household,18084
E07000109,Gravesham,6,Aged 65 years and over,2,Lives in a communal establishment,330
E07000110,Maidstone,1,Aged 15 years and under,1,Lives in a household,33620
E07000110,Maidstone,1,Aged 15 years and under,2,Lives in a communal establishment,26
E07000110,Maidstone,2,Aged 16 to 24 years,1,Lives in a household,15411
E07000110,Maidstone,2,Aged 16 to 24 years,2,Lives in a communal establishment,385
E07000110,Maidstone,3,Aged 25 to 34 years,1,Lives in a household,22964
E07000110,Maidstone,3,Aged 25 to 34 years,2,Lives in a communal establishment,473
E07000110,Maidstone,4,Aged 35 to 49 years,1,Lives in a household,34649
E07000110,Maidstone,4,Aged 35 to 49 years,2,Lives in a communal establishment,357
E07000110,Maidstone,5,Aged 50 to 64 years,1,Lives in a household,34199
E07000110,Maidstone,5,Aged 50 to 64 years,2,Lives in a communal establishment,174
E07000110,Maidstone,6,Aged 65 years and over,1,Lives in a household,32614
E07000110,Maidstone,6,Aged 65 years and over,2,Lives in a communal establishment,911
E07000111,Sevenoaks,1,Aged 15 years and under,1,Lives in a household,23759
E07000111,Sevenoaks,1,Aged 15 years and under,2,Lives in a communal establishment,152
E07000111,Sevenoaks,2,Aged 16 to 24 years,1,Lives in a household,9736
E07000111,Sevenoaks,2,Aged 16 to 24 years,2,Lives in a communal establishment,221
E07000111,Sevenoaks,3,Aged 25 to 34 years,1,Lives in a household,12356
E07000111,Sevenoaks,3,Aged 25 to 34 years,2,Lives in a communal establishment,19
E07000111,Sevenoaks,4,Aged 35 to 49 years,1,Lives in a household,23337
E07000111,Sevenoaks,4,Aged 35 to 49 years,2,Lives in a communal establishment,49
E07000111,Sevenoaks,5,Aged 50 to 64 years,1,Lives in a household,24911
E07000111,Sevenoaks,5,Aged 50 to 64 years,2,Lives in a communal establishment,48
E07000111,Sevenoaks,6,Aged 65 years and over,1,Lives in a household,25302
E07000111,Sevenoaks,6,Aged 65 years and over,2,Lives in a communal establishment,626
E07000112,Folkestone and Hythe,1,Aged 15 years and under,1,Lives in a household,18187
E07000112,Folkestone and Hythe,1,Aged 15 years and under,2,Lives in a communal establishment,16
E07000112,Folkestone and Hythe,2,Aged 16 to 24 years,1,Lives in a household,8957
E07000112,Folkestone and Hythe,2,Aged 16 to 24 years,2,Lives in a communal establishment,393
E07000112,Folkestone and Hythe,3,Aged 25 to 34 years,1,Lives in a household,11838
E07000112,Folkestone and Hythe,3,Aged 25 to 34 years,2,Lives in a communal establishment,193
E07000112,Folkestone and Hythe,4,Aged 35 to 49 years,1,Lives in a household,18585
E07000112,Folkestone and Hythe,4,Aged 35 to 49 years,2,Lives in a communal establishment,221
E07000112,Folkestone and Hythe,5,Aged 50 to 64 years,1,Lives in a household,23725
E07000112,Folkestone and Hythe,5,Aged 50 to 64 years,2,Lives in a communal establishment,215
E07000112,Folkestone and Hythe,6,Aged 65 years and over,1,Lives in a household,26571
E07000112,Folkestone and Hythe,6,Aged 65 years and over,2,Lives in a communal establishment,858
E07000113,Swale,1,Aged 15 years and under,1,Lives in a household,29673
E07000113,Swale,1,Aged 15 years and under,2,Lives in a communal establishment,3
E07000113,Swale,2,Aged 16 to 24 years,1,Lives in a household,14064
E07000113,Swale,2,Aged 16 to 24 years,2,Lives in a communal establishment,281
E07000113,Swale,3,Aged 25 to 34 years,1,Lives in a household,19016
E07000113,Swale,3,Aged 25 to 34 years,2,Lives in a communal establishment,878
E07000113,Swale,4,Aged 35 to 49 years,1,Lives in a household,27839
E07000113,Swale,4,Aged 35 to 49 years,2,Lives in a communal establishment,776
E07000113,Swale,5,Aged 50 to 64 years,1,Lives in a household,29826
E07000113,Swale,5,Aged 50 to 64 years,2,Lives in a communal establishment,409
E07000113,Swale,6,Aged 65 years and over,1,Lives in a household,28258
E07000113,Swale,6,Aged 65 years and over,2,Lives in a communal establishment,654
E07000114,Thanet,1,Aged 15 years and under,1,Lives in a household,25002
E07000114,Thanet,1,Aged 15 years and under,2,Lives in a communal establishment,168
E07000114,Thanet,2,Aged 16 to 24 years,1,Lives in a household,12198
E07000114,Thanet,2,Aged 16 to 24 years,2,Lives in a communal establishment,122
E07000114,Thanet,3,Aged 25 to 34 years,1,Lives in a household,16198
E07000114,Thanet,3,Aged 25 to 34 years,2,Lives in a communal establishment,83
E07000114,Thanet,4,Aged 35 to 49 years,1,Lives in a household,24689
E07000114,Thanet,4,Aged 35 to 49 years,2,Lives in a communal establishment,133
E07000114,Thanet,5,Aged 50 to 64 years,1,Lives in a household,28542
E07000114,Thanet,5,Aged 50 to 64 years,2,Lives in a communal establishment,193
E07000114,Thanet,6,Aged 65 years and over,1,Lives in a household,32228
E07000114,Thanet,6,Aged 65 years and over,2,Lives in a communal establishment,1029
E07000115,Tonbridge and Malling,1,Aged 15 years and under,1,Lives in a household,26485
E07000115,Tonbridge and Malling,1,Aged 15 years and under,2,Lives in a communal establishment,190
E07000115,Tonbridge and Malling,2,Aged 16 to 24 years,1,Lives in a household,11286
E07000115,Tonbridge and Malling,2,Aged 16 to 24 years,2,Lives in a communal establishment,352
E07000115,Tonbridge and Malling,3,Aged 25 to 34 years,1,Lives in a household,15167
E07000115,Tonbridge and Malling,3,Aged 25 to 34 years,2,Lives in a communal establishment,23
E07000115,Tonbridge and Malling,4,Aged 35 to 49 years,1,Lives in a household,26402
E07000115,Tonbridge and Malling,4,Aged 35 to 49 years,2,Lives in a communal establishment,50
E07000115,Tonbridge and Malling,5,Aged 50 to 64 years,1,Lives in a household,26860
E07000115,Tonbridge and Malling,5,Aged 50 to 64 years,2,Lives in a communal establishment,79
E07000115,Tonbridge and Malling,6,Aged 65 years and over,1,Lives in a household,24884
E07000115,Tonbridge and Malling,6,Aged 65 years and over,2,Lives in a communal establishment,422
E07000116,Tunbridge Wells,1,Aged 15 years and under,1,Lives in a household,22492
E07000116,Tunbridge Wells,1,Aged 15 years and under,2,Lives in a communal establishment,417
E07000116,Tunbridge Wells,2,Aged 16 to 24 years,1,Lives in a household,9420
E07000116,Tunbridge Wells,2,Aged 16 to 24 years,2,Lives in a communal establishment,407
E07000116,Tunbridge Wells,3,Aged 25 to 34 years,1,Lives in a household,12767
E07000116,Tunbridge Wells,3,Aged 25 to 34 years,2,Lives in a communal establishment,74
E07000116,Tunbridge Wells,4,Aged 35 to 49 years,1,Lives in a household,23396
E07000116,Tunbridge Wells,4,Aged 35 to 49 years,2,Lives in a communal establishment,140
E07000116,Tunbridge Wells,5,Aged 50 to 64 years,1,Lives in a household,23689
E07000116,Tunbridge Wells,5,Aged 50 to 64 years,2,Lives in a communal establishment,136
E07000116,Tunbridge Wells,6,Aged 65 years and over,1,Lives in a household,21616
E07000116,Tunbridge Wells,6,Aged 65 years and over,2,Lives in a communal establishment,757
E07000117,Burnley,1,Aged 15 years and under,1,Lives in a household,19441
E07000117,Burnley,1,Aged 15 years and under,2,Lives in a communal establishment,6
E07000117,Burnley,2,Aged 16 to 24 years,1,Lives in a household,9335
E07000117,Burnley,2,Aged 16 to 24 years,2,Lives in a communal establishment,68
E07000117,Burnley,3,Aged 25 to 34 years,1,Lives in a household,12890
E07000117,Burnley,3,Aged 25 to 34 years,2,Lives in a communal establishment,10
E07000117,Burnley,4,Aged 35 to 49 years,1,Lives in a household,17704
E07000117,Burnley,4,Aged 35 to 49 years,2,Lives in a communal establishment,34
E07000117,Burnley,5,Aged 50 to 64 years,1,Lives in a household,18150
E07000117,Burnley,5,Aged 50 to 64 years,2,Lives in a communal establishment,108
E07000117,Burnley,6,Aged 65 years and over,1,Lives in a household,16227
E07000117,Burnley,6,Aged 65 years and over,2,Lives in a communal establishment,671
E07000118,Chorley,1,Aged 15 years and under,1,Lives in a household,21357
E07000118,Chorley,1,Aged 15 years and under,2,Lives in a communal establishment,6
E07000118,Chorley,2,Aged 16 to 24 years,1,Lives in a household,9740
E07000118,Chorley,2,Aged 16 to 24 years,2,Lives in a communal establishment,130
E07000118,Chorley,3,Aged 25 to 34 years,1,Lives in a household,13666
E07000118,Chorley,3,Aged 25 to 34 years,2,Lives in a communal establishment,598
E07000118,Chorley,4,Aged 35 to 49 years,1,Lives in a household,22515
E07000118,Chorley,4,Aged 35 to 49 years,2,Lives in a communal establishment,665
E07000118,Chorley,5,Aged 50 to 64 years,1,Lives in a household,24540
E07000118,Chorley,5,Aged 50 to 64 years,2,Lives in a communal establishment,399
E07000118,Chorley,6,Aged 65 years and over,1,Lives in a household,23214
E07000118,Chorley,6,Aged 65 years and over,2,Lives in a communal establishment,902
E07000119,Fylde,1,Aged 15 years and under,1,Lives in a household,12107
E07000119,Fylde,1,Aged 15 years and under,2,Lives in a communal establishment,20
E07000119,Fylde,2,Aged 16 to 24 years,1,Lives in a household,6038
E07000119,Fylde,2,Aged 16 to 24 years,2,Lives in a communal establishment,96
E07000119,Fylde,3,Aged 25 to 34 years,1,Lives in a household,7824
E07000119,Fylde,3,Aged 25 to 34 years,2,Lives in a communal establishment,217
E07000119,Fylde,4,Aged 35 to 49 years,1,Lives in a household,13176
E07000119,Fylde,4,Aged 35 to 49 years,2,Lives in a communal establishment,239
E07000119,Fylde,5,Aged 50 to 64 years,1,Lives in a household,18872
E07000119,Fylde,5,Aged 50 to 64 years,2,Lives in a communal establishment,142
E07000119,Fylde,6,Aged 65 years and over,1,Lives in a household,21764
E07000119,Fylde,6,Aged 65 years and over,2,Lives in a communal establishment,879
E07000120,Hyndburn,1,Aged 15 years and under,1,Lives in a household,16599
E07000120,Hyndburn,1,Aged 15 years and under,2,Lives in a communal establishment,3
E07000120,Hyndburn,2,Aged 16 to 24 years,1,Lives in a household,8397
E07000120,Hyndburn,2,Aged 16 to 24 years,2,Lives in a communal establishment,28
E07000120,Hyndburn,3,Aged 25 to 34 years,1,Lives in a household,10979
E07000120,Hyndburn,3,Aged 25 to 34 years,2,Lives in a communal establishment,32
E07000120,Hyndburn,4,Aged 35 to 49 years,1,Lives in a household,14907
E07000120,Hyndburn,4,Aged 35 to 49 years,2,Lives in a communal establishment,81
E07000120,Hyndburn,5,Aged 50 to 64 years,1,Lives in a household,16122
E07000120,Hyndburn,5,Aged 50 to 64 years,2,Lives in a communal establishment,83
E07000120,Hyndburn,6,Aged 65 years and over,1,Lives in a household,14474
E07000120,Hyndburn,6,Aged 65 years and over,2,Lives in a communal establishment,530
E07000121,Lancaster,1,Aged 15 years and under,1,Lives in a household,23025
E07000121,Lancaster,1,Aged 15 years and under,2,Lives in a communal establishment,269
E07000121,Lancaster,2,Aged 16 to 24 years,1,Lives in a household,15971
E07000121,Lancaster,2,Aged 16 to 24 years,2,Lives in a communal establishment,5977
E07000121,Lancaster,3,Aged 25 to 34 years,1,Lives in a household,15660
E07000121,Lancaster,3,Aged 25 to 34 years,2,Lives in a communal establishment,568
E07000121,Lancaster,4,Aged 35 to 49 years,1,Lives in a household,23750
E07000121,Lancaster,4,Aged 35 to 49 years,2,Lives in a communal establishment,277
E07000121,Lancaster,5,Aged 50 to 64 years,1,Lives in a household,27935
E07000121,Lancaster,5,Aged 50 to 64 years,2,Lives in a communal establishment,155
E07000121,Lancaster,6,Aged 65 years and over,1,Lives in a household,28363
E07000121,Lancaster,6,Aged 65 years and over,2,Lives in a communal establishment,984
E07000122,Pendle,1,Aged 15 years and under,1,Lives in a household,20533
E07000122,Pendle,1,Aged 15 years and under,2,Lives in a communal establishment,2
E07000122,Pendle,2,Aged 16 to 24 years,1,Lives in a household,9724
E07000122,Pendle,2,Aged 16 to 24 years,2,Lives in a communal establishment,4
E07000122,Pendle,3,Aged 25 to 34 years,1,Lives in a household,12016
E07000122,Pendle,3,Aged 25 to 34 years,2,Lives in a communal establishment,7
E07000122,Pendle,4,Aged 35 to 49 years,1,Lives in a household,18247
E07000122,Pendle,4,Aged 35 to 49 years,2,Lives in a communal establishment,17
E07000122,Pendle,5,Aged 50 to 64 years,1,Lives in a household,17925
E07000122,Pendle,5,Aged 50 to 64 years,2,Lives in a communal establishment,36
E07000122,Pendle,6,Aged 65 years and over,1,Lives in a household,16773
E07000122,Pendle,6,Aged 65 years and over,2,Lives in a communal establishment,473
E07000123,Preston,1,Aged 15 years and under,1,Lives in a household,29074
E07000123,Preston,1,Aged 15 years and under,2,Lives in a communal establishment,92
E07000123,Preston,2,Aged 16 to 24 years,1,Lives in a household,16845
E07000123,Preston,2,Aged 16 to 24 years,2,Lives in a communal establishment,3757
E07000123,Preston,3,Aged 25 to 34 years,1,Lives in a household,21071
E07000123,Preston,3,Aged 25 to 34 years,2,Lives in a communal establishment,670
E07000123,Preston,4,Aged 35 to 49 years,1,Lives in a household,27691
E07000123,Preston,4,Aged 35 to 49 years,2,Lives in a communal establishment,378
E07000123,Preston,5,Aged 50 to 64 years,1,Lives in a household,26221
E07000123,Preston,5,Aged 50 to 64 years,2,Lives in a communal establishment,233
E07000123,Preston,6,Aged 65 years and over,1,Lives in a household,20876
E07000123,Preston,6,Aged 65 years and over,2,Lives in a communal establishment,927
E07000124,Ribble Valley,1,Aged 15 years and under,1,Lives in a household,9895
E07000124,Ribble Valley,1,Aged 15 years and under,2,Lives in a communal establishment,204
E07000124,Ribble Valley,2,Aged 16 to 24 years,1,Lives in a household,5076
E07000124,Ribble Valley,2,Aged 16 to 24 years,2,Lives in a communal establishment,146
E07000124,Ribble Valley,3,Aged 25 to 34 years,1,Lives in a household,6089
E07000124,Ribble Valley,3,Aged 25 to 34 years,2,Lives in a communal establishment,47
E07000124,Ribble Valley,4,Aged 35 to 49 years,1,Lives in a household,10474
E07000124,Ribble Valley,4,Aged 35 to 49 years,2,Lives in a communal establishment,73
E07000124,Ribble Valley,5,Aged 50 to 64 years,1,Lives in a household,14620
E07000124,Ribble Valley,5,Aged 50 to 64 years,2,Lives in a communal establishment,85
E07000124,Ribble Valley,6,Aged 65 years and over,1,Lives in a household,14408
E07000124,Ribble Valley,6,Aged 65 years and over,2,Lives in a communal establishment,442
E07000125,Rossendale,1,Aged 15 years and under,1,Lives in a household,13561
E07000125,Rossendale,1,Aged 15 years and under,2,Lives in a communal establishment,11
E07000125,Rossendale,2,Aged 16 to 24 years,1,Lives in a household,6171
E07000125,Rossendale,2,Aged 16 to 24 years,2,Lives in a communal establishment,21
E07000125,Rossendale,3,Aged 25 to 34 years,1,Lives in a household,8691
E07000125,Rossendale,3,Aged 25 to 34 years,2,Lives in a communal establishment,16
E07000125,Rossendale,4,Aged 35 to 49 years,1,Lives in a household,13422
E07000125,Rossendale,4,Aged 35 to 49 years,2,Lives in a communal establishment,49
E07000125,Rossendale,5,Aged 50 to 64 years,1,Lives in a household,15186
E07000125,Rossendale,5,Aged 50 to 64 years,2,Lives in a communal establishment,94
E07000125,Rossendale,6,Aged 65 years and over,1,Lives in a household,13070
E07000125,Rossendale,6,Aged 65 years and over,2,Lives in a communal establishment,584
E07000126,South Ribble,1,Aged 15 years and under,1,Lives in a household,19523
E07000126,South Ribble,1,Aged 15 years and under,2,Lives in a communal establishment,14
E07000126,South Ribble,2,Aged 16 to 24 years,1,Lives in a household,9611
E07000126,South Ribble,2,Aged 16 to 24 years,2,Lives in a communal establishment,39
E07000126,South Ribble,3,Aged 25 to 34 years,1,Lives in a household,13160
E07000126,South Ribble,3,Aged 25 to 34 years,2,Lives in a communal establishment,71
E07000126,South Ribble,4,Aged 35 to 49 years,1,Lives in a household,20618
E07000126,South Ribble,4,Aged 35 to 49 years,2,Lives in a communal establishment,85
E07000126,South Ribble,5,Aged 50 to 64 years,1,Lives in a household,23793
E07000126,South Ribble,5,Aged 50 to 64 years,2,Lives in a communal establishment,89
E07000126,South Ribble,6,Aged 65 years and over,1,Lives in a household,23548
E07000126,South Ribble,6,Aged 65 years and over,2,Lives in a communal establishment,485
E07000127,West Lancashire,1,Aged 15 years and under,1,Lives in a household,19084
E07000127,West Lancashire,1,Aged 15 years and under,2,Lives in a communal establishment,12
E07000127,West Lancashire,2,Aged 16 to 24 years,1,Lives in a household,12099
E07000127,West Lancashire,2,Aged 16 to 24 years,2,Lives in a communal establishment,3607
E07000127,West Lancashire,3,Aged 25 to 34 years,1,Lives in a household,12324
E07000127,West Lancashire,3,Aged 25 to 34 years,2,Lives in a communal establishment,45
E07000127,West Lancashire,4,Aged 35 to 49 years,1,Lives in a household,19446
E07000127,West Lancashire,4,Aged 35 to 49 years,2,Lives in a communal establishment,24
E07000127,West Lancashire,5,Aged 50 to 64 years,1,Lives in a household,25010
E07000127,West Lancashire,5,Aged 50 to 64 years,2,Lives in a communal establishment,56
E07000127,West Lancashire,6,Aged 65 years and over,1,Lives in a household,24852
E07000127,West Lancashire,6,Aged 65 years and over,2,Lives in a communal establishment,867
E07000128,Wyre,1,Aged 15 years and under,1,Lives in a household,17494
E07000128,Wyre,1,Aged 15 years and under,2,Lives in a communal establishment,101
E07000128,Wyre,2,Aged 16 to 24 years,1,Lives in a household,8767
E07000128,Wyre,2,Aged 16 to 24 years,2,Lives in a communal establishment,491
E07000128,Wyre,3,Aged 25 to 34 years,1,Lives in a household,11299
E07000128,Wyre,3,Aged 25 to 34 years,2,Lives in a communal establishment,35
E07000128,Wyre,4,Aged 35 to 49 years,1,Lives in a household,17566
E07000128,Wyre,4,Aged 35 to 49 years,2,Lives in a communal establishment,46
E07000128,Wyre,5,Aged 50 to 64 years,1,Lives in a household,25078
E07000128,Wyre,5,Aged 50 to 64 years,2,Lives in a communal establishment,70
E07000128,Wyre,6,Aged 65 years and over,1,Lives in a household,30096
E07000128,Wyre,6,Aged 65 years and over,2,Lives in a communal establishment,905
E07000129,Blaby,1,Aged 15 years and under,1,Lives in a household,19260
E07000129,Blaby,1,Aged 15 years and under,2,Lives in a communal establishment,0
E07000129,Blaby,2,Aged 16 to 24 years,1,Lives in a household,8931
E07000129,Blaby,2,Aged 16 to 24 years,2,Lives in a communal establishment,4
E07000129,Blaby,3,Aged 25 to 34 years,1,Lives in a household,13006
E07000129,Blaby,3,Aged 25 to 34 years,2,Lives in a communal establishment,14
E07000129,Blaby,4,Aged 35 to 49 years,1,Lives in a household,19776
E07000129,Blaby,4,Aged 35 to 49 years,2,Lives in a communal establishment,28
E07000129,Blaby,5,Aged 50 to 64 years,1,Lives in a household,20793
E07000129,Blaby,5,Aged 50 to 64 years,2,Lives in a communal establishment,41
E07000129,Blaby,6,Aged 65 years and over,1,Lives in a household,20746
E07000129,Blaby,6,Aged 65 years and over,2,Lives in a communal establishment,327
E07000130,Charnwood,1,Aged 15 years and under,1,Lives in a household,30798
E07000130,Charnwood,1,Aged 15 years and under,2,Lives in a communal establishment,73
E07000130,Charnwood,2,Aged 16 to 24 years,1,Lives in a household,20855
E07000130,Charnwood,2,Aged 16 to 24 years,2,Lives in a communal establishment,7006
E07000130,Charnwood,3,Aged 25 to 34 years,1,Lives in a household,22385
E07000130,Charnwood,3,Aged 25 to 34 years,2,Lives in a communal establishment,354
E07000130,Charnwood,4,Aged 35 to 49 years,1,Lives in a household,33146
E07000130,Charnwood,4,Aged 35 to 49 years,2,Lives in a communal establishment,181
E07000130,Charnwood,5,Aged 50 to 64 years,1,Lives in a household,34321
E07000130,Charnwood,5,Aged 50 to 64 years,2,Lives in a communal establishment,218
E07000130,Charnwood,6,Aged 65 years and over,1,Lives in a household,33733
E07000130,Charnwood,6,Aged 65 years and over,2,Lives in a communal establishment,901
E07000131,Harborough,1,Aged 15 years and under,1,Lives in a household,17165
E07000131,Harborough,1,Aged 15 years and under,2,Lives in a communal establishment,32
E07000131,Harborough,2,Aged 16 to 24 years,1,Lives in a household,8405
E07000131,Harborough,2,Aged 16 to 24 years,2,Lives in a communal establishment,139
E07000131,Harborough,3,Aged 25 to 34 years,1,Lives in a household,10288
E07000131,Harborough,3,Aged 25 to 34 years,2,Lives in a communal establishment,199
E07000131,Harborough,4,Aged 35 to 49 years,1,Lives in a household,18082
E07000131,Harborough,4,Aged 35 to 49 years,2,Lives in a communal establishment,253
E07000131,Harborough,5,Aged 50 to 64 years,1,Lives in a household,21362
E07000131,Harborough,5,Aged 50 to 64 years,2,Lives in a communal establishment,203
E07000131,Harborough,6,Aged 65 years and over,1,Lives in a household,20993
E07000131,Harborough,6,Aged 65 years and over,2,Lives in a communal establishment,504
E07000132,Hinckley and Bosworth,1,Aged 15 years and under,1,Lives in a household,19677
E07000132,Hinckley and Bosworth,1,Aged 15 years and under,2,Lives in a communal establishment,45
E07000132,Hinckley and Bosworth,2,Aged 16 to 24 years,1,Lives in a household,9347
E07000132,Hinckley and Bosworth,2,Aged 16 to 24 years,2,Lives in a communal establishment,39
E07000132,Hinckley and Bosworth,3,Aged 25 to 34 years,1,Lives in a household,13772
E07000132,Hinckley and Bosworth,3,Aged 25 to 34 years,2,Lives in a communal establishment,36
E07000132,Hinckley and Bosworth,4,Aged 35 to 49 years,1,Lives in a household,21174
E07000132,Hinckley and Bosworth,4,Aged 35 to 49 years,2,Lives in a communal establishment,51
E07000132,Hinckley and Bosworth,5,Aged 50 to 64 years,1,Lives in a household,24024
E07000132,Hinckley and Bosworth,5,Aged 50 to 64 years,2,Lives in a communal establishment,65
E07000132,Hinckley and Bosworth,6,Aged 65 years and over,1,Lives in a household,24861
E07000132,Hinckley and Bosworth,6,Aged 65 years and over,2,Lives in a communal establishment,549
E07000133,Melton,1,Aged 15 years and under,1,Lives in a household,8789
E07000133,Melton,1,Aged 15 years and under,2,Lives in a communal establishment,18
E07000133,Melton,2,Aged 16 to 24 years,1,Lives in a household,4168
E07000133,Melton,2,Aged 16 to 24 years,2,Lives in a communal establishment,55
E07000133,Melton,3,Aged 25 to 34 years,1,Lives in a household,5500
E07000133,Melton,3,Aged 25 to 34 years,2,Lives in a communal establishment,8
E07000133,Melton,4,Aged 35 to 49 years,1,Lives in a household,8943
E07000133,Melton,4,Aged 35 to 49 years,2,Lives in a communal establishment,17
E07000133,Melton,5,Aged 50 to 64 years,1,Lives in a household,12055
E07000133,Melton,5,Aged 50 to 64 years,2,Lives in a communal establishment,40
E07000133,Melton,6,Aged 65 years and over,1,Lives in a household,11917
E07000133,Melton,6,Aged 65 years and over,2,Lives in a communal establishment,243
E07000134,North West Leicestershire,1,Aged 15 years and under,1,Lives in a household,18532
E07000134,North West Leicestershire,1,Aged 15 years and under,2,Lives in a communal establishment,8
E07000134,North West Leicestershire,2,Aged 16 to 24 years,1,Lives in a household,10063
E07000134,North West Leicestershire,2,Aged 16 to 24 years,2,Lives in a communal establishment,5
E07000134,North West Leicestershire,3,Aged 25 to 34 years,1,Lives in a household,12971
E07000134,North West Leicestershire,3,Aged 25 to 34 years,2,Lives in a communal establishment,12
E07000134,North West Leicestershire,4,Aged 35 to 49 years,1,Lives in a household,19946
E07000134,North West Leicestershire,4,Aged 35 to 49 years,2,Lives in a communal establishment,23
E07000134,North West Leicestershire,5,Aged 50 to 64 years,1,Lives in a household,22099
E07000134,North West Leicestershire,5,Aged 50 to 64 years,2,Lives in a communal establishment,43
E07000134,North West Leicestershire,6,Aged 65 years and over,1,Lives in a household,20643
E07000134,North West Leicestershire,6,Aged 65 years and over,2,Lives in a communal establishment,362
E07000135,Oadby and Wigston,1,Aged 15 years and under,1,Lives in a household,10532
E07000135,Oadby and Wigston,1,Aged 15 years and under,2,Lives in a communal establishment,4
E07000135,Oadby and Wigston,2,Aged 16 to 24 years,1,Lives in a household,5105
E07000135,Oadby and Wigston,2,Aged 16 to 24 years,2,Lives in a communal establishment,1360
E07000135,Oadby and Wigston,3,Aged 25 to 34 years,1,Lives in a household,6631
E07000135,Oadby and Wigston,3,Aged 25 to 34 years,2,Lives in a communal establishment,19
E07000135,Oadby and Wigston,4,Aged 35 to 49 years,1,Lives in a household,10467
E07000135,Oadby and Wigston,4,Aged 35 to 49 years,2,Lives in a communal establishment,19
E07000135,Oadby and Wigston,5,Aged 50 to 64 years,1,Lives in a household,11259
E07000135,Oadby and Wigston,5,Aged 50 to 64 years,2,Lives in a communal establishment,46
E07000135,Oadby and Wigston,6,Aged 65 years and over,1,Lives in a household,11915
E07000135,Oadby and Wigston,6,Aged 65 years and over,2,Lives in a communal establishment,388
E07000136,Boston,1,Aged 15 years and under,1,Lives in a household,12917
E07000136,Boston,1,Aged 15 years and under,2,Lives in a communal establishment,1
E07000136,Boston,2,Aged 16 to 24 years,1,Lives in a household,6541
E07000136,Boston,2,Aged 16 to 24 years,2,Lives in a communal establishment,16
E07000136,Boston,3,Aged 25 to 34 years,1,Lives in a household,8979
E07000136,Boston,3,Aged 25 to 34 years,2,Lives in a communal establishment,65
E07000136,Boston,4,Aged 35 to 49 years,1,Lives in a household,13354
E07000136,Boston,4,Aged 35 to 49 years,2,Lives in a communal establishment,138
E07000136,Boston,5,Aged 50 to 64 years,1,Lives in a household,13946
E07000136,Boston,5,Aged 50 to 64 years,2,Lives in a communal establishment,139
E07000136,Boston,6,Aged 65 years and over,1,Lives in a household,13990
E07000136,Boston,6,Aged 65 years and over,2,Lives in a communal establishment,417
E07000137,East Lindsey,1,Aged 15 years and under,1,Lives in a household,20848
E07000137,East Lindsey,1,Aged 15 years and under,2,Lives in a communal establishment,30
E07000137,East Lindsey,2,Aged 16 to 24 years,1,Lives in a household,10512
E07000137,East Lindsey,2,Aged 16 to 24 years,2,Lives in a communal establishment,335
E07000137,East Lindsey,3,Aged 25 to 34 years,1,Lives in a household,13061
E07000137,East Lindsey,3,Aged 25 to 34 years,2,Lives in a communal establishment,370
E07000137,East Lindsey,4,Aged 35 to 49 years,1,Lives in a household,20110
E07000137,East Lindsey,4,Aged 35 to 49 years,2,Lives in a communal establishment,255
E07000137,East Lindsey,5,Aged 50 to 64 years,1,Lives in a household,33234
E07000137,East Lindsey,5,Aged 50 to 64 years,2,Lives in a communal establishment,211
E07000137,East Lindsey,6,Aged 65 years and over,1,Lives in a household,42161
E07000137,East Lindsey,6,Aged 65 years and over,2,Lives in a communal establishment,1170
E07000138,Lincoln,1,Aged 15 years and under,1,Lives in a household,16723
E07000138,Lincoln,1,Aged 15 years and under,2,Lives in a communal establishment,23
E07000138,Lincoln,2,Aged 16 to 24 years,1,Lives in a household,15604
E07000138,Lincoln,2,Aged 16 to 24 years,2,Lives in a communal establishment,5868
E07000138,Lincoln,3,Aged 25 to 34 years,1,Lives in a household,15265
E07000138,Lincoln,3,Aged 25 to 34 years,2,Lives in a communal establishment,341
E07000138,Lincoln,4,Aged 35 to 49 years,1,Lives in a household,17725
E07000138,Lincoln,4,Aged 35 to 49 years,2,Lives in a communal establishment,250
E07000138,Lincoln,5,Aged 50 to 64 years,1,Lives in a household,16864
E07000138,Lincoln,5,Aged 50 to 64 years,2,Lives in a communal establishment,144
E07000138,Lincoln,6,Aged 65 years and over,1,Lives in a household,14378
E07000138,Lincoln,6,Aged 65 years and over,2,Lives in a communal establishment,627
E07000139,North Kesteven,1,Aged 15 years and under,1,Lives in a household,20046
E07000139,North Kesteven,1,Aged 15 years and under,2,Lives in a communal establishment,13
E07000139,North Kesteven,2,Aged 16 to 24 years,1,Lives in a household,9618
E07000139,North Kesteven,2,Aged 16 to 24 years,2,Lives in a communal establishment,505
E07000139,North Kesteven,3,Aged 25 to 34 years,1,Lives in a household,13141
E07000139,North Kesteven,3,Aged 25 to 34 years,2,Lives in a communal establishment,557
E07000139,North Kesteven,4,Aged 35 to 49 years,1,Lives in a household,20739
E07000139,North Kesteven,4,Aged 35 to 49 years,2,Lives in a communal establishment,201
E07000139,North Kesteven,5,Aged 50 to 64 years,1,Lives in a household,25541
E07000139,North Kesteven,5,Aged 50 to 64 years,2,Lives in a communal establishment,103
E07000139,North Kesteven,6,Aged 65 years and over,1,Lives in a household,26964
E07000139,North Kesteven,6,Aged 65 years and over,2,Lives in a communal establishment,646
E07000140,South Holland,1,Aged 15 years and under,1,Lives in a household,16116
E07000140,South Holland,1,Aged 15 years and under,2,Lives in a communal establishment,8
E07000140,South Holland,2,Aged 16 to 24 years,1,Lives in a household,8024
E07000140,South Holland,2,Aged 16 to 24 years,2,Lives in a communal establishment,15
E07000140,South Holland,3,Aged 25 to 34 years,1,Lives in a household,11071
E07000140,South Holland,3,Aged 25 to 34 years,2,Lives in a communal establishment,12
E07000140,South Holland,4,Aged 35 to 49 years,1,Lives in a household,16890
E07000140,South Holland,4,Aged 35 to 49 years,2,Lives in a communal establishment,21
E07000140,South Holland,5,Aged 50 to 64 years,1,Lives in a household,20222
E07000140,South Holland,5,Aged 50 to 64 years,2,Lives in a communal establishment,47
E07000140,South Holland,6,Aged 65 years and over,1,Lives in a household,22020
E07000140,South Holland,6,Aged 65 years and over,2,Lives in a communal establishment,677
E07000141,South Kesteven,1,Aged 15 years and under,1,Lives in a household,25274
E07000141,South Kesteven,1,Aged 15 years and under,2,Lives in a communal establishment,120
E07000141,South Kesteven,2,Aged 16 to 24 years,1,Lives in a household,11718
E07000141,South Kesteven,2,Aged 16 to 24 years,2,Lives in a communal establishment,104
E07000141,South Kesteven,3,Aged 25 to 34 years,1,Lives in a household,15550
E07000141,South Kesteven,3,Aged 25 to 34 years,2,Lives in a communal establishment,22
E07000141,South Kesteven,4,Aged 35 to 49 years,1,Lives in a household,26060
E07000141,South Kesteven,4,Aged 35 to 49 years,2,Lives in a communal establishment,43
E07000141,South Kesteven,5,Aged 50 to 64 years,1,Lives in a household,31338
E07000141,South Kesteven,5,Aged 50 to 64 years,2,Lives in a communal establishment,56
E07000141,South Kesteven,6,Aged 65 years and over,1,Lives in a household,32246
E07000141,South Kesteven,6,Aged 65 years and over,2,Lives in a communal establishment,873
E07000142,West Lindsey,1,Aged 15 years and under,1,Lives in a household,16022
E07000142,West Lindsey,1,Aged 15 years and under,2,Lives in a communal establishment,14
E07000142,West Lindsey,2,Aged 16 to 24 years,1,Lives in a household,7598
E07000142,West Lindsey,2,Aged 16 to 24 years,2,Lives in a communal establishment,109
E07000142,West Lindsey,3,Aged 25 to 34 years,1,Lives in a household,9780
E07000142,West Lindsey,3,Aged 25 to 34 years,2,Lives in a communal establishment,105
E07000142,West Lindsey,4,Aged 35 to 49 years,1,Lives in a household,15778
E07000142,West Lindsey,4,Aged 35 to 49 years,2,Lives in a communal establishment,88
E07000142,West Lindsey,5,Aged 50 to 64 years,1,Lives in a household,21513
E07000142,West Lindsey,5,Aged 50 to 64 years,2,Lives in a communal establishment,161
E07000142,West Lindsey,6,Aged 65 years and over,1,Lives in a household,23338
E07000142,West Lindsey,6,Aged 65 years and over,2,Lives in a communal establishment,647
E07000143,Breckland,1,Aged 15 years and under,1,Lives in a household,23621
E07000143,Breckland,1,Aged 15 years and under,2,Lives in a communal establishment,5
E07000143,Breckland,2,Aged 16 to 24 years,1,Lives in a household,11767
E07000143,Breckland,2,Aged 16 to 24 years,2,Lives in a communal establishment,182
E07000143,Breckland,3,Aged 25 to 34 years,1,Lives in a household,16172
E07000143,Breckland,3,Aged 25 to 34 years,2,Lives in a communal establishment,430
E07000143,Breckland,4,Aged 35 to 49 years,1,Lives in a household,23712
E07000143,Breckland,4,Aged 35 to 49 years,2,Lives in a communal establishment,394
E07000143,Breckland,5,Aged 50 to 64 years,1,Lives in a household,29664
E07000143,Breckland,5,Aged 50 to 64 years,2,Lives in a communal establishment,231
E07000143,Breckland,6,Aged 65 years and over,1,Lives in a household,34134
E07000143,Breckland,6,Aged 65 years and over,2,Lives in a communal establishment,1167
E07000144,Broadland,1,Aged 15 years and under,1,Lives in a household,21212
E07000144,Broadland,1,Aged 15 years and under,2,Lives in a communal establishment,2
E07000144,Broadland,2,Aged 16 to 24 years,1,Lives in a household,10558
E07000144,Broadland,2,Aged 16 to 24 years,2,Lives in a communal establishment,16
E07000144,Broadland,3,Aged 25 to 34 years,1,Lives in a household,13568
E07000144,Broadland,3,Aged 25 to 34 years,2,Lives in a communal establishment,73
E07000144,Broadland,4,Aged 35 to 49 years,1,Lives in a household,23495
E07000144,Broadland,4,Aged 35 to 49 years,2,Lives in a communal establishment,96
E07000144,Broadland,5,Aged 50 to 64 years,1,Lives in a household,28466
E07000144,Broadland,5,Aged 50 to 64 years,2,Lives in a communal establishment,164
E07000144,Broadland,6,Aged 65 years and over,1,Lives in a household,33106
E07000144,Broadland,6,Aged 65 years and over,2,Lives in a communal establishment,963
E07000145,Great Yarmouth,1,Aged 15 years and under,1,Lives in a household,17024
E07000145,Great Yarmouth,1,Aged 15 years and under,2,Lives in a communal establishment,5
E07000145,Great Yarmouth,2,Aged 16 to 24 years,1,Lives in a household,9076
E07000145,Great Yarmouth,2,Aged 16 to 24 years,2,Lives in a communal establishment,24
E07000145,Great Yarmouth,3,Aged 25 to 34 years,1,Lives in a household,11664
E07000145,Great Yarmouth,3,Aged 25 to 34 years,2,Lives in a communal establishment,29
E07000145,Great Yarmouth,4,Aged 35 to 49 years,1,Lives in a household,16807
E07000145,Great Yarmouth,4,Aged 35 to 49 years,2,Lives in a communal establishment,75
E07000145,Great Yarmouth,5,Aged 50 to 64 years,1,Lives in a household,20971
E07000145,Great Yarmouth,5,Aged 50 to 64 years,2,Lives in a communal establishment,135
E07000145,Great Yarmouth,6,Aged 65 years and over,1,Lives in a household,23251
E07000145,Great Yarmouth,6,Aged 65 years and over,2,Lives in a communal establishment,686
E07000146,King's Lynn and West Norfolk,1,Aged 15 years and under,1,Lives in a household,25405
E07000146,King's Lynn and West Norfolk,1,Aged 15 years and under,2,Lives in a communal establishment,28
E07000146,King's Lynn and West Norfolk,2,Aged 16 to 24 years,1,Lives in a household,12552
E07000146,King's Lynn and West Norfolk,2,Aged 16 to 24 years,2,Lives in a communal establishment,292
E07000146,King's Lynn and West Norfolk,3,Aged 25 to 34 years,1,Lives in a household,17510
E07000146,King's Lynn and West Norfolk,3,Aged 25 to 34 years,2,Lives in a communal establishment,229
E07000146,King's Lynn and West Norfolk,4,Aged 35 to 49 years,1,Lives in a household,25613
E07000146,King's Lynn and West Norfolk,4,Aged 35 to 49 years,2,Lives in a communal establishment,117
E07000146,King's Lynn and West Norfolk,5,Aged 50 to 64 years,1,Lives in a household,32532
E07000146,King's Lynn and West Norfolk,5,Aged 50 to 64 years,2,Lives in a communal establishment,109
E07000146,King's Lynn and West Norfolk,6,Aged 65 years and over,1,Lives in a household,38948
E07000146,King's Lynn and West Norfolk,6,Aged 65 years and over,2,Lives in a communal establishment,988
E07000147,North Norfolk,1,Aged 15 years and under,1,Lives in a household,13671
E07000147,North Norfolk,1,Aged 15 years and under,2,Lives in a communal establishment,164
E07000147,North Norfolk,2,Aged 16 to 24 years,1,Lives in a household,7200
E07000147,North Norfolk,2,Aged 16 to 24 years,2,Lives in a communal establishment,158
E07000147,North Norfolk,3,Aged 25 to 34 years,1,Lives in a household,8774
E07000147,North Norfolk,3,Aged 25 to 34 years,2,Lives in a communal establishment,162
E07000147,North Norfolk,4,Aged 35 to 49 years,1,Lives in a household,14321
E07000147,North Norfolk,4,Aged 35 to 49 years,2,Lives in a communal establishment,290
E07000147,North Norfolk,5,Aged 50 to 64 years,1,Lives in a household,23390
E07000147,North Norfolk,5,Aged 50 to 64 years,2,Lives in a communal establishment,352
E07000147,North Norfolk,6,Aged 65 years and over,1,Lives in a household,33513
E07000147,North Norfolk,6,Aged 65 years and over,2,Lives in a communal establishment,986
E07000148,Norwich,1,Aged 15 years and under,1,Lives in a household,23124
E07000148,Norwich,1,Aged 15 years and under,2,Lives in a communal establishment,36
E07000148,Norwich,2,Aged 16 to 24 years,1,Lives in a household,20609
E07000148,Norwich,2,Aged 16 to 24 years,2,Lives in a communal establishment,4838
E07000148,Norwich,3,Aged 25 to 34 years,1,Lives in a household,23216
E07000148,Norwich,3,Aged 25 to 34 years,2,Lives in a communal establishment,528
E07000148,Norwich,4,Aged 35 to 49 years,1,Lives in a household,27322
E07000148,Norwich,4,Aged 35 to 49 years,2,Lives in a communal establishment,296
E07000148,Norwich,5,Aged 50 to 64 years,1,Lives in a household,22299
E07000148,Norwich,5,Aged 50 to 64 years,2,Lives in a communal establishment,146
E07000148,Norwich,6,Aged 65 years and over,1,Lives in a household,20917
E07000148,Norwich,6,Aged 65 years and over,2,Lives in a communal establishment,592
E07000149,South Norfolk,1,Aged 15 years and under,1,Lives in a household,24400
E07000149,South Norfolk,1,Aged 15 years and under,2,Lives in a communal establishment,329
E07000149,South Norfolk,2,Aged 16 to 24 years,1,Lives in a household,11012
E07000149,South Norfolk,2,Aged 16 to 24 years,2,Lives in a communal establishment,313
E07000149,South Norfolk,3,Aged 25 to 34 years,1,Lives in a household,15407
E07000149,South Norfolk,3,Aged 25 to 34 years,2,Lives in a communal establishment,64
E07000149,South Norfolk,4,Aged 35 to 49 years,1,Lives in a household,25949
E07000149,South Norfolk,4,Aged 35 to 49 years,2,Lives in a communal establishment,104
E07000149,South Norfolk,5,Aged 50 to 64 years,1,Lives in a household,29711
E07000149,South Norfolk,5,Aged 50 to 64 years,2,Lives in a communal establishment,149
E07000149,South Norfolk,6,Aged 65 years and over,1,Lives in a household,33688
E07000149,South Norfolk,6,Aged 65 years and over,2,Lives in a communal establishment,823
E07000163,Craven,1,Aged 15 years and under,1,Lives in a household,8567
E07000163,Craven,1,Aged 15 years and under,2,Lives in a communal establishment,76
E07000163,Craven,2,Aged 16 to 24 years,1,Lives in a household,4243
E07000163,Craven,2,Aged 16 to 24 years,2,Lives in a communal establishment,81
E07000163,Craven,3,Aged 25 to 34 years,1,Lives in a household,5326
E07000163,Craven,3,Aged 25 to 34 years,2,Lives in a communal establishment,27
E07000163,Craven,4,Aged 35 to 49 years,1,Lives in a household,9264
E07000163,Craven,4,Aged 35 to 49 years,2,Lives in a communal establishment,39
E07000163,Craven,5,Aged 50 to 64 years,1,Lives in a household,13604
E07000163,Craven,5,Aged 50 to 64 years,2,Lives in a communal establishment,71
E07000163,Craven,6,Aged 65 years and over,1,Lives in a household,15217
E07000163,Craven,6,Aged 65 years and over,2,Lives in a communal establishment,412
E07000164,Hambleton,1,Aged 15 years and under,1,Lives in a household,13700
E07000164,Hambleton,1,Aged 15 years and under,2,Lives in a communal establishment,4
E07000164,Hambleton,2,Aged 16 to 24 years,1,Lives in a household,6900
E07000164,Hambleton,2,Aged 16 to 24 years,2,Lives in a communal establishment,322
E07000164,Hambleton,3,Aged 25 to 34 years,1,Lives in a household,8803
E07000164,Hambleton,3,Aged 25 to 34 years,2,Lives in a communal establishment,233
E07000164,Hambleton,4,Aged 35 to 49 years,1,Lives in a household,14220
E07000164,Hambleton,4,Aged 35 to 49 years,2,Lives in a communal establishment,79
E07000164,Hambleton,5,Aged 50 to 64 years,1,Lives in a household,21620
E07000164,Hambleton,5,Aged 50 to 64 years,2,Lives in a communal establishment,75
E07000164,Hambleton,6,Aged 65 years and over,1,Lives in a household,24340
E07000164,Hambleton,6,Aged 65 years and over,2,Lives in a communal establishment,393
E07000165,Harrogate,1,Aged 15 years and under,1,Lives in a household,26830
E07000165,Harrogate,1,Aged 15 years and under,2,Lives in a communal establishment,532
E07000165,Harrogate,2,Aged 16 to 24 years,1,Lives in a household,12420
E07000165,Harrogate,2,Aged 16 to 24 years,2,Lives in a communal establishment,1778
E07000165,Harrogate,3,Aged 25 to 34 years,1,Lives in a household,16255
E07000165,Harrogate,3,Aged 25 to 34 years,2,Lives in a communal establishment,332
E07000165,Harrogate,4,Aged 35 to 49 years,1,Lives in a household,29462
E07000165,Harrogate,4,Aged 35 to 49 years,2,Lives in a communal establishment,252
E07000165,Harrogate,5,Aged 50 to 64 years,1,Lives in a household,36576
E07000165,Harrogate,5,Aged 50 to 64 years,2,Lives in a communal establishment,205
E07000165,Harrogate,6,Aged 65 years and over,1,Lives in a household,36598
E07000165,Harrogate,6,Aged 65 years and over,2,Lives in a communal establishment,1428
E07000166,Richmondshire,1,Aged 15 years and under,1,Lives in a household,7912
E07000166,Richmondshire,1,Aged 15 years and under,2,Lives in a communal establishment,124
E07000166,Richmondshire,2,Aged 16 to 24 years,1,Lives in a household,3761
E07000166,Richmondshire,2,Aged 16 to 24 years,2,Lives in a communal establishment,1366
E07000166,Richmondshire,3,Aged 25 to 34 years,1,Lives in a household,5065
E07000166,Richmondshire,3,Aged 25 to 34 years,2,Lives in a communal establishment,819
E07000166,Richmondshire,4,Aged 35 to 49 years,1,Lives in a household,7853
E07000166,Richmondshire,4,Aged 35 to 49 years,2,Lives in a communal establishment,189
E07000166,Richmondshire,5,Aged 50 to 64 years,1,Lives in a household,10953
E07000166,Richmondshire,5,Aged 50 to 64 years,2,Lives in a communal establishment,77
E07000166,Richmondshire,6,Aged 65 years and over,1,Lives in a household,11392
E07000166,Richmondshire,6,Aged 65 years and over,2,Lives in a communal establishment,265
E07000167,Ryedale,1,Aged 15 years and under,1,Lives in a household,8258
E07000167,Ryedale,1,Aged 15 years and under,2,Lives in a communal establishment,124
E07000167,Ryedale,2,Aged 16 to 24 years,1,Lives in a household,4027
E07000167,Ryedale,2,Aged 16 to 24 years,2,Lives in a communal establishment,223
E07000167,Ryedale,3,Aged 25 to 34 years,1,Lives in a household,5267
E07000167,Ryedale,3,Aged 25 to 34 years,2,Lives in a communal establishment,21
E07000167,Ryedale,4,Aged 35 to 49 years,1,Lives in a household,8714
E07000167,Ryedale,4,Aged 35 to 49 years,2,Lives in a communal establishment,29
E07000167,Ryedale,5,Aged 50 to 64 years,1,Lives in a household,12867
E07000167,Ryedale,5,Aged 50 to 64 years,2,Lives in a communal establishment,36
E07000167,Ryedale,6,Aged 65 years and over,1,Lives in a household,14830
E07000167,Ryedale,6,Aged 65 years and over,2,Lives in a communal establishment,313
E07000168,Scarborough,1,Aged 15 years and under,1,Lives in a household,16544
E07000168,Scarborough,1,Aged 15 years and under,2,Lives in a communal establishment,82
E07000168,Scarborough,2,Aged 16 to 24 years,1,Lives in a household,8641
E07000168,Scarborough,2,Aged 16 to 24 years,2,Lives in a communal establishment,145
E07000168,Scarborough,3,Aged 25 to 34 years,1,Lives in a household,11457
E07000168,Scarborough,3,Aged 25 to 34 years,2,Lives in a communal establishment,62
E07000168,Scarborough,4,Aged 35 to 49 years,1,Lives in a household,16958
E07000168,Scarborough,4,Aged 35 to 49 years,2,Lives in a communal establishment,84
E07000168,Scarborough,5,Aged 50 to 64 years,1,Lives in a household,24724
E07000168,Scarborough,5,Aged 50 to 64 years,2,Lives in a communal establishment,170
E07000168,Scarborough,6,Aged 65 years and over,1,Lives in a household,28946
E07000168,Scarborough,6,Aged 65 years and over,2,Lives in a communal establishment,922
E07000169,Selby,1,Aged 15 years and under,1,Lives in a household,16495
E07000169,Selby,1,Aged 15 years and under,2,Lives in a communal establishment,61
E07000169,Selby,2,Aged 16 to 24 years,1,Lives in a household,7534
E07000169,Selby,2,Aged 16 to 24 years,2,Lives in a communal establishment,84
E07000169,Selby,3,Aged 25 to 34 years,1,Lives in a household,11372
E07000169,Selby,3,Aged 25 to 34 years,2,Lives in a communal establishment,26
E07000169,Selby,4,Aged 35 to 49 years,1,Lives in a household,17193
E07000169,Selby,4,Aged 35 to 49 years,2,Lives in a communal establishment,41
E07000169,Selby,5,Aged 50 to 64 years,1,Lives in a household,20381
E07000169,Selby,5,Aged 50 to 64 years,2,Lives in a communal establishment,28
E07000169,Selby,6,Aged 65 years and over,1,Lives in a household,18401
E07000169,Selby,6,Aged 65 years and over,2,Lives in a communal establishment,369
E07000170,Ashfield,1,Aged 15 years and under,1,Lives in a household,23453
E07000170,Ashfield,1,Aged 15 years and under,2,Lives in a communal establishment,1
E07000170,Ashfield,2,Aged 16 to 24 years,1,Lives in a household,11556
E07000170,Ashfield,2,Aged 16 to 24 years,2,Lives in a communal establishment,31
E07000170,Ashfield,3,Aged 25 to 34 years,1,Lives in a household,16411
E07000170,Ashfield,3,Aged 25 to 34 years,2,Lives in a communal establishment,70
E07000170,Ashfield,4,Aged 35 to 49 years,1,Lives in a household,23410
E07000170,Ashfield,4,Aged 35 to 49 years,2,Lives in a communal establishment,104
E07000170,Ashfield,5,Aged 50 to 64 years,1,Lives in a household,26216
E07000170,Ashfield,5,Aged 50 to 64 years,2,Lives in a communal establishment,167
E07000170,Ashfield,6,Aged 65 years and over,1,Lives in a household,24139
E07000170,Ashfield,6,Aged 65 years and over,2,Lives in a communal establishment,745
E07000171,Bassetlaw,1,Aged 15 years and under,1,Lives in a household,20402
E07000171,Bassetlaw,1,Aged 15 years and under,2,Lives in a communal establishment,36
E07000171,Bassetlaw,2,Aged 16 to 24 years,1,Lives in a household,10027
E07000171,Bassetlaw,2,Aged 16 to 24 years,2,Lives in a communal establishment,185
E07000171,Bassetlaw,3,Aged 25 to 34 years,1,Lives in a household,13658
E07000171,Bassetlaw,3,Aged 25 to 34 years,2,Lives in a communal establishment,512
E07000171,Bassetlaw,4,Aged 35 to 49 years,1,Lives in a household,20398
E07000171,Bassetlaw,4,Aged 35 to 49 years,2,Lives in a communal establishment,502
E07000171,Bassetlaw,5,Aged 50 to 64 years,1,Lives in a household,25834
E07000171,Bassetlaw,5,Aged 50 to 64 years,2,Lives in a communal establishment,168
E07000171,Bassetlaw,6,Aged 65 years and over,1,Lives in a household,25232
E07000171,Bassetlaw,6,Aged 65 years and over,2,Lives in a communal establishment,849
E07000172,Broxtowe,1,Aged 15 years and under,1,Lives in a household,18393
E07000172,Broxtowe,1,Aged 15 years and under,2,Lives in a communal establishment,7
E07000172,Broxtowe,2,Aged 16 to 24 years,1,Lives in a household,9934
E07000172,Broxtowe,2,Aged 16 to 24 years,2,Lives in a communal establishment,1034
E07000172,Broxtowe,3,Aged 25 to 34 years,1,Lives in a household,14450
E07000172,Broxtowe,3,Aged 25 to 34 years,2,Lives in a communal establishment,104
E07000172,Broxtowe,4,Aged 35 to 49 years,1,Lives in a household,20144
E07000172,Broxtowe,4,Aged 35 to 49 years,2,Lives in a communal establishment,88
E07000172,Broxtowe,5,Aged 50 to 64 years,1,Lives in a household,22481
E07000172,Broxtowe,5,Aged 50 to 64 years,2,Lives in a communal establishment,81
E07000172,Broxtowe,6,Aged 65 years and over,1,Lives in a household,23520
E07000172,Broxtowe,6,Aged 65 years and over,2,Lives in a communal establishment,704
E07000173,Gedling,1,Aged 15 years and under,1,Lives in a household,20804
E07000173,Gedling,1,Aged 15 years and under,2,Lives in a communal establishment,2
E07000173,Gedling,2,Aged 16 to 24 years,1,Lives in a household,9735
E07000173,Gedling,2,Aged 16 to 24 years,2,Lives in a communal establishment,17
E07000173,Gedling,3,Aged 25 to 34 years,1,Lives in a household,14426
E07000173,Gedling,3,Aged 25 to 34 years,2,Lives in a communal establishment,17
E07000173,Gedling,4,Aged 35 to 49 years,1,Lives in a household,22279
E07000173,Gedling,4,Aged 35 to 49 years,2,Lives in a communal establishment,16
E07000173,Gedling,5,Aged 50 to 64 years,1,Lives in a household,24640
E07000173,Gedling,5,Aged 50 to 64 years,2,Lives in a communal establishment,40
E07000173,Gedling,6,Aged 65 years and over,1,Lives in a household,24770
E07000173,Gedling,6,Aged 65 years and over,2,Lives in a communal establishment,517
E07000174,Mansfield,1,Aged 15 years and under,1,Lives in a household,20313
E07000174,Mansfield,1,Aged 15 years and under,2,Lives in a communal establishment,1
E07000174,Mansfield,2,Aged 16 to 24 years,1,Lives in a household,9636
E07000174,Mansfield,2,Aged 16 to 24 years,2,Lives in a communal establishment,20
E07000174,Mansfield,3,Aged 25 to 34 years,1,Lives in a household,15072
E07000174,Mansfield,3,Aged 25 to 34 years,2,Lives in a communal establishment,30
E07000174,Mansfield,4,Aged 35 to 49 years,1,Lives in a household,20912
E07000174,Mansfield,4,Aged 35 to 49 years,2,Lives in a communal establishment,67
E07000174,Mansfield,5,Aged 50 to 64 years,1,Lives in a household,23004
E07000174,Mansfield,5,Aged 50 to 64 years,2,Lives in a communal establishment,127
E07000174,Mansfield,6,Aged 65 years and over,1,Lives in a household,20762
E07000174,Mansfield,6,Aged 65 years and over,2,Lives in a communal establishment,540
E07000175,Newark and Sherwood,1,Aged 15 years and under,1,Lives in a household,20948
E07000175,Newark and Sherwood,1,Aged 15 years and under,2,Lives in a communal establishment,40
E07000175,Newark and Sherwood,2,Aged 16 to 24 years,1,Lives in a household,10457
E07000175,Newark and Sherwood,2,Aged 16 to 24 years,2,Lives in a communal establishment,585
E07000175,Newark and Sherwood,3,Aged 25 to 34 years,1,Lives in a household,14279
E07000175,Newark and Sherwood,3,Aged 25 to 34 years,2,Lives in a communal establishment,457
E07000175,Newark and Sherwood,4,Aged 35 to 49 years,1,Lives in a household,21469
E07000175,Newark and Sherwood,4,Aged 35 to 49 years,2,Lives in a communal establishment,393
E07000175,Newark and Sherwood,5,Aged 50 to 64 years,1,Lives in a household,26461
E07000175,Newark and Sherwood,5,Aged 50 to 64 years,2,Lives in a communal establishment,199
E07000175,Newark and Sherwood,6,Aged 65 years and over,1,Lives in a household,26992
E07000175,Newark and Sherwood,6,Aged 65 years and over,2,Lives in a communal establishment,676
E07000176,Rushcliffe,1,Aged 15 years and under,1,Lives in a household,21353
E07000176,Rushcliffe,1,Aged 15 years and under,2,Lives in a communal establishment,1
E07000176,Rushcliffe,2,Aged 16 to 24 years,1,Lives in a household,10610
E07000176,Rushcliffe,2,Aged 16 to 24 years,2,Lives in a communal establishment,775
E07000176,Rushcliffe,3,Aged 25 to 34 years,1,Lives in a household,12605
E07000176,Rushcliffe,3,Aged 25 to 34 years,2,Lives in a communal establishment,305
E07000176,Rushcliffe,4,Aged 35 to 49 years,1,Lives in a household,22799
E07000176,Rushcliffe,4,Aged 35 to 49 years,2,Lives in a communal establishment,324
E07000176,Rushcliffe,5,Aged 50 to 64 years,1,Lives in a household,24256
E07000176,Rushcliffe,5,Aged 50 to 64 years,2,Lives in a communal establishment,308
E07000176,Rushcliffe,6,Aged 65 years and over,1,Lives in a household,24909
E07000176,Rushcliffe,6,Aged 65 years and over,2,Lives in a communal establishment,833
E07000177,Cherwell,1,Aged 15 years and under,1,Lives in a household,30157
E07000177,Cherwell,1,Aged 15 years and under,2,Lives in a communal establishment,271
E07000177,Cherwell,2,Aged 16 to 24 years,1,Lives in a household,13924
E07000177,Cherwell,2,Aged 16 to 24 years,2,Lives in a communal establishment,440
E07000177,Cherwell,3,Aged 25 to 34 years,1,Lives in a household,22613
E07000177,Cherwell,3,Aged 25 to 34 years,2,Lives in a communal establishment,303
E07000177,Cherwell,4,Aged 35 to 49 years,1,Lives in a household,33214
E07000177,Cherwell,4,Aged 35 to 49 years,2,Lives in a communal establishment,270
E07000177,Cherwell,5,Aged 50 to 64 years,1,Lives in a household,31671
E07000177,Cherwell,5,Aged 50 to 64 years,2,Lives in a communal establishment,119
E07000177,Cherwell,6,Aged 65 years and over,1,Lives in a household,27247
E07000177,Cherwell,6,Aged 65 years and over,2,Lives in a communal establishment,787
E07000178,Oxford,1,Aged 15 years and under,1,Lives in a household,24543
E07000178,Oxford,1,Aged 15 years and under,2,Lives in a communal establishment,779
E07000178,Oxford,2,Aged 16 to 24 years,1,Lives in a household,19662
E07000178,Oxford,2,Aged 16 to 24 years,2,Lives in a communal establishment,16521
E07000178,Oxford,3,Aged 25 to 34 years,1,Lives in a household,26004
E07000178,Oxford,3,Aged 25 to 34 years,2,Lives in a communal establishment,2667
E07000178,Oxford,4,Aged 35 to 49 years,1,Lives in a household,29018
E07000178,Oxford,4,Aged 35 to 49 years,2,Lives in a communal establishment,427
E07000178,Oxford,5,Aged 50 to 64 years,1,Lives in a household,23219
E07000178,Oxford,5,Aged 50 to 64 years,2,Lives in a communal establishment,231
E07000178,Oxford,6,Aged 65 years and over,1,Lives in a household,18372
E07000178,Oxford,6,Aged 65 years and over,2,Lives in a communal establishment,597
E07000179,South Oxfordshire,1,Aged 15 years and under,1,Lives in a household,27456
E07000179,South Oxfordshire,1,Aged 15 years and under,2,Lives in a communal establishment,139
E07000179,South Oxfordshire,2,Aged 16 to 24 years,1,Lives in a household,11893
E07000179,South Oxfordshire,2,Aged 16 to 24 years,2,Lives in a communal establishment,468
E07000179,South Oxfordshire,3,Aged 25 to 34 years,1,Lives in a household,17127
E07000179,South Oxfordshire,3,Aged 25 to 34 years,2,Lives in a communal establishment,507
E07000179,South Oxfordshire,4,Aged 35 to 49 years,1,Lives in a household,29346
E07000179,South Oxfordshire,4,Aged 35 to 49 years,2,Lives in a communal establishment,316
E07000179,South Oxfordshire,5,Aged 50 to 64 years,1,Lives in a household,31104
E07000179,South Oxfordshire,5,Aged 50 to 64 years,2,Lives in a communal establishment,153
E07000179,South Oxfordshire,6,Aged 65 years and over,1,Lives in a household,29817
E07000179,South Oxfordshire,6,Aged 65 years and over,2,Lives in a communal establishment,760
E07000180,Vale of White Horse,1,Aged 15 years and under,1,Lives in a household,25832
E07000180,Vale of White Horse,1,Aged 15 years and under,2,Lives in a communal establishment,654
E07000180,Vale of White Horse,2,Aged 16 to 24 years,1,Lives in a household,10930
E07000180,Vale of White Horse,2,Aged 16 to 24 years,2,Lives in a communal establishment,989
E07000180,Vale of White Horse,3,Aged 25 to 34 years,1,Lives in a household,17539
E07000180,Vale of White Horse,3,Aged 25 to 34 years,2,Lives in a communal establishment,346
E07000180,Vale of White Horse,4,Aged 35 to 49 years,1,Lives in a household,27591
E07000180,Vale of White Horse,4,Aged 35 to 49 years,2,Lives in a communal establishment,156
E07000180,Vale of White Horse,5,Aged 50 to 64 years,1,Lives in a household,27351
E07000180,Vale of White Horse,5,Aged 50 to 64 years,2,Lives in a communal establishment,59
E07000180,Vale of White Horse,6,Aged 65 years and over,1,Lives in a household,26707
E07000180,Vale of White Horse,6,Aged 65 years and over,2,Lives in a communal establishment,759
E07000181,West Oxfordshire,1,Aged 15 years and under,1,Lives in a household,20253
E07000181,West Oxfordshire,1,Aged 15 years and under,2,Lives in a communal establishment,175
E07000181,West Oxfordshire,2,Aged 16 to 24 years,1,Lives in a household,9219
E07000181,West Oxfordshire,2,Aged 16 to 24 years,2,Lives in a communal establishment,623
E07000181,West Oxfordshire,3,Aged 25 to 34 years,1,Lives in a household,13153
E07000181,West Oxfordshire,3,Aged 25 to 34 years,2,Lives in a communal establishment,537
E07000181,West Oxfordshire,4,Aged 35 to 49 years,1,Lives in a household,21235
E07000181,West Oxfordshire,4,Aged 35 to 49 years,2,Lives in a communal establishment,207
E07000181,West Oxfordshire,5,Aged 50 to 64 years,1,Lives in a household,24000
E07000181,West Oxfordshire,5,Aged 50 to 64 years,2,Lives in a communal establishment,86
E07000181,West Oxfordshire,6,Aged 65 years and over,1,Lives in a household,23923
E07000181,West Oxfordshire,6,Aged 65 years and over,2,Lives in a communal establishment,826
E07000187,Mendip,1,Aged 15 years and under,1,Lives in a household,19437
E07000187,Mendip,1,Aged 15 years and under,2,Lives in a communal establishment,601
E07000187,Mendip,2,Aged 16 to 24 years,1,Lives in a household,9375
E07000187,Mendip,2,Aged 16 to 24 years,2,Lives in a communal establishment,702
E07000187,Mendip,3,Aged 25 to 34 years,1,Lives in a household,12092
E07000187,Mendip,3,Aged 25 to 34 years,2,Lives in a communal establishment,58
E07000187,Mendip,4,Aged 35 to 49 years,1,Lives in a household,20086
E07000187,Mendip,4,Aged 35 to 49 years,2,Lives in a communal establishment,103
E07000187,Mendip,5,Aged 50 to 64 years,1,Lives in a household,25926
E07000187,Mendip,5,Aged 50 to 64 years,2,Lives in a communal establishment,100
E07000187,Mendip,6,Aged 65 years and over,1,Lives in a household,26901
E07000187,Mendip,6,Aged 65 years and over,2,Lives in a communal establishment,708
E07000188,Sedgemoor,1,Aged 15 years and under,1,Lives in a household,21455
E07000188,Sedgemoor,1,Aged 15 years and under,2,Lives in a communal establishment,107
E07000188,Sedgemoor,2,Aged 16 to 24 years,1,Lives in a household,10965
E07000188,Sedgemoor,2,Aged 16 to 24 years,2,Lives in a communal establishment,154
E07000188,Sedgemoor,3,Aged 25 to 34 years,1,Lives in a household,14279
E07000188,Sedgemoor,3,Aged 25 to 34 years,2,Lives in a communal establishment,90
E07000188,Sedgemoor,4,Aged 35 to 49 years,1,Lives in a household,21177
E07000188,Sedgemoor,4,Aged 35 to 49 years,2,Lives in a communal establishment,137
E07000188,Sedgemoor,5,Aged 50 to 64 years,1,Lives in a household,27046
E07000188,Sedgemoor,5,Aged 50 to 64 years,2,Lives in a communal establishment,120
E07000188,Sedgemoor,6,Aged 65 years and over,1,Lives in a household,29011
E07000188,Sedgemoor,6,Aged 65 years and over,2,Lives in a communal establishment,801
E07000189,South Somerset,1,Aged 15 years and under,1,Lives in a household,28587
E07000189,South Somerset,1,Aged 15 years and under,2,Lives in a communal establishment,271
E07000189,South Somerset,2,Aged 16 to 24 years,1,Lives in a household,14310
E07000189,South Somerset,2,Aged 16 to 24 years,2,Lives in a communal establishment,656
E07000189,South Somerset,3,Aged 25 to 34 years,1,Lives in a household,19103
E07000189,South Somerset,3,Aged 25 to 34 years,2,Lives in a communal establishment,359
E07000189,South Somerset,4,Aged 35 to 49 years,1,Lives in a household,28393
E07000189,South Somerset,4,Aged 35 to 49 years,2,Lives in a communal establishment,173
E07000189,South Somerset,5,Aged 50 to 64 years,1,Lives in a household,36701
E07000189,South Somerset,5,Aged 50 to 64 years,2,Lives in a communal establishment,81
E07000189,South Somerset,6,Aged 65 years and over,1,Lives in a household,42932
E07000189,South Somerset,6,Aged 65 years and over,2,Lives in a communal establishment,1105
E07000192,Cannock Chase,1,Aged 15 years and under,1,Lives in a household,18023
E07000192,Cannock Chase,1,Aged 15 years and under,2,Lives in a communal establishment,17
E07000192,Cannock Chase,2,Aged 16 to 24 years,1,Lives in a household,9202
E07000192,Cannock Chase,2,Aged 16 to 24 years,2,Lives in a communal establishment,39
E07000192,Cannock Chase,3,Aged 25 to 34 years,1,Lives in a household,13776
E07000192,Cannock Chase,3,Aged 25 to 34 years,2,Lives in a communal establishment,16
E07000192,Cannock Chase,4,Aged 35 to 49 years,1,Lives in a household,18503
E07000192,Cannock Chase,4,Aged 35 to 49 years,2,Lives in a communal establishment,16
E07000192,Cannock Chase,5,Aged 50 to 64 years,1,Lives in a household,21350
E07000192,Cannock Chase,5,Aged 50 to 64 years,2,Lives in a communal establishment,22
E07000192,Cannock Chase,6,Aged 65 years and over,1,Lives in a household,19163
E07000192,Cannock Chase,6,Aged 65 years and over,2,Lives in a communal establishment,391
E07000193,East Staffordshire,1,Aged 15 years and under,1,Lives in a household,23448
E07000193,East Staffordshire,1,Aged 15 years and under,2,Lives in a communal establishment,63
E07000193,East Staffordshire,2,Aged 16 to 24 years,1,Lives in a household,11604
E07000193,East Staffordshire,2,Aged 16 to 24 years,2,Lives in a communal establishment,208
E07000193,East Staffordshire,3,Aged 25 to 34 years,1,Lives in a household,16352
E07000193,East Staffordshire,3,Aged 25 to 34 years,2,Lives in a communal establishment,440
E07000193,East Staffordshire,4,Aged 35 to 49 years,1,Lives in a household,23102
E07000193,East Staffordshire,4,Aged 35 to 49 years,2,Lives in a communal establishment,474
E07000193,East Staffordshire,5,Aged 50 to 64 years,1,Lives in a household,25047
E07000193,East Staffordshire,5,Aged 50 to 64 years,2,Lives in a communal establishment,192
E07000193,East Staffordshire,6,Aged 65 years and over,1,Lives in a household,22493
E07000193,East Staffordshire,6,Aged 65 years and over,2,Lives in a communal establishment,594
E07000194,Lichfield,1,Aged 15 years and under,1,Lives in a household,17833
E07000194,Lichfield,1,Aged 15 years and under,2,Lives in a communal establishment,7
E07000194,Lichfield,2,Aged 16 to 24 years,1,Lives in a household,8723
E07000194,Lichfield,2,Aged 16 to 24 years,2,Lives in a communal establishment,542
E07000194,Lichfield,3,Aged 25 to 34 years,1,Lives in a household,11923
E07000194,Lichfield,3,Aged 25 to 34 years,2,Lives in a communal establishment,104
E07000194,Lichfield,4,Aged 35 to 49 years,1,Lives in a household,19009
E07000194,Lichfield,4,Aged 35 to 49 years,2,Lives in a communal establishment,38
E07000194,Lichfield,5,Aged 50 to 64 years,1,Lives in a household,22669
E07000194,Lichfield,5,Aged 50 to 64 years,2,Lives in a communal establishment,60
E07000194,Lichfield,6,Aged 65 years and over,1,Lives in a household,24885
E07000194,Lichfield,6,Aged 65 years and over,2,Lives in a communal establishment,644
E07000195,Newcastle-under-Lyme,1,Aged 15 years and under,1,Lives in a household,20105
E07000195,Newcastle-under-Lyme,1,Aged 15 years and under,2,Lives in a communal establishment,11
E07000195,Newcastle-under-Lyme,2,Aged 16 to 24 years,1,Lives in a household,12574
E07000195,Newcastle-under-Lyme,2,Aged 16 to 24 years,2,Lives in a communal establishment,2345
E07000195,Newcastle-under-Lyme,3,Aged 25 to 34 years,1,Lives in a household,14330
E07000195,Newcastle-under-Lyme,3,Aged 25 to 34 years,2,Lives in a communal establishment,87
E07000195,Newcastle-under-Lyme,4,Aged 35 to 49 years,1,Lives in a household,21562
E07000195,Newcastle-under-Lyme,4,Aged 35 to 49 years,2,Lives in a communal establishment,33
E07000195,Newcastle-under-Lyme,5,Aged 50 to 64 years,1,Lives in a household,25472
E07000195,Newcastle-under-Lyme,5,Aged 50 to 64 years,2,Lives in a communal establishment,44
E07000195,Newcastle-under-Lyme,6,Aged 65 years and over,1,Lives in a household,26041
E07000195,Newcastle-under-Lyme,6,Aged 65 years and over,2,Lives in a communal establishment,697
E07000196,South Staffordshire,1,Aged 15 years and under,1,Lives in a household,17083
E07000196,South Staffordshire,1,Aged 15 years and under,2,Lives in a communal establishment,17
E07000196,South Staffordshire,2,Aged 16 to 24 years,1,Lives in a household,8897
E07000196,South Staffordshire,2,Aged 16 to 24 years,2,Lives in a communal establishment,679
E07000196,South Staffordshire,3,Aged 25 to 34 years,1,Lives in a household,11006
E07000196,South Staffordshire,3,Aged 25 to 34 years,2,Lives in a communal establishment,1053
E07000196,South Staffordshire,4,Aged 35 to 49 years,1,Lives in a household,17899
E07000196,South Staffordshire,4,Aged 35 to 49 years,2,Lives in a communal establishment,961
E07000196,South Staffordshire,5,Aged 50 to 64 years,1,Lives in a household,24773
E07000196,South Staffordshire,5,Aged 50 to 64 years,2,Lives in a communal establishment,359
E07000196,South Staffordshire,6,Aged 65 years and over,1,Lives in a household,26988
E07000196,South Staffordshire,6,Aged 65 years and over,2,Lives in a communal establishment,757
E07000197,Stafford,1,Aged 15 years and under,1,Lives in a household,23233
E07000197,Stafford,1,Aged 15 years and under,2,Lives in a communal establishment,19
E07000197,Stafford,2,Aged 16 to 24 years,1,Lives in a household,11051
E07000197,Stafford,2,Aged 16 to 24 years,2,Lives in a communal establishment,252
E07000197,Stafford,3,Aged 25 to 34 years,1,Lives in a household,16011
E07000197,Stafford,3,Aged 25 to 34 years,2,Lives in a communal establishment,351
E07000197,Stafford,4,Aged 35 to 49 years,1,Lives in a household,24717
E07000197,Stafford,4,Aged 35 to 49 years,2,Lives in a communal establishment,374
E07000197,Stafford,5,Aged 50 to 64 years,1,Lives in a household,29109
E07000197,Stafford,5,Aged 50 to 64 years,2,Lives in a communal establishment,302
E07000197,Stafford,6,Aged 65 years and over,1,Lives in a household,30535
E07000197,Stafford,6,Aged 65 years and over,2,Lives in a communal establishment,915
E07000198,Staffordshire Moorlands,1,Aged 15 years and under,1,Lives in a household,14946
E07000198,Staffordshire Moorlands,1,Aged 15 years and under,2,Lives in a communal establishment,47
E07000198,Staffordshire Moorlands,2,Aged 16 to 24 years,1,Lives in a household,7838
E07000198,Staffordshire Moorlands,2,Aged 16 to 24 years,2,Lives in a communal establishment,73
E07000198,Staffordshire Moorlands,3,Aged 25 to 34 years,1,Lives in a household,9572
E07000198,Staffordshire Moorlands,3,Aged 25 to 34 years,2,Lives in a communal establishment,22
E07000198,Staffordshire Moorlands,4,Aged 35 to 49 years,1,Lives in a household,15953
E07000198,Staffordshire Moorlands,4,Aged 35 to 49 years,2,Lives in a communal establishment,37
E07000198,Staffordshire Moorlands,5,Aged 50 to 64 years,1,Lives in a household,22134
E07000198,Staffordshire Moorlands,5,Aged 50 to 64 years,2,Lives in a communal establishment,107
E07000198,Staffordshire Moorlands,6,Aged 65 years and over,1,Lives in a household,24488
E07000198,Staffordshire Moorlands,6,Aged 65 years and over,2,Lives in a communal establishment,630
E07000199,Tamworth,1,Aged 15 years and under,1,Lives in a household,14852
E07000199,Tamworth,1,Aged 15 years and under,2,Lives in a communal establishment,4
E07000199,Tamworth,2,Aged 16 to 24 years,1,Lives in a household,7532
E07000199,Tamworth,2,Aged 16 to 24 years,2,Lives in a communal establishment,32
E07000199,Tamworth,3,Aged 25 to 34 years,1,Lives in a household,10721
E07000199,Tamworth,3,Aged 25 to 34 years,2,Lives in a communal establishment,10
E07000199,Tamworth,4,Aged 35 to 49 years,1,Lives in a household,14978
E07000199,Tamworth,4,Aged 35 to 49 years,2,Lives in a communal establishment,8
E07000199,Tamworth,5,Aged 50 to 64 years,1,Lives in a household,15571
E07000199,Tamworth,5,Aged 50 to 64 years,2,Lives in a communal establishment,22
E07000199,Tamworth,6,Aged 65 years and over,1,Lives in a household,14660
E07000199,Tamworth,6,Aged 65 years and over,2,Lives in a communal establishment,254
E07000200,Babergh,1,Aged 15 years and under,1,Lives in a household,14743
E07000200,Babergh,1,Aged 15 years and under,2,Lives in a communal establishment,219
E07000200,Babergh,2,Aged 16 to 24 years,1,Lives in a household,7549
E07000200,Babergh,2,Aged 16 to 24 years,2,Lives in a communal establishment,158
E07000200,Babergh,3,Aged 25 to 34 years,1,Lives in a household,9037
E07000200,Babergh,3,Aged 25 to 34 years,2,Lives in a communal establishment,31
E07000200,Babergh,4,Aged 35 to 49 years,1,Lives in a household,15550
E07000200,Babergh,4,Aged 35 to 49 years,2,Lives in a communal establishment,55
E07000200,Babergh,5,Aged 50 to 64 years,1,Lives in a household,20390
E07000200,Babergh,5,Aged 50 to 64 years,2,Lives in a communal establishment,71
E07000200,Babergh,6,Aged 65 years and over,1,Lives in a household,23895
E07000200,Babergh,6,Aged 65 years and over,2,Lives in a communal establishment,645
E07000202,Ipswich,1,Aged 15 years and under,1,Lives in a household,27759
E07000202,Ipswich,1,Aged 15 years and under,2,Lives in a communal establishment,51
E07000202,Ipswich,2,Aged 16 to 24 years,1,Lives in a household,13728
E07000202,Ipswich,2,Aged 16 to 24 years,2,Lives in a communal establishment,662
E07000202,Ipswich,3,Aged 25 to 34 years,1,Lives in a household,20611
E07000202,Ipswich,3,Aged 25 to 34 years,2,Lives in a communal establishment,97
E07000202,Ipswich,4,Aged 35 to 49 years,1,Lives in a household,28418
E07000202,Ipswich,4,Aged 35 to 49 years,2,Lives in a communal establishment,82
E07000202,Ipswich,5,Aged 50 to 64 years,1,Lives in a household,25147
E07000202,Ipswich,5,Aged 50 to 64 years,2,Lives in a communal establishment,79
E07000202,Ipswich,6,Aged 65 years and over,1,Lives in a household,22311
E07000202,Ipswich,6,Aged 65 years and over,2,Lives in a communal establishment,700
E07000203,Mid Suffolk,1,Aged 15 years and under,1,Lives in a household,16347
E07000203,Mid Suffolk,1,Aged 15 years and under,2,Lives in a communal establishment,47
E07000203,Mid Suffolk,2,Aged 16 to 24 years,1,Lives in a household,8489
E07000203,Mid Suffolk,2,Aged 16 to 24 years,2,Lives in a communal establishment,251
E07000203,Mid Suffolk,3,Aged 25 to 34 years,1,Lives in a household,10952
E07000203,Mid Suffolk,3,Aged 25 to 34 years,2,Lives in a communal establishment,239
E07000203,Mid Suffolk,4,Aged 35 to 49 years,1,Lives in a household,17356
E07000203,Mid Suffolk,4,Aged 35 to 49 years,2,Lives in a communal establishment,84
E07000203,Mid Suffolk,5,Aged 50 to 64 years,1,Lives in a household,22930
E07000203,Mid Suffolk,5,Aged 50 to 64 years,2,Lives in a communal establishment,29
E07000203,Mid Suffolk,6,Aged 65 years and over,1,Lives in a household,25391
E07000203,Mid Suffolk,6,Aged 65 years and over,2,Lives in a communal establishment,585
E07000207,Elmbridge,1,Aged 15 years and under,1,Lives in a household,29867
E07000207,Elmbridge,1,Aged 15 years and under,2,Lives in a communal establishment,113
E07000207,Elmbridge,2,Aged 16 to 24 years,1,Lives in a household,10551
E07000207,Elmbridge,2,Aged 16 to 24 years,2,Lives in a communal establishment,183
E07000207,Elmbridge,3,Aged 25 to 34 years,1,Lives in a household,13458
E07000207,Elmbridge,3,Aged 25 to 34 years,2,Lives in a communal establishment,33
E07000207,Elmbridge,4,Aged 35 to 49 years,1,Lives in a household,31636
E07000207,Elmbridge,4,Aged 35 to 49 years,2,Lives in a communal establishment,87
E07000207,Elmbridge,5,Aged 50 to 64 years,1,Lives in a household,27869
E07000207,Elmbridge,5,Aged 50 to 64 years,2,Lives in a communal establishment,134
E07000207,Elmbridge,6,Aged 65 years and over,1,Lives in a household,23871
E07000207,Elmbridge,6,Aged 65 years and over,2,Lives in a communal establishment,950
E07000208,Epsom and Ewell,1,Aged 15 years and under,1,Lives in a household,16213
E07000208,Epsom and Ewell,1,Aged 15 years and under,2,Lives in a communal establishment,118
E07000208,Epsom and Ewell,2,Aged 16 to 24 years,1,Lives in a household,7230
E07000208,Epsom and Ewell,2,Aged 16 to 24 years,2,Lives in a communal establishment,313
E07000208,Epsom and Ewell,3,Aged 25 to 34 years,1,Lives in a household,8738
E07000208,Epsom and Ewell,3,Aged 25 to 34 years,2,Lives in a communal establishment,55
E07000208,Epsom and Ewell,4,Aged 35 to 49 years,1,Lives in a household,17881
E07000208,Epsom and Ewell,4,Aged 35 to 49 years,2,Lives in a communal establishment,58
E07000208,Epsom and Ewell,5,Aged 50 to 64 years,1,Lives in a household,15642
E07000208,Epsom and Ewell,5,Aged 50 to 64 years,2,Lives in a communal establishment,74
E07000208,Epsom and Ewell,6,Aged 65 years and over,1,Lives in a household,14341
E07000208,Epsom and Ewell,6,Aged 65 years and over,2,Lives in a communal establishment,275
E07000209,Guildford,1,Aged 15 years and under,1,Lives in a household,24210
E07000209,Guildford,1,Aged 15 years and under,2,Lives in a communal establishment,84
E07000209,Guildford,2,Aged 16 to 24 years,1,Lives in a household,16062
E07000209,Guildford,2,Aged 16 to 24 years,2,Lives in a communal establishment,6320
E07000209,Guildford,3,Aged 25 to 34 years,1,Lives in a household,16262
E07000209,Guildford,3,Aged 25 to 34 years,2,Lives in a communal establishment,962
E07000209,Guildford,4,Aged 35 to 49 years,1,Lives in a household,27143
E07000209,Guildford,4,Aged 35 to 49 years,2,Lives in a communal establishment,279
E07000209,Guildford,5,Aged 50 to 64 years,1,Lives in a household,27034
E07000209,Guildford,5,Aged 50 to 64 years,2,Lives in a communal establishment,135
E07000209,Guildford,6,Aged 65 years and over,1,Lives in a household,24561
E07000209,Guildford,6,Aged 65 years and over,2,Lives in a communal establishment,597
E07000210,Mole Valley,1,Aged 15 years and under,1,Lives in a household,14922
E07000210,Mole Valley,1,Aged 15 years and under,2,Lives in a communal establishment,125
E07000210,Mole Valley,2,Aged 16 to 24 years,1,Lives in a household,7093
E07000210,Mole Valley,2,Aged 16 to 24 years,2,Lives in a communal establishment,195
E07000210,Mole Valley,3,Aged 25 to 34 years,1,Lives in a household,8126
E07000210,Mole Valley,3,Aged 25 to 34 years,2,Lives in a communal establishment,112
E07000210,Mole Valley,4,Aged 35 to 49 years,1,Lives in a household,16291
E07000210,Mole Valley,4,Aged 35 to 49 years,2,Lives in a communal establishment,95
E07000210,Mole Valley,5,Aged 50 to 64 years,1,Lives in a household,19563
E07000210,Mole Valley,5,Aged 50 to 64 years,2,Lives in a communal establishment,101
E07000210,Mole Valley,6,Aged 65 years and over,1,Lives in a household,20119
E07000210,Mole Valley,6,Aged 65 years and over,2,Lives in a communal establishment,643
E07000211,Reigate and Banstead,1,Aged 15 years and under,1,Lives in a household,30439
E07000211,Reigate and Banstead,1,Aged 15 years and under,2,Lives in a communal establishment,278
E07000211,Reigate and Banstead,2,Aged 16 to 24 years,1,Lives in a household,12091
E07000211,Reigate and Banstead,2,Aged 16 to 24 years,2,Lives in a communal establishment,338
E07000211,Reigate and Banstead,3,Aged 25 to 34 years,1,Lives in a household,18261
E07000211,Reigate and Banstead,3,Aged 25 to 34 years,2,Lives in a communal establishment,620
E07000211,Reigate and Banstead,4,Aged 35 to 49 years,1,Lives in a household,32187
E07000211,Reigate and Banstead,4,Aged 35 to 49 years,2,Lives in a communal establishment,533
E07000211,Reigate and Banstead,5,Aged 50 to 64 years,1,Lives in a household,29017
E07000211,Reigate and Banstead,5,Aged 50 to 64 years,2,Lives in a communal establishment,368
E07000211,Reigate and Banstead,6,Aged 65 years and over,1,Lives in a household,25549
E07000211,Reigate and Banstead,6,Aged 65 years and over,2,Lives in a communal establishment,1167
E07000212,Runnymede,1,Aged 15 years and under,1,Lives in a household,15306
E07000212,Runnymede,1,Aged 15 years and under,2,Lives in a communal establishment,55
E07000212,Runnymede,2,Aged 16 to 24 years,1,Lives in a household,9922
E07000212,Runnymede,2,Aged 16 to 24 years,2,Lives in a communal establishment,3142
E07000212,Runnymede,3,Aged 25 to 34 years,1,Lives in a household,10516
E07000212,Runnymede,3,Aged 25 to 34 years,2,Lives in a communal establishment,115
E07000212,Runnymede,4,Aged 35 to 49 years,1,Lives in a household,17341
E07000212,Runnymede,4,Aged 35 to 49 years,2,Lives in a communal establishment,34
E07000212,Runnymede,5,Aged 50 to 64 years,1,Lives in a household,16414
E07000212,Runnymede,5,Aged 50 to 64 years,2,Lives in a communal establishment,73
E07000212,Runnymede,6,Aged 65 years and over,1,Lives in a household,14715
E07000212,Runnymede,6,Aged 65 years and over,2,Lives in a communal establishment,446
E07000213,Spelthorne,1,Aged 15 years and under,1,Lives in a household,19593
E07000213,Spelthorne,1,Aged 15 years and under,2,Lives in a communal establishment,1
E07000213,Spelthorne,2,Aged 16 to 24 years,1,Lives in a household,8874
E07000213,Spelthorne,2,Aged 16 to 24 years,2,Lives in a communal establishment,40
E07000213,Spelthorne,3,Aged 25 to 34 years,1,Lives in a household,13359
E07000213,Spelthorne,3,Aged 25 to 34 years,2,Lives in a communal establishment,97
E07000213,Spelthorne,4,Aged 35 to 49 years,1,Lives in a household,21852
E07000213,Spelthorne,4,Aged 35 to 49 years,2,Lives in a communal establishment,105
E07000213,Spelthorne,5,Aged 50 to 64 years,1,Lives in a household,20398
E07000213,Spelthorne,5,Aged 50 to 64 years,2,Lives in a communal establishment,45
E07000213,Spelthorne,6,Aged 65 years and over,1,Lives in a household,18108
E07000213,Spelthorne,6,Aged 65 years and over,2,Lives in a communal establishment,484
E07000214,Surrey Heath,1,Aged 15 years and under,1,Lives in a household,16545
E07000214,Surrey Heath,1,Aged 15 years and under,2,Lives in a communal establishment,125
E07000214,Surrey Heath,2,Aged 16 to 24 years,1,Lives in a household,7843
E07000214,Surrey Heath,2,Aged 16 to 24 years,2,Lives in a communal establishment,171
E07000214,Surrey Heath,3,Aged 25 to 34 years,1,Lives in a household,10141
E07000214,Surrey Heath,3,Aged 25 to 34 years,2,Lives in a communal establishment,199
E07000214,Surrey Heath,4,Aged 35 to 49 years,1,Lives in a household,18262
E07000214,Surrey Heath,4,Aged 35 to 49 years,2,Lives in a communal establishment,197
E07000214,Surrey Heath,5,Aged 50 to 64 years,1,Lives in a household,19033
E07000214,Surrey Heath,5,Aged 50 to 64 years,2,Lives in a communal establishment,131
E07000214,Surrey Heath,6,Aged 65 years and over,1,Lives in a household,17078
E07000214,Surrey Heath,6,Aged 65 years and over,2,Lives in a communal establishment,730
E07000215,Tandridge,1,Aged 15 years and under,1,Lives in a household,16606
E07000215,Tandridge,1,Aged 15 years and under,2,Lives in a communal establishment,441
E07000215,Tandridge,2,Aged 16 to 24 years,1,Lives in a household,7315
E07000215,Tandridge,2,Aged 16 to 24 years,2,Lives in a communal establishment,377
E07000215,Tandridge,3,Aged 25 to 34 years,1,Lives in a household,8925
E07000215,Tandridge,3,Aged 25 to 34 years,2,Lives in a communal establishment,72
E07000215,Tandridge,4,Aged 35 to 49 years,1,Lives in a household,17099
E07000215,Tandridge,4,Aged 35 to 49 years,2,Lives in a communal establishment,96
E07000215,Tandridge,5,Aged 50 to 64 years,1,Lives in a household,18435
E07000215,Tandridge,5,Aged 50 to 64 years,2,Lives in a communal establishment,168
E07000215,Tandridge,6,Aged 65 years and over,1,Lives in a household,17690
E07000215,Tandridge,6,Aged 65 years and over,2,Lives in a communal establishment,649
E07000216,Waverley,1,Aged 15 years and under,1,Lives in a household,23866
E07000216,Waverley,1,Aged 15 years and under,2,Lives in a communal establishment,728
E07000216,Waverley,2,Aged 16 to 24 years,1,Lives in a household,10471
E07000216,Waverley,2,Aged 16 to 24 years,2,Lives in a communal establishment,1412
E07000216,Waverley,3,Aged 25 to 34 years,1,Lives in a household,11592
E07000216,Waverley,3,Aged 25 to 34 years,2,Lives in a communal establishment,173
E07000216,Waverley,4,Aged 35 to 49 years,1,Lives in a household,25269
E07000216,Waverley,4,Aged 35 to 49 years,2,Lives in a communal establishment,225
E07000216,Waverley,5,Aged 50 to 64 years,1,Lives in a household,26245
E07000216,Waverley,5,Aged 50 to 64 years,2,Lives in a communal establishment,242
E07000216,Waverley,6,Aged 65 years and over,1,Lives in a household,26911
E07000216,Waverley,6,Aged 65 years and over,2,Lives in a communal establishment,1095
E07000217,Woking,1,Aged 15 years and under,1,Lives in a household,20954
E07000217,Woking,1,Aged 15 years and under,2,Lives in a communal establishment,7
E07000217,Woking,2,Aged 16 to 24 years,1,Lives in a household,8956
E07000217,Woking,2,Aged 16 to 24 years,2,Lives in a communal establishment,36
E07000217,Woking,3,Aged 25 to 34 years,1,Lives in a household,13682
E07000217,Woking,3,Aged 25 to 34 years,2,Lives in a communal establishment,39
E07000217,Woking,4,Aged 35 to 49 years,1,Lives in a household,23645
E07000217,Woking,4,Aged 35 to 49 years,2,Lives in a communal establishment,65
E07000217,Woking,5,Aged 50 to 64 years,1,Lives in a household,19280
E07000217,Woking,5,Aged 50 to 64 years,2,Lives in a communal establishment,70
E07000217,Woking,6,Aged 65 years and over,1,Lives in a household,16713
E07000217,Woking,6,Aged 65 years and over,2,Lives in a communal establishment,498
E07000218,North Warwickshire,1,Aged 15 years and under,1,Lives in a household,11121
E07000218,North Warwickshire,1,Aged 15 years and under,2,Lives in a communal establishment,16
E07000218,North Warwickshire,2,Aged 16 to 24 years,1,Lives in a household,5688
E07000218,North Warwickshire,2,Aged 16 to 24 years,2,Lives in a communal establishment,7
E07000218,North Warwickshire,3,Aged 25 to 34 years,1,Lives in a household,7783
E07000218,North Warwickshire,3,Aged 25 to 34 years,2,Lives in a communal establishment,9
E07000218,North Warwickshire,4,Aged 35 to 49 years,1,Lives in a household,11534
E07000218,North Warwickshire,4,Aged 35 to 49 years,2,Lives in a communal establishment,23
E07000218,North Warwickshire,5,Aged 50 to 64 years,1,Lives in a household,14509
E07000218,North Warwickshire,5,Aged 50 to 64 years,2,Lives in a communal establishment,73
E07000218,North Warwickshire,6,Aged 65 years and over,1,Lives in a household,13734
E07000218,North Warwickshire,6,Aged 65 years and over,2,Lives in a communal establishment,538
E07000219,Nuneaton and Bedworth,1,Aged 15 years and under,1,Lives in a household,25608
E07000219,Nuneaton and Bedworth,1,Aged 15 years and under,2,Lives in a communal establishment,1
E07000219,Nuneaton and Bedworth,2,Aged 16 to 24 years,1,Lives in a household,12481
E07000219,Nuneaton and Bedworth,2,Aged 16 to 24 years,2,Lives in a communal establishment,10
E07000219,Nuneaton and Bedworth,3,Aged 25 to 34 years,1,Lives in a household,18436
E07000219,Nuneaton and Bedworth,3,Aged 25 to 34 years,2,Lives in a communal establishment,18
E07000219,Nuneaton and Bedworth,4,Aged 35 to 49 years,1,Lives in a household,25353
E07000219,Nuneaton and Bedworth,4,Aged 35 to 49 years,2,Lives in a communal establishment,32
E07000219,Nuneaton and Bedworth,5,Aged 50 to 64 years,1,Lives in a household,26587
E07000219,Nuneaton and Bedworth,5,Aged 50 to 64 years,2,Lives in a communal establishment,72
E07000219,Nuneaton and Bedworth,6,Aged 65 years and over,1,Lives in a household,25008
E07000219,Nuneaton and Bedworth,6,Aged 65 years and over,2,Lives in a communal establishment,590
E07000220,Rugby,1,Aged 15 years and under,1,Lives in a household,21899
E07000220,Rugby,1,Aged 15 years and under,2,Lives in a communal establishment,277
E07000220,Rugby,2,Aged 16 to 24 years,1,Lives in a household,9768
E07000220,Rugby,2,Aged 16 to 24 years,2,Lives in a communal establishment,536
E07000220,Rugby,3,Aged 25 to 34 years,1,Lives in a household,15489
E07000220,Rugby,3,Aged 25 to 34 years,2,Lives in a communal establishment,106
E07000220,Rugby,4,Aged 35 to 49 years,1,Lives in a household,23464
E07000220,Rugby,4,Aged 35 to 49 years,2,Lives in a communal establishment,54
E07000220,Rugby,5,Aged 50 to 64 years,1,Lives in a household,21875
E07000220,Rugby,5,Aged 50 to 64 years,2,Lives in a communal establishment,90
E07000220,Rugby,6,Aged 65 years and over,1,Lives in a household,20172
E07000220,Rugby,6,Aged 65 years and over,2,Lives in a communal establishment,634
E07000221,Stratford-on-Avon,1,Aged 15 years and under,1,Lives in a household,22085
E07000221,Stratford-on-Avon,1,Aged 15 years and under,2,Lives in a communal establishment,1
E07000221,Stratford-on-Avon,2,Aged 16 to 24 years,1,Lives in a household,10282
E07000221,Stratford-on-Avon,2,Aged 16 to 24 years,2,Lives in a communal establishment,94
E07000221,Stratford-on-Avon,3,Aged 25 to 34 years,1,Lives in a household,14135
E07000221,Stratford-on-Avon,3,Aged 25 to 34 years,2,Lives in a communal establishment,30
E07000221,Stratford-on-Avon,4,Aged 35 to 49 years,1,Lives in a household,23848
E07000221,Stratford-on-Avon,4,Aged 35 to 49 years,2,Lives in a communal establishment,41
E07000221,Stratford-on-Avon,5,Aged 50 to 64 years,1,Lives in a household,30226
E07000221,Stratford-on-Avon,5,Aged 50 to 64 years,2,Lives in a communal establishment,70
E07000221,Stratford-on-Avon,6,Aged 65 years and over,1,Lives in a household,33014
E07000221,Stratford-on-Avon,6,Aged 65 years and over,2,Lives in a communal establishment,900
E07000222,Warwick,1,Aged 15 years and under,1,Lives in a household,25158
E07000222,Warwick,1,Aged 15 years and under,2,Lives in a communal establishment,43
E07000222,Warwick,2,Aged 16 to 24 years,1,Lives in a household,16044
E07000222,Warwick,2,Aged 16 to 24 years,2,Lives in a communal establishment,2427
E07000222,Warwick,3,Aged 25 to 34 years,1,Lives in a household,19804
E07000222,Warwick,3,Aged 25 to 34 years,2,Lives in a communal establishment,280
E07000222,Warwick,4,Aged 35 to 49 years,1,Lives in a household,28827
E07000222,Warwick,4,Aged 35 to 49 years,2,Lives in a communal establishment,144
E07000222,Warwick,5,Aged 50 to 64 years,1,Lives in a household,27522
E07000222,Warwick,5,Aged 50 to 64 years,2,Lives in a communal establishment,179
E07000222,Warwick,6,Aged 65 years and over,1,Lives in a household,27221
E07000222,Warwick,6,Aged 65 years and over,2,Lives in a communal establishment,806
E07000223,Adur,1,Aged 15 years and under,1,Lives in a household,11462
E07000223,Adur,1,Aged 15 years and under,2,Lives in a communal establishment,126
E07000223,Adur,2,Aged 16 to 24 years,1,Lives in a household,5057
E07000223,Adur,2,Aged 16 to 24 years,2,Lives in a communal establishment,127
E07000223,Adur,3,Aged 25 to 34 years,1,Lives in a household,6808
E07000223,Adur,3,Aged 25 to 34 years,2,Lives in a communal establishment,10
E07000223,Adur,4,Aged 35 to 49 years,1,Lives in a household,12541
E07000223,Adur,4,Aged 35 to 49 years,2,Lives in a communal establishment,25
E07000223,Adur,5,Aged 50 to 64 years,1,Lives in a household,13112
E07000223,Adur,5,Aged 50 to 64 years,2,Lives in a communal establishment,34
E07000223,Adur,6,Aged 65 years and over,1,Lives in a household,14872
E07000223,Adur,6,Aged 65 years and over,2,Lives in a communal establishment,367
E07000224,Arun,1,Aged 15 years and under,1,Lives in a household,25319
E07000224,Arun,1,Aged 15 years and under,2,Lives in a communal establishment,16
E07000224,Arun,2,Aged 16 to 24 years,1,Lives in a household,13094
E07000224,Arun,2,Aged 16 to 24 years,2,Lives in a communal establishment,410
E07000224,Arun,3,Aged 25 to 34 years,1,Lives in a household,17307
E07000224,Arun,3,Aged 25 to 34 years,2,Lives in a communal establishment,429
E07000224,Arun,4,Aged 35 to 49 years,1,Lives in a household,26569
E07000224,Arun,4,Aged 35 to 49 years,2,Lives in a communal establishment,472
E07000224,Arun,5,Aged 50 to 64 years,1,Lives in a household,33990
E07000224,Arun,5,Aged 50 to 64 years,2,Lives in a communal establishment,398
E07000224,Arun,6,Aged 65 years and over,1,Lives in a household,45154
E07000224,Arun,6,Aged 65 years and over,2,Lives in a communal establishment,1729
E07000225,Chichester,1,Aged 15 years and under,1,Lives in a household,19143
E07000225,Chichester,1,Aged 15 years and under,2,Lives in a communal establishment,215
E07000225,Chichester,2,Aged 16 to 24 years,1,Lives in a household,10308
E07000225,Chichester,2,Aged 16 to 24 years,2,Lives in a communal establishment,1473
E07000225,Chichester,3,Aged 25 to 34 years,1,Lives in a household,11934
E07000225,Chichester,3,Aged 25 to 34 years,2,Lives in a communal establishment,620
E07000225,Chichester,4,Aged 35 to 49 years,1,Lives in a household,19672
E07000225,Chichester,4,Aged 35 to 49 years,2,Lives in a communal establishment,405
E07000225,Chichester,5,Aged 50 to 64 years,1,Lives in a household,26547
E07000225,Chichester,5,Aged 50 to 64 years,2,Lives in a communal establishment,124
E07000225,Chichester,6,Aged 65 years and over,1,Lives in a household,32549
E07000225,Chichester,6,Aged 65 years and over,2,Lives in a communal establishment,1078
E07000226,Crawley,1,Aged 15 years and under,1,Lives in a household,24909
E07000226,Crawley,1,Aged 15 years and under,2,Lives in a communal establishment,15
E07000226,Crawley,2,Aged 16 to 24 years,1,Lives in a household,11576
E07000226,Crawley,2,Aged 16 to 24 years,2,Lives in a communal establishment,101
E07000226,Crawley,3,Aged 25 to 34 years,1,Lives in a household,18525
E07000226,Crawley,3,Aged 25 to 34 years,2,Lives in a communal establishment,93
E07000226,Crawley,4,Aged 35 to 49 years,1,Lives in a household,26529
E07000226,Crawley,4,Aged 35 to 49 years,2,Lives in a communal establishment,66
E07000226,Crawley,5,Aged 50 to 64 years,1,Lives in a household,20879
E07000226,Crawley,5,Aged 50 to 64 years,2,Lives in a communal establishment,48
E07000226,Crawley,6,Aged 65 years and over,1,Lives in a household,15510
E07000226,Crawley,6,Aged 65 years and over,2,Lives in a communal establishment,244
E07000227,Horsham,1,Aged 15 years and under,1,Lives in a household,25365
E07000227,Horsham,1,Aged 15 years and under,2,Lives in a communal establishment,750
E07000227,Horsham,2,Aged 16 to 24 years,1,Lives in a household,11643
E07000227,Horsham,2,Aged 16 to 24 years,2,Lives in a communal establishment,474
E07000227,Horsham,3,Aged 25 to 34 years,1,Lives in a household,15834
E07000227,Horsham,3,Aged 25 to 34 years,2,Lives in a communal establishment,121
E07000227,Horsham,4,Aged 35 to 49 years,1,Lives in a household,27083
E07000227,Horsham,4,Aged 35 to 49 years,2,Lives in a communal establishment,129
E07000227,Horsham,5,Aged 50 to 64 years,1,Lives in a household,31825
E07000227,Horsham,5,Aged 50 to 64 years,2,Lives in a communal establishment,110
E07000227,Horsham,6,Aged 65 years and over,1,Lives in a household,32507
E07000227,Horsham,6,Aged 65 years and over,2,Lives in a communal establishment,936
E07000228,Mid Sussex,1,Aged 15 years and under,1,Lives in a household,28919
E07000228,Mid Sussex,1,Aged 15 years and under,2,Lives in a communal establishment,331
E07000228,Mid Sussex,2,Aged 16 to 24 years,1,Lives in a household,12277
E07000228,Mid Sussex,2,Aged 16 to 24 years,2,Lives in a communal establishment,298
E07000228,Mid Sussex,3,Aged 25 to 34 years,1,Lives in a household,16720
E07000228,Mid Sussex,3,Aged 25 to 34 years,2,Lives in a communal establishment,128
E07000228,Mid Sussex,4,Aged 35 to 49 years,1,Lives in a household,31320
E07000228,Mid Sussex,4,Aged 35 to 49 years,2,Lives in a communal establishment,129
E07000228,Mid Sussex,5,Aged 50 to 64 years,1,Lives in a household,30852
E07000228,Mid Sussex,5,Aged 50 to 64 years,2,Lives in a communal establishment,101
E07000228,Mid Sussex,6,Aged 65 years and over,1,Lives in a household,30528
E07000228,Mid Sussex,6,Aged 65 years and over,2,Lives in a communal establishment,963
E07000229,Worthing,1,Aged 15 years and under,1,Lives in a household,18974
E07000229,Worthing,1,Aged 15 years and under,2,Lives in a communal establishment,9
E07000229,Worthing,2,Aged 16 to 24 years,1,Lives in a household,9450
E07000229,Worthing,2,Aged 16 to 24 years,2,Lives in a communal establishment,56
E07000229,Worthing,3,Aged 25 to 34 years,1,Lives in a household,13270
E07000229,Worthing,3,Aged 25 to 34 years,2,Lives in a communal establishment,84
E07000229,Worthing,4,Aged 35 to 49 years,1,Lives in a household,21618
E07000229,Worthing,4,Aged 35 to 49 years,2,Lives in a communal establishment,123
E07000229,Worthing,5,Aged 50 to 64 years,1,Lives in a household,22617
E07000229,Worthing,5,Aged 50 to 64 years,2,Lives in a communal establishment,181
E07000229,Worthing,6,Aged 65 years and over,1,Lives in a household,23730
E07000229,Worthing,6,Aged 65 years and over,2,Lives in a communal establishment,1223
E07000234,Bromsgrove,1,Aged 15 years and under,1,Lives in a household,17890
E07000234,Bromsgrove,1,Aged 15 years and under,2,Lives in a communal establishment,192
E07000234,Bromsgrove,2,Aged 16 to 24 years,1,Lives in a household,8135
E07000234,Bromsgrove,2,Aged 16 to 24 years,2,Lives in a communal establishment,275
E07000234,Bromsgrove,3,Aged 25 to 34 years,1,Lives in a household,10112
E07000234,Bromsgrove,3,Aged 25 to 34 years,2,Lives in a communal establishment,219
E07000234,Bromsgrove,4,Aged 35 to 49 years,1,Lives in a household,18207
E07000234,Bromsgrove,4,Aged 35 to 49 years,2,Lives in a communal establishment,229
E07000234,Bromsgrove,5,Aged 50 to 64 years,1,Lives in a household,21061
E07000234,Bromsgrove,5,Aged 50 to 64 years,2,Lives in a communal establishment,123
E07000234,Bromsgrove,6,Aged 65 years and over,1,Lives in a household,21801
E07000234,Bromsgrove,6,Aged 65 years and over,2,Lives in a communal establishment,940
E07000235,Malvern Hills,1,Aged 15 years and under,1,Lives in a household,12014
E07000235,Malvern Hills,1,Aged 15 years and under,2,Lives in a communal establishment,352
E07000235,Malvern Hills,2,Aged 16 to 24 years,1,Lives in a household,6171
E07000235,Malvern Hills,2,Aged 16 to 24 years,2,Lives in a communal establishment,446
E07000235,Malvern Hills,3,Aged 25 to 34 years,1,Lives in a household,7119
E07000235,Malvern Hills,3,Aged 25 to 34 years,2,Lives in a communal establishment,68
E07000235,Malvern Hills,4,Aged 35 to 49 years,1,Lives in a household,12517
E07000235,Malvern Hills,4,Aged 35 to 49 years,2,Lives in a communal establishment,55
E07000235,Malvern Hills,5,Aged 50 to 64 years,1,Lives in a household,18415
E07000235,Malvern Hills,5,Aged 50 to 64 years,2,Lives in a communal establishment,82
E07000235,Malvern Hills,6,Aged 65 years and over,1,Lives in a household,21439
E07000235,Malvern Hills,6,Aged 65 years and over,2,Lives in a communal establishment,807
E07000236,Redditch,1,Aged 15 years and under,1,Lives in a household,16779
E07000236,Redditch,1,Aged 15 years and under,2,Lives in a communal establishment,5
E07000236,Redditch,2,Aged 16 to 24 years,1,Lives in a household,8055
E07000236,Redditch,2,Aged 16 to 24 years,2,Lives in a communal establishment,37
E07000236,Redditch,3,Aged 25 to 34 years,1,Lives in a household,12145
E07000236,Redditch,3,Aged 25 to 34 years,2,Lives in a communal establishment,11
E07000236,Redditch,4,Aged 35 to 49 years,1,Lives in a household,17419
E07000236,Redditch,4,Aged 35 to 49 years,2,Lives in a communal establishment,13
E07000236,Redditch,5,Aged 50 to 64 years,1,Lives in a household,16394
E07000236,Redditch,5,Aged 50 to 64 years,2,Lives in a communal establishment,21
E07000236,Redditch,6,Aged 65 years and over,1,Lives in a household,15915
E07000236,Redditch,6,Aged 65 years and over,2,Lives in a communal establishment,243
E07000237,Worcester,1,Aged 15 years and under,1,Lives in a household,18229
E07000237,Worcester,1,Aged 15 years and under,2,Lives in a communal establishment,36
E07000237,Worcester,2,Aged 16 to 24 years,1,Lives in a household,11427
E07000237,Worcester,2,Aged 16 to 24 years,2,Lives in a communal establishment,1135
E07000237,Worcester,3,Aged 25 to 34 years,1,Lives in a household,14487
E07000237,Worcester,3,Aged 25 to 34 years,2,Lives in a communal establishment,88
E07000237,Worcester,4,Aged 35 to 49 years,1,Lives in a household,19947
E07000237,Worcester,4,Aged 35 to 49 years,2,Lives in a communal establishment,92
E07000237,Worcester,5,Aged 50 to 64 years,1,Lives in a household,20080
E07000237,Worcester,5,Aged 50 to 64 years,2,Lives in a communal establishment,58
E07000237,Worcester,6,Aged 65 years and over,1,Lives in a household,17887
E07000237,Worcester,6,Aged 65 years and over,2,Lives in a communal establishment,404
E07000238,Wychavon,1,Aged 15 years and under,1,Lives in a household,21763
E07000238,Wychavon,1,Aged 15 years and under,2,Lives in a communal establishment,12
E07000238,Wychavon,2,Aged 16 to 24 years,1,Lives in a household,10691
E07000238,Wychavon,2,Aged 16 to 24 years,2,Lives in a communal establishment,83
E07000238,Wychavon,3,Aged 25 to 34 years,1,Lives in a household,14271
E07000238,Wychavon,3,Aged 25 to 34 years,2,Lives in a communal establishment,197
E07000238,Wychavon,4,Aged 35 to 49 years,1,Lives in a household,22850
E07000238,Wychavon,4,Aged 35 to 49 years,2,Lives in a communal establishment,274
E07000238,Wychavon,5,Aged 50 to 64 years,1,Lives in a household,29244
E07000238,Wychavon,5,Aged 50 to 64 years,2,Lives in a communal establishment,175
E07000238,Wychavon,6,Aged 65 years and over,1,Lives in a household,32195
E07000238,Wychavon,6,Aged 65 years and over,2,Lives in a communal establishment,737
E07000239,Wyre Forest,1,Aged 15 years and under,1,Lives in a household,16914
E07000239,Wyre Forest,1,Aged 15 years and under,2,Lives in a communal establishment,130
E07000239,Wyre Forest,2,Aged 16 to 24 years,1,Lives in a household,8513
E07000239,Wyre Forest,2,Aged 16 to 24 years,2,Lives in a communal establishment,80
E07000239,Wyre Forest,3,Aged 25 to 34 years,1,Lives in a household,11280
E07000239,Wyre Forest,3,Aged 25 to 34 years,2,Lives in a communal establishment,29
E07000239,Wyre Forest,4,Aged 35 to 49 years,1,Lives in a household,17357
E07000239,Wyre Forest,4,Aged 35 to 49 years,2,Lives in a communal establishment,42
E07000239,Wyre Forest,5,Aged 50 to 64 years,1,Lives in a household,21520
E07000239,Wyre Forest,5,Aged 50 to 64 years,2,Lives in a communal establishment,79
E07000239,Wyre Forest,6,Aged 65 years and over,1,Lives in a household,25027
E07000239,Wyre Forest,6,Aged 65 years and over,2,Lives in a communal establishment,639
E07000240,St Albans,1,Aged 15 years and under,1,Lives in a household,32016
E07000240,St Albans,1,Aged 15 years and under,2,Lives in a communal establishment,60
E07000240,St Albans,2,Aged 16 to 24 years,1,Lives in a household,12049
E07000240,St Albans,2,Aged 16 to 24 years,2,Lives in a communal establishment,144
E07000240,St Albans,3,Aged 25 to 34 years,1,Lives in a household,16014
E07000240,St Albans,3,Aged 25 to 34 years,2,Lives in a communal establishment,87
E07000240,St Albans,4,Aged 35 to 49 years,1,Lives in a household,33024
E07000240,St Albans,4,Aged 35 to 49 years,2,Lives in a communal establishment,117
E07000240,St Albans,5,Aged 50 to 64 years,1,Lives in a household,29028
E07000240,St Albans,5,Aged 50 to 64 years,2,Lives in a communal establishment,135
E07000240,St Albans,6,Aged 65 years and over,1,Lives in a household,24822
E07000240,St Albans,6,Aged 65 years and over,2,Lives in a communal establishment,671
E07000241,Welwyn Hatfield,1,Aged 15 years and under,1,Lives in a household,22276
E07000241,Welwyn Hatfield,1,Aged 15 years and under,2,Lives in a communal establishment,76
E07000241,Welwyn Hatfield,2,Aged 16 to 24 years,1,Lives in a household,13239
E07000241,Welwyn Hatfield,2,Aged 16 to 24 years,2,Lives in a communal establishment,4047
E07000241,Welwyn Hatfield,3,Aged 25 to 34 years,1,Lives in a household,15654
E07000241,Welwyn Hatfield,3,Aged 25 to 34 years,2,Lives in a communal establishment,309
E07000241,Welwyn Hatfield,4,Aged 35 to 49 years,1,Lives in a household,23691
E07000241,Welwyn Hatfield,4,Aged 35 to 49 years,2,Lives in a communal establishment,91
E07000241,Welwyn Hatfield,5,Aged 50 to 64 years,1,Lives in a household,21567
E07000241,Welwyn Hatfield,5,Aged 50 to 64 years,2,Lives in a communal establishment,75
E07000241,Welwyn Hatfield,6,Aged 65 years and over,1,Lives in a household,18280
E07000241,Welwyn Hatfield,6,Aged 65 years and over,2,Lives in a communal establishment,528
E07000242,East Hertfordshire,1,Aged 15 years and under,1,Lives in a household,28568
E07000242,East Hertfordshire,1,Aged 15 years and under,2,Lives in a communal establishment,438
E07000242,East Hertfordshire,2,Aged 16 to 24 years,1,Lives in a household,12752
E07000242,East Hertfordshire,2,Aged 16 to 24 years,2,Lives in a communal establishment,462
E07000242,East Hertfordshire,3,Aged 25 to 34 years,1,Lives in a household,18350
E07000242,East Hertfordshire,3,Aged 25 to 34 years,2,Lives in a communal establishment,114
E07000242,East Hertfordshire,4,Aged 35 to 49 years,1,Lives in a household,30631
E07000242,East Hertfordshire,4,Aged 35 to 49 years,2,Lives in a communal establishment,127
E07000242,East Hertfordshire,5,Aged 50 to 64 years,1,Lives in a household,31191
E07000242,East Hertfordshire,5,Aged 50 to 64 years,2,Lives in a communal establishment,134
E07000242,East Hertfordshire,6,Aged 65 years and over,1,Lives in a household,26732
E07000242,East Hertfordshire,6,Aged 65 years and over,2,Lives in a communal establishment,659
E07000243,Stevenage,1,Aged 15 years and under,1,Lives in a household,18251
E07000243,Stevenage,1,Aged 15 years and under,2,Lives in a communal establishment,8
E07000243,Stevenage,2,Aged 16 to 24 years,1,Lives in a household,8471
E07000243,Stevenage,2,Aged 16 to 24 years,2,Lives in a communal establishment,42
E07000243,Stevenage,3,Aged 25 to 34 years,1,Lives in a household,13448
E07000243,Stevenage,3,Aged 25 to 34 years,2,Lives in a communal establishment,86
E07000243,Stevenage,4,Aged 35 to 49 years,1,Lives in a household,18168
E07000243,Stevenage,4,Aged 35 to 49 years,2,Lives in a communal establishment,69
E07000243,Stevenage,5,Aged 50 to 64 years,1,Lives in a household,17323
E07000243,Stevenage,5,Aged 50 to 64 years,2,Lives in a communal establishment,85
E07000243,Stevenage,6,Aged 65 years and over,1,Lives in a household,13169
E07000243,Stevenage,6,Aged 65 years and over,2,Lives in a communal establishment,376
E07000244,East Suffolk,1,Aged 15 years and under,1,Lives in a household,39127
E07000244,East Suffolk,1,Aged 15 years and under,2,Lives in a communal establishment,212
E07000244,East Suffolk,2,Aged 16 to 24 years,1,Lives in a household,19927
E07000244,East Suffolk,2,Aged 16 to 24 years,2,Lives in a communal establishment,402
E07000244,East Suffolk,3,Aged 25 to 34 years,1,Lives in a household,24196
E07000244,East Suffolk,3,Aged 25 to 34 years,2,Lives in a communal establishment,320
E07000244,East Suffolk,4,Aged 35 to 49 years,1,Lives in a household,39225
E07000244,East Suffolk,4,Aged 35 to 49 years,2,Lives in a communal establishment,381
E07000244,East Suffolk,5,Aged 50 to 64 years,1,Lives in a household,53627
E07000244,East Suffolk,5,Aged 50 to 64 years,2,Lives in a communal establishment,331
E07000244,East Suffolk,6,Aged 65 years and over,1,Lives in a household,66302
E07000244,East Suffolk,6,Aged 65 years and over,2,Lives in a communal establishment,2007
E07000245,West Suffolk,1,Aged 15 years and under,1,Lives in a household,31732
E07000245,West Suffolk,1,Aged 15 years and under,2,Lives in a communal establishment,89
E07000245,West Suffolk,2,Aged 16 to 24 years,1,Lives in a household,15930
E07000245,West Suffolk,2,Aged 16 to 24 years,2,Lives in a communal establishment,1547
E07000245,West Suffolk,3,Aged 25 to 34 years,1,Lives in a household,24581
E07000245,West Suffolk,3,Aged 25 to 34 years,2,Lives in a communal establishment,900
E07000245,West Suffolk,4,Aged 35 to 49 years,1,Lives in a household,32678
E07000245,West Suffolk,4,Aged 35 to 49 years,2,Lives in a communal establishment,598
E07000245,West Suffolk,5,Aged 50 to 64 years,1,Lives in a household,34300
E07000245,West Suffolk,5,Aged 50 to 64 years,2,Lives in a communal establishment,231
E07000245,West Suffolk,6,Aged 65 years and over,1,Lives in a household,36281
E07000245,West Suffolk,6,Aged 65 years and over,2,Lives in a communal establishment,1081
E07000246,Somerset West and Taunton,1,Aged 15 years and under,1,Lives in a household,25728
E07000246,Somerset West and Taunton,1,Aged 15 years and under,2,Lives in a communal establishment,422
E07000246,Somerset West and Taunton,2,Aged 16 to 24 years,1,Lives in a household,12608
E07000246,Somerset West and Taunton,2,Aged 16 to 24 years,2,Lives in a communal establishment,624
E07000246,Somerset West and Taunton,3,Aged 25 to 34 years,1,Lives in a household,17359
E07000246,Somerset West and Taunton,3,Aged 25 to 34 years,2,Lives in a communal establishment,251
E07000246,Somerset West and Taunton,4,Aged 35 to 49 years,1,Lives in a household,26405
E07000246,Somerset West and Taunton,4,Aged 35 to 49 years,2,Lives in a communal establishment,270
E07000246,Somerset West and Taunton,5,Aged 50 to 64 years,1,Lives in a household,33007
E07000246,Somerset West and Taunton,5,Aged 50 to 64 years,2,Lives in a communal establishment,334
E07000246,Somerset West and Taunton,6,Aged 65 years and over,1,Lives in a household,39148
E07000246,Somerset West and Taunton,6,Aged 65 years and over,2,Lives in a communal establishment,1287
E08000001,Bolton,1,Aged 15 years and under,1,Lives in a household,63610
E08000001,Bolton,1,Aged 15 years and under,2,Lives in a communal establishment,64
E08000001,Bolton,2,Aged 16 to 24 years,1,Lives in a household,30552
E08000001,Bolton,2,Aged 16 to 24 years,2,Lives in a communal establishment,438
E08000001,Bolton,3,Aged 25 to 34 years,1,Lives in a household,37687
E08000001,Bolton,3,Aged 25 to 34 years,2,Lives in a communal establishment,123
E08000001,Bolton,4,Aged 35 to 49 years,1,Lives in a household,57096
E08000001,Bolton,4,Aged 35 to 49 years,2,Lives in a communal establishment,125
E08000001,Bolton,5,Aged 50 to 64 years,1,Lives in a household,55333
E08000001,Bolton,5,Aged 50 to 64 years,2,Lives in a communal establishment,211
E08000001,Bolton,6,Aged 65 years and over,1,Lives in a household,49425
E08000001,Bolton,6,Aged 65 years and over,2,Lives in a communal establishment,1297
E08000002,Bury,1,Aged 15 years and under,1,Lives in a household,38882
E08000002,Bury,1,Aged 15 years and under,2,Lives in a communal establishment,96
E08000002,Bury,2,Aged 16 to 24 years,1,Lives in a household,18127
E08000002,Bury,2,Aged 16 to 24 years,2,Lives in a communal establishment,169
E08000002,Bury,3,Aged 25 to 34 years,1,Lives in a household,24920
E08000002,Bury,3,Aged 25 to 34 years,2,Lives in a communal establishment,91
E08000002,Bury,4,Aged 35 to 49 years,1,Lives in a household,37804
E08000002,Bury,4,Aged 35 to 49 years,2,Lives in a communal establishment,118
E08000002,Bury,5,Aged 50 to 64 years,1,Lives in a household,37959
E08000002,Bury,5,Aged 50 to 64 years,2,Lives in a communal establishment,234
E08000002,Bury,6,Aged 65 years and over,1,Lives in a household,34348
E08000002,Bury,6,Aged 65 years and over,2,Lives in a communal establishment,1100
E08000003,Manchester,1,Aged 15 years and under,1,Lives in a household,113881
E08000003,Manchester,1,Aged 15 years and under,2,Lives in a communal establishment,99
E08000003,Manchester,2,Aged 16 to 24 years,1,Lives in a household,80868
E08000003,Manchester,2,Aged 16 to 24 years,2,Lives in a communal establishment,16741
E08000003,Manchester,3,Aged 25 to 34 years,1,Lives in a household,98832
E08000003,Manchester,3,Aged 25 to 34 years,2,Lives in a communal establishment,1750
E08000003,Manchester,4,Aged 35 to 49 years,1,Lives in a household,108120
E08000003,Manchester,4,Aged 35 to 49 years,2,Lives in a communal establishment,775
E08000003,Manchester,5,Aged 50 to 64 years,1,Lives in a household,78003
E08000003,Manchester,5,Aged 50 to 64 years,2,Lives in a communal establishment,702
E08000003,Manchester,6,Aged 65 years and over,1,Lives in a household,50432
E08000003,Manchester,6,Aged 65 years and over,2,Lives in a communal establishment,1735
E08000004,Oldham,1,Aged 15 years and under,1,Lives in a household,55031
E08000004,Oldham,1,Aged 15 years and under,2,Lives in a communal establishment,22
E08000004,Oldham,2,Aged 16 to 24 years,1,Lives in a household,26822
E08000004,Oldham,2,Aged 16 to 24 years,2,Lives in a communal establishment,30
E08000004,Oldham,3,Aged 25 to 34 years,1,Lives in a household,31634
E08000004,Oldham,3,Aged 25 to 34 years,2,Lives in a communal establishment,61
E08000004,Oldham,4,Aged 35 to 49 years,1,Lives in a household,46051
E08000004,Oldham,4,Aged 35 to 49 years,2,Lives in a communal establishment,82
E08000004,Oldham,5,Aged 50 to 64 years,1,Lives in a household,43571
E08000004,Oldham,5,Aged 50 to 64 years,2,Lives in a communal establishment,170
E08000004,Oldham,6,Aged 65 years and over,1,Lives in a household,37543
E08000004,Oldham,6,Aged 65 years and over,2,Lives in a communal establishment,1071
E08000005,Rochdale,1,Aged 15 years and under,1,Lives in a household,48820
E08000005,Rochdale,1,Aged 15 years and under,2,Lives in a communal establishment,6
E08000005,Rochdale,2,Aged 16 to 24 years,1,Lives in a household,22621
E08000005,Rochdale,2,Aged 16 to 24 years,2,Lives in a communal establishment,53
E08000005,Rochdale,3,Aged 25 to 34 years,1,Lives in a household,29752
E08000005,Rochdale,3,Aged 25 to 34 years,2,Lives in a communal establishment,241
E08000005,Rochdale,4,Aged 35 to 49 years,1,Lives in a household,43177
E08000005,Rochdale,4,Aged 35 to 49 years,2,Lives in a communal establishment,251
E08000005,Rochdale,5,Aged 50 to 64 years,1,Lives in a household,41710
E08000005,Rochdale,5,Aged 50 to 64 years,2,Lives in a communal establishment,276
E08000005,Rochdale,6,Aged 65 years and over,1,Lives in a household,35810
E08000005,Rochdale,6,Aged 65 years and over,2,Lives in a communal establishment,1057
E08000006,Salford,1,Aged 15 years and under,1,Lives in a household,52979
E08000006,Salford,1,Aged 15 years and under,2,Lives in a communal establishment,21
E08000006,Salford,2,Aged 16 to 24 years,1,Lives in a household,31729
E08000006,Salford,2,Aged 16 to 24 years,2,Lives in a communal establishment,3451
E08000006,Salford,3,Aged 25 to 34 years,1,Lives in a household,50286
E08000006,Salford,3,Aged 25 to 34 years,2,Lives in a communal establishment,589
E08000006,Salford,4,Aged 35 to 49 years,1,Lives in a household,51298
E08000006,Salford,4,Aged 35 to 49 years,2,Lives in a communal establishment,497
E08000006,Salford,5,Aged 50 to 64 years,1,Lives in a household,42859
E08000006,Salford,5,Aged 50 to 64 years,2,Lives in a communal establishment,290
E08000006,Salford,6,Aged 65 years and over,1,Lives in a household,35086
E08000006,Salford,6,Aged 65 years and over,2,Lives in a communal establishment,838
E08000007,Stockport,1,Aged 15 years and under,1,Lives in a household,55777
E08000007,Stockport,1,Aged 15 years and under,2,Lives in a communal establishment,68
E08000007,Stockport,2,Aged 16 to 24 years,1,Lives in a household,24709
E08000007,Stockport,2,Aged 16 to 24 years,2,Lives in a communal establishment,134
E08000007,Stockport,3,Aged 25 to 34 years,1,Lives in a household,36892
E08000007,Stockport,3,Aged 25 to 34 years,2,Lives in a communal establishment,109
E08000007,Stockport,4,Aged 35 to 49 years,1,Lives in a household,58994
E08000007,Stockport,4,Aged 35 to 49 years,2,Lives in a communal establishment,94
E08000007,Stockport,5,Aged 50 to 64 years,1,Lives in a household,58583
E08000007,Stockport,5,Aged 50 to 64 years,2,Lives in a communal establishment,137
E08000007,Stockport,6,Aged 65 years and over,1,Lives in a household,57600
E08000007,Stockport,6,Aged 65 years and over,2,Lives in a communal establishment,1675
E08000008,Tameside,1,Aged 15 years and under,1,Lives in a household,45891
E08000008,Tameside,1,Aged 15 years and under,2,Lives in a communal establishment,45
E08000008,Tameside,2,Aged 16 to 24 years,1,Lives in a household,21626
E08000008,Tameside,2,Aged 16 to 24 years,2,Lives in a communal establishment,36
E08000008,Tameside,3,Aged 25 to 34 years,1,Lives in a household,31470
E08000008,Tameside,3,Aged 25 to 34 years,2,Lives in a communal establishment,48
E08000008,Tameside,4,Aged 35 to 49 years,1,Lives in a household,44727
E08000008,Tameside,4,Aged 35 to 49 years,2,Lives in a communal establishment,53
E08000008,Tameside,5,Aged 50 to 64 years,1,Lives in a household,46577
E08000008,Tameside,5,Aged 50 to 64 years,2,Lives in a communal establishment,83
E08000008,Tameside,6,Aged 65 years and over,1,Lives in a household,39395
E08000008,Tameside,6,Aged 65 years and over,2,Lives in a communal establishment,1120
E08000009,Trafford,1,Aged 15 years and under,1,Lives in a household,48899
E08000009,Trafford,1,Aged 15 years and under,2,Lives in a communal establishment,2
E08000009,Trafford,2,Aged 16 to 24 years,1,Lives in a household,20708
E08000009,Trafford,2,Aged 16 to 24 years,2,Lives in a communal establishment,39
E08000009,Trafford,3,Aged 25 to 34 years,1,Lives in a household,27406
E08000009,Trafford,3,Aged 25 to 34 years,2,Lives in a communal establishment,63
E08000009,Trafford,4,Aged 35 to 49 years,1,Lives in a household,51129
E08000009,Trafford,4,Aged 35 to 49 years,2,Lives in a communal establishment,80
E08000009,Trafford,5,Aged 50 to 64 years,1,Lives in a household,45278
E08000009,Trafford,5,Aged 50 to 64 years,2,Lives in a communal establishment,157
E08000009,Trafford,6,Aged 65 years and over,1,Lives in a household,40248
E08000009,Trafford,6,Aged 65 years and over,2,Lives in a communal establishment,1044
E08000010,Wigan,1,Aged 15 years and under,1,Lives in a household,60618
E08000010,Wigan,1,Aged 15 years and under,2,Lives in a communal establishment,18
E08000010,Wigan,2,Aged 16 to 24 years,1,Lives in a household,30424
E08000010,Wigan,2,Aged 16 to 24 years,2,Lives in a communal establishment,258
E08000010,Wigan,3,Aged 25 to 34 years,1,Lives in a household,43460
E08000010,Wigan,3,Aged 25 to 34 years,2,Lives in a communal establishment,229
E08000010,Wigan,4,Aged 35 to 49 years,1,Lives in a household,62568
E08000010,Wigan,4,Aged 35 to 49 years,2,Lives in a communal establishment,186
E08000010,Wigan,5,Aged 50 to 64 years,1,Lives in a household,67781
E08000010,Wigan,5,Aged 50 to 64 years,2,Lives in a communal establishment,185
E08000010,Wigan,6,Aged 65 years and over,1,Lives in a household,61998
E08000010,Wigan,6,Aged 65 years and over,2,Lives in a communal establishment,1605
E08000011,Knowsley,1,Aged 15 years and under,1,Lives in a household,30209
E08000011,Knowsley,1,Aged 15 years and under,2,Lives in a communal establishment,11
E08000011,Knowsley,2,Aged 16 to 24 years,1,Lives in a household,15121
E08000011,Knowsley,2,Aged 16 to 24 years,2,Lives in a communal establishment,13
E08000011,Knowsley,3,Aged 25 to 34 years,1,Lives in a household,22287
E08000011,Knowsley,3,Aged 25 to 34 years,2,Lives in a communal establishment,19
E08000011,Knowsley,4,Aged 35 to 49 years,1,Lives in a household,27614
E08000011,Knowsley,4,Aged 35 to 49 years,2,Lives in a communal establishment,29
E08000011,Knowsley,5,Aged 50 to 64 years,1,Lives in a household,32894
E08000011,Knowsley,5,Aged 50 to 64 years,2,Lives in a communal establishment,80
E08000011,Knowsley,6,Aged 65 years and over,1,Lives in a household,25561
E08000011,Knowsley,6,Aged 65 years and over,2,Lives in a communal establishment,681
E08000012,Liverpool,1,Aged 15 years and under,1,Lives in a household,83008
E08000012,Liverpool,1,Aged 15 years and under,2,Lives in a communal establishment,53
E08000012,Liverpool,2,Aged 16 to 24 years,1,Lives in a household,61742
E08000012,Liverpool,2,Aged 16 to 24 years,2,Lives in a communal establishment,16723
E08000012,Liverpool,3,Aged 25 to 34 years,1,Lives in a household,73795
E08000012,Liverpool,3,Aged 25 to 34 years,2,Lives in a communal establishment,1601
E08000012,Liverpool,4,Aged 35 to 49 years,1,Lives in a household,86554
E08000012,Liverpool,4,Aged 35 to 49 years,2,Lives in a communal establishment,935
E08000012,Liverpool,5,Aged 50 to 64 years,1,Lives in a household,86670
E08000012,Liverpool,5,Aged 50 to 64 years,2,Lives in a communal establishment,686
E08000012,Liverpool,6,Aged 65 years and over,1,Lives in a household,72106
E08000012,Liverpool,6,Aged 65 years and over,2,Lives in a communal establishment,2216
E08000013,St. Helens,1,Aged 15 years and under,1,Lives in a household,32664
E08000013,St. Helens,1,Aged 15 years and under,2,Lives in a communal establishment,13
E08000013,St. Helens,2,Aged 16 to 24 years,1,Lives in a household,16633
E08000013,St. Helens,2,Aged 16 to 24 years,2,Lives in a communal establishment,77
E08000013,St. Helens,3,Aged 25 to 34 years,1,Lives in a household,23733
E08000013,St. Helens,3,Aged 25 to 34 years,2,Lives in a communal establishment,46
E08000013,St. Helens,4,Aged 35 to 49 years,1,Lives in a household,34149
E08000013,St. Helens,4,Aged 35 to 49 years,2,Lives in a communal establishment,82
E08000013,St. Helens,5,Aged 50 to 64 years,1,Lives in a household,38106
E08000013,St. Helens,5,Aged 50 to 64 years,2,Lives in a communal establishment,104
E08000013,St. Helens,6,Aged 65 years and over,1,Lives in a household,36740
E08000013,St. Helens,6,Aged 65 years and over,2,Lives in a communal establishment,902
E08000014,Sefton,1,Aged 15 years and under,1,Lives in a household,46792
E08000014,Sefton,1,Aged 15 years and under,2,Lives in a communal establishment,51
E08000014,Sefton,2,Aged 16 to 24 years,1,Lives in a household,24460
E08000014,Sefton,2,Aged 16 to 24 years,2,Lives in a communal establishment,103
E08000014,Sefton,3,Aged 25 to 34 years,1,Lives in a household,32202
E08000014,Sefton,3,Aged 25 to 34 years,2,Lives in a communal establishment,172
E08000014,Sefton,4,Aged 35 to 49 years,1,Lives in a household,48797
E08000014,Sefton,4,Aged 35 to 49 years,2,Lives in a communal establishment,290
E08000014,Sefton,5,Aged 50 to 64 years,1,Lives in a household,61185
E08000014,Sefton,5,Aged 50 to 64 years,2,Lives in a communal establishment,419
E08000014,Sefton,6,Aged 65 years and over,1,Lives in a household,62261
E08000014,Sefton,6,Aged 65 years and over,2,Lives in a communal establishment,2502
E08000015,Wirral,1,Aged 15 years and under,1,Lives in a household,58067
E08000015,Wirral,1,Aged 15 years and under,2,Lives in a communal establishment,21
E08000015,Wirral,2,Aged 16 to 24 years,1,Lives in a household,28303
E08000015,Wirral,2,Aged 16 to 24 years,2,Lives in a communal establishment,47
E08000015,Wirral,3,Aged 25 to 34 years,1,Lives in a household,37549
E08000015,Wirral,3,Aged 25 to 34 years,2,Lives in a communal establishment,73
E08000015,Wirral,4,Aged 35 to 49 years,1,Lives in a household,57181
E08000015,Wirral,4,Aged 35 to 49 years,2,Lives in a communal establishment,168
E08000015,Wirral,5,Aged 50 to 64 years,1,Lives in a household,68042
E08000015,Wirral,5,Aged 50 to 64 years,2,Lives in a communal establishment,356
E08000015,Wirral,6,Aged 65 years and over,1,Lives in a household,68261
E08000015,Wirral,6,Aged 65 years and over,2,Lives in a communal establishment,2131
E08000016,Barnsley,1,Aged 15 years and under,1,Lives in a household,44779
E08000016,Barnsley,1,Aged 15 years and under,2,Lives in a communal establishment,2
E08000016,Barnsley,2,Aged 16 to 24 years,1,Lives in a household,22049
E08000016,Barnsley,2,Aged 16 to 24 years,2,Lives in a communal establishment,52
E08000016,Barnsley,3,Aged 25 to 34 years,1,Lives in a household,32870
E08000016,Barnsley,3,Aged 25 to 34 years,2,Lives in a communal establishment,79
E08000016,Barnsley,4,Aged 35 to 49 years,1,Lives in a household,44749
E08000016,Barnsley,4,Aged 35 to 49 years,2,Lives in a communal establishment,108
E08000016,Barnsley,5,Aged 50 to 64 years,1,Lives in a household,52107
E08000016,Barnsley,5,Aged 50 to 64 years,2,Lives in a communal establishment,178
E08000016,Barnsley,6,Aged 65 years and over,1,Lives in a household,46323
E08000016,Barnsley,6,Aged 65 years and over,2,Lives in a communal establishment,1275
E08000017,Doncaster,1,Aged 15 years and under,1,Lives in a household,57144
E08000017,Doncaster,1,Aged 15 years and under,2,Lives in a communal establishment,35
E08000017,Doncaster,2,Aged 16 to 24 years,1,Lives in a household,28234
E08000017,Doncaster,2,Aged 16 to 24 years,2,Lives in a communal establishment,618
E08000017,Doncaster,3,Aged 25 to 34 years,1,Lives in a household,40797
E08000017,Doncaster,3,Aged 25 to 34 years,2,Lives in a communal establishment,1244
E08000017,Doncaster,4,Aged 35 to 49 years,1,Lives in a household,55619
E08000017,Doncaster,4,Aged 35 to 49 years,2,Lives in a communal establishment,1177
E08000017,Doncaster,5,Aged 50 to 64 years,1,Lives in a household,62875
E08000017,Doncaster,5,Aged 50 to 64 years,2,Lives in a communal establishment,509
E08000017,Doncaster,6,Aged 65 years and over,1,Lives in a household,58501
E08000017,Doncaster,6,Aged 65 years and over,2,Lives in a communal establishment,1351
E08000018,Rotherham,1,Aged 15 years and under,1,Lives in a household,50227
E08000018,Rotherham,1,Aged 15 years and under,2,Lives in a communal establishment,7
E08000018,Rotherham,2,Aged 16 to 24 years,1,Lives in a household,25454
E08000018,Rotherham,2,Aged 16 to 24 years,2,Lives in a communal establishment,50
E08000018,Rotherham,3,Aged 25 to 34 years,1,Lives in a household,34273
E08000018,Rotherham,3,Aged 25 to 34 years,2,Lives in a communal establishment,154
E08000018,Rotherham,4,Aged 35 to 49 years,1,Lives in a household,48741
E08000018,Rotherham,4,Aged 35 to 49 years,2,Lives in a communal establishment,199
E08000018,Rotherham,5,Aged 50 to 64 years,1,Lives in a household,54208
E08000018,Rotherham,5,Aged 50 to 64 years,2,Lives in a communal establishment,271
E08000018,Rotherham,6,Aged 65 years and over,1,Lives in a household,51057
E08000018,Rotherham,6,Aged 65 years and over,2,Lives in a communal establishment,1171
E08000019,Sheffield,1,Aged 15 years and under,1,Lives in a household,100226
E08000019,Sheffield,1,Aged 15 years and under,2,Lives in a communal establishment,45
E08000019,Sheffield,2,Aged 16 to 24 years,1,Lives in a household,67343
E08000019,Sheffield,2,Aged 16 to 24 years,2,Lives in a communal establishment,14957
E08000019,Sheffield,3,Aged 25 to 34 years,1,Lives in a household,77435
E08000019,Sheffield,3,Aged 25 to 34 years,2,Lives in a communal establishment,1964
E08000019,Sheffield,4,Aged 35 to 49 years,1,Lives in a household,98928
E08000019,Sheffield,4,Aged 35 to 49 years,2,Lives in a communal establishment,487
E08000019,Sheffield,5,Aged 50 to 64 years,1,Lives in a household,99850
E08000019,Sheffield,5,Aged 50 to 64 years,2,Lives in a communal establishment,465
E08000019,Sheffield,6,Aged 65 years and over,1,Lives in a household,92109
E08000019,Sheffield,6,Aged 65 years and over,2,Lives in a communal establishment,2710
E08000021,Newcastle upon Tyne,1,Aged 15 years and under,1,Lives in a household,51614
E08000021,Newcastle upon Tyne,1,Aged 15 years and under,2,Lives in a communal establishment,61
E08000021,Newcastle upon Tyne,2,Aged 16 to 24 years,1,Lives in a household,43584
E08000021,Newcastle upon Tyne,2,Aged 16 to 24 years,2,Lives in a communal establishment,13500
E08000021,Newcastle upon Tyne,3,Aged 25 to 34 years,1,Lives in a household,43371
E08000021,Newcastle upon Tyne,3,Aged 25 to 34 years,2,Lives in a communal establishment,1265
E08000021,Newcastle upon Tyne,4,Aged 35 to 49 years,1,Lives in a household,52252
E08000021,Newcastle upon Tyne,4,Aged 35 to 49 years,2,Lives in a communal establishment,346
E08000021,Newcastle upon Tyne,5,Aged 50 to 64 years,1,Lives in a household,49337
E08000021,Newcastle upon Tyne,5,Aged 50 to 64 years,2,Lives in a communal establishment,281
E08000021,Newcastle upon Tyne,6,Aged 65 years and over,1,Lives in a household,42721
E08000021,Newcastle upon Tyne,6,Aged 65 years and over,2,Lives in a communal establishment,1794
E08000022,North Tyneside,1,Aged 15 years and under,1,Lives in a household,37453
E08000022,North Tyneside,1,Aged 15 years and under,2,Lives in a communal establishment,2
E08000022,North Tyneside,2,Aged 16 to 24 years,1,Lives in a household,17481
E08000022,North Tyneside,2,Aged 16 to 24 years,2,Lives in a communal establishment,28
E08000022,North Tyneside,3,Aged 25 to 34 years,1,Lives in a household,26052
E08000022,North Tyneside,3,Aged 25 to 34 years,2,Lives in a communal establishment,15
E08000022,North Tyneside,4,Aged 35 to 49 years,1,Lives in a household,41532
E08000022,North Tyneside,4,Aged 35 to 49 years,2,Lives in a communal establishment,56
E08000022,North Tyneside,5,Aged 50 to 64 years,1,Lives in a household,43350
E08000022,North Tyneside,5,Aged 50 to 64 years,2,Lives in a communal establishment,103
E08000022,North Tyneside,6,Aged 65 years and over,1,Lives in a household,41851
E08000022,North Tyneside,6,Aged 65 years and over,2,Lives in a communal establishment,1046
E08000023,South Tyneside,1,Aged 15 years and under,1,Lives in a household,26481
E08000023,South Tyneside,1,Aged 15 years and under,2,Lives in a communal establishment,3
E08000023,South Tyneside,2,Aged 16 to 24 years,1,Lives in a household,13120
E08000023,South Tyneside,2,Aged 16 to 24 years,2,Lives in a communal establishment,86
E08000023,South Tyneside,3,Aged 25 to 34 years,1,Lives in a household,18491
E08000023,South Tyneside,3,Aged 25 to 34 years,2,Lives in a communal establishment,36
E08000023,South Tyneside,4,Aged 35 to 49 years,1,Lives in a household,26516
E08000023,South Tyneside,4,Aged 35 to 49 years,2,Lives in a communal establishment,72
E08000023,South Tyneside,5,Aged 50 to 64 years,1,Lives in a household,31983
E08000023,South Tyneside,5,Aged 50 to 64 years,2,Lives in a communal establishment,152
E08000023,South Tyneside,6,Aged 65 years and over,1,Lives in a household,30007
E08000023,South Tyneside,6,Aged 65 years and over,2,Lives in a communal establishment,831
E08000024,Sunderland,1,Aged 15 years and under,1,Lives in a household,48081
E08000024,Sunderland,1,Aged 15 years and under,2,Lives in a communal establishment,22
E08000024,Sunderland,2,Aged 16 to 24 years,1,Lives in a household,25525
E08000024,Sunderland,2,Aged 16 to 24 years,2,Lives in a communal establishment,1282
E08000024,Sunderland,3,Aged 25 to 34 years,1,Lives in a household,34652
E08000024,Sunderland,3,Aged 25 to 34 years,2,Lives in a communal establishment,415
E08000024,Sunderland,4,Aged 35 to 49 years,1,Lives in a household,49300
E08000024,Sunderland,4,Aged 35 to 49 years,2,Lives in a communal establishment,238
E08000024,Sunderland,5,Aged 50 to 64 years,1,Lives in a household,58186
E08000024,Sunderland,5,Aged 50 to 64 years,2,Lives in a communal establishment,206
E08000024,Sunderland,6,Aged 65 years and over,1,Lives in a household,54642
E08000024,Sunderland,6,Aged 65 years and over,2,Lives in a communal establishment,1624
E08000025,Birmingham,1,Aged 15 years and under,1,Lives in a household,254624
E08000025,Birmingham,1,Aged 15 years and under,2,Lives in a communal establishment,672
E08000025,Birmingham,2,Aged 16 to 24 years,1,Lives in a household,147620
E08000025,Birmingham,2,Aged 16 to 24 years,2,Lives in a communal establishment,16117
E08000025,Birmingham,3,Aged 25 to 34 years,1,Lives in a household,165225
E08000025,Birmingham,3,Aged 25 to 34 years,2,Lives in a communal establishment,2214
E08000025,Birmingham,4,Aged 35 to 49 years,1,Lives in a household,220872
E08000025,Birmingham,4,Aged 35 to 49 years,2,Lives in a communal establishment,1808
E08000025,Birmingham,5,Aged 50 to 64 years,1,Lives in a household,183696
E08000025,Birmingham,5,Aged 50 to 64 years,2,Lives in a communal establishment,1582
E08000025,Birmingham,6,Aged 65 years and over,1,Lives in a household,145814
E08000025,Birmingham,6,Aged 65 years and over,2,Lives in a communal establishment,4675
E08000026,Coventry,1,Aged 15 years and under,1,Lives in a household,68445
E08000026,Coventry,1,Aged 15 years and under,2,Lives in a communal establishment,6
E08000026,Coventry,2,Aged 16 to 24 years,1,Lives in a household,43042
E08000026,Coventry,2,Aged 16 to 24 years,2,Lives in a communal establishment,10012
E08000026,Coventry,3,Aged 25 to 34 years,1,Lives in a household,49059
E08000026,Coventry,3,Aged 25 to 34 years,2,Lives in a communal establishment,971
E08000026,Coventry,4,Aged 35 to 49 years,1,Lives in a household,65876
E08000026,Coventry,4,Aged 35 to 49 years,2,Lives in a communal establishment,227
E08000026,Coventry,5,Aged 50 to 64 years,1,Lives in a household,57150
E08000026,Coventry,5,Aged 50 to 64 years,2,Lives in a communal establishment,223
E08000026,Coventry,6,Aged 65 years and over,1,Lives in a household,49035
E08000026,Coventry,6,Aged 65 years and over,2,Lives in a communal establishment,1278
E08000027,Dudley,1,Aged 15 years and under,1,Lives in a household,60892
E08000027,Dudley,1,Aged 15 years and under,2,Lives in a communal establishment,108
E08000027,Dudley,2,Aged 16 to 24 years,1,Lives in a household,30964
E08000027,Dudley,2,Aged 16 to 24 years,2,Lives in a communal establishment,76
E08000027,Dudley,3,Aged 25 to 34 years,1,Lives in a household,41755
E08000027,Dudley,3,Aged 25 to 34 years,2,Lives in a communal establishment,52
E08000027,Dudley,4,Aged 35 to 49 years,1,Lives in a household,59133
E08000027,Dudley,4,Aged 35 to 49 years,2,Lives in a communal establishment,108
E08000027,Dudley,5,Aged 50 to 64 years,1,Lives in a household,64121
E08000027,Dudley,5,Aged 50 to 64 years,2,Lives in a communal establishment,220
E08000027,Dudley,6,Aged 65 years and over,1,Lives in a household,64633
E08000027,Dudley,6,Aged 65 years and over,2,Lives in a communal establishment,1425
E08000028,Sandwell,1,Aged 15 years and under,1,Lives in a household,75746
E08000028,Sandwell,1,Aged 15 years and under,2,Lives in a communal establishment,58
E08000028,Sandwell,2,Aged 16 to 24 years,1,Lives in a household,37603
E08000028,Sandwell,2,Aged 16 to 24 years,2,Lives in a communal establishment,63
E08000028,Sandwell,3,Aged 25 to 34 years,1,Lives in a household,47301
E08000028,Sandwell,3,Aged 25 to 34 years,2,Lives in a communal establishment,131
E08000028,Sandwell,4,Aged 35 to 49 years,1,Lives in a household,69865
E08000028,Sandwell,4,Aged 35 to 49 years,2,Lives in a communal establishment,202
E08000028,Sandwell,5,Aged 50 to 64 years,1,Lives in a household,60832
E08000028,Sandwell,5,Aged 50 to 64 years,2,Lives in a communal establishment,326
E08000028,Sandwell,6,Aged 65 years and over,1,Lives in a household,48444
E08000028,Sandwell,6,Aged 65 years and over,2,Lives in a communal establishment,1261
E08000029,Solihull,1,Aged 15 years and under,1,Lives in a household,41738
E08000029,Solihull,1,Aged 15 years and under,2,Lives in a communal establishment,1
E08000029,Solihull,2,Aged 16 to 24 years,1,Lives in a household,19865
E08000029,Solihull,2,Aged 16 to 24 years,2,Lives in a communal establishment,27
E08000029,Solihull,3,Aged 25 to 34 years,1,Lives in a household,24933
E08000029,Solihull,3,Aged 25 to 34 years,2,Lives in a communal establishment,74
E08000029,Solihull,4,Aged 35 to 49 years,1,Lives in a household,39833
E08000029,Solihull,4,Aged 35 to 49 years,2,Lives in a communal establishment,128
E08000029,Solihull,5,Aged 50 to 64 years,1,Lives in a household,43903
E08000029,Solihull,5,Aged 50 to 64 years,2,Lives in a communal establishment,139
E08000029,Solihull,6,Aged 65 years and over,1,Lives in a household,44698
E08000029,Solihull,6,Aged 65 years and over,2,Lives in a communal establishment,901
E08000030,Walsall,1,Aged 15 years and under,1,Lives in a household,61003
E08000030,Walsall,1,Aged 15 years and under,2,Lives in a communal establishment,21
E08000030,Walsall,2,Aged 16 to 24 years,1,Lives in a household,29403
E08000030,Walsall,2,Aged 16 to 24 years,2,Lives in a communal establishment,334
E08000030,Walsall,3,Aged 25 to 34 years,1,Lives in a household,37544
E08000030,Walsall,3,Aged 25 to 34 years,2,Lives in a communal establishment,69
E08000030,Walsall,4,Aged 35 to 49 years,1,Lives in a household,53560
E08000030,Walsall,4,Aged 35 to 49 years,2,Lives in a communal establishment,119
E08000030,Walsall,5,Aged 50 to 64 years,1,Lives in a household,52509
E08000030,Walsall,5,Aged 50 to 64 years,2,Lives in a communal establishment,99
E08000030,Walsall,6,Aged 65 years and over,1,Lives in a household,48373
E08000030,Walsall,6,Aged 65 years and over,2,Lives in a communal establishment,1089
E08000031,Wolverhampton,1,Aged 15 years and under,1,Lives in a household,55232
E08000031,Wolverhampton,1,Aged 15 years and under,2,Lives in a communal establishment,53
E08000031,Wolverhampton,2,Aged 16 to 24 years,1,Lives in a household,26568
E08000031,Wolverhampton,2,Aged 16 to 24 years,2,Lives in a communal establishment,1344
E08000031,Wolverhampton,3,Aged 25 to 34 years,1,Lives in a household,35710
E08000031,Wolverhampton,3,Aged 25 to 34 years,2,Lives in a communal establishment,247
E08000031,Wolverhampton,4,Aged 35 to 49 years,1,Lives in a household,52557
E08000031,Wolverhampton,4,Aged 35 to 49 years,2,Lives in a communal establishment,144
E08000031,Wolverhampton,5,Aged 50 to 64 years,1,Lives in a household,48382
E08000031,Wolverhampton,5,Aged 50 to 64 years,2,Lives in a communal establishment,211
E08000031,Wolverhampton,6,Aged 65 years and over,1,Lives in a household,41874
E08000031,Wolverhampton,6,Aged 65 years and over,2,Lives in a communal establishment,1408
E08000032,Bradford,1,Aged 15 years and under,1,Lives in a household,124380
E08000032,Bradford,1,Aged 15 years and under,2,Lives in a communal establishment,457
E08000032,Bradford,2,Aged 16 to 24 years,1,Lives in a household,61474
E08000032,Bradford,2,Aged 16 to 24 years,2,Lives in a communal establishment,1605
E08000032,Bradford,3,Aged 25 to 34 years,1,Lives in a household,72038
E08000032,Bradford,3,Aged 25 to 34 years,2,Lives in a communal establishment,521
E08000032,Bradford,4,Aged 35 to 49 years,1,Lives in a household,107235
E08000032,Bradford,4,Aged 35 to 49 years,2,Lives in a communal establishment,467
E08000032,Bradford,5,Aged 50 to 64 years,1,Lives in a household,94728
E08000032,Bradford,5,Aged 50 to 64 years,2,Lives in a communal establishment,505
E08000032,Bradford,6,Aged 65 years and over,1,Lives in a household,80693
E08000032,Bradford,6,Aged 65 years and over,2,Lives in a communal establishment,2308
E08000033,Calderdale,1,Aged 15 years and under,1,Lives in a household,39937
E08000033,Calderdale,1,Aged 15 years and under,2,Lives in a communal establishment,60
E08000033,Calderdale,2,Aged 16 to 24 years,1,Lives in a household,19075
E08000033,Calderdale,2,Aged 16 to 24 years,2,Lives in a communal establishment,88
E08000033,Calderdale,3,Aged 25 to 34 years,1,Lives in a household,24892
E08000033,Calderdale,3,Aged 25 to 34 years,2,Lives in a communal establishment,28
E08000033,Calderdale,4,Aged 35 to 49 years,1,Lives in a household,39394
E08000033,Calderdale,4,Aged 35 to 49 years,2,Lives in a communal establishment,78
E08000033,Calderdale,5,Aged 50 to 64 years,1,Lives in a household,43673
E08000033,Calderdale,5,Aged 50 to 64 years,2,Lives in a communal establishment,96
E08000033,Calderdale,6,Aged 65 years and over,1,Lives in a household,38344
E08000033,Calderdale,6,Aged 65 years and over,2,Lives in a communal establishment,966
E08000034,Kirklees,1,Aged 15 years and under,1,Lives in a household,86838
E08000034,Kirklees,1,Aged 15 years and under,2,Lives in a communal establishment,103
E08000034,Kirklees,2,Aged 16 to 24 years,1,Lives in a household,44761
E08000034,Kirklees,2,Aged 16 to 24 years,2,Lives in a communal establishment,2411
E08000034,Kirklees,3,Aged 25 to 34 years,1,Lives in a household,54551
E08000034,Kirklees,3,Aged 25 to 34 years,2,Lives in a communal establishment,318
E08000034,Kirklees,4,Aged 35 to 49 years,1,Lives in a household,83155
E08000034,Kirklees,4,Aged 35 to 49 years,2,Lives in a communal establishment,255
E08000034,Kirklees,5,Aged 50 to 64 years,1,Lives in a household,83605
E08000034,Kirklees,5,Aged 50 to 64 years,2,Lives in a communal establishment,406
E08000034,Kirklees,6,Aged 65 years and over,1,Lives in a household,74739
E08000034,Kirklees,6,Aged 65 years and over,2,Lives in a communal establishment,2074
E08000035,Leeds,1,Aged 15 years and under,1,Lives in a household,153343
E08000035,Leeds,1,Aged 15 years and under,2,Lives in a communal establishment,139
E08000035,Leeds,2,Aged 16 to 24 years,1,Lives in a household,98761
E08000035,Leeds,2,Aged 16 to 24 years,2,Lives in a communal establishment,14610
E08000035,Leeds,3,Aged 25 to 34 years,1,Lives in a household,119474
E08000035,Leeds,3,Aged 25 to 34 years,2,Lives in a communal establishment,1793
E08000035,Leeds,4,Aged 35 to 49 years,1,Lives in a household,156433
E08000035,Leeds,4,Aged 35 to 49 years,2,Lives in a communal establishment,941
E08000035,Leeds,5,Aged 50 to 64 years,1,Lives in a household,139083
E08000035,Leeds,5,Aged 50 to 64 years,2,Lives in a communal establishment,610
E08000035,Leeds,6,Aged 65 years and over,1,Lives in a household,123418
E08000035,Leeds,6,Aged 65 years and over,2,Lives in a communal establishment,3348
E08000036,Wakefield,1,Aged 15 years and under,1,Lives in a household,65785
E08000036,Wakefield,1,Aged 15 years and under,2,Lives in a communal establishment,47
E08000036,Wakefield,2,Aged 16 to 24 years,1,Lives in a household,31750
E08000036,Wakefield,2,Aged 16 to 24 years,2,Lives in a communal establishment,184
E08000036,Wakefield,3,Aged 25 to 34 years,1,Lives in a household,48541
E08000036,Wakefield,3,Aged 25 to 34 years,2,Lives in a communal establishment,433
E08000036,Wakefield,4,Aged 35 to 49 years,1,Lives in a household,66565
E08000036,Wakefield,4,Aged 35 to 49 years,2,Lives in a communal establishment,579
E08000036,Wakefield,5,Aged 50 to 64 years,1,Lives in a household,72313
E08000036,Wakefield,5,Aged 50 to 64 years,2,Lives in a communal establishment,566
E08000036,Wakefield,6,Aged 65 years and over,1,Lives in a household,64873
E08000036,Wakefield,6,Aged 65 years and over,2,Lives in a communal establishment,1734
E08000037,Gateshead,1,Aged 15 years and under,1,Lives in a household,34384
E08000037,Gateshead,1,Aged 15 years and under,2,Lives in a communal establishment,18
E08000037,Gateshead,2,Aged 16 to 24 years,1,Lives in a household,17567
E08000037,Gateshead,2,Aged 16 to 24 years,2,Lives in a communal establishment,872
E08000037,Gateshead,3,Aged 25 to 34 years,1,Lives in a household,25807
E08000037,Gateshead,3,Aged 25 to 34 years,2,Lives in a communal establishment,67
E08000037,Gateshead,4,Aged 35 to 49 years,1,Lives in a household,36835
E08000037,Gateshead,4,Aged 35 to 49 years,2,Lives in a communal establishment,95
E08000037,Gateshead,5,Aged 50 to 64 years,1,Lives in a household,40532
E08000037,Gateshead,5,Aged 50 to 64 years,2,Lives in a communal establishment,202
E08000037,Gateshead,6,Aged 65 years and over,1,Lives in a household,38471
E08000037,Gateshead,6,Aged 65 years and over,2,Lives in a communal establishment,1302
E09000001,City of London,1,Aged 15 years and under,1,Lives in a household,551
E09000001,City of London,1,Aged 15 years and under,2,Lives in a communal establishment,28
E09000001,City of London,2,Aged 16 to 24 years,1,Lives in a household,1101
E09000001,City of London,2,Aged 16 to 24 years,2,Lives in a communal establishment,48
E09000001,City of London,3,Aged 25 to 34 years,1,Lives in a household,2179
E09000001,City of London,3,Aged 25 to 34 years,2,Lives in a communal establishment,34
E09000001,City of London,4,Aged 35 to 49 years,1,Lives in a household,1765
E09000001,City of London,4,Aged 35 to 49 years,2,Lives in a communal establishment,52
E09000001,City of London,5,Aged 50 to 64 years,1,Lives in a household,1584
E09000001,City of London,5,Aged 50 to 64 years,2,Lives in a communal establishment,33
E09000001,City of London,6,Aged 65 years and over,1,Lives in a household,1193
E09000001,City of London,6,Aged 65 years and over,2,Lives in a communal establishment,13
E09000002,Barking and Dagenham,1,Aged 15 years and under,1,Lives in a household,57077
E09000002,Barking and Dagenham,1,Aged 15 years and under,2,Lives in a communal establishment,47
E09000002,Barking and Dagenham,2,Aged 16 to 24 years,1,Lives in a household,24977
E09000002,Barking and Dagenham,2,Aged 16 to 24 years,2,Lives in a communal establishment,75
E09000002,Barking and Dagenham,3,Aged 25 to 34 years,1,Lives in a household,33167
E09000002,Barking and Dagenham,3,Aged 25 to 34 years,2,Lives in a communal establishment,104
E09000002,Barking and Dagenham,4,Aged 35 to 49 years,1,Lives in a household,50561
E09000002,Barking and Dagenham,4,Aged 35 to 49 years,2,Lives in a communal establishment,82
E09000002,Barking and Dagenham,5,Aged 50 to 64 years,1,Lives in a household,33644
E09000002,Barking and Dagenham,5,Aged 50 to 64 years,2,Lives in a communal establishment,102
E09000002,Barking and Dagenham,6,Aged 65 years and over,1,Lives in a household,18523
E09000002,Barking and Dagenham,6,Aged 65 years and over,2,Lives in a communal establishment,509
E09000003,Barnet,1,Aged 15 years and under,1,Lives in a household,79912
E09000003,Barnet,1,Aged 15 years and under,2,Lives in a communal establishment,78
E09000003,Barnet,2,Aged 16 to 24 years,1,Lives in a household,38314
E09000003,Barnet,2,Aged 16 to 24 years,2,Lives in a communal establishment,720
E09000003,Barnet,3,Aged 25 to 34 years,1,Lives in a household,57878
E09000003,Barnet,3,Aged 25 to 34 years,2,Lives in a communal establishment,339
E09000003,Barnet,4,Aged 35 to 49 years,1,Lives in a household,88055
E09000003,Barnet,4,Aged 35 to 49 years,2,Lives in a communal establishment,289
E09000003,Barnet,5,Aged 50 to 64 years,1,Lives in a household,67273
E09000003,Barnet,5,Aged 50 to 64 years,2,Lives in a communal establishment,382
E09000003,Barnet,6,Aged 65 years and over,1,Lives in a household,54518
E09000003,Barnet,6,Aged 65 years and over,2,Lives in a communal establishment,1586
E09000004,Bexley,1,Aged 15 years and under,1,Lives in a household,50642
E09000004,Bexley,1,Aged 15 years and under,2,Lives in a communal establishment,3
E09000004,Bexley,2,Aged 16 to 24 years,1,Lives in a household,24461
E09000004,Bexley,2,Aged 16 to 24 years,2,Lives in a communal establishment,179
E09000004,Bexley,3,Aged 25 to 34 years,1,Lives in a household,31967
E09000004,Bexley,3,Aged 25 to 34 years,2,Lives in a communal establishment,20
E09000004,Bexley,4,Aged 35 to 49 years,1,Lives in a household,50839
E09000004,Bexley,4,Aged 35 to 49 years,2,Lives in a communal establishment,20
E09000004,Bexley,5,Aged 50 to 64 years,1,Lives in a household,47386
E09000004,Bexley,5,Aged 50 to 64 years,2,Lives in a communal establishment,62
E09000004,Bexley,6,Aged 65 years and over,1,Lives in a household,39971
E09000004,Bexley,6,Aged 65 years and over,2,Lives in a communal establishment,921
E09000005,Brent,1,Aged 15 years and under,1,Lives in a household,64650
E09000005,Brent,1,Aged 15 years and under,2,Lives in a communal establishment,23
E09000005,Brent,2,Aged 16 to 24 years,1,Lives in a household,38981
E09000005,Brent,2,Aged 16 to 24 years,2,Lives in a communal establishment,2232
E09000005,Brent,3,Aged 25 to 34 years,1,Lives in a household,58743
E09000005,Brent,3,Aged 25 to 34 years,2,Lives in a communal establishment,417
E09000005,Brent,4,Aged 35 to 49 years,1,Lives in a household,75902
E09000005,Brent,4,Aged 35 to 49 years,2,Lives in a communal establishment,262
E09000005,Brent,5,Aged 50 to 64 years,1,Lives in a household,58745
E09000005,Brent,5,Aged 50 to 64 years,2,Lives in a communal establishment,307
E09000005,Brent,6,Aged 65 years and over,1,Lives in a household,38786
E09000005,Brent,6,Aged 65 years and over,2,Lives in a communal establishment,769
E09000006,Bromley,1,Aged 15 years and under,1,Lives in a household,64752
E09000006,Bromley,1,Aged 15 years and under,2,Lives in a communal establishment,151
E09000006,Bromley,2,Aged 16 to 24 years,1,Lives in a household,27891
E09000006,Bromley,2,Aged 16 to 24 years,2,Lives in a communal establishment,139
E09000006,Bromley,3,Aged 25 to 34 years,1,Lives in a household,40669
E09000006,Bromley,3,Aged 25 to 34 years,2,Lives in a communal establishment,81
E09000006,Bromley,4,Aged 35 to 49 years,1,Lives in a household,73395
E09000006,Bromley,4,Aged 35 to 49 years,2,Lives in a communal establishment,139
E09000006,Bromley,5,Aged 50 to 64 years,1,Lives in a household,64370
E09000006,Bromley,5,Aged 50 to 64 years,2,Lives in a communal establishment,163
E09000006,Bromley,6,Aged 65 years and over,1,Lives in a household,57123
E09000006,Bromley,6,Aged 65 years and over,2,Lives in a communal establishment,1117
E09000007,Camden,1,Aged 15 years and under,1,Lives in a household,32170
E09000007,Camden,1,Aged 15 years and under,2,Lives in a communal establishment,59
E09000007,Camden,2,Aged 16 to 24 years,1,Lives in a household,26607
E09000007,Camden,2,Aged 16 to 24 years,2,Lives in a communal establishment,5366
E09000007,Camden,3,Aged 25 to 34 years,1,Lives in a household,41524
E09000007,Camden,3,Aged 25 to 34 years,2,Lives in a communal establishment,1019
E09000007,Camden,4,Aged 35 to 49 years,1,Lives in a household,43986
E09000007,Camden,4,Aged 35 to 49 years,2,Lives in a communal establishment,422
E09000007,Camden,5,Aged 50 to 64 years,1,Lives in a household,33899
E09000007,Camden,5,Aged 50 to 64 years,2,Lives in a communal establishment,255
E09000007,Camden,6,Aged 65 years and over,1,Lives in a household,24517
E09000007,Camden,6,Aged 65 years and over,2,Lives in a communal establishment,311
E09000008,Croydon,1,Aged 15 years and under,1,Lives in a household,80262
E09000008,Croydon,1,Aged 15 years and under,2,Lives in a communal establishment,59
E09000008,Croydon,2,Aged 16 to 24 years,1,Lives in a household,38918
E09000008,Croydon,2,Aged 16 to 24 years,2,Lives in a communal establishment,313
E09000008,Croydon,3,Aged 25 to 34 years,1,Lives in a household,58874
E09000008,Croydon,3,Aged 25 to 34 years,2,Lives in a communal establishment,267
E09000008,Croydon,4,Aged 35 to 49 years,1,Lives in a household,85341
E09000008,Croydon,4,Aged 35 to 49 years,2,Lives in a communal establishment,394
E09000008,Croydon,5,Aged 50 to 64 years,1,Lives in a household,72576
E09000008,Croydon,5,Aged 50 to 64 years,2,Lives in a communal establishment,641
E09000008,Croydon,6,Aged 65 years and over,1,Lives in a household,51406
E09000008,Croydon,6,Aged 65 years and over,2,Lives in a communal establishment,1667
E09000009,Ealing,1,Aged 15 years and under,1,Lives in a household,71713
E09000009,Ealing,1,Aged 15 years and under,2,Lives in a communal establishment,31
E09000009,Ealing,2,Aged 16 to 24 years,1,Lives in a household,38021
E09000009,Ealing,2,Aged 16 to 24 years,2,Lives in a communal establishment,2071
E09000009,Ealing,3,Aged 25 to 34 years,1,Lives in a household,59367
E09000009,Ealing,3,Aged 25 to 34 years,2,Lives in a communal establishment,308
E09000009,Ealing,4,Aged 35 to 49 years,1,Lives in a household,86564
E09000009,Ealing,4,Aged 35 to 49 years,2,Lives in a communal establishment,252
E09000009,Ealing,5,Aged 50 to 64 years,1,Lives in a household,63921
E09000009,Ealing,5,Aged 50 to 64 years,2,Lives in a communal establishment,405
E09000009,Ealing,6,Aged 65 years and over,1,Lives in a household,43321
E09000009,Ealing,6,Aged 65 years and over,2,Lives in a communal establishment,1141
E09000010,Enfield,1,Aged 15 years and under,1,Lives in a household,72800
E09000010,Enfield,1,Aged 15 years and under,2,Lives in a communal establishment,2
E09000010,Enfield,2,Aged 16 to 24 years,1,Lives in a household,35712
E09000010,Enfield,2,Aged 16 to 24 years,2,Lives in a communal establishment,56
E09000010,Enfield,3,Aged 25 to 34 years,1,Lives in a household,44218
E09000010,Enfield,3,Aged 25 to 34 years,2,Lives in a communal establishment,85
E09000010,Enfield,4,Aged 35 to 49 years,1,Lives in a household,71141
E09000010,Enfield,4,Aged 35 to 49 years,2,Lives in a communal establishment,140
E09000010,Enfield,5,Aged 50 to 64 years,1,Lives in a household,60501
E09000010,Enfield,5,Aged 50 to 64 years,2,Lives in a communal establishment,316
E09000010,Enfield,6,Aged 65 years and over,1,Lives in a household,43734
E09000010,Enfield,6,Aged 65 years and over,2,Lives in a communal establishment,1279
E09000011,Greenwich,1,Aged 15 years and under,1,Lives in a household,59307
E09000011,Greenwich,1,Aged 15 years and under,2,Lives in a communal establishment,14
E09000011,Greenwich,2,Aged 16 to 24 years,1,Lives in a household,28652
E09000011,Greenwich,2,Aged 16 to 24 years,2,Lives in a communal establishment,2300
E09000011,Greenwich,3,Aged 25 to 34 years,1,Lives in a household,51906
E09000011,Greenwich,3,Aged 25 to 34 years,2,Lives in a communal establishment,678
E09000011,Greenwich,4,Aged 35 to 49 years,1,Lives in a household,67877
E09000011,Greenwich,4,Aged 35 to 49 years,2,Lives in a communal establishment,428
E09000011,Greenwich,5,Aged 50 to 64 years,1,Lives in a household,47358
E09000011,Greenwich,5,Aged 50 to 64 years,2,Lives in a communal establishment,323
E09000011,Greenwich,6,Aged 65 years and over,1,Lives in a household,29550
E09000011,Greenwich,6,Aged 65 years and over,2,Lives in a communal establishment,675
E09000012,Hackney,1,Aged 15 years and under,1,Lives in a household,49491
E09000012,Hackney,1,Aged 15 years and under,2,Lives in a communal establishment,187
E09000012,Hackney,2,Aged 16 to 24 years,1,Lives in a household,28881
E09000012,Hackney,2,Aged 16 to 24 years,2,Lives in a communal establishment,871
E09000012,Hackney,3,Aged 25 to 34 years,1,Lives in a household,63086
E09000012,Hackney,3,Aged 25 to 34 years,2,Lives in a communal establishment,394
E09000012,Hackney,4,Aged 35 to 49 years,1,Lives in a household,57346
E09000012,Hackney,4,Aged 35 to 49 years,2,Lives in a communal establishment,365
E09000012,Hackney,5,Aged 50 to 64 years,1,Lives in a household,37669
E09000012,Hackney,5,Aged 50 to 64 years,2,Lives in a communal establishment,351
E09000012,Hackney,6,Aged 65 years and over,1,Lives in a household,20161
E09000012,Hackney,6,Aged 65 years and over,2,Lives in a communal establishment,345
E09000013,Hammersmith and Fulham,1,Aged 15 years and under,1,Lives in a household,28519
E09000013,Hammersmith and Fulham,1,Aged 15 years and under,2,Lives in a communal establishment,12
E09000013,Hammersmith and Fulham,2,Aged 16 to 24 years,1,Lives in a household,22368
E09000013,Hammersmith and Fulham,2,Aged 16 to 24 years,2,Lives in a communal establishment,1173
E09000013,Hammersmith and Fulham,3,Aged 25 to 34 years,1,Lives in a household,42186
E09000013,Hammersmith and Fulham,3,Aged 25 to 34 years,2,Lives in a communal establishment,602
E09000013,Hammersmith and Fulham,4,Aged 35 to 49 years,1,Lives in a household,39505
E09000013,Hammersmith and Fulham,4,Aged 35 to 49 years,2,Lives in a communal establishment,316
E09000013,Hammersmith and Fulham,5,Aged 50 to 64 years,1,Lives in a household,29311
E09000013,Hammersmith and Fulham,5,Aged 50 to 64 years,2,Lives in a communal establishment,180
E09000013,Hammersmith and Fulham,6,Aged 65 years and over,1,Lives in a household,18701
E09000013,Hammersmith and Fulham,6,Aged 65 years and over,2,Lives in a communal establishment,286
E09000014,Haringey,1,Aged 15 years and under,1,Lives in a household,48225
E09000014,Haringey,1,Aged 15 years and under,2,Lives in a communal establishment,13
E09000014,Haringey,2,Aged 16 to 24 years,1,Lives in a household,26827
E09000014,Haringey,2,Aged 16 to 24 years,2,Lives in a communal establishment,1116
E09000014,Haringey,3,Aged 25 to 34 years,1,Lives in a household,49595
E09000014,Haringey,3,Aged 25 to 34 years,2,Lives in a communal establishment,306
E09000014,Haringey,4,Aged 35 to 49 years,1,Lives in a household,63726
E09000014,Haringey,4,Aged 35 to 49 years,2,Lives in a communal establishment,204
E09000014,Haringey,5,Aged 50 to 64 years,1,Lives in a household,46303
E09000014,Haringey,5,Aged 50 to 64 years,2,Lives in a communal establishment,211
E09000014,Haringey,6,Aged 65 years and over,1,Lives in a household,27394
E09000014,Haringey,6,Aged 65 years and over,2,Lives in a communal establishment,317
E09000015,Harrow,1,Aged 15 years and under,1,Lives in a household,51257
E09000015,Harrow,1,Aged 15 years and under,2,Lives in a communal establishment,325
E09000015,Harrow,2,Aged 16 to 24 years,1,Lives in a household,26317
E09000015,Harrow,2,Aged 16 to 24 years,2,Lives in a communal establishment,588
E09000015,Harrow,3,Aged 25 to 34 years,1,Lives in a household,38804
E09000015,Harrow,3,Aged 25 to 34 years,2,Lives in a communal establishment,121
E09000015,Harrow,4,Aged 35 to 49 years,1,Lives in a household,57896
E09000015,Harrow,4,Aged 35 to 49 years,2,Lives in a communal establishment,167
E09000015,Harrow,5,Aged 50 to 64 years,1,Lives in a household,45301
E09000015,Harrow,5,Aged 50 to 64 years,2,Lives in a communal establishment,248
E09000015,Harrow,6,Aged 65 years and over,1,Lives in a household,39432
E09000015,Harrow,6,Aged 65 years and over,2,Lives in a communal establishment,747
E09000016,Havering,1,Aged 15 years and under,1,Lives in a household,52319
E09000016,Havering,1,Aged 15 years and under,2,Lives in a communal establishment,3
E09000016,Havering,2,Aged 16 to 24 years,1,Lives in a household,25401
E09000016,Havering,2,Aged 16 to 24 years,2,Lives in a communal establishment,66
E09000016,Havering,3,Aged 25 to 34 years,1,Lives in a household,36176
E09000016,Havering,3,Aged 25 to 34 years,2,Lives in a communal establishment,54
E09000016,Havering,4,Aged 35 to 49 years,1,Lives in a household,52788
E09000016,Havering,4,Aged 35 to 49 years,2,Lives in a communal establishment,54
E09000016,Havering,5,Aged 50 to 64 years,1,Lives in a household,48927
E09000016,Havering,5,Aged 50 to 64 years,2,Lives in a communal establishment,153
E09000016,Havering,6,Aged 65 years and over,1,Lives in a household,44944
E09000016,Havering,6,Aged 65 years and over,2,Lives in a communal establishment,1167
E09000017,Hillingdon,1,Aged 15 years and under,1,Lives in a household,64020
E09000017,Hillingdon,1,Aged 15 years and under,2,Lives in a communal establishment,12
E09000017,Hillingdon,2,Aged 16 to 24 years,1,Lives in a household,31264
E09000017,Hillingdon,2,Aged 16 to 24 years,2,Lives in a communal establishment,3418
E09000017,Hillingdon,3,Aged 25 to 34 years,1,Lives in a household,43899
E09000017,Hillingdon,3,Aged 25 to 34 years,2,Lives in a communal establishment,551
E09000017,Hillingdon,4,Aged 35 to 49 years,1,Lives in a household,68423
E09000017,Hillingdon,4,Aged 35 to 49 years,2,Lives in a communal establishment,248
E09000017,Hillingdon,5,Aged 50 to 64 years,1,Lives in a household,52676
E09000017,Hillingdon,5,Aged 50 to 64 years,2,Lives in a communal establishment,228
E09000017,Hillingdon,6,Aged 65 years and over,1,Lives in a household,40139
E09000017,Hillingdon,6,Aged 65 years and over,2,Lives in a communal establishment,1034
E09000018,Hounslow,1,Aged 15 years and under,1,Lives in a household,59424
E09000018,Hounslow,1,Aged 15 years and under,2,Lives in a communal establishment,76
E09000018,Hounslow,2,Aged 16 to 24 years,1,Lives in a household,28951
E09000018,Hounslow,2,Aged 16 to 24 years,2,Lives in a communal establishment,465
E09000018,Hounslow,3,Aged 25 to 34 years,1,Lives in a household,45474
E09000018,Hounslow,3,Aged 25 to 34 years,2,Lives in a communal establishment,244
E09000018,Hounslow,4,Aged 35 to 49 years,1,Lives in a household,70688
E09000018,Hounslow,4,Aged 35 to 49 years,2,Lives in a communal establishment,276
E09000018,Hounslow,5,Aged 50 to 64 years,1,Lives in a household,48442
E09000018,Hounslow,5,Aged 50 to 64 years,2,Lives in a communal establishment,192
E09000018,Hounslow,6,Aged 65 years and over,1,Lives in a household,33402
E09000018,Hounslow,6,Aged 65 years and over,2,Lives in a communal establishment,547
E09000019,Islington,1,Aged 15 years and under,1,Lives in a household,32956
E09000019,Islington,1,Aged 15 years and under,2,Lives in a communal establishment,4
E09000019,Islington,2,Aged 16 to 24 years,1,Lives in a household,23958
E09000019,Islington,2,Aged 16 to 24 years,2,Lives in a communal establishment,3333
E09000019,Islington,3,Aged 25 to 34 years,1,Lives in a household,55264
E09000019,Islington,3,Aged 25 to 34 years,2,Lives in a communal establishment,799
E09000019,Islington,4,Aged 35 to 49 years,1,Lives in a household,45998
E09000019,Islington,4,Aged 35 to 49 years,2,Lives in a communal establishment,413
E09000019,Islington,5,Aged 50 to 64 years,1,Lives in a household,33278
E09000019,Islington,5,Aged 50 to 64 years,2,Lives in a communal establishment,262
E09000019,Islington,6,Aged 65 years and over,1,Lives in a household,19875
E09000019,Islington,6,Aged 65 years and over,2,Lives in a communal establishment,447
E09000020,Kensington and Chelsea,1,Aged 15 years and under,1,Lives in a household,20259
E09000020,Kensington and Chelsea,1,Aged 15 years and under,2,Lives in a communal establishment,27
E09000020,Kensington and Chelsea,2,Aged 16 to 24 years,1,Lives in a household,16827
E09000020,Kensington and Chelsea,2,Aged 16 to 24 years,2,Lives in a communal establishment,815
E09000020,Kensington and Chelsea,3,Aged 25 to 34 years,1,Lives in a household,24760
E09000020,Kensington and Chelsea,3,Aged 25 to 34 years,2,Lives in a communal establishment,382
E09000020,Kensington and Chelsea,4,Aged 35 to 49 years,1,Lives in a household,30062
E09000020,Kensington and Chelsea,4,Aged 35 to 49 years,2,Lives in a communal establishment,293
E09000020,Kensington and Chelsea,5,Aged 50 to 64 years,1,Lives in a household,29167
E09000020,Kensington and Chelsea,5,Aged 50 to 64 years,2,Lives in a communal establishment,183
E09000020,Kensington and Chelsea,6,Aged 65 years and over,1,Lives in a household,19992
E09000020,Kensington and Chelsea,6,Aged 65 years and over,2,Lives in a communal establishment,608
E09000021,Kingston upon Thames,1,Aged 15 years and under,1,Lives in a household,32577
E09000021,Kingston upon Thames,1,Aged 15 years and under,2,Lives in a communal establishment,22
E09000021,Kingston upon Thames,2,Aged 16 to 24 years,1,Lives in a household,16654
E09000021,Kingston upon Thames,2,Aged 16 to 24 years,2,Lives in a communal establishment,2009
E09000021,Kingston upon Thames,3,Aged 25 to 34 years,1,Lives in a household,22996
E09000021,Kingston upon Thames,3,Aged 25 to 34 years,2,Lives in a communal establishment,274
E09000021,Kingston upon Thames,4,Aged 35 to 49 years,1,Lives in a household,39019
E09000021,Kingston upon Thames,4,Aged 35 to 49 years,2,Lives in a communal establishment,144
E09000021,Kingston upon Thames,5,Aged 50 to 64 years,1,Lives in a household,29843
E09000021,Kingston upon Thames,5,Aged 50 to 64 years,2,Lives in a communal establishment,202
E09000021,Kingston upon Thames,6,Aged 65 years and over,1,Lives in a household,23600
E09000021,Kingston upon Thames,6,Aged 65 years and over,2,Lives in a communal establishment,723
E09000022,Lambeth,1,Aged 15 years and under,1,Lives in a household,48679
E09000022,Lambeth,1,Aged 15 years and under,2,Lives in a communal establishment,31
E09000022,Lambeth,2,Aged 16 to 24 years,1,Lives in a household,36882
E09000022,Lambeth,2,Aged 16 to 24 years,2,Lives in a communal establishment,1787
E09000022,Lambeth,3,Aged 25 to 34 years,1,Lives in a household,81238
E09000022,Lambeth,3,Aged 25 to 34 years,2,Lives in a communal establishment,659
E09000022,Lambeth,4,Aged 35 to 49 years,1,Lives in a household,68690
E09000022,Lambeth,4,Aged 35 to 49 years,2,Lives in a communal establishment,601
E09000022,Lambeth,5,Aged 50 to 64 years,1,Lives in a household,51236
E09000022,Lambeth,5,Aged 50 to 64 years,2,Lives in a communal establishment,590
E09000022,Lambeth,6,Aged 65 years and over,1,Lives in a household,26539
E09000022,Lambeth,6,Aged 65 years and over,2,Lives in a communal establishment,721
E09000023,Lewisham,1,Aged 15 years and under,1,Lives in a household,58125
E09000023,Lewisham,1,Aged 15 years and under,2,Lives in a communal establishment,17
E09000023,Lewisham,2,Aged 16 to 24 years,1,Lives in a household,30087
E09000023,Lewisham,2,Aged 16 to 24 years,2,Lives in a communal establishment,1130
E09000023,Lewisham,3,Aged 25 to 34 years,1,Lives in a household,58170
E09000023,Lewisham,3,Aged 25 to 34 years,2,Lives in a communal establishment,261
E09000023,Lewisham,4,Aged 35 to 49 years,1,Lives in a household,71820
E09000023,Lewisham,4,Aged 35 to 49 years,2,Lives in a communal establishment,216
E09000023,Lewisham,5,Aged 50 to 64 years,1,Lives in a household,51729
E09000023,Lewisham,5,Aged 50 to 64 years,2,Lives in a communal establishment,354
E09000023,Lewisham,6,Aged 65 years and over,1,Lives in a household,27945
E09000023,Lewisham,6,Aged 65 years and over,2,Lives in a communal establishment,699
E09000024,Merton,1,Aged 15 years and under,1,Lives in a household,42411
E09000024,Merton,1,Aged 15 years and under,2,Lives in a communal establishment,4
E09000024,Merton,2,Aged 16 to 24 years,1,Lives in a household,19368
E09000024,Merton,2,Aged 16 to 24 years,2,Lives in a communal establishment,63
E09000024,Merton,3,Aged 25 to 34 years,1,Lives in a household,36254
E09000024,Merton,3,Aged 25 to 34 years,2,Lives in a communal establishment,102
E09000024,Merton,4,Aged 35 to 49 years,1,Lives in a household,52514
E09000024,Merton,4,Aged 35 to 49 years,2,Lives in a communal establishment,84
E09000024,Merton,5,Aged 50 to 64 years,1,Lives in a household,37172
E09000024,Merton,5,Aged 50 to 64 years,2,Lives in a communal establishment,146
E09000024,Merton,6,Aged 65 years and over,1,Lives in a household,26398
E09000024,Merton,6,Aged 65 years and over,2,Lives in a communal establishment,673
E09000025,Newham,1,Aged 15 years and under,1,Lives in a household,74854
E09000025,Newham,1,Aged 15 years and under,2,Lives in a communal establishment,9
E09000025,Newham,2,Aged 16 to 24 years,1,Lives in a household,44570
E09000025,Newham,2,Aged 16 to 24 years,2,Lives in a communal establishment,1482
E09000025,Newham,3,Aged 25 to 34 years,1,Lives in a household,72311
E09000025,Newham,3,Aged 25 to 34 years,2,Lives in a communal establishment,423
E09000025,Newham,4,Aged 35 to 49 years,1,Lives in a household,82504
E09000025,Newham,4,Aged 35 to 49 years,2,Lives in a communal establishment,188
E09000025,Newham,5,Aged 50 to 64 years,1,Lives in a household,49356
E09000025,Newham,5,Aged 50 to 64 years,2,Lives in a communal establishment,174
E09000025,Newham,6,Aged 65 years and over,1,Lives in a household,24816
E09000025,Newham,6,Aged 65 years and over,2,Lives in a communal establishment,350
E09000026,Redbridge,1,Aged 15 years and under,1,Lives in a household,68217
E09000026,Redbridge,1,Aged 15 years and under,2,Lives in a communal establishment,26
E09000026,Redbridge,2,Aged 16 to 24 years,1,Lives in a household,34195
E09000026,Redbridge,2,Aged 16 to 24 years,2,Lives in a communal establishment,197
E09000026,Redbridge,3,Aged 25 to 34 years,1,Lives in a household,46516
E09000026,Redbridge,3,Aged 25 to 34 years,2,Lives in a communal establishment,123
E09000026,Redbridge,4,Aged 35 to 49 years,1,Lives in a household,71877
E09000026,Redbridge,4,Aged 35 to 49 years,2,Lives in a communal establishment,249
E09000026,Redbridge,5,Aged 50 to 64 years,1,Lives in a household,50616
E09000026,Redbridge,5,Aged 50 to 64 years,2,Lives in a communal establishment,313
E09000026,Redbridge,6,Aged 65 years and over,1,Lives in a household,37070
E09000026,Redbridge,6,Aged 65 years and over,2,Lives in a communal establishment,862
E09000027,Richmond upon Thames,1,Aged 15 years and under,1,Lives in a household,39410
E09000027,Richmond upon Thames,1,Aged 15 years and under,2,Lives in a communal establishment,34
E09000027,Richmond upon Thames,2,Aged 16 to 24 years,1,Lives in a household,15220
E09000027,Richmond upon Thames,2,Aged 16 to 24 years,2,Lives in a communal establishment,859
E09000027,Richmond upon Thames,3,Aged 25 to 34 years,1,Lives in a household,21946
E09000027,Richmond upon Thames,3,Aged 25 to 34 years,2,Lives in a communal establishment,105
E09000027,Richmond upon Thames,4,Aged 35 to 49 years,1,Lives in a household,46869
E09000027,Richmond upon Thames,4,Aged 35 to 49 years,2,Lives in a communal establishment,79
E09000027,Richmond upon Thames,5,Aged 50 to 64 years,1,Lives in a household,39215
E09000027,Richmond upon Thames,5,Aged 50 to 64 years,2,Lives in a communal establishment,94
E09000027,Richmond upon Thames,6,Aged 65 years and over,1,Lives in a household,30757
E09000027,Richmond upon Thames,6,Aged 65 years and over,2,Lives in a communal establishment,690
E09000028,Southwark,1,Aged 15 years and under,1,Lives in a household,51461
E09000028,Southwark,1,Aged 15 years and under,2,Lives in a communal establishment,40
E09000028,Southwark,2,Aged 16 to 24 years,1,Lives in a household,35006
E09000028,Southwark,2,Aged 16 to 24 years,2,Lives in a communal establishment,3647
E09000028,Southwark,3,Aged 25 to 34 years,1,Lives in a household,72673
E09000028,Southwark,3,Aged 25 to 34 years,2,Lives in a communal establishment,551
E09000028,Southwark,4,Aged 35 to 49 years,1,Lives in a household,68060
E09000028,Southwark,4,Aged 35 to 49 years,2,Lives in a communal establishment,244
E09000028,Southwark,5,Aged 50 to 64 years,1,Lives in a household,50043
E09000028,Southwark,5,Aged 50 to 64 years,2,Lives in a communal establishment,230
E09000028,Southwark,6,Aged 65 years and over,1,Lives in a household,25255
E09000028,Southwark,6,Aged 65 years and over,2,Lives in a communal establishment,427
E09000029,Sutton,1,Aged 15 years and under,1,Lives in a household,43979
E09000029,Sutton,1,Aged 15 years and under,2,Lives in a communal establishment,2
E09000029,Sutton,2,Aged 16 to 24 years,1,Lives in a household,18703
E09000029,Sutton,2,Aged 16 to 24 years,2,Lives in a communal establishment,13
E09000029,Sutton,3,Aged 25 to 34 years,1,Lives in a household,27098
E09000029,Sutton,3,Aged 25 to 34 years,2,Lives in a communal establishment,102
E09000029,Sutton,4,Aged 35 to 49 years,1,Lives in a household,48904
E09000029,Sutton,4,Aged 35 to 49 years,2,Lives in a communal establishment,134
E09000029,Sutton,5,Aged 50 to 64 years,1,Lives in a household,38756
E09000029,Sutton,5,Aged 50 to 64 years,2,Lives in a communal establishment,205
E09000029,Sutton,6,Aged 65 years and over,1,Lives in a household,30983
E09000029,Sutton,6,Aged 65 years and over,2,Lives in a communal establishment,758
E09000030,Tower Hamlets,1,Aged 15 years and under,1,Lives in a household,56883
E09000030,Tower Hamlets,1,Aged 15 years and under,2,Lives in a communal establishment,540
E09000030,Tower Hamlets,2,Aged 16 to 24 years,1,Lives in a household,43476
E09000030,Tower Hamlets,2,Aged 16 to 24 years,2,Lives in a communal establishment,3599
E09000030,Tower Hamlets,3,Aged 25 to 34 years,1,Lives in a household,84157
E09000030,Tower Hamlets,3,Aged 25 to 34 years,2,Lives in a communal establishment,1024
E09000030,Tower Hamlets,4,Aged 35 to 49 years,1,Lives in a household,69290
E09000030,Tower Hamlets,4,Aged 35 to 49 years,2,Lives in a communal establishment,666
E09000030,Tower Hamlets,5,Aged 50 to 64 years,1,Lives in a household,32766
E09000030,Tower Hamlets,5,Aged 50 to 64 years,2,Lives in a communal establishment,433
E09000030,Tower Hamlets,6,Aged 65 years and over,1,Lives in a household,17107
E09000030,Tower Hamlets,6,Aged 65 years and over,2,Lives in a communal establishment,365
E09000031,Waltham Forest,1,Aged 15 years and under,1,Lives in a household,56231
E09000031,Waltham Forest,1,Aged 15 years and under,2,Lives in a communal establishment,13
E09000031,Waltham Forest,2,Aged 16 to 24 years,1,Lives in a household,27125
E09000031,Waltham Forest,2,Aged 16 to 24 years,2,Lives in a communal establishment,385
E09000031,Waltham Forest,3,Aged 25 to 34 years,1,Lives in a household,50874
E09000031,Waltham Forest,3,Aged 25 to 34 years,2,Lives in a communal establishment,204
E09000031,Waltham Forest,4,Aged 35 to 49 years,1,Lives in a household,69325
E09000031,Waltham Forest,4,Aged 35 to 49 years,2,Lives in a communal establishment,207
E09000031,Waltham Forest,5,Aged 50 to 64 years,1,Lives in a household,45396
E09000031,Waltham Forest,5,Aged 50 to 64 years,2,Lives in a communal establishment,268
E09000031,Waltham Forest,6,Aged 65 years and over,1,Lives in a household,27737
E09000031,Waltham Forest,6,Aged 65 years and over,2,Lives in a communal establishment,661
E09000032,Wandsworth,1,Aged 15 years and under,1,Lives in a household,53929
E09000032,Wandsworth,1,Aged 15 years and under,2,Lives in a communal establishment,19
E09000032,Wandsworth,2,Aged 16 to 24 years,1,Lives in a household,32136
E09000032,Wandsworth,2,Aged 16 to 24 years,2,Lives in a communal establishment,2132
E09000032,Wandsworth,3,Aged 25 to 34 years,1,Lives in a household,85480
E09000032,Wandsworth,3,Aged 25 to 34 years,2,Lives in a communal establishment,643
E09000032,Wandsworth,4,Aged 35 to 49 years,1,Lives in a household,74208
E09000032,Wandsworth,4,Aged 35 to 49 years,2,Lives in a communal establishment,488
E09000032,Wandsworth,5,Aged 50 to 64 years,1,Lives in a household,46763
E09000032,Wandsworth,5,Aged 50 to 64 years,2,Lives in a communal establishment,375
E09000032,Wandsworth,6,Aged 65 years and over,1,Lives in a household,30482
E09000032,Wandsworth,6,Aged 65 years and over,2,Lives in a communal establishment,851
E09000033,Westminster,1,Aged 15 years and under,1,Lives in a household,26547
E09000033,Westminster,1,Aged 15 years and under,2,Lives in a communal establishment,222
E09000033,Westminster,2,Aged 16 to 24 years,1,Lives in a household,25870
E09000033,Westminster,2,Aged 16 to 24 years,2,Lives in a communal establishment,2355
E09000033,Westminster,3,Aged 25 to 34 years,1,Lives in a household,43498
E09000033,Westminster,3,Aged 25 to 34 years,2,Lives in a communal establishment,668
E09000033,Westminster,4,Aged 35 to 49 years,1,Lives in a household,43436
E09000033,Westminster,4,Aged 35 to 49 years,2,Lives in a communal establishment,470
E09000033,Westminster,5,Aged 50 to 64 years,1,Lives in a household,36074
E09000033,Westminster,5,Aged 50 to 64 years,2,Lives in a communal establishment,314
E09000033,Westminster,6,Aged 65 years and over,1,Lives in a household,24518
E09000033,Westminster,6,Aged 65 years and over,2,Lives in a communal establishment,263
W06000001,Isle of Anglesey,1,Aged 15 years and under,1,Lives in a household,11722
W06000001,Isle of Anglesey,1,Aged 15 years and under,2,Lives in a communal establishment,9
W06000001,Isle of Anglesey,2,Aged 16 to 24 years,1,Lives in a household,5723
W06000001,Isle of Anglesey,2,Aged 16 to 24 years,2,Lives in a communal establishment,51
W06000001,Isle of Anglesey,3,Aged 25 to 34 years,1,Lives in a household,6955
W06000001,Isle of Anglesey,3,Aged 25 to 34 years,2,Lives in a communal establishment,50
W06000001,Isle of Anglesey,4,Aged 35 to 49 years,1,Lives in a household,10913
W06000001,Isle of Anglesey,4,Aged 35 to 49 years,2,Lives in a communal establishment,52
W06000001,Isle of Anglesey,5,Aged 50 to 64 years,1,Lives in a household,15136
W06000001,Isle of Anglesey,5,Aged 50 to 64 years,2,Lives in a communal establishment,65
W06000001,Isle of Anglesey,6,Aged 65 years and over,1,Lives in a household,17735
W06000001,Isle of Anglesey,6,Aged 65 years and over,2,Lives in a communal establishment,470
W06000002,Gwynedd,1,Aged 15 years and under,1,Lives in a household,19380
W06000002,Gwynedd,1,Aged 15 years and under,2,Lives in a communal establishment,44
W06000002,Gwynedd,2,Aged 16 to 24 years,1,Lives in a household,12203
W06000002,Gwynedd,2,Aged 16 to 24 years,2,Lives in a communal establishment,2057
W06000002,Gwynedd,3,Aged 25 to 34 years,1,Lives in a household,12864
W06000002,Gwynedd,3,Aged 25 to 34 years,2,Lives in a communal establishment,262
W06000002,Gwynedd,4,Aged 35 to 49 years,1,Lives in a household,18488
W06000002,Gwynedd,4,Aged 35 to 49 years,2,Lives in a communal establishment,168
W06000002,Gwynedd,5,Aged 50 to 64 years,1,Lives in a household,24468
W06000002,Gwynedd,5,Aged 50 to 64 years,2,Lives in a communal establishment,187
W06000002,Gwynedd,6,Aged 65 years and over,1,Lives in a household,26279
W06000002,Gwynedd,6,Aged 65 years and over,2,Lives in a communal establishment,993
W06000003,Conwy,1,Aged 15 years and under,1,Lives in a household,18322
W06000003,Conwy,1,Aged 15 years and under,2,Lives in a communal establishment,55
W06000003,Conwy,2,Aged 16 to 24 years,1,Lives in a household,9250
W06000003,Conwy,2,Aged 16 to 24 years,2,Lives in a communal establishment,60
W06000003,Conwy,3,Aged 25 to 34 years,1,Lives in a household,11613
W06000003,Conwy,3,Aged 25 to 34 years,2,Lives in a communal establishment,113
W06000003,Conwy,4,Aged 35 to 49 years,1,Lives in a household,18001
W06000003,Conwy,4,Aged 35 to 49 years,2,Lives in a communal establishment,175
W06000003,Conwy,5,Aged 50 to 64 years,1,Lives in a household,25502
W06000003,Conwy,5,Aged 50 to 64 years,2,Lives in a communal establishment,279
W06000003,Conwy,6,Aged 65 years and over,1,Lives in a household,30229
W06000003,Conwy,6,Aged 65 years and over,2,Lives in a communal establishment,1142
W06000004,Denbighshire,1,Aged 15 years and under,1,Lives in a household,16813
W06000004,Denbighshire,1,Aged 15 years and under,2,Lives in a communal establishment,96
W06000004,Denbighshire,2,Aged 16 to 24 years,1,Lives in a household,8343
W06000004,Denbighshire,2,Aged 16 to 24 years,2,Lives in a communal establishment,178
W06000004,Denbighshire,3,Aged 25 to 34 years,1,Lives in a household,10090
W06000004,Denbighshire,3,Aged 25 to 34 years,2,Lives in a communal establishment,124
W06000004,Denbighshire,4,Aged 35 to 49 years,1,Lives in a household,15429
W06000004,Denbighshire,4,Aged 35 to 49 years,2,Lives in a communal establishment,155
W06000004,Denbighshire,5,Aged 50 to 64 years,1,Lives in a household,20623
W06000004,Denbighshire,5,Aged 50 to 64 years,2,Lives in a communal establishment,217
W06000004,Denbighshire,6,Aged 65 years and over,1,Lives in a household,22883
W06000004,Denbighshire,6,Aged 65 years and over,2,Lives in a communal establishment,864
W06000005,Flintshire,1,Aged 15 years and under,1,Lives in a household,27335
W06000005,Flintshire,1,Aged 15 years and under,2,Lives in a communal establishment,49
W06000005,Flintshire,2,Aged 16 to 24 years,1,Lives in a household,13753
W06000005,Flintshire,2,Aged 16 to 24 years,2,Lives in a communal establishment,82
W06000005,Flintshire,3,Aged 25 to 34 years,1,Lives in a household,18580
W06000005,Flintshire,3,Aged 25 to 34 years,2,Lives in a communal establishment,79
W06000005,Flintshire,4,Aged 35 to 49 years,1,Lives in a household,28303
W06000005,Flintshire,4,Aged 35 to 49 years,2,Lives in a communal establishment,74
W06000005,Flintshire,5,Aged 50 to 64 years,1,Lives in a household,33422
W06000005,Flintshire,5,Aged 50 to 64 years,2,Lives in a communal establishment,60
W06000005,Flintshire,6,Aged 65 years and over,1,Lives in a household,32556
W06000005,Flintshire,6,Aged 65 years and over,2,Lives in a communal establishment,671
W06000006,Wrexham,1,Aged 15 years and under,1,Lives in a household,24811
W06000006,Wrexham,1,Aged 15 years and under,2,Lives in a communal establishment,32
W06000006,Wrexham,2,Aged 16 to 24 years,1,Lives in a household,12332
W06000006,Wrexham,2,Aged 16 to 24 years,2,Lives in a communal establishment,370
W06000006,Wrexham,3,Aged 25 to 34 years,1,Lives in a household,15881
W06000006,Wrexham,3,Aged 25 to 34 years,2,Lives in a communal establishment,696
W06000006,Wrexham,4,Aged 35 to 49 years,1,Lives in a household,24949
W06000006,Wrexham,4,Aged 35 to 49 years,2,Lives in a communal establishment,648
W06000006,Wrexham,5,Aged 50 to 64 years,1,Lives in a household,27752
W06000006,Wrexham,5,Aged 50 to 64 years,2,Lives in a communal establishment,259
W06000006,Wrexham,6,Aged 65 years and over,1,Lives in a household,26454
W06000006,Wrexham,6,Aged 65 years and over,2,Lives in a communal establishment,929
W06000008,Ceredigion,1,Aged 15 years and under,1,Lives in a household,10082
W06000008,Ceredigion,1,Aged 15 years and under,2,Lives in a communal establishment,2
W06000008,Ceredigion,2,Aged 16 to 24 years,1,Lives in a household,7516
W06000008,Ceredigion,2,Aged 16 to 24 years,2,Lives in a communal establishment,2979
W06000008,Ceredigion,3,Aged 25 to 34 years,1,Lives in a household,6942
W06000008,Ceredigion,3,Aged 25 to 34 years,2,Lives in a communal establishment,165
W06000008,Ceredigion,4,Aged 35 to 49 years,1,Lives in a household,10105
W06000008,Ceredigion,4,Aged 35 to 49 years,2,Lives in a communal establishment,40
W06000008,Ceredigion,5,Aged 50 to 64 years,1,Lives in a household,15198
W06000008,Ceredigion,5,Aged 50 to 64 years,2,Lives in a communal establishment,58
W06000008,Ceredigion,6,Aged 65 years and over,1,Lives in a household,18002
W06000008,Ceredigion,6,Aged 65 years and over,2,Lives in a communal establishment,386
W06000009,Pembrokeshire,1,Aged 15 years and under,1,Lives in a household,20782
W06000009,Pembrokeshire,1,Aged 15 years and under,2,Lives in a communal establishment,27
W06000009,Pembrokeshire,2,Aged 16 to 24 years,1,Lives in a household,10401
W06000009,Pembrokeshire,2,Aged 16 to 24 years,2,Lives in a communal establishment,109
W06000009,Pembrokeshire,3,Aged 25 to 34 years,1,Lives in a household,12767
W06000009,Pembrokeshire,3,Aged 25 to 34 years,2,Lives in a communal establishment,140
W06000009,Pembrokeshire,4,Aged 35 to 49 years,1,Lives in a household,19328
W06000009,Pembrokeshire,4,Aged 35 to 49 years,2,Lives in a communal establishment,135
W06000009,Pembrokeshire,5,Aged 50 to 64 years,1,Lives in a household,27099
W06000009,Pembrokeshire,5,Aged 50 to 64 years,2,Lives in a communal establishment,232
W06000009,Pembrokeshire,6,Aged 65 years and over,1,Lives in a household,31406
W06000009,Pembrokeshire,6,Aged 65 years and over,2,Lives in a communal establishment,936
W06000010,Carmarthenshire,1,Aged 15 years and under,1,Lives in a household,32369
W06000010,Carmarthenshire,1,Aged 15 years and under,2,Lives in a communal establishment,42
W06000010,Carmarthenshire,2,Aged 16 to 24 years,1,Lives in a household,16287
W06000010,Carmarthenshire,2,Aged 16 to 24 years,2,Lives in a communal establishment,332
W06000010,Carmarthenshire,3,Aged 25 to 34 years,1,Lives in a household,20533
W06000010,Carmarthenshire,3,Aged 25 to 34 years,2,Lives in a communal establishment,159
W06000010,Carmarthenshire,4,Aged 35 to 49 years,1,Lives in a household,31590
W06000010,Carmarthenshire,4,Aged 35 to 49 years,2,Lives in a communal establishment,211
W06000010,Carmarthenshire,5,Aged 50 to 64 years,1,Lives in a household,40660
W06000010,Carmarthenshire,5,Aged 50 to 64 years,2,Lives in a communal establishment,246
W06000010,Carmarthenshire,6,Aged 65 years and over,1,Lives in a household,44156
W06000010,Carmarthenshire,6,Aged 65 years and over,2,Lives in a communal establishment,1311
W06000011,Swansea,1,Aged 15 years and under,1,Lives in a household,40604
W06000011,Swansea,1,Aged 15 years and under,2,Lives in a communal establishment,29
W06000011,Swansea,2,Aged 16 to 24 years,1,Lives in a household,28233
W06000011,Swansea,2,Aged 16 to 24 years,2,Lives in a communal establishment,2870
W06000011,Swansea,3,Aged 25 to 34 years,1,Lives in a household,28928
W06000011,Swansea,3,Aged 25 to 34 years,2,Lives in a communal establishment,377
W06000011,Swansea,4,Aged 35 to 49 years,1,Lives in a household,42082
W06000011,Swansea,4,Aged 35 to 49 years,2,Lives in a communal establishment,287
W06000011,Swansea,5,Aged 50 to 64 years,1,Lives in a household,45978
W06000011,Swansea,5,Aged 50 to 64 years,2,Lives in a communal establishment,223
W06000011,Swansea,6,Aged 65 years and over,1,Lives in a household,47496
W06000011,Swansea,6,Aged 65 years and over,2,Lives in a communal establishment,1382
W06000012,Neath Port Talbot,1,Aged 15 years and under,1,Lives in a household,25068
W06000012,Neath Port Talbot,1,Aged 15 years and under,2,Lives in a communal establishment,39
W06000012,Neath Port Talbot,2,Aged 16 to 24 years,1,Lives in a household,12883
W06000012,Neath Port Talbot,2,Aged 16 to 24 years,2,Lives in a communal establishment,1959
W06000012,Neath Port Talbot,3,Aged 25 to 34 years,1,Lives in a household,17076
W06000012,Neath Port Talbot,3,Aged 25 to 34 years,2,Lives in a communal establishment,104
W06000012,Neath Port Talbot,4,Aged 35 to 49 years,1,Lives in a household,25308
W06000012,Neath Port Talbot,4,Aged 35 to 49 years,2,Lives in a communal establishment,91
W06000012,Neath Port Talbot,5,Aged 50 to 64 years,1,Lives in a household,29471
W06000012,Neath Port Talbot,5,Aged 50 to 64 years,2,Lives in a communal establishment,158
W06000012,Neath Port Talbot,6,Aged 65 years and over,1,Lives in a household,29308
W06000012,Neath Port Talbot,6,Aged 65 years and over,2,Lives in a communal establishment,824
W06000013,Bridgend,1,Aged 15 years and under,1,Lives in a household,25967
W06000013,Bridgend,1,Aged 15 years and under,2,Lives in a communal establishment,39
W06000013,Bridgend,2,Aged 16 to 24 years,1,Lives in a household,13089
W06000013,Bridgend,2,Aged 16 to 24 years,2,Lives in a communal establishment,352
W06000013,Bridgend,3,Aged 25 to 34 years,1,Lives in a household,18007
W06000013,Bridgend,3,Aged 25 to 34 years,2,Lives in a communal establishment,668
W06000013,Bridgend,4,Aged 35 to 49 years,1,Lives in a household,26142
W06000013,Bridgend,4,Aged 35 to 49 years,2,Lives in a communal establishment,586
W06000013,Bridgend,5,Aged 50 to 64 years,1,Lives in a household,30304
W06000013,Bridgend,5,Aged 50 to 64 years,2,Lives in a communal establishment,239
W06000013,Bridgend,6,Aged 65 years and over,1,Lives in a household,29353
W06000013,Bridgend,6,Aged 65 years and over,2,Lives in a communal establishment,744
W06000014,Vale of Glamorgan,1,Aged 15 years and under,1,Lives in a household,24448
W06000014,Vale of Glamorgan,1,Aged 15 years and under,2,Lives in a communal establishment,36
W06000014,Vale of Glamorgan,2,Aged 16 to 24 years,1,Lives in a household,10972
W06000014,Vale of Glamorgan,2,Aged 16 to 24 years,2,Lives in a communal establishment,542
W06000014,Vale of Glamorgan,3,Aged 25 to 34 years,1,Lives in a household,14856
W06000014,Vale of Glamorgan,3,Aged 25 to 34 years,2,Lives in a communal establishment,227
W06000014,Vale of Glamorgan,4,Aged 35 to 49 years,1,Lives in a household,24432
W06000014,Vale of Glamorgan,4,Aged 35 to 49 years,2,Lives in a communal establishment,89
W06000014,Vale of Glamorgan,5,Aged 50 to 64 years,1,Lives in a household,27248
W06000014,Vale of Glamorgan,5,Aged 50 to 64 years,2,Lives in a communal establishment,97
W06000014,Vale of Glamorgan,6,Aged 65 years and over,1,Lives in a household,28327
W06000014,Vale of Glamorgan,6,Aged 65 years and over,2,Lives in a communal establishment,665
W06000015,Cardiff,1,Aged 15 years and under,1,Lives in a household,65903
W06000015,Cardiff,1,Aged 15 years and under,2,Lives in a communal establishment,92
W06000015,Cardiff,2,Aged 16 to 24 years,1,Lives in a household,48502
W06000015,Cardiff,2,Aged 16 to 24 years,2,Lives in a communal establishment,11903
W06000015,Cardiff,3,Aged 25 to 34 years,1,Lives in a household,55101
W06000015,Cardiff,3,Aged 25 to 34 years,2,Lives in a communal establishment,1205
W06000015,Cardiff,4,Aged 35 to 49 years,1,Lives in a household,66910
W06000015,Cardiff,4,Aged 35 to 49 years,2,Lives in a communal establishment,496
W06000015,Cardiff,5,Aged 50 to 64 years,1,Lives in a household,59373
W06000015,Cardiff,5,Aged 50 to 64 years,2,Lives in a communal establishment,324
W06000015,Cardiff,6,Aged 65 years and over,1,Lives in a household,51104
W06000015,Cardiff,6,Aged 65 years and over,2,Lives in a communal establishment,1394
W06000016,Rhondda Cynon Taf,1,Aged 15 years and under,1,Lives in a household,43771
W06000016,Rhondda Cynon Taf,1,Aged 15 years and under,2,Lives in a communal establishment,37
W06000016,Rhondda Cynon Taf,2,Aged 16 to 24 years,1,Lives in a household,24381
W06000016,Rhondda Cynon Taf,2,Aged 16 to 24 years,2,Lives in a communal establishment,641
W06000016,Rhondda Cynon Taf,3,Aged 25 to 34 years,1,Lives in a household,30683
W06000016,Rhondda Cynon Taf,3,Aged 25 to 34 years,2,Lives in a communal establishment,149
W06000016,Rhondda Cynon Taf,4,Aged 35 to 49 years,1,Lives in a household,43374
W06000016,Rhondda Cynon Taf,4,Aged 35 to 49 years,2,Lives in a communal establishment,98
W06000016,Rhondda Cynon Taf,5,Aged 50 to 64 years,1,Lives in a household,47805
W06000016,Rhondda Cynon Taf,5,Aged 50 to 64 years,2,Lives in a communal establishment,88
W06000016,Rhondda Cynon Taf,6,Aged 65 years and over,1,Lives in a household,45572
W06000016,Rhondda Cynon Taf,6,Aged 65 years and over,2,Lives in a communal establishment,1053
W06000018,Caerphilly,1,Aged 15 years and under,1,Lives in a household,32461
W06000018,Caerphilly,1,Aged 15 years and under,2,Lives in a communal establishment,9
W06000018,Caerphilly,2,Aged 16 to 24 years,1,Lives in a household,16595
W06000018,Caerphilly,2,Aged 16 to 24 years,2,Lives in a communal establishment,30
W06000018,Caerphilly,3,Aged 25 to 34 years,1,Lives in a household,22213
W06000018,Caerphilly,3,Aged 25 to 34 years,2,Lives in a communal establishment,47
W06000018,Caerphilly,4,Aged 35 to 49 years,1,Lives in a household,32767
W06000018,Caerphilly,4,Aged 35 to 49 years,2,Lives in a communal establishment,68
W06000018,Caerphilly,5,Aged 50 to 64 years,1,Lives in a household,36244
W06000018,Caerphilly,5,Aged 50 to 64 years,2,Lives in a communal establishment,109
W06000018,Caerphilly,6,Aged 65 years and over,1,Lives in a household,34775
W06000018,Caerphilly,6,Aged 65 years and over,2,Lives in a communal establishment,635
W06000019,Blaenau Gwent,1,Aged 15 years and under,1,Lives in a household,11748
W06000019,Blaenau Gwent,1,Aged 15 years and under,2,Lives in a communal establishment,12
W06000019,Blaenau Gwent,2,Aged 16 to 24 years,1,Lives in a household,6151
W06000019,Blaenau Gwent,2,Aged 16 to 24 years,2,Lives in a communal establishment,8
W06000019,Blaenau Gwent,3,Aged 25 to 34 years,1,Lives in a household,9009
W06000019,Blaenau Gwent,3,Aged 25 to 34 years,2,Lives in a communal establishment,1
W06000019,Blaenau Gwent,4,Aged 35 to 49 years,1,Lives in a household,11840
W06000019,Blaenau Gwent,4,Aged 35 to 49 years,2,Lives in a communal establishment,8
W06000019,Blaenau Gwent,5,Aged 50 to 64 years,1,Lives in a household,14569
W06000019,Blaenau Gwent,5,Aged 50 to 64 years,2,Lives in a communal establishment,39
W06000019,Blaenau Gwent,6,Aged 65 years and over,1,Lives in a household,13238
W06000019,Blaenau Gwent,6,Aged 65 years and over,2,Lives in a communal establishment,285
W06000020,Torfaen,1,Aged 15 years and under,1,Lives in a household,17163
W06000020,Torfaen,1,Aged 15 years and under,2,Lives in a communal establishment,0
W06000020,Torfaen,2,Aged 16 to 24 years,1,Lives in a household,8477
W06000020,Torfaen,2,Aged 16 to 24 years,2,Lives in a communal establishment,2
W06000020,Torfaen,3,Aged 25 to 34 years,1,Lives in a household,12112
W06000020,Torfaen,3,Aged 25 to 34 years,2,Lives in a communal establishment,3
W06000020,Torfaen,4,Aged 35 to 49 years,1,Lives in a household,16263
W06000020,Torfaen,4,Aged 35 to 49 years,2,Lives in a communal establishment,11
W06000020,Torfaen,5,Aged 50 to 64 years,1,Lives in a household,19063
W06000020,Torfaen,5,Aged 50 to 64 years,2,Lives in a communal establishment,25
W06000020,Torfaen,6,Aged 65 years and over,1,Lives in a household,18646
W06000020,Torfaen,6,Aged 65 years and over,2,Lives in a communal establishment,510
W06000021,Monmouthshire,1,Aged 15 years and under,1,Lives in a household,14622
W06000021,Monmouthshire,1,Aged 15 years and under,2,Lives in a communal establishment,96
W06000021,Monmouthshire,2,Aged 16 to 24 years,1,Lives in a household,7356
W06000021,Monmouthshire,2,Aged 16 to 24 years,2,Lives in a communal establishment,125
W06000021,Monmouthshire,3,Aged 25 to 34 years,1,Lives in a household,9043
W06000021,Monmouthshire,3,Aged 25 to 34 years,2,Lives in a communal establishment,184
W06000021,Monmouthshire,4,Aged 35 to 49 years,1,Lives in a household,15511
W06000021,Monmouthshire,4,Aged 35 to 49 years,2,Lives in a communal establishment,240
W06000021,Monmouthshire,5,Aged 50 to 64 years,1,Lives in a household,21522
W06000021,Monmouthshire,5,Aged 50 to 64 years,2,Lives in a communal establishment,219
W06000021,Monmouthshire,6,Aged 65 years and over,1,Lives in a household,23462
W06000021,Monmouthshire,6,Aged 65 years and over,2,Lives in a communal establishment,578
W06000022,Newport,1,Aged 15 years and under,1,Lives in a household,32145
W06000022,Newport,1,Aged 15 years and under,2,Lives in a communal establishment,24
W06000022,Newport,2,Aged 16 to 24 years,1,Lives in a household,15307
W06000022,Newport,2,Aged 16 to 24 years,2,Lives in a communal establishment,218
W06000022,Newport,3,Aged 25 to 34 years,1,Lives in a household,23463
W06000022,Newport,3,Aged 25 to 34 years,2,Lives in a communal establishment,139
W06000022,Newport,4,Aged 35 to 49 years,1,Lives in a household,30652
W06000022,Newport,4,Aged 35 to 49 years,2,Lives in a communal establishment,157
W06000022,Newport,5,Aged 50 to 64 years,1,Lives in a household,30268
W06000022,Newport,5,Aged 50 to 64 years,2,Lives in a communal establishment,161
W06000022,Newport,6,Aged 65 years and over,1,Lives in a household,26372
W06000022,Newport,6,Aged 65 years and over,2,Lives in a communal establishment,688
W06000023,Powys,1,Aged 15 years and under,1,Lives in a household,20572
W06000023,Powys,1,Aged 15 years and under,2,Lives in a communal establishment,61
W06000023,Powys,2,Aged 16 to 24 years,1,Lives in a household,10617
W06000023,Powys,2,Aged 16 to 24 years,2,Lives in a communal establishment,131
W06000023,Powys,3,Aged 25 to 34 years,1,Lives in a household,12945
W06000023,Powys,3,Aged 25 to 34 years,2,Lives in a communal establishment,286
W06000023,Powys,4,Aged 35 to 49 years,1,Lives in a household,20556
W06000023,Powys,4,Aged 35 to 49 years,2,Lives in a communal establishment,79
W06000023,Powys,5,Aged 50 to 64 years,1,Lives in a household,30720
W06000023,Powys,5,Aged 50 to 64 years,2,Lives in a communal establishment,82
W06000023,Powys,6,Aged 65 years and over,1,Lives in a household,36327
W06000023,Powys,6,Aged 65 years and over,2,Lives in a communal establishment,792
W06000024,Merthyr Tydfil,1,Aged 15 years and under,1,Lives in a household,11154
W06000024,Merthyr Tydfil,1,Aged 15 years and under,2,Lives in a communal establishment,8
W06000024,Merthyr Tydfil,2,Aged 16 to 24 years,1,Lives in a household,5686
W06000024,Merthyr Tydfil,2,Aged 16 to 24 years,2,Lives in a communal establishment,26
W06000024,Merthyr Tydfil,3,Aged 25 to 34 years,1,Lives in a household,7770
W06000024,Merthyr Tydfil,3,Aged 25 to 34 years,2,Lives in a communal establishment,70
W06000024,Merthyr Tydfil,4,Aged 35 to 49 years,1,Lives in a household,10806
W06000024,Merthyr Tydfil,4,Aged 35 to 49 years,2,Lives in a communal establishment,48
W06000024,Merthyr Tydfil,5,Aged 50 to 64 years,1,Lives in a household,12105
W06000024,Merthyr Tydfil,5,Aged 50 to 64 years,2,Lives in a communal establishment,56
W06000024,Merthyr Tydfil,6,Aged 65 years and over,1,Lives in a household,10867
W06000024,Merthyr Tydfil,6,Aged 65 years and over,2,Lives in a communal establishment,243
